feat_0,feat_1,feat_2,feat_3,feat_4,feat_5,feat_6,feat_7,feat_8,feat_9,feat_10,feat_11,feat_12,feat_13,feat_14,feat_15,feat_16,feat_17,feat_18,feat_19,label
967.0298390136767,547.2322491757224,972.6843599648844,714.8159936743647,697.7288245972708,216.08949558037637,976.2744547762418,6.230255204589863,252.98236238344396,434.7915324044458,779.3829217937524,197.68507460025307,862.9932355992222,983.4006771753128,163.8422414046987,597.3339439328593,8.986097667554983,386.5712826436294,44.16005793149957,956.652967714236,1
436.14664687979763,948.9773067815628,786.3059859350609,866.2892985816984,173.16542149594815,74.94858701310703,600.7427213777693,167.97218371840384,733.3801675105699,408.44386015201474,527.9088234179203,937.571583950942,521.696122444958,108.19338288723068,158.22340718479944,545.2026517032128,524.4040800684734,637.6102441259936,401.4954435902729,649.8051090193424,0
396.90000290173265,623.916113548223,767.4049670901238,178.97391004113084,375.57576858754237,502.5330593269344,686.6670799163458,253.67964866138314,554.7408629425586,624.9308440640978,895.5011660561461,362.85358843312645,637.5570730187367,191.44640211896336,497.7941146173057,182.44540457120684,918.3830391397627,431.8220713412276,830.1881020983462,416.7763046783626,1
904.667588743367,404.82521731090605,331.17450309112274,572.1387702727486,845.4436490941133,861.014311753072,595.6881170683345,84.66161102041025,597.2666073191749,245.45370858310213,732.5934485899678,894.6512923167388,514.7339709131451,603.5635103602064,65.06781238280735,540.0747296428063,129.18678367043768,614.5628463503319,363.6503470448379,767.7580343307458,1
48.53413641955251,109.81811811784404,684.0232151236277,514.6536970836565,571.6413716147491,843.7069939906554,487.7376391496743,810.144422126145,510.24362929494004,926.7206932402512,666.9277715396261,148.72683943405696,364.55317532575583,865.7749159440992,350.2852108555157,189.02575945615484,472.621309165773,392.7811748221299,618.9299266440936,436.7662919395132,1
260.92215729449555,412.4722116627568,419.0340345523004,902.4218558761409,979.6162620404854,623.5688394069139,83.18412257086116,732.998717595995,678.685402478984,826.0228670252195,347.45133671105566,58.88009415812312,611.8218164552922,124.01461831327198,759.5295291633314,794.4233175766421,408.6267867498979,943.7975058830456,173.77979375527585,942.5858497269802,0
465.4896748175357,762.9936412753661,752.8201954804128,981.2099191312608,973.2779941289307,40.09112464116838,15.971277531560691,543.290315023534,33.87761789840915,657.4846358352725,534.9026016644526,666.5583961002601,441.34070437267,272.47145872373613,949.6689399478439,728.269440193247,6.323937265482749,99.32776489417449,631.6922451249795,288.03682699770815,1
407.62167729165765,781.5311238977098,354.14553817936536,925.8085972792591,720.4521214246164,551.9264407313747,180.9648360251024,409.5913896676494,762.8817898433234,990.7968185170571,73.65237412062665,134.75260700177728,740.0447300019259,833.7813699213913,88.77285739020269,829.4179497210057,786.7323144350845,688.2212732041261,339.92641648215505,444.5406645343004,0
366.3361392515343,840.4660647221822,328.32213688090815,322.5749762532557,935.2908572336875,919.9873476978978,968.6741253771819,807.5489532146007,86.91561764276523,90.91055162091021,557.082075265204,856.1837709278176,884.1978639752682,636.8486728666009,955.8045939839155,151.88560123269724,221.580929980553,332.4951669874965,256.80492088155717,312.2050322800519,1
118.4455163335848,375.3401433363357,29.77399673273917,537.7816661755467,945.8282946754434,445.1251930602681,624.1532443303242,611.812348601729,933.3791680810402,734.5190530086493,824.8209282060244,335.8494099024567,907.4646464280812,185.2092341733128,407.98226889395085,737.4519734146763,333.45638176379447,886.1342313541327,860.6558621358812,165.11812039988726,0
230.74594172777608,52.43487868640262,858.720848489285,339.2249082241189,393.2467283665556,270.36548223830226,123.22788872941182,456.93924176206525,234.71705308284163,563.1532349299257,202.7650477394588,511.3872821357487,948.3258839428859,371.8337063628601,954.2190893326801,57.20591625564686,548.8051182820824,599.7974911891997,961.7533177458597,925.1851312284227,0
510.90612951805525,759.4861401652809,975.9052816075155,736.5002639632688,953.9559739542826,938.893979319266,481.767161399931,659.8942308802182,179.84963291789825,437.02347241547125,866.1241888403936,577.2320702524371,279.4536041906068,122.78925276601593,231.85520181835471,124.99256478672393,233.78043022769978,383.5800100403222,42.89853088357365,838.7106968724726,1
403.81026170720094,567.3689644963138,636.1340147641433,132.84200646608957,82.70761181285647,156.53221273175322,986.2247233300526,104.51524198326945,422.65592146560437,875.0623471340131,584.2756527087877,17.533671371788962,888.7025810364117,384.1476632154256,167.73020775391967,337.1798306561562,594.148131874365,37.745180036163894,643.3085213145025,610.1064003185219,1
228.79392211702333,426.0177602253441,193.5149634645531,21.329839501554314,583.9198739466547,445.3570445273576,842.05664804202,199.0556539637539,440.59904716141097,667.4545325281051,68.33463001706252,355.3366288831281,686.0363031442658,245.071897044153,363.9773224660435,577.3636987909792,409.43559227704804,876.7815026717545,859.881278059901,833.9768926846989,0
426.2711666896969,190.12999559238153,638.8631031435953,428.1549814422003,505.80707077825735,651.0515583677586,939.941534535331,808.2497266339406,123.2166332489254,907.4622090196785,677.0673327088303,319.42519516947254,729.9929885512494,474.96391917285996,561.0325638154504,571.8246936433849,151.48924924481756,361.9821182810956,435.7347412439997,57.725099168982496,1
723.7325107488373,326.8047693777706,476.85286583114896,948.0578053216591,867.9683291284061,273.09617663809706,400.27170278822524,571.2342038851667,119.48191776460548,796.1843785511916,323.7519600824125,115.62865386689492,707.1998485090023,514.90823808483,27.100400960439973,562.783613136085,764.2088444475982,31.04266800163158,657.5876207047428,250.14191113732,1
435.27630819028496,72.16742006758948,532.2285229150201,938.8289086556243,304.81570769324304,63.537379041885615,848.2263273340079,947.5935652691709,491.0707505923226,908.5094844419104,908.6404125688186,734.5191799960762,831.3273321506994,162.00423390405106,845.5391004159391,415.6423241576631,286.68703639195195,561.8622697026857,857.4932348235628,433.16865380883405,0
77.76876792584476,287.2782802423179,285.3109319327871,697.0514378816955,955.0659376731659,550.1474275880515,253.61252576694548,703.1298800517052,147.72701167278024,61.6290939266183,649.0077340637272,375.7523205200838,450.8077288322858,73.98244677620602,479.68781956690367,606.1442130381878,982.5118679501009,21.469889231514493,516.7467638815359,486.76711353123545,1
625.1411947802342,853.1734331218443,498.0329091126755,572.5811674244072,502.55451778297413,796.4420339509085,906.9351140476341,322.66101367486874,724.3970059375853,654.7559484131957,373.2878321504155,803.4959993593959,695.0536772168339,491.8732695599282,571.9225102895,948.9394312159594,640.1700929736113,634.8911246127822,380.63989163532483,781.9044886211819,0
872.3839842064726,309.49097783146226,326.4117711378905,673.1964725205544,288.8549243542371,81.7140255333002,288.0990716215327,697.0785574378006,502.6654861648215,580.0634944716171,626.237534396924,535.1042723800182,961.3037970526183,810.6634087627085,963.3821684684269,693.3444907173139,801.7140895687546,751.3834523770657,941.09751393948,340.4526247609255,0
324.4215884419068,11.921328044363078,67.80815958339636,961.674586087924,474.9270723471193,121.63763566341879,107.88422569526912,517.6001233889301,651.50138912158,834.1173423255026,571.4453228955102,333.9025531878522,700.8072302897291,187.69271844401604,332.79160327952974,120.931260717003,680.6890342794437,539.6516534703895,439.4741852014621,230.2661821822669,1
843.6918652635868,396.46472676633937,912.2997231913024,271.7934175915394,637.2521132989128,737.4816687081716,169.27356464293163,182.07500771674012,764.6564783003417,89.41565592040324,478.3505279285761,82.82352311052688,963.7494421309829,835.1992446551524,232.3743022533187,843.4186085714767,747.5218791313658,108.44664888317091,266.9022968052136,641.8449183384649,1
707.1466286717381,343.6202707396958,128.98378152341738,494.8697181695981,763.9920470887439,521.1203330808213,194.3989049435213,304.34153016284915,757.376392610446,460.7004730067593,765.2433965306145,176.01348447979936,684.9288487479599,799.5815444838606,887.4623407641304,298.32699589018796,912.1553424077364,585.6833809329224,294.1670573303842,30.956907359496523,1
664.6709648822036,949.4014975665149,574.5000122544897,300.28126569062283,329.76213143304,490.6719119581795,983.9657157628715,430.5465117595232,387.205883659379,494.5355833915612,221.7157103870858,290.7453201715785,810.0822671084135,892.8757952271612,370.22412898291066,482.09784704816605,903.5077025669433,713.4174329904619,457.75920296708426,958.1187905538881,0
885.4579082556996,462.53665229483,193.41897434087696,836.0568983408016,897.6235874724962,671.9564079640662,805.3885185277446,19.018880500788036,620.623487722725,807.0205346352243,285.8567755901656,155.37164309331098,890.4578386460342,782.3398472615478,358.2180464142495,577.6705393475391,227.9174946289676,331.314234773714,686.5992844019503,761.1855550235124,1
879.6184358823785,658.8990649011287,799.4263100637667,189.5568782570074,719.0984938726488,980.8596318006192,908.7782595105009,784.287485923572,892.9990300999297,455.08290688963035,317.72903417063606,638.8644787699862,585.4873272928587,40.3580956649916,269.90577862713474,584.4506844564452,64.89936033511412,62.75181302663191,376.37562136605,121.17380697279168,1
414.71774697692973,674.8807191130031,472.23414164143907,18.570894573084583,928.514349544799,250.93618961706233,7.389096728895872,442.55965537339534,850.6044650763038,933.6373047981617,133.18810235162593,69.09730082066201,834.7025550258578,844.2387259511594,914.8823229159433,790.4821239592964,836.3766061798625,817.7477243533732,39.80947012484115,176.09518031698468,0
43.581917793947596,0.9066702152890072,976.5970065258335,999.3640396351307,555.5302820069354,147.9855800997535,136.17425128557036,911.5061197895063,917.7413448455042,584.7623337664663,722.3078056103569,599.6112460546233,712.9463152147333,978.3214358128636,434.80775194257546,77.20747221195946,77.90947230569412,654.1368688702399,58.88517446850716,108.01102886608204,0
883.060566780988,938.004047029209,113.53719257244288,220.92885701913124,990.6678130699812,919.6502143793288,628.1934267322345,473.9640845456259,789.8524538743823,487.76994635844295,975.6697990582975,768.2621930763651,637.0510738948615,112.07881367463868,720.3947755349259,117.46765688936,146.3116077077461,862.4711223109971,573.3727047159701,562.9786381710794,0
698.4280122509722,845.3213754779645,946.7695305002948,64.62229810580789,40.197842538693074,77.5591689820112,977.9961759660692,534.0901073233324,375.5649191385078,609.2635480064478,121.26053579092888,388.7896685110287,296.07086049558427,674.8280295121282,156.5726699114537,973.0465176924519,41.15322964481116,102.92077943567313,165.26104868769963,989.8192568657341,1
258.30878015809645,686.9635268487368,678.0825165712108,378.5099924936569,298.01310091135224,745.3077801416582,82.01221542892124,21.9420403081807,405.66288896264,323.2187935067128,70.73798395264686,86.30340582616236,500.71608704972857,955.1013634912292,699.6343827122788,179.93011185908836,358.102798938733,681.0732651335574,77.43114584640409,196.6681161544238,1
69.59531498843963,470.9473700409176,545.3234565890108,862.9971572731042,31.891394718374656,138.13877203071357,277.2974953388199,414.08633182439036,304.26624733063613,990.5261929788567,354.04171617038514,907.7027032032676,993.4888509858241,291.94479550538665,154.57340251761386,852.8944229107107,14.59296447396441,125.48660224745322,196.04592789013898,23.048410019742448,1
635.5676318258011,16.503554685818656,273.4313840595398,556.8876314872622,671.8524705164677,121.91359110348843,539.0210781857193,709.4779588302756,46.135766115572466,463.2051998853415,370.08343984921277,72.18765162111663,581.1681878389621,77.25556984683158,684.6575726665048,503.16881560366,864.1428398464063,478.19410765504233,852.5749277335588,357.66513597092785,1
477.7092210726374,602.0821784621577,691.1956485076903,305.40661644329117,48.89807272877755,699.0040625523832,759.1200617853791,878.8018683446935,607.5838266440135,797.8655385795237,182.1445148051629,343.117191687534,398.95426195080665,335.6988729325273,327.1015609299277,642.9831219552135,834.5860181773098,525.8506475196314,729.4714504460774,592.0743920844352,0
705.4113678622571,599.6424750000273,137.94833139508577,860.7768601883985,168.13032968969776,275.313903038908,534.5126066065917,677.86845282622,928.4960827528952,146.37945210609115,48.70465492088327,613.0924278335754,573.5299178383393,729.3538027731685,182.68405752609596,783.3809314434881,64.16658760401361,129.1935338261818,177.8653861421976,87.90871077497641,1
43.20549848228949,647.8457833611274,977.1578760724323,419.90312778842133,151.5881356102171,295.5922702180872,244.39851139152657,715.5538094303016,621.8794175256163,611.3360712993413,984.6520651362952,275.9113213582451,626.1467755389976,396.0827612142237,737.2501774879465,361.40224748618397,828.7729376848288,276.65705100010996,692.2795034291777,210.14025661118808,1
760.8941450270216,518.5749169891279,236.85408288257048,742.4927951906126,116.54261430929714,713.0318993270461,765.2530189711601,537.3151311088739,533.2107675499474,759.2127925494697,566.1931777276671,74.62976487910555,73.81308257047037,956.0174218029903,493.27489167426995,664.270059162532,364.6293530820948,357.51531976787663,684.990170705202,310.78219411957133,1
101.30770418850466,330.6217586338284,118.47302895848732,975.9987842969659,849.1222369578499,636.6457718486639,72.3699026927237,438.2065618165989,894.2909163305528,615.9224048281478,392.71564452456664,372.89263294086595,176.07420819094133,3.045982464733088,538.6054191468352,666.9709543889921,206.89825522200945,586.0836015297796,408.06821083710673,115.16876378615515,1
532.4247888203954,829.5824215613932,602.8434186902764,396.23665373638215,23.43085254587196,255.91532078631096,604.6105844993754,686.7749670740702,328.3712694990617,201.82836230606117,769.8851718417816,90.91597998743507,416.12725455258817,615.7777728371819,507.09070054728755,54.707792862458525,207.9122512194478,173.54848741668684,511.6116991987627,205.67713969313405,1
749.5131196401854,85.32098088986962,394.8523484146675,882.6192882660205,951.487294970768,311.80893129815155,205.33371522397402,20.57230343814842,699.1938349623595,72.56003595906523,997.2650714059083,300.08820885815123,962.6745455076037,723.7166035429918,412.4354736725274,321.541972207968,670.996431594887,930.5614253986957,267.0604629865784,645.1178105281693,1
433.893850567602,38.59817597218562,51.115891366961044,45.51244649961894,46.230976052921925,307.0090699502157,797.5320690810278,943.8375403662442,410.95650082415324,775.299968584118,887.3367944360614,256.5048717938069,627.4914756817988,953.7880027192184,575.7778363336589,722.7295588928175,118.27004905645144,407.093206003409,356.9885800963334,780.6470642766528,1
137.3293531045362,766.722974920878,548.3675435180503,640.3539835590615,931.899622653803,766.952435305982,536.653046281355,273.3555274624239,390.35971643346204,232.26175198985345,259.2385552671332,648.5249032318726,380.2031348719431,971.6780037681547,225.20315131304892,708.716211356227,270.3727248713871,877.1698393002754,511.6240062172297,887.8892746927285,0
888.7982067957123,994.112582786971,764.2317144570949,628.1842029389645,483.8372424565316,875.4921892088328,488.09230659314665,945.0393923533013,748.1753754579207,562.9274616617292,265.69255269327255,329.19516865489464,155.30640651869277,768.0092600394862,667.6888602086118,743.3181526090149,467.2961778410689,956.2059620470553,160.63142926685148,316.84423400059137,0
455.02462232890974,41.67645916067242,720.5572446969963,282.1671551451234,231.54710779492603,622.334338573415,853.6949575633722,30.6955806249678,522.4983753257326,442.94447521748657,983.8158615969014,359.0190603194612,100.31354031687101,974.3704423439228,460.50234533075485,483.1814531995774,527.0015553888021,253.67062736757308,648.8742579496097,718.4430914499825,1
606.8268842823968,587.9419168068512,421.2896435392264,651.6749074970111,71.03546169189678,365.0113111784429,20.973911560094095,574.0997526027079,942.5849036229708,931.841550546274,713.4477813710674,530.8018021900749,779.3451413202147,233.45572849351558,289.64803131576025,341.99420563450997,448.29246489540895,883.0581920301751,797.5789017368818,514.641787847856,0
518.6897105130195,177.2831872428211,369.73965700072284,685.7285901698668,882.5263069871212,607.4261265328863,712.0073813513305,791.7211079433359,666.0030790445916,833.2125752043524,682.4197816646284,870.3069665356691,875.5228282276338,918.0468314612446,750.9061278244812,10.55463116857669,553.6420387657689,94.60131053901544,860.2661170717206,466.8330369576266,1
13.411021671210776,354.2899277495678,812.0939546889088,806.6939353077904,925.3483298230868,625.63948529801,718.2067594012703,98.75242722743371,304.69865559921715,110.77815680574876,597.6249310927531,451.8694904785745,194.14945675475315,702.1843067288258,831.1949503434515,166.69615412760763,860.871391353899,294.2599285105995,818.082195684661,625.0023049638475,1
516.3155096701115,440.20453437660814,871.2789272999651,590.6663695372965,794.4402148688292,963.629278572283,174.88638835574045,252.4421037050516,637.3207477930639,181.38497198972482,148.43313128345747,945.2085318243657,890.5300389327085,880.7601642433009,254.63246222573633,525.3673946592459,487.6196102327256,36.3494130060571,34.05514289667999,156.69514601017733,1
400.24529803546005,171.09910923253346,44.7188241173676,422.68986018127583,769.9565942840525,32.22486845468309,610.3274529085732,345.49822390220186,972.0805314446881,740.0201041769119,886.5143078099292,779.8928153344577,640.5349607845765,63.901797406471175,425.3392886225013,59.860536282039135,943.3513657206508,608.5904354389237,181.42269253701758,258.55810277689073,1
342.4043807833187,643.8627567492828,283.8188676713066,943.9501831213149,278.5110954987643,863.4380323525112,546.8094875311051,117.2871469194695,349.2208771771043,306.3581888097655,991.4902991422055,418.80855419277583,632.1155512629999,348.2936536842474,842.919424345656,489.7076692550487,519.9998181290293,869.1983543293487,215.14454735746392,419.33174716478584,0
682.56017530705,618.4859054811448,675.9230599713343,963.6525880664827,260.0454358664435,286.6356657098132,844.8155822084955,471.7171306900798,6.154283002593464,895.9477652886735,888.7468761643728,383.75798002523175,387.4165861974992,965.515095851006,335.45448762132514,123.44676375506513,674.527774538855,261.321535305882,170.45247064352077,678.7381750390851,1
75.47675281413635,991.8039946188136,233.603246568303,364.4458119366344,935.4713585929488,620.7865207217469,9.607142020780724,924.387830871735,328.5124169285333,140.33717101951714,255.3670415982635,560.1129868990578,761.4477553197373,542.4817625297162,483.9631691575258,755.8149872286568,931.0330414558972,490.03343790118527,96.14686490824498,139.42024469600068,1
933.0713506024701,937.9194248891853,731.2228726870925,607.9616375568204,875.4480592250779,785.994458351705,724.6621644892864,549.3668726470775,723.6834944912961,356.2975202876891,856.4490139491251,803.5208822193566,547.0134332968673,61.48100144553237,405.0836717230619,470.2839219796,175.1248832592003,595.5837468264353,34.06531282152214,287.4123969235872,1
149.4869071014574,551.4127866697548,135.69895133941068,182.11762450332958,955.1007223993057,259.49321594878285,521.8392325707242,233.1742651138813,24.487786649336595,716.2117788641209,365.44926334487116,471.63782447921386,14.629076505137451,185.33229287507535,555.7986444880347,677.09290625496,644.5289525923104,947.5513669444535,362.30399354415744,862.0469321939997,0
750.8790690225032,698.095200189772,843.7751060545106,891.035838320369,697.0751657101639,62.41458098266561,189.81404780505872,563.3517876249635,555.0170993044895,969.3742368165914,565.7140393300535,810.5277130166871,631.1408792920035,90.8609623548291,358.95531908184677,474.47889622852045,147.35379790183944,465.89582915233774,587.6412323431618,797.3150503401089,0
658.3852844604113,850.6427100501024,859.9050600340238,64.42991378093788,927.1970038528034,427.9876382216351,627.1293149935397,284.18376756003425,292.6236662359073,492.95824429036696,944.1665341278466,433.4785727026157,962.0501748643435,938.8851958594621,780.9243049057061,419.18255139012564,388.1540598768954,779.9540873377565,402.84137177983837,68.35131884092694,0
867.8422546535876,308.93556043389447,669.2930622792502,770.9515175815349,693.8839928455392,970.2641274765422,509.2999207984147,936.141145235246,46.14274074645508,457.2206166619923,537.3025884833139,590.8172104470679,226.39770222115695,810.0202424654079,895.5358096916705,947.9594213363706,367.58639637840076,993.0947943440767,384.17273462345713,256.01075899810013,0
710.7956152308509,30.971924079465474,201.07237097949437,131.7425633991689,321.5969883516606,894.3666687813278,132.96945653446522,974.6264327641821,755.9895983868367,822.081455989526,474.05622148850955,935.2743066904651,604.0195173435712,902.8664120463102,329.38553243876953,960.2399795740489,979.8979887955281,404.05481819765197,163.00136319681212,974.2549766690879,1
241.05917658789622,799.7256792369495,941.9520759706779,23.775915093692923,726.3279553128223,63.3190599369029,523.794361467019,855.7207810969687,80.76473224496594,211.9636572830662,784.4731029204655,703.7267226119121,761.1010329209994,515.779790178634,273.6604659567068,341.67045171240505,717.8652684931473,988.1273079657008,309.1527733425202,232.08031738454903,0
321.97386459080235,72.79253164676147,175.52087332739097,825.5280156360515,112.30054546670387,157.1114514751827,839.8434216159455,239.0282600537579,944.8668322271984,296.4351232760144,181.79428537757013,404.06762532099174,6.738755333331459,422.99713079706225,546.3268409876042,977.6114427631188,719.5301641990461,385.83894846852996,371.05788633540504,416.31410077465614,1
230.964333116523,171.41567620250143,177.01785353721533,789.9685057717343,992.8269577652509,511.68830649227505,284.20779828961804,591.8033419447279,165.27851810138972,564.9928867069177,316.58602640746204,764.1472562238235,971.6826550409597,983.761179164373,63.60584912100742,200.50619746493646,244.12327235202537,961.7162621197971,747.2542645175004,163.787614434873,0
26.638318885127134,343.5838455419062,255.61564895229705,839.276462125182,946.3753399749685,262.28420037836133,803.2256179365457,314.4855201961365,425.42252762548674,0.439003555645634,641.9796850807852,62.266269689699286,492.2864228087764,154.21395722131393,859.0009081656658,195.59685861626164,460.15335347636346,545.9767157099732,376.0428250392475,134.9306144603548,1
205.4517654882041,527.4976461263224,85.21804291635104,876.3615646232619,820.7557715686014,94.280456899839,79.0366951553656,474.7415102067442,35.40722347770742,992.8617852252419,99.0898030578835,527.8718897889155,505.5660746580053,573.9812626630892,387.7540488247091,534.0010716814556,413.9366460073598,86.52766750626517,116.90137940851042,927.7174472477183,1
408.1320137311114,686.3883606996314,847.7503655947121,116.38601852957898,134.2886862248829,651.0850784307435,296.4261982605419,485.9557438453652,434.08924248192113,336.6064008353912,752.0614680816421,749.1065755903431,173.0481850333311,450.10371075680143,888.9531858702939,945.241333279943,391.7622888146171,839.4516815615775,345.6166992169559,140.51281715139962,0
736.8537779571578,463.76045105074195,34.392789869038154,478.23907843356204,250.21538656273756,427.4111642573687,332.55193414876425,714.4823541849833,111.08975297981006,545.0428815636244,375.8591358019022,454.7877461047981,649.5969740115153,505.0099691575034,548.1304143938905,710.2358640326245,373.58101288711043,730.1526240175089,685.2816051707414,317.6455041664966,1
638.7727013383904,456.6360560682581,359.1619091810152,673.0987401385083,170.91528016176204,165.63123186011387,314.3248846357879,873.327694548345,217.08415209721366,494.2815843832421,939.0301396731967,40.00643044881647,603.1347920834637,688.724443112493,213.62425736275316,971.6321507415754,235.6324724507881,512.4242803735148,553.6052960019201,502.9024842723393,1
810.2987623807512,602.9685373175812,478.41917702539683,347.2911213171148,859.9336313668545,422.4290322494346,68.3263122323169,163.37666471826185,714.3405728943367,251.19371998951445,530.8759037099531,870.3899185681425,81.68003106735833,159.19828204933017,963.3507052159948,922.7770142236245,939.2296566899423,327.3246070375624,332.0855730664852,392.6325727688242,1
902.2824495136613,141.50619796228992,519.0974347314703,263.63235579066094,271.1215873078793,73.17026064856846,394.1530620383512,57.27247913299027,459.3808894772361,707.6027014376451,288.7027340656409,340.94152503854866,78.55893432016525,949.2856461212015,73.57983460917129,769.2206175863726,660.7611533559607,174.11967100631531,104.34026112111816,254.63089725976107,1
225.9790501304081,449.6963408486677,335.14552424580404,165.01616206230597,656.518653275348,59.664765312471445,249.1939209226227,770.8084330336499,882.2895265341269,793.9972910686757,734.6425266988582,149.6427655538246,838.8436046216939,58.1797375676667,323.6063274234543,592.0999575714937,830.8222815292952,838.4631212995926,212.0687874058129,44.852998876112046,0
243.4936797267546,537.5745981778617,928.4420445432295,779.9829807487214,408.91768864349154,889.3126330089399,316.41535431222366,401.0566886507037,932.0980172595296,51.13696300134196,214.45033974352478,883.3805659554004,618.457801974701,389.9206404316544,623.3372379483596,228.06395820432624,407.01648267947223,135.77254507861701,291.9506592712926,894.0960462082509,1
476.26489209913314,970.6171254084743,611.3168751711405,733.616301471825,207.61781443938642,920.2361183106284,152.56193569175858,724.6688540034637,706.6806937877025,73.91079745604756,591.1112295272353,602.7583206900566,844.7050856215125,556.4540087814637,899.5770242074586,780.0330353044549,41.76324111100804,673.6863420100494,539.2105709333939,506.8553340571365,1
837.9047945850646,433.4968968693157,542.4412992046132,897.245156001776,329.1916216770444,868.9307019205332,0.9900011609972337,209.78206293105285,777.6995566978013,536.3866937737632,506.72787747092775,755.6030146231403,167.99028656945626,470.4621882776625,290.31463758825936,840.3786404614743,200.67129791057081,3.109327148096863,630.9946828178461,103.56038668417523,1
193.62908422193803,501.50175611657,359.11710141046115,603.1832669421816,776.1721112883671,975.1545025675136,603.9292241719122,321.9854501277867,271.30805483903174,459.79023106566586,707.5142793847856,742.6994927218557,279.2385515530033,59.28566487435527,916.2408434143903,584.1325418483016,145.03439815397434,449.944501804407,50.47151692965291,392.9278115092133,1
428.5520181886698,278.6090331762078,522.0129076328344,130.26564644579796,18.613009658742683,958.5047889216293,624.1579904311371,816.6341828891154,510.04506505898297,568.0825594171353,103.4255153452568,549.7708613711225,651.7394117126175,880.2645245501196,416.61773252516554,294.5249829571462,236.36049320204643,837.3090861617891,713.3493945077124,925.9595659022392,0
440.93253963470835,580.0128802613713,190.60902869452755,457.4818675436627,642.7885918057283,432.97931247142395,700.7214769439861,811.5360977242874,775.9359971390708,956.8798272157445,39.18931965393746,206.57311455429138,715.8112904791187,49.63782027821484,438.9019456736133,619.6648505696181,966.5946692716885,873.7646529559325,656.9952416381425,682.2047683443918,0
879.7439316534678,134.84043478913856,602.3360866021128,112.70710062643452,538.3998648025516,59.57381829816744,632.4886395350707,875.7551062429086,652.6933626366914,745.6876981987843,542.561400998539,387.10561012698753,464.1048767495014,484.5199141473734,114.17854525201187,257.8277572820192,556.122965456305,611.3733005046314,539.4472889511294,908.2331308431809,0
297.445300180582,801.044870271524,380.2038385515425,820.6346707030913,949.776640542493,317.1413839607078,544.2645341929202,489.96168870090895,127.55976183752593,0.87394722909373,100.4644913022712,756.3656260481151,50.90361691879674,183.92730275238844,291.47103643064656,196.02675469491516,959.012322373421,487.23580011472814,420.1850854665571,233.1112554414875,1
537.2253157706177,700.1224589016824,20.386563542109993,566.5607796072612,827.2020136558677,133.52468509791515,627.7257496412196,632.0459372668613,165.1325613986341,297.4992137898792,190.39449340295556,803.8024655395852,708.2637479992376,683.3396432965393,361.3507073483179,452.33214980484536,478.58791384057486,188.69948065387464,588.1917559713477,168.35624086307698,1
593.0507447170611,985.5428517607768,71.26934765496229,406.2613999932999,328.5866887321137,552.5424163745847,624.3059803382454,523.306777806992,502.5812465544216,828.5183186083729,880.2573108487164,220.8277702129464,748.9887565787185,479.20254376543284,190.93670883391377,100.48797107550288,356.55217745014255,65.69674345957766,641.3284889617026,211.01141841864367,1
602.8439631862119,300.5304250526383,216.75297931096915,620.1010534584741,242.33370765280148,895.0247534598934,241.25662922521073,55.972812554321735,227.20703202932145,387.93284008545425,400.0061712230115,388.1626742630272,504.0232020947025,255.86723097893815,613.3222954686661,444.8640953108514,833.7722455868376,604.5841159693953,720.6657226045135,400.9607729378611,1
985.9208038480036,887.3041972702906,839.1371525184314,344.9376075156967,886.074078212181,688.1380355654125,321.2023306829994,280.33791822026524,69.92824067843084,771.2716593439571,665.4014605910768,844.2922877908503,28.9852066029902,176.89286467830777,795.0947254593767,201.4583381606838,47.778416418046255,774.9119212749588,47.95160238257567,571.8141616751369,0
978.1853630912277,187.2221884173536,465.0038225540061,531.0415726950054,59.516550778131446,254.22457858541247,873.0903258765424,928.4519512138563,31.533545029782783,706.5680518838483,884.8726996423511,369.98963794474383,677.7716125962443,537.3133567822016,782.1820064485294,824.1445223102135,717.0492202020637,415.2067220548988,278.09741287375954,116.40642762541842,1
27.39129655784378,901.2613514063669,884.4530404573311,291.40703907940514,449.980018417932,44.72364962824338,291.477146340671,438.7210730862279,647.0209574230928,451.3874379261009,687.4111929588134,60.85904046017987,926.9284800646484,956.2642446951812,476.7856736382976,576.9862402173799,762.7561692564968,653.3658748364592,685.3161225725046,386.3486248608381,0
272.34367533987114,672.2587480872126,989.8738516838129,114.51073743669338,156.4113791735051,521.2521373000607,513.4430338857575,517.762105337447,54.504162182554495,513.8348044243684,181.32865575027645,626.1778244011167,146.8663144995457,424.3148315533317,900.9649409569181,253.41322570172252,888.5262466864988,675.2633092482635,834.5137956570811,307.4729383706649,0
967.2416185678583,623.6708612136083,508.4775154814004,783.8578269721773,704.7677056156084,213.55370107801164,532.1465435129654,119.15713720112497,334.47168454713915,496.0559313959809,369.05373305831546,297.18678526451436,637.9760451388411,10.032367060790136,869.7998141593135,639.6365229608664,628.8332539027182,503.99556985473157,294.1605670424582,609.3727375552035,1
203.19028527493631,688.8301707471319,356.52911171429326,105.62366305180603,849.9831451851429,979.556289935858,890.6758506218112,222.6845197610352,761.6255140026184,679.6887695330947,816.2200300712616,62.70714585632919,576.9308914406115,45.187074395918735,322.05678751030075,690.8373188461147,699.583351401968,773.3519230617432,820.6795549816001,407.0417686348875,0
863.3365516853567,711.9087472490237,486.351765577388,761.8032472094014,371.72488314882713,178.53308406034407,696.7113604488746,289.4234424089871,147.22550106096642,204.01742408205692,788.4626525632856,334.52924564143547,36.934579485148,274.70897293412975,892.7062568664148,653.463312181664,2.1774045649345375,842.5316786230445,89.03009988508192,627.2109372068161,0
894.9361452676014,148.29603988384443,22.516952249686195,991.659273283737,724.1765185138133,327.4915188534182,901.714299457137,325.6971230755273,408.76351924319863,160.82456381025924,181.0993554580964,290.33867827030025,823.8948095352774,710.1635932576756,664.7829809827821,478.56975659270086,948.0514131514584,790.6614000176916,241.86088150800666,493.21511049537503,1
214.14286498915826,610.5077224186679,755.0828078736656,101.68935557556213,645.0940382325981,803.2347449314301,753.1191867906598,353.0497890075267,823.8896469478472,561.354797730372,501.81408445849587,828.2644510901589,3.0986254053265716,861.2911795935468,766.4652950952114,217.26039548026975,124.28989013811731,937.9151242151468,99.9312498257111,797.6866424956124,0
90.82294656073631,562.4827390545203,333.9026723172075,184.05449253904848,56.0337567552226,694.0119335205152,804.6500854167862,757.4051749151472,157.81186181136962,638.9635568100474,373.5438417085303,311.27814999252746,665.6744898769366,251.56016487427746,303.9864502140421,590.4541559671509,325.6823868967792,60.25723944502859,362.34364607097734,127.91079013779716,1
319.43455284240395,154.95748518451225,984.0169563472425,438.8385880293597,736.0654127478796,210.21000123136457,338.5155109029211,138.3968760830595,911.4019773214533,59.176251540182804,120.69633540237878,404.29913906163625,136.8513898193221,719.0793080286779,675.39505332205,395.27661671876956,683.262500058094,987.6352931151873,176.66688329739642,106.66671817293705,0
115.4407290423023,240.90521873117777,488.98522448116955,373.4206841324846,427.73070194650273,768.3534707333038,882.4524070789248,316.0023029249168,749.3789721853638,679.8183067975482,329.0957810996539,906.6684397439265,742.1431030891251,173.86514837047673,807.0497988750755,820.1822476900467,253.0604964537263,163.50467166144466,430.9989473567516,762.4671606465419,1
496.93317961943006,957.5895169311209,568.9589366723295,284.0859311746451,936.9962732075858,5.292823518679324,667.4319505652115,388.6833437365075,132.18464956327037,276.5768719053159,993.870298477631,21.37344665130858,726.2691601295311,999.2941167717693,332.95831119509523,35.86202087426227,200.9960842699261,150.48853978871358,880.7736793474107,92.30338733273602,1
544.5918134061156,879.8383563162048,537.3738415026107,938.1387742879713,189.8871155254348,769.999609228334,380.5139381025434,695.0033989432634,410.25173332872447,385.8810939093703,388.4595895434486,141.01634427445055,396.9359458748266,635.0054983923991,208.448460657469,700.2183971474059,614.5864657927376,783.3486330448264,934.3728871366352,959.0205511486907,0
464.05256862489705,714.7114029717908,771.1626438242248,747.1108912992885,377.41628234750266,43.42670019545314,97.44628085337837,139.79197093540952,790.2581572934116,81.45251454416325,205.5195361475447,260.90304685654166,224.2676905458333,352.7716757278815,30.055533686140667,846.4316492539608,420.62209990900857,918.9222966888314,490.81158550141237,99.40622632782792,0
100.05039648992108,753.9436897695865,50.226058372928264,2.933711295610486,80.32894217148967,165.8693785106371,982.1600057306568,745.7536883785237,389.6698217496304,867.5248276878165,661.399302596989,506.56725855349663,487.2829993793033,43.498031525317394,180.0762759463258,557.9067065211159,847.9675219901317,275.90249075378637,906.0415330015134,178.41101225335797,1
398.6806826892596,715.8895179862545,213.33850242207598,866.6018308296368,203.08878159081567,384.2551893418813,345.7179541825339,525.1688465887948,636.4136222457532,933.2068425697461,156.88196067537052,841.2638337656838,369.98020992901195,391.1048320466761,967.2748917797746,570.7078382285545,107.81358210394632,549.6185739133543,48.90415606107101,944.574898037849,0
205.20394569324807,957.8381693478395,609.0070140874004,540.1309517358012,164.60137432565912,344.65865893950087,974.5107484964053,166.1157676422177,717.5201764756863,447.1685604347051,294.55436998773087,166.4409219901336,880.4927599947945,953.4337907949184,86.57171251391993,252.80267245636068,245.43669851077954,839.7813945171597,536.2859243748779,161.2290467748071,0
688.9231810671421,500.6538171978285,631.3083156477044,587.8369872248091,976.3429223899619,552.989217561329,504.8621551847001,971.7791902665316,581.036270211906,271.34195758063385,749.4994052809277,531.6620772457392,873.5058613088058,86.79255283953236,980.7578788787933,893.8532990413817,351.40275665099676,817.3930149931944,970.5732466436558,892.5049230582437,0
158.72176842348517,612.0556117575522,447.59114793267827,845.9483858322649,415.4796814429218,448.4980921660836,136.92525833362868,874.4242845043566,738.0243228102462,812.0356825058577,599.244126159852,459.85381408234736,729.6220402476379,413.76024833451805,634.5096080854045,88.04710259352622,111.72067644113837,987.0378789304725,651.0126213461616,458.08257012517896,0
599.1196778876892,874.0048936101691,676.3161351254114,945.6010014953972,191.80017842533104,544.1003718623077,782.0665133251183,589.7202877679752,246.59370545641102,362.8277194476044,363.80898161890053,302.8420376542525,651.0715131494306,845.9209531911202,639.0268468787573,366.8841821490173,685.9011860739363,25.712443437756917,878.5609035562167,277.42133435804607,1
989.2796334854055,203.36715172381858,153.17009785160306,382.94126086368664,944.4421908292835,960.9031009075128,44.838924951267956,644.7953514500903,575.653945623943,987.6831075638745,613.2491427616555,186.98424537078006,773.2140358069865,951.3184701575419,826.291438525894,191.59533383374173,20.98469410201398,719.5086258187341,680.5282763510825,846.5484893645095,0
675.2956347627278,593.5631477974946,967.6499649233929,754.686997206299,107.99699668068286,306.4474401135261,702.2328014013368,287.70376664318644,988.4723779771342,69.72890832425138,984.5850736999333,698.4280067523204,711.4254051673026,196.33068904296547,369.1335588484164,712.2688303235585,366.64832531797333,688.3502904671805,507.9835915062304,938.4134634291877,1
487.3476936385802,224.68370831641226,463.7717905475582,775.2268304707101,665.9481679536796,280.4558488691184,275.7529903490188,686.8167815277548,179.37167085193272,526.8716080280611,975.4310671994342,224.36973758974077,941.900144703287,987.9515669228559,844.4331921511047,966.2801496779423,610.6776978537833,265.6531963012647,718.6873561069918,602.9013978072036,1
381.1066782198425,912.8278382675239,310.02749680456265,736.2126454792666,49.755363778255955,119.25747309298207,616.3037287829296,38.65842486468563,327.81641332655755,63.713268425411364,805.9110508214725,958.8323838244213,748.7466473284047,271.04682174475283,629.6097169525158,669.2906109479909,681.204975318384,27.423970132112284,574.0648520504164,642.812834975442,1
268.7710864429842,645.5896432331286,210.32888682613415,535.1590615023175,571.284980128814,860.4507191741103,39.6516653989466,373.13586198428203,433.00005481881044,60.639925678180326,848.648769059168,179.71400349927114,397.4466328768068,203.63477231785632,414.0743184405707,564.5960711766392,204.3802900596302,392.16350737825445,989.2460147018423,752.0604255935134,1
877.794109254353,689.4910800867514,140.1856850489369,149.90289719564365,129.39025083564093,302.2686741276608,882.4861848081732,383.97761346652493,352.4263893436589,107.63816090965427,177.92262380037948,932.4743954430018,886.1773475468436,78.97069277260638,300.17636464289296,699.1029862691187,2.367859922698723,343.3101407791753,943.853108723862,137.77938285288727,1
632.7998181043781,246.52436546463764,644.3405591580255,749.4602320163531,459.56125765294445,590.9463329753318,736.9366569795403,132.08182200383777,472.960306483822,376.433394838517,562.1203664141854,601.5504112456781,604.1521227191894,449.6879286114538,549.3430176588499,773.5833814569907,181.50920657505776,905.1779253190158,825.7619066859206,254.657085164012,0
524.5875119184257,794.9079077076299,726.3932600084124,175.74757110307138,964.6124431803663,863.3552560966538,238.2088047428681,576.3157515180727,980.743872971284,40.3320635659481,357.83873722913086,304.4968628396594,242.09069269825,664.6333414354517,845.7964377019828,160.21547343482334,289.42717196948297,294.13458338036133,365.2921764311056,122.71064081699234,1
652.951945310919,413.973811016758,833.050266219725,653.4348120569259,960.6712296504579,149.39190578555616,297.8272925903337,296.4090210953412,338.9307148511005,294.9590004661621,795.4361545838907,660.6303612351911,53.651861591095475,93.50138763214343,695.3334549320014,750.0224959814201,953.8206458994534,828.5551960661616,467.5038113419766,353.32716166040035,0
886.5242117266431,688.4341593025135,894.7485195095377,224.49734883620033,779.3165816421408,998.2676695920501,73.18808145298084,257.9438065826653,163.9230151577933,697.9574344295115,681.0316550094424,97.73889610473785,566.1251012018341,988.3592921985652,744.8713972495509,947.7469993660925,274.21329589141686,823.0209270903706,830.6952078452086,107.59291635940028,0
859.0401084504997,573.5338409654512,298.02040274093446,130.2184891143452,413.8601105269536,814.0944127044476,201.66052191289953,724.846497755488,237.51219031467562,356.6127820286338,645.5060693454838,321.6311325902358,64.38600937640227,421.4114631252205,69.12980090534259,55.872571060284535,239.64543729726827,935.7357747684474,583.1074293957937,894.5817269149719,0
609.0912507519967,965.1601055035266,271.88941689738675,623.637705766674,422.7737439125173,236.8804251413852,559.9778066628478,995.349709574513,729.253230569578,145.81718524589306,316.84745897525335,953.3582245499133,913.8870511414001,942.7975058352843,839.2097522712846,459.0780039543595,181.95578119392962,429.60424944278,978.9326613276721,43.87066020616515,1
689.7078223641655,280.76381242704673,823.2606898751881,141.5910000196967,460.2486428655794,982.1720986578674,426.62266843239405,73.80663599742377,198.48890871079118,705.4174719305165,158.56699134627283,910.4440091783756,985.0879758971327,620.1789544048305,418.02545295611395,180.54911249043448,548.7307847713065,980.2772782139631,732.817065574723,344.9270843864003,0
896.7356322230802,118.1817471765929,807.9256754276913,265.32209730976984,52.220133012786384,791.1707858984291,534.6816395690145,964.3796371061305,190.32153285818788,10.630021531725543,561.7410331795874,534.4841743182818,679.5330723922536,823.3745306948688,723.212215528496,993.5590490193374,697.0901108139336,947.5165209229633,98.41155520457356,985.0021112091715,0
633.3034786308413,275.2698718800459,402.1664011684853,467.704454784188,35.50242502179912,630.3291560281531,71.32195545577235,104.43921326380368,621.410389504049,279.99959602859605,860.748083920481,570.4197730445414,193.87875460965964,140.45300012414853,871.226862055622,621.3142203601619,768.169213994359,997.0005802046696,98.61566265421062,899.6521745287988,0
741.0895421416349,529.3055636325813,191.5196128101678,136.23056322130012,198.205694569613,261.1165220745885,129.0478393704032,906.6514585802248,750.4321121230985,35.14154616314957,336.4973066559215,365.413581953439,859.213357066975,214.7617882191185,497.70175054358856,770.642826943182,594.9198940425645,309.69989908363016,752.9483648067356,231.34877290569256,1
66.55080586319784,667.1398023054988,126.92002608841723,248.5722023402791,959.3635077716257,874.097196509992,203.67066496472341,760.5250023973009,98.7856024819369,305.40855350487885,802.0410702057546,244.55405125704445,71.82935086806641,10.754788342068998,408.59452986453215,827.2341824743628,981.4765254372254,659.9369187277208,888.0116079614822,566.3662291555415,1
287.6502396225161,842.7827342918873,551.0377637666556,917.2588950648121,406.93750280444,188.63447713404503,688.806856569382,180.44138179111036,772.1026045139354,713.9228933734883,73.9657907495439,323.13045359172565,576.0215888367469,15.742756373531286,698.0134836511027,115.53242228412752,151.03852740491007,62.30050306543444,332.8165268087309,588.5072872484046,1
747.2647882560487,744.4007849500668,86.82847534619353,916.661893828421,503.81680158461063,498.8709206300951,915.2651715462898,66.19441126111082,643.6105306088696,877.5087635834096,534.0531462055238,227.28605498589505,962.7139332344512,550.6716912192627,171.68452072241203,348.6160333849347,573.8739798318571,143.65957740788016,635.6639918273994,97.47947123697209,1
405.96145195704224,592.7165985367565,652.2497923316665,480.32965350410495,2.2410499699878628,410.38131341006533,713.917490572762,554.5130186766556,766.9774512631036,526.1100655798799,704.7398215637481,689.30477972603,837.5426256866235,873.9426423961708,673.0947638255041,356.15726719176644,30.71497536913581,570.5793962470385,280.32965573673243,821.8752736003744,1
534.6533095011338,140.6559548074692,385.71753557430577,850.4504020847791,748.9046166065067,613.290483449451,19.039158103849374,368.1502590913063,243.56216902903193,183.04800119056085,395.75590062120904,495.61078883302434,716.5942075947153,521.4226551988618,669.5355483607874,968.6974689359118,776.2334831251305,208.7754569857564,702.3384063819783,465.10954711030774,1
835.5971043872152,773.9277473184665,163.20567966546363,819.6193646037677,483.68452389202963,408.2950849814698,337.22525848258414,559.4967049397694,930.2704800827688,995.0827872761713,815.7026998498685,826.5703500854765,640.9355363927061,932.8655959743832,983.6656328162134,322.28246450171105,105.36414541647699,765.9699038886449,330.5394017360546,643.3456352205504,0
919.3287395370635,910.5588337761147,315.68023368305387,286.14662408328593,715.4216106191716,211.46366945483942,890.7532211544419,369.8944364618655,397.7151934579243,209.52900586862344,204.3067787534265,82.30368894546413,521.4647892017085,76.44282316553475,862.9546967923695,829.429046351669,764.8359034520913,356.1900871400234,879.456674310206,333.92183193884085,1
597.5106967687705,624.3802185851202,621.9193274487856,408.6022956276454,925.3987788779939,379.61535346578745,455.8860606566457,996.5170946419211,788.9653873081563,931.1929570942125,744.3885957156406,31.545518666652896,961.5231457885004,574.0067214597237,251.38099622918796,722.9643591526358,438.22393745944487,278.75714375905204,356.56796987128547,298.0764067151439,1
651.1722137569199,798.6187252994788,257.3237866221368,208.8775277748911,284.30715046555576,23.672537314988418,227.38828018046075,168.36623027082877,615.8541626994015,23.632671403893358,380.3441060056345,883.0523039782431,498.6046558060369,291.77034009364036,78.31758975542003,325.40596508509446,345.369535718026,560.0773510146684,327.72417549758023,265.1122691880293,1
377.87272437356614,685.4569438028589,772.1453423149172,133.1364419641543,13.990288803688022,808.8475698884353,360.03695812400207,502.0047677656566,41.80318514408577,523.0999774493582,855.8789230320953,922.4254973480329,887.486776748491,647.7978039402134,78.22804341794942,572.7520476196086,506.390547073297,397.2944858935692,284.64174489300154,19.08987182228006,1
50.96202095262237,823.3865408705777,79.17815254538674,211.26053835554947,600.7509835915274,993.8710041826478,689.6273891208759,927.9056080957725,410.3669696001728,310.93318066683304,505.0085081752975,276.43285729875635,604.4592319228818,101.07446302040223,267.7823809184471,393.3319901914435,597.842891616553,240.24149052395614,192.6361923494494,810.4953512668508,1
381.8337174381625,313.9240823746062,108.89998937721023,726.0426374351151,711.4407394301547,239.50393736225794,742.48240388021,21.320335531286204,114.94735228250718,557.9012894224192,599.5938337835755,388.4044797863211,174.2251757662373,672.3451600119688,51.133445055441044,675.2756472123456,662.0617578655268,982.2915864133596,473.88818410919873,226.22358157466337,0
596.4408018398291,44.7682212197128,735.0396239264014,33.50341830422909,591.421082385031,128.4233179657033,10.723626012815512,764.7698858081606,127.53811071846532,944.9828112785102,952.6293494878777,584.8163476663063,725.9078853194148,951.7745680072428,89.09166768221455,918.9081807999966,763.7585196916623,356.01898272500654,34.020661423074586,910.332216948748,1
224.43944308180642,49.60118296334526,655.2261384471625,485.0620228190453,535.0446427759063,990.08573241145,767.1084852387936,304.11009231566845,555.7576989074753,693.5918113333315,664.2239109793461,37.40007468135542,990.5936013474183,19.937813488191345,426.23852389027775,774.2058856174344,38.277927276830766,548.3422386515948,725.7851717185569,877.7517594694398,1
270.01344992675666,41.556267238567756,74.99347517396215,941.5414090304563,769.2453192179349,893.1600902418412,876.2920241607408,213.8159018578004,245.12825534213957,454.4273804427117,979.4273100187263,103.82319449816258,241.45033807759398,723.5441424419852,643.2809852708965,878.5365201058374,410.9360608773096,926.4539506282229,480.47590023760887,321.6490329241299,0
620.4670165012088,326.39701557095793,204.49167196048802,2.1778638068049583,36.380499738150604,843.1792173024508,991.8774031767114,181.72625438853495,318.6410872514871,549.8953916982366,207.46531993494156,62.28288048631525,416.33693856967955,950.1572738266882,473.732645492589,409.9251908661535,707.807702803811,106.05911813305879,323.95222283043034,505.81980897528166,1
272.7047258998002,779.4987649865454,127.40903450884589,660.9864105089092,462.40233260761954,937.2295238756492,52.97348543286206,37.371100573626805,314.1939239770376,330.76372586511627,763.0342776787983,841.1248008087488,819.0931211778224,202.7252958127227,459.4210546489138,806.400732275422,649.7972368739141,333.4958175817654,966.0354533914438,825.5424052088414,1
340.2459607529478,70.81980478376559,588.2839920470395,245.22077253949914,101.91877570860375,685.4050956487185,127.23769448806965,787.2015513720215,287.9134063143549,414.7122936145705,559.3736185447061,896.8811748066701,602.4476139036515,642.8350267478673,863.8931412049227,263.39269409949,560.1087877579013,88.88669819322669,536.9900092402714,743.1671562956635,1
160.35770151325158,660.0742937793528,198.173388737635,116.45065583961323,966.0331438140237,914.3088846147917,177.72978707339482,711.6105089874468,6.5449875643388555,614.5218187329821,670.25730676038,438.36573742160635,592.8711950228892,662.3322040243216,148.90722299864478,269.4083239615017,802.8128440541019,445.7816431041811,742.2198141320767,761.615109409953,1
782.4598626946262,638.1154692578192,925.936939352425,377.97358679871587,375.04769540182315,337.94415594492597,867.8223927780094,265.9186394314783,880.0746244295826,322.0749056532295,797.0297740472615,728.7933015884746,861.8133438616712,344.0523367507622,983.0719764476958,259.429163167448,910.2552364371426,262.81771322602475,34.94069871566241,843.2880492278427,1
528.0794486466547,389.047081792213,964.0642696397861,27.465805830074963,851.924537452129,87.37798821803533,938.6080079274085,501.16760344521913,948.3658413509587,129.68066111087117,938.6760119039435,446.1003861085263,238.57191320077885,786.0607925530138,354.5286856269914,485.43451148096915,74.43644155744877,746.8858119346897,584.6678338112965,832.3866546167222,1
186.04899552725163,422.57874314526265,315.04675851298725,889.1196222077216,9.381225777839731,449.63005039959825,736.0170510489771,128.4469637758665,346.0464604179204,772.9276654875608,955.5744314349357,627.0848275029064,845.095104901632,369.8823697842014,602.28672865709,938.7299044084982,55.213918318978926,412.5089054970065,689.6677877349804,215.63337012653315,1
898.9922337931206,301.70810798076576,371.65420510081094,189.25184431523923,582.8483949126805,636.3959952411417,929.4191484085625,121.50180064154259,19.95745625377321,70.8632337394799,259.9647049618636,6.6503845285913465,875.5417287898302,557.6142281227002,811.5562950060565,669.6835337071781,347.1815585038739,475.4007330132366,496.11721918645213,19.1490337455652,1
920.8222314461572,211.06992328228037,11.460319380756534,291.0376277179943,853.1026263267305,476.9486470520614,652.4550666744451,82.28396838477315,678.2263005498404,296.52220334614856,666.3531494356738,367.53293159360123,258.50343014765707,636.6131468593304,684.6690328644813,570.9555941946988,910.4812678051449,419.8898919045415,833.8015950380544,80.37574810050552,1
980.2308406920274,512.5213192616832,680.0641705574379,593.5961107826558,471.9620729400619,558.7119767432266,434.4414240833373,90.45832790384823,126.94391047309972,738.3420937536133,888.0776017096889,938.7872865138398,358.0380373590424,674.9948374434509,886.3007020512417,965.8176462043382,165.69642868989365,114.07149744314104,980.0343025078532,22.530681800525088,1
928.273767372489,960.5766779772522,108.41314076465936,994.3030538625472,543.5903915601946,252.73499807437628,555.4305051741528,291.0064355234607,82.8545891464969,116.53619606585796,251.23646974098924,490.4177556662055,750.5090678467488,133.97484912004077,700.6351293487222,740.8012122557423,894.5399490962336,807.387870849908,469.63506990035364,29.364316040048855,1
395.92783105640217,991.2099209266192,627.4387218815206,436.8941052104426,866.1717148011502,327.52740198772466,301.4058861310775,736.4781663076292,140.54285539239785,885.6405556979856,807.7398721689417,691.3000206963104,625.0229571580902,727.1232685854352,578.3305277842386,621.8756551753692,809.4596610090629,212.74769328469577,377.3096148799581,430.28490111105475,1
524.5967301826928,706.7828703253904,238.64100386491504,64.61156226492737,852.627594397882,172.67627950785624,713.5613619815294,44.55963062110702,280.09321977483523,625.1571296081484,938.687626203473,885.4350212600228,584.9780227544387,837.0055335092214,116.28744388945577,922.9813964672117,840.4925031832653,670.7388254666402,35.97368811236623,180.7256984310922,0
98.3673575788695,668.725387788322,816.5520561117132,951.4135617500648,693.2568011890363,381.003528719963,175.3518113324123,831.3276974134402,782.4987840100583,203.0001089145178,611.1300584553635,727.1083329498406,18.103477796929557,421.5195298646792,997.1832773673419,587.8201323972917,481.9668059699159,514.9208449798584,932.9892324405947,978.6315642405838,1
297.1369683492172,104.99006792809296,988.5149047546333,244.02223654222587,541.9649415193746,122.18167053339823,769.2369594452614,982.1734714738923,558.7455022785612,792.2140530795585,392.56001520026274,380.0945553058408,305.53487073256866,988.124175400272,261.72187629500957,22.78084480477405,922.0840465458459,376.1088124785944,258.6135667855797,755.0321551211648,1
823.2615999528979,87.18855505152823,210.65545319925195,793.8267922385486,538.7034633926601,334.66255941117396,851.5610047075633,427.6362638329765,558.8364910217389,182.4089014606487,52.79906574328874,562.5692596536421,118.62624621020656,893.027554136313,669.6500643553264,5.992751481544101,606.3201430618951,230.42324858127938,786.4494989795039,477.4899128585305,1
732.3905688707964,276.7213530662812,552.8448934533967,388.11999897365524,602.0715826641213,77.54018886296376,797.0528433321655,859.2195396995569,686.7115383168214,196.10896692600377,239.56760012819555,18.097771255679685,531.3805731845872,967.3977508818257,120.66942670975334,602.3843091421846,457.42757748987594,3.678913755988389,417.0203176216615,245.19507692525556,1
163.6903296731569,990.1384606061608,808.6977170494183,63.12223433860908,116.61516903553093,77.23043841219857,421.25138111418505,934.8836112036083,905.4487998199365,965.2094225869643,160.97939358811232,509.2774378534376,275.53952186393803,801.2747926984341,184.35727919595192,413.0059659507501,264.97399795993016,919.5447550067272,681.4588626771913,252.37689920529883,0
10.413390455060846,546.0914785609358,356.09000856704,836.9557236241477,646.7789470849281,444.5070020849684,859.6934318086531,531.4955930088959,297.0500586685725,609.3595334698445,72.5723034660859,826.2393425988581,582.8675593824281,15.970999372192928,678.2809359795307,87.54201027794251,49.58929211971741,828.4358051504861,357.5278471823393,797.2504056147488,0
28.31276378666814,339.3957846316941,36.9700961945888,547.1929913597564,201.83310174005754,988.0990396579009,265.1259278893172,619.5524783183147,269.36109611732786,327.0662268624468,748.7598264728786,17.070678816502483,912.4855284887797,598.8185448590493,722.5900364023721,684.7903078479256,485.04784624509875,162.1137099594061,438.6584488562106,910.8971646106729,1
810.6551158934162,768.4250295170275,46.82676180035483,439.14767998485416,778.1685466457153,409.49839341953555,61.544178783020655,660.308333062753,787.6930226172757,307.8752597555269,641.5968788385766,191.29273027294934,504.04731778523336,661.2687627027332,351.14473888064924,412.45818169679404,251.9147035560515,680.5105972879933,717.3687095402927,532.7577126232866,1
340.505190885005,944.6644646344985,103.49232242359285,927.449254964718,905.8799346580126,437.5234834317826,313.0970056842,92.46982354306554,715.722392178908,657.831171794104,821.2766400708774,371.8417343938073,215.82533938665748,557.8847546047296,703.1751253703269,952.1986375491115,887.088765072996,190.44087157505174,491.2532699112826,752.6405835712717,1
725.43155409628,577.4997747437774,256.85192339406194,434.7873580967192,343.59043039636896,367.13033779314975,935.4205996990136,162.97832462269258,690.3515603260606,616.4594903837572,746.4404972126879,470.2894811570719,872.4991642788935,306.9074159576924,172.53923802873683,741.9337031647979,916.6932833347884,420.03280495643224,481.95140485666553,183.09644575759353,1
245.22598304008469,250.75712001093564,93.33370020876575,172.68925162250648,192.29359265493073,693.8285241069445,580.6365075233987,819.7288888479738,243.21835244221936,372.2106736455164,927.9439584483929,42.119757064506324,780.7009624221323,77.47074931535968,678.3777194862703,892.2173956687329,643.6318765174976,183.4187369024458,754.8655910016541,444.59896350665105,1
36.399713933855104,51.789159588836455,177.37278801340685,725.2617139115526,791.8028125080774,479.96416100712247,780.7769976474007,951.0676408716025,389.2921350496138,811.1610432053102,380.1750945342942,988.8103110565696,90.48148622173191,830.0815556127869,628.0610348706047,328.87809216683297,641.8630929594044,447.97221783273756,391.51811618561896,190.6162392898978,1
540.7084440313054,757.8024323092835,949.0080678973558,63.21305775905106,693.1126810269683,667.2465159335973,440.63090658503654,348.4543949903224,739.3603892180618,846.6840083672911,184.97007277820998,338.04935785592727,949.5395107382068,954.5911943213796,923.7017384554042,577.857609619392,915.4931592656585,913.2463372894338,220.6617395764653,660.9590603590389,0
803.2750537687207,333.07522471031314,646.4477122256612,849.7904517138144,844.0749927832975,302.8669742450998,292.70761576224635,467.82346603821065,419.8025410409121,437.9277016697632,889.9787766589697,552.2194323784893,764.3938283043279,866.5538539982452,22.14092277280466,47.076851567455776,686.4084594308592,204.50921167345294,324.48807748511433,218.4343577586223,1
756.4768266669992,842.8230505231519,467.5258187900957,176.30488301976865,227.5252413422215,116.47890090665258,271.3536545268648,162.6880308505322,111.25411822987019,121.99138942863807,143.86485196241284,906.9604620836307,847.312774168088,394.97955897693157,494.350312271853,827.1649266096459,862.7356498015564,731.7390029384926,992.2920712648804,408.9816384165709,1
187.85600292551342,103.02355055753831,772.3450359540793,245.3610015545139,185.55822942840138,535.5533539623683,768.8118941824458,909.3353654670531,188.8700835977929,342.0415974352886,280.4444740271217,232.9478017351787,482.9723656824065,542.1161898841403,763.3955527082319,98.3825393572516,60.32712026351162,155.34322073414398,75.46364675625439,220.66393762000192,1
273.76937315604033,716.9844260220901,24.340623835399256,138.70816436823162,471.42089508247756,264.59564714052044,440.5456764580685,428.5219593841284,545.2672340416512,875.4172277903117,383.388691289944,647.4281089297817,830.4444993330911,188.94764970407985,575.4062477105721,839.4110419243792,157.9814217171681,422.8426780778906,283.04758467718017,563.3199277532292,1
642.8265883391393,922.2988546224904,580.4842240528012,973.9709058253969,581.0523620273405,613.9593167538351,387.61699249269685,678.7662705017419,202.92486519699148,655.152371371921,866.7409782023271,834.2591925856294,892.8427371641786,694.3489698676802,597.0761426489165,922.8068735715266,981.4214803597862,922.2325834007505,94.97871910213085,854.6216539520493,0
215.39395386770133,718.6151989249385,724.3399219100323,595.4519000375367,743.7987042441466,266.91196049632305,827.266402687885,257.7351599735066,729.6250194213172,262.473552177335,828.5503909897177,351.564661794969,685.497253130296,956.1712209393107,172.0909113569412,750.5413647928615,444.6913031321353,82.74736015580109,915.0331575806357,848.7332375756225,1
253.3861042656401,923.5619608180936,110.76533730610161,446.6721694555877,594.5268365653641,936.1229913675222,990.5625718865964,191.69968444021268,664.39523833469,67.48629388006411,549.3218668543168,933.8894085121171,807.9957949687583,668.8211222127169,507.46230865987604,915.0560320261088,521.6522008737878,401.9730788413839,456.68068922345594,246.17078563443474,1
872.9393265692369,407.4281314466437,144.14395277212876,793.6463921808099,928.9932862081887,370.7226957624874,110.44486777675256,21.52644662062897,56.48227154594498,916.6993699232627,592.7064564837815,426.99624223319546,849.7061316781399,967.8103600788139,616.7162801168694,992.7439010550081,29.72134822754169,769.76289002513,261.132711218118,283.5257855247264,0
604.806580835708,445.30525641000895,507.37778807065314,135.96491614216643,629.9629289273224,307.02481861829443,196.48864094909302,164.81473643993638,657.9815985366138,96.28438870417921,787.2077104462232,725.2487224194937,140.4928746874624,593.6948072431452,212.07918280434924,519.37464919739,540.2853505928119,117.03343583480319,14.513713056080402,435.6024813769105,1
276.9420244400046,375.6234142641957,304.6683955065362,1.1094028586285942,996.1254816473513,684.9330348740481,451.75684050607924,63.45699534272742,744.6947398155606,56.15941562711024,503.89966878742445,68.17805314441594,136.33776298675028,90.0596969888764,171.23950417675093,189.048804556188,169.15569552310538,497.81084924412323,339.2478069777031,994.7504906700035,1
116.08586476654249,80.73436712913873,284.85470284625194,339.83759190901276,552.2962349785149,715.0310087604782,875.4949781868785,878.4052441836596,386.15796743931986,508.3864801330311,11.36555349789592,831.8766484775562,190.36337887236576,17.398373985373805,717.6401292190155,407.9945519420821,81.9549550485642,214.46218258517234,76.56335236881739,518.4635587077809,1
652.7709457178914,543.3554783453121,596.6513636745847,27.2492188903124,316.08917313635556,80.77617306873496,422.606996464977,433.62389309268866,72.67779996976465,837.9541422988704,136.73481941829647,574.8089203824757,886.1648190026939,919.6875969209129,264.1396601753231,224.5283443191266,223.26945259003406,246.68224465451928,664.1370506832011,232.6927152506193,1
626.8263950952924,75.62263760535825,411.96596696730813,638.9798011164037,396.93933241396786,757.2928985955072,171.0464866973418,821.8880308279191,562.0185680065873,526.2852172349343,974.3391115127065,940.5371893782037,925.6279575534014,700.5401197089144,726.0957950180783,485.5661627123056,472.5454429938505,389.60303776453475,541.9545425118521,2.3991784279696615,1
953.8220422901834,45.69342485340644,606.7104913453154,715.1778825807409,738.8053108750686,328.89511006824137,426.7513448244905,474.7619063806976,185.22036110515415,448.3456263227229,23.255296373955403,455.72168384484655,68.94022559126978,242.13668642225838,23.288566321392643,46.54494225115313,589.9907738465948,100.20768035765005,263.99473955361884,939.9625896259693,1
658.021569903079,969.0665695001819,748.2726235267488,171.53337045165406,942.5092523553112,867.0201812576938,816.5084303837483,46.22317907418716,371.92164605827827,180.9579980300796,214.5264324549745,666.4960519798295,891.8390056203975,716.6060625012022,185.16620261811923,833.1132156230535,638.424498687313,891.373119348031,488.70104404838924,448.86289491462804,0
305.8150487140008,15.503691989830815,184.92734551106093,454.9428038670147,736.3680564562152,257.91846638002056,722.0234144017766,79.86206527499185,412.58833159049357,621.7417046011382,190.93490173405925,386.6998390377282,651.2474776523593,205.4223392074548,272.05390993620904,541.5504552053706,612.7372792895362,794.3782457286692,775.4328726605452,869.4823750047385,0
795.7301357140866,931.8645361766826,558.5002716376425,992.4218175293278,911.3466494824185,359.06523083874254,443.8752065186615,631.8618902414763,851.0856957213947,798.0838213368132,216.8734512938306,586.6116121794585,666.4995873202176,17.597295413345204,708.5737400938415,50.55993168974171,833.1099487861853,995.8031025722796,885.0678256278029,293.89418780942486,0
501.4511642344517,812.6504563275483,55.86032098859328,530.6028436866642,74.69349739912812,630.8157806252522,336.2560880490003,803.4473924776364,818.500228216248,350.1684339559966,98.64536593253604,28.543377540207302,651.1159477071745,537.2908941921784,785.499428205784,84.07043282800919,91.02130934831543,602.5432202377194,223.64618326852494,701.8698412808177,1
193.79993515592676,181.5041152472948,305.01528211343697,427.05487696888366,576.0877562312044,955.2311995441869,259.00903962511046,827.8960638584458,271.6240332963681,739.7971841833152,878.2629603053341,79.25063421984125,636.3327452133591,658.8117159461812,545.9953342421618,447.4349234078608,542.2426218381661,907.2120250588121,41.5864560062017,428.1193163026138,0
584.65705313265,616.5053676921206,491.01854827052415,162.1720357033687,825.8797496397532,804.0037049338366,966.7212682067093,184.4358904718616,11.9869588750513,877.6585516391933,73.49741392682319,785.1177772221998,888.7771621095256,881.1155694493814,290.209441734236,969.1249927234031,205.20378558070962,59.23491692451444,547.8708726729391,160.02550488134827,1
231.89528810588521,688.5672145363386,204.55110793264407,53.50207230885884,210.16337993091605,531.6847767772089,935.2497265279798,509.88959805158095,666.9411120346522,867.178877392656,797.1190764694707,860.8583585461041,535.8705058069281,603.3582294222274,150.3732702732039,45.493505205007054,664.8904903763598,532.1406891209526,678.2243647848524,253.48130962367344,0
990.7314375918808,178.21757612668497,978.2109735536153,242.9614633370698,210.68678196728362,815.739425377212,372.5034886342406,498.02127435576995,323.814121798371,637.2052437697298,245.70299257573103,103.78186958729707,554.8984464614189,606.5628319253908,382.6036992431229,758.1964727727161,721.3374443368116,437.61118288918465,936.5254053678439,875.5591019870674,1
386.08400034979985,66.06311851967806,680.2479393561567,449.8367732540758,579.5437176548114,47.98514321012504,120.63770244175242,296.94503180879826,484.6533365199012,272.4575719641189,726.9983203153973,464.3320684852752,816.6762170205169,944.8697148142209,586.2820958170881,506.2045839734519,543.7384540212965,789.7748721648853,808.2060206415508,639.949630179533,0
400.7118317279551,797.764824136229,178.21631670496996,738.3009675418486,444.7882049872146,929.2374205347729,639.8487664510308,42.38901514357962,583.1512871611139,237.75792707154565,363.02285153291183,312.85585221549104,158.88960743136215,101.74074928275189,530.3893265998549,146.9173774722665,716.3058871458396,16.80408958613078,564.5829407476815,600.0872386782038,1
932.729360743763,243.39163317192248,212.30548848215136,613.5474295838362,777.2599745394866,850.0364869126331,920.6038634893687,593.8626569657666,809.0967947448554,664.4428646501983,156.93866973897929,148.80827811773867,720.7520628057758,955.9152727436613,411.78534312096895,142.58436109243888,486.64131479600195,209.48762185001556,275.3473615601846,370.7863563079691,1
688.8704206072267,985.133995708342,150.39271148944533,960.063043801936,406.4302784814521,316.2507073649121,979.1228992595538,3.1462017516722396,856.4876583766713,618.760616810802,677.5061891484904,705.6516281546299,876.014305053542,437.77762053756794,900.7419168010006,697.0085461061659,181.80696086912252,388.3984174555767,51.41371859689159,434.46614855561984,1
347.6561597750195,179.10905584326264,869.9695458700638,499.27042173037063,795.8178962095925,841.9376638579945,828.9736361313458,803.1072693218331,428.5034119114255,869.5648756130602,475.2715342882852,808.9823074245868,409.2115833055334,506.584224620679,49.821357095549466,169.56634274796156,394.97258483099984,626.22807808418,812.5342264433287,928.1878184980009,0
912.5188770381708,525.3765949278802,447.6240605237125,922.5687637425943,136.31261674625915,65.5423421885044,876.241717494508,603.4282670891703,757.2197283754274,383.18670579645953,226.8799448835439,674.2014183615366,586.7555033104121,897.8207405047868,779.1221466404209,958.898259389893,666.0836622622202,634.6443665860805,672.8995005865831,865.9308106250193,1
299.0460870636842,225.79079261793288,803.8496528793224,205.5486576163914,383.58662498774174,682.6769953858771,476.5914683162481,373.43583766039444,930.8313977087417,391.06744970917674,690.8438433844841,542.8671492663682,308.59450664184396,512.7787634176352,869.3071679038726,42.25168966738957,646.8744231569011,85.10778485611603,993.8755789428204,695.7377631006268,1
446.52873993356326,354.30345342961846,106.1773650815756,390.37645223201145,27.194016193811123,173.78193918183072,843.7709616827594,505.3421547967337,465.60651367057903,357.36390305165764,387.5757008884897,654.8962548010245,334.5823435942866,297.04516365304545,342.2921500063172,633.5178083679448,665.6924646030672,846.0916013160539,869.1215325604346,532.7282553957535,1
20.210641765867287,942.0452318730847,7.633594698094659,989.1897117219091,211.5323344889366,954.7550727954356,679.4723160898138,569.2583889240775,610.3696958683687,0.3884251651592452,180.69242151786713,899.2233148195552,973.0101765188971,384.9239790156168,778.4245799380409,355.9398023284888,924.9830702013205,273.168289653261,870.0407192996191,957.4899847799362,1
139.88619465173124,339.4072311832277,161.37365193235465,177.65247643431036,453.85792428399543,847.0333806842792,972.6322352966332,61.28977469119168,641.3432762708929,932.8063314372698,374.1228161524953,330.93373971463245,914.5832173416198,294.8854856802939,87.07385964607073,975.8323042476738,565.6690302595019,885.1110648933479,361.88219275387246,742.9924518815119,0
468.5277868517862,507.66387304296734,96.6668943319856,230.3957767903747,29.486986121010084,833.5909066108696,938.2750674606696,403.9877585374343,713.0886509310108,273.84898158925563,170.9295817862607,409.573989015781,981.5697175133963,381.1893800901671,716.0926754856592,663.3962056524584,473.99624653771974,370.0601998195834,698.7347709779981,413.1926287082471,1
29.873441039693137,467.4486493666531,22.05709545369117,872.9557428270806,373.91503816334205,198.22070093754706,697.0228612065846,43.74480489679722,920.3412208537428,545.1371782858117,826.9386000696027,844.5861844212578,955.950637457351,574.9849402456268,97.15330294647906,776.1617745319252,89.75274193852157,143.18519867124425,458.46292374026,494.79153103431196,1
143.4885153396167,344.2894501156032,156.6576498394039,202.64026046141092,971.9766078505264,321.64264607734935,392.2233999004544,200.70374207606721,324.94422088443963,247.22271444805233,20.67609680836069,649.3549597539003,693.5654605481079,431.3225282702031,374.1681990429866,457.5403500754109,713.6899495864153,247.07245016494983,419.62324592109525,715.4736870630578,1
123.80858639557246,311.02398445941617,49.839221608918514,460.5503503975846,159.35009891302175,341.8202274081364,838.6846041885377,203.56434479344833,927.9606325861131,55.54318619187859,938.7897137763907,70.9076690823569,77.63304043557272,466.7722820691377,405.7055223997631,356.40139882279107,360.47558781862034,565.7001458876126,317.59735622388797,718.3635194439884,1
911.9925331720732,46.618369161100624,277.5798574753783,500.8733002247013,121.20737879832988,794.2696476458432,671.4988997675706,491.97810744105817,539.4693699929062,150.60186797869446,454.32856353393504,164.8201695154078,646.30106201631,21.240707797071433,128.04611156246548,595.5008902730925,209.0469252487477,34.34353696492831,75.83046466898924,398.72819295120934,1
704.9288967239944,458.16083635582237,419.77204718817563,265.9889764496967,234.43118387211413,450.96430711952297,501.9353255608723,650.5569424382787,50.34525510713428,820.8006410647596,620.8203814375078,601.6211427947121,204.75765675549252,916.7150575893215,672.6021426835646,665.9720674262866,328.8654572674416,676.3283073083682,609.4389740213662,733.6021637916235,0
900.2937279782989,582.641008984438,13.407628475743394,461.30067002016705,562.506209819828,646.7289745639291,256.41671691282994,15.610938301768961,338.82531466774947,265.399623046274,374.5827144173104,464.35993473092276,714.8007161136392,742.7879816887237,674.547557002198,588.6869853934254,190.64382652927893,795.7255065289602,739.3520642449307,763.4649148780345,1
226.5654329807366,910.391326414086,118.34302203570412,31.214844707390334,169.74443311516595,427.74197551915495,736.210099248707,467.4078386674021,100.15782984376365,869.5084496713289,439.6599781967138,573.4145174280416,395.8682333556647,255.20289100273595,670.600832791037,355.29481311780876,276.29455968057414,114.66032386572633,150.99076897778764,933.6760091336478,1
292.8721026396044,780.0856719996582,145.3002532458245,352.6851425220017,587.3451883113243,530.1750229964916,348.3471167876793,795.414320702391,346.20023149272674,103.92190872886641,965.4533564107255,803.6425019539771,592.4122003622846,292.5962438328966,423.55639545996513,296.240560653783,958.6238109379293,354.88039677169303,643.9391606645178,711.1914148792173,1
313.53944534610343,701.7819845864967,595.4555702985274,904.1511797253188,631.0335875699118,26.414352230587077,386.54536788966175,329.1185409611247,638.9408885480698,135.83105833147513,716.6766682103454,749.5250497677395,419.81958814112505,70.96786457905857,4.874862013734882,681.584735637581,852.192786166569,774.424382566805,998.522817594197,748.3103303517564,1
503.3333061820372,210.02727205692838,410.142577844457,977.8954519836649,676.5922434904398,652.5402600936391,96.21886388798562,190.58689048649202,549.5821274084591,268.24806343519225,116.83432838955443,646.7692610973737,600.9580093739505,993.77785023181,511.3785407975554,803.7437118021824,946.4967531950371,252.28407710833733,178.58702077268106,349.090971843529,1
776.3260548778953,48.56994987753094,480.66545592854493,632.2834348111252,931.388233447508,113.68782530748422,911.2944311816482,63.207427565291184,677.252575722345,808.7568877620562,608.6936153322457,74.80116308257989,523.6794315425427,232.88198631930058,256.3160007489652,577.5199541855397,192.94534230608872,478.920024820552,194.75265134227348,761.3107549720055,1
274.0052354793562,748.1566617243309,484.7889228883716,147.4528487072845,551.6679330828797,874.8450352067282,572.9932855634102,739.3947457934364,308.99363064597617,925.9388260970239,183.15206314007048,703.4375579438957,375.15595000966715,591.2824618289089,265.5196741612257,181.95804240437397,57.52303376722967,783.7972412330279,261.3814302873564,60.24010123629253,0
509.61217871118424,618.1526010506608,872.411438621754,590.0688022265322,598.2606989680992,422.6909520566854,438.20657688543986,252.9858159616809,87.88738901236226,825.3706787546114,219.21757026693857,86.91865410404564,876.1842361183764,48.84474210242162,360.86720258090565,629.7658561047693,909.5057177332495,795.6308876449092,881.6076724886948,557.821358760142,0
208.19463380975301,793.8406596779853,708.4480483420107,334.8884468822739,482.6619875297309,531.6736003662817,966.2057035102598,277.3072798229659,851.9937037411113,19.106590013754698,41.44739204788672,225.94707746802513,498.9136948501681,399.50514127488026,361.266326831282,533.5086300825998,114.28319397859322,914.56772951594,868.4266455931586,140.10298966872247,0
800.0221608557441,610.5160020357738,751.6995422763167,373.69565980281703,897.4812216799115,239.0891163460067,396.7936902924485,720.8534995400893,166.69990485482455,498.2377640068718,834.9768661774568,465.1084221746139,961.0457808565175,264.3504545956892,363.5992494816338,714.1740116168394,897.5780344353586,784.3171664307928,566.1559667214609,144.0299177844635,0
783.509483945523,176.92625135573704,689.0006725940906,876.6397104670269,92.77101248997954,399.5380298070711,529.0802696276444,446.6218285071175,732.6230519182657,620.4168632283925,509.5798184393464,410.2194246122749,681.7770716220382,663.2941122654628,737.6295075789504,793.7961283838292,0.38344694527270295,820.664667726752,674.3429587879501,142.77522997138604,0
829.8506810635582,6.038249881634039,451.63661324036474,944.9775296019036,451.84538016373375,643.9665899453056,473.56636029856224,163.15224553592734,799.8384176445862,627.6024949751161,669.9923888089186,41.855668271484234,736.1989750852631,25.19549813880062,229.03368783597844,639.2875860150505,784.5984624931223,566.2427548401297,823.5660875785313,882.2617291483539,1
765.2827720530173,631.2666789132693,920.7610116107023,452.29112524797597,143.6619716779629,268.6894560828397,32.497558926490974,36.70936798293978,325.54007624989845,539.0483229063494,131.01934545340833,282.9837817829682,687.3628118472507,899.0895203991266,841.7993525297579,449.88352090620066,504.3017099932805,112.63799427718068,707.9085659691265,447.7670133538798,1
51.41064557358466,341.6647020007728,434.7967719144626,109.21032618257864,105.03772789530375,680.4007959461098,425.3808582835611,959.7374522264375,14.581203216630477,659.9562239918121,895.8304898952904,10.389244997966674,805.8901020806336,220.3289072251282,52.3981489779074,517.9259876366709,767.2228890424971,541.1422978755863,928.4937138976738,765.4040317505758,1
244.2944084434875,812.4631064727802,190.63897262837415,182.65547674435868,417.03501720955626,697.4141199011136,147.01071661932195,12.674376323860148,166.48995356018503,288.7601783410539,78.75923476303137,83.67324819000844,441.88140361027274,967.5222576994731,617.651345923089,989.7771450905462,662.083586787593,471.6513397526808,737.3773958815755,378.2575683289843,1
106.55975247695248,165.51541345037955,761.6183383214523,258.9780524741951,379.97690099672764,820.3103660025656,947.6577886219125,61.71407144645469,684.8915747529651,989.6958292813863,877.9777361610077,349.73581276049714,111.1432567849413,457.6513980728516,123.55978740305706,995.5033070776329,391.54239838869677,597.836994272085,748.7198816687261,358.8720866415116,0
159.30816001291092,591.5229556459989,593.2898052684576,922.3803131967709,158.23229657403448,836.8633396535415,683.6605331436867,337.47544959689037,111.14740475960406,794.365596474806,410.39472943369816,720.2949042425377,304.43363039025394,728.2067966618152,99.50643105217848,412.3600025136437,99.63933384530266,555.5336140147122,561.7614159171676,522.8828048409575,0
772.1194967443025,846.4007489426492,93.59585177167607,587.2337875623365,693.253230876138,682.3961139553869,419.9050547301537,246.49877223120242,532.3753623819854,32.23483498736756,514.558378312173,810.8924900815236,269.40927267855665,602.6146573450822,360.1344296840401,126.37245662280694,335.95828051738175,306.4450784853937,61.788094027356856,947.2115682843471,1
379.0057965427759,993.8038022753909,22.95243517980761,102.73200912860847,337.9859189698551,908.4408171551199,982.4085787503134,242.50367201814248,747.3954529237411,468.04582074983324,989.246211638191,877.9283160906198,282.6910716406107,138.4677337578335,504.36704659893394,801.542317421002,453.4687554161683,951.9768059420646,677.8630601664327,19.802765621597107,0
556.0246209949837,980.6784868983723,395.04492870506414,181.53159656887408,878.4746572750064,439.83743194921334,817.0422865339284,20.05111534009385,34.64910123063025,646.4253414872811,370.2373686299699,95.04977903888145,134.86102905003128,414.03159537011413,974.3036512509867,90.81637332568815,548.6889094007337,898.6188538784927,464.27999064078165,396.83860588965535,0
149.34782258151836,163.0124976068398,740.8591641180142,269.6626904366057,686.5585950013666,130.81466626922534,491.6966813090623,208.19702288653085,520.990085920196,266.57647582107677,980.121060402755,485.30536935338387,632.6545160372606,300.27229451004456,775.5434793588154,241.38183662783308,487.06681243219816,667.4596961943334,997.3405350321177,79.41763573103755,1
688.4168929138241,41.20636342287965,444.7569509424151,119.89006263760116,211.54006012464032,483.21408186782435,977.4893835260784,948.5424384286835,596.145685759091,675.8455753467761,351.83426007182663,100.84898019981992,76.48363344999032,454.72628837403494,820.6197785091064,99.27764309790143,21.61204776503989,947.1348856558553,272.8987860528853,787.5672271055489,0
661.1824716099895,408.26871159871035,954.5827683288711,528.9671523498047,466.561555574692,690.4250793403572,848.1773092131004,290.2559640568856,808.3302969180626,987.3627849397081,523.0414821576761,170.06462002928336,231.5005961312584,501.7410272468722,454.7813787966212,278.14931063678506,312.47664091150995,115.47685099403671,479.6689070456136,636.6415387523333,1
20.376789959281496,462.32755625106125,35.41581273298111,927.6404553495624,612.2496684532018,300.3623498079766,783.5365280476904,521.3074804481963,693.9666990495813,976.1523711451633,765.2026464856438,19.533105737743917,43.411324136036875,505.2504826787819,534.4761178581134,662.463200195841,378.6800233020057,979.8718347793223,784.5675819618,743.8035296582979,0
960.1359484276375,584.6078990033405,386.0785577032809,119.53712098567104,537.4521086592355,320.03378185041595,932.854517308101,985.2225222491473,889.9572150840289,644.1116226203608,752.1666007617308,328.13760290500574,892.3244997550846,619.8693503908395,559.1739940777469,453.25991318024796,384.3518026597772,974.7451582923811,428.30788035724,893.5192454136896,0
664.057575743999,638.0277074271888,676.7385993169927,388.1085884289509,45.4923858784485,801.2162041988026,487.2119327713981,544.5730954414394,69.56030411472514,432.76623647466647,193.87017326190437,499.76961986208045,46.27572219048848,453.0861353643023,11.960267089203057,494.1908248564535,129.57088207493194,438.8449054178596,944.7690281076743,395.711245843362,1
586.6525942713464,258.28653539936664,573.2526923609328,17.331549305174,582.0039838905752,518.5345213828826,578.9693675464785,863.9663276335615,421.4104879045304,153.8478965746466,368.5695558978408,458.9537890538639,443.26342607828104,368.29084094157236,988.9097726524583,793.5642278197035,272.46917990475714,744.556413272883,806.6765361905669,416.9640006695674,1
471.8332289274889,97.5031033336603,600.7763747709234,904.0045581084464,690.7586845729691,467.3938475934932,425.293219462479,260.9204448478767,500.08801576056516,564.8949672761529,766.1681697590057,682.6855142190257,943.4510357583597,10.186337720829775,606.6159591613698,661.788337401256,437.8844618883982,463.1980646181037,854.4460002396695,811.476508178846,1
100.5688487469335,246.66287046660017,562.187351062421,563.914299002568,108.34658542730868,296.07333159474535,464.04851030073524,364.97481530140277,215.63262066330557,255.243585942311,582.7220145987312,344.69263875324475,951.7293747134014,204.38947255822026,223.57221971708407,544.4819834898414,837.9612503889176,176.61639933985873,508.0293094732364,760.1118075085243,1
535.3248131424209,79.34294680074339,370.9846934533841,230.6332246744811,969.6050145245464,714.5489047045337,676.9905034070832,390.664060754218,370.60700559918,629.6971249286236,654.884634724125,191.4608041242002,640.1958531148343,687.0432093132846,716.6507008020258,460.8891004424559,166.70243060314814,38.76798798419545,696.0920424712681,828.5375169682876,1
983.4034372226027,335.8830763975712,896.9608495749346,523.5541723950602,899.9749675419956,683.8564423186357,372.12259350594525,216.20866512508752,650.0110927309919,813.056330527337,502.83556130437887,146.98467371905645,974.2651024741341,207.05104099756488,152.36651566361158,136.17152266389698,501.67112016244243,123.31573253200557,628.8658718479029,886.8956979936911,1
386.7039111660294,144.84857369566063,204.31016907283373,423.8844001516764,742.0508966991811,314.8953270973983,517.6686249535095,593.8430727572087,757.3018105955043,105.97148968672177,38.35102375122956,479.0707268398623,835.8184155173543,834.2188519416127,234.1117647341182,815.0727100573733,801.7073457939013,419.4148173139195,768.6098810364023,652.0143793537667,1
991.0838820362213,371.28018752459826,198.66549256499533,187.80336493644356,87.33453883849252,138.29251056267367,261.15538259860085,176.7081025025238,908.0449733677932,155.82409352724224,812.0487926829298,160.48844526092276,927.0450977672837,861.3605035523104,282.86817226249815,473.2526487398818,615.8302439482798,773.8938605418424,181.51644776472898,291.7327589064071,1
383.951342014014,108.80468009130762,518.7110584773698,346.99867373653416,242.32405979036398,969.6698875378812,398.591070400056,182.32537234999046,368.79208842488606,414.10273711653,944.9293800606177,867.3524511771486,27.23659497873776,401.4691089605563,533.2944981889508,216.64821185538307,936.735651864059,659.7422656719955,323.518381397614,76.36401222212751,1
705.9719909133319,339.2715514460234,487.78149856904486,358.7707456834063,271.1262656468947,838.207867732352,294.3509763313796,932.5268830436156,360.4508127203048,491.2932578517033,48.171734286978854,309.2905077048753,809.9410829956213,364.01353860794984,9.337251310158168,960.7015428600013,666.5416173907244,37.418255815255705,512.049644336996,56.44661549091945,1
997.2681792808694,939.9172346899533,927.4021339866192,273.9053433806021,911.329606189738,622.1567016709602,803.0187158511943,327.4691412190497,471.7076323961955,174.0709824477541,255.72139045697372,799.5789725545851,445.8443970844551,360.52449121762686,119.2369571375711,994.2389632623428,410.2516506630265,520.1998960687779,159.5043829119802,798.080680529482,1
656.4328968754006,95.49795241394577,129.53364072053063,22.161956073593835,183.81626980314425,815.0455592708636,959.1618569223523,106.50350516637674,593.7266227043867,924.9888575557499,671.511253019002,793.7362672996966,641.1694656795624,908.955594997038,548.4066471466875,687.5020706696879,687.3800937190782,545.8054839112574,902.5470132292502,279.0584312875316,1
293.71283384773096,266.5606049664703,912.6280462886654,350.4716321984567,83.02929392561809,510.2765969743013,171.4111556641833,846.112625536728,612.8203149292816,143.56123738264347,926.4114209102488,305.33637999727756,837.4157029884882,724.0648487316661,518.2563690357931,77.29345650318153,592.4102068912545,309.4537131600943,918.3616354054425,449.1128043739939,1
42.113897073246534,773.3385460432326,350.18543228799035,59.00839030619787,125.63753502066865,897.9472495227888,3.0759383546872243,991.7959130956935,21.418666433702384,983.6675693412724,724.9294532613566,436.1616605831038,364.01427740073933,349.9865604648124,638.2883210910805,623.1864047121617,369.6670660072151,954.2993098812557,889.7281834175734,428.2721953982994,0
115.37217615261008,793.3026631427268,495.2016704218623,753.1590570155142,319.26339298468866,977.6345857842708,478.87842736439137,807.6614640749849,139.01438775867314,382.99862440478216,451.5141010806885,779.8872646511558,672.0014731422106,715.4748315481553,455.2081137684102,380.94887063939285,471.16200913058503,490.04923606078097,670.8281476933167,127.0345488236948,1
648.9745575214635,586.0286569742143,272.18871520742624,520.247466974072,546.3739478228237,277.54320490330883,398.40663772390764,472.49473300462097,857.4872514464284,415.2807609243895,903.0457117449724,744.3760607086483,721.3980340666826,234.02948832774362,637.5345587802549,672.35396540982,620.1948648360705,528.0532749894788,474.33254950785266,208.79640381488306,1
906.8535865739867,407.8772716365935,849.3826726192992,163.78953865851952,987.2781380865746,8.441816946235248,635.3689766685048,682.6195407150774,126.49835184994518,891.3931148047471,358.6259596732547,733.63512846242,903.051308219621,498.1892191858955,919.2967181916719,641.8660715828838,129.82918254087895,100.01677165671086,72.47650287561902,42.02833641549042,1
665.4964161206586,36.156766169115784,570.845436914218,916.3713211887697,414.87781106286127,827.863646024104,276.30990301259675,369.10294254304665,1.4759890552403787,90.21160803521799,22.108588436094646,130.96980892761457,58.57567059871238,948.017493502371,259.5745161873904,319.39115841233644,547.6014403951722,34.29691630172571,928.9830940304628,641.0177715514839,1
624.352325525334,155.59719092251066,484.03335503164755,617.1349151515029,690.8621484226966,687.1319658824074,87.65497895210184,4.341734187592983,151.81734551340898,972.7583946717878,600.6541239259375,421.47431043845927,621.5568609933575,263.22282312465995,268.2162549856798,479.73025368656744,616.757344231666,193.28468950315158,851.1125893154017,76.88711910322954,1
346.29927700989424,367.9522976231045,315.94349701691283,339.6936189177411,411.70952022851316,103.03818709355394,544.9524061160316,590.0264522134452,826.5819438296883,917.6073456040078,209.41786288929188,174.87786236793568,238.96885846681292,511.7145202801993,84.44679488671625,788.7942965526846,171.73195570405176,664.4219532148851,412.3473706459737,878.7449837076614,0
201.36953058998387,615.1408803914767,660.813002686463,946.3537668922952,738.4287977532723,240.05101266046103,327.89107113878777,861.1558705307664,261.37744497560465,611.9576401214622,285.134335157754,215.20672910358107,853.13859982295,776.9400551264105,779.9373236429282,377.95762709729877,265.75126653501934,814.4688137559244,727.8946210457935,495.2490106297932,0
41.29325184055877,824.7064381810609,498.91965989215083,329.5593621312206,111.37719351603658,828.3991035345658,178.52849136112337,367.135956194784,168.5178469598243,579.7812225742191,122.729095034681,217.82804331359685,113.14381586009614,948.5471486215552,226.61771465479873,539.1658698163156,941.1154462773769,85.72106425299941,957.3883558797985,157.3652655752139,1
681.2871971456285,156.58255474614214,907.4501484291421,455.2236052745147,709.9851640566524,952.6368140397484,766.1303428546813,342.90131697885505,338.5082662801959,592.5594142135695,366.17069708166025,32.23579334696702,517.6458948204179,206.53017067586842,715.8877495546739,246.81858185962435,626.5858230702294,819.1325647022716,319.114412212113,66.49305079928192,0
377.61286226097644,660.8512262772131,908.6458064831174,574.7988125248978,971.5855757053906,343.42251491090406,732.6547221983446,348.824920575207,143.19043137334663,991.5889540347887,468.58594132815637,44.266616920187964,60.32434241541029,728.1936221841723,185.04874059692145,17.370598860591002,449.30736239471213,304.3333849384563,722.1415216331244,678.9723170231117,0
662.5023293897075,249.27701692250326,971.8772942579645,376.45952871835743,995.1529076856618,997.3438015179715,562.1924223095822,875.4558544687197,524.9464237156384,712.992413355721,941.8325622132043,203.44636967346497,38.39895778444391,640.4558245618052,540.8399528230576,711.4040810348297,55.350159336959635,577.7538919784125,468.0807270680195,536.7746219886027,0
598.3678890394983,520.9101452543825,696.2743044076036,688.3137640699917,103.18655856360515,753.3117381758987,839.9040502469063,486.11064314393246,640.0866727846873,32.80110375398559,283.46897112668233,73.48738681673561,916.2838442469304,510.9832121167861,58.700947852942,882.5534311283666,46.54045381687077,278.42511225500124,920.8656980346703,993.8580937174086,1
291.5660329025772,213.18932811103107,709.8987323903278,574.6155042379933,471.35251823776025,579.9463480025362,19.67985999753441,835.3456856286977,33.238989006379896,429.91806376045815,316.219764233715,563.5505379546297,334.04584516304703,883.8006264305747,694.3188897414778,414.0018841548736,912.7473305983355,892.2324309989897,158.45521953373975,85.65364676278253,0
760.387675246484,275.4619690068991,831.5585932497532,513.9050836655229,802.1667512894198,147.9779938491269,824.9744268812146,906.7316989418243,714.9577603948779,82.45368379027285,383.85253965954445,647.6406217621715,538.2730449605197,394.2542152697841,13.652911523615918,749.9516387161283,379.9413041580013,183.65456600534026,960.2509535131137,379.0816199189351,1
176.24365660680454,737.5737781847369,328.9831115446273,467.45218728078873,967.5882429501736,684.7476488697662,267.9988197028539,50.89869147136539,330.63791540754704,241.66494797972248,536.0429341625452,933.0937735405914,901.3464154904441,786.8592200732032,878.225665954162,736.5148154486664,517.4819930842142,101.74988867976819,190.53050672678694,855.2434722846174,1
129.66267210573412,958.0905577857269,591.0720893072814,362.88804598605685,48.29605552886606,249.96511692888478,190.43941930123555,213.41601173564172,175.43097894009264,661.259126157562,860.8032891843837,76.80616989685241,614.257661838429,50.4396584190101,856.0440876818982,617.8736311313406,717.5324422243532,806.2576360578928,962.1013761242272,206.51229977422793,0
954.5635401819923,682.8714947461665,809.9567204069356,841.8747513327319,907.8189603564349,349.0778566273903,332.6644367784154,176.96158348613955,881.5511194742814,403.5733805720868,854.3661231866245,597.6062631434681,845.9591693718021,722.8691278365009,797.837491910438,242.67506442615493,35.210137418581255,151.2892392783147,752.0637572561533,873.3483899213735,1
475.44730637457997,384.4170889090055,325.74730693715657,856.5710061173769,359.9401841058789,348.9943904249386,514.7389893806715,457.07918374928556,472.61497793009255,151.95094207950487,960.4949812358484,917.1960485443883,477.72006288860933,782.0643470894861,95.82344780081498,602.3402933218141,444.37732021396135,157.67511051941807,494.43456013938027,181.97770079024843,1
928.7536200757198,522.7622942825996,831.4391033456316,390.1746394824938,278.54496969369956,628.9081690963451,485.9925458905151,534.4824588607977,885.224690601764,825.7037577230166,381.8200788435053,442.62118603964984,425.69958009174235,827.317902279327,775.6934672383375,37.08693391359397,271.12032563119436,345.4741614795702,590.9574372248243,189.09172964173283,1
209.15013237518997,254.81428070923195,982.7055491168996,944.2236086867782,186.58733078885902,498.66927222697944,927.5019793255898,706.7356640833149,896.8882987784492,766.1383446126541,462.0811785074477,298.7338368207174,135.7702974460343,10.79245951374963,975.2009099516737,13.536653234441086,843.9305949220834,211.9487538710827,985.3098609019,898.3987123775573,1
108.16846078734399,128.42863543163097,6.71283355330865,39.858500130227625,720.1107050778586,186.2005186009007,923.3037435794155,172.6923758422283,818.3036845019074,132.7446958925188,153.01525884494404,62.253930575904334,684.5411183346686,606.5564408383711,938.4619774462684,880.7868314010157,251.30182603322936,916.9197948132258,957.6022399990414,435.44511570931564,1
264.32363905874513,448.2776713875041,969.7867769174205,46.15924575315034,275.87755359400455,655.4664144709637,583.7751154469499,239.44718050380632,320.75862786622235,585.948411890853,446.7930977216771,790.0632885589305,343.2573064525016,922.6904152392219,340.8548597996216,42.49875198574904,469.3763881367683,702.7689586048781,680.505313126912,445.6804562039682,0
505.6203571629372,244.7711666881275,523.7621577377561,508.50299380839283,247.5370599717679,192.08383702568156,688.8447730441186,356.2528832229041,374.3190766419751,746.2959859919243,106.74100722807978,578.6644061378142,466.79516529580025,110.1670091003556,93.83513157653522,689.1543989603949,209.54853922200854,727.5620756261341,774.1415345966276,484.22411715057643,0
798.6550471898619,558.5548968593264,660.6964103054701,454.74343691241813,438.89447454822715,49.01304847736942,164.86236684910403,45.80421195156226,412.28704242583746,750.802641210827,660.7666682886501,260.56613673339155,738.7808057585904,552.1632296735103,109.76105177732909,802.7380297882354,987.8337519721624,11.46690385216731,659.5900251341163,435.40811014448764,1
364.8617735098173,230.1328467401814,769.998968652178,620.0406324659697,928.5663404798456,506.7341336905743,836.8480942130734,607.8832325273996,605.6224866100971,586.5149298247123,941.2334774849575,870.8415923740034,213.69102686626252,114.34371145020683,16.90062396427838,246.22934299668952,657.8501759254385,762.7535696534152,114.29971887096191,867.3571047725513,0
143.10700326909765,280.4259542892875,510.9432945981771,875.8736408091245,341.7642579510012,217.68384893605608,773.040036495437,250.92918140775987,941.2067154511045,670.4038065722651,852.2104992773482,652.18843381325,652.5230303241541,39.93051731024244,648.7107078152548,11.44456433813168,304.22515625351963,362.27092517274775,962.2111693374237,302.2116174844276,1
84.71474213272722,497.1620514729217,202.98705876107414,590.9195128498203,280.51957525101767,150.74924144098435,752.0897111301219,379.77821146768696,147.1467304625913,310.07903658185086,603.8255542786345,9.003006747586696,389.05625381548634,893.069476270303,544.7217684326031,411.8478312815665,724.8491736278556,775.9844516237926,392.4709349525508,401.65836008249687,1
265.4999772644272,666.6811290009108,479.1836228525776,941.9988066530778,128.9831854614799,674.9202952908861,379.69659085209605,832.1031761166676,902.8672712975352,41.2906977654961,28.36220325320571,663.3376267424544,528.2730613616932,41.31809002386066,800.836635222414,221.34452027617678,474.1936270298499,79.62564150969864,924.4380870685548,305.35009380383116,1
990.331505363042,425.9859890524662,179.03732985207054,352.80528821220025,859.9312806059249,309.2408307685608,9.890885421134922,819.7541859381264,155.50774283663483,863.922005770171,77.03680441340278,851.084853483095,72.20328247944818,656.9823557248782,227.3773449480827,474.18470638061694,940.2996700524268,726.0653062407471,833.0654576526148,200.24563017610308,0
382.0207979517831,349.604725377881,146.5928915947393,772.5100391480139,362.67085797314627,866.3788821636915,894.208250148462,66.81319361211202,834.9211230190261,738.1607758628533,37.47623859692639,557.0486020276111,223.85435113706265,256.006229909513,159.97777743770746,788.5932475244217,713.8380839544467,317.18394658243176,245.47780552803,246.43667884071263,1
346.1302888978454,858.3700663948661,569.1939202752727,504.4121146807974,328.22219122180894,574.4188014181826,354.4897949621853,341.7912194523409,437.4338820947132,690.5927319958365,719.2025080906476,901.350367123388,450.3430410602276,242.20386678932394,220.22258269792383,625.3503852127983,669.7442253832814,644.778523760248,816.9017503660845,177.24523851285778,0
421.1332329080859,282.98876390402575,711.5146738626559,11.581039175631357,999.782709081737,222.26372738764255,656.9010730439393,569.5169167611823,702.4776896572463,649.156996147001,367.45860032510626,694.7555258086844,93.37353086545342,547.9728736756962,168.42495047182894,676.5446916934304,570.9411260120229,114.97859467813288,510.7469386883283,79.56585596444965,1
923.6326998572604,88.91181669043458,865.5203973961205,81.60931520255687,538.0040421050071,827.1886570634425,559.8885187652018,187.5762176432566,505.0579992373725,858.6632553592863,684.2038288625168,732.1071516228882,528.6299415512788,899.1026352750808,846.4554225081897,807.9438056350923,738.8484270985477,7.226497960264866,417.34258232785504,229.66336224331252,1
36.438366774467546,163.79866343298045,659.1711539024037,518.6926385444419,643.8523893536864,16.32661169945937,625.517635636802,686.4484814513067,591.2583697022377,60.3880159776875,116.22074117977532,140.923064388069,571.6797816792617,656.8539660144211,380.6475720804647,343.0767725362649,51.11529139040882,997.079357001828,607.9615114795312,383.0025499360511,0
917.3032260819087,574.0790310258367,388.8214744144671,474.8004798101153,279.606749693882,205.19597466969364,345.79648078373435,832.8004896270347,559.4070290322456,128.83160766507928,237.75319767759618,140.912589226566,193.20462907347846,93.45052302819768,395.3829316262414,937.0727067139395,988.214482866387,362.53986948797046,128.22734064568186,780.1184336306861,1
205.22331550930272,636.5327525979783,996.9382285972365,706.4065020476303,930.7406857260962,663.6587522144821,290.37881769345853,142.80098015775522,940.5235451405996,707.3721439270467,712.4217925833494,286.6899353804929,799.1248902731277,934.2747546922839,844.9000441685517,353.65275285277374,76.19176407684958,790.6054045538629,255.5616910737971,986.5708259312217,0
33.54546109033696,469.38172172154026,84.2406043671734,424.4519498676017,748.4482790788098,357.07551308184384,116.30221230818971,494.8279784813102,592.4484359605771,652.8621697396832,347.7721956645342,559.6864652432987,579.339063326899,276.16561328095634,184.35044562740498,432.04640728524356,884.4866171698836,491.93272402271936,90.1221379329643,580.8343848312701,1
36.268023396179075,440.6082351506556,374.6006096659168,789.0351272304583,18.069883597902958,405.9793691859118,697.5830501013914,584.8972261163542,773.6555146979384,932.349824109845,437.265220113264,957.4611669913949,885.6682536588078,614.2391777797376,520.0407276877951,243.02925731505675,730.6346696026833,504.9700014703996,493.70102062714926,11.653736796828241,0
934.5046964307157,339.74548411481965,142.21840270104315,638.640450721848,965.3602615113059,241.56788742990508,494.66325339990334,953.4983250298613,184.1789324812102,277.481633172451,211.04162470768884,177.2556920855133,548.0143257402876,992.267513285408,799.5504513151927,892.6962088444847,82.83108449455312,705.4775920070113,697.4908349184589,972.562589049538,1
885.9111332748658,570.4265560517653,41.490246871327074,178.0393586661899,350.7748519522034,496.3794813800633,690.9251227984229,423.09665561310027,112.10453806252806,304.0229087499249,118.08000319535206,871.1950475202527,502.74544891642836,254.9092194447089,487.0021209516491,453.6604196599918,957.0991217191175,381.9950055499809,840.558063892021,999.4465621532062,1
277.62562402111547,674.0966740542674,172.0782213665677,185.33820213802332,480.6091545041222,185.07731091029322,402.39001291828015,218.6263952935944,627.6045642310282,618.2429351463403,126.11963519042713,616.8001071470308,991.1258318213993,990.392120163169,109.39704728345245,533.7204992383774,21.729534632117353,226.2616337520741,85.17612921563145,329.7181149247178,1
510.3149716035412,278.6500186573898,775.0117247401203,77.32198312460359,286.088404320042,970.8157178974124,445.1258337003211,703.0849072117808,383.5906140616321,768.395213654538,659.2613600892992,713.9015699780655,352.1279409469846,681.6834002555997,311.4915629083128,392.63961199830624,976.2995140077314,562.5760182086253,28.91387194953088,437.410631726494,0
389.5553162239783,948.7976548308623,949.045694941718,672.2598736264395,121.27101677179574,906.2600792775306,210.8839137693277,24.760098058908998,870.9373917207159,929.5230884850771,885.378983195662,579.4104776646155,448.56862385313167,161.6720421031531,996.566924956333,381.8856191298591,608.3837342833874,620.0978003452383,573.2607613951467,943.3969723030756,0
864.7473965679434,822.1736717393248,482.0703315530709,360.34165578757893,766.8439009410156,904.1054139556679,108.4731507803327,761.6634206795983,225.3757175269008,548.74830999096,352.9024571755959,594.549646778457,166.21065433032823,743.1137848582215,616.5991037004017,143.29671020934964,908.3137501880137,226.02781583321763,444.55186665974077,52.59451049076824,1
740.7844557933496,242.73314650458644,766.2308011284294,978.0622672741168,229.1406202984113,424.7578123271498,564.3507722679142,904.0081653964994,185.93362181626395,985.6203326555168,569.7235963852663,239.6918352964542,533.6860308335131,789.1763632186511,590.6062892996812,116.24614409823741,193.7865221409002,215.26380716196857,41.50268912579258,735.8202720106053,1
332.7447832666917,580.1182030920954,703.2174463205888,838.3764272246239,511.7406989484093,319.77316255318186,98.2988600005259,130.26339612224248,213.08925911343357,518.0905369021399,375.86787497142626,757.7223595334243,416.68431120077634,100.60141914940823,290.2833709086116,60.66300454133366,641.5217872066492,990.7582712665571,438.7149495099646,204.00546379977337,0
102.89925017229729,82.22489970487901,45.15626985782861,830.936367352996,384.87077031364834,763.0468360225221,697.6827043438493,986.5857674442626,803.1987986212853,168.15668210784463,351.3863794456399,25.912348817069052,646.7021848828999,226.82103418501865,565.5447492061231,393.22608917572165,499.1837434000382,444.49742123245085,841.7140508340113,639.6479321981269,1
543.491581741619,11.726028282350477,112.11842011832063,616.908245952227,627.6732163827622,409.9569156544821,157.83470988631697,238.88531508823206,162.82124407350673,104.15314937035247,320.37562506784434,436.6832250401076,884.8694527814815,820.5831203787549,864.3499778350416,516.1950943600041,49.44462468285526,0.2879295082872657,946.9107278814831,883.345582428606,1
78.24695943860726,445.00027820220356,914.3076140405843,976.6662157078995,212.4574686416464,208.281355539081,705.4067809021086,204.50211300756072,525.5762754425593,664.7266269116648,767.440367893362,718.9674994000516,945.7543473178669,541.2660204988911,642.2853816219608,999.6662828780865,5.2651109510211125,144.53401643995966,511.6129252885867,911.8882094331145,1
714.8400045395134,627.7845983173546,188.7889920381818,273.9343960333476,351.5573713652259,666.1383011817044,685.8031859328224,81.22887009539848,897.0103248549768,854.0740007986257,91.73163640137393,785.6538510560266,51.749299051521255,985.1357304390056,119.07391110054422,297.29811600977007,462.11362198763607,566.9670300834607,548.9642095640389,506.1643410930895,0
729.0543063902393,768.4016227874216,406.9796726340187,501.0434536710551,826.1615967782421,928.900276268808,71.18993536261742,919.5564673886975,204.9903578550827,206.9228511448541,39.586718190254835,558.9146367933337,704.5996087013871,40.18990365700703,831.1969471686356,36.332289547736266,702.7403141360185,6.803401165216494,695.6009624297436,627.3966834089672,1
94.93871105429142,292.30446445705337,823.0695414969291,368.4838866255374,703.001194421713,885.9124456060533,256.9929498542479,703.1981275460123,601.5644887002693,846.4708808736079,907.4487776862588,27.11301488384754,283.9394396230315,215.79920155218934,650.703049372785,666.0449449042052,472.8405364507838,914.5588175411905,28.009621056928946,699.3174055533952,0
824.4255933021643,662.083218279231,962.6189574344392,936.7608165498244,373.29188721866393,783.2232465167068,737.7752829818985,257.91174755375937,777.3858512004092,821.4756554696063,955.8776735011335,742.9234837660223,120.79545256998492,906.5459385621635,208.91273507805585,363.46826904620025,660.9881475676202,931.3822781506594,573.3004003954102,59.89554839108935,0
295.7967734111907,615.3182970378913,598.853540920611,959.3511802240631,868.3799151226724,456.29469738612096,796.6926956557493,649.0962098971308,503.68445566931683,533.1257416432364,424.13070168235134,834.837381870516,910.0378321853652,610.0514526864936,189.8642524881422,182.6260330052756,709.6793917983421,710.1097790834743,933.027592911477,398.10610767352273,0
198.24559260972364,306.94833139207134,142.4952907178635,133.39383600647216,626.524895382494,649.8625891897774,488.9844470582506,379.47757747505193,399.3495385295933,974.9123277029441,851.8691808404748,822.7164034974156,519.2872646072453,874.2954135784292,451.51121641325096,235.4402787238755,29.004983343602465,740.7216152581284,230.2907710418467,533.1019505754282,0
863.5481421564448,274.19105019948955,5.727869295718446,898.2669011140051,843.2304459389533,216.87416629125866,551.6066886509373,671.2175417146759,464.3250578324433,313.0682742420527,635.6811905561356,375.85780347340426,133.320642317566,297.8256881441417,601.9299033500766,103.07348189178312,133.00852882951952,833.9466854401248,590.2134518448502,892.5599637109008,1
252.25024047968893,427.75268777105356,529.0699406762149,848.0676788133393,748.6017117832546,504.01476961619494,88.34853659187935,62.742984877301126,147.7977080138806,104.40608712174094,132.08468085572179,439.79467285033616,770.1557718271648,250.2677738540724,873.7822980656724,704.85830204573,809.0392196227482,143.29990888595867,33.796734893036806,811.72360986682,1
17.00130059696825,820.6045014720378,561.2081166341263,717.1590179207227,513.7877331451837,899.8416482843702,687.7933000305002,313.17945285169446,59.22836137709098,984.5393915663932,390.6565395982365,312.20955012756355,449.4726435737878,907.7618234297287,662.5201981281373,265.6001335624687,290.33778990212863,130.50623035217245,483.60540770956885,896.3874057594226,1
727.0491477120095,127.43425996939384,290.5844247083773,593.1983981079267,140.04067687967904,834.7051998851433,632.0091013118972,694.95779455852,285.31292296731925,193.8473550630342,977.6286235660307,568.8281149280994,526.4473230484742,132.20540920372648,601.8941494532731,657.401759938053,101.7710025836669,708.6256934967226,989.1908727199519,217.63233429787522,1
10.587464474825726,237.0613915173162,83.63642675450455,434.0003894409007,884.4586426994514,170.00636454975583,373.00127987837584,749.3761050933632,757.4151541578401,567.0097661101795,270.8692162505517,412.60256103505344,274.2744807832289,953.9603384855596,59.76797034674075,560.9568322334599,610.7253235583628,174.23015071521763,730.2597669494587,164.8425397416986,1
478.24270858025585,534.5366029498534,196.51415782709626,945.0021060365085,688.1099401113943,900.9146153228876,710.9581554905684,417.10805493935163,401.7998126313451,94.0825269799136,126.61714581914296,415.4234121544961,363.61598469006327,213.89314937435188,894.6944347383995,882.7285912208381,928.2525998172471,143.72890956515448,712.7625363316116,841.6263948867048,1
222.07679134028956,389.947209072336,922.9972443186263,435.5232529933098,359.7443419975156,997.2315866126899,685.7587377721553,423.0726678081788,200.52132298872925,47.96181167676616,111.27467766956111,197.9235613569097,594.1404117386493,200.2783457267877,444.34159822829025,635.957887402534,316.49725358080593,368.9175638874367,316.8492120181751,243.29426497468054,1
613.1136087005646,293.8490795972486,707.7217772615884,552.8542267966245,42.082488786545966,902.8594764062933,1.7553759181875295,62.3251024983803,205.48459477853353,905.4691919591144,72.91413242241606,104.37643139989339,902.8312820848648,988.1750036450267,897.7511506437382,95.87491298403205,226.54826750416012,878.4208406959976,751.5196241539169,461.4681583541378,0
645.8537773800065,61.68812797854506,965.1558279404909,287.4455292326151,952.0260690112743,190.50981924363853,789.8940126056198,50.054024457370836,63.99297894631051,374.2812906730649,728.3590835288677,220.07124912864995,978.2492909748563,209.90111196146876,311.2612714329697,528.3969673230387,578.0525969340518,498.5936605977058,87.9687691221488,28.322297936255513,1
936.517251826993,271.0333963379663,380.0666568818508,773.111336884455,688.563360354436,901.696866856082,777.0906225927171,190.2234292610172,697.6284396735012,271.18212742517613,191.5233377367028,946.0528381493438,654.0321543030302,582.2625726124627,754.1701254757261,862.3315500333621,272.43041361312316,949.5268551454503,611.458119047177,70.93700448715023,0
244.02364860453696,410.3998283270831,211.15550030095397,971.234557504746,664.922830070531,359.46948057872817,231.68520318528562,371.8714819565144,363.477162069299,344.33763880113213,389.78307868019067,795.3703336678019,448.8335586515324,564.563098594877,225.7082719432486,461.4696970673914,20.255151937459857,93.19765083901255,701.3964040057614,112.76766019776463,1
469.66920757550315,465.85576241450764,859.5127269906759,134.2114187822897,863.2966753682564,401.1994546763414,331.9349158725723,568.2748793471752,602.3889201476784,54.73668874080728,584.0980294303166,482.34366885209636,972.3417791821435,669.5878835111197,965.5507929077279,329.461557448836,409.207883055816,818.3076740208263,715.608730784344,135.44503696566667,0
864.5198939898945,757.4128461657328,836.1404327258914,860.6972956464643,599.3999862724568,576.046462142077,930.1667482138691,627.4796892748521,39.23022816541033,173.8308441012989,300.937766902595,717.5885337571527,14.950252798941133,997.277064245703,484.2491426353313,867.3718437711478,545.330365988533,455.63115297766757,674.7773349389084,403.2165796939795,1
205.62049415086182,217.011569126629,892.9123863088317,169.32174517470034,820.767327356453,272.3169451616937,459.94407762225677,728.2693745237937,214.40215437817034,555.4311091241377,457.49222640008304,462.4241188955527,311.91514997881177,282.144807293414,211.89888139449332,808.0286283881868,75.49009020059549,163.38027246634445,129.96545227928746,136.92518944024957,1
240.4026965739755,680.8685262005356,809.8072367636311,434.61802002569715,711.9522536153456,775.0038750428637,840.3401042050001,211.3974315686179,798.5979884641533,595.5752001914426,51.56274994346888,533.9633346328258,406.59452348332934,328.1024172810538,140.55330204643056,60.61444875566313,38.4771750463021,626.8131328221784,946.8811315310262,648.9680392468573,0
452.7034857209754,519.3112132231493,936.8365600124749,787.5062349644401,730.2663682953913,195.49796609579062,258.41098185839286,974.6420895846096,828.9622967523361,375.36573757758265,197.56633650347888,695.8512607424385,838.6568731890555,21.702087997410914,193.92398736503847,921.8261256003701,946.3224892886025,860.687828727684,537.4061695847278,362.0873680670709,0
508.49459313023726,217.64381590163583,795.1273532831715,723.0067576652111,963.7878751057661,60.583262536966885,402.19651808757936,542.2844883494589,532.9193967063214,662.6042920602389,835.2172961389505,928.2767245502853,104.90777294192044,282.83949574290347,113.78455301255642,250.14591628275008,954.8971712553988,665.9488627674959,699.3734211353194,692.4647932563681,0
506.8176914155624,426.1220740331101,288.1121306943394,509.5621458341519,959.9638400550332,261.04561332123075,381.79237990905114,481.90457457178127,891.6455359412975,273.038793999588,124.7443528837171,926.7762900207606,510.6804911752132,900.6115382829032,590.3675900425591,751.7111581670597,274.5404508591912,503.9252311357661,288.10617078978873,92.71719826388447,1
679.579977906611,541.909009250747,803.8351245475513,233.47155810011355,649.6935923724316,595.9567709337036,825.7555805507002,195.34810738450548,914.6033757751582,6.674243507050814,547.8767089512015,968.8514331454415,314.87546148458324,983.1577273790813,614.1882557018299,172.6450241220814,656.9340097661324,893.9702704301317,280.6307671190288,833.3773978242858,0
715.9415123525163,158.70573360542696,975.9246852062421,415.8103728574117,172.6286477900497,186.13558889790127,816.5040534767428,743.3635675662404,401.5626494419352,18.366575854063427,967.0020898094808,523.1513332568403,819.4136648852634,26.972125892381516,289.82946376692075,947.5145477781726,766.0662889176742,198.91457201616302,299.86282545956266,340.0225598325957,1
979.8712053144898,220.2008753438398,626.6245768750039,916.0005278579179,360.66387602920594,121.50795313918672,358.56092377274797,65.39690587455316,193.7686463197692,280.01208634328856,90.15557179027533,388.07467994449365,110.26920651858241,881.4875945199742,27.45660894930124,919.5167852507358,507.56243283592437,943.0120039733865,441.7943692465808,86.73287552420872,0
595.3004548292803,813.887591769728,378.0141870757282,253.73525793410724,639.6350025219666,820.4661083478134,737.6325138428657,409.1583095236804,739.387228698772,767.2950633976844,273.1521968752926,515.3913631936002,123.19566090333522,25.055307487352962,695.813944784229,526.3834028495456,145.48607607329578,358.8234092746536,567.0748174532772,626.8089463658582,1
968.5701372973696,713.8910963485199,266.5343383439668,8.344254186347877,752.4161412354243,406.6785365388589,264.2457206244675,160.69103032341303,847.9226893173495,265.6814073302535,739.5692495852477,707.8789448252705,200.79925035200773,827.4627604384625,796.9958892677157,465.0965000100553,703.7619007459359,101.49595201635597,661.7354948108958,986.626971711025,1
44.76301728962528,272.949734880681,193.56481559819906,120.76364883764057,220.7281328636882,329.0655620795692,189.6842308593979,570.0717415638305,49.45771676319033,793.9821359116179,351.78647180109135,101.30459191332486,857.1496739980497,132.83243196100747,48.559653239962586,277.05441152316524,359.9781865909305,847.7842896365477,186.56942149317734,704.9705061551447,0
354.2154381118191,703.882003295118,861.7351155063644,568.4573312542342,388.4821125769653,719.4134307202157,894.7672536422536,562.1731609624687,0.3660262313319729,149.95029709283813,114.46657641556112,672.5786494005207,826.8855971410962,759.7524082805174,248.91141449399333,405.6191272934354,733.8737540929549,148.5072925418286,219.9665486056138,9.951443390970871,1
812.1223937754642,949.2096953816982,632.2606558271601,400.1309470001447,67.71494075132244,268.8885276228278,160.5860690913421,488.325166382922,739.0848133110306,767.2835254231882,595.2235562712102,406.4814500246933,147.11700490561418,497.3500451207125,204.03806754664743,968.3983328418435,77.48859525461549,372.83881703493546,182.07349205519873,858.9281464033454,1
991.7833667171301,102.62513328817147,465.2148460080493,277.2357460953011,13.130778761716645,644.4041158125119,42.421796623112854,344.1987563930735,607.407001803092,611.1294467867651,98.67802234738777,319.2488511089323,417.6042622801014,606.7975892889717,594.958090850865,176.6282502540345,144.01034100531373,116.81672225096906,564.0313374084361,617.6431216002666,1
262.9301287387302,623.1246522568995,203.03690170778444,719.0796284124621,428.61409866106914,903.5309628507724,168.30690151594098,642.3612005060331,271.14186015210396,861.513830535747,235.49233603168096,343.68766958173035,763.9780724301052,980.4153450966364,810.7926574524869,385.6523607990884,341.95983698707124,433.3643457775149,201.3977675012073,509.2519264779806,1
616.1369839261323,769.3020830680905,437.80626321570793,722.8257047337281,228.1834371800431,517.9539498134765,163.11810443892017,917.6638152221142,91.99575572758268,177.13228158136928,643.3645686917246,965.8548441398437,623.627468028158,647.6906113305946,798.5189800260476,215.06219749898682,928.8174440326102,574.3524847772244,552.8514946326251,31.535235161445186,1
930.763094950375,606.9022709434944,847.6933269156247,432.3774920206596,266.2518377500718,907.8250053071813,564.5254073913903,982.856746181213,654.1208520803407,264.0625573849518,503.44000760731524,39.2834704759526,133.3975411451861,855.0509774343421,352.965215852864,377.51415190294534,251.7303897525396,745.480962581821,403.5056098175351,658.9695198249216,0
873.6806837872716,393.96243773245374,974.1530361365963,977.8064893031185,861.9179067914082,231.87050241470487,374.4480603547635,172.87350381319155,610.6963263173938,834.3341831170051,390.3975116543944,57.250992636158294,868.0011384641015,363.1707619281253,799.4953369840813,606.3530644199451,683.2299784857111,983.1460226224051,615.8615003343135,739.12757048112,0
284.83256640854114,952.9552597276754,91.22732324387573,633.6054133783256,985.1530641667875,728.1714927455745,158.2037721788363,699.8820664545054,667.1329730492189,889.2806407105427,128.1746292943783,994.3315792240477,190.95153608753802,379.0318575581262,787.4518580305005,601.9363127085448,979.9269686708863,483.0990993473563,516.4054792485961,375.83448403167273,1
985.188279208166,316.92434065278275,536.408262838221,560.026039101594,753.8976091394613,938.855822541982,604.5100596672005,48.30426225797968,865.443791828713,57.38885694185814,778.1924293820595,897.5421209755191,644.2426604511778,130.19354718912535,613.971061240219,314.856911980258,595.1971666749515,403.36675174937966,595.5925327031484,204.92732544293767,1
803.3476457665681,617.942499450537,459.66187243586654,854.6353141911998,75.82629803146312,402.37679530704065,59.42930831535431,113.89044437300133,995.6361418192492,985.7735311054088,213.60638569918765,17.37752334999698,586.7818812974707,980.4943374161695,479.5857585773207,976.2996204856358,339.6184679803475,313.3603255241947,521.2420750458646,938.2106990882908,1
696.4330216405776,910.1454678659327,791.9433885333959,842.2089512802283,577.6210343995122,591.7526498420116,423.3146147303579,547.4221127877339,646.4906520481826,292.1445136087165,291.92278278895066,638.4703033167284,571.8522125297546,342.0580854254787,701.138495364307,74.50539102437936,539.9151006091058,861.8239660287536,209.6110657917484,21.258194179167745,0
801.379506730101,154.93492350577887,889.142936838597,800.7866275595594,453.6146467340366,657.9344201934152,143.60780762974235,806.5499996977991,735.8310153756673,590.8426300350782,456.94159085517936,653.1149140960916,387.1332196496452,558.3497884478252,128.65010879422135,627.2798608096023,812.9727718760297,4.201536578858467,590.2744186943169,986.6800072693137,1
653.8877396760665,374.07211405964966,916.2766442563673,568.7821377384956,356.3465944349462,118.4094888831142,427.91779320747156,485.2494110334221,343.27710771645906,402.01503080869503,893.966238657298,705.6417541963301,633.1924764690182,77.40856442611476,609.3716449318963,805.0975335937804,997.1025377338398,491.1313297593536,631.8966141429279,817.6868463160896,1
549.9228021454694,667.877640274959,260.84783543778855,265.30628672488785,322.02781783482936,774.410668753636,957.5529671808505,438.4527607241762,638.8925141223096,352.0109872799386,114.54370381177237,555.5181697907728,262.54681532356574,402.015293026606,336.86276907169224,307.8668119948994,982.4859831105044,944.0249171269404,630.0461483637752,991.3496959438215,0
29.81464412688506,785.777300265219,235.85006440076506,902.7662323294747,869.849928505864,525.3340381767994,397.5298621957414,954.2607574578526,207.17390425066796,973.1875111211915,956.1720046797274,778.2285515266997,181.69826281322733,905.4090300199109,373.15190118732977,778.2977509694931,14.199997210067593,223.4632714019411,369.3193542881098,264.1710611163788,1
101.63087868879272,302.235100471288,19.264046544597235,942.2019624029898,428.0474772398675,75.17777946989924,369.14294744778766,601.2193303706397,170.36225990126863,425.3978727935419,378.8600403846107,594.3475219699047,227.24897086641792,715.9088047335873,537.0739488132355,395.79586129649067,773.8450862952446,463.33773963436806,529.4392414133347,722.6999035662445,1
853.1032660706443,558.3418136377547,90.35933119049777,663.4842089400628,94.09601081204389,851.0244344683083,149.98288302359853,733.2427515199709,382.5797816281297,515.4133568329315,323.70124971110147,198.04632871366545,809.1572230738797,908.7416331698553,795.113122238453,740.5475368755139,370.2639723670807,774.9595380497194,216.70706217759218,722.9130258889555,0
735.6302835396091,17.147612338349937,925.1115361925795,198.46550426329733,349.2140137643377,988.9544108886283,66.69440277129091,636.8525183086067,159.83855072038133,960.498149868005,529.3424074318915,241.32505875311793,189.59769417062046,292.10274893217746,654.7322980696109,734.9166712332224,793.5825870692153,191.6389662381781,200.4347068560348,981.8768365307367,1
606.832057189618,0.23534774396072322,648.6310490029987,708.2015048127038,604.789715448721,285.8690801578283,380.80583992183637,362.98510225200073,262.7872033589236,506.3231405601387,212.26947114993365,132.51224817715013,318.227695600939,148.21411923685667,278.17804925407785,961.1423612418525,374.5128250679265,746.0503153158488,487.808321990008,466.2943566096179,0
900.5424793011144,875.4762394343282,799.3296307886375,249.96663397748242,544.6683932607239,142.86874884132283,865.7817962795982,482.7901345816341,867.941628099387,92.54751861521926,654.7149151895255,22.326838882321674,882.8132253200201,129.18190487050708,735.9615970784694,134.55137569118236,902.7758960282862,251.4667185530588,9.432027230059091,845.1181296578036,1
865.0122467794926,880.9842189936927,335.5813483639364,332.79588737152,381.76893229691376,580.5012334776374,117.07543234760232,334.2588608408915,476.3356744891354,679.7780558976242,913.8652170032549,790.198571522127,216.49948021677633,514.4612838716184,519.69275773681,738.3414457690014,530.3384854813178,543.6140126996465,199.5531515531871,203.0904354159726,1
39.386941398857346,148.08994397040064,99.03380856971266,123.79409835621047,316.4938902173767,743.81996883922,370.2648366728751,161.15845565950337,552.7109962112074,600.5802345156317,105.92601891087116,14.918404868984991,660.6664105042938,966.3147407840805,297.44857786629575,843.1435916781721,842.2155315657097,367.6935653515254,819.2877107987352,486.281781047799,1
80.09979910162679,932.9933453087262,18.118132116972774,781.123637981548,468.8099525791468,75.95798716456514,994.6413738545605,75.25941277490756,733.9805110281833,322.1470892750464,440.6278973275073,496.4670761820671,635.2959637793774,422.4903082668429,899.7399878606799,270.5513063072614,997.3601789320205,108.82619833297613,480.8961303114555,409.5839317708627,1
503.925558641493,732.7548547145143,238.92423881222834,544.1097776479787,223.08924332255842,946.7315633286298,74.60157037877791,39.252154365099216,335.89080724652763,552.78075015556,844.9285069548357,214.84757680156886,311.63072219177815,689.3997499412163,773.862324962871,280.81188793791137,552.613943107543,990.4030313693595,918.8085416646724,372.9979839411398,0
413.95111418513994,661.7563301122884,752.8160163255662,381.7916300800447,833.8916296125798,435.33910750217007,512.5924359503564,814.0441819049815,921.3545976691505,901.1897056935113,432.3318370681682,757.4604707507721,383.71694267006694,979.3494102981742,825.367146640797,765.8135489962766,70.1014943791064,91.80337697401964,833.1446874016709,487.9007664308769,1
719.6773263455257,713.7379468315053,126.21407963774278,204.78791888301217,65.09142210274277,883.975590264478,252.06798922431418,895.4244893023744,9.15338408464661,629.3477934971128,678.1078186368236,589.5109506141075,243.2771472783205,38.85511574984979,241.36285789829603,481.2682056136567,771.2039241793135,703.1964799517668,464.03971341717966,321.8528636039697,0
315.2474453249176,890.9919251954092,871.7317371185247,749.107801991415,32.865464083377425,562.2803139337886,312.8066185733646,389.16244870183624,300.9752762363035,903.0421707519191,997.9545795605319,933.7672248812618,107.02128247075626,405.0289553062581,510.6667332345669,848.4177149421417,679.3026679140078,602.1861940362238,496.53680447510953,932.3335804376625,0
487.51013106114215,322.92826855618097,607.516769233051,160.6174388098126,544.8712226600113,21.925822197224164,75.86560584073432,813.9255621394238,530.1885087856054,627.1558853957798,40.033127924709255,87.7013939632949,234.3388003213145,377.61009590420525,115.90705280465818,853.7579946954547,428.1431539936056,871.7832360883732,960.05364434664,421.13801099593405,0
25.49965683385491,301.5316204853201,987.5612502673642,742.868263373273,819.8827745472918,995.0381447179594,801.1539223203852,348.6962120414212,966.9443887737756,199.6223694573609,130.28441813153268,631.4379405955685,624.2372161009291,777.298694039603,251.95713370004248,908.4012210046017,855.8526571583901,632.3220278848369,140.05659526138115,555.342359609601,1
484.5092938617295,272.40901538459525,994.9244663045304,920.6604277732147,861.9126011855432,645.1442499702908,288.53705978418355,97.98783747980188,996.271124137703,779.7903805617971,731.6347525777893,312.5697087391793,347.2763867696297,122.39816122601133,184.8508426981307,21.2578453296296,760.7082114147156,858.9560289462983,301.87204797291844,423.2362270600991,0
205.55802699744575,682.4429885038362,14.026394158941912,846.8361629607382,920.3251334456686,301.1213275073468,786.1854417316148,688.2865653679006,77.44814834083202,257.54446773085596,962.9241953208609,351.7009618412211,421.13232979801063,439.3259363808036,707.6353562539484,986.6888121270445,965.8789667757994,257.1835063039678,538.1590097134956,948.9476238397823,1
531.7403056268656,969.1071051318476,757.3835026920851,82.93180617548401,421.59228711917063,903.0149331721456,219.51075224281513,963.7757813699036,12.649664234823055,821.7134380244479,334.41914583782005,858.9947022857733,255.40336956095499,676.0472771317576,109.35168065858558,894.1290024250472,15.572951457000329,690.8410486324498,260.86749003279454,307.1382621777683,0
556.6291973859393,337.29693570055684,614.9660565298922,649.6483292152445,857.7235427265068,217.97709154246826,622.8130766536857,683.5603390198285,344.56011144868216,746.1840975123348,840.8009442394989,507.1397390177365,342.1401244534865,143.3262411649191,759.0119032795216,112.43559460896834,625.739851709893,740.813382851338,440.1104032836349,453.08041498756336,0
346.4895489758669,679.4811586619375,546.0376762425471,535.0846602057584,91.26329123191479,940.1679504502312,596.0945801939175,498.33357009730616,468.1580265174201,714.4672498531002,368.2029939042703,94.47079240947387,50.339205270790835,375.8742642390135,257.9612184599367,597.5831826269781,341.5935620320625,522.0425714347274,713.2209760455142,649.6678931118857,1
985.5931704581767,590.7267072874891,92.51001275190218,468.00625211696934,653.5401319155055,401.1845507428085,693.7522050366546,860.0255405585996,29.06199731282022,49.61758364532876,643.6113020783655,899.9617641090239,95.22630831155632,30.46135158700103,412.2249569655021,209.38756918355773,194.40950539401612,363.45384602556794,901.64916943024,219.27984805759704,1
912.0629461908546,766.3256615415108,633.520259572784,510.0033290042713,888.5762497939556,193.78879898686463,276.17349101635233,694.2728294071547,807.6460425221867,556.4552650464036,204.75851213748498,578.4717715782581,527.1893141971246,761.8396583969347,196.70644885479703,468.33077058641805,658.5852772280997,631.7179829419734,904.5927733376778,340.45692586223186,0
378.1308264056295,160.07798197504607,754.6151153483861,684.5068919453947,13.23110066094868,776.4345222474102,123.29581683120938,58.40672993263662,744.4163154437963,842.3555187643124,424.37727820620296,26.307843036104227,667.7744646627948,273.02647923767,381.1054889671903,672.8330488001764,479.58999461275386,690.9271494087378,562.047614911316,84.2703101490152,0
358.0525759176657,402.97290127640093,997.5968265612917,216.32855408409202,895.2693081056442,114.80505090994897,786.8073754760788,869.8317807428642,380.6002457641361,635.6679137446612,787.9047332926344,372.3020998414196,477.945195428723,794.4092691195922,342.9129860981954,93.65411644787768,914.9162597040007,981.239703142301,321.5350793423197,778.9630664644764,0
569.1536636847376,181.67717565584906,547.0808525474042,133.54597433618287,624.4850111550177,692.9523880628802,445.0628395149534,153.852236388176,863.3134183234745,342.32898655458087,267.8936029781305,839.239834853769,141.6708576795115,306.3839574564776,670.315085606768,237.26799497852392,591.5963492064656,798.7733769584377,653.2779801392924,196.10841196588459,0
765.9486170240116,795.0779344667347,583.0130875988436,87.806972317916,727.7114915230437,176.1850404345956,422.44489526853204,985.7304627495612,110.48980766141302,550.6035343141268,765.5554385965977,134.97262061111215,738.2634052448685,782.6206390179224,175.5962987677474,303.76839762917973,227.81248048112656,596.7440430522134,401.025306552601,195.66055373856074,0
751.2111269031891,59.08193078941659,392.81195691938643,381.9011184372113,85.75412903333756,74.76376165918185,30.65177209695824,737.9748017144876,996.9628472972012,213.1023351272554,146.10556162730282,439.1364946653109,743.7935606954526,654.0888506807539,341.85437246031205,107.97820333797281,415.74945220304505,547.7286904227979,371.5853289886522,563.3266619001085,1
332.72860364867904,974.0831328043934,815.4942389177944,521.0849472683433,435.5299062034802,232.46828377242323,652.093050378306,271.45089383416297,404.41730187089684,818.0394679282173,795.6197153267404,554.3319156820932,758.3629492299663,991.4435325763528,919.7178500211361,279.75865006855605,147.98320999575142,207.97163185387157,195.10606427164547,427.7559240861127,1
188.9061848135385,489.26739743537183,677.6300300804597,124.32749563068634,362.5821331653879,293.90867658720197,917.4376362136247,91.86659271559961,636.6407132091942,944.3273648410051,702.1286569836344,226.5159452143397,797.2515960978274,785.8187085974661,677.126250459053,588.9227704501451,224.21505700248113,549.7796682094543,100.44733747047907,734.2725379087514,0
666.9613973593367,829.7812957945372,507.76232661326736,132.83724142618135,830.4926803861606,783.4329835425726,226.71373238009951,146.0281340324745,484.0546552721837,927.0958717123623,918.5412274257483,314.6771563976122,104.57325825342478,668.0087730241236,322.59159455362794,139.99759542826973,320.7019432521353,63.726775671098636,714.7380449589259,565.5688742847191,1
663.5327392631641,521.8688081686669,118.1980516671457,599.8169035997463,940.6309698040693,4.019869509556795,7.707191502826394,65.48375629853642,758.0545119921052,207.7576855049431,132.81118118350477,494.1225054581627,717.5042080049449,689.1403495485802,14.202191758634907,232.47760541466022,17.947233060573666,811.6312356563025,423.8611349618353,160.54548038001604,1
602.009367621681,212.6558304373578,407.242686784289,906.0841157752056,74.23878144178397,898.1782442870706,82.1331248807503,96.33933025494423,658.2875696497857,660.3390010800599,478.2461777438818,816.2418821340444,225.93939143751186,420.8906343372624,807.7324817704158,992.6277740843173,589.3155444403718,439.501452339236,53.53850644549296,792.0155284132337,1
274.7174164628281,46.45353435794996,121.64468200158063,816.5698384106518,947.6507888432361,622.091499362529,855.2531893152833,951.5244243574733,525.0370564433935,670.2099772915391,744.899728305957,613.7545638733351,708.0112742683102,904.0079483047845,997.1053711454456,787.9539788902232,810.0807112356736,80.17724415894678,188.7112299717415,986.3603542357903,1
249.64572443897714,174.3444296020824,303.294446553308,908.5524165384135,821.603275964681,807.1864357498264,896.9003973347737,604.3576395153549,780.8652020992816,159.740740089657,305.22276257746717,281.3299858649524,144.18849605053364,977.9243347654037,654.1297426820995,530.8821283874022,460.2995652161258,20.833957636513745,763.2617543284175,233.20478138383882,1
412.9010726232163,40.38237477636819,214.11168126504566,166.80360862530253,783.6525467425469,879.5794971103883,437.7262666011276,781.4585810323028,436.7675387036587,336.7960988150386,273.8220280086042,556.9619271874527,378.09760118533865,324.5078410947575,432.963164745395,336.4144757882851,341.17651249913683,414.2436408752076,845.5050856934603,143.30777839519925,1
844.9134590097738,459.26751077847894,174.14000973799693,41.81371954848723,371.8708512869211,594.1216496962815,516.0010976230898,650.8599071546056,613.3228716005185,610.114373004884,240.88183951464637,324.7572002294329,210.04048504075655,9.56621501501498,995.2926487365298,309.18393432431435,207.90149728547425,294.07882733473645,902.3691567111214,890.8603619801635,1
323.26050030009236,244.84895077864033,489.97536910279393,666.8876679070061,54.882243757853225,31.114862550998488,421.20412297529265,175.88854297201863,99.60680154109957,76.37537753029045,449.8105126251452,570.7027331230906,148.1432199838796,588.481353905245,871.0376383443776,906.6313662340642,920.0953437475498,281.73826365632226,713.3045061573778,766.572943165455,1
243.90372934454962,12.744205211100756,208.40435860196726,735.1845087750007,719.1030266290901,738.7359765922733,683.1739727643308,719.8703362895753,686.9201093518624,748.9830069525428,923.649804678015,560.8844493657583,22.88827095551449,139.18409772966157,581.3978647670834,852.594293202855,616.5743491419859,513.8687268850464,969.8865489472383,82.00816112398445,1
438.91440409991856,105.09068613601768,580.6423008972752,531.7833313804274,877.8113780128818,85.2909565327803,343.71514728380646,789.5150555162579,781.7792273486675,364.066749859131,47.90589489675989,959.1998083605758,882.2713973563982,860.6375777115458,837.7397166863138,260.6804342068364,162.72559335916458,302.4807964023708,493.35161059486234,252.1971921388624,1
178.3606790107848,684.0074557623356,448.95483955246675,383.8613365797837,180.03928625337628,467.1095662556517,588.3479116292614,899.9971925747689,340.74099652726284,245.60832645859543,833.6871958651664,632.1566164555871,674.6931458862211,329.06211401457364,259.2105214607695,122.43533631319347,65.61421257259748,886.8936892629412,598.0979206889515,604.1033365247522,0
183.6856241084035,99.79339673327236,406.4416005942805,370.2607008942731,531.8127962069248,374.0832687515002,736.697397235306,719.8205563724938,903.174100668438,234.47105302429605,563.6358636681505,532.7994677935945,40.091537778259465,874.0632654828128,417.1608279960516,181.8178524180234,586.4076882568031,124.7186459293832,222.92154521520268,711.87113290069,1
965.882465133326,951.7461413769527,80.4299413802495,85.94504484080268,935.01124317937,301.9256753409294,675.3557750403896,166.00981257760304,302.2159385798195,83.79956738409943,315.35254211744154,471.4071851407871,410.7932731285461,123.5013290864142,187.48450322867427,835.3894845285097,70.71517184684816,777.82210788378,790.933951045144,693.6002138907563,1
173.69315079736737,371.8948117017481,756.4673612360555,481.2852662618459,398.0719090289249,939.1161132111783,508.7333215309592,196.53076761800602,231.35407036360155,409.6895706097028,865.0908645751558,982.7098620446797,721.3275064339831,589.3453274102674,916.5362999254342,527.0553540315677,14.000338174288252,853.8297896902641,423.60757681610886,573.4746844366051,0
924.4217940013262,605.7943154938063,543.4401590240136,584.8678552228066,365.96492114576716,830.6384079374806,374.37233714758946,930.6975564026287,381.78412227842387,336.77460012452076,665.5921119090157,795.5679429362815,913.8350320313682,857.0283555810828,184.0078234193998,244.53890211346675,306.8576351405826,494.61796894981416,157.58323235616766,757.1269649546211,1
106.74695361408881,295.21556600727484,850.1833554425978,167.3396474926382,782.0029056626514,569.5038594040227,496.4064368765348,437.0306835297669,607.0023307228867,242.21594905882304,125.53914180364679,553.3382873909657,65.62416123992743,224.7970007132749,713.494071383624,275.8117402831848,767.1773006670957,816.3632067156151,712.7637689297263,446.2317943088174,0
452.2260494961565,596.9864586898263,175.51412581663863,840.6581342612805,65.3889218989564,600.2410345085774,573.0875408459476,828.6813926669253,837.2522398817346,590.6750816487654,161.95598111217512,374.03825081055743,371.5929688777628,921.5187817838603,534.0129795607119,631.6203708274767,145.49730193763932,48.45002819845301,999.7318397518574,455.2209013001913,1
397.9875110343344,969.2533664790602,79.86281291692931,594.1142629135713,500.351307723659,229.1170384720118,411.3287818063116,195.62532801174692,963.9302586509307,866.0883732294297,46.632824256981124,833.3113239851364,155.9291506270236,569.8736924701489,504.1870477311524,492.195339339708,321.8011008422673,163.45518746408706,13.334013095534058,463.9130709230155,1
259.06015859917875,511.0348050463359,592.0192606723208,82.54299941959509,82.27483795133894,606.367999011715,769.6485138185614,191.29102741001248,846.874894653669,435.73111717444226,445.154391994818,286.16295025320284,729.2036021673161,833.8920325147553,612.8107743466983,195.75257854412243,332.9646094335932,83.47185159952053,829.6190594972308,653.1444357535098,1
25.06174428506036,174.13789670536295,919.0201897147978,209.3725687530883,104.19380278997691,724.6627177855005,373.19384065800654,761.033269321006,730.6237270619669,100.8684352382817,311.65549254354073,451.79478680901263,114.06084120161286,528.2893525465995,633.5660741169486,350.3468975256789,549.8323515269911,419.84751959642364,621.2653022999107,690.7658051122992,1
812.9197235953852,960.4410320471575,138.98988076870623,964.0392304875093,638.4120232212955,25.18957564737545,196.40579371770716,970.866616850237,870.8767643623299,281.6652785360416,3.531148958837216,608.027925588242,294.76955458488374,610.1020584672109,695.3516472237666,755.3593417321948,149.8564592113334,982.6592609124684,203.30235834140785,29.022081500391096,0
636.7047597348919,68.45816713815067,293.727743718564,595.3775765820759,697.3041716255407,531.3333694317989,305.16357367576273,611.4989546823274,874.6295528778493,703.6386252013112,871.2157345915115,807.2877974755344,320.05921120028194,328.4742754593227,551.2486184831475,108.01744778653155,725.3547282299356,656.6796510875523,975.6025187648436,827.7679661272247,1
37.652080820408386,694.8471604686652,901.2549501827294,894.508726232169,435.8275211681485,522.1252807182295,107.8975048515317,187.3214874410586,537.5653794783818,703.6867466654443,200.1655540756322,394.4917825347591,849.204229620406,460.9031580907221,547.676587733073,609.3806207246051,543.0359496740634,380.7139875322103,389.6857314007982,813.0172010266756,1
507.68086727849794,263.29960656728815,256.01105339448816,366.1121170388133,648.3626388693589,904.7786976098732,356.59237226600425,757.5782647886517,19.467275227397884,563.8765837106598,838.2452958741294,213.4849032111229,156.30950577435087,254.63474648691863,45.39094787597509,547.3028862322498,833.3152115248482,301.54686906714903,703.6545166081859,871.3540400976187,1
167.6684542171547,385.1345438783298,448.55355704553324,768.589910840124,81.27348278303215,428.9638914180075,413.3240852309231,636.4454751055836,924.7556314841662,145.10289896420292,917.7866083651847,937.8338284370788,884.9683234696306,844.6077028594267,469.57922000325357,349.69780571073375,314.8521216321749,11.541532463231864,846.8320101803004,500.57157575941744,1
533.4693476580513,424.9607583811731,250.08040818853982,152.1954811097831,434.76741939261564,510.53798090009604,140.51204125538752,813.5286350785316,395.246327422253,630.3968143593323,536.1624810319614,1.6580937867339829,768.3141898105803,9.48115121356774,255.84096169144556,417.96815937043607,354.142408191482,64.83195123520669,37.65154422352646,943.2852201604071,1
623.890564207201,927.9790686541862,9.388361444909732,733.9248927131129,88.80033753557403,652.5565575638117,396.689495911335,652.9034816437648,784.2382218689621,221.66928679251808,27.183062698538652,657.1361276943763,911.044112696423,709.1579939431856,645.9098494287784,841.5475550594849,517.4331276124041,447.07770007705307,541.265704452988,560.0189422066562,1
118.73389576691451,777.6603755235924,545.7375286676997,964.4420261250198,632.1929058193184,136.6433542414883,984.4589091833518,830.4899716906287,853.5744395250149,673.8090725513847,682.8915272649815,727.5695598485207,60.78822456916833,885.5097307086236,846.8405251019111,815.0840020296259,737.3852361717633,326.08414659849296,167.98584639832848,924.7162492720621,1
912.710388478524,299.3789033092817,234.74303622538827,421.9263768116783,891.4832413428326,410.634309244949,713.671752590173,484.68727038219527,597.7947314110953,841.1160066625082,969.377540071432,643.7757256303414,698.4542817870168,666.2938056107811,641.7995264711755,764.6199296480435,869.2351943177314,310.3121728164504,87.81544887950187,695.6781597878289,1
633.8430789628705,374.0288396564717,451.4968442565403,730.3929307670466,595.9236602443906,241.4895850160621,159.94865518157886,292.77251665012113,239.06472025483905,925.879833708766,689.6798381454204,819.2631549035639,813.167374010104,346.61841747108247,186.74901426793923,289.66827522073055,988.6272582476995,53.52416105072078,262.48054194597535,993.0234254677355,1
162.90961893390087,988.0849185301556,957.6475519284246,328.2427732374381,438.1682599775274,710.3912763886409,475.673435546035,821.7932655504761,806.9039683058668,446.374321410417,567.7513617678194,110.8018671379969,576.7516202780212,508.4518593890833,167.90524512853344,583.8786757195429,290.9280223322247,539.8949183724485,67.05319648477837,122.19665538763557,0
96.40633299073164,944.0958280680545,327.4194095493782,760.913578433626,924.0757488023593,439.3369135764823,441.99427249899395,179.31684857114493,216.08064193116837,981.8237411713934,647.8730918940291,703.4107093533023,893.7361128108714,969.2493838753257,623.1697799053902,410.0341042697191,167.53022391313755,219.04726867469705,287.10896576788826,599.5381909925026,1
920.0229985529309,811.2690555504962,911.7773824664649,50.760310660726724,996.2594986401688,971.1673484746111,889.2884225982484,66.5924643324347,585.5563228597752,247.53110372360644,994.2439211278023,505.3810611369134,984.7806636672026,684.6731047946423,896.6717346843624,308.99830530182993,394.42722785340914,846.4317704323759,239.25617416234047,234.24448708872225,0
689.9088393784064,811.0617419051532,649.137470389567,644.2112500421264,207.916148558148,653.9653318850858,121.67948961863561,19.3880563853438,733.5488196956406,572.1102333277536,630.2098001209588,462.6772448287917,496.2737111993782,930.8325669311411,119.59917929015651,7.275601173821089,520.3571186420975,209.41355058438927,973.4333839174302,505.2434483052378,1
456.23265817043745,824.3355739574097,589.7971095374683,447.55415577725756,251.37707043770618,657.045227406134,514.7569469142776,379.94311598018305,769.5757077174392,604.949155132811,281.90402236456157,250.3640697806926,748.919460465221,300.67915686616766,279.06561591755997,189.68989479127342,582.1150028278297,234.70329711216087,820.93908175462,995.6284644602417,1
49.63223020627105,622.1505866308005,608.9114710111829,960.1790214613096,913.2751195138848,907.0412733120594,988.4298063071075,203.49112538809712,616.7597720812868,66.59130033681294,706.1053408497494,688.0241882377477,721.8071578209626,764.9375879983038,35.94906280820287,23.259316065127877,631.7000332881814,52.485986861841695,391.4065217049272,757.7063730604708,1
247.4076515041842,888.8279637489043,396.20288932858807,947.8681809362173,477.7548161480624,180.0899489643971,983.1060459804922,327.3355608282432,503.53293060683836,216.2969502456239,555.840058709973,544.2045655650251,872.6017089655752,514.1553333600629,308.00693604785954,57.63000045834244,668.8016409519222,659.1232730711895,170.18776123568279,400.8119130950201,1
542.0192297126088,909.7546665639744,164.15851540673188,970.2549884985183,981.7474214292959,798.194841225093,457.894332037997,392.6242685784305,528.5072380203075,776.9242523224906,240.0283950572264,80.41736594935445,731.2872170810548,470.72184503286394,99.46078235788703,604.9730687753494,665.4791517431892,896.1992779460148,317.4676712236103,927.379235940098,0
338.5118495679976,329.80115902968885,71.545890672433,562.1793137864313,48.701492801038086,391.1074017008431,727.1987428918997,0.45713767722799226,660.8287067073578,309.69249858816494,718.7333663474332,456.4322695583706,353.56696216407346,611.1646952123403,765.9301810162738,140.16454681451185,780.3566425458163,448.30082687318907,698.7698254199588,908.6334095643463,1
978.1680328974022,759.5002359580527,915.9640247642172,723.5032589001468,784.3702857371864,270.71352208336066,873.683786549405,54.561656999458805,933.5255056572928,405.54452664850504,57.50018143032254,33.04218298916106,431.70718118867444,784.9614608040965,217.87496077957147,468.81715298439394,206.5453657623253,64.88961151790562,190.06956872666458,859.2543856365158,1
703.1708204442452,198.63589850501373,254.1659801955871,757.0575334825118,532.9853637720977,804.2087269634346,635.5946011745851,527.7684320816574,553.7355277907195,998.7340660224005,507.42537326296355,426.3710457449412,807.9443610718904,729.8183842619546,173.8699119329,783.340928978811,736.9691641397828,195.8419934685629,87.7671264001828,580.9933679537116,1
333.6667572059782,717.0213139046889,907.8057019534403,436.70336282317214,42.17546468664002,493.9281435155468,879.7941946893415,977.6774029866054,309.14820032689386,912.8650506716226,327.6005895878924,477.5006889584367,28.416434286571256,5.269281716481333,891.4078210351928,382.7859466234896,805.1710610935895,375.2473828504178,899.9104541923581,176.22526046400245,0
752.72990626335,870.5181702064692,6.195744120326863,46.98244890400627,36.07827755309334,448.6810437897448,566.6806147539238,579.9267106191919,180.8024970352391,460.6034021599195,968.0310390413607,385.6018918114281,713.1133161254148,790.8461575171516,289.19010759309515,555.1821136708492,973.5524929470398,266.19583598634654,906.6026609616431,82.5609394916591,1
926.8389654691613,131.06102831136013,860.8453591635716,583.6093094515749,105.62535990307653,44.275840859308026,534.6078424797038,58.58937296031363,742.191324681282,211.45424997979612,706.8626452930819,448.0969780726476,345.67133531698346,287.39058610599744,769.8746943891128,188.3327725923597,402.4552072020941,862.2550332761704,362.1533496578452,290.88406003377486,0
237.91899384923465,972.137401793885,582.8514878211687,535.4137267798956,338.17622121544997,336.99488244201234,713.8431617462545,244.90293525267924,820.4435583571969,645.6658686913122,199.01283790922952,147.1005170422256,130.67960973894787,402.7798644924181,532.6594834206471,127.15240707759146,339.63272859991645,282.6658315360736,67.18865106546967,134.20359387617498,1
646.7360499617331,283.7015771125988,763.6477602639403,46.15130866175976,530.5307060781804,448.9619178874018,285.38794753357666,4.017231962185952,296.64816181011633,941.2167127763068,877.541807020805,324.7581221312628,425.08367939549265,493.81504721384107,518.6389551270097,884.1422170177794,916.3724660038862,64.03754756341019,862.1519037825103,574.7370762771125,1
417.0496590229509,878.9621236347562,303.58291901397473,174.71134351483653,647.1012233609387,777.3920100615569,148.94510752837832,357.29845491944366,428.9281118946217,245.9901914933712,316.81281924879767,918.0806528901682,251.77832364814768,20.54340487847284,645.4884594132094,261.5834012871516,327.9491408295453,479.73278674781403,686.9186417102147,807.6311361158663,1
289.273833477938,140.9804557677603,366.00118128544824,302.98940258663765,649.7084624656858,235.27020042671154,146.8047866046328,176.60252937175503,354.3101842997742,504.9457124935357,748.0110086399831,377.2678440972221,892.2901215187487,440.0141933383617,137.80515482932566,488.6638132713915,308.01509940953997,203.9336093928309,570.1146072128984,10.379385664463058,1
958.7768729207633,357.5606058887737,614.0393635850124,693.197459993974,161.14869180921454,637.3081233185403,10.09723185271827,418.9932204683012,6.463679911423492,40.99499241111171,835.1444193223093,724.1834001326529,793.2984087638096,782.286939273459,867.6586125279293,308.7971771981409,266.8254001045706,454.7546009821949,995.0330781544988,532.6479982062506,1
868.5847018397668,417.3454482165167,998.7033181892555,286.0618548702222,990.0794666663131,8.94131723235214,954.515256398308,19.539997802728415,398.16886564026066,551.8317928556155,305.09206431824174,904.8837340468322,861.1205945079716,115.60769408890503,463.36478102356017,357.29421847251086,348.2121422686618,314.80899377742634,922.3425114032466,156.96032669028648,1
324.93798464449355,655.1916446146419,257.2215007431131,913.3440302737473,415.5809544835053,776.1254720408957,318.12421646232383,902.6668266334118,313.7237308716152,903.5642215985175,97.01470397136336,62.63150412693608,311.9514976199156,747.7268596165735,790.5395921666415,55.09520510965182,357.08539347192493,229.98093532764398,829.2778617095995,308.1434969926633,1
476.1621943743551,572.4237655934448,605.3435822247403,664.9458324736217,944.4654002582666,15.550497205949366,514.629989695001,461.7162091056507,475.1612227537038,385.4323404436837,821.13838412875,567.5139566742203,35.665923217693795,445.5779544591556,65.68232350099112,615.3810121213395,140.5949734072346,906.0975883835233,103.18968889003388,17.459646538944607,0
749.1051352920966,638.8621193044929,458.79122939799265,299.6175914926178,702.264228277748,241.4325799753758,457.8165462093455,277.1996601466754,723.9758445522803,812.1714676360832,174.88902618134506,752.3656747096884,886.6433948684072,826.9165681739399,133.29307914412703,183.76989953543733,29.914989256745518,222.27227906838732,607.281717730224,762.5122194763672,1
176.12984293948963,154.3835197633121,661.1596445127471,513.2303893871075,426.1415148829327,532.3323140574491,41.60163711509812,167.3014088006357,802.5707830487429,604.7005880453265,815.4635412972368,549.082204274434,802.988047658705,358.6507852516905,375.07993057925006,902.6030558512163,953.991369965636,324.19791381925336,567.6296793630947,673.2457925455601,1
294.1562618490129,132.4703599585425,245.20364456913703,121.92177653740322,744.4325341350725,431.1457519096256,40.86832254731243,833.6680942511208,396.7645029497392,164.7499492383755,207.1525202809157,426.0172206978835,436.41101072850296,590.9435743367338,607.5776146954257,143.68852840386936,429.56819447239127,243.75786540131662,562.7993529337181,888.2751655448621,1
744.4011174445666,331.6055004219367,812.0912519403814,755.6864262603585,564.3113175229528,164.1854249421406,228.0002026441731,615.3549632861619,893.8027559855323,179.58471847642053,483.06854301468974,696.9056542926945,387.6495711011515,983.6725105487878,904.6231725516833,646.3104243571547,445.9262476129488,313.65996441171586,441.4533487808613,30.20703383971246,1
599.2156841799984,444.46734018376986,693.9414522534706,28.132009038996376,646.754260873289,819.6064948115721,824.905994676552,678.0709335371726,272.24837716695515,244.4557205828105,583.7124593550911,688.6705148995018,273.2401716042452,817.7476879040958,512.895329179608,218.42491255767794,753.8843068159584,605.9188464939809,434.30210527985025,625.0376257264152,1
390.9646997157261,97.54263913766825,460.97674848046466,39.97061034178262,989.3257626476454,568.9070526866726,23.832415211522463,205.95493088931383,243.654537330662,358.57081789719393,625.4330317517972,494.8788346772699,762.1635531819651,120.49878130662461,647.240492092537,587.5754018826342,230.60831803377934,178.0386735096281,542.1020871524026,579.9941723913253,1
131.28880697298595,643.0197170429734,855.4696978946117,375.8031504702971,378.28663602745684,163.90412561943702,345.57328157275305,421.14386964831,789.4044643213375,335.31216024971224,661.5402249509629,830.8556918031343,633.6703397730882,180.60858925530854,562.8666517332044,815.5230712784166,838.3740404832001,271.6860106519127,875.8623503022526,676.3837410704832,1
29.435581556363942,446.65796049944873,867.9001915456677,192.33854396258167,65.91769878149489,495.017407752424,441.35951967706785,196.38196393720054,566.4707425042955,706.9200324047556,946.0371265608994,146.3476204353945,303.5324127365293,650.8828111016331,164.34710493633676,343.6990258388658,420.5358008043556,769.4311074539529,668.6451766668545,898.6361984226351,0
236.39972933271048,754.0224095773185,416.86996320525895,154.19080448575696,40.410647138657055,737.8879452454511,906.8192101403928,83.50643006178026,223.17395217387116,734.2347863413206,292.28611633507995,854.0392204672669,295.91268215637365,3.007727394528925,416.4434385479132,699.8328023218071,654.1006876347622,11.222300525066785,491.4686570540202,811.5545963991638,1
589.5796752329295,568.6311262685633,900.641497873069,101.39665577684842,858.8291679092105,776.1640596731779,867.8793808207411,363.9145348381347,636.2977580215882,441.5233957040904,91.51220000375527,590.583366734589,810.0096161023433,55.694791888561525,95.40172943714553,682.6505437135929,951.8895534684008,887.0684547554681,383.30203125826955,870.4757009397591,0
395.85585680278655,283.25467344550583,396.11685758397607,542.0425464243497,87.58963664587105,738.7154983744575,268.96542961504485,356.81567126852656,496.19952240646813,346.31468634506524,272.28490969363327,799.4331514506812,151.41208431222876,552.1926923448644,343.3294672356123,483.330378185553,37.259203277854255,763.1322567639262,282.4643466730711,501.99658085058786,1
61.405032511618884,839.2153699489573,907.4229439485074,884.3737477488427,726.3006216970301,926.1858765164033,930.719476004928,252.59951596801545,668.9601953484708,88.96392671907272,802.1209085481247,156.5735765984453,712.9730893703356,759.5060272065265,293.99389229595806,975.1107271496862,701.3028594221645,391.3083362731291,576.9685052177299,109.66483144042594,1
327.0151753703323,280.8879343766917,156.59348881691403,558.5942901130378,301.01754272154756,259.13776721703374,422.6639384034372,150.34101243004594,864.9334630785257,363.42533999606997,17.67867460692596,707.8950125450941,304.4350294891303,914.9491627000988,492.29998719705804,193.32909501753093,478.47427157237763,586.6424291385555,886.4064884172274,112.73862773887599,1
582.4538726476934,466.57963525008415,860.3789663722596,696.0171258270854,859.4575230506257,856.5111655991413,342.17918839583814,729.6358410025651,545.5127368458105,419.5124616083655,779.2520059316016,424.7157783096145,384.5176437367414,145.04449431885757,75.73120659150001,237.5953510350539,637.4583381973106,114.55180005563648,505.55360695012143,817.3989688729908,1
737.0214119015169,890.4668676492496,716.1530258021482,796.8748786800461,754.8607567877339,99.16716900339051,752.4200545838236,520.847823799829,821.6483847009661,55.49548417524763,24.59327769113795,326.9301079553436,226.14366696284793,389.14399230308203,414.95191285165055,358.28692217893865,671.1546325000761,119.15004390342033,292.36298317520817,16.201818899572174,1
777.4391489298143,578.6926775128508,500.2637063169031,925.4081350455843,387.5713336228377,918.9583135808424,72.29160795331002,768.5659303357129,599.7495978652148,969.2422375417257,72.11276271645906,996.7975534747275,9.370472146438825,350.9346079392051,141.6473973635325,634.6178719003344,131.03250245714116,988.7171537261813,560.8262694309437,951.2142132219255,0
546.3478359617812,123.77147938677125,170.15844296745263,520.3691012741745,367.7466315368294,523.189936584857,372.7978073470405,16.203319019992723,626.6472197881984,450.4889120762015,176.92338825584298,675.9053910346438,200.39309996037701,654.5326104934595,789.1581863825417,662.9135624150936,819.9690778268591,599.8328214599715,139.37413441875714,56.101821260514775,1
799.4367685391446,456.9643144531395,222.39491248280675,89.78080166861157,620.6037419791717,430.41153502480125,1.2242675640018463,638.0066079713713,707.0976117038591,660.9872145501326,344.8121779501238,285.0830650448439,177.11764449310718,208.7861843809873,757.1157115869071,556.6138927873459,343.5640796275242,39.815409455910554,690.4374508307518,943.6560858742602,1
820.1198555122694,489.2321312411299,932.1598614232473,538.3626801679086,235.30580752438647,659.1754444502056,166.934507402255,665.9260500353113,62.875782010129114,33.221734303261584,227.70304483093884,48.13869695061135,813.2735983652631,194.11346258354024,259.293502310432,309.29604843200843,481.51117198139895,233.12354360569975,448.9136602272418,282.7380805766726,1
917.8486574981996,53.84416229426348,965.6306880305923,869.0012077487016,642.3269626117067,15.878783830035047,490.65168538980487,663.1685377350369,786.0815237877213,869.6610791640849,148.22313804809596,101.32885565426186,17.6785226204067,668.0671525691826,395.4472574439208,348.6556946833357,917.1992884435545,392.3400864984961,627.4111048495274,952.7132526249784,1
619.796777654378,449.3847425959406,165.39206919277916,20.30641373564923,597.5666698588118,768.805600289688,321.77815323775826,337.9910557487752,287.4408479723041,298.7075523475879,819.2646822573286,690.9628441743129,252.98233040985497,333.45195459953226,842.0170939957013,729.2694678949506,135.28774259411068,254.72668752727668,898.5350242244054,728.3772861909382,1
829.3074781633925,744.075060102504,347.97063251115736,767.3326545769544,9.602452235396463,122.41404294582503,851.874042309923,807.8298970751804,20.649653527297197,848.6046018574002,50.897699761700665,998.5836890315935,522.4590580123913,77.3058536878074,965.6418782804162,957.1908786845083,939.7899633145233,589.642688941725,409.3252721955533,310.558908626264,0
472.9686306512888,723.3322911969339,36.11688499923626,76.76790233378871,834.0933586269889,455.37651993202866,836.4491721295784,667.2602977796746,702.4708442644828,855.6947366851695,891.6727785777308,291.4495652374306,579.0395616076183,535.5733723512469,20.28670135536137,331.9615150525599,438.6332071922261,141.2053970454864,920.4731388174928,417.65251757226497,1
791.4928344180823,36.29929321729286,230.64250464777348,61.17476595600291,518.3539968835539,978.5653483525276,709.597143428598,270.9910283093435,105.93457001894568,525.8786170358226,956.1346176746057,967.5860379645543,328.2483298248423,161.21725381366437,391.22358480352557,743.1231437932569,905.9676363887131,512.4129666763715,385.40846865751433,975.1753932504569,1
394.2109539390384,168.01961554636503,531.6688000281168,63.92852463077969,199.91650017471986,248.84260094289655,903.353036941606,401.6524429199738,680.6203215976878,606.9535419648934,954.7725461756729,273.8966600193624,572.3037649006392,542.8400237287165,534.6866518244163,212.0529590811505,413.4730097477093,349.160657181644,2.8951663119825,585.8651444486346,1
895.0306754974316,122.94703540136787,148.00637719421493,26.41924261137374,517.8264058998019,131.36142690793872,46.56300631794308,7.844869954137579,297.8913447765004,349.1126126392927,120.09742562239722,70.0454387806112,739.0742623638897,802.959040119353,889.7215273456601,797.3812363570349,848.9093106533142,485.41681135687054,749.0474692602859,359.52762242515155,1
810.843947834485,338.67921908664044,599.047436288255,237.20215560114622,973.5864697634288,963.4731936236167,907.090976463783,800.4280831104102,709.8396959742987,100.38798313183506,535.4115908941302,443.26155654284617,37.1266594143751,127.36191987377843,726.5790570454543,975.8861545303828,808.9441283589437,49.21567721505371,535.4165248975662,431.59649036109437,1
452.6054958773581,651.0988266229144,706.3269181754033,419.14404757143507,682.9623107230022,766.7953466798399,343.02001388057636,327.95821654980773,953.8451620504343,920.6282665013993,11.288011823927357,586.7948535867736,178.17714546912276,525.3310132910514,286.7920729211585,520.2147041255761,307.13393298575676,676.9638548767639,63.45085222959956,106.23604682694499,0
212.84317337403925,576.6617156067492,257.8195766722649,830.63593042542,154.89249256777572,267.04474842716485,367.1069633793337,549.2559062527978,516.9162581196443,908.4880701237535,626.8439327777365,124.2221297157603,56.331850408067766,946.2154957040439,813.9836821812573,239.60429389667516,15.286296025582736,855.8386632885017,196.99539081297968,231.7704740615736,0
715.7394824424304,122.91781796476464,104.04157384030887,637.0029691839071,244.8458493005451,212.5462538737819,998.7994463917294,566.9020267097155,957.2293651892345,178.8032600952063,955.8556314805662,203.2436422570878,811.7540433294168,942.4817931366449,765.7023438444838,524.3199957210729,386.94292941348476,179.2873749349637,617.9321041495668,629.2381879289984,1
589.9978447330137,476.0128693582906,11.647876278635394,180.94619492808982,967.5531642054981,74.77769362604569,270.03812281039427,305.31698322788867,105.10848302726627,612.8526477083046,936.1992793516995,319.11020104327747,87.0477984323681,511.2872903163318,58.137924744209755,971.0675263281605,819.9847611011838,489.7620515687514,959.4904471600943,380.32928966377744,1
848.9897059140535,555.7799733042889,903.7783697795509,302.1011246713129,825.7300276047449,393.24131059994704,862.562768963017,853.294363397539,929.4128324427521,808.7279864329212,205.81358631906943,783.710102838261,673.3888934715125,952.6302748399369,603.4658536996712,373.209572453429,693.966774605535,478.28246197639004,390.4035660788715,113.60195845437416,0
821.397271285745,829.2468597311963,980.4638758217525,703.4026127841751,202.64287973845208,541.1725959337867,669.3037728903851,842.1294011751962,996.9139741976898,247.92876465195613,756.2161299626422,507.7437847493036,150.4629494514904,85.64897272422245,199.03118824521528,221.6405258725378,456.71701912206873,629.495270974302,178.5117229877008,683.9265027960063,1
229.9037237799354,496.66044662956745,43.99302722688647,530.6471291192686,669.7751122016035,256.9182605312064,668.6588587404045,842.7371642821139,305.17221030824294,729.463158638525,734.8354548566228,47.5783235376992,351.4982557073505,196.67942876126142,592.7588654803776,80.10738554861085,177.3863907573593,909.0953551448082,295.15235150036546,877.4450127307297,0
761.5202462420169,657.3306289250653,445.55117097695097,585.8031555450804,926.5195058767412,886.4888551526124,628.720434218878,721.6248071079965,189.04738384659646,618.5229395471538,202.89320072906148,83.59802247152271,138.89923375573542,514.1393032714914,876.4768628598601,20.493006680573856,731.8804416460406,346.68436594760846,787.1031457653289,836.3634282700914,1
25.36063451115822,633.6977590953263,110.23831028440955,771.1478612794853,127.3250892785175,473.2581967504912,628.4127597198764,514.4516298983897,4.8024741064875975,558.9324661847311,433.4034198609914,615.6017176254046,709.4364406580403,493.96905497345034,166.26150982236453,368.11878323568425,92.65992488864904,912.5315719871885,889.3976839105301,561.353260726445,0
285.45340139207565,333.501715657703,64.89995750740806,911.6958331653451,781.36125344061,441.93807815607545,585.2085664179493,99.8192016900551,912.0701081068264,822.8208982926417,535.244739937054,800.5987933195275,859.7985159916283,61.45974780953223,273.7433592755518,122.13235909760644,27.926446586804655,401.67694989735867,454.22713193395106,10.227581297922672,1
253.59710927450752,554.1465935277511,818.720834656256,942.6623861460541,812.2714145119518,973.2750039188782,766.6681088046316,520.4189684779755,255.98913656999366,514.84138134639,658.7200186509074,954.7038705437318,518.6953018156726,949.1568384184241,853.1488016236069,36.86825147422002,514.0378164137848,755.045690323213,41.51607170587213,150.72751333632272,0
278.18006964868414,342.78957623657647,470.79545357082685,75.43610392968192,514.9356989680723,476.82633424788156,295.0721489847907,160.7721052876385,195.16394001819702,143.59068465053338,55.09728076232556,686.9828570711796,93.6695203349951,428.13321198582145,148.58781171904533,447.78938904542065,37.425918961618954,232.65426563032855,525.3264945352406,339.72598163085087,1
757.2675501061649,990.6279807526887,639.4044997316719,253.09720209382834,897.2888471710131,55.068711402454284,246.26636385606292,928.3421825095813,3.234583774108568,979.6800677810895,822.4474466386619,373.0680645819404,421.1796963645651,783.5280271729811,116.1176200384032,229.05820836098223,370.86213015034895,885.2782365932377,854.83856499907,27.48573191206427,0
298.9810765381155,574.1174962153522,363.6201590842825,81.26025625737343,950.3099559237522,321.0806260320617,367.4318935020746,908.7663021181048,566.50279613153,699.5822092018656,656.1132709746576,443.8893091264119,679.8132654482959,195.4759283506239,112.60399805624677,122.94246655489616,970.2293955298534,309.31938358995035,613.9903251132557,612.7788096234758,1
511.0444713705851,225.1657301568022,602.1820462685355,0.9006086759192344,26.356896236901072,686.0731826817462,395.93119440489954,511.7506016924842,415.6935488257024,614.8850473425978,719.139134772389,925.6545403345154,437.60656312059996,367.99102387147485,131.33998215412535,550.5785139213293,166.68914922650592,927.4147817084681,242.93687855399915,784.0233906149414,0
424.28199207612107,691.8175416410201,701.7518585159246,827.7361843619021,596.6892073204907,499.2165592493585,962.6299406014488,242.21036962388897,477.8452823918403,852.4852091825678,374.3079212357281,791.7474572010359,437.62814454628926,239.22625258879737,372.66605760202464,290.7877446892423,14.600155991524645,824.9782517767999,116.63402317987436,806.1416508805524,0
61.99285303133628,78.6529927701437,551.829209550862,127.59264852408802,300.27335621131124,215.94733839466718,838.9966950576505,936.5052872978422,163.53405051240034,651.2155994713569,365.65697301395636,396.59435353458406,11.092992608023211,157.63358221374878,244.43872381104882,352.8503146322891,715.7850830008684,658.9926686399236,495.9388333922844,745.213899736707,0
21.63443567862433,18.650149341649435,917.2711394484206,174.77116332315234,670.5201120871734,295.89539529946165,673.4863211080558,208.2203315697233,250.97221114614388,956.3980290631175,861.1203184567751,828.1403940589427,560.1884858955508,261.5586760034739,169.19274634090132,997.7280762600177,245.68278278026312,680.5187705689685,395.08180035470554,628.3978761669964,0
314.81994983043694,439.3125344697628,600.5304279876968,911.1064993674179,143.91900425251046,882.4664638952772,926.0338648589928,149.7763832414818,962.8619709297427,362.28354050159527,562.9689955653336,81.66873480987813,283.8277114105204,552.2569546272354,549.5805485754053,774.8515895831755,743.7269444406319,228.43185035718793,775.0227660361027,565.3670877698793,1
970.8039527665674,422.79278905333473,833.799090190105,731.7544675666564,698.6679371802677,914.3681277464218,811.8867254677408,648.603293727013,325.8642615764262,784.039662327365,108.81664497684595,998.7302444106493,361.3044478285409,9.642017552479953,612.0846754779049,729.221463740879,78.65001250036696,586.7839869833906,224.8216415393467,521.2231037923344,0
587.651379546199,586.9628490479025,810.230761374108,517.4169854805671,545.2647185219564,218.72066808597657,506.44223921835385,731.89853208117,140.64382762684414,341.20835302285735,244.1809989185415,256.0594768113979,76.99646288652961,960.113554574208,709.1774195048179,806.2752026136636,144.37139343237527,149.26108951131255,891.0125779711839,187.3074493777316,1
106.70683099419176,793.2992136484385,626.3866018154416,435.41004397659344,60.54652803897642,508.08258704513054,696.5796136316496,227.99858035661512,372.26821577652834,472.17956500031323,86.66056358235818,650.203856188442,2.0355250836727734,206.14327574496494,340.19266176964214,660.8775962423488,404.21399387595034,770.4881018625927,9.503653244616327,668.3247244618433,0
156.13665282378665,18.638423107927736,521.8939519263857,960.3103379433195,156.24667389483471,87.89560170016652,37.140872514101034,629.9549872939099,48.865008200093875,411.4359734862848,443.73418157968905,648.7715447791298,284.59986772901647,997.464531315491,453.8955535950384,127.84481311762097,167.0966383687541,580.2488226697466,468.4829613159619,854.7606216153439,1
289.7270865685587,146.24886882705945,978.8032263183219,806.8255726306103,568.6133861611686,722.6320710347544,81.04210619127005,254.6174079242971,226.3429807958065,559.9214461217639,665.1654832269639,475.1149630277002,322.80647261988514,56.9672734638158,267.46799237688066,418.6368213221826,811.906586351933,890.0823589756598,866.7946193463465,345.8525785745447,0
68.76653276615485,378.2916274615721,53.69350383547744,306.00415110973324,66.8728579888267,576.1514406783933,455.59269827349027,21.85199639905133,54.908597258859885,414.31719047720526,561.4539851234783,157.03255215840872,693.1949323215357,312.99629213460054,754.8879929854576,77.23087280016627,463.7598093999984,338.83867907050825,541.2293173831368,723.0663609493412,1
474.91889589599725,847.3659107955973,800.3675542459466,385.0335340874287,863.0500100966636,653.2937075257177,759.2909691454987,393.8711720407161,429.85676899980484,418.0591032926591,810.6083060864198,972.3349665469603,341.0701199299728,256.18458161882864,439.22709784932755,779.1702139297408,512.0356820313235,244.75478970714803,250.35911209775352,540.0704578280731,1
771.6204033759253,17.27846553648138,872.3919919616529,746.410722508007,116.62904728068601,595.5636602122448,172.74688706063722,890.1413337742869,380.9992213066,935.7929353035283,623.5385427067646,840.8253709935481,122.13920279672308,561.2187532925267,788.2130919045959,476.97715360753415,857.752208519118,991.1646451291423,438.2913558245565,855.1381709646326,0
805.7994696229104,915.8963904824489,447.1109282406853,61.23035975042712,526.361905864276,167.52948081427067,17.7219350512533,432.91384145565513,912.1278452187267,446.88218000737413,567.1219274368905,746.5118024441199,884.0297192816075,202.14249976924137,294.1138397688953,991.1489989178956,765.1619153397498,349.6242617962478,479.7116369081196,37.93692267429238,1
453.3031733978604,329.0452962612878,460.8000100708466,527.3585466347068,727.6413941871879,505.43960942614495,678.447173385349,559.7280958255109,128.72076813524524,785.3367166739143,492.2590964391742,628.967021093666,996.8713703237057,663.8938149855676,187.41902797427068,892.9567926882436,67.34170746898639,196.79290764759693,949.6895786060138,951.779676929569,1
311.11805420482983,728.9950434779474,164.5809584449148,185.96587295181556,701.7308438102195,612.4156798627322,930.2049198598216,8.65202569397372,72.48154999005408,29.914863758628172,707.520405628052,559.5956935319482,398.02423610240226,959.2231992089814,954.8622059059392,910.6274137480231,810.0525422800363,572.9343969366653,775.4487509476719,525.3640500174266,1
739.0272575327552,472.2258321159662,421.96803787405645,612.0485230325737,80.74169889271943,80.58350829890503,143.13655944016313,954.3406680827535,107.05856486817945,279.54069035390194,596.0188800953996,745.3862709386977,159.60516938429726,97.98155648164375,715.2054789151665,655.8331505966453,883.5706802824168,394.3960489135485,775.4855241622446,143.7053479687056,1
898.7620120434107,692.8948386733981,568.5862082613193,556.231838894822,931.0906325751488,3.922389438964724,141.3727625024187,793.7455811941418,743.4746147619828,311.07623895111647,231.15950114495732,366.2733932650361,749.3000765439089,319.518488078954,646.0982627838526,825.523873074513,616.3341497309856,75.94590158624437,617.6469728290613,70.59993753758964,1
767.0166200659974,102.36374158279094,573.5746577272855,679.4745086807476,983.8997445472203,186.21078239114453,184.97214080122336,924.4505423246053,831.2712896564719,380.23405103887507,241.46798961822248,386.77604125108303,961.6324812932759,232.87985738830963,273.12636013734516,851.587631811234,663.5358391308478,415.39000925541416,194.41013806170616,918.7961552914579,1
570.9901051256727,227.90647737885416,938.5582728771416,634.0147902457645,195.76878898780026,1.5493046451378056,226.07868914783126,725.5154387488197,969.7776492064797,170.66479816446702,696.6045498184412,850.8420966933605,112.8394480448599,257.9108475468418,48.38147852020924,53.27153543165941,206.86362289864635,548.5252358675596,915.0507928279643,865.9480395624905,1
114.82272749489952,777.6945114037215,410.13465802797543,475.7780291870325,89.65658504224739,466.0285092915588,663.1815256715636,924.7487145979394,772.9073542469968,611.580293371983,574.4748780310251,733.0922331550223,162.4364858657591,313.11493416893046,189.59818657841598,107.6761874921951,492.6378593230598,266.38610826117,719.1833710965174,120.41231053631374,1
188.8804481844487,148.5292485322761,690.1618746825475,937.5277734283495,74.15306514140019,481.23917843606057,174.54664325483927,291.1510857053661,366.5879496114093,10.36276378395784,773.5438893244016,546.1540796858934,198.6986977354147,907.8945264911816,142.9683301016599,57.540212586594585,54.33278041369305,950.7109783043658,248.42281833519385,7.8260180906642995,0
600.7732419851271,531.1970536850481,186.3128559076469,173.36633623068965,288.7272742004909,717.3528990551645,397.7742085845167,929.8573484930766,626.8792419006882,149.65447849563895,607.5861450978745,388.13569963487805,896.0388288929887,686.2853274241841,81.35580543986131,454.79077176840775,49.3427611844961,415.51673537270284,177.16636659661722,763.7632847485035,1
274.9321449336429,565.0245993779581,291.7619214023378,332.56675931502,253.6195224752673,420.60903815543395,433.6955814177694,42.58897217605862,7.901440903411716,759.2330699145226,253.45667862172073,767.7595751711117,273.28091942783436,620.31945026065,823.7886722574573,720.2019894519188,478.7094821515365,467.11778630933907,64.07992536160667,311.4670611676055,1
910.4851398043502,956.4408950447261,108.50042561863327,460.0410341329666,287.6344391292963,307.921021973387,43.044151484999624,854.8936466840023,980.2023242939305,9.497302742333847,259.32365265944935,331.67310243634483,613.8061926408411,997.2095919061197,350.969046574227,711.6556131156094,864.655882389122,906.4449793721499,670.733817016489,228.21055630321385,1
387.6811786518406,552.3737699604061,18.30227402215634,25.044923025721587,251.67817064298336,345.7084962336673,329.63737801796225,781.0263984547005,901.4190741074221,647.1861128488156,133.8544196999707,952.0305993084428,433.911628831098,788.037434779351,275.3134919148624,768.7008408568275,424.5884727127338,373.81978614740495,587.9081399584039,260.76410776813907,1
19.476245034420693,708.3230654850781,168.09902707852365,545.6413797279473,977.3901710610087,533.2273238413662,926.3037194594684,568.1590777918882,998.6238645295456,162.24895059666878,466.4591985478629,200.66528965053854,283.35427628851005,959.4434863401955,781.3982749903682,288.8542154732546,64.57503927584574,960.5759639143687,55.71752227205262,638.2423012751746,0
273.87424390991,261.83563772292695,836.9810749718512,509.8758082343886,125.16047088248128,921.267702552113,584.6918990696062,768.660575087379,522.1757453524579,398.34217868158584,871.6376139353656,706.748046954854,726.8425044460804,313.3603479060788,267.96032878676846,654.6249954180735,839.2278595540677,989.6210876472054,625.068469117511,924.2273016822329,0
610.2988842967889,989.8846742648475,891.3608780907957,178.83191426102152,406.08842178900295,595.3171024393191,336.1267883512854,193.62732665691297,125.40030946077596,768.6837088377191,626.0673079140352,746.6047196810839,97.73682056077281,354.0481998715109,997.172069883218,64.03909389859396,777.5591834636392,114.62677595579018,801.6315551197595,286.5523776053629,1
546.5291683793436,650.4678965188658,872.0900599616091,514.1302932023641,865.5844326156987,849.693637121676,318.6103421936738,485.30115881102654,171.37390927657637,862.5841521700557,591.1238997924002,522.2951185877816,602.9645291116312,35.02871767081383,670.9879886292874,434.69319965517604,843.734490075384,338.88188131497,187.78511407025644,215.06990026942051,1
305.6748368407898,390.7228252642213,612.8869334133913,995.9634105615436,175.5933814867574,70.49619110252404,458.0740356628885,457.0147059502463,435.9186891958754,886.8154438388341,671.6067023536787,542.168404619681,436.24398642181825,533.1631914944998,966.596100870316,784.6340516123847,900.8015457962182,679.3556879437821,837.1251685771491,605.3519746687712,0
361.6420755329656,231.12448349116687,644.8526547218435,485.94521460329645,158.05607868675432,917.5323459508254,639.6310048509866,531.1349353964277,975.4355477054276,204.88963820352978,187.7829555138255,774.6313714183756,970.097660049239,610.3309668790071,537.7839890208725,934.8753857253417,547.8353182772736,970.1207758316685,806.7903075995766,29.66981413349423,0
213.73910478342418,891.8982958351507,427.10538664398524,767.4991069136207,897.0589818900235,748.5729956458094,887.2073924867328,470.7384849032612,87.35214956324644,46.98813313649075,750.9206977130704,656.6434398526324,991.0409441994516,880.6615589004805,416.16898707966544,515.0309426562891,153.1611948590359,283.104354312422,533.0213896967462,120.17452308341525,1
513.5265661401318,344.8481704683879,990.6784926316858,217.56273297607544,47.708437124652335,797.3211531585443,896.2815406869543,221.30767176394994,319.43769160581314,552.5989362289246,350.9538211224381,990.0016076020511,508.65028893546736,994.2935607509902,472.5113813524635,520.8559623691267,266.9852352168507,124.0211501792311,819.6888964530084,955.0129508092328,1
525.8494445615538,685.9421934192353,451.50646294553707,645.8548075372447,382.4430447549516,630.3654332288484,601.1441411322114,485.05758424076174,476.9203158830536,241.36505608971171,507.76765488270837,791.4542280562453,910.554741882574,507.165263637481,70.30887683151366,545.8919974422329,796.0649527973711,888.4564234732921,271.4400980288947,604.3746657368691,0
828.3124006688755,821.2057320942627,303.92039384304206,114.87062040515895,728.3834661044043,54.01708971955577,265.8899674543723,369.213262925719,331.21859787669695,511.3890197657452,296.90981179378895,785.4279319685461,881.9492824591059,888.9384483828246,216.00699164058335,640.9361083708326,33.95219725554377,623.9264982773263,512.7958019947561,830.7582234782379,1
8.360279496768875,54.58648112433628,288.8275730697063,142.8884794187528,779.5003750723449,881.5425001579565,371.38899217893294,519.2658677787088,772.5565023051795,781.673150499629,141.4829975523043,318.05876821169943,981.6019782825099,370.0647406488209,294.83471174551636,346.55798695385886,342.4664006274263,499.34649314974945,476.942539843906,506.07653236278514,1
310.91165305463284,972.4807319467885,354.8362515501694,765.7082737891325,849.9954721235111,555.6365687601748,318.0451124162209,126.76962075340836,651.8618105299474,159.30195757124523,815.5951711494583,4.646405814916488,319.2435490008341,932.453990304824,253.77191965765311,981.5219962498951,344.69499356538927,385.66161180026205,867.9039873382994,368.5357174191105,1
694.5222032108666,527.9375473438157,596.2556793291415,298.7667866182602,773.4786528725323,200.42788011358104,804.7160860838553,150.35842568258107,553.6789715062479,420.5029500416888,993.7269284737548,86.05055576868482,312.90722106891786,146.55216450089347,724.6170467560457,68.48395388294104,290.7938549870446,114.452177476148,267.93693380860793,665.0834615326615,1
288.70869014398517,14.494309495226897,30.002017491221224,821.9077238699294,95.98066560928997,790.405295906787,836.7854802706587,508.1859095481608,367.8611034485509,964.1604923071027,569.5556414295286,907.7616771488375,149.4556326889437,571.127048358673,717.9278441561191,803.2895745867105,391.04067854743687,697.2306745152505,226.84988388244955,656.7355251910618,0
218.78359037937344,105.72530345609576,763.8945266889247,934.0004263561781,281.76554698376043,928.2765475169241,628.6585115975915,444.20309261960966,427.9325063712906,818.6774475289747,663.7415179363511,447.13071762707347,475.3326529206753,199.34383621329565,964.1193811243708,609.1631205496353,944.3527341185495,31.348051925870646,28.49520142592732,811.8956896626762,1
504.791588868763,779.7250075798711,679.2037160513632,347.28106702843985,645.9484879668021,136.490508902264,420.6624200240987,737.0408021113803,612.7430082273074,227.43985464304274,770.0561813988313,25.54702528863062,242.40740639547232,186.79966982064354,178.5344425456552,152.21444609841006,611.1814088019205,252.3273384576329,957.8912938674375,461.1262450939758,1
936.9539552597735,851.102170136506,902.6361679677966,886.3789152284861,15.885335220568342,49.18370155108598,132.30951308605864,819.844389009956,206.10007123563824,781.3146797546182,133.3810527588811,945.5973132793694,453.70851027295754,710.3658663422083,787.9270222805566,709.2006132117972,659.2959174453304,118.44326872280897,903.0586408331376,952.2391311899344,1
599.1501633207549,637.1629078452214,500.1133421834283,91.391271441847,88.93535515372974,850.3045430741005,601.9123301893123,800.9439043097711,885.6812700875569,300.82885699187136,969.0185157296038,698.2063835389316,539.946631994602,370.4206412349092,81.92928336258021,677.3092058134977,472.75024384292885,852.1238486384327,210.71440949659225,481.9195146121613,0
476.3264603596188,48.612852192612465,509.1838542557513,424.05523643058143,284.69624502038585,444.7869647596082,343.12370892206513,945.6526812704432,524.0989004504727,435.4774671439321,247.98073532208608,492.72301174451974,962.7580348808551,123.20602858363405,439.18644227031035,754.309669455446,559.6258637721119,868.9823444704111,975.3202652045819,273.3787159424173,0
209.46592029574384,706.346619774094,448.5123280263683,425.75084089715807,388.39109617925715,652.4524024697038,10.168496694365592,668.7118865888087,395.15452990357215,230.8129920045019,277.8298389227679,655.6028115302565,630.2726900105573,493.57024244708316,883.43792399477,289.0867919228592,233.74144581780988,132.04634189959307,593.5343636941177,460.1385893061428,1
614.6974746172488,471.9843850243942,580.424846411669,156.18291771091288,652.8545527774514,658.6804428349337,763.5348774462163,72.72807061298181,509.6403392990372,197.01820502937593,120.68862107633139,194.99130605058411,329.2678763791078,59.3425706357672,398.2076621392111,136.16626412040733,762.4708633849131,694.089595322542,461.2694462061743,210.03257286285793,1
181.73909316343463,84.701743848572,160.6834790758912,718.8350263523085,394.97321577676524,355.68121847876967,77.6862153566581,832.6454165666958,872.3681059419877,986.435554811662,574.380053004548,592.4112273472222,393.76248842624864,188.6625932833964,258.1767466687047,144.5175860470045,939.9905486982137,933.3522383955014,464.16337589787673,400.95660072272165,0
943.7053526606094,535.4531898816405,64.39033996356235,44.49074580577983,69.33287304791035,985.2749392129058,556.1469059844827,867.7812523665085,306.0038154262401,581.8176151230488,264.3807093659686,230.09474971070543,709.119126669659,21.3649690682145,350.2108758364427,125.88166059906692,889.9898226502489,314.7967625734246,140.48383693313704,60.16073940872246,1
250.1206736814343,170.13854786946325,881.7394641498651,694.8981358574836,712.7597347613729,500.29906011459224,534.350504282518,865.2589159507343,472.28515543543216,489.7042178443048,276.24553633498704,726.5468779794992,31.485546126111764,550.6012632073338,575.307973261103,977.0866834048454,9.495722298023868,543.0262894274375,625.0362720105362,506.0168991098072,1
830.4509323134733,932.1278847549526,513.1151636176037,844.6706329650636,431.5552790049747,360.2236132108125,721.0632093407252,66.90839105313917,796.0996406246666,16.109293027420147,492.30882577962996,755.8451455741954,560.130865999887,744.4785377336073,974.7018044404463,301.9978506111991,836.318104507115,837.9745697137829,683.2403579305472,489.85230862184613,1
838.8060947303827,705.8560267012718,108.90486811632915,597.8746167624824,979.5800881447743,701.5966855738471,35.33292317884873,214.22753885976908,78.94809879493592,661.1913759407257,608.9398218813111,455.02162440119895,61.704126717139204,566.9323928794404,622.0322009027572,955.6636351458458,786.6564140463117,389.8231645448782,711.8441062013873,792.4227813376511,1
831.6606553820689,70.91073787917901,558.4572050253253,714.8293796924793,158.51435496587584,200.45789035573648,21.808202222927676,4.844928482571009,55.433658887102496,815.5903241976017,309.58664543782186,97.28095264038194,631.3350450209356,143.14874980219815,918.0726827311751,6.819345967724377,561.1860405951957,535.1794568646146,87.0783354434449,37.289941893113856,1
422.8840580693936,946.6499335620988,787.3313105844674,276.37559297738534,319.10699208009265,606.3274158488883,680.2489097875994,27.069466207411242,828.8231476153047,101.44727544853949,348.8284859825029,28.00067092014258,989.8302536745665,427.9588613221068,995.2994744305687,297.3876702954018,10.2736005672599,142.2261414503293,367.0745645937167,849.9554375624332,1
282.56178518133623,591.1430350957812,45.889041690447165,479.6770000482151,47.34901123928337,196.77786707627186,299.5958721920793,465.1871339657733,532.5788781794779,823.6703378817817,876.5269708563798,193.91036805324202,882.7342917107128,799.2293593909399,949.1810229440999,345.8385250923356,733.1295838217594,75.69632652461,337.1447798301367,25.344163091658324,1
331.94720656906884,896.4283725301485,54.74197201072472,912.5499738660836,862.7213262076583,13.177818740951475,966.109897980267,579.6616807097099,509.0212715863065,157.82599591450108,899.2168383056905,70.95671816055571,814.8269190312689,682.251916888355,560.2560469976476,752.0219711405076,906.9416854330266,457.21720719665893,531.7341229233235,93.09378286473313,1
378.094992521988,875.2707387944499,161.00864759150724,165.41329603187071,632.0401344825356,91.71528746231905,209.27365397077457,424.0055375362268,49.34744305590133,793.5691673296997,843.4589832987376,838.1979455477378,567.2937591660365,491.19415656753176,236.89334661525808,875.2605241823652,957.543416863243,462.660065956522,665.0490266723376,868.9645226601275,1
595.9818797891045,697.7640942380363,677.4544021120605,732.8650971776805,945.5851836731819,724.5662514667758,393.24133802425433,88.65339425164088,616.1797780240488,155.98759329232902,396.3191597672452,373.64503972149674,210.28013355431975,214.53524093985976,868.0000358185627,660.362218631504,356.9610122605529,6.833529351264356,998.3424903090968,503.4472971340873,1
755.8237370084504,79.04858553687222,591.8045897938053,536.2034881534499,175.20957795396674,673.8651023051075,625.6414248798303,336.98702124353053,93.56432442012097,49.33714778673004,942.690893196394,941.2470430963322,43.86286426701824,227.9527948463762,345.7825886314541,9.230878602182857,939.363029226537,765.6493970410123,962.8713487521106,325.8161450910001,1
967.7534152094872,154.93069222190093,428.189042990891,546.2241188585562,396.8714349327026,495.44890981176803,786.7014491665635,752.6655467920618,559.4492697225961,242.88385635907085,580.089264187203,516.1506926827514,173.2218769109123,749.643159092162,629.6255303376449,306.5086481573702,629.2992494040847,445.69877335968044,129.79146513245422,529.5351246840467,1
276.6439485126029,790.1149094964748,823.6606506005844,338.7408617012975,934.4816535601382,670.04525313725,650.2361183751484,172.119158274621,501.4409935444877,186.5810984071672,202.48446798813447,601.9162498198034,181.27277746674451,632.2674258723997,132.29632271899118,538.217573431209,305.4568482946191,788.5133713759911,455.5513575533867,531.7751792341639,0
253.13028679098025,636.1203237770617,602.9581268776803,489.25216314622986,468.2805918563534,80.19406525831995,410.373237632763,872.8346701031776,252.47308312945017,676.5645413478186,495.3438757126377,352.56855130327483,788.1770328507952,688.7554334670888,838.9459398121038,419.2884484868107,71.63460100152408,137.83329879182304,920.1227597945625,838.5703197557145,1
92.24464919196107,435.13902537831007,580.9031035510618,96.75105031592179,437.7907462003989,421.15626676294346,300.587824734761,245.396224246324,505.5536706713091,396.2222966554816,223.7851722704469,16.61248012962846,173.7229699909695,362.6240578853848,814.2304752755531,615.5936683105974,571.2382942858657,89.75334052404371,422.35003326462873,369.67717237925723,1
75.19085486113686,102.31087532047411,87.59271224848587,308.4881876825014,604.0088182272261,156.699494926718,207.58045861658425,110.9844907084535,976.1254489145626,20.876880885064676,577.249274213225,840.0796867535958,631.753044934131,496.11656794927296,544.827697562767,481.53318326788917,156.33202200496498,143.12455004346515,852.1920764018331,97.6052484739145,1
897.6737297103658,693.7867031400747,707.3704384961753,463.35632550734016,139.44753387125908,497.72730677196955,971.1868187669739,394.4592116751616,849.3268115036223,930.5797411493795,768.3267803303097,362.0004925897441,232.90456682594453,111.43025849174204,118.31492574732383,159.03112680134657,929.4252370655109,171.74370068979138,623.4626992824753,618.8939982135233,1
407.75449963461676,171.89951971568695,822.9501501369078,936.9988717409612,40.73497116800717,768.4067412651439,224.76045035800252,357.44130943937347,205.08097763152412,916.4195884509471,865.7205328608537,343.0945488457298,92.76631817907655,168.35794057322073,865.4177787656984,538.246489349689,447.1492298569568,124.95080123691204,754.9598411958038,564.2682930145835,1
698.6105059452505,912.1363080046905,16.50346227383892,371.1130709135584,999.8939210749128,361.1099740089646,202.98241511369665,813.2149597734361,411.7117889987648,889.513786913218,168.78880052532352,912.9167355136834,48.88166856844312,171.44852307813574,545.8719373054181,394.93685263736955,185.52935305965357,388.86870067072954,562.1543348567369,566.1760845506342,1
816.7799216185886,508.2186195366225,630.0384779104626,459.24428038179076,464.8762785472588,597.4367286817917,185.53410975056528,221.54007030816624,694.9247410603521,811.5077793470739,585.1294657844537,538.4357386357639,988.3414718859743,613.2282979826902,265.582218599029,467.3278289140467,530.7112006353962,771.6700195931995,947.6999782602938,310.08420817605764,0
738.9427113386902,8.83802545933765,992.696656488664,249.29908353824737,741.6734585522212,380.17642061631443,540.9456864297264,631.9131763512531,861.7879417716848,38.27355870026683,609.9302349770857,626.5385280561252,641.4832952217396,362.27953885221143,970.2872092419032,89.38535823733851,285.8241145827624,557.6327254691789,674.665188252317,204.5869621042986,1
630.2418648695706,577.6699857966773,764.1392003127514,603.9524629366542,799.9701018336933,425.0624543429046,933.9523995044539,94.39303173115331,390.80903625870747,944.4347035992965,354.8425509933185,5.499499238156069,389.75565851825354,558.6155230814247,491.6084883785604,689.8660624198075,554.9994785820162,911.0647037920705,768.9832608068157,181.95458664708053,0
401.0727378107697,362.30891929351947,306.0456814464125,793.0357470181426,579.3362581031213,872.1945149270839,531.0009096301006,721.4070420438554,72.94913159200323,867.5313723376685,571.4815900001087,618.2699045772869,718.0787792171508,669.9767978280439,933.6344936647131,712.1875030314004,589.6423963917794,794.0133586536822,357.1977755708335,640.9931352017126,0
735.2939588416666,586.6941297910449,933.7399432907168,966.8543023751232,569.8211027352187,570.7440933366015,358.9447896869816,291.2141633048888,618.5120852804265,682.4003089862251,54.48343088699048,516.8920915491517,901.835565384871,929.643689787993,897.7270437693155,528.544559061484,469.0291539862771,174.3004453334871,497.3312881709464,661.4624521337356,1
825.9468964481542,814.7170167402851,712.843805507845,189.60549734980182,496.5269261602947,470.13223413418115,89.62319275072883,578.0598221375631,683.9121291880138,290.14199703249324,333.7952817928398,550.5662202147844,592.1356065019465,131.18966019519328,210.08232582958598,777.2965706154938,20.78829795542847,394.09705361208324,673.6862652220077,224.2368460610108,1
387.49444402966526,826.0877650260903,469.33350058494807,742.0463632023077,430.50666997934275,168.23303686090296,594.3362816472318,366.4065956142069,468.02200268306683,960.9800005931503,435.7375744234605,565.5337650402504,786.4965314314334,391.9874646798124,648.778832065862,920.5581415617722,704.9066957708407,418.0343694546534,664.2314607712335,805.7303216314476,0
162.36075135369555,976.3314097533422,774.6792904639971,304.81950260698454,538.0589490014083,421.85197317984057,881.2871486753966,313.78054936911326,256.0869302422108,495.88065406387295,41.42697638063753,874.8375208519782,490.12654328326886,433.2361104576434,667.7425073499232,563.4417417870908,921.5797717809459,827.8246770785843,74.04423678648453,551.221573722126,0
907.2378974683959,154.0635612579787,397.11447652787825,852.9156784441346,325.2663602620721,59.646999809827236,421.9897750411108,632.4174770260549,704.6610220589045,880.6281873508975,181.02665408904872,266.9620171368615,806.6043913873734,688.3403972203722,402.4905908999239,435.9250230077828,752.009585909247,112.13837570727947,207.81405550445376,266.6285151417661,1
48.355793583388376,468.39166092994253,959.097721513674,515.844349459583,432.3484443807024,868.1972321952102,909.4864258690873,812.630648340996,443.91394861685166,649.9450693242602,235.96457941518588,249.88165908184146,867.5422320955822,175.93184456433787,614.0367643198842,908.3312704366707,483.9170182883926,415.12815908459856,733.9304395348661,596.1590508304196,1
934.5779566521401,579.0594757629208,647.5712709767328,106.65849085906754,921.9488762104191,29.885878382270636,349.4106071260856,393.1210951902292,828.1797861073428,559.2879402172516,197.14895318198955,35.97752624011685,446.6454948289077,773.2050711276826,496.61024227957705,459.93522530218155,585.4283712140941,443.1390027399037,680.3365965639042,966.1708923343788,1
926.1563872992294,841.650783595474,783.9861871346936,92.75612380427079,967.8574002356178,980.7234448780292,597.0508527185984,761.7584180491714,605.0787758855257,539.4382862044556,557.1784809048959,109.82149026493049,906.2017400541051,925.0714262834747,750.6126113316529,956.4766190309372,483.98225099642065,59.98791390722924,350.1211454524105,209.026363018862,1
482.02799694342735,841.9535532115742,658.3473106433011,805.0580365506266,488.1598265295927,609.0089409776082,435.207737752601,298.45436343978395,770.2847541011878,786.1556148772875,236.60128589471353,761.391680325984,509.55834789252043,346.4438035800708,705.4610805619631,406.29495275905634,518.0653503681895,133.06544599794546,975.1419356941655,872.3508206659133,1
4.919510951949202,811.4259281304701,321.7906186146627,502.7247926060446,340.42282002904324,263.0237446301454,60.96571009685148,749.398360101996,710.495577672699,483.00354225163744,505.5020977906789,852.5146515004876,600.6216773442853,125.56400541028279,498.5088617441505,506.8852190768398,527.064126200377,353.4760209809739,922.8748424279038,269.76497379458596,1
858.0825438933008,734.9999762159525,782.2316621736195,439.01828144537325,499.64655915175695,66.26934649743743,780.9326606159166,193.3130870918568,405.2466603843392,90.2234781064034,961.7278356352507,194.50760834900592,218.16589048895995,284.28107932613386,675.4756498521174,720.4722099346925,313.40785460782195,563.4738546416727,455.96290157048213,901.6715765817046,1
988.37936026612,130.59068321914157,601.413854624502,713.8462153468784,870.4801707019466,211.16305918980737,765.9330175987283,188.9215153510615,496.9728040030966,115.90650756284614,916.1866524754605,638.484538864491,679.5727651011911,891.0320648074023,677.0891942130396,139.65993099053676,772.6451170196239,798.2349481733669,711.9532747938711,441.7350507771399,1
293.03787826759464,413.43433214648417,359.70359532271124,328.33071603397366,839.5206874729117,334.67226418215176,432.71986448501474,339.41989491996503,204.60043337526025,846.8852475625629,365.01033770465307,571.8937194441452,809.5221941185824,460.2095971058029,920.0844985057527,417.57794985410703,75.24034707305493,557.0803977577687,426.2412188483872,512.1508546688073,0
362.02789872518383,165.45191630262502,419.0922738955302,92.48263576854355,189.8335049122386,415.86566115273206,951.5775401643606,990.3303356162662,732.0213227548456,838.1221583155227,95.98448850719632,89.55473195250852,142.73081311304747,517.5103114356169,67.34851136978482,898.9841991795894,863.5011130071929,358.2242961609895,929.6757889664897,686.890207558783,1
54.144925205262375,16.10339393962534,846.4287948644696,737.0207040070828,12.977676371957457,587.6978280834209,215.86083102223841,957.1844090574517,864.4492127633148,477.1693820555023,952.6426469688868,551.181211806745,265.2270901846663,330.1151464679911,554.1881145779004,431.2668706887073,410.1236443464944,21.394400864251374,455.2131544981035,754.776433642019,1
844.3619958573084,721.0409972616823,700.6723541771225,909.2404924757717,541.0542603637058,630.6229577578499,65.26623305125246,58.140672483663835,356.0042514620193,255.18261423590417,492.1598330812254,686.9180920328541,992.9883588723425,108.83015544393115,925.5716748138044,224.59493727237734,123.44634043727743,734.2914679482008,354.6315001727365,31.097847458024575,0
108.7947721376934,195.3424897061381,418.83803797075825,20.4112351671224,161.7200196074392,630.9488377895989,418.02952734560915,230.25661398338036,245.6046609897614,108.58844249418243,294.6775655923454,492.35411814604004,312.1660614363988,453.25188998543854,535.5272689076146,185.9405537864347,793.5587159001899,750.6578808111227,575.4820329963409,205.8277221346475,1
680.4786378669072,697.2227833327449,741.3159072495399,719.369573651129,136.25558940167915,563.1974449874069,298.3477917061266,379.1048524241988,363.21017932007203,703.9130638872325,684.1414649680698,448.97906626212546,635.1013584340246,142.42167810820783,738.5697015806675,447.652693750942,673.1311308763388,392.43349832245076,505.835633929931,931.6830510447425,1
390.9653790321309,467.7977955614792,639.0320986617998,3.703579225624809,473.28150792663126,471.8971785018327,420.94341491503496,421.07414371682427,525.5912463466731,790.2534115155147,476.10090964007526,284.1583527129685,268.6468224756234,777.2654465232663,400.30791130242704,541.6919549610582,968.7252583781043,985.4113319450972,681.0237413925333,569.5321110213853,0
338.44243547152587,158.7514959961357,93.25780376182513,149.90440095952883,599.1872101704162,419.3632677852591,767.2229617874063,969.5185475180368,169.98768627607686,676.908568730572,103.91648874392745,293.83277675887007,307.9195159235303,336.21539679210997,272.8700303082156,366.04777135647225,25.957217252811304,699.6851347505068,373.9546334674392,73.31041698496988,1
974.1782148432842,921.3002962553,976.6225090036262,990.8472239843599,422.08788849427003,89.1162138885777,761.8561311347293,214.34242644228084,107.53884527528056,242.23228445664878,653.3324850159573,357.20338702420764,951.7835719600511,576.0132081301654,771.1846216994179,303.9361597009551,350.47230430126865,578.4163337286342,710.0085149407564,409.1828404987661,1
264.6548987961811,862.864517342305,158.0747092725905,272.58344580499715,42.72115472228499,857.1515194713044,74.02028141778649,208.1285524632549,150.37362262685772,325.86479647682035,445.4082625306972,665.7696128071398,885.4205377962775,900.8083263875627,119.67618939810598,774.7446685856762,367.1637883478688,910.3703491614849,640.9987751775412,940.7002446216785,0
314.9716370225989,703.2198525242632,379.0476930017215,519.77587791178,565.6597244770995,521.4171648589031,234.38165445180857,248.46434031613785,769.5293810961438,964.0902178934599,164.99026878302647,452.68324932983353,926.4908751173008,337.43617042250986,214.1810831312434,342.56797069365496,667.6032131872031,884.0816581375598,65.31402900493089,326.7769591248235,0
672.4155908349948,781.0395296541044,248.48360821504468,579.7637504010788,512.3785735878349,878.6328397002759,661.7503573533247,431.32810466216597,63.870884216666646,679.7160503773828,10.428154597253103,16.89524591541247,91.41998966111863,89.70759437553532,875.2409281447755,794.6339885838906,659.426431115498,920.6822435534647,719.8808769980442,355.9939040826051,0
239.25320384509774,509.2564037057198,223.19523026219346,718.6457745752285,492.2170783671415,869.241060104724,441.45690778733757,703.8043357698448,426.8013351344868,969.6302640560467,835.8051876353328,876.2416548597638,622.151916686625,882.7225696637204,318.6334067525579,505.99812159949863,359.76371320750013,955.5953170918664,89.65095828747782,728.032600640414,0
673.3111461554096,386.97162836301226,896.7085652079643,81.71734117988383,645.4100015700747,209.06011023436443,92.25805237182905,936.3970163695604,581.3359927051893,122.33922899789317,468.114828444284,86.54860250853092,845.5588488067178,676.6995146585704,32.00518106126427,438.4054168077532,412.06673740178815,167.86695734997693,732.3348233790523,952.0700152887106,1
966.9247250604678,959.5501849665264,265.9819020407791,862.9059444280374,596.4783374418655,54.63685938221874,683.8161274515074,980.3857997974944,359.13808604697005,265.84383214035955,724.8425674557277,828.2988236124169,944.8474010179178,104.48328446267085,486.1481026717235,90.60126189960415,538.4004007457798,705.2325679069173,366.91670325290147,553.3347861899499,1
295.0053440262778,987.7671295704625,325.35390980156063,739.117990502374,347.48148484521266,361.22437568803423,508.0522377261303,598.14604591081,43.92752917721276,960.3768256926127,307.454810744621,948.8094663536665,240.51401458682753,196.04871969926475,394.59108041166445,771.8353137129161,505.8084793017965,342.2011816093141,632.8651394446769,114.46704971533828,1
468.3472139301148,503.3277540865724,397.70001586095213,369.5643114567423,168.37526948598557,82.62880297570786,692.8714824946053,449.1260524542342,635.8709875468872,813.7466693542996,688.0345648907553,93.27587123855507,908.4924316074492,318.2262951562699,444.7170387789239,130.68914553995913,271.76775550120925,823.2968444602757,52.38326017057593,824.54155555479,0
542.0474448212317,27.231266438678013,677.2080911200197,508.12067091084157,194.72220324014245,257.6508528337341,460.2173589566506,733.4227868902123,873.2003844846162,138.85974820237223,849.6212340665975,200.71001702094392,201.38293632530178,270.3793797913093,222.7034971198111,886.5377667856698,374.22892316503743,85.04309896732477,442.15882783195116,469.2006946726167,1
121.54949787784209,972.304881347368,187.5999080065426,834.5534998256464,194.25209287411727,974.3699620383786,307.44765238388317,176.0398950408575,453.0469696905235,460.88521578028417,515.8777346438359,880.2089764831046,151.9623514721563,69.86813087257538,351.34984432266816,910.8991974887686,483.8124450576946,317.33192900087005,345.2331000424351,874.8681069832077,1
136.53080834115616,942.1532086589139,525.2668122843357,351.1719604048289,973.7156564222574,871.2497911389569,761.0616726582019,941.8804529601231,675.5527370810144,843.0484523889897,644.2936018865356,727.2402770775014,824.4109190198534,728.4459864031452,674.3899965549867,683.3635223960997,402.56345659788104,385.50534014956895,227.89500691857967,749.7068104842303,1
566.92046776459,321.0741947499437,365.0271631657056,251.16497556478478,899.7581825570948,17.960429441976622,978.5137678567152,408.41178790514374,845.0705776774067,98.59746769959476,485.679203659494,38.573732443235144,418.20166858059116,180.20797427347335,535.4070458418132,893.4300999750329,675.5093528277422,544.9809032930726,947.7471981461007,398.11053493281776,1
464.90657939817925,860.6263077799468,456.5792752670911,265.0875910092655,213.74474507741016,473.4129425255292,505.1020119328603,564.8139200258779,963.7677989276656,513.8310196317854,401.7944730797813,817.3806335906764,729.4310841407639,130.50297661652777,216.98364664064073,175.84043342142618,167.6360146016248,305.7078673022221,912.8308924457842,784.971606180577,1
718.2477668305913,844.043618464882,34.73324674097811,259.79926328489336,746.841464404029,921.6247577550309,391.1418225745018,51.961449264314005,178.2013819427688,281.20955481299615,979.7554628489163,83.5829797485933,570.2979742318503,166.6633939137072,105.60249102308272,199.90869986029136,490.20469660974817,2.4246477706598712,456.993774306255,870.2287587209482,1
514.9491603252387,655.3099809590944,506.7573699831959,918.4799581324265,862.5134745240969,61.87730165760552,660.2323369672453,357.38058936404906,596.3399818444262,144.14208284428466,435.9789075155858,123.89425459533865,910.074290595119,203.05473341899216,126.14188109990742,723.6447803450453,707.8129357769728,849.5472252527603,744.9905543316152,869.1513173298541,0
258.6231935576413,351.8752609487542,13.75701970443577,730.9014555959661,276.3667430015686,550.111796842503,831.4020984693318,940.4030904105197,395.3642171059333,505.8346600534264,90.90925456126054,553.1204446732579,930.3348937012889,553.0403194658038,205.42533489142434,76.08938266048848,263.9795888071016,135.500184511564,744.186269771582,115.35723304744371,1
331.78991428258644,393.9795253527447,771.9618064693226,658.4280887637318,368.07642594030756,817.7391422766699,212.3110865135157,222.39600195010766,817.0147213315428,509.68538699008025,36.94821386024228,850.8370599495526,493.8987486876717,215.8501231655565,887.2790928270055,596.8667762504926,811.4900699905278,251.54995691703198,400.8307769853837,334.6916591779804,1
56.377865471730296,867.2743078302052,295.2965197647661,320.61885566021095,875.2148134796035,391.110743168536,455.0111878420428,560.4422128335783,468.65987993922806,124.28924968429855,912.4666136331451,766.6504765642362,429.1231785400792,834.6708514161197,623.7582451505355,605.5262654348408,563.5686593754073,861.6589529973303,596.8067083430294,244.2263682220376,0
388.9716469533414,32.08685733301508,10.466634074184022,760.7605759974333,597.4061577906833,679.3807564250811,987.3738982327052,41.18499921154728,232.98946222952623,142.07223011807756,317.58474160106476,416.40738756237204,600.4193955570537,853.7361202228643,56.676564965939534,356.43121697332106,962.7424084829177,718.2391389242167,530.1155506473386,15.734882941821681,1
131.4764025133075,526.8774118131162,130.7844963011282,419.6675613869756,496.5027390577409,632.1409473172566,820.1720067390567,273.7854999041458,147.3822249569241,76.19083419519102,977.3345963261527,448.4461436859185,834.0125277676259,78.94849821332795,386.01647995902135,740.8877810407585,372.09978393020407,117.56450722722033,775.6287129036655,459.01735467122097,1
51.99074338320253,639.8250018611933,588.8589177026325,936.2111889727634,560.5917151916146,927.9018470046523,186.70589355779165,793.1488839405664,824.6831912269116,362.65311608511644,466.21866014871506,690.0137399044077,267.11018811741394,120.1418314247682,406.0133972939022,157.59809805180646,869.7409611997183,130.1040650578379,912.065440394061,523.169580493629,1
691.028295497001,550.4885102092472,960.26344548323,205.04232383936926,682.6149215050682,397.760811283279,678.810001799402,145.35170133500196,85.46640148284112,116.73751939231813,206.0810604500084,335.94820782090204,708.440989383493,436.3489080305747,755.5345970581343,970.7186876019407,863.0406851059363,348.5934905466489,105.39488834422373,194.46176639699164,1
174.255396890166,140.14501623687514,882.5839398694567,931.4073500302659,134.80760851293493,651.9170907088155,81.36249773105774,161.02590232799986,566.3007140299677,23.250795815569546,508.4407532110741,748.9955907874964,719.2496153254091,742.1367218627258,218.91403462554214,212.5223705671938,37.245382121520734,806.6888452553777,702.0282643067974,741.8765810149026,1
548.3722388746257,952.9367496510916,827.4197146453026,584.28994795755,188.18902186410546,896.1944351744056,533.6697813534898,107.93602169025884,745.296486517186,382.1449662294374,646.5106016288836,542.2858134152343,895.0641475026579,569.4749891078874,252.69755247038594,263.2376558711217,211.16625967664083,136.67994220017178,271.98452782547577,579.8144549398487,1
274.60540326360336,517.5570145493572,914.9559003768178,928.7610418033993,511.03857018998275,676.2792683828606,503.34408994205825,295.6027854674147,997.3707868141357,507.96130620187995,286.7731591541058,43.3242943540737,167.72510398969087,239.28484886823077,258.20180262150683,360.7632193847992,725.7832624992216,790.4333844197002,646.2472484996157,968.3675888218918,0
65.78788238946632,152.53675321902782,318.0104580966979,927.729421729757,816.5213341547867,190.15626877572024,32.68497260254466,201.9294921690391,336.8933488977394,669.117036068965,117.87772091669902,600.7644327692932,153.3509953316289,140.67138640824882,701.4631663579355,650.5616092245617,392.7481975685706,634.6280688648347,15.515288876251976,15.241384614930409,1
534.1748745032884,281.6094754097279,692.1708686129814,255.78883874724468,469.9345364953632,398.4095139820295,396.80759677739775,778.8822356982187,355.6175296899144,778.2869687170778,680.2573489034132,896.5488855400682,513.3307667928409,99.22431182745616,586.5196842382235,154.7741851798494,358.8344932264438,744.0982600523091,63.317986156847915,350.29588144614877,0
803.547758291586,8.288805530493937,778.3689636565701,301.1299481891558,888.913769551349,492.0805999120232,818.4322948490758,411.5491634808948,147.867293673573,806.7196930990785,784.0610418325754,1.5916999355349848,515.158636254773,499.43785070924116,146.21237550969423,320.1565673462219,318.02352708039206,63.88268382175799,736.9868442268156,319.74250351297826,1
849.2118988101281,957.5720293527763,616.5571331161448,93.60864741872909,518.8447057088997,777.9776125804889,23.60877406262063,370.600105509699,431.0268461104937,474.7068431258613,689.5688144381894,59.461932872123754,950.1746888263202,867.9432788145795,367.5489651321415,464.2695369573221,973.0632273671803,425.03976762027753,175.7320649730658,874.217783406291,1
312.82649874414835,428.2075521868893,987.3422128944676,55.65206937022982,38.67591850716767,43.186242476155215,556.4915181427923,851.3006700267808,184.7587337599752,417.3023192784029,376.81250111994825,934.4413700343177,874.9742797502257,332.8881417638149,881.2760416511384,871.7518175428448,56.363652735789024,186.38711886206715,923.2839324072635,784.0466917802767,1
730.7139846952913,710.7945743246108,346.45867263832497,578.2233436356865,622.8497057191737,962.9263899190877,652.645528496399,738.3114275551942,844.0809653432879,42.650153875797294,164.33737232291546,956.2496187066367,320.4265757462621,988.5708521126646,487.3220515096254,32.18158862221643,982.7331961207436,248.9535119868387,808.5675971770579,615.1116077914776,1
117.27452524883032,509.34303083656283,967.4045181829985,141.46762419977344,290.97832823629966,83.93143185523222,150.54641577994278,187.79628096739032,440.528518760713,960.3204754444826,339.0597187807401,54.461065412256595,88.31339223603862,949.3878213135032,992.1484657819543,851.856559776828,907.4472958100422,87.22791370883643,919.6823652989901,490.7127944821059,1
390.31762462221144,540.7960629800776,568.8033269941922,648.2885664324381,551.9208700784876,641.3932364842983,788.3528546205742,633.9363449205191,639.4646882102,573.453127468881,35.59719476181111,698.7708215792544,815.172403683587,32.01131054518691,369.04962553915686,660.7202625151001,618.1664068338077,694.7351503893354,811.4585423891008,893.5648107815634,0
24.788317463937727,45.26178428335814,276.2653234260528,766.8721133105787,24.603023764170896,493.8439270207181,191.64597003372052,394.5893286224308,45.445674456868424,456.7777388590852,281.0544788002061,7.452466044727601,157.75044058422793,513.542501605357,97.14752072111187,161.80284667071166,353.65350258830665,705.3761582723994,924.1446936063799,311.3606564593666,1
102.28586867294742,50.29039519489187,254.51066180989645,161.8893368785943,670.0367439203142,292.8424603445724,225.531118781241,254.922606313284,550.0125872054878,836.0265708043314,785.9707757491082,640.0519771321768,922.535282816332,196.84797032098956,941.5403871130576,238.48954131890864,589.0612325370399,850.8807925172819,136.44182479055888,279.9730911954935,0
822.0819608350497,426.3458421181281,587.8632476669214,830.9688211767565,286.53856641258744,155.2268319498127,712.547095144049,362.52176233882983,818.9386909331993,934.0796443415967,259.4460163089982,569.2249666134103,80.95472925522462,975.092589701455,255.24194643738264,905.9882983981709,154.74566747640418,60.69504933270164,564.3155253276848,302.3274353447747,1
127.04607299821247,799.6510197643036,929.8089827626745,102.96281058648815,516.4389724998209,744.3684831257655,864.0469090450564,412.2409372286397,244.55703604991396,751.8637497654425,179.8649377091772,768.0711568534546,249.95534591447478,323.6468427079909,445.69363111037865,554.9529638747379,227.6380938776309,25.397069355217905,629.3489083235334,801.0369748852738,1
472.79787938721876,521.4131838674809,420.33845871460704,62.324520784911016,425.6327579294399,255.23080257885167,953.5109260130168,573.7854756044474,563.6202127728828,838.1608747439652,552.761616030352,115.36922250193138,760.8569545695054,147.89867338153473,642.4561566533913,817.0263752138388,847.0970197768253,443.48182338341826,230.3809045717863,719.0181405668083,1
162.24690893981042,364.90369205744844,340.1661501880536,961.7248350237674,621.970372860874,393.08410977715494,830.5003152382594,635.1805140643728,781.1591841479742,183.25579476553588,266.3752330468264,468.5540366307812,710.6357318993792,835.6942770915232,36.467665529022256,146.1302409534936,478.1167371156497,765.5334924463128,533.8222394742572,496.9276797623885,1
278.9816554313971,601.8546295244931,71.17949764255094,990.1040578685037,689.7361034908872,866.5008951598284,232.57792028030588,183.40078043295193,624.3656073281362,245.33343796489225,812.4648666277299,808.1301475029229,40.12597875496493,225.38432227407225,198.1320506984965,750.8897103106108,124.59336212018013,461.219315090596,654.6938907157071,808.7270450072978,1
962.014569790231,124.16441712036819,311.40029600422014,433.4481911491255,543.7119742753595,812.8968016140083,558.1697598237779,68.06332277852434,822.5325760007436,321.62366736900015,406.79974397707264,730.922283042997,394.6072300022532,423.71305704917074,54.9883731452413,54.14616049981513,833.2106699630649,838.70554723746,703.4105879740924,942.7643003204264,1
547.5525820895776,126.4415599120723,481.09159005697325,449.3847703433407,849.7408973767596,721.9528256336687,500.56575096110475,541.0173874120036,635.5994630901474,671.6474177003017,33.742048504992184,982.5671594609993,226.03602293255298,698.3760801178795,562.5828953469226,689.5638529752481,729.475242426178,595.3146614078535,760.5235604740308,696.7166047155376,1
483.1011052995173,321.50149018588246,115.81779888233845,373.0041477299357,397.48927924157994,375.9834175508506,668.7568488299745,681.4839678996841,375.5482877264945,90.20407320473478,173.19267573731366,380.4228510053732,705.4080389045566,442.3630980051697,858.4272720639133,604.5775352702474,388.70493143045417,545.7415636787615,250.30981486609338,194.49212675600003,1
884.9826758362683,1.3573754489510925,131.69986846749148,718.2800911295008,62.03857116545719,710.4007158503841,913.0138701199038,697.6565635039462,297.9203554427351,645.8751488262349,34.42192214017592,92.4698862258182,638.9673268314186,124.72672460297474,959.1491149792165,40.39672108791903,68.13952448932514,203.46821970100447,64.42572645388056,448.6635897458131,1
712.1197836699249,730.1349766389685,180.82701620043883,702.6738924637395,118.20309708946475,480.3250650414418,465.4361276244868,368.44397318318755,160.67355507269664,340.3382082552745,620.6074779240618,679.8319814066115,905.2151463843832,921.9631901064834,831.235405145334,437.95572786366733,369.8420071209928,104.67713627532571,309.15347918938664,663.4359486356557,1
838.8656998987265,811.1134338656732,634.6867451195089,842.7138525922873,175.10461101208108,448.97074052974193,380.7396980021273,487.9539728379958,767.607748108238,924.3444149167977,90.42512142001846,246.1138935376258,719.9568140662601,410.31964392787313,809.4337352083319,314.11071238086544,971.2528995080511,626.3245630892021,738.1072043107954,103.86127389743105,0
184.07503850368136,41.50952101337957,485.0198387940621,635.9579324311102,807.4089425725114,796.3426406687037,519.8884456693086,431.2504110998876,998.7442070299267,790.7033910678832,219.0508638787142,870.3466466935108,475.8256662125623,823.4640433754545,283.43423088899544,734.5802883596681,528.8370699325268,446.27746760200495,633.7139524526195,536.6452147299249,1
593.5880763362869,818.4179322218566,310.50106683001223,912.7515842207097,293.90488579146245,499.1344469888367,138.40412624528474,671.3136065219768,713.4276138340392,509.03140988537353,874.0861847860948,477.0831611543598,181.7646682288957,569.0113848531623,684.199505773467,84.86193360461914,676.0574176176531,633.0167580015825,786.4419606933925,179.55589974415608,1
778.2914480178089,237.11409566638153,244.91504644929563,727.6455827969461,113.17166935309675,673.929453428475,295.74025854164466,389.8015608889227,938.6243658766516,561.6952321801176,870.5417248944477,711.2489154970344,598.7301053410299,174.25065507708015,337.6260751205238,18.822801487160092,221.3083475158929,502.8825190658435,421.44312181048304,390.6657128889004,1
272.804876930714,187.9341788064741,690.3583002432866,147.75127191870064,874.7915588176902,104.40892795961243,166.399204258431,652.3412417004664,842.3770795561503,267.685978800719,565.3476591999657,730.5065362747323,616.3401284347634,831.9392918543354,505.11190837982144,959.9533991369057,307.786930296377,151.62657272704706,298.4648723607254,419.1441792662653,1
0.5625239216662248,359.8184862833174,715.5140104139705,598.1166001104854,777.8105504727577,213.12538177258665,703.6035544986925,558.6249321735844,320.7311611651482,632.5927050622438,975.3883429773138,2.977353351827139,500.18474437434145,225.09192171439062,357.4498075091559,130.37390982025477,764.9340900076163,701.9744745528413,294.8888160437291,865.8542817163965,0
265.7606215729498,746.80855419103,216.0173808458008,887.0488365659987,394.59258376184425,612.5010910479248,345.5761541915686,89.52076968280632,174.72848221388315,17.52492120068061,879.4433436282967,187.68788697866123,245.69877274933916,682.8833558280247,249.67024485650023,209.95724595419009,57.35132477969862,411.06103526014084,708.9229920881252,985.1422589969653,1
259.2211612112931,572.2481008143548,818.5690186615598,467.0593285155391,375.9037512158283,258.9408905364262,240.0483841298402,648.0990079515512,88.07518649393099,388.20390022359754,939.2840373201363,945.0817090304032,569.9730429460097,41.665220313266474,664.6141978236546,587.6033644877482,678.8810495343422,420.5192948944262,995.5561917256077,865.5223189659663,1
654.0392968922267,177.54464309916872,69.68922149824918,338.237854767775,631.5444792805329,69.34866726372523,829.1120917402161,891.8418901654828,361.0109749402454,408.70662793406365,901.8360703011741,813.1206763801326,403.3624225342013,887.896910112228,384.20216308095866,893.3142904523346,109.81626808907863,429.2139787441791,182.12974627715894,188.88959497825942,1
769.005980567123,580.1505956589745,45.76218413473021,606.3359517776149,803.4374804812657,279.7076172624805,107.87178410585285,968.184720666019,699.424614924457,430.8990004017833,118.0379423013539,917.740617971617,874.4244026934986,44.968392975698436,277.5978284514551,258.9528194870787,331.9546139760041,936.7512271957766,238.1992389935459,518.6040590317017,0
661.4110624411202,130.60810003416955,239.52624726988014,609.1211076494228,94.27772967747717,778.064446749924,48.22184932722939,391.2623059558964,378.44792469753617,154.10054631746485,56.6171385298716,948.8079743400835,69.3531549990949,336.16523637332307,259.03022225158077,168.7036942162129,552.4783365783999,767.8763347488748,538.3192168333766,285.1475586243299,1
564.3039453962544,378.7633424601668,762.310912956207,656.0302762786798,891.6323915518605,174.43785069579354,567.3638079070946,250.46874755076698,503.04239679408505,402.1248059117114,97.5648244009526,214.5356015847698,531.257791984003,886.5069298027698,248.60732391629037,667.0746285479422,541.8602763677874,440.81573832136,822.9435660640132,444.8463578796218,1
592.5239360981446,905.3493101561166,705.2269875754239,532.8617198248153,823.2098036079242,843.1755843778942,341.9022548610818,98.6543266139156,984.8474081528909,79.33825433889186,816.9828850763496,249.3212658547619,488.52989492798,803.1415971732044,836.53268948506,7.177426517211427,712.3253147039742,64.01300112225017,620.366889976698,187.0392317421088,1
874.0360833607967,224.6976344912862,947.2544555614795,715.8706608204492,286.2227386377617,275.24052295254353,149.74744952600426,530.4188177220984,863.2840008702949,56.04601758834282,72.32974981368223,746.6469607047202,948.0623637560112,300.55223293118127,850.0543601161957,755.1103399681214,424.4881805220667,240.72091734972767,220.2359787814655,175.0421228156991,1
462.0994488143805,307.5312834743055,357.0401747358811,326.79458582526223,780.1199066348423,666.2699549663672,374.42827837098093,317.3248823573442,628.5939517378465,104.3184585710356,273.2427616779736,749.0731843758638,446.4386621412071,937.9604087162973,37.96228665294732,79.96973748050618,306.70969038440785,901.6069391651494,586.996502410708,783.6196219735357,1
490.3783794612913,59.17814618198647,917.5158544169267,662.2675931733052,191.04916539733264,621.4834853089611,914.8871480523804,671.60200230461,324.68790235391145,131.62854733308293,181.80082016958167,453.93614409778183,524.7521143158234,878.2447497820084,751.6283911694198,862.588024326397,640.2306465912441,825.7418666621929,973.7119456149901,180.69772981172727,0
972.0530410624805,988.9200213344642,238.9667094742447,809.485155396044,921.7015975475509,253.76982184502606,866.7906709617081,420.72485966884676,922.0031632063052,268.83949945833916,201.47273475055937,684.1685787273925,409.1364608402226,200.43098779631129,805.9485944346595,929.429350787086,831.595282586794,256.33063197709583,691.1531442012997,668.5987281661032,1
190.71746322289152,142.45233209909048,467.8040134044843,282.8054134027517,908.406895324641,383.6515028822737,193.0618568720569,768.1372460623893,337.2048782546998,40.65961407370444,626.5131610482798,496.73166456901,495.4885894938191,365.06362567966835,334.5200594793475,522.0725470744432,650.412894856961,754.2373383071915,434.56397835261515,112.55304414606071,1
705.2851409397342,878.6510890192048,754.0462882825418,364.1772336809549,489.0933941588755,276.7650581511002,707.8448891859077,80.9095572892461,396.9898525283476,359.66577205009906,635.4240730306427,550.6398508607037,792.8574711127809,921.8721058487304,234.55899519889866,94.70434724947351,516.160694866877,22.35518413690507,469.0439784260307,301.6034103103985,1
627.0198974893407,947.7163077904885,693.757300257939,259.63568779561706,755.3182233449363,690.670331813471,89.40212040447094,573.8841757997283,86.68724468175415,453.30924041861533,937.359085181064,485.68788228790373,951.4616308883391,619.4142999408186,897.6799601907776,584.6459987983943,169.4605922211664,138.00017251253016,161.65529568738157,719.000371156103,1
110.85704891442305,353.45838490054416,955.0085660496001,34.98277467792921,400.3303138383053,328.4782687502438,857.3624241359047,947.4018386858463,188.18642004037812,320.7644757290642,831.7629446863684,835.9133857986002,607.9214883309795,144.58382560489213,340.37964140488566,879.8249310786156,397.6684943489317,299.54149970164457,696.6895029146923,679.1487711364002,1
329.35845392555973,967.0052040130678,308.0017342206699,484.006638139593,890.6541269811482,724.5374038728846,484.70058286184616,85.68877093203031,76.08372899286397,713.3782659024625,136.5349430583176,765.0797761298712,457.43153515742495,500.68622198724046,847.5799640691224,43.398896339770566,285.1416838799287,814.4720074346842,921.0154556641914,972.6956335909678,0
834.5713910821095,429.4578324309924,837.6131501886946,272.1069277503506,347.21376741368846,375.59588767478857,178.14048246507642,280.2669820055095,477.43359745117095,375.70124605405243,174.64591405935525,620.1861655035744,495.77932616780595,268.58253633391195,714.7339021047978,1.2759193438520722,886.1421838316081,626.808271429838,216.51494719059028,782.6959360347761,1
816.7612644914617,614.1815227166747,481.1772148202207,459.28494599853497,675.498048911388,596.2737910184459,961.5135201838632,416.64973439151055,31.707262810695024,532.3603670243458,392.54699454901333,856.4635724274378,884.5617187228959,942.9119913894143,685.6147096001711,514.7328765160316,23.37620345127811,20.824122708753112,986.7762411236387,570.9227229853107,1
629.3404853449111,932.3593553841606,46.84214905728723,23.48424778224367,632.0504084488638,350.47108368165226,409.92245380126815,948.1436881010745,165.50570908542517,242.22372177128315,572.5453904659337,228.55705424451688,989.7071131392202,968.710858592323,13.029386211280581,163.06812458202145,729.8453516692783,588.9462339758724,660.555028930256,394.76348829941696,1
154.38319797447951,57.89101419901832,754.265095192104,26.279705277250542,768.1392742502702,500.88819087875237,796.8740805875888,128.22122243372436,750.6941562872753,698.8642733837327,715.2538308496506,292.5529895825093,867.2090413555973,572.4260793002488,822.1878599780113,446.816077620426,902.817318219138,279.3700877177385,228.08758961408415,576.1903770212698,1
949.3892936832075,27.216719815449707,543.9815936774537,961.433431700222,168.40171780832026,631.4622075365271,89.81996656685442,68.314612961758,177.81117326423723,125.48814620325888,500.39538830760875,286.57688533357094,621.9249029972192,1.449032335057887,82.60762550420286,350.4763924280233,289.43857377655667,266.0031050223864,293.06522100592036,497.5704148619162,1
881.3132299473814,132.7283602837298,811.063311226983,407.20779842336475,368.8679356659622,845.2011717354251,993.9994019432387,114.20749524115881,720.6190556854289,622.6785247826526,411.0419825924504,612.9130973745164,771.6237630013793,300.3388241274546,173.52265847117087,553.6328056624502,839.0574922035225,877.7966281953243,690.4396876335157,60.29260578679707,0
267.2632307564142,67.45852747607739,40.78895222262269,248.1409825717712,348.33540145874287,699.7131417073332,395.7808436657977,492.54085172031694,769.2868536935702,235.40489167601396,508.3308052395177,160.55760472974112,277.2577208393251,713.300748814497,704.4471700026817,905.4848331072326,933.8406489369249,180.5136512784362,618.2792827914399,157.75074833669322,1
191.43165505140948,867.5259247775552,693.8177839320861,392.06034372538545,426.47034596692447,254.35407804644228,457.3862109884076,809.3757436719424,163.62183123432828,17.94053426324238,465.29810188568877,847.0326520932591,989.5160053479801,631.2811140438755,798.4366015510826,620.336152409168,421.3580105042013,73.68787493547124,879.5075263309784,591.0000872497045,1
539.1825792017603,785.7351313588534,853.5859305835255,907.3461780680856,143.6622959958388,921.1355113142023,800.7856410703057,806.4248411378834,977.9573533333747,643.63828213626,850.1589698912802,408.07818354828964,142.22950789890288,672.6376042024782,598.774380815373,505.9029651620522,77.57455357273746,375.54250843325633,710.7051736417484,823.0286607108793,1
631.4528793874354,202.65981214394535,434.17504844068424,686.5557924145651,587.7933488960637,249.92796279974218,347.95087238138166,567.4505975046766,662.3152436279795,469.174525039651,105.97378109134992,679.8484584794115,475.3662683730808,504.5106643779276,347.7369445551574,729.240912415446,961.9761433303438,434.9101847285246,426.4318070075055,823.7717425930562,1
573.0474310751011,500.48549591114835,404.2420662679809,465.15515554736686,696.1928141211322,666.8467733071551,838.712879530006,701.532496784316,574.8775162283331,940.4571324790443,746.4099508136869,572.6826270918106,526.8580762714254,345.3508014126722,995.0871078572213,596.1829495453686,491.7754741533792,790.089997826452,508.9964555272706,428.4591996383953,0
476.2244544332712,225.7075341694752,488.53453064457796,853.0066776042705,998.85559222987,319.742791879128,925.5379246648699,958.1334286231447,326.50613827580776,364.3643795191724,699.1610665785458,47.77242527693637,337.480896415439,297.6151967802184,855.9437124241912,87.723356438965,951.2005384269726,639.4708465256061,255.35652887598647,551.1908615589033,1
53.254175809096196,985.0782611875364,119.93530038272482,81.38673919916384,399.04574413012995,956.3908919626284,511.0776876234687,310.6170105994819,360.4639914553165,847.7538877664638,814.6403503550392,689.1833780828485,743.6702339374245,504.0007804157849,421.84180091332655,898.622375934415,470.51359238079107,922.956608784142,359.1137986654272,686.9210557717248,0
5.977000639088237,557.041589720401,434.082378795148,291.07042284194927,684.8229394447426,351.17193108802627,108.62831122480354,277.20029947288396,839.7477955232122,455.8680051432802,629.8579168475488,24.954233140907945,887.2147200445941,967.3675743114011,824.424780128058,42.901888884419705,102.13722060564501,133.7381388500488,549.6548711629135,464.5391810815798,1
545.7193511252916,85.42887954056077,86.71985409140359,577.8061279454073,90.53941290688516,526.7727442887864,805.6530780834405,980.875053714518,890.5117313963517,927.0404277646234,341.30237074123636,132.99513435237142,779.8392515297929,555.3387690619342,999.0981004150372,832.1718965590071,760.1316320892242,5.309827036356629,380.6122065420224,804.2305451398082,1
750.2666765735028,9.040498055170708,439.059174654865,360.5546489361401,607.1024471776815,823.8245736312248,839.6119940270269,834.3537440105902,52.258070902239,244.68575722023155,90.4477181260055,799.3264295497619,984.3171804755707,148.44127987823575,616.6151673097448,201.31406494637895,313.67803971129604,717.445341065394,301.4792781775344,487.6997799651017,1
226.99309307219295,912.698294126198,916.1715152935798,51.0710543880224,832.5053523544232,207.4338736523096,721.1555148575121,858.7857274642199,58.1297960941759,535.960634933721,577.4236506804546,911.1561326452783,203.00896446697058,407.40864515159893,156.7506936441334,261.43165378212893,164.28387341372718,946.0975745138973,752.3508639767057,724.3333833660627,0
146.70963296925842,830.7972233874078,981.8425473817415,860.4298690918401,91.54950334735301,145.60728019733938,401.8085699555354,297.3854879807991,368.6032128197001,998.3973524673287,65.13325994570684,850.3287314845583,599.1299939020181,758.5061412792411,689.0588944314552,277.5913336899065,619.5349765054352,318.22366439325543,367.3106134012085,423.42724809633046,0
785.9805433345879,283.1586947890087,599.7315907479456,835.0951242530837,94.15590096580084,15.445094909981027,753.3090425488375,649.5746461940821,753.4651033434951,466.684837525287,554.9675687290144,545.6896204827443,217.94895202678055,741.3919878791163,916.2197496692754,199.60892293396137,979.6713022183462,247.7482744738325,413.0537675330942,928.9552805951877,1
178.22240034663972,991.610064337199,338.77079432937865,682.2272185265722,736.1018483214033,29.681162583149344,644.6320447190021,481.1563693563259,65.3551223940223,989.3121140314321,809.0627305235752,902.3215644950609,320.0602474087644,354.0342094814277,866.3193498388972,454.3318267145602,455.1798607835344,483.05977337636466,302.94164316714347,641.2901656365501,0
894.5319112905405,493.83390503327917,73.95452522122959,286.29900126314476,282.89633062188193,85.31625716326363,941.4823392077308,436.76509589728283,263.1596583261675,966.6410908035645,826.5762165458326,277.74625154519714,722.1842850001283,996.4549463848138,300.9288367370914,923.3709635642776,676.919948492823,644.5847221815292,393.7752412733433,550.7275442688068,0
82.99595546117044,31.284866540879474,565.5563664018417,685.8710632598611,330.96248249844393,859.327512762228,461.1459151386379,102.66340810333085,604.6570658144586,282.8991237449903,813.4398930325942,73.82826012033783,88.00058826060908,592.1792243626409,775.5015781192686,653.7999827833487,433.4338098495967,582.1257760009652,988.9763241879169,439.7694762728467,1
922.520462368608,944.5237704506907,872.7576468082794,233.08689566970475,70.38148298095138,319.2062129014234,262.41332676814187,643.8715556872079,510.5285718792004,596.2066831097301,769.613172322153,221.44594159090846,358.43652220479936,324.2969522809571,336.20125769120676,733.339099585072,961.8186321979401,560.6719590548847,957.641813664265,185.65569114703607,0
403.72321583936457,416.25746399783435,137.24050091698803,750.414807364683,216.6123841669041,491.2592359570888,879.458254249275,384.5693263205947,332.1704597637856,477.32404038559105,366.2537901194,329.9853951581172,425.8505119434729,933.2119726619602,200.79484820621585,424.2538505269897,386.3920106872959,22.091602913789423,757.8571450708039,777.7917167537903,1
461.27149172165593,557.0867044616439,872.3691867638912,17.9191531534445,998.2707902331473,822.3051943023738,457.32483834283613,835.8343157445646,921.6679334282666,186.32510289255856,210.98043765835527,565.6156972561076,687.4482097962931,19.26108966398843,142.7816929405642,860.5794251316781,729.4897518629627,545.0992784123364,803.6833565623119,111.07514176531541,1
333.5821116343286,902.1801416413529,971.7968711573501,612.2329582807968,835.6884489366503,902.7183849176982,953.8218347149747,995.1703100131251,557.6257725144349,883.0736076932321,378.3155167991893,344.34188169849875,199.08287252805323,55.19615433496183,776.2109987653213,760.3925449124977,474.26080087862346,497.69418959158185,633.0850304231411,137.92791269004113,0
515.4132253595684,217.79811935236071,884.5286644873783,995.0764121425309,352.3421750939062,65.19449179225467,757.1866688381095,984.817106425023,228.959621723942,22.850643573266048,758.0926218221263,216.1508892740628,582.7261614095338,855.7938994524344,511.72775362597434,756.4002282503626,410.6835969785054,702.3871360423806,753.827713110895,135.6595519692122,1
924.1136057528984,669.5254760565174,51.034517309860746,737.3411176032349,976.2343608119509,661.7241275240046,92.96561253367052,309.7756585232555,540.5288889192536,863.7373678929775,609.1503230974283,122.84425793382758,666.055092544046,376.31323078188774,131.03429770640662,191.79878672781481,147.9130412615215,994.5278025716627,802.4891177702373,199.62934752033811,0
211.4219268842187,184.52506091531916,921.8540396403647,177.1983133457371,558.8964238800258,895.2065068275766,953.9899514576198,595.5398565428753,392.99333940755776,946.0226238919178,626.2576385558399,382.0728352079159,96.7069332828987,324.7164661179648,621.8343169606801,262.50065394129706,357.7671163113144,179.405537580402,637.6253695621616,58.366356985909526,1
937.0964193054715,686.210223641499,888.7520103453428,411.1130693321863,635.6107027216706,806.4180183028659,388.45867582406123,225.60371755794728,351.3419305130846,501.7140410968899,42.98191625814096,620.6479587974159,645.7556886306965,312.200848510148,822.000205378725,943.0305382631433,184.41597985448254,665.4673924440199,25.791130252504125,964.2950181587639,0
269.95469444189,727.4778886979097,477.0125787159858,98.70462611103092,794.3715595481631,120.95099118238595,709.3911501668565,262.60536105637067,316.32380270004825,750.0662513889001,112.33138048063086,308.51373617004583,480.2900996509738,85.93402348646906,584.8493014070978,364.6933685059567,244.6407850307667,96.05521885191182,29.58141804911851,232.90249127015517,1
842.5387765956181,965.3961669457923,77.01865859336709,104.34995084903653,575.8941926845706,819.7484046883327,663.0765641073966,688.9660641624631,573.387184050382,517.0550617592296,106.54182195374473,63.68553380113884,933.0369971206285,534.8820235452081,425.4416898155111,828.7480113565983,566.1958639204695,615.6167256526397,508.20502695026846,22.055859726191397,1
310.21081206201063,523.161360058486,75.18575903250624,254.84200805964696,556.4470055311817,961.7207733058498,185.6876529495215,231.9015429846074,607.0198987971811,733.6109699335449,458.9226612282396,28.218027570643844,820.5541382532483,529.6384905103126,576.0699570953024,734.2562637007393,340.03826079191066,35.44548016454474,994.0029129149696,307.99163150472594,1
937.9101514744546,981.6519386947251,9.554532514754687,682.7959765857335,737.9326571489843,454.35735470641015,449.5913718132931,636.7378925358447,877.5527003569182,536.0626965215647,655.8353582981794,478.04984627094836,504.5133767889337,477.3254559512062,338.44077916508195,389.77353543768135,212.58910289138154,618.5824465031108,126.91680621509693,89.85464395650233,1
695.9855274565911,250.5838356178609,158.83092501276764,96.47575583459155,627.255066040177,962.9352928837197,397.8367721785696,694.3112241137925,985.5061387899309,352.42631507361745,889.3795216718316,638.9789167552292,639.857010597395,13.06760009319441,984.4007794337972,435.4213253913205,306.54986243494994,582.0178411184862,767.8135064009118,608.1768122807257,1
594.2691719930941,730.0544029246448,579.674071441994,899.3026810587509,393.2259098424012,288.85677534324594,177.66338675733527,558.919115985575,231.9984377877843,329.8292883362079,894.4345368252949,312.5934157538667,79.35107915424989,891.4930906588272,87.1940541608921,303.03220778003595,597.9810175618039,420.2909396856701,128.0930328879585,337.4721665251578,1
314.14774412479375,531.6500795589636,348.5439223327435,267.4222042509542,100.05570921488771,508.38479608559294,878.1186610384132,154.94443086067244,534.6962215965615,285.40777111202954,380.0510272735028,589.1647317072097,856.0744526611895,577.9172107439732,555.1771876029039,968.5408203471982,964.2378350475019,712.9494750631271,886.4952647353518,332.41841008567394,1
403.0704475124465,732.2004555692926,455.8094757447081,778.1380083850206,398.83064448434226,912.2477225796284,196.16698601786354,18.510448353458166,243.68793174787186,901.0134518323265,125.40662300207062,181.97904390653997,56.630066908941124,996.7124271449244,699.1147035927778,767.722533213632,126.47233875830632,358.7200375452649,799.1353071242086,290.65255216757447,1
656.2439069762644,917.891722039677,9.656296226755678,942.9450738178044,776.0643718092979,962.0074910530619,670.6868129161473,177.37365531524063,700.1727627274065,174.34427718902168,408.295623252412,991.5193986241918,754.8163694088796,321.6350024768677,517.5297432017103,29.408894738514046,205.4130113672563,994.41978221109,522.4992960981638,344.20240864515364,0
510.5536319295505,870.7209301898475,315.39936551337036,964.6097402231574,778.5329662073382,835.2554770197647,222.0046278983242,778.9323301287304,978.580896309626,684.9156192380253,248.89698675056138,294.0437786736081,496.14935261618484,896.4753241480774,617.8653502296866,744.9167612883482,733.9352847731425,482.0346090694317,64.52410119754548,204.8785795533302,1
735.0210281836391,411.24845898005003,195.2466884363747,888.0918300798236,564.5682153177686,340.9347595887574,448.6086375223217,84.85459377926996,927.0775373574024,391.81477634371055,185.8008708505119,234.35772028579737,94.36240750731373,153.6615754369083,494.8856449878917,48.526530628959065,932.6699436343125,478.06315603393637,360.28015142039317,558.0889583300615,1
100.51973568206895,604.0406369226928,752.6324136730651,390.24185539053235,173.29501501857268,536.8805409584307,976.3616480827211,726.4836987608742,579.9206634215572,231.29024332675806,242.97359239487014,486.6990727193535,820.1330519095842,385.26808090579334,779.1930798426113,54.421773244858414,133.96934390201875,139.29625982654835,516.7605086266792,663.7553874370069,1
313.2859700823384,61.720425741408015,618.1986645004589,123.97628382408365,999.6345405005112,454.6711562558533,829.1959737760892,29.531953000051736,540.3105967261079,879.5853392250787,811.0671844018544,323.81560076896255,213.7004785881943,157.80690176623335,685.9618473320506,291.31128575501873,62.97510840733733,691.210390868405,371.91964401603485,201.08560490970305,0
925.2332699843085,310.7554276602732,832.0795809913931,124.12312862650121,123.61754308938244,42.17704497867003,712.615381319079,908.518608207126,506.2392254718323,359.8666487930965,597.6606073641468,897.6459446075914,981.6368800589038,3.820528596880979,647.2865893149622,753.0503393399695,220.76455814632024,388.2570158269326,18.769241229931733,426.4572334702458,1
333.52486206039765,652.1981271137994,626.8985386965606,489.22042909763553,306.12088732932983,506.67773680761053,771.1264853714785,403.91879520604056,623.0942325378708,726.2804042947602,986.4251500223736,742.8224145167552,219.05050035990027,29.940109622092148,501.1904987674315,586.1848144127557,166.61191952814903,262.4186585763357,142.54166812076642,728.9379936846855,1
670.6478589840042,922.2095825573435,396.392408565056,855.2531078511032,547.8076824546987,884.6572003195796,615.0259540114782,438.48948370147554,213.96876383960273,985.9098945984036,320.2908275000421,865.5650284996692,836.8578020475127,683.6800979309132,981.3958606092511,676.4833616328849,681.9012398806417,5.648382271518093,521.4501169700195,918.789378618446,1
153.19107193518678,198.93234109540435,965.9878256818919,596.9569279372425,339.1595973593933,635.0505602752369,132.47078570848902,547.5923115344226,701.954328649661,206.0550440053067,650.3670993501302,527.9030157535313,633.2136537236513,532.0332683821823,464.4359741874515,931.0580906098744,917.5265606256085,681.8615908758006,383.58032122878825,288.2442294554507,1
680.98768041767,160.31251919641642,867.417484013198,484.57714906812697,203.40790045011246,966.607641421078,71.3691169951245,949.8384905772128,874.1216024305276,463.193116810233,762.087551303859,565.1484715353351,15.287307162912489,473.02013713996405,437.161990303368,513.8793184279327,274.20468507770215,231.06383082276216,899.7377041328766,826.3454206982659,1
57.962177001383175,352.6686951142339,139.72496947770162,629.5428523729048,651.856903681568,243.09349566837534,861.0294386479063,984.250069698371,907.3962519448813,78.52347803448623,301.7987010421407,812.10734018773,176.22113144619422,392.37608820358395,335.79441118635214,918.1649048067007,790.4521772023958,902.0807451580663,112.25425429244385,178.9959390408482,1
790.7421233383719,483.53297665626303,451.51063643036116,522.0949541137685,832.1722486114389,754.4439200622813,534.7016521946285,567.7398926039307,2.0845259528525784,309.1079040641764,653.2694047716482,848.1430576526191,218.02234283335198,108.86484124212048,890.081841103224,612.6018379555694,507.93637561366376,860.6586523195037,307.7797112171187,545.2856484336511,0
282.20689610074203,350.910563501762,115.29639043918338,314.4849218659921,45.515663399684826,636.7682849013382,293.07440486093907,78.67899670477607,254.25556856207044,449.3777557705082,607.223431098869,265.7520095718455,297.7687422587952,395.16443737801023,664.6786052394127,693.6532655504782,917.4097072134714,554.5622476365016,506.9511693837712,648.1924746507133,1
912.4995804524855,173.05342583284778,955.4666319002117,740.6909652934494,998.5321880343162,981.7600658691078,978.0293756998824,646.2766513031618,922.1106877056872,192.4290196503411,33.08421279138918,279.8191602813833,842.5914210655307,107.64860618220773,966.1770552308539,13.484974437843245,341.7018487643135,529.8757038378827,220.83012075436238,640.8268151839623,1
731.2823717955557,937.94472215414,913.7126322525982,35.24941632129741,790.2820105465422,830.8015229268602,971.3805061782163,666.8089347637197,751.4003778355627,109.4592331667753,859.2691781315019,328.6971287463641,811.8448262568351,659.0103289991423,379.4270226255536,560.259351161444,514.8337348318545,537.5095073527615,123.26996457952266,796.685370763155,1
443.9044203601518,592.943040805167,150.03907439961094,988.8822441634034,177.88658241963518,145.16977651161488,753.9743784474025,239.3414040705557,809.7199598630981,724.279796961991,797.3922659306088,129.2526205899134,112.12652155592274,184.36475555123633,171.56249092985541,749.2801843710342,991.0785433603069,319.1863980433354,649.1811385873034,197.7675902100341,1
691.8281862284397,622.5764349922692,458.79344863998375,236.14078613150292,447.844660584254,388.12830262851537,960.3036725976012,43.583821572703904,654.8087509205511,843.7914293362422,822.3683721743953,401.8322686841338,350.0897124242137,668.7671835956899,798.2299802398112,872.8764139894855,768.1842091832953,365.6263502140537,452.4160960303074,863.6004561419952,1
714.1180914243478,473.3817262220994,466.8965059536304,380.0413008801804,825.7393185167606,291.4411544298039,91.28997654090843,3.8876117824777623,900.7237407531403,52.159976921111515,692.0882525526844,390.99467181895756,369.05439302281076,882.2321800055149,552.5595526629204,410.8904171392903,21.934313044241648,253.64641809265208,465.28699237247116,675.3451092610269,1
827.7840292834895,127.0212675753185,335.4114316670994,112.03739547329828,797.4378988003032,923.2487623123968,424.1685130500891,120.62982994350935,915.1422290059696,556.460514990687,541.9972864414805,646.2161660141153,15.351898446383627,306.7315096141023,696.7891848693076,287.2992628327972,999.7384534176157,612.0080292196757,298.17757083942877,780.4348860647112,1
596.5324679683977,700.0905186147041,623.9480948371383,910.5649175847436,473.1000515023461,500.53066166153303,236.46763623110579,673.5787584992052,539.8290697179368,964.9355944315737,684.7917111325185,465.5593922928204,866.9062502987357,758.80020770579,27.06976221631585,857.6343830445335,514.7610357572795,664.6921231009737,527.0684431656193,471.0617723971915,0
658.8401345966059,677.0521255592995,437.22690081431836,353.3830703701947,971.5521588525171,533.3902529349568,854.3076753497392,352.6166566373835,50.773661410322916,415.7144362745535,919.5710450637623,183.2124097678841,113.8344519211204,944.447136850777,978.3463950821864,345.0238633016762,518.6679637374534,53.55905929676219,841.1364317052787,993.753329023566,1
454.5633348981172,268.34092814699153,648.8951725401984,809.5172304948679,220.06913204691304,858.7269712800913,591.1732338907385,527.0251326686059,517.2463350548699,175.46447939692533,998.3882939915263,529.5610390607837,260.1939696631306,137.69923985585731,420.52576621669124,787.2531332934356,844.3424791384784,33.78054446061596,458.8275314595537,813.9764211098727,1
347.07071188880036,229.30233471122185,258.15860376644315,565.3144211123887,581.3761568437425,485.9461649148239,531.981796486725,612.7327527631923,439.34733136289907,221.11110327023553,201.9447949807356,861.7211856239859,345.1733864907346,232.97771798460454,709.8405195871835,881.6979796502993,426.29229762858677,80.44630711443345,275.26885697278294,629.4345698813441,1
216.68696722583846,389.1300233769146,481.6296296742871,914.4004773047787,210.21155904492517,435.0579107823415,525.4620741063546,277.4779840693318,122.93914532492644,333.52551044087085,475.8421632675954,758.7007253007695,795.3970536328819,950.1211074471665,536.9227950765184,880.4336016253557,555.5902341995851,888.890591261784,93.47424681731653,703.3735503110506,0
106.75725682556292,282.73653129190535,289.5230961006614,692.9455169801618,548.451499232244,424.1981439058641,415.3351621607068,342.293488822087,899.8836960224381,881.4999260055577,364.82636255734536,842.4218769102707,308.9445649276494,89.76756043122269,253.39390293780605,209.56728096847078,226.90669379435636,878.7184159828906,91.03137717008347,534.8908288928576,0
466.6219739156199,333.30051708691263,872.7136761401089,222.2669777737012,311.4651780231962,831.0158126072998,760.943505021554,586.0788289803529,888.7082486370285,76.66225669298832,440.044252606684,647.8015471771806,346.79688012337016,114.51597348882237,324.2304995273588,553.8171685092786,616.8271019052562,637.9246333590171,210.30016508750649,862.2581355787464,1
402.9845922807275,856.6046181533658,455.90429054402546,276.2368136431703,795.1486393470734,508.74690227543897,302.9641408937569,204.37095900766556,205.91520631138394,945.7898374566812,716.4305867484309,555.9656105355012,737.6511860670082,715.6831841101714,2.1588029127116437,350.28635767621375,716.4721429023816,932.768316545878,853.3639984259698,709.9069172118403,0
187.00161451790166,437.29005811703405,230.39817408033625,226.79094711878045,329.90624308296503,689.680749587803,4.018259161075455,610.2182715208768,705.1583466884251,487.6292889152618,788.1560561353906,979.5623151525064,84.88957784829677,210.16745782478864,823.9423538687993,102.20525050804574,360.4891283137347,880.3456883379639,387.9178700322359,575.4142900546632,0
955.1288348247584,321.0251327094814,742.988668138876,617.0034679570921,823.6306307981555,58.18164244003676,371.7796552749386,318.8990521834141,658.7524651060468,843.2102794662565,330.74057632882403,123.71946575662906,774.6193382771048,629.5179018045302,648.3873871301851,527.6350908349414,336.75733251849215,202.19984433125737,551.4625071174016,321.8512626048938,1
524.443938241093,174.4741972781616,717.880532583258,744.7928296003928,231.21593700831755,809.664540458963,452.95973208762655,616.9539175209338,896.2358118721937,569.3621798309322,15.273537964978434,524.1937190691558,891.7163765740313,149.32338886635543,995.1701544546205,2.805318728253403,499.0010895735247,179.4305812613054,287.63750973263313,599.2490812591607,1
934.3562712460176,65.2803621911282,103.03440986354306,413.3687439081515,354.00241618350606,357.56541142091936,401.8859434339478,927.8052256534847,323.45223883719495,203.9239327314626,822.8430959204977,552.4817005129818,433.15941256546984,737.7354753762214,560.9854091458513,950.4037627334735,600.6193346006697,563.5308077231205,704.659157216315,893.2357784387448,1
353.4868067947996,453.6150450562455,498.2047517064263,477.2185577531841,813.6197953882632,163.0621822496715,288.2528296942556,216.5613675241309,85.30314457636112,361.7645837286263,843.72580628224,336.22966702454005,81.56381795962764,425.01982774275615,498.32573429479623,244.92891926762474,438.925425875627,230.09536115463726,178.45929473113486,241.14945209201755,1
183.21168966082269,103.97311263020981,222.9397549441644,345.7026362231933,105.29557092164931,131.80680339173966,913.5245406364194,8.754618077319808,737.011664409902,808.8521105735578,965.0017707517003,670.9029590533859,723.780369968734,58.96685717551231,587.5558649031544,130.7689902823219,937.3298794185455,21.988838357656526,366.48627482988206,459.97790237516824,1
16.577885734780693,527.7367338536643,312.6331149793591,565.9613011306003,46.16869983820104,796.698039442224,608.4349091721388,694.0218467572117,808.899826312163,663.0182464542722,58.20222052063029,102.78413944366261,97.95133563682734,301.715354583027,915.1788770571537,572.581795305272,787.6678301238379,383.32902784643585,863.1226983622624,822.1647529782705,1
282.0798271040871,535.2062042596383,119.16243423624518,889.6404028913913,332.79350428651264,620.3326689362516,869.1549940363718,523.0130559261607,634.2375574858094,540.3104882607315,801.010551631586,978.7405569497461,108.41407579290241,390.10930263014563,436.5735611969277,607.8090351276214,265.42670853900665,783.9571807069048,142.5086324818956,993.2329991930623,0
610.2957337836657,514.8774711566932,745.7528708721683,922.7760773988894,485.77930053454867,699.9142141753978,245.70651102006403,656.9105071767672,322.48602292418093,497.0472795329809,851.8704973207233,356.1254460680512,187.05505810590995,727.0178537506105,640.2907359269481,686.8290142532813,383.0795371989163,151.5549717596606,617.475565930324,601.9143405880783,1
372.327602029782,839.142495048046,177.96589414983234,564.2834194408061,155.55083933980097,101.96791135912531,422.9249666763012,386.2267014313313,843.5526126970968,797.6540686454014,342.8013943464079,868.4986049367724,675.451855742165,960.5506479537571,756.668690911676,315.7725801414948,809.8602847882464,987.3732973607307,526.7445393015616,791.9812514719581,0
551.4943521584497,600.9785327611049,925.135601372771,797.9403039095563,898.3932986052713,785.150213567911,51.952034930104915,326.8246841176994,516.0425303947518,191.81466050075846,387.91158164396313,321.5556678038163,420.3869574854264,453.1834813492943,593.4750010438594,580.6519996587199,740.8946961323022,60.99468305828803,3.5056648326773354,915.5387047555344,1
550.3798445495192,888.0294644312517,135.49353977992396,922.5133427158999,524.124813401363,988.9559768925469,381.71742445088097,985.6053082483663,92.07679781648504,463.6089117190063,822.8099003008626,92.5265309821045,658.4177438779708,352.8209925049752,702.8652546922626,15.731517320459186,570.7452631088183,549.681470987889,187.55930680337184,694.0183003124869,1
368.12614879599295,195.87971740672006,649.9833453818995,737.779140203423,931.965698654627,118.82748386141118,757.5456294797518,145.63739155487355,195.25634277602944,782.9349150891439,418.8999293432024,684.3399494267638,539.0522275773358,193.58664358524956,668.2142880361205,65.54379788397347,759.6074679925539,501.2748208398751,193.8583053615436,137.58958665091725,1
411.6247480321694,710.5778347554743,820.2062719059759,271.6587614756608,626.4179708051624,485.87833863587935,326.1584019048932,161.21905698398297,765.3368350700817,96.01155600455647,775.41026064989,118.54768739261779,397.1209323369215,613.9230645287936,605.8774296455475,101.91649735154363,412.73011870688913,273.7481134140861,956.3818198904746,516.2165911394309,1
656.6858547472301,464.5203926984006,82.88748180359107,175.1698603567222,660.7975301506647,574.4130970251861,105.91051089034099,900.2108496341743,106.25814766842745,469.7605829390608,960.713203291951,747.6005592467292,510.65956078500227,619.937456481625,857.1767355772411,110.02248689482519,861.1617393100233,927.6531931430978,758.998982287211,465.2903882961731,0
674.5263908131452,388.8807381342444,6.811826215974759,648.2640772388442,128.7019543232919,488.0165747825799,598.0004893955514,387.71920998051337,157.5475772341729,579.8643498014669,260.20366005828663,8.367829905583491,961.5315709990585,406.69368939682914,637.4741541057784,390.16553038554815,432.11359997306977,660.8907237365681,209.8068199364669,850.4010537632399,1
624.2054593523906,954.2661831966194,10.858189992354994,705.38255911893,337.26980220320536,431.18036128889315,323.7870736714153,394.87628970408184,171.5836554211747,867.4822522060988,232.1958796721041,66.1483418589971,547.649045244766,334.05915478689985,313.84158734140334,372.2156304066656,575.0752692377381,898.8777716668509,775.4190788618348,635.4634374287989,0
980.788183413392,563.0899015172237,352.91235355774234,999.1635231285984,125.45436237322605,488.31744414557653,661.1863213865724,602.4498700949872,115.65520458114553,419.5581895476045,917.1615052276502,479.1863922997591,18.97201304257601,726.6219371121679,422.70802806784,460.1656425110583,984.1758410753532,294.8015200188978,37.572899553308446,327.26168602895166,1
750.6851142552091,487.6902070333672,695.3229017724133,715.943194313429,51.77495355409911,128.73808599674263,252.8434809791341,907.2213865019291,434.5879236068472,860.1385895364048,142.6836507143835,398.2053749860175,715.7917379009583,468.681825895485,961.4446372315847,213.25793735408482,169.6749111196173,20.631948366367283,836.2828564343765,777.7772912625037,1
511.22717008188914,237.0053878027857,7.958600850555664,250.00991517008208,239.6850763158157,194.33699206980148,729.7942690886731,630.2018763206872,363.8429589793718,479.0126034803911,868.2865878847847,150.47285730330594,721.3287422017478,575.1927110766286,862.0637796848879,726.9343052558818,944.1401512167137,593.9729963387088,922.8415395440081,20.10013434947444,1
534.4517172816475,643.06560129444,296.92187612938324,207.61425875982863,743.9764147736529,955.5226089307632,216.61100283177203,774.8071199721022,75.41202052938078,602.9368702910854,419.5914085174832,666.3992884178748,302.6145838619041,836.2707883309803,956.2682340686055,631.2195831848187,529.2747437981486,485.1640115973592,455.1726234240764,35.888342030268916,1
681.1151428449492,532.9882843702802,455.81228333679036,917.7061838104443,278.88384211776383,606.3935280648253,927.2695002439875,604.7065750138747,81.28353304736424,447.87420269837287,663.7796664923433,328.7506638909542,231.74648624786244,562.6063582157132,14.04207146589609,834.3560100324175,522.1676981821553,845.0683018148893,368.92665264697354,394.19785052799574,0
497.46527918564755,310.74563213676066,19.78285710233085,513.1488609842451,30.575097497874015,192.46688830169,944.8226894627767,969.9567676783436,22.21477723422649,302.9245977102327,968.6649677793393,624.6855875515665,700.0523455567238,453.444280446619,571.2469576771229,345.4072108321217,182.09709414985863,148.69243491700513,161.6190754427491,20.07047158586872,1
147.54191244426863,529.3602178232062,198.8535109998296,349.24549701434836,952.1400595807293,891.7216783881156,850.636582040804,878.175868717142,702.1936763693317,631.8033449301597,249.57359053871642,915.8450712092853,38.53068298429163,436.2426801350772,458.2794817158569,806.8713187880055,358.484614834276,497.9340887710415,506.8794732269504,288.53910094416125,1
904.1301572425001,919.8136663249393,388.5320546394391,508.35575406090805,588.1095175738379,291.2362116783874,968.5201334090042,207.25758305936392,71.47256563238858,823.111171902955,789.4332841925392,936.5855486919698,707.6067187803209,452.21421284272236,100.90869800696878,147.96015390548,874.0476178027926,844.2491879525804,249.46904903733258,76.86179140329075,0
871.7967810150853,39.989526035229986,494.85135424642954,121.03867602413632,350.2883432074767,588.467112630694,820.8109153401697,27.312384773046983,380.0307046692877,163.65984970479374,798.6542835376662,144.7776613924534,379.3153575398349,556.2988478826721,335.84216565762534,555.9965055192796,36.97155508722483,726.8905314294623,522.2282475735453,757.6217403147617,1
592.403415759709,248.89231533176647,329.44640477633504,254.05178774948,500.29065851366374,495.8999618425672,507.58245553759264,341.6967528345577,576.0608060320868,433.75192617314104,445.19842886712325,223.09254320523087,139.80545949323343,811.6407492801366,472.6294302347438,541.2670405805371,927.0928761235085,317.46892085546773,671.8848865188833,18.91761827677896,1
255.9602349293937,692.3601161260651,888.003324261279,122.10647463731594,918.5436677643322,312.74331755846794,906.3102431573892,931.4063409504533,370.80139291412263,803.9569416951678,71.09040083558105,482.0389731254405,313.9449233453159,296.10090103026374,633.1438174172807,116.86261467729608,990.7916654506805,875.6662076182712,586.9124997348748,874.8723000636952,0
624.5882446858061,153.229197324241,597.4573015213426,580.5573666041554,497.12686584564335,109.72840816272644,871.617564746126,917.3733881383218,335.28623540214363,256.2480691726294,807.8287293822259,441.53168135338984,945.4399437001539,540.6230566027773,183.35541984257463,861.1720980345516,932.8388938696822,501.744989925592,58.073351099119485,904.0307352864407,1
358.70218623302554,528.8747283169345,297.1842606685994,860.0443835790775,925.1539185821865,448.4630165449763,39.599412012577,167.75547200592945,466.98860588162927,170.22056912404736,753.6142872945662,75.76155545378515,788.2549714209597,423.3189867293029,165.0979928926315,956.3014812187046,255.98992616503924,899.4504877910488,369.2309828240512,978.6600501412927,0
44.391930478010934,123.21655761004291,255.3126533560566,758.4311806317916,747.8869707717087,982.3099793228479,54.73030061302586,349.7104096176351,628.190510580435,97.60391609712494,503.4019043468779,505.30369980021925,760.0199371064326,353.5997804210059,545.5139751541252,98.97199242263954,263.21945740846667,971.7372635088279,385.27570698827793,587.1373854595606,1
624.4649850111894,72.45639350098831,656.476302172051,279.82133850565725,612.5916284767117,36.1438976829348,123.57255091126385,85.97211792690362,356.71535609720905,860.934880898103,595.5447475715124,69.12759101862243,599.5895911498965,591.5812612527259,815.0395386531185,514.7254893999506,385.07220885059724,571.7472141731851,491.5741460707341,247.32193701543326,0
653.4289825005767,391.5058261606964,726.1773974302532,801.5982109820353,35.916996669990155,125.24878416619067,304.92461448613426,516.1484299035121,598.5849406828676,715.2641474116583,316.2786179998369,598.328266477144,60.30727038381922,155.1463280828368,331.30982594327986,199.8588070453293,613.3996209853743,294.2950064540223,963.0074425326258,658.1255903480104,1
672.8765244461918,760.6410126202985,331.5054937534453,67.96285704743798,476.11709884738474,631.610989718543,695.5707250645438,467.54253968856676,752.269405328737,733.2400681354347,42.15087089942049,808.5491849513368,510.8317265890052,876.4246591468085,738.9102918756383,932.3634659954573,926.2209543349044,896.9976214632612,701.5273715422159,898.6254140229368,0
188.07950963568476,802.4646177560332,859.5656945234294,176.95702261099578,9.185617008563352,365.08676750789493,475.71445686012135,336.5855500517626,289.00636898249286,666.1618428919671,18.21153797760855,405.1687287736635,484.9988897725468,645.7704132939526,678.4653728468573,717.7103638515557,690.9831489651108,839.6880155327361,35.24789997123323,672.6206588121216,0
338.3636103643314,739.2017933379153,793.7974790359046,635.9955134588972,704.8719724959055,520.3898549551004,884.547941417147,316.36033232244796,596.2713818571241,265.9604216677046,477.7424490202544,50.69202120333915,863.3675048735204,874.202501249413,344.62113161898947,719.5619147204891,46.29965854669316,355.57553664551523,165.7726305956905,205.97872704814378,1
355.5933526023958,97.75613612127565,511.21468635869496,6.074813594001971,107.17343384550814,735.5521344578659,849.5050324394357,325.57444640269694,354.18358368746203,382.9109110652924,869.002702733066,773.0588104372604,597.9141658143467,633.5971701633844,232.7027554006007,929.8392296600514,588.2589798242474,248.35017672576674,497.03921494520944,438.178199088047,1
5.717144430329446,758.6240143460993,73.0694032416509,910.1009302868605,233.2031335055068,582.8661660979847,751.4381619248761,158.1623865744515,459.06277733293996,519.8237332718534,155.15977465548914,773.8040422893254,698.6165423104853,86.29397665949922,917.180960921536,980.5406677048857,923.8353194037113,950.3628988358976,700.3027589660347,495.4854004958104,0
75.70926091163722,711.9736805515467,874.380941372903,779.9672650202838,924.1960220750863,754.6716135897505,702.6857400893978,983.8376614441332,721.1953920921964,383.62759742541186,598.8227862604614,234.30676108679793,637.4432259677538,607.1607728975458,772.4197774974934,590.3040632587865,636.5287652566808,728.4705330494977,672.4549995870569,383.632191873248,0
402.76865903791605,667.8717710924336,539.3103619993763,890.0424153710343,362.7104353736449,251.01009825979847,790.266538311969,231.8027143113055,292.94120147470824,838.3523589012233,62.69484343881171,789.2916055840598,732.5751789485608,297.8726524968709,299.6338464118433,867.5592985137238,571.3676150878451,209.49378849517407,314.77328099154136,670.9197710804046,1
492.0042457223095,193.00620414178061,901.5668966328748,175.9839155906535,117.83929312859786,772.2567431429729,564.9471966475271,208.3010873085399,508.8111181360916,593.8655701299399,453.16022498154086,251.19870312831048,131.9536626275868,730.6658841498643,697.9650300107797,825.9848584606556,200.04560978831176,275.8933607102833,44.39656228777067,893.5249195053357,1
705.0372599871843,542.69586929826,684.7945821800395,253.63764983405434,136.33239160581334,597.9525097046768,48.09101636654767,491.2382688358974,832.3184993205514,514.02948057473,501.5316381617211,495.37890035476164,759.732758877006,198.81950818765836,346.31460915536815,406.67939195560444,708.4127472477513,819.241582318897,830.0770808745043,89.55881592231275,0
129.81603339791425,715.754862735318,147.40526148879474,145.58787753687974,324.79635464740045,237.33674736252343,665.1779178599227,413.0525306624625,765.4591388837578,620.4462526300613,906.1557389402076,663.0263706397961,804.9854826545472,453.07298047610345,449.350929884797,700.4859239833416,702.9979740700215,42.64463632705817,521.7605163569738,766.772508516284,1
293.96965974131683,387.1264395881839,159.41528478596933,475.77243059760497,945.4163469269192,591.7416465349194,488.89426121205406,316.8206478658492,589.2029995152647,163.68594373201117,629.719641053256,473.77574141674563,102.20415163313545,951.799408691284,63.27203469217613,613.0768721001199,570.3643374206731,270.03404229587693,978.0633155417104,601.9646319518282,1
380.6315108041534,811.3274352092038,329.49722504322943,621.4457327432185,840.2179527563578,123.3614265344648,502.93570251839657,902.3453412510187,91.51221172837576,997.729789592499,312.7545457388976,549.9798326151127,844.7811298108912,858.1534520753249,135.70801125106834,313.0521217320422,818.486479088709,871.6919013481564,658.1547794044636,222.2765508700141,0
605.633777610263,415.5215645322432,497.7380776015865,294.94114669354167,507.7254904480354,80.0358759956884,103.17353960557362,658.3840312892415,240.75747451596308,11.652109633120133,131.42401474209876,735.896198764973,473.14500229837387,757.9235135193107,24.324007522986356,771.1301125951691,809.5862676359342,678.082494245183,747.2382655764146,137.061279999824,1
34.469269775406545,816.3037408458972,977.3228812953377,10.022251611195077,595.6672986698017,453.37023324787793,516.8491204142346,188.13341687931162,665.720353645178,432.0650023728246,402.48981871175596,716.4561280523209,745.2543365100981,326.43040016364733,580.4184367101341,19.74763761536824,859.1738019610256,193.5757910620559,895.0062015071593,589.8934624890104,1
570.9833907445251,220.91881668586288,195.5175196609732,981.4383057275915,32.69208721955086,578.6332751203132,407.51907326299784,759.6789519943349,115.2147705913813,70.29990973336797,949.6589485460188,418.7831861906128,382.6491810596887,306.1722303600908,881.191235213232,233.88872011172447,564.668906117684,693.0928232014126,466.03380001020065,201.6919820184453,1
362.59329017636435,349.9582159891774,230.86135649562323,113.67004083146503,400.5064919077764,274.0613945559798,835.7326287481845,425.5835770919195,97.53866578277193,94.15230350843729,360.69026981443784,41.95798167217957,189.01477175274673,900.1060558225159,985.8946799611301,361.76939522119756,653.4662509390593,220.0568493154126,824.2419289872985,487.70932226383223,1
795.9925104008067,784.3171695524297,399.3080326654913,413.69198059120606,982.4894386404759,834.4330703219672,998.7688773039251,670.3348695772131,738.8050769059403,244.87735665696263,620.1480679931597,842.5386262366105,826.5183056264276,187.76528665192583,895.925625096672,890.1872417379409,281.5937946884066,883.9107149674987,848.6425713758624,566.2743497294283,0
169.01049171717574,874.5415795040154,122.61298061075743,162.26282755600542,864.8840065300024,147.24769770328027,763.1439090635104,197.8807112090345,345.82630619277074,475.744988235323,252.60612020894203,700.3075798271178,437.21016819355617,932.3217255103618,593.8155106896198,65.24544898536332,663.2725905149708,501.19225540992187,298.7124843888036,728.8516766147483,1
703.5406018013384,387.4712947493607,291.50259395658,94.50431183447728,684.1797846442456,926.7845865973671,95.97512014093634,306.88289578068975,631.7395333396473,813.2962121108828,480.22418931151435,721.3420026673441,981.5150025761454,945.7079621490755,840.4741280867956,69.45938019608577,479.52324189649573,989.9537729013148,107.98596112073233,808.5044946667512,0
448.8288474022759,266.48223550302185,520.8943997861074,261.9365627089887,898.6349213132866,480.07747583904813,464.05918872075216,608.1492782206582,264.95003086673296,79.74490310672111,500.5504198078542,954.2151425455232,296.90763899407045,281.54200968661536,210.29089567643877,3.578719251289275,715.6723370697023,592.940803034775,612.5925866330398,179.36398182206216,1
376.5769671497439,281.8211590753442,135.57004572031715,908.4759668337056,531.0341708899718,283.7067363858346,205.2672858873189,775.2164753731071,709.1753235987564,536.4614028510971,911.247960693171,112.67732331461633,757.7998627470658,766.7053270312915,606.8720967531328,494.48741531124284,702.0065551972087,689.7294448389113,213.41371495277195,481.0154050807822,1
647.1604683849556,865.9154361556606,565.198541237718,233.2575885248722,430.2611793626679,886.23150972001,63.108374938093846,13.814220645223529,860.2174438964502,494.25345861991434,496.4432200084118,203.06078652220083,325.42761929669206,701.6886093609716,955.5874349272681,76.49914124097424,673.2500828426827,539.9728585089424,148.90823230586957,681.7794248933178,1
322.7339981023588,389.9601513029234,175.28194001245413,445.084468850932,732.1079436286349,165.32996462215687,350.43064520442226,50.435371228834015,282.0475128280202,171.1900602017883,109.4257825820829,630.6547899134426,461.643579395872,921.2488410087719,139.56345844745178,921.9025132761017,308.41843103324163,612.4656823780848,662.904538404284,985.8853972134344,1
320.2697815772356,314.4955390220796,4.622748598430704,217.93356063900893,919.003851460685,184.65513177877511,234.8712945130793,715.1921719177718,706.0588892596911,803.2624986537031,355.1859647912645,795.3754294612087,231.8810537000874,907.3341963256902,912.0687098594431,568.9408419523081,886.0073237139154,385.79396714209247,323.2116555486311,258.77736618357574,1
328.01327136278655,430.67484561838654,422.7789928295264,179.23140955635918,77.06745860011033,454.4267725757281,770.812576331331,317.9350193193911,748.936390780972,421.2201314372034,892.4395084634594,764.321630499615,46.84864799093691,299.72414224225275,57.71627620713671,836.4859406989048,549.7029243736393,614.4815399528377,932.5895728880907,268.65759093373697,1
465.2107067871458,734.8472853587374,90.03087198836323,334.9688422932502,604.983210038254,279.011497794975,287.9162980661678,577.5202215687092,890.4340088587277,668.0138262755809,32.40380828637501,766.2748303473498,512.8873546656084,972.0266922304231,181.9572989612237,581.0572718372526,757.190816381825,803.991825800757,631.5438268708748,216.9067121490962,0
302.5169042253062,838.8597631871756,223.8318396589054,544.7265009840747,336.3787330440754,358.747149590431,958.5217175288466,583.4601565812676,640.27022934081,443.9307852085014,437.8101220736551,620.9177542949054,704.6487381440502,723.3069084467053,543.0101134494206,912.2879658017314,639.8001529490296,749.6569532861946,827.6715376308075,150.18403044471017,0
446.4825508708311,386.10877964452504,49.9348933506425,51.072132971341055,434.8407356991085,857.750524423836,67.45057763719575,18.59868305469248,452.7531941754437,165.24278421191352,285.15238642836425,427.65646060085913,868.4814441506437,103.06644788764841,177.152800363666,183.726831621849,306.796553377626,961.6163862202052,88.47790576479231,386.04188710332176,0
964.8676420449488,299.86385771116085,45.98919052727213,96.51350485786791,994.5138821584326,353.24190290843114,994.7416139351752,587.4253126413399,748.3912127406787,457.78485161484394,832.3253701756063,422.7660787838141,558.2789788753083,296.9194984803335,777.8515945704801,579.0035389656143,729.5286196770986,712.910998989077,477.81210266904606,261.68457928928433,1
479.88781258399746,267.3015794207443,258.641610657296,881.1226660948945,751.0115761481696,231.1484597833515,837.0259627645885,159.29620080746153,756.2536566047138,959.1677184668625,573.3191895410087,765.5985236943154,905.0943739435936,342.02772783880533,187.049484116791,241.7095397654131,858.6318359007888,394.52197360986975,380.7317014626722,106.34841120490357,1
113.37057738190637,564.7796534799936,43.56018026282915,199.94108656555764,369.5391259898577,949.3099543600671,644.6513280829095,77.84835453690143,570.8362470804069,767.9362001573836,309.4371360437004,898.1476356575964,678.6059464802822,640.6563047114448,584.8600536911757,590.5861282151736,961.8603232236104,735.7097463691302,253.73286349052694,77.5769459678004,0
608.7608133959541,804.1804124853754,750.7829901669791,654.9527840839315,443.4521700051257,634.3944592797783,8.762888449957318,99.74274355746438,781.6177215077716,560.9303832671285,454.36669767382057,581.8771922612497,10.363784621442719,721.4934206363125,802.9714300943165,435.99508874041237,10.149971438099037,932.5951742694523,870.2736681520519,922.7349298657799,0
998.5991539503888,801.3866563397862,673.8754695123096,861.7746549968934,771.7449274969,994.4596465643741,701.3539380229406,13.797814660004292,450.62770632769235,196.37579173175035,907.497360139636,899.7904421290508,582.8814929971966,325.80013655798336,604.0220440110152,676.7937678256221,435.5155919218491,522.3452070891855,349.4747919974229,757.729236528422,1
892.6801554153046,58.86256454284078,630.0991705265471,323.76248030481713,574.0763696541312,366.7649241573856,868.1600342384011,417.3124736566472,148.3916572211037,369.2128360643171,965.1268363700683,683.2714098280464,660.6075291071279,273.76972404997304,34.260196905840814,46.359174284642094,674.6424759304658,349.2675531058554,792.4044820642134,53.02841259907154,1
776.970902594075,859.2347373780084,623.8028752400912,664.3863466872166,535.2080795783455,502.14657576569135,216.71335009006842,644.8774050294223,31.814838518822718,175.08903926915065,490.48417537110254,306.18701918840117,293.70582063590945,531.4154651371767,344.9423360974549,305.47510335456616,112.66603487163395,165.9228709156644,641.457569436743,33.48315642518762,1
709.6005283889957,719.7668057832434,48.39543701629534,268.02797375161134,681.6027428561197,38.66579577896745,255.3742033625739,157.61818382482085,810.2715986941689,53.70601435655642,745.9507486311934,980.8520211753068,695.7774689266017,887.699802759114,888.8937307079955,219.82582001959872,597.6013743560012,6.09624240304818,76.05500866100002,262.013048495808,1
720.9390002115966,203.36466802451568,662.6308400819166,69.02717015786276,557.0454817011681,595.9656979762133,721.4763227765343,688.5128513203692,9.984679609969405,207.82863762377946,19.32039200643643,676.0401821117218,755.7287449856079,91.84473893074153,458.14585516012716,209.1646124974802,961.7083746778007,293.6331997720944,288.85241536261407,232.9845071800286,1
496.334255371934,116.76444324513469,711.7240401934237,747.0582627884758,406.366375433703,570.3944855221365,542.2349786076117,934.3524137875424,968.8423250874125,233.5699312506533,263.0249006823878,58.822096614626005,911.4976527364267,679.1660231972226,303.8680076140181,455.9302574730242,279.86480580069394,324.9965766549217,807.4795529940549,947.4296773048759,1
139.83620119530093,77.1391798596025,704.2579334153604,243.8692018592712,596.575653799026,985.9736930408686,514.7095217532294,90.86693673976166,255.74860739378235,798.5526205028431,873.0913990191975,169.9025850492768,630.3937103706086,330.41271877356735,755.0654378900471,531.0579091012823,785.4162886817222,533.2055865898911,569.5141074698073,970.2922524824362,0
852.5925940401648,69.36741348932397,404.88298276080116,530.9195589154542,360.7750125079552,585.2543979816134,90.78209360794776,150.67766843458642,211.2332399314434,85.79418964768104,52.473510824542544,888.7994724291289,764.5104922586772,751.4220406368884,361.5252930852162,432.51085588879687,877.6767100549457,96.77719784296856,567.8185815972436,171.34588601646095,1
468.7466453784247,525.5223581112732,93.57752662757824,984.6357322355506,163.80817491521893,908.872096025329,761.2984678060174,622.8507566961332,753.2055120200287,934.0209417743,757.4803830414218,697.0035150214827,888.6419845764404,195.29094747412202,114.16436166379262,700.1829817633948,230.47748842835557,190.3512152707355,682.5221880596335,396.5279898718813,1
305.6564981851315,646.4666282201625,679.2994927749942,9.095230885948101,144.69203864964786,370.86412940692105,182.27649075998443,263.6741305691732,836.89865398148,782.1983882127753,607.2844523472918,873.3058157344648,147.80954268015455,185.56961133351257,847.7270696463293,787.3728891443013,855.2815753023851,703.6456060591959,571.8993316555935,28.46395700822302,0
994.0936960250435,463.9092587142868,408.7382285551112,334.99586980649343,138.3985912106811,878.8053702262791,500.27381522421086,129.4250353089731,21.99672236250205,669.6026395946286,42.69070100445593,3.4336484033313797,203.09239645971599,587.8767484974685,827.560578993339,410.50423321357755,826.3402264866966,733.6942834089552,690.2957856010909,486.18652642462837,0
974.5534720807864,438.0266170578896,896.4228988083721,789.6338995714593,951.0409049153687,559.4438539097135,172.66010794981867,852.6413800204936,976.2707496774088,452.5234644809758,260.2387419198159,292.37564571061534,481.23497088539347,16.42741361951705,819.3217486351951,63.16059693740217,317.4040830806746,651.4420890649527,630.2762363994835,432.7817134577948,0
708.4643670770815,652.8964746911104,864.04162831845,238.20634732859457,78.56176161165351,965.293164280121,749.5366233106213,433.5017926020509,992.2246836788489,312.2908216259943,513.4937794312988,176.5197358732601,503.09877820832503,738.7935536285777,214.76794482599493,212.9072017579753,942.2637796979297,498.2221081686805,380.6393464472853,525.4811589950812,1
571.9752477576803,365.59306236373925,299.28092547254295,714.4809711229368,690.0429082347681,589.6502850173279,702.1381188701961,272.61923542970277,522.5995572137662,288.2995568100867,750.5261174046195,209.804312990422,532.6452810709128,980.8708210860405,325.410252155942,406.9865347679982,414.00820901755753,978.7562609924203,87.01065798604945,869.3873650418036,0
136.44546460355954,609.6224711836153,737.5246607126647,821.7995791163544,286.1222153555665,513.7769319110879,207.19594962203203,447.75007144511903,168.15079079508922,667.0874476191664,426.0933671883389,241.05290217861042,432.3006128851349,729.4015379374297,631.8813678875553,157.14695486046992,890.1344261197388,59.607742342305706,192.49511410874075,227.39687133342258,1
737.3295555413272,898.505963531107,794.2094277716498,620.9368718996423,99.52566024229358,744.4179951969544,785.520170301763,98.1159045887956,746.8888436748914,165.89879339091007,160.1883703668876,921.4989942893296,264.04616173132047,498.92930354555943,827.2944863116979,719.0482767227413,929.1759262082112,499.2965860319577,345.88643762012236,846.6959171931968,1
663.1383995798315,485.7999848457869,228.45940718898117,998.0369917434953,874.1955774618502,563.1826266474682,174.23019738234902,837.3477015917572,842.9554074689039,604.1083907980014,120.29783288102757,365.3585064960916,460.42066241401557,58.734763796920774,507.63191470357526,283.07586516305093,943.9193663944345,804.7779936005302,250.39463816146701,648.8492881986134,0
911.8896873252463,527.128842751988,869.6049203481934,559.1865421274334,238.12403012938887,289.84051890990537,490.03549101506616,819.686451333594,585.6342612081683,630.0061129324529,528.2006467629529,628.41109177298,544.9678919616997,816.8896325294068,933.6447976897892,483.37561103971285,115.18088567925311,558.7689705137867,26.061106280282132,492.2306254151293,0
109.6763622937319,672.1653762213134,978.1066878947933,588.8643630424881,416.12278711099515,966.0102951373798,868.6997846817384,936.5156351480778,133.17200710598377,626.9258946731227,79.23302186206715,701.2303204881617,475.59031603383505,878.8314387214282,857.2866143182201,461.21096059275857,831.9495700204446,764.7768705066273,241.05629007359718,376.12703549284157,0
93.0708196370299,856.6380207735083,905.7554110809718,393.96304095787696,62.949327839210035,541.4451336637551,171.02419482753962,157.7829872242843,335.4539897249892,898.4578357394415,63.98510676172453,463.587096259887,471.2410069632087,277.81625781360566,429.97378099444137,464.216292314679,767.2976738363758,189.52112220790684,32.319770917872745,275.61256415827506,1
800.1734888575272,749.5206417865437,603.794550368661,770.076468976513,340.0954630437539,51.63262290340342,965.7722700908412,670.5062985287681,987.7558734544268,312.97448485319654,2.358513194363976,991.1649358412823,760.0977855265505,706.1230082176177,767.5198485310433,551.3911024648233,273.76448019896725,683.2731154139774,800.5788233278121,960.6420963963544,1
973.3376345264788,884.7941615515908,388.66623607989794,718.9991246852638,343.9095429346961,476.6095740686329,733.0750784347389,754.7254895011652,966.1253032137148,165.67453701730005,806.5968528272215,281.693926663958,937.6447090702003,44.571281119330955,318.33276357885234,390.8937768088807,129.00643163708213,741.0684563137321,265.55559628940426,746.7055475771822,1
12.639370299936115,263.33106644986316,107.44814038498352,323.40516403132347,827.3819516118472,218.54709943588068,810.7303244988135,31.873695291618542,459.3195404793058,64.63544805283384,817.9022967996958,286.5382071651359,33.18383131897662,283.6136178981965,699.0401908037312,947.0189652803394,362.69902387081675,443.86822508064796,665.8715195372316,956.4796219043913,1
247.35695240501732,787.2462429148028,532.5686095634619,266.774688864291,693.2300697014158,823.3342422903951,70.35862518050962,40.197977976097036,618.7506003321832,466.4091065307064,374.8789364180939,803.0458152981952,935.0003577360554,422.748148505779,23.587439458324088,908.9235103314327,888.3404886957427,271.7991603622285,230.736163376962,38.0847037955312,1
691.351336126852,583.186128320266,148.00194491461295,233.6734536412769,165.90126991938848,716.213114468953,882.8440123943432,349.526125509161,761.9309114513691,358.7953994988197,726.393166931641,101.12493331452687,130.53193238853154,334.23360437991687,81.73193200449191,327.16761594384025,104.95171126245839,489.9276757644476,535.184141280347,143.12094109758357,1
564.4569871130614,330.9768255426233,479.62713868055863,120.49982888284327,3.1941677184725847,643.9967311527013,17.69004450149403,582.5937294795773,676.2057807954519,455.20635846739077,842.49262712423,261.2251483609294,989.3982294121248,775.7515557022865,656.0573465134015,314.14038397644185,956.2956691711898,318.882629291026,973.7469315716345,447.84028913816485,1
910.2469121778482,226.82263002731528,169.09882323502,166.49272406778414,880.5245722175702,437.7171250360601,440.1845551390038,89.46119667376318,405.3063922022776,709.529943350345,863.087068316523,871.689331102572,428.8147905330706,601.9502633239573,382.2081428859827,735.2586915950684,114.51943747080729,105.73544877834695,108.22331527316709,400.6701441956881,1
115.2850802963744,576.6643866394108,515.0823376601173,545.6317216848522,598.4554823132937,781.4225675242893,569.658199640632,985.1216644011765,452.71521108571955,390.95420836901474,789.4744479080764,853.3272052758757,833.2733030863367,113.04514873543847,738.1115423079149,19.189832560871032,355.5643408334439,797.3968937833836,193.70433759507054,752.9684105710339,0
535.1266598892468,352.5303387592762,827.7697972951133,406.1264383412521,322.68848505844625,108.46099654663189,848.5335737328855,976.8155859596176,465.0288293411885,292.7334111487835,853.4078861563282,760.7906796865836,694.2406386406072,671.6349523787362,64.88056839350654,6.249224477971382,413.48133085015405,181.97696051018107,974.562112949999,544.1831939776171,1
115.19765042477037,39.35773635345152,134.81499613714533,157.0253932502188,635.127486604664,543.2574825829482,422.26870309006426,26.375509229011442,285.21095052341593,270.15241763182064,623.1764866550535,715.6246495288664,99.38446696741421,558.2390774427324,160.80167733417628,851.5344549955273,72.89539559603908,402.50497244469364,714.419949100729,498.0332314098658,1
630.4477400518228,414.52297788937375,439.2351374939051,926.8541041216076,204.62263939609292,332.2149532658406,318.72020571608385,327.2356854687436,556.6190713325636,272.71923769813134,478.091389267577,914.7464205465384,405.87424557395804,462.13726311013914,261.0478158320991,889.723068045691,884.5513414180543,985.7679495418032,619.8585486533424,736.0711899946688,0
938.1138863768209,908.1305159981158,308.88690890302405,667.5317885565904,75.91405880280078,740.1265213700361,184.93735503528308,203.3049213668783,617.5757513400135,574.5997072524058,703.6465263623792,712.5184098396128,894.3497646863498,28.5356826622013,976.4045630437573,929.0107977457403,755.6617207917238,107.05625304693822,766.1115507896468,335.05391695374163,1
339.0475676742851,135.0372242901966,98.73115890564088,282.4709568507343,748.2737476512486,292.0198085338185,518.6866615588788,438.84138058543954,223.89218008736745,377.2820807675804,99.25227991136087,347.9784303052115,924.9801981843736,109.71181739359814,482.8943694140898,851.8617027446202,161.858107874872,95.52414277222543,121.4157192801173,668.5011454449508,1
312.90297521613905,868.2857099280056,185.77262573418173,468.3186571052974,896.7132904912314,234.41379478553992,167.84643677082778,640.0089302474639,982.3860722078538,347.4356973582412,248.24909963414166,796.7928893093757,831.076442954305,249.30069100491326,338.81949196323137,454.51327750920524,528.041083727083,66.55089439697237,195.50517310957184,943.5945420506305,1
677.3412313234617,94.59795229923617,885.948581572007,130.6320781404039,286.1500473021241,175.22601802538173,338.7365860401433,74.19874914782498,298.8523343124516,835.6312523391226,583.7864238480013,980.1366354991582,926.5728384264602,348.30810850949865,249.77000439854814,686.2983295394853,246.7270122570593,667.1258325272684,665.6427497425119,976.4818971431889,0
441.4194280956545,582.187265015754,457.8867766909085,408.8081434623352,753.5738863134304,298.3946917119561,430.0625404529673,593.6060460180677,815.1012100531981,341.7780512721491,822.2077862796951,529.329726895312,931.9523576176297,161.0021857764471,559.2387619609366,347.43992515299425,348.4004336676776,893.89359700903,236.65539993159769,23.841219851476914,0
468.9549288885878,450.41653046306163,749.5271041981399,991.8796068262469,802.3193093913042,460.9812161018029,337.8796240432771,602.748160761813,448.63500023702943,965.7688119056367,669.5790158239291,964.5422630535577,793.8030520699687,880.4245603997306,933.5593721655825,490.3766954569323,830.3367735786122,899.4612668909319,213.54083357825726,119.1680936788414,0
914.684496834216,633.6658515855069,270.3152711182082,911.6573251107877,900.9816663422096,649.0958001561089,75.49924595209478,814.3028449975657,316.4054552329543,283.41008175719753,266.17923744428185,179.57079698506473,945.3650225539004,51.12903080421838,292.6954314243292,700.0628647717117,329.72062033552675,446.83892521538473,283.3045768384088,416.67699575650806,1
398.63205891162465,635.2535209595482,26.166235585216803,882.3530131032879,263.3844187674318,481.98855185402556,24.70528927717819,620.6251417230358,31.65813051910571,456.01012538882844,766.1284792255079,553.8239897419336,835.4322471356587,418.019901882043,182.67959757543494,578.1588271190723,777.6943192118939,789.8877933630396,693.7206193576488,121.37305623452666,0
980.436690031947,331.7663680883182,813.2627501898191,927.6925569567766,832.3219843634977,989.8878821036952,50.50152575353772,307.3453938320405,953.4376436186823,2.113939859272329,835.8881672457755,380.6481807048042,608.2312784395087,166.9510879049948,206.02558527017078,729.146084906965,702.0266646663222,752.0943641818333,666.212420577326,545.2184839490699,1
796.6116196845435,893.629066842923,956.1438862873923,745.9019148503049,283.39715476589055,539.2577853941282,108.95129610441101,573.6785326541528,466.8144360908073,46.08650743434561,528.9784168784612,283.21818520242493,686.8014701099381,530.2939145670277,434.56625042682697,827.6613789299707,922.5707022602081,139.951784225279,136.04873292028142,957.1778773372233,1
662.3659601158745,80.90867604280139,185.40962732152877,30.14258614696208,172.48727764786588,504.1612289174874,758.5165261549597,221.42789344519008,665.6970414781964,378.3003223275634,909.1669253043043,366.6915909700356,127.8275659348147,986.0674071052356,518.7232742364432,792.1738288259734,263.9805314764868,458.46403938191037,273.4540404141342,429.9932393121195,1
505.16895530719387,571.9129866961703,322.2179722903671,906.5152370868069,272.4229845011641,17.182889057308024,599.6154841967035,225.6705035254999,751.9575039158261,69.63261401401688,492.3098685614075,684.2283041139037,2.7992970427602737,275.4419037247162,380.1008399652973,142.57433494188788,205.00918687711544,455.6632148491062,17.7298190720655,943.3265139712623,1
660.3709393749627,759.6479847921753,762.1972281634291,397.210951669248,22.541396038340935,391.87107658453044,755.7743824631838,199.81200143197975,725.4672549035757,872.9701716990106,679.7953974386398,268.0957493595374,701.1145725395676,899.1695891271112,415.96949666082804,72.38673619553504,629.421525264269,338.410598500583,114.80388898031025,266.692897956202,1
947.2567156244286,330.45984784710623,831.6610967044688,975.7663352163048,140.6777174394498,215.99814337497247,130.51684162445642,68.49675127642418,740.373862282171,832.1291444987127,948.9450664597017,915.7830924085162,628.347050550287,73.89684026050902,725.0452697396488,505.87415722595944,169.6434646862882,458.44307954803696,389.9214037567179,870.8110551133511,0
898.897920730254,830.0154561681904,318.2823662349432,566.2788878157351,523.5528447921673,726.0787384284561,58.075995810669355,236.557746363809,150.43218182409623,605.5398139394503,954.216979059763,267.7243271559598,407.8691345668126,20.613346601136783,11.80457691316672,70.32088693783666,329.4047081918635,814.6686641349364,219.19922049281348,567.3453396668722,0
549.3281698477294,2.921651503101863,895.7524558601382,221.6436327097735,364.7062240713457,331.4626999820831,217.03652988722212,725.8581234190895,479.9817986028342,965.7954851034683,792.9820632700063,230.13419134118573,845.9536010636507,197.23956245253638,376.60495187214013,494.994536151511,869.0841395366913,636.1175762167217,752.7241855433491,171.12863933895594,0
92.59498631508268,510.53744134949596,803.0959272641203,455.84964573539224,316.5874098738941,739.315459858695,814.0081905964297,193.61007437156798,540.9582112622967,934.3657775616153,957.4551777712928,505.1599802069029,310.7969306986219,35.812146528037545,249.70797763863916,672.1614401809746,687.9310977569554,310.61036367172426,299.5939488989464,609.3838804227307,1
478.31449912408675,631.9407115646641,948.2821177816176,940.6249290818439,194.37080730189194,428.63561307473776,507.75989668843704,381.57667488967127,140.47557704324154,856.3562895919963,481.6098374704,170.85732196360038,330.05927157222834,786.3658090026026,228.01857410612726,444.77831759088593,843.2552572680422,633.1430080417964,799.0283595493808,884.4819952368972,0
579.3222282335943,227.7557873305548,599.5776210274264,934.5527514549278,47.597054133717286,262.7891135431898,111.50289802439272,653.6250711403525,396.49287138041467,99.14027122631963,641.4282295807203,321.62108117375897,785.1397916959058,797.894907292325,672.2863357882195,272.304017135785,372.93753029273023,863.6206703014974,760.8965730513692,718.9607944327341,1
512.0800961894594,94.03952685615702,403.7507739924006,40.62415970675537,610.2141462936969,496.3902897195667,659.3140573849397,111.20003334032513,694.8680582266508,34.99336768697836,625.9003866486297,327.40653958591815,963.0741637726704,513.5542313026702,279.37872539733735,752.0286190906819,319.97938454561046,427.24025264311695,6.561285195220257,941.5695895747104,1
101.69013829715267,860.948998484906,415.18412918011785,981.6105281264582,597.8463232845481,682.6704684101726,935.318516734445,64.37787149916751,723.5104820369337,646.2817446224639,265.9651463528573,569.9798676949957,46.13694870898766,908.2789530074465,105.36680425830225,642.7829551207415,689.6550732240985,797.1756558113176,424.5275828109943,239.17395028509625,0
309.0991847388651,4.399172407525964,309.2427128595178,107.73178260589799,993.0336737160442,27.449106244441968,20.906523004422194,407.6833401595201,129.6381660596798,250.76629316759858,450.64954520673564,727.9882128186117,82.06834536192187,507.03641934807007,81.8627957601228,694.0326332567629,775.3125830675483,790.0379293192093,908.4092241321513,65.66603585318087,1
262.44223917440803,393.07748006370133,152.85143384256273,223.38781006679397,40.767681685435875,870.4953406297025,102.51212069114123,610.4929102333573,686.6125536067455,944.6300221749018,735.269060514368,767.1249387780347,76.18998938334754,345.8520271118458,622.5981021139468,100.43403317369281,531.4436445378454,369.59222211408746,516.3031677205997,580.4058622173378,1
878.7832721627558,152.77314313938894,282.6145783670003,952.719651658479,882.9773807973667,643.2162990821275,296.4965750617955,37.0563975580862,97.76525232689093,160.35008748742706,224.37695244574175,822.9010672128088,11.31466546022275,25.31501624807131,411.11652465587554,902.2316326665609,739.3226264296344,607.1001875228291,294.5279787008489,565.9253652793752,1
60.03143720253168,0.9163739477665578,489.1181686511471,891.900150425083,865.9838677837814,685.5271981944448,650.6354477813759,4.569653271227714,144.1756688003063,913.141399515323,749.7053176594211,759.3377060326123,81.72068668141507,818.8302238769446,759.0047178862571,838.0284373034641,662.5239753309154,497.0500357130276,963.3909078498752,570.7285464693327,1
483.6358322207899,407.66992979133175,79.93284534305167,927.389387282175,954.5034977560705,597.0910913735219,612.9300473671732,577.1133815659803,737.0890150108672,428.2558663408944,265.43999122298914,205.8384094252178,314.96756856690547,580.3195801078086,528.6339068043078,509.7048457919193,229.20847832712343,240.43535366557035,116.2107093457857,777.5730756613832,1
827.6499368255276,26.748726473546867,325.5984482285733,170.36365768489935,559.6080287682852,861.066669426075,4.129660989342421,806.111625541845,539.4267195985992,300.1711419582632,183.38882998061666,711.8621561246008,598.5859497059752,958.6877344104906,213.93559415496998,723.9500894097964,724.2170737489146,772.5007038143908,568.3610505205652,828.3688487237386,1
257.1277118250036,192.0676887127567,308.81478192129896,689.0998676555718,89.73965007176609,210.71159596658117,669.4385020395539,879.641978302999,357.4401308620383,140.75579609992207,271.04467410571976,828.5285847444117,841.8945044990681,926.1841816605303,719.8021170545807,117.5004631189489,493.50008945819445,465.9050304050899,877.9075880609336,699.8766070036307,1
701.4737357568403,321.2993497648792,52.17371401284932,542.5916893035784,806.8440303288637,186.96385250105652,233.8654426242457,627.0154898650736,454.3262213821917,448.8138156491128,45.479887173179634,380.62726157173176,603.7981149004776,373.71624256887435,490.0300451085756,28.96188337975858,671.1338645231461,509.7537210825013,397.95294942591306,112.1476704640848,1
6.026593413720471,436.5361437629859,811.2639402696568,600.809793187217,496.75860871756936,226.5428303023328,424.36845135940706,486.33423249937124,737.4755326051878,440.34555321145587,651.5108150176216,926.3476011292801,366.02053565980594,877.7019873902714,121.05960564697715,367.6090154374374,75.05233587380222,307.5758074131789,186.67756875216767,213.09765923266644,1
917.8110779605769,612.5092371186396,30.448058911801468,9.034291299115594,578.9815239936391,286.13737365538395,259.29122874841016,33.49368685965393,861.6498371415188,422.0772162499751,13.968515278740213,636.814682766912,840.4300375776435,507.4654589542281,852.2386728421069,435.70275583861206,115.40176280334302,891.0194351520031,582.6144733549648,931.7778826433448,0
628.0485550696129,247.33391177867358,135.52150926175764,530.2440277589318,626.8877641141223,550.6770084577,478.16516863740213,823.6151383641627,194.53318687543918,546.774019117291,754.0394577957255,513.1402874687242,492.2438020068574,545.6325364118313,51.23487760449763,119.378803064494,874.7400943249077,938.6292532311061,151.75137176172936,468.15324276344785,0
671.9955988164158,854.278755917746,379.6022378721527,937.3521429807266,850.7055108717872,476.63972777447907,645.2161458117755,386.76679204622735,513.7192089651775,91.2845116823624,83.93388420695702,128.24505150706466,960.2699074432436,284.3057498693153,428.20643977806316,694.7885880197307,984.9706806178489,798.7499168928924,203.84473175234476,739.2831677044825,1
223.56583446017197,79.9928627211045,222.30302334753682,11.169444583673528,459.1966296494109,415.47457159013413,697.645855506428,675.8619306585872,468.9488932956397,284.70120493880745,910.4411006147409,538.8727705169715,601.9005113755445,539.2930070408656,323.67457767439157,605.0803697673573,21.64334158793979,940.5956341972371,970.8130817158495,818.3816351264192,0
305.3863882039559,384.45292054587253,482.00285439994497,233.65408492216687,70.04881309656786,431.8071239755369,500.6779651841021,831.0111395821676,141.12218909205842,255.5181683942842,60.52690507841763,368.63422358805497,340.901234065345,154.69261319595984,490.94910686845515,590.0025321085593,331.39560115467145,85.27308828147385,219.44886530527384,252.80314297806328,1
967.9696138481086,788.5879047657044,567.6054820581784,253.53927945132025,855.5282387441191,693.3942339417372,512.0819266064243,749.8672862498639,255.81985478582715,407.4477302751114,496.2746981126641,196.79842365091105,155.8482758389108,74.48828113965533,95.1917658266347,557.6173665819313,503.9481008044002,637.672004081861,88.10665816118868,17.216546894875616,1
870.3919996285123,135.7044195012046,616.0296859494604,714.6407418056191,423.434821895194,260.2343744105782,314.9955863398941,620.3540487008631,92.06329977025685,149.2724714431296,245.69985860493006,418.7890882786308,158.3617872227685,979.7679056567539,587.9471139557197,369.4586533100239,775.5950813087276,19.21496904181941,409.15686190298715,987.2648663650303,1
891.3960043600434,868.4386092451224,940.7525067646725,464.49338424451616,491.62711808607907,364.53481294927883,946.714214811532,31.338213405608716,288.9345316870433,188.8854195333718,905.9988121577055,265.11997147990473,665.5559880820852,823.9262860024993,556.1797255400392,312.0483956767405,867.5210665695108,842.2949292016347,303.5046286583681,603.3440485940911,0
884.1605680669239,893.6994041734399,155.07887317119406,287.4528203946467,393.98251004301443,132.93872757139292,191.40564948670203,483.58599327528873,751.3210270607032,0.29292358611243685,75.7285403477711,34.279930275238456,46.37897107578315,447.6751579758976,31.174110995119797,982.9441102618098,714.3401544900988,602.7545243571072,26.272632839627775,291.83173281437223,1
293.37870309157046,773.0790618849727,875.6542832948038,598.221113769834,505.09708918058817,457.48980034337785,35.667158455442774,575.6722026388156,972.7913854841154,257.8730868698452,562.7572723144748,546.2380362238974,189.66234157418393,557.9775839448122,519.3919481875655,432.5275812917104,741.3879707098336,362.73590045417757,851.3406271978658,870.762652599812,1
279.1154810392914,848.2029636528899,353.82199016570627,202.0705102935918,500.7027933347402,538.2308305655087,336.90082509269246,27.992564180986612,807.2476584188951,949.9956605393625,552.8839317816197,739.0424354297255,994.4883925859086,711.7166666666142,883.6095022346734,862.685068879804,323.23444295327045,290.11352768162635,267.56328442514865,147.39222315506996,1
748.3824103817776,87.66240580070217,896.3211099463158,74.87906496917363,675.078415303093,114.17397958642694,835.582009207284,671.022674315963,949.52414903326,773.4507807386717,853.8277531505681,693.98404891456,585.0774944767534,575.1802700257542,502.6025303981566,319.7508976528102,613.5957894756364,540.2489409913712,893.256183858888,884.0330183668053,0
535.6851913011085,559.1638561723569,772.0770676072725,458.4855468993746,951.555375088287,630.0089583799605,568.9921656980852,964.8739174514849,323.76502507673365,170.43807587815317,839.0794096635229,453.9849818123163,512.7100059687158,337.4873804591473,935.955314687135,347.52497616895505,927.226860796207,33.390408806059035,3.423871810048107,904.8174675396727,1
85.97922920946476,714.4873736698663,185.0490715305768,37.007574959064485,988.2479622393076,4.295142544599839,277.41683826147346,97.78375852338984,186.64968233719014,478.3716182332871,453.8973139956759,50.77199920565878,877.8126867681098,51.90326635396314,96.15773130409977,395.4314515048325,777.3578243093688,637.8198781205707,914.2865653796799,754.059878429798,1
464.746214938485,601.8710926113583,838.737798808426,567.9784858052478,772.1837383386151,726.953807977912,778.324897572227,501.7460233097121,753.9705817606009,491.1296301816368,268.89449012569224,891.0753186868534,164.4109795178187,998.9576577723069,964.99182552478,191.61321915866003,8.122102593030034,292.1330494800252,71.03053299574825,333.7934730308797,1
934.3481361884986,687.2597100718427,514.0965798038058,78.9488823660346,778.8620773125547,37.616681954734446,809.5256803683942,466.5861294672472,452.0308957629163,764.9785635722254,568.7437383104153,429.73135235574966,804.8814940392572,685.2776145564598,365.86378264337526,742.9000348213914,869.48275344708,418.75547446155235,308.8709464633714,585.0995648417827,1
485.00703972303484,594.5994362766262,432.57504180755126,338.6676665239151,678.4411161901273,629.0886043060661,9.285195324671648,693.9889011008751,926.3424995747314,802.7489954057379,322.63208935055474,455.7312695166028,864.4960612262354,384.62981366757896,189.42522212131087,392.0662705463516,690.4533712396391,526.0149847116047,713.1610475544139,600.0486753526561,0
852.3593697601374,809.4466439508442,454.6606176016703,818.0765121113353,641.4689347243958,565.0810533717116,86.80668417958681,312.43610287483415,331.61890863523394,855.9247902270337,159.5466767972966,141.596672481874,427.15591041512226,689.8769223910937,455.00404872146385,266.93634384434716,58.83420123783889,841.9941443135051,893.4488239093797,790.9220867607947,0
63.208095269802975,139.34039851304735,941.1365369690615,75.45443534398044,363.8485481418101,51.34499264617065,582.0124155132427,855.393217967548,98.30244492694185,558.2812467195901,19.428715018691257,700.5612039243573,266.70296444821827,510.4594693752498,474.9799144614788,815.1032178547279,482.4299483045598,985.3516725386238,586.0632260196337,168.63228297534704,0
457.3215941449148,200.63987415490348,740.574076403318,27.50630640919627,402.8022774011054,520.5900140997239,993.8375916669816,704.5800094078639,925.0743547351619,140.90555439173758,156.901961035238,269.67460112374783,579.6833077872087,27.526999098871574,279.1388296806127,980.0629240098978,437.8281280365384,456.78764690717986,748.1931157601664,399.44206282018115,1
479.00895045585133,150.69234548834865,77.8265922760013,962.6861072876037,754.2643809874346,431.1115168714652,407.2171554330143,735.7614018261921,684.670600950486,346.83056496475683,864.9282826331536,401.2375756950149,984.9467896790917,375.1356727963945,730.5866429197777,346.5994529631182,631.936553866796,845.8003561579781,337.13320854425643,678.6502210947377,1
147.43186811951702,433.19570915008666,265.58374099665104,971.2797954415083,239.5144883337904,193.8346543272934,426.2557466565278,325.09764406366105,55.552791750944074,144.7766263132707,577.9245888909795,141.95701385773097,296.7515038707336,595.7035848305721,456.6237394759903,79.56827091745421,406.5817677953173,23.380028932659226,956.4114047124065,848.3587497383941,1
346.2618055994364,748.9902967213263,103.25152863377274,143.9993223823892,827.0697204429061,656.0608737688273,34.85709688589633,380.73489115893676,777.791860019196,689.40770542187,386.9704378186525,950.5090264342684,204.64847790226514,799.9547016376594,48.61177925678306,29.283903047984783,780.3728904867279,846.1162941151201,226.15996192932465,814.1986296595386,0
195.5928428938013,383.0809835455965,224.7569837987903,646.5199200342968,131.36044697756998,783.4313435151754,979.1265518360913,504.151213803954,441.7048706638579,828.3480782758389,398.2356370747535,236.70481649093168,118.67856532494392,108.04573104449233,304.62053819118097,534.5522687695483,222.34199419021238,649.594762851121,692.2443022925745,511.41530059726415,0
961.5785785557296,725.4530450333045,283.4987742774544,536.1672653570057,500.6480838557791,143.63360918462897,891.0081586059089,422.47125661277806,113.78457612712589,400.46630303467555,981.8476264757103,175.09038764309292,232.74019875388862,757.6611994635222,73.54996268788072,28.61291879142791,402.96213099664067,689.6406262570821,61.63567876273035,278.93792243687886,1
302.768656440465,537.8832410261833,387.5945193704038,288.54839877949024,517.8165763688754,515.2719031764418,220.8639112877141,596.2585074644375,60.592396894758814,103.44988748085193,931.0053958316661,920.078250375585,659.4165997567001,366.76921674815486,586.4150833986687,391.6772678509652,912.9734795983504,416.0212601139147,865.4572835298397,306.3783564689129,1
572.2469112114948,774.1777932579199,254.89573432702505,444.5410136779353,978.0127109062754,124.7920212295871,591.4397526134547,401.26974244753467,736.6355783981921,773.2268473677948,762.6564901587282,383.6567703067071,984.6207248313614,28.851053376235612,655.9584470465244,65.79901087829754,270.2928581929057,761.0787315706261,571.5787885812056,741.5381524858268,0
989.6486271854449,697.12770956965,471.2144131092818,674.1080513029407,638.3806750542072,788.0528560597143,465.75346850485744,136.538591122774,506.38214263610126,231.43789311693553,728.0738503818707,512.4955272329715,988.5809188925629,250.31637794520768,651.7935790419032,382.74771738712843,174.30696815178004,346.05156970548234,940.2358733981539,492.4458746057627,1
867.6800258945327,251.40344656145197,245.81568330036075,670.2663642677074,372.73855192561314,885.7212873388112,761.1798111782971,702.6594555181413,46.03705055116225,16.054984828797192,130.2508087509636,559.6671100053503,976.2384608399631,305.8727937315461,241.5099827530962,806.4541342950522,48.08518740573253,739.8648509087213,994.3301884572193,720.8388459900671,1
136.94449906588713,894.5638946367129,664.4603134868381,825.8095154575044,269.549563828393,746.1298043786219,371.08116387912594,848.5222311052906,301.9741890866487,587.2099233063944,919.3241135737259,779.4483143436632,872.8910241947813,366.34612808838654,626.7813954016929,622.6962062640379,729.1749073798275,179.68635493357866,647.9022412435623,639.0623386718557,1
125.08144755583305,997.7978656223196,523.9327411758161,931.267118152949,902.9000710165877,616.9446114083167,344.7776128095904,760.895350234905,61.901241507164805,909.2730662423276,485.98088976496024,480.7359614739735,308.77019860927544,293.33152337736533,225.4889417539574,295.76757781166975,587.0035490098204,698.572279637235,3.094649436505059,108.72892510179099,0
152.36090781986155,820.0549304436091,505.4289566414626,501.636618063616,279.7515494367384,611.9812703673053,481.3056402398863,535.7580956511545,185.25871209799737,251.06554526155477,309.63035914079063,754.1572422603426,53.448070597440946,630.0470175606127,799.341177015035,390.0516070086918,241.32118697537098,611.4649116891424,379.89495244409324,813.2684049427006,1
990.8055136842383,402.76064305259564,283.7428975314584,394.83741489621946,143.16801926069422,906.4872097039367,960.5527442609475,473.49154356102184,549.3853767624713,348.5994937904664,556.2290095183134,590.2569871530667,360.9798135021558,358.32566818202093,858.451160632705,920.6421371643205,223.67782317268492,729.6467034654859,140.4297625694142,792.9375715889767,1
417.43814674960777,614.375458319275,252.64280663163717,925.3651783991085,973.7863780501228,543.3893662233185,546.258340610263,735.4135815332294,308.80964242074106,979.8160154359778,417.25463210208136,82.82065657431636,88.75229499821535,666.0367842597948,84.13262993938197,89.53854628060598,701.1610761165572,196.43104445843474,579.1848477470079,614.294299857216,1
587.7261105634522,770.4191403858299,430.657395499111,121.64063671078462,391.6235410903467,596.6771472334116,779.3363088726322,689.1716324691506,154.92194730793884,937.6712748553999,113.31441754184834,174.0573677558407,620.165737802345,30.82331510190073,396.9360164635077,435.69957842903926,680.539521259557,100.29258868521052,254.49063758843337,957.3709822692006,1
169.2252594316961,64.78160198327521,110.24657551784212,715.2969768210984,72.69458994173172,478.31683288170836,15.896028715821187,252.54903179334886,310.08628351368196,551.6104839362885,169.99708050330696,218.76787439427403,58.03097362068599,951.1394626893857,608.6286246107587,746.6705128215517,353.245531848729,893.3282732749745,836.0329375380621,113.59592140142306,0
19.881235058194502,155.33067956660085,225.75442124252376,143.36600408234813,285.60003570567073,681.6408899579557,959.4784421748067,844.9193108212704,774.7370569329735,281.77775899447397,835.3416000337124,157.62860470164352,635.7361761777622,195.83845996760328,91.05413906728677,324.8486481313504,363.57983315549126,569.9435122645682,475.7009708605886,531.1721145752166,1
70.82866044403247,252.89522114760842,18.286214309412795,44.68934783417511,547.6702025839521,47.4148155006473,940.4542716180113,999.0043960062372,222.23331656296398,523.5572722323307,492.9887098157363,782.104543145036,760.0107746340396,996.2595171970955,914.9981736589867,6.283089865342761,293.324717920689,720.8482210797994,825.6765521489624,230.81505518414724,1
340.06253996364,294.6772774872309,166.32818034986906,44.316193162098784,49.438539833924324,932.5090867783508,366.7653876608683,927.2506569785194,315.8233280846695,229.77306383516526,741.1748762155254,704.6930776354473,39.10582992696299,596.1115826784279,756.2932078598366,338.68593618527234,729.2571982092022,827.5561581137446,268.4648760374471,145.5753089586871,1
931.2001864127395,127.35534456537745,627.2475461332316,521.4402921071928,335.32750838227975,207.59802416581675,582.7278070519927,684.9867754220253,475.9635406427426,620.5904970656549,718.6329953688592,243.78133469891316,142.07633872298518,215.7738837095967,878.934260672184,748.6953297756405,229.44741850598527,419.48780453985245,666.8520437472541,445.32906233422955,1
874.0397586954978,749.9933446166098,760.948566337366,279.0752621290805,290.61204632486124,110.75484873826625,88.76073713013055,237.59563617155243,4.353099662644744,168.71855267988366,388.78832799730503,734.0729674313861,338.30305804114005,336.9691594360846,310.30517553216794,477.4209738747638,136.5873711025837,8.850272848890173,130.26128407565463,413.2696693189406,1
928.3064983830307,44.59831061107633,388.5447843051514,940.288539521268,194.4202826490319,78.47624810755005,322.9031444768652,304.1156365694776,202.1045230211488,171.8310811840812,425.8771441158974,912.5677868214474,144.42595843280614,896.905541068202,614.9312106023972,846.8990109747351,979.8597285578071,119.91881818243444,817.9441284692974,227.14764966074353,1
863.5525685825176,472.57594779834244,165.66444683066484,948.5198850015147,181.15716501022894,317.1697901415976,298.61423826123513,925.4311728761378,701.2581970089315,667.8608123477037,101.79364027036797,467.865190052281,923.8992405536718,620.8674026025384,878.0421644380391,664.769979161046,427.1469813681772,143.93670765405264,823.9972852450114,737.9230991181556,1
472.15427311613024,827.8579925720516,970.0920746217143,671.4615718631483,434.73565471869745,861.76332878117,29.403445100178004,141.70553496862382,724.875191191934,405.61750818960684,915.4333971587989,865.5067492654282,458.99279105466985,664.9306966360086,963.7731613429687,453.40487066137393,728.8249434952253,708.1219920002557,24.176493319839732,864.1689856485117,0
534.6201022639732,74.02455539722641,630.4015382766552,805.7582411456335,292.39255565721976,772.615057986621,364.57561785002366,324.02561354082684,448.5671397539438,274.12475577920924,626.9066168313486,798.7710812558423,868.7307178252767,124.62405576240998,240.30982114762068,82.26275101649372,78.32542148159327,877.494254815609,222.41224039060714,417.0276576994778,0
117.673303079181,137.97416731920399,660.9205399937171,878.5629009898261,668.2237049883908,307.5707049711571,77.62680018870927,735.4743420309392,754.5177167943482,402.4551008939966,244.22235997503284,104.36985189726755,798.5377019177029,808.961243290319,981.9627372534424,853.6055243055589,695.1948434325053,907.0574983290883,184.4858245812925,430.31391593364754,0
812.3625329324996,608.5916121955113,456.3792341180797,476.1985413802988,114.52903331475672,756.4409141292294,409.3217298164813,931.5417303092728,788.7903162807534,504.96583115561646,261.26203601677946,450.6968841632821,507.4024518503967,393.86436197690523,580.8810534288177,345.8283064375074,497.0738739920303,374.6827249610697,104.85649030588684,420.30004216674865,1
475.4821990488075,851.6246176663967,182.72381604126798,197.98691436232906,144.7811528816295,809.6441299348722,995.9907548714409,103.00728325040987,82.99580589261035,42.12808838063387,603.9239663958234,534.7831597078813,153.77587382835688,877.6234903613055,176.09317642929278,37.23402367756823,508.9757705239083,943.3860243462447,386.0975572583587,323.9339923821183,0
251.06819518335456,159.3228288564291,461.5162774933782,682.605277956644,849.4899900880322,476.04205801086283,247.74569692008376,976.7189018128345,150.34018276886175,431.0114163611121,74.93500997985514,503.02120977043904,791.6898855135529,585.4458066357338,948.2025672745216,819.8495255038489,337.87311909009463,48.47784469713845,896.4995921584166,87.21565033719891,1
56.271936568750625,286.34533023781694,534.8109339023287,200.8144205431923,897.5943357906519,993.1542318281091,863.2806664303513,698.8174999285591,37.35111464890151,330.1867378231932,722.1066025503166,108.93684005226656,800.7703095911977,69.74572090560739,750.6216137548543,402.10170238322905,686.3328147491363,774.8755669886785,948.3974403047629,48.17104739561828,0
761.6428185666978,674.9984554343408,186.9437448901705,232.96659926856933,544.2948550604888,524.035941221741,345.4858357355645,772.0063203942622,323.1090545131922,47.2060412239399,237.6057492445377,561.3405246207153,403.2660332831437,562.9465907178588,757.4173770892099,872.9858796183325,634.2855233580393,996.6124258759685,874.3407958278405,107.40936270452495,0
431.99462100349797,308.79329616006544,5.606435680715505,920.0077828795143,487.24951208976876,474.86447565697574,497.7175370459502,533.4061360424729,98.35269409271363,982.5600260823251,893.6863382485259,212.08066400709802,53.97948666572183,132.12799569516497,459.2619228543433,628.5307571627775,847.7276368014706,824.9610493012358,448.0274951228,550.7284120508909,0
877.1387638846506,507.8359192173198,654.6325140485832,701.7645570301187,62.75903337555244,245.79039839011463,996.5602846375214,788.3340660437715,712.0814340764483,344.6074490694044,931.3332565676217,554.1500160031264,10.402992327301908,463.4040463953267,434.7309723769459,31.07343474495061,21.50757539589676,172.6544483392135,133.3941090482672,339.49098599357865,1
37.317509584623096,138.37067151165172,534.8253306359708,24.06352761546082,296.9186284166068,87.41090927073836,132.53142572523058,406.6889993887224,318.1548000567499,271.82226695748903,300.08975590600215,118.27144747861406,60.83769661343696,781.9570481112138,446.85150663581953,209.7803033972041,677.6970546554954,714.3360220071041,479.3513697967954,127.72260095501775,1
596.5490250456224,704.9161554014266,218.6695104676961,122.65828022115876,594.6856926627297,29.35684583691167,934.0553363864778,844.2881498284252,950.2628279748368,635.7302054004963,932.8296013931662,854.2831213560268,477.93247048809405,443.12395555209537,483.41960484627333,239.64555451235003,227.2103235598647,694.5179957758611,946.4043845943025,519.4052127821773,0
752.4313103877759,48.27505174437307,72.1028264396899,278.15511853663867,321.2712293817402,476.24554993561196,175.77545301767205,866.6956468118868,195.55328647348603,828.5202558264525,883.5174725393005,410.9236057466269,888.4733579585024,637.498960910856,302.13414114108605,606.4152200817697,204.2545146493925,79.06343006189076,559.387322284167,600.0442942268382,1
628.9543400247562,811.145873486124,824.9101027292453,700.3799493308003,694.0578020324483,362.8545105764031,793.5666687486219,24.062286605256887,148.83631461427183,21.935507990374692,290.0355384548409,572.7816464201359,931.9749506630756,336.15924488076456,134.30726366938782,818.3008425311057,34.08714869574459,546.8969052330096,183.60210524806908,4.602444484867463,1
871.1783888793888,128.7258792471888,813.4123222170147,968.9206634070399,537.5372703289042,328.66358798021776,222.14983186250535,497.1292424620266,715.1789406087593,453.555122935158,585.5050416089294,944.1894167504287,115.14121806441524,997.2324459228399,679.8488321346179,661.0967062652476,521.1143816601194,908.7504749755877,301.70086283522414,80.18014781050641,0
280.2667102782316,63.371510093487295,606.869108114676,111.27128748220072,498.3562879108393,137.11124019856757,404.67580109303515,867.189727644872,844.4427626032834,208.49627973973796,472.88526904336925,985.4138881809496,849.8557158455216,833.7913527234856,869.9246640075744,333.0995887213406,292.6677854028815,638.9188641668991,309.3539406970968,300.2365858290571,1
341.89583836448145,238.32303667370712,443.06630896142997,366.57855649398874,886.3846253651423,418.8412673138968,918.9995092071341,30.91286075895372,418.24085236186346,747.4773380684957,274.80068428795977,425.7551481653783,700.2391201679668,244.43920249193928,333.40883476818004,824.8161040750401,482.41020554807056,321.54637293034796,994.4545815368468,927.3635169069277,1
198.91448167693915,251.47803006760415,333.4269396549122,537.5220255919927,111.74506144202479,228.26821120152997,205.8312755049453,271.7910572942317,410.46852770888466,815.1948753765668,631.5173212387147,567.4993371684267,960.0491745631515,630.8026815894008,788.5098938869393,675.9545109501198,643.5932316302474,849.8011694544223,4.871650401787386,782.911040872181,0
575.2990766022555,58.14582954843206,51.25889814138562,150.72191438588624,220.53145959179622,96.0892394398265,44.610934263689,606.7444426203774,578.4861243006508,63.713860242546325,403.66282038805133,244.04035025414717,913.6648254168331,251.32772612038633,168.69332381520275,156.3055367857986,618.5482107804598,511.1491426658826,939.5302393457514,425.90109094447683,1
858.1723056248028,819.9337258252531,716.0288041866603,204.9546019026609,495.7363618171832,939.4714019605294,317.96173046319586,623.4162300045233,757.2259920776496,781.9736408746725,986.3311248464089,88.6368555195013,136.4711731017082,529.7812143621236,339.71328376468347,929.2777974221306,740.573079220097,745.5729846796943,344.867074987258,36.25120398452797,0
122.56257339194177,91.9810248493319,69.89839666866615,97.08052964712411,168.8669923017483,343.6391160706859,584.8083619805765,68.83993847573421,582.7786123066925,314.196766154918,764.609964647374,663.3140252466509,292.5406880345121,34.50248495878372,516.1256953959834,219.19389109470222,878.0377382106919,357.50064059144137,425.53591133365575,750.8708306350682,1
549.4651800275404,207.6534159862107,266.46963968057537,83.40550923410517,766.6108660892429,82.60814998018795,617.8701536207087,879.0211132902325,586.166404579729,946.2237277498414,474.7060641845777,471.848728375528,157.4409640687694,135.18962853469384,56.54389062273524,733.1152019676396,367.93780006580624,825.8043086674804,197.61265224235058,35.71457436431202,0
2.021124824772569,868.9876066805604,432.8336301402074,387.2547241102574,203.9772423928955,418.1362488094036,856.4819863109533,557.3257417182281,395.48789297267217,905.1474544038715,17.169035915223454,369.3287144004465,776.2988178078209,401.95834261224695,672.2343328305017,27.55912406178429,326.5195878470604,180.9337587629285,208.4875828040429,196.66899113827498,1
461.8830854195569,561.0552331616095,809.7157517335669,393.69167121514903,500.6644775203207,812.008311036352,621.0636215067834,531.491225910941,946.5343654928357,119.1473172364802,983.5017794848923,411.2502423966986,158.37388232140026,696.2700384298773,56.87686843009543,301.65162145000437,255.52954051834243,950.7897708835106,79.57274270866654,972.7700727691238,0
677.5458061339017,554.9746246822984,940.6084654161926,545.3960460641504,926.2588696505776,956.4402626257653,847.6632226297193,755.9203001641529,822.9651707150258,874.0745713174692,243.43588985810015,382.33757832883896,394.389382925632,398.29195853643085,177.78369598418763,79.81131326340163,5.513499383665965,298.11275504417046,967.4701675545668,181.59077489711763,1
414.9395336692876,172.40585630311378,532.8828132052524,172.14264239893507,510.68152737910845,176.96921400837752,598.9522261367543,145.49938874055945,728.619122965936,767.1417650722632,311.3928353279314,897.9042685971947,163.44722048641458,174.86137271392676,987.0451838851968,806.7234979503671,590.0259633127828,9.571184663198174,269.793835761728,104.89864532680726,1
789.9709842522486,455.54038065404814,113.80201614652496,3.935954411168896,707.3615037237688,632.7764941195585,334.0825967905162,442.81012083980187,421.77030212842027,479.2691819409486,465.7950725134794,976.9405837612405,3.969512391563179,173.66704730803028,7.8151086884461485,192.63311579540076,972.1534236981955,550.4264714161319,89.11457323195727,872.7114828510121,1
389.47003911173005,991.1568062389922,516.4975272433193,570.4532444402155,386.44962066113055,78.07651260655979,577.677685541668,54.110299480762514,552.6504915144956,559.9915909747482,441.7781397999059,260.62167545569014,97.44596147537055,213.50347666098335,654.1766442091927,550.913957142097,843.6703255586763,571.9376725710064,246.77009237489156,583.2675399833726,0
797.5665199225222,239.67292777070583,745.6168517518962,789.346057705622,814.9760825476377,956.1563237535793,298.51608078241486,493.4801050692134,779.8601394091961,231.02852800493844,758.7558549080153,301.6053454312922,135.8964777206927,648.9732582668216,323.96465815974716,638.8856790834853,227.07093743875595,799.6799809557962,461.7883294881568,947.2285167258112,0
175.82247967990006,740.8629007327124,899.0868474504484,324.5650980629875,232.97274502877818,428.1386703893015,818.8616260567375,366.94007368192405,67.70290469542017,913.4193478796238,838.2447029106108,20.267186229442014,937.8153957812809,797.130244851325,746.6563890941234,42.82116456927765,153.28891253123643,391.905974799708,842.3172726864108,766.2722197602003,0
730.5765142987618,75.52034368817495,103.38566097096358,411.0675730562674,605.2630677665064,944.7998635884699,315.15503847442693,663.7572430988369,100.50659181591016,968.011442201346,816.9230232323935,895.6544675577338,966.7518851746865,530.892245183349,781.832844370981,892.8022587431456,728.590313643453,461.91439064450844,715.9693439001651,611.0459544140958,1
584.1672058091259,710.7102220641493,960.0656074077971,25.151477671829348,558.9126114089871,844.5687285812725,120.9020107738129,24.149081796395855,682.5458630338718,46.202844740604874,274.86672831663395,332.77685959052286,706.7283990021363,21.142917646299164,446.06121209023064,87.98093103293081,405.12099998857343,929.1310900422372,533.6911705934048,114.52023834886904,0
145.37765946622073,618.4433832079488,106.26725603084274,892.1267642130072,434.1411832664357,192.11697569659992,281.0620041681857,241.32521808583218,584.5374346697522,393.0660119665814,308.2325569771346,925.8545184446132,901.945144851666,558.992016542354,352.9505815001055,345.5493625635588,15.492498809138166,521.1144681250964,46.46820982170097,817.3467678330134,1
238.0495220369797,480.9902026764632,0.12728205689038763,298.20762467899044,738.4296379507358,159.14500043446077,941.0878684682298,983.0357256971608,54.63229011499182,379.8557492882043,824.6389966528502,32.4060989214644,790.9336026130725,200.23912767791785,979.1505926841952,241.345901203042,821.5582048720022,261.62035981759567,621.7933265523427,329.20795643338306,1
546.9154340716997,205.87490832102483,601.2724241036351,39.2831284619829,359.3714482454877,186.32333159992498,162.91742752120552,504.21097608451925,970.749880552692,970.9516946840632,292.114802873889,575.7377165821937,541.8473324763564,28.415403345370073,836.6530315700035,972.7711209586214,138.18733758411184,500.44947099696213,684.7163995214277,520.223564684789,0
564.2321070215825,447.16756976430116,179.72478105256417,329.9822609832204,662.3756382553156,485.71882953602363,530.8749783547044,373.2834800636766,613.654390285036,922.5224016566721,59.93282695486934,304.6211769562379,424.4850388549426,400.16492666617063,273.60101243538026,327.50092832408575,335.08078253111717,535.7846284872722,9.943565148996637,982.9943369758003,1
33.07862581412135,154.89515950813382,726.4057622592394,162.02178878634732,474.31753974825085,741.371106228026,691.6931864316679,654.4158791842372,762.7296780191746,775.0054311388787,650.3320697913442,682.6164763880871,821.9928720972767,801.5269110608035,849.6777621554036,929.8563166172454,299.7390820286242,149.38281917028962,312.8550497220831,856.7501260001486,1
763.5164236206476,4.969696039836324,566.2657778954614,55.56384547164528,364.37905538473,820.7443767852351,195.13708303824885,917.1253954185222,747.5460249958428,708.7955911918605,536.2314788631675,318.1531842175054,453.4924895584286,46.025819390092536,680.7655263165503,841.4006437108998,881.4803096157483,129.7260750107231,81.83956792726966,446.754842434867,1
991.1048263257682,115.8560701342387,508.62330837855893,507.39804054662596,718.3928046301362,532.4730664048861,320.0345962511566,965.768417611316,500.6777530994987,89.63320143188658,69.4664566433788,553.0191217740103,680.8595923501683,306.36486965050705,79.77118256338866,18.90500864643574,516.8244242338599,564.4292536862769,691.7953131145239,953.9907857847014,1
901.7330507000976,264.47076795516756,177.36157418355359,924.8022368897318,22.539390395048486,213.8643575450213,429.6117483540841,314.11240504856806,611.9602102884302,136.40654763276473,108.17608672555224,155.29361717101486,585.3569015554789,875.0015704581702,861.0101922202903,222.5212474650784,710.0338919287523,612.6683227122513,721.3010438896598,889.383103725449,1
59.05186102287696,145.95244088065084,361.2253214401807,352.8870717485293,615.6567743615987,669.7552831667315,190.61009176035947,385.1741551078725,753.5590255774429,258.13811143576424,159.68938505350218,781.5327537282573,869.5767198379806,768.3617904796314,547.4207994005634,410.81738488566265,309.21660156560785,259.78667695561853,993.671888103813,670.5865890179185,1
865.4323089647361,654.4740794299053,804.1922014806596,611.3503342582193,492.43846514487586,551.533222709153,160.603598446304,330.94971987437896,64.82286203802667,125.79001670501056,791.5711956916477,822.454663202289,688.4569387104239,206.29773826397624,739.3712011062236,109.22385470360551,772.1608439331693,971.6872896611669,378.7785377102344,316.5719086249356,0
482.43336371112053,784.9848438651262,906.134731387645,925.368709802499,74.55606843638695,313.3936911017685,373.71510838469624,829.180527415734,909.7584847180252,556.6912078761823,274.2053719758606,727.645872403029,762.1267018304407,842.7312397063794,309.91254337906673,280.0296836954649,657.3102104493087,364.22639928004895,57.06448953267396,492.2420245164124,1
22.80372709473133,700.7727254618413,149.02202431000356,298.04677968114856,785.8951056968278,262.39924425165293,631.406609511891,633.2924003863975,98.73418829136172,278.18662157681894,199.27919236727521,971.118503733788,536.5390288273654,724.5043002473104,253.97058739125222,290.5294657354396,646.7263741857649,46.56863028752633,185.6684901567638,714.2479631713717,1
323.85274610028057,753.5072289029227,82.22321123836306,883.879197294782,764.7718828671399,647.8342585341971,493.09989678605905,34.70221203649548,411.2083938256318,944.0329060005323,382.4635784043157,508.5104515030896,75.92061056122323,933.9031154377385,639.9469942645958,612.9217439693906,611.0835711006421,446.48924851136496,44.6015303628553,752.4821000090086,1
973.4723946543492,404.9162245796952,297.0423091984179,590.6381814519711,47.13531333189491,262.4529478925612,129.80165664982812,789.7134811929775,166.56401359514717,523.1863338860178,902.9456778337519,867.2337480204316,1.9146545523017755,984.8349044168687,909.5823264187109,125.95927144462115,527.7087539045029,877.5109551498498,564.7312168296295,314.183721132123,0
910.287876609923,22.167744067559724,582.4268623630365,898.6800102771006,731.6740981348104,617.8077205236682,99.96672460028522,454.13874319377067,336.49417571830855,900.6233202331597,417.13948576746105,947.757002854859,15.05044197685268,135.18643917769802,998.8620585133235,835.5581728435402,756.1097532484642,295.82396769730093,774.6246160283595,594.3093729485013,1
301.5821865944547,150.42138913778757,180.78714344464254,92.96459336752227,159.92735897676292,288.5756608614807,495.63580233391855,483.5675536964069,38.12636829474181,473.22391963151654,233.64544177055237,906.716508506927,974.0422470239665,54.302015015892266,571.6145408301664,799.9025302686772,486.93268381268695,658.8463621318422,956.6223324832279,456.3814822179858,1
222.16218196218952,800.7748217997454,653.036939503631,250.74675798454248,123.13544538730781,975.7496692087519,243.4435506727387,163.6690500711141,85.20609977890525,849.5651459481143,162.8874341993749,312.61741718764904,197.16333418542632,375.02311551461776,858.9642755448061,252.348133388703,992.960468500547,760.0829894595306,736.2718567368742,802.5136704371957,0
118.28821762716845,995.1925225817245,477.88709777385117,761.3079614703548,279.20631225994805,987.3635567756319,980.8621016482017,455.4142673801519,568.8409638050401,480.49095394351303,364.190541734702,280.97718947960703,772.0267958049911,129.77987153501093,922.2919009114929,410.2810348547021,316.3055754839752,88.72716969455574,305.3117435247582,536.2252089296967,1
544.1503867983554,880.1356130790365,464.3746894249837,452.84549185750575,177.84534064192448,608.2765271205809,562.3665957439378,301.12373958246917,759.4411360291657,952.0771189239141,426.0737644674063,369.55790515761333,202.41643398054387,660.1785303959502,842.4288648328157,193.11465600217957,765.6831356200648,219.12223622630745,291.191286526997,917.2935383003176,1
700.567720422851,781.3936178980342,613.0440049506152,55.97506408776609,90.92323415342207,305.2735536033404,453.17315580737073,393.04330746878725,645.4429299477251,356.88129031863724,646.7235666183851,837.090696907195,860.7606070116748,677.0621026674314,199.3394516142568,804.6695429925395,27.188276614643403,801.4980967962844,308.8106009630738,51.017573167614906,0
353.6483543610947,323.3846263904613,977.7790524700896,474.6689649966841,64.3587196133214,329.48901409214926,666.1950025337924,852.1427650996063,78.62558457006908,341.91950714419863,117.92703150824369,863.7470414121993,656.3060974606051,14.416268945127818,820.9455486677094,237.69356757205807,392.65748291781586,382.6925863106323,875.9594771616665,755.2206950555977,1
492.47908733268855,247.33320301746153,24.630386314347664,985.6341576821776,377.2531362708294,559.3918784998323,872.6827888817879,693.3826179255715,933.6384771440229,773.2499941372147,217.7152755249968,668.3393261221569,838.1206882902898,943.7276948570257,199.79507191701197,671.4560877972831,245.93869135214752,348.04828799480924,327.9435307873592,246.1529668771013,1
211.44375777769199,338.31741517471517,24.614517795455093,727.9819086692097,502.6792752704883,989.5451951854247,270.5679357474094,561.2093766981429,997.8849777710667,707.534270933525,188.30315806955446,82.86450257128553,302.597375755112,601.1996611871124,770.195168795621,310.794757282996,736.247772957343,854.2995310154141,721.541719604781,544.2595040997544,0
872.7146638472123,132.53933124455563,212.59273211722507,743.3688910008949,535.3961174153134,955.6347141184618,731.1092260442173,434.29620880920186,103.55301525582516,931.4671222505667,700.2304717290971,2.125486343766969,180.31835272296627,892.5445908741791,616.142157153505,657.6597245279955,991.404812723837,622.2006930762221,425.2000567596619,579.680117325444,0
398.9485841815413,830.7352620541307,71.532274690011,912.4373442208279,650.1701832719523,751.453006023758,343.08831381577255,10.28919283360441,823.2094998046676,888.4640113587541,897.5377567649451,305.75171130506106,628.2561938053068,453.92580201838706,129.90615030029738,354.86636129214344,638.1524971002657,824.562100359727,629.2738661579348,526.1517564741023,0
651.9582835792777,17.16651482668985,917.5197129969714,325.6750900263604,957.8868555598335,837.7301330107467,359.3316569323484,835.0693152467732,483.6266225753746,384.6603894026468,733.0152889056853,970.9958596109165,553.1836605972329,338.7742494828497,978.5651932297309,9.83655456263033,432.8551711541708,507.705699221233,755.6800314298926,999.377440915402,1
253.268259358284,849.0248959170228,345.65880241302494,953.3614994181829,958.9641395939783,226.49624054560834,881.8352029637057,297.0914313709333,535.0396092726332,506.8296367493541,992.4731101859506,908.9773232723046,191.85126457857672,694.8397297187914,459.92406713881616,577.976297484669,128.11163328965435,550.9955642550195,193.41731116200035,180.07686810817503,1
271.86625058480973,954.723414318754,567.2285325438406,740.4538598991686,12.73817369500929,472.212058288773,593.0321949199031,393.7963049132227,139.4428833484488,306.1293270701921,363.1938827726711,553.7152762404271,71.85997531411226,508.8316240842339,913.261492219589,498.4895064001791,874.2004936918863,97.49557978401357,165.59082864151242,210.0543450760304,1
10.42449472935325,628.4559379646602,617.5804039101704,537.6907939864066,256.42652970603007,717.5930310691971,57.89253851543186,286.91012759164636,44.72464418171518,191.57635774360614,855.4254962000223,488.4066734045267,291.93273673266674,881.9328798691448,694.1745573603273,57.50749615843398,954.8703133408615,364.9518632437373,67.50218352036596,286.6420068596799,1
737.0844791494653,846.6005020623473,104.71219021383848,207.68174955583518,256.6732400069375,342.1122988678653,789.9623950360091,140.8751604713292,827.8362710421906,35.41659176608203,903.6094038938862,132.78890331006622,155.07171272012687,165.36814161478108,860.0868520084475,491.84047519210196,518.0273625556058,965.4858564969663,840.793613965369,146.05323594567543,0
759.8379497628837,626.3504734484409,257.9042411739234,729.4298329718738,924.863062430235,208.67014400875726,19.08172551327192,595.7608673465494,710.7472696110353,827.3767766955228,514.880405298317,986.0548291995971,249.2109715829808,95.09309707279468,721.4235516688055,539.507057832854,276.98442405102486,401.26833998210367,892.1534311796933,93.79851988100462,1
749.6117478258454,963.1145494003287,402.9141810363758,528.4995540785065,890.5928610304235,666.591651401178,844.167540961026,338.99071618699304,89.71615406075595,21.25849271660185,296.2144596884638,781.2303595719907,953.7694312638562,116.4014545604114,335.0525856839339,935.1774679631482,801.227044648159,252.4957136242041,186.94734856490325,175.98814112897375,1
321.6384366479725,419.8537766275664,921.2445178769972,668.9664158309042,245.07501253218223,414.5829433941715,557.6616772776168,660.7024821764061,75.59761549682109,888.9246402862038,657.2855561567873,67.65301551009473,462.85580205178246,514.6459729786426,194.04602133536963,574.1172038718122,842.8127234273753,820.3534105935671,863.4779012967168,119.5193181715215,0
161.76452150255216,705.1889154979871,252.3936060149744,765.1827936594943,431.29266527651356,338.66469141199786,447.2041504316896,113.66447571639648,830.6567796895456,224.74466970934225,299.15373990256575,710.42821663374,954.3544018756417,412.9171856017101,108.0930919827403,566.9444685831738,813.0360599968816,5.710728040575486,680.980728063265,200.96224120834216,1
906.3171583767397,273.70196073269074,58.41357898477639,893.242921944861,984.5956542531223,744.6428233615313,462.12846929979344,576.7235737619951,359.54075259219877,467.7844692114329,547.9396816866918,596.2244247700235,152.3223578127172,738.9492307382244,199.50346517337226,208.551757992538,557.8482427111795,266.34341616044253,105.77140990196587,82.50800777137867,1
96.30190609164202,124.47176711843744,751.3925272917437,454.4163156790432,7.837418587241962,945.76257187615,149.23479202646982,616.2330552586294,471.73652756287976,455.8191647954313,557.3317806782688,726.6015055960445,464.79651096244226,65.53186877689232,571.2027609571348,372.7937932662955,576.9670732219258,588.0893140938849,213.9623232238862,919.1671874749833,1
707.2696993255707,6.401954373393637,594.6852840427396,15.497930716880326,86.68938964790051,500.89523408175415,196.20644773316752,654.4346991350186,400.93382200326977,120.43143403145528,249.41681480099075,761.2887856240452,774.5678216451541,618.0993486756579,135.34774314040266,768.7355072646332,632.7017700373547,330.74781988024483,851.016076521124,282.4002371499664,1
336.4797175248968,194.75614470333736,929.2775110157366,944.9119520028048,679.2327827032689,131.63875024399275,868.9197286958594,36.5880399263454,70.91664576155065,890.1681455172683,343.02510085929305,848.3308087019719,848.630090076865,60.648436819937366,839.1211978398117,737.3656930511332,793.1171310585949,656.6170161053483,633.5226083450864,833.8928115236631,0
635.3384190099821,564.9975973972289,95.99079050066106,807.6475355848477,53.904361477340565,758.7027186570082,556.3558281481227,302.77767477078464,166.5704228481022,459.9726718295807,452.02562598506614,74.91777210423068,834.0636831307921,197.09806111461037,120.17175051114836,325.98075650878747,788.2044292967423,583.1131048009349,173.29693988113394,643.8623749581345,1
428.9551680756916,384.8910397360548,192.32827337348812,251.93700012583642,949.5893158465739,282.38981406405026,140.28740607492608,876.1883020780593,385.189940667248,825.6545687222754,594.722736403582,750.2337945721828,1.9461450737622288,800.3139704060646,688.6997326736242,525.5852586034091,109.34347667449661,293.27746748726094,886.8993316657484,217.83410286257364,1
991.9586269986941,987.238748220198,801.9682312589149,603.0394481093483,145.05134333434398,111.64327081041814,30.07146269281058,652.7762613526859,532.6020365880516,741.6116229059754,706.1551971573981,487.7930044056238,836.005606310009,196.4647979948184,566.7132961629839,767.3675824248626,19.465226770211675,567.4017558775291,561.2767087002669,30.11019878793697,0
664.6412007035942,632.0114445840475,427.3061093258911,126.54078896095943,566.1352902885986,412.9943507206438,184.78135050883503,385.3382920388937,480.1916986042344,139.89211221798016,895.6139654628005,590.0494793669661,202.87220105428284,476.0332664502569,729.9068509697912,477.2164036640698,926.5247099382856,515.6551541189381,359.52696254028837,909.5331381646455,1
873.3344127175365,433.7425054143077,934.677904807138,973.0263269470317,416.3837746776383,648.7768162370613,531.4623292845515,588.772402415086,304.16055898106356,145.92908050693487,181.21797289115017,460.695860528075,432.20071487844547,463.2915074598679,301.01444119192723,896.7308115703466,789.5433292365501,187.36488939038276,573.1488372768073,465.31975630779357,1
848.773637201475,611.8866383423211,56.019361363227496,469.030177624288,148.12421601046267,472.4873205622866,748.3874610913456,650.1928358736545,655.1725468787411,315.4240172669643,777.6257700645475,601.248513853497,875.1251391018632,81.78042718138079,927.7632089659471,279.1697127198687,137.83098030987495,930.9865918450408,498.2028026112838,913.646663528587,0
467.9132705858596,954.2235205939326,171.44843832810497,781.0253859788587,523.4273548273043,615.3719823640458,769.5838837034129,590.2116713372684,912.0865214313592,143.2897515527357,164.3075860498998,422.7836760509076,921.5797762274326,642.5943644218567,317.02930913895534,547.8272495382665,573.9286977410927,99.76338885171366,297.8022003777332,116.34187247646676,1
725.1272506240691,937.8334531250016,674.7452431435688,107.45138066093007,129.76288770446743,984.7715901977898,437.73137502680794,716.8850537549985,544.0074460362299,84.15191568523117,599.6977871242939,996.3376408375954,89.96363431660892,904.7399511944512,194.79370220697467,971.4312387329567,291.54777060088975,917.7378038434452,156.0606856611102,822.7447559543971,0
94.4394857966453,460.3700654741192,569.4334462181365,245.29372457017175,353.1994052782157,201.53943758203908,182.25507008629137,993.9601662081454,420.26828189692225,487.11033079576936,665.7727346996122,660.6060393547724,311.37588487256517,393.3002298099249,648.9311053341779,927.633597424816,890.1178407596882,234.12253344359723,985.0546985172048,290.4376563721868,1
281.840062811021,379.49675413859177,855.9000055808921,21.721899530674715,765.7465119403752,872.7049517034849,128.87348829475454,86.03644314534031,506.22341421089135,932.6485860168397,129.92019112905618,702.5871008013488,642.9930722580731,864.2047433510824,121.50658007486581,307.78206146964993,690.2137318035102,284.1159061842833,141.2095905833426,549.8759304747698,1
376.09887016973397,440.78668284624,53.6921904938602,231.60669401040312,136.64728112383196,621.1715248331096,949.4791913124624,350.42302018619955,54.96967713550149,898.6331536909615,924.9788732304938,699.2000270214995,772.5509029829907,19.703355913454956,935.8402088305945,299.1290384892821,141.42169079997547,882.4733658395136,495.53406468256657,119.57775721780295,0
650.3289816216799,398.83240073079054,407.4490594373232,727.1370215300121,107.52212929801097,266.9783062544131,127.17758701964155,434.66792289699265,897.5635733523352,982.4099479541472,310.1999829667694,931.8386059583218,45.36680717850905,625.5472898123109,899.6869847433294,19.076728029188693,137.6131935456878,756.8035108755091,761.9822717053354,667.9119263067465,0
443.5936161662196,455.87805990349585,321.80800355875607,268.30131582273464,127.05673760215808,759.922990904123,172.02107073353866,244.05192959942312,661.0424523362594,992.6112790596281,645.1342805506681,327.81720013963167,963.1562356850959,451.1308520354217,867.5656775369573,532.7394880793917,639.8454551632191,346.3510712843688,978.839155322762,310.2519316367319,1
407.4123071272658,619.5331259834234,639.7440161758403,716.9642730494024,340.44534056276,927.8668711765263,60.73404660075421,155.8090612149514,797.701519770141,393.2884279199369,567.7875620549117,146.11795722621812,703.846473221274,40.04322256401094,518.8093449798824,275.2466784151472,609.2639456920342,643.0664931409989,236.645602482185,269.30369422033726,1
831.8397956791117,931.9942088119777,286.24119266257,394.11876029102353,230.62976814459412,585.4010300127543,889.3790740287839,875.2108898443246,599.0761551510391,52.87912130164529,294.15302294088144,656.0648847664539,399.04819093913943,547.6786963186905,947.6353002397908,251.22257815800452,720.2303379070511,499.6479599228789,103.27137633103334,25.196811331562596,1
909.0732768826507,465.99257629766953,159.10616092395045,867.2357028015449,311.7738757268613,862.369946161642,29.107527293437574,783.9546076653182,814.6629083392615,856.0087479727363,631.0889146948002,997.1625307536942,754.442107522469,896.489016671969,406.34602492166107,776.0126767156659,33.34580921105002,71.2306972212926,729.6198479144822,91.83633795516322,1
844.7757953113829,914.4821911656009,22.925093164728683,820.427488488982,538.2135415724526,819.9749234471276,820.341048315923,691.1669508116759,147.51411228468447,199.53377388786365,441.2206226442924,683.5333984445708,455.39966643109574,334.856370698846,569.1084964723733,34.60494458568875,788.435933386975,774.2565672785312,407.2089678666436,40.59129365449654,1
973.0235367681106,488.180336114294,98.19939950565382,955.5490166478149,715.5149069068469,42.98793509538756,495.8780940634818,484.0788479550071,858.2828909377924,852.7388263196204,606.9544206461795,111.08063373645483,684.8200577564231,10.637032292496018,407.37206838328575,14.60943481059196,228.18363789836303,109.915497787339,877.5908256131062,188.6352029482119,1
184.85054718800387,636.5812420400468,456.21357388237925,343.9925836777533,480.18284532750124,906.9526412872523,756.2322388183352,374.7993190850728,261.5532436003054,392.6963780591835,258.15071992325454,979.4113799279083,236.00532370692272,335.8438230416816,164.6561215034046,177.29764623636092,423.76038821177167,220.58040707602723,176.50529902006917,920.4761303847358,1
135.2447689281505,230.51606076637444,436.8303943093644,22.755033995955465,974.4867108159104,232.09831908220067,723.5713814193256,137.34226287190543,307.04314592716463,572.7278012165466,300.37841951584,464.68083773154115,68.84310909855384,360.3503974711394,540.5927402095025,355.18456763623874,408.30361358242016,63.79339552694518,559.5351460991932,775.292165993158,1
693.4719086774448,808.2801375646735,16.050593899798127,866.3074293838762,97.63802798874022,553.7743733549235,855.1506139060692,961.6848980511762,567.6840399697238,347.92787725910034,740.9643992377951,781.4905121310137,763.6190026193761,239.3313365977574,686.3138529865248,753.7853298552461,2.8116287052125655,260.1680695948072,224.03847172052727,959.3087578268539,1
517.1555557579817,251.79398293511179,6.921098786973889,570.1485406568122,468.5610009472443,810.8181546103008,591.6004482453494,206.63221133111242,491.08430512312253,835.604410419817,634.2481945313045,201.50816534733318,708.6576059520132,286.74629079708535,782.9086553867861,561.4069989540222,235.58718829445425,571.3484843024431,571.6550873750374,548.5713863452376,1
328.8119131784972,867.5819831629472,875.638311900766,771.1468716278787,21.202090012124252,847.9291583413707,441.27434419809606,619.8310330946557,709.4595287691602,472.2844484368299,283.65338497762883,343.77714445690333,277.6053705271334,379.2092190454088,361.19010346725844,708.340763711575,301.48565732096876,320.15211694702816,726.942802765338,852.8902589652248,1
423.4007811067679,784.2130525492385,679.3013665510663,290.67065625494115,383.8366468236717,540.5817418200492,801.3973847545531,10.500365452063898,872.4033629265954,957.1726917990643,457.05582964207593,698.6177222291738,630.0349224423577,378.70439762856967,64.87542686194492,635.0649774455081,509.018182407432,548.0617741193212,392.75416195308134,145.4439250354106,0
179.6301134568702,784.2831088361207,540.048110745494,759.2094688724941,334.65675730377,7.7914788503429255,107.99424591284867,374.39851356840626,848.7138959136606,360.70166772751213,390.2943697524387,810.8623693954639,963.8403130675741,226.17607483472923,621.8988799779386,528.3039635485837,316.6439393230902,579.097922139227,373.1158718698071,373.8021337920051,1
65.74488149901691,736.6879193123,385.81750194175015,252.63075182260775,24.73072497841966,498.667529889809,562.3157158989785,65.44954583348617,646.3888002007501,106.04704948301647,377.2942633178989,22.881346440364325,444.37457329393584,87.2091530365211,433.8588441144956,977.0964000123778,444.264557354051,660.9408210861311,328.5850559891045,447.8256071674406,1
396.63582131732653,169.11197614361862,826.5077837238297,521.5988616887191,996.0145867904193,177.73839377607325,531.3220024108053,222.70137534214106,431.6088649633085,811.2251923853723,253.38024860651376,185.3182904484767,665.3432100170533,994.1898250044566,846.8743071596937,493.18672580925227,460.06631565313626,482.72488957962,31.184526339326446,464.9617329419552,0
314.59656336859945,413.49270868276,745.6682040520376,269.6615915204541,68.81932355687337,443.14526703797287,915.1650851346545,46.358028870357224,782.3545282636811,237.0716092841988,923.6037100545022,698.0534155704659,802.3274921288767,904.9247731213462,395.27040271324387,929.8812797892133,414.8829330689303,935.0433695206029,843.5615873666112,452.63352902762966,0
627.8419573074136,811.2248301686345,697.4447242816778,900.4240681004636,855.6391929220038,895.0219556775027,40.41730856992176,146.2066525305985,985.078799981483,68.95490454871056,563.352516667228,906.1096600754746,716.9129157126761,699.7318855375462,536.0414836634106,630.7157632426365,948.6909039960245,566.3148588631287,113.98437621774448,271.2394120470573,1
144.0289537910009,2.107468685081715,160.99305031788313,766.608077037569,180.73360322031863,46.354591143331625,659.9143278138107,153.06102135227627,287.3405669268314,245.79025892295414,469.48854555180395,584.9735799442005,739.4088515747941,19.77435601501254,683.3743331194943,981.105894847668,718.368467976591,201.269531715053,944.5763279981551,644.6579675478995,1
464.25083369304974,45.050478104642686,808.289045013508,720.9476301545286,385.6293044393527,737.6841278779511,613.563229403193,309.840641018022,154.52700658120966,883.3743462575596,671.9261756208253,865.167312081447,865.1415435580964,703.8224638100908,871.5166651019732,432.8771757200064,829.0091000715095,342.1703762709001,599.9415452110118,818.6295083548571,1
781.3949996940005,524.5992826298138,719.4395560712718,560.3610334097614,846.7494266932027,670.3460882815498,69.65372025518246,627.4583114341531,272.4125203568738,955.3266935065609,871.1719597615295,86.38384614650951,876.4742447443577,437.2595951346966,33.305859188146655,912.7751082863813,743.8424812154017,618.2463077667594,510.5945551157681,127.69834528121137,0
652.1426910148618,358.92784854715,761.403155517397,51.098331501601365,484.69292066154736,253.8889169548768,938.3228091967594,655.0598203023053,134.24274047819839,298.00794858758076,932.9222856394161,159.6473175487283,575.7646204438378,372.66855856528866,477.04359036099066,187.65388653043647,318.390374758147,785.1240492892666,256.60668816291854,748.99869134914,0
769.9449116783134,59.82921462512758,39.558541598320396,947.8393795634726,865.7969879057674,281.9814610475948,290.7637772776548,558.7496772924752,367.6229482549137,668.2771604891694,843.0516332593343,425.07500723346925,10.708065005648027,981.8855673495892,127.04543222797915,168.04285323489364,132.01269382457193,518.729354667317,333.88573063866687,609.380787531689,1
918.5020701518184,203.79812980874968,205.3446158142519,452.2986307679505,487.157727329727,16.95231152114285,430.82175889613404,39.60685608976233,876.0035305379198,685.9109599506559,638.7288497827278,995.2053273847594,848.0104694805145,682.4535260069406,531.0254576297493,562.1647229925064,636.9833141031099,145.48588361277626,139.18349930344743,53.90162774849816,1
474.1657946654236,120.7172895798383,356.7427465616017,332.75611875308743,261.40394596526164,646.3947875600431,683.4026652390462,393.8047186718813,952.7061897825902,474.6286723307439,396.94404236651917,259.28647665576165,646.1427416679107,807.1200100506887,560.2986207170503,592.4637172253497,913.7171995385254,248.9435291162091,860.91177320844,547.1169926819327,1
748.8871542367575,177.5669339872171,124.82203530298975,863.0850880833813,25.643586115949525,899.2710640127106,684.2700569260282,702.8743487061254,191.19754399781286,845.8448177370753,616.8381748974869,686.3320992337635,747.6904831368468,615.5033611340226,458.5461790616303,946.414826081564,621.7293599813777,87.59177154235309,766.4088237815863,446.6498839019604,1
809.4315288979165,640.410121570071,764.7455245670109,74.23886296504267,775.3308782113514,877.0312955544182,637.8492525696606,216.45734383409655,749.722871300417,988.8811111156393,715.924847721631,299.8123318518141,504.56630757870033,208.23688180876198,828.7150759451108,635.1191605042457,489.6546515236595,957.8033136509135,131.07317049680378,214.59424695144747,0
820.1473484483786,208.44741553382008,448.19005850087547,468.55598933215225,460.33432785218054,513.2691813044449,320.8903737341979,385.6945039655866,462.23566293143716,871.3771977951104,879.2015605179513,93.72626862527301,908.7514500480586,887.4958256836265,892.0525086656745,441.238014354433,701.0473280368514,642.8650926443269,916.917383918188,44.45017947402108,0
920.4462498058931,850.5429083734028,505.83496850327657,436.96218766562555,324.9942832499576,49.41317708353543,943.4708654839711,730.1298598456626,210.45391905299493,774.2384401030156,558.6427631488782,658.1852282139934,825.0715925695953,805.1786226055764,592.0620838819171,982.4410910994325,371.22448156448564,814.5681156533212,788.9651605450865,97.21118550523988,0
964.2849268932563,110.94854830785795,856.1177155212766,952.0120841032549,949.2783484946067,164.216240613278,978.499274316638,616.3985347069283,388.7933072003793,820.1108518830813,854.3125871301457,320.11680094433007,139.54049380824551,366.7238585965234,941.8607040525501,772.6148197563481,663.102658541739,897.9685122410697,336.0187825470339,879.9338531706335,0
174.1151127662649,935.7303900818522,44.06415167755628,396.9054778655833,891.5299635774943,578.825530064606,845.7867085700763,870.6024743646492,634.5332602148917,928.6541501176289,832.2534245052815,498.66645778820083,355.54238571561336,958.3775535638493,723.7387628612713,257.55261354563976,485.1214670411632,675.1570812152321,398.57165488801473,484.4604375421503,0
396.4345644498066,150.6769482403848,316.93237081294933,653.3371487143047,460.06144538398553,214.77266979187704,419.21050920988637,647.3227485364573,64.12008616363607,945.4613107200647,530.5709973292155,870.8785752660232,686.6273443971791,673.0802836273971,494.3141655288519,60.182564889764144,671.1496444014574,89.02268556060532,983.439922154619,578.0395783018437,1
353.8645688228109,510.6714143690879,279.4535705482305,166.9631806386527,838.0047619544374,785.382025936855,256.68072649905804,290.47921148100806,547.070127691779,869.8142831740893,925.417794732806,557.833883252443,787.1070020064669,172.75116216787333,431.18431109619326,543.3431197130298,806.5883517422158,628.0381839616942,594.0658593569984,666.5107870740148,0
444.1070274661781,388.48885698154425,749.820823276777,345.3069509407789,2.95524272534331,733.6626673312103,795.128958643146,734.876483442118,88.79614283000848,375.24912688403947,247.58459704112224,333.0059971039966,214.90626895665488,968.9504726954656,138.23638815098406,265.0503340237552,932.443651439608,577.8885897746391,661.566478081889,543.1559351237371,1
974.6798459793224,599.3429628892275,579.4132226787586,149.5173105669827,180.67280061078117,166.60775018537544,129.12631585189538,161.61936285088828,552.5781069927228,240.59620300556406,477.1449588947213,578.639420153129,610.4666540020922,6.137251991784276,557.9093866751027,94.38178134542629,702.2282739883939,875.4530724888275,931.3557183627388,780.5439963742699,0
222.74586261845565,85.9076108448591,474.3219683600325,848.0655752243158,843.4171127081468,271.2480025714934,544.1147700421708,813.8480280940407,660.4002341608411,910.5595289246144,288.4676476320137,831.570897798687,886.4883384472308,490.3383548073943,979.9620742694856,598.084080988813,114.11314772769288,681.5601803931127,191.07714859636184,168.79563995517543,0
716.4488669956643,33.981680450097976,188.49488676794823,191.39081461373652,664.3039603811774,258.1258871166512,167.14152078107958,575.8634650087308,944.5321617178316,894.7338131436793,22.27948034913485,109.64624280391455,623.4208760475645,993.0111803522124,569.1812590236718,240.17134198015455,33.40384287141352,335.3297680115881,807.933891682768,728.0283374971305,1
602.8652095109375,180.18295263431628,779.0061574743014,862.1165357506535,808.6816726961518,893.5469078889598,12.398488534743679,945.0689693282204,539.6903822435519,176.3625340477776,524.7574539569608,5.743384328219858,885.2700783229633,834.7060683740355,621.8706508570211,610.7458694163087,982.0223028329382,506.3048376814314,42.664320891223184,579.8969168905061,1
649.9960941559008,748.2454264545511,602.3177005167942,361.94263863713104,465.0391185533037,301.28908119719733,961.486794663225,931.1136923899544,439.5869327558515,286.26386427394834,864.9005686268022,778.2226292657091,700.1073618584169,87.13604099793592,340.3866330091201,562.7367572144427,43.32897916392264,507.87944315319777,797.3063736134958,750.1947472151857,1
650.9018855201396,385.29498014680416,768.0856496961258,927.993994388328,516.1256169669797,331.0428644305219,983.618546347917,209.47394076596171,746.1780829388848,820.9048428635566,697.6890760937877,603.7443721557354,198.72299995329723,760.4252061679422,461.120419519214,67.96877035444216,421.9154393021397,765.4941048700115,540.3841925207707,542.3984087333001,0
549.500830827908,382.2317073592132,214.61981352825234,8.423744342362705,405.2760788086399,434.94920486658026,959.7684967355875,629.853256819548,49.44696467137266,459.24291342614987,294.3573268659513,831.1736158118681,352.58828057799775,975.1254614485849,436.6042340769677,951.3384145038508,939.020291144383,225.71644029057836,684.304891195261,23.383398325691807,1
319.1161656456444,405.8093038750603,124.18598053157226,421.14235895972473,958.1252621113307,672.7641579936765,943.3828368417549,281.8103045472013,924.0025481881808,82.95571403546609,145.19734630439373,97.60056836344432,685.9124191005202,879.9961775458793,283.41204017636835,993.0075739073203,450.7012563103787,13.805533517156853,946.5636662888137,969.1008267344171,1
54.23290557595728,778.1234432052981,218.4550481347578,861.1034086600384,919.229923834745,742.3634404792925,764.600276280003,197.99974613772608,456.3016685574903,769.7985168850649,239.11857713866112,653.2247000769956,373.4921020561177,896.5027155159574,200.00656842490727,931.0854119764472,666.5145929693989,871.7564288846665,492.8014492730726,330.33747357103516,0
912.6492253053042,916.9666067959294,494.3474034538322,155.52870702843015,107.9007710932558,835.5155541604668,129.34254144619095,219.92175543916647,595.3931369671453,59.006992343843656,257.8219621172434,502.95405797574824,536.1193607239265,844.2085458433601,480.0746521347431,519.205366639613,845.1962574769839,5.808931378315729,34.59921858492765,954.2506532738653,1
953.7803334533629,798.7481674331348,621.1498836611029,22.2530816656894,566.4593030087008,464.3920603207035,722.3907534472837,948.2084711165642,94.85838622585085,883.9030292336556,794.5456611006834,380.0337252738962,854.2619441743093,565.181781670687,247.7277871743302,796.7741342877113,666.9087819871485,439.8509961237068,653.1437120359085,814.6109328154265,0
323.1074157531112,582.6019281974404,806.3920884228927,105.8255212372815,808.5423624529709,822.1515486556767,780.5453326653989,172.4442906150314,412.0758674955484,3.2902906050383818,937.4489205546035,499.38910312781326,456.8935292119417,502.2661679824616,884.4973436444312,886.6416224298365,149.61459953937273,847.0842789253913,12.618616391726679,70.93256746843923,0
392.139218999793,699.8167471137135,624.3474234408709,75.63715072320687,881.5578877979547,95.70680005537501,855.5573532158883,801.5840825255726,960.0710246799014,699.661121058546,87.27298524700366,376.89133435006994,498.2227681267639,870.8494160101064,982.8112897010777,100.0019043936331,455.8185698278523,402.9223024949176,499.61708262368256,766.6591520411956,1
541.4973734380584,790.3592712605333,115.32370721129581,114.05327219142758,871.655548201839,157.95815369509958,551.1385075936566,34.509035299323145,922.9971488463166,334.907265304336,531.4724534827309,635.5939818048881,136.46312907182667,764.8572538745857,398.85862608965215,472.50293120047183,805.8438158546309,350.45393494783974,242.68667968850542,785.2199800325235,1
873.2474086508951,358.9601706610849,600.1028257490634,912.8810976252666,415.72062669241797,345.34152230769786,874.4399516723022,850.4955479094032,445.0668928226429,916.7948345435951,680.20354853374,738.2668990289633,984.0196333697426,655.3010267761393,181.63831326172587,51.74485440938093,940.1221159642682,620.6215776290162,375.04373045611527,425.81381050384016,0
139.29950870457841,147.03908816954447,646.1825473257811,815.5344108176778,522.7160410162987,976.4409473601462,162.82503270327697,378.3448976542746,339.18784728753883,103.65707021557313,42.29003981328705,136.80659999816203,27.42453202719153,610.8541062044048,589.5203960185237,532.4458964330831,243.2692547663311,179.14276637992188,133.80533999948796,221.5460663063583,1
615.2684667626509,839.703677285853,184.59168894546474,633.7763637789291,244.11937118590265,780.9683665003489,469.4199223529324,916.6945570753087,434.8001398920114,737.7325118055197,52.17036161629907,593.1716688292273,431.0150291088366,702.2812814855541,871.3728767488935,82.95563181190546,528.7229236440008,143.80331768797527,256.8947397672259,87.86704094889231,1
262.70770292772374,746.4630691182041,595.5230401061547,14.939058400729731,361.89423907412953,286.6312972356514,295.864801508833,321.0802330504182,693.3743309740386,352.7136248908187,736.9938530495831,262.91056825522566,540.7446498897532,245.83944633231803,897.8137840949913,332.240250903473,880.5927102849863,935.3300645397654,620.7656354757333,238.71945705590426,0
327.566793304561,16.850454046006046,918.6753546251003,509.5445570828219,708.7528228362506,229.04945362434214,640.6170491897609,817.6012400252042,287.92801504645627,313.04954742743416,286.53696824951004,998.6575829928081,518.7116950527964,40.70391337888468,919.6880472293535,527.7934169454076,733.0506272828665,83.34479300272335,54.37095460514585,189.1366999084545,1
107.77924410800155,489.9144496945572,554.4341703112086,792.7413028431059,378.1615961394499,574.5058115771957,176.31125117730505,227.62703506959957,513.0535921664235,463.8895717574667,863.7632174616542,560.7925890101437,106.23475715538,353.65148756561973,113.7533766822344,264.50834976494264,929.0571805783842,923.3559669971037,271.67457645883854,291.60772134126665,0
911.5447218866317,471.73819204793864,87.57764734002016,671.6661426567983,423.61935357960425,635.4157360824526,79.24676033653466,710.0943122657625,548.3393159234208,409.5358944898416,831.8928985849212,374.1849233538075,896.4187363686775,866.5555652266643,227.99580358967054,1.2555867495072093,708.777888828468,412.40452242986834,291.27313032413014,473.84504903636383,1
428.30391599239726,975.3819477864547,517.3028195900172,844.4233240178679,405.081223217864,219.21070877498772,318.4443656718753,930.6403956905057,407.774349402337,51.57914575618116,352.8853184831859,291.53722930134285,230.12424235270944,131.39653067380007,764.4919464509198,346.1893773883498,199.74679645158312,621.2905577086875,890.6654243004672,932.7116360881382,1
180.82106349562576,172.10305825123484,432.94721534197066,326.5286431911775,201.29900463213212,513.0640571220008,372.06874979415073,82.90137716548284,58.80961200857415,694.9337962251263,976.7907537076098,486.5013810198012,891.434535325211,111.01058166806187,311.2804895281179,168.63854483205432,903.7316657099626,169.02313251668332,243.86434869837936,777.1481948184562,1
305.3320531147309,377.11402667423476,668.7751089415597,137.93284704457943,229.5424212359022,319.7995853625699,708.0889370729691,647.6827070828735,207.47069329408708,644.4008524054941,223.0432311084658,336.8385698867462,914.467325767667,794.2765160573771,847.4718052603694,286.1076217562841,673.1293228453222,269.47356710558824,719.5401814307257,384.51950863001895,1
315.56973479023964,830.56281397233,757.6621993892009,832.4584931833742,334.3665773677009,901.0308301309248,182.21583625025949,148.8756781758066,860.2197150483979,867.3867579155266,183.13893381759638,172.33176516155245,618.3009172371314,75.52045746213865,660.467942396497,844.0551352962058,991.6983574507537,969.2293757941426,504.52393799053965,135.2017343439238,0
933.1827376057122,213.6195703397057,143.1911658704138,833.7136557853173,135.88798832794035,514.6274169369619,560.3578982814829,245.18796605282955,730.9715719492486,580.7158595570006,634.7080772455753,364.13787937253284,65.31298781418914,871.4232920720201,164.08577500675293,733.3637027162647,651.059363621858,918.6785734817392,130.74309667487583,919.6590245623481,0
761.382756108309,22.490874154475037,87.61350357030028,237.81949949376445,150.8054775772849,699.8485436710934,185.9279749744993,882.7468648795939,426.9272415262731,671.1098639813637,546.723439624436,494.4951989621892,669.7842943042242,302.31317574455454,736.3717163219313,368.63976507931284,247.24934424743628,396.89208398971743,384.51531692607966,343.8655255366918,1
183.5142469938088,137.8471819296647,276.93754914596155,959.6545687169123,218.59549376357813,411.41808579705594,252.3969541011356,19.165868301869725,624.613809746286,47.08858500660873,978.1876473236953,240.37759076969778,789.1020588586354,224.79638102743272,375.7133142432557,195.26536072667145,681.2719377235373,850.6817273121537,198.07924750735495,205.35640611196126,1
174.82485636865687,8.259871345126513,107.79891255905494,561.829053614311,938.503462952346,140.14555437901643,290.980144351959,639.6417504352918,606.1537986026249,683.8178179993323,891.1479164318818,137.14233853270775,356.87290651632674,241.18641633327297,805.3474888555799,352.72031613446796,35.56166768333169,785.0148288821423,73.96350022974119,603.9914445851598,0
963.7895229819463,487.59916590638505,832.0740650656296,511.4194904121799,139.2356648524069,671.5072484249262,509.6255805237987,262.4816370793249,243.82015184240734,749.0958212873462,151.32288472937316,171.01793818754518,7.632714873843538,171.32296883651176,543.8652779115515,517.8097100637885,545.1312282156651,349.36041904967885,691.7601488560564,619.4527000534371,1
382.5580335054729,55.46824716357701,607.1952440805193,972.942591578406,493.6153764012301,529.463735502506,265.7974855007249,621.8791756911315,809.3523546205049,784.2913879803668,832.3514246602452,956.2004879526692,180.9979816098185,849.0623626422172,921.5068690927801,369.0115149458141,114.90540525508986,336.2997096435251,749.905741535701,72.72423787221871,1
371.10669847454136,871.6700291143164,923.3647487213026,701.6271751006618,342.7167170223441,533.0698153363531,637.6993960383506,191.65995212332808,5.919716377786544,0.838629207804642,77.55446040996716,857.7351813089123,3.7242416580829385,347.169289055975,888.8947169796746,67.13430568930035,354.9767069338099,312.2447659524464,517.9172649340438,75.80222043627826,1
726.1106442857115,83.78064820538056,177.24872269960034,0.23849207988790866,707.0687054747867,599.7773427290609,966.6999671238024,91.22640699600626,638.8255337875524,215.8707064368729,470.7431280783035,176.1412963458542,385.0630876394473,273.9695992770428,41.98321389811455,197.96936065666083,905.6869736007131,784.3816695899027,911.3404362496616,843.6116138694344,1
535.3011926212423,522.1439691602556,181.83681584340016,978.0992680051389,77.59283655614901,166.50526635564646,148.53546746404956,678.0485249679504,879.7788813806998,311.677381641304,753.2296935930812,153.08623878093763,44.2021721701078,727.8336548631911,721.4105358496092,895.2861316380727,310.59978450852066,794.5561731741642,151.88548816893032,221.82312968452467,1
128.83369589016957,495.5238090470999,673.2951283709473,729.5950909415155,974.3720751996802,780.5544304268119,587.6636006891731,502.9283604865225,705.4057838574945,538.8817565233251,373.0821145245197,918.0517321704722,414.3095169160851,226.47986090700434,336.57349224201215,727.4354629627757,830.0617210326488,668.8096995779108,68.79746613314308,253.21669134454172,0
746.3436421025369,277.42481188139243,935.5313983460135,114.48692220533141,965.0577430106607,414.9956193267641,86.63706522771774,471.7684120074689,314.81886751283326,49.21940510741973,766.2454634002314,255.98756330802496,121.40876379738619,384.6623912432937,51.453979257467864,393.54166839824654,978.687188203352,571.2316056393804,276.4216079068867,993.3628701989783,1
709.8103848289629,152.58437466681207,967.5197108216569,832.9779079121374,653.7018077647392,27.535444412242207,138.78028236370133,473.65731423440394,781.0043409870875,866.9210303557942,16.588790348994742,702.0004104099976,31.418957386133872,300.88890248933166,48.970702098941274,28.036725513993165,608.7015583693046,879.4407469013196,110.13658150988037,203.62393620718257,0
880.910420805883,868.7484655881524,165.28951104048394,893.2006539268887,868.5056060780079,151.96507189441243,304.873832549948,523.2993997872858,835.7154500876147,527.2170581710246,531.5600965915276,918.5130903448072,108.5129009817537,396.5131901533219,596.421424631149,234.45620278299774,807.4373500396149,449.10323977618515,432.3241882539165,920.967900694741,1
606.7300913337231,925.7271479152635,684.3643403767067,359.06297843029364,27.47624886452593,768.5715629820638,344.0856245201321,627.6910429746904,531.0914304230997,512.1802176965357,464.06902493146663,695.3276810172187,699.8288200585704,152.51403723346314,732.4163019658816,14.787864133225192,765.8095470583715,485.5275288402378,624.8381481440357,699.4532371059324,1
578.9313682680023,601.622211286017,249.34471562684524,81.39362431082108,721.3821493685766,423.7158217352711,748.5479706086951,951.7448067505378,362.06711292594997,387.77196468119536,918.0045019670879,253.88267892842563,215.53344196824497,975.253530540167,865.1723352985019,632.1474750954068,328.1483126034135,140.49325068380904,311.99907886208354,950.6052064038233,1
560.9568186665616,173.1407371928222,965.28604826914,177.77267555989386,351.697061992649,0.8034515501122996,552.3852227442915,220.4146350440612,162.9502380461002,423.0656909460612,273.7455276002942,663.9281566102269,345.42576995307826,155.263582994701,154.05703111148316,856.9385336524906,397.43913787262596,678.0580152334379,893.9410481859111,532.7325686483728,0
923.1465598056491,744.6065868340196,505.73082248337533,856.3783474149446,711.3340384301141,152.13716837096726,815.0732388002876,270.2229357184007,540.0938305777411,772.785626116232,454.9648963534728,98.9375500576537,395.83649986962445,409.60037261247504,636.5249092354126,844.0444403119704,18.8956332648873,351.39950113449095,70.88039655327572,98.6677350192523,1
234.91403910556795,804.4893919911431,148.9762775566551,249.02999558755468,472.2467150366517,33.588820957963335,400.2239157895278,470.3465124932424,905.1429344626265,448.05886429308737,349.41852495840544,306.4952492643247,896.719403963635,245.64391095534333,63.53441905007984,696.2223365121285,727.7704664719042,988.0405665278585,976.5813978433683,990.5089584075594,0
365.40042119509485,923.18325838331,779.8370882616462,872.5690989879952,524.1267309661265,734.9993695377625,784.9129988335428,64.0857426262006,498.5382181596538,84.85135702511803,998.9124489102485,576.0942356529048,301.091127871397,836.8188612872013,645.1617899695423,589.1832284581712,903.5418724622349,225.43922088727342,61.93848159277082,266.3161158880172,1
757.6154662948505,610.0412023192426,78.67036358199687,569.1741102622763,288.2144745592925,533.393432361314,661.6607026454747,346.3210926484489,197.58867960887105,859.4052220423715,55.811777808779,301.24897418103416,731.5023111230788,686.8354807834569,653.6109681566821,72.33566375820166,415.5727859238412,237.61325020555302,829.1774490622712,624.9405868899895,1
182.49855704382932,299.63312053298597,725.6925865110574,944.6567424242692,527.2697097179146,278.8503939045782,819.0372880848778,8.003471853732957,680.912706986629,233.7989502149539,976.1758115540367,760.5216787583612,828.295847912294,538.4849585087991,292.9194755472916,549.7032044468043,847.839861433153,649.5607044756042,427.35048796874474,40.24955275817555,1
893.6499258343664,508.1163928043098,934.1451706735246,154.8017158545849,206.01622234701534,477.00357266812955,181.1749835510872,985.2116716183305,435.19641518932605,92.15426909179992,881.3664908852857,473.0855877517023,127.46408609788062,111.68574411994025,169.42789368332978,890.0801431673077,199.24309114214665,249.99811243149784,336.1725121943389,406.1369732318483,1
456.2248449558846,671.2830611375402,238.0523386690333,16.050102789030962,286.2045157726357,565.7842619680399,703.6984224325037,282.68252117270356,582.131017230398,699.5237425049393,373.4012771313474,831.7390463940603,108.88847802634561,569.5035075049244,82.29455838062616,703.9437831454028,639.7498675442832,502.2672382357838,384.2245280449,72.20505627302798,1
518.7702380985822,137.133970633322,806.077078768964,614.5156896872073,937.1460402452109,736.0842263430459,745.4196633835505,692.0891701082897,478.586110743196,62.616208869067826,734.2115369195631,5.316730068583353,779.9988791831336,252.4726956895267,768.8161470006129,333.305431306,241.05901439603372,721.2272607129262,23.245434399320807,228.27513686201993,1
792.544856881649,686.0818872858875,338.53389941328214,503.0843072125163,953.377184253826,953.8187923049646,412.6146884391451,593.7287782434197,808.1527100850145,761.1274791716454,954.5546434859494,746.5389934681828,657.1276778962758,782.2013242111508,329.73672404003116,818.769184905633,816.1743282804441,334.4551303689757,589.9308236719343,156.3302250578762,1
248.97983261132717,369.90535322391105,698.1320071907444,22.200653852043285,949.278715892971,214.86768805335643,536.9123528758245,616.6235622715487,621.1625807793687,426.3637242744307,659.6641186350885,538.1630442099606,38.690577508262656,311.0504592422151,750.4975127430336,748.3070488878591,911.3784917134464,488.85117810442847,487.3699762786684,771.7344715284266,1
31.613036853301857,139.7036474324963,277.1796145292564,485.8649903301445,572.7584717232968,680.462689458789,837.8991477215504,141.51628568239028,845.8882824370147,754.1851548796698,480.89585373361257,30.074288084348865,382.35738195375103,703.9672702855487,916.0615203905401,676.4726588415701,384.20753627532736,531.5690589914178,826.2137658472661,964.9156508368156,1
576.6752403041633,752.9031562161617,61.35314613851883,289.448938864296,215.25775420160875,15.453972531725423,549.9249380342668,943.6470121017643,611.3588495156002,47.371561820264695,929.3144220424477,565.0603455897028,324.4853139797416,879.1125042300455,128.1173837116054,289.80940133563615,230.31808326765645,611.047307558116,792.2391976261104,18.184053602399164,1
999.0175058612217,607.2270079088726,829.8952991657593,250.98555027601165,197.24160819315284,578.119328222202,204.8688340808097,7.325238410678336,98.49022202031877,740.0146703162801,288.7711867263845,253.77237137065322,259.1515570783852,666.9215713994586,65.63551071011808,960.5198363101497,646.787508578925,273.0709853767373,161.35406833064204,918.0730294919206,1
929.0493751936139,839.715604782131,562.0572649416978,549.8379618787546,203.45617294826056,314.6133050890854,331.79714981681286,806.4317594923185,568.3775331213845,598.7086695169871,224.60887117231087,891.9373556180311,872.8712477420105,747.7307951543114,930.1618871634967,601.0504346566539,761.1400283421605,141.12033069618136,695.6015723172153,470.45162127170204,1
71.71190404061379,73.55165681342524,712.151892250667,663.5487267772018,486.6564149443292,628.5533404505127,85.62667859830708,967.5601962459799,205.15360361274682,345.28436375190296,27.84997120310473,940.704396035009,921.6264885760457,679.4600860972579,602.0031662156072,934.7252131994812,166.0931350699999,343.0091849363631,95.59797871365983,25.920417244279847,1
754.3669355198573,910.2900400563052,10.180991917132065,67.89724048227508,419.9377587591375,91.28268905567427,787.9274388933641,221.8218513528747,407.47706611448876,196.74668794138617,245.97358337845333,782.5737597654419,137.81381714874198,659.7919930522437,501.10579494280296,224.5061331857866,545.8585223582422,184.96697565416363,698.2682132910315,601.0860391866636,1
905.6369833585786,594.4320849981525,404.28344077910896,128.26195935650998,145.7488843030177,356.5121025850568,159.46844204437284,845.3661684380559,740.7026730309751,600.0111234035995,10.134791614694883,378.65791313302157,999.5334565150713,65.19584730407846,369.7697470116569,421.3064371395049,159.88776854294028,70.26990673379285,818.9714084260297,462.2997062708568,1
300.3785632993324,291.1074046762239,246.6474588305533,435.57722697438675,517.5308085444043,923.6351806139776,951.2727799863477,803.7286628264162,78.45534749860417,754.918095054136,566.3333662732637,786.3254727213207,114.8790000910237,806.3238829739859,291.6828067353684,221.07341545252956,26.494336944120622,219.83762150664865,890.0980270038507,184.88505354131246,1
915.4125956461394,764.795514530308,826.7972655476626,632.196945793837,201.4302303394615,213.63316706674217,150.80272062282384,417.6584250781188,566.0540784991175,349.06897371599433,112.45538809433941,999.6179243863636,437.7570515330046,987.4922798583063,956.9881641464294,837.6761257555897,808.261778347769,904.3014507098928,542.1206623128685,920.756798892135,0
202.21316114729026,407.4134866656609,108.15221829902566,168.1896213719758,7.002066145800789,182.3549279255603,130.38230877799052,655.5117799705774,522.6202819912882,891.7790414718111,483.28387309361807,319.56147828908377,828.538245292382,469.0939008317402,707.65524349531,924.8163780467798,544.9065977786667,275.1875155894542,833.0861371809742,885.4895231499396,1
695.8108153966634,81.030019377475,880.1475528132069,724.0466400229711,767.016886620907,54.967010061838685,495.87859958868364,484.0209895341021,410.4492676848769,306.70054716134933,826.3628656914356,743.5114748563051,470.45908465719754,737.2854400235861,759.6572004272897,299.5644773603865,725.1718203349707,437.06445405341697,369.1722978666028,753.6889325924386,1
94.44040871819348,564.8987037251793,378.4329040580936,133.4533977895237,722.2976794648258,923.6232487140968,818.4097452698587,821.3639448077539,370.025797546159,526.0174435876863,984.7433192849651,924.7814627467045,22.496771802967498,532.0610600442238,135.65509698755073,347.8207677257532,61.70537617040972,345.89495998497176,852.5797242236608,774.658186398066,1
145.84061937240423,207.4304178329105,234.52520506476094,355.3388822596699,220.4624566566642,499.6038954880223,281.6986810842149,421.6279216830197,52.4244185905608,430.8074572326954,385.47425808254854,499.30557677244536,560.8212069896528,403.5144367723054,182.97380099896455,325.236027666943,256.1638340624204,120.79455747625111,50.917299778508564,167.26268297190694,1
112.27740126487006,202.90722756653824,802.2115937444734,630.9057693838622,275.2785293961798,122.64853984336821,765.6005061430601,566.6084932585565,744.7888513479272,530.8816791952914,690.3667019652012,175.1848175776638,156.97952215060374,518.9909708553976,78.86801039401826,401.9509673442839,542.9778708613528,212.62652652919724,992.146651089808,893.397022057684,1
953.226067668099,204.41112073377943,293.0954490101526,994.4689732002365,563.8867026163861,118.96270972904755,979.8275425311786,920.4359692411542,749.2348009969503,212.72762778263964,91.2990617260282,556.5235881917289,693.3825216576436,391.96611594003195,656.1284401297922,370.74323504100823,250.0902528262673,981.414716910241,615.0858255169975,179.55669001928644,0
658.6431971766119,542.4494011127624,551.2442197798953,782.6087722551622,68.55276673265675,420.79486439176804,618.3242094291921,589.4677521921077,216.49681357311212,553.0087852765495,411.30844610762784,457.1598681152316,26.36773653870339,773.6205481341672,226.58798518426138,321.85440741905245,777.0801190186722,24.520738346394786,586.1790928996077,910.4490175945732,1
780.3400078246955,204.2845385127918,443.4636032720139,520.6335465965858,96.41304689945673,150.2587615145936,996.853195853743,397.5756283424009,353.05937374366226,856.39676500007,601.1791667623884,763.1234156383332,968.6783264354339,219.63727536216325,94.18563277520553,736.092543613903,459.3340293918959,614.6565009441417,564.9503474028837,131.04580598967564,0
499.43670503854844,61.34731672719729,343.78887723360805,720.8438522633954,245.53548047727725,26.681514817930463,317.9594407947979,112.81476390748968,861.0907382748479,89.24674493939244,210.368810580171,31.667453407387192,718.2569992793873,131.58285341553534,672.1233770484168,227.9960449691877,519.4275414755147,895.4471485231231,103.07236584132262,819.2663897138341,1
754.9868989156239,487.0798996289342,266.04992777203006,480.70566822306904,248.3693767786036,68.34966757455918,167.15207330553895,661.1947174760152,718.8245434706516,532.719718004647,414.8896958650389,930.325579085858,846.9713901331512,958.8548493446647,562.5539182610594,707.1109337313146,525.2854155422243,602.8297439373341,965.1057570239309,721.8260627946856,1
863.552397065494,111.47566753229532,402.26520425189426,195.8532422351178,108.04221705727291,170.7615646509033,268.1607429209836,480.13115171572497,440.29121459607046,89.1799884234098,939.1219069140902,649.6899351999897,79.71450491113374,411.0190495377921,410.2966382032079,832.8960308013609,156.1022122857263,943.1636482438464,622.507573151076,541.6120267020816,1
265.8079613028169,774.8012603850891,187.69694639167145,183.6429683401719,250.86352989449267,40.51521864672014,259.73766772047026,495.1062318944299,889.5383021129742,755.3709790684,671.1889891950116,156.32199440630944,804.5877190511355,212.46286398121472,923.5041624259397,138.247062175328,917.6667300062261,996.0991698104979,311.9673939881968,105.35231591521688,0
949.2055278218497,149.67506221121707,826.4624588218671,871.2684614567365,182.38974039169543,242.9533002866594,900.5409661553065,774.8651224726486,854.7795223686951,534.7364523663157,39.96174593538559,646.3750508174581,876.9638777785052,175.36231531707068,689.2823760638307,732.9978075182775,219.59349019402364,942.753659151691,660.4581133467792,967.0093552091298,0
748.3173904714183,214.8106765351242,506.09535737286836,1.1739920909393797,538.6857529045296,627.6499124270022,937.6732024190659,689.6637468851114,452.5039266828301,0.7428966513436386,434.20335149869317,635.3386958349075,370.7965642988097,928.5674149900962,869.1093047275948,781.9733580201431,43.19146081456226,963.9911014586294,161.27766823707478,165.14636555830185,0
276.647273260204,752.0014224726957,899.4156242562647,315.2126201161878,871.0306588667652,781.298428020366,203.8365462048579,299.4551268814848,194.02446454253476,888.6560539989914,28.87025552810496,253.22300828840272,679.8685942248957,833.2897159221706,550.371109486651,854.1871202987295,736.4453514951582,163.20712939345904,924.3009491033281,885.0450428404222,1
842.1568324845597,247.9524252342732,98.43023901145354,306.3184903415382,178.39925232874364,693.2855679537251,960.1764643465799,73.47739580484081,300.017423864274,908.3604663140318,756.8986660110172,176.73006722718998,226.19279330611332,727.7773433823704,794.8716337436883,494.11979313220354,375.353284266393,539.4174654477528,311.8936310248177,399.90842153996374,1
340.37220505151646,30.544923996490446,572.2877471840251,342.9332661511171,62.558797562481615,692.7372155694376,258.4579515061438,818.0214929106885,935.7261744174014,997.6224375137263,255.44534158432387,210.6100032555247,339.6726434627194,788.6362766670618,317.66374849460146,632.6763488138301,171.57827599863919,965.1172752665962,140.643108572301,348.58306079348944,0
926.6388332969591,520.0414801362758,470.71673126719827,551.4311991223971,132.5399562839773,191.3220164172983,420.1615701913192,806.8166214014027,781.2741698226282,792.0000151280244,978.2365425366271,626.9231749063172,131.05760068214377,167.47736457981753,645.490095586508,485.42150986117736,437.4937379613455,68.93861825517178,696.239694626635,156.96262450585553,1
877.7405717376746,500.9359927511371,872.7569971208422,507.742615285927,546.9979033276893,744.7033120705985,192.53879320663492,619.9329586094877,595.0472662813403,595.4451816528356,937.6506103004353,993.337304309054,883.9156566295337,476.9320047827533,458.72068853213875,441.27781348360793,764.2537028313814,199.127355367115,893.6524306990822,972.6292061738764,1
278.9892311336172,186.54244525631458,149.02408217546437,650.2810803370395,992.7132440925104,244.61569912872127,462.95737938890835,659.1914785719059,628.4027355787922,300.219411590942,460.62011765683775,870.7831273815024,305.87273078376234,291.5398272184143,429.87321424931156,12.727724385933392,371.1557651412486,388.5140792372951,390.23431615659155,164.36090796329884,1
151.82388882087028,880.8953306153132,152.77311343647838,974.241641037273,528.5388998136457,97.25063097204567,200.92807395474256,679.2364587811289,163.72457743504353,547.2969582926363,85.4173388467403,105.75764404646637,658.8321407637642,327.7713933456622,874.8935395495427,661.4889225512977,170.6460030455672,678.2211136322239,320.6868320766372,183.35142088191836,1
305.86427948720075,193.54276136505555,346.2924874653478,774.9726089676751,900.5520068873736,232.85997935485136,138.05399560133847,156.02656795286885,355.7825097841168,760.0249054888601,51.06168373856901,611.8807707524112,757.1746637309334,304.82269664807313,737.5046167431653,1.4050468924751147,522.3903024419795,777.0229190199849,318.92329466612404,761.0361230267002,0
126.81609644394587,430.6204666913731,397.75106279045013,378.1836758112254,885.4920410357792,910.4788612039857,253.60978952285373,932.041198398312,2.5810983609362292,556.0721167696096,732.7358625839452,99.79745864908651,211.45546676603587,15.866232089648769,801.2658269297372,471.0496373764107,840.9079601580122,313.87528340418004,815.5573884999712,124.57302645841106,1
931.9483661793739,263.9939646093169,92.07565042043552,50.025438769220386,189.38778304984206,868.0162858540087,714.8551045596082,724.558007656358,410.1887537504757,988.0205125891476,401.8961508079857,344.15147988985586,438.099251558994,199.70406799266226,337.18167075840455,503.42321940290793,515.6413266012263,938.7443489038069,252.68690169204234,611.3581762462882,0
565.4085846227399,682.232252078718,678.2264877048144,971.3518778956536,274.302502887541,62.33493670898649,924.1541577078093,132.19245348710308,898.716780486548,877.8063261441052,588.9857308125291,869.27633893401,385.15670860251316,97.45456059319667,595.0699658626386,89.22901271427541,854.4317373989736,265.5982226461575,792.1128298483972,527.9746172676436,1
286.58729151622464,72.69953167108689,202.16947075847213,493.5264792841472,184.51446706810125,867.8462814528631,628.2259699232094,532.6694128007038,954.7980605606706,965.8492463495968,322.1826415349143,384.9781909692157,881.6241685676296,261.4950808108225,326.3706773284635,253.12044431881654,427.2355810792494,935.2908702466227,208.3384468504197,641.8502738079633,0
33.638584648363,846.0908997540743,972.5793638302862,789.2993927275834,620.6481777384133,755.7068320657055,36.466846312002474,261.79254317317424,956.7923057684474,703.2186242667461,472.0990623174122,833.1953174742144,378.1846388297803,976.9823071032231,774.8048632499338,745.4557162416957,642.6207786749803,929.510574138961,955.3420479131055,811.8996402953234,0
120.21154947941004,999.3080898979993,610.6029778539977,890.001134976615,822.0314676438188,986.6125082330909,823.760790615794,795.0218108947922,882.1774887918045,932.0606959791431,945.2099301780643,700.5305750995348,843.4451756670002,967.5634148895737,532.485239535789,840.9674688701989,981.4320225790804,964.8692444089629,674.3603174867424,316.3841675970921,0
961.5588185433221,180.54760185221642,705.0228155624192,194.418610813067,318.8434118281056,469.96583833833824,968.5576254405341,623.6272673057872,998.392757227197,112.55438546501483,939.3882462365572,308.10612984496277,245.3070592972717,840.198653329819,140.14205500526776,647.0574291949237,978.0340243436773,658.2055115150894,157.52569649011295,432.6853262478978,1
998.3251893710767,231.01371283976724,550.131388833051,874.4706766098641,351.5580311844444,860.1118772122499,16.648279545144696,831.4658160828842,824.7308559388956,390.1499706897139,936.1336593361618,42.03459965165113,242.80210609419973,146.20870013230902,436.0195615528014,940.4357284406196,277.2249928602631,747.8240061811622,262.8553315772346,323.45826397708856,0
782.2385737548691,156.48188162310984,719.2354109379035,717.185289697031,2.258274226617507,30.00988994728404,700.6312770657183,494.19344630211503,0.05374987256900887,780.7163593222224,645.2200898251485,680.222712188445,692.9582483451696,301.04352027274615,978.7860558325262,616.5757434211117,812.195783090143,53.816231924941114,530.5189325590188,843.9489022160147,1
464.43628654920275,91.158898228906,921.1200778504013,495.37792664181643,939.0845874983836,242.18158925489553,208.82549231597946,122.6235893079518,573.695189317811,968.404909100085,282.6446770789951,997.4748299361764,434.86812351374124,79.27097295548158,570.7820237665204,895.9078187796337,29.277206896196283,563.1100655580404,987.8568724084871,370.62069327845506,0
730.3017287340733,174.7575110878903,267.3667211108427,102.99315820029608,209.10736935719743,596.9526477321264,111.49278639738026,969.2946179005285,260.8505304635248,184.5008104625887,309.720719753333,371.64624527094145,230.38514660133202,622.2092150892873,470.02613868918274,173.36823387189148,210.04741506532122,400.08293736674125,580.4502568327096,578.3513545430203,1
649.5086815543484,462.6986954180995,266.57801615864287,446.2613130211204,160.55324530662486,51.99215061143081,508.4615160396489,363.22004391801266,281.47226727429984,62.134970707931394,619.7796569620451,156.60687137543195,251.08118807732217,23.754724608736844,554.4017278719733,724.5945380647875,371.3536879469562,645.7536929746911,125.94824259818871,977.5383655702328,1
160.4067609908568,705.7833187430251,82.746351413858,72.61956927869362,738.6607491896898,495.33475601635257,58.273363131332026,555.8471105780403,384.9069892550523,897.3031838017549,380.8983996322065,387.1541255364217,174.51717525519294,858.6181803086741,514.0134344110965,724.6394643750798,908.6728091476351,989.9151697361139,173.0979476647817,368.45723153662635,0
429.73832639422085,529.5569431201525,297.40566187381455,394.2260295263159,108.7852699236035,922.1170548461555,22.17180607172631,698.6295019592849,969.8168510238543,127.90115034902504,827.413104095019,434.9361813999667,464.95138237703884,716.1968376841285,199.74077439247705,797.74758689255,649.770100283847,574.3559532541359,760.943782717044,661.2037737253969,1
892.3736843328969,896.7531711483188,560.3238115796394,18.060286158048665,73.39037744748944,449.58675468798083,44.476451702917366,882.8893009934865,590.1390887941589,164.74225376324048,599.7085939688573,694.1770362778468,692.8859063759813,823.6034020489394,975.999688788081,510.6358273903737,992.7304911482873,687.3882141489316,753.6025177436376,143.81140295824835,1
708.5621972693082,965.5750731307354,932.3652938071887,794.5225717936972,278.7665780152335,564.7868215423515,23.76020815732427,877.1362432791038,350.27458802353726,138.24173715321842,462.77500118980277,743.8974816852784,839.6667464812537,773.8138541494982,673.3777736426697,497.741361763757,12.72870268936388,593.0201112425565,463.4428874375639,666.1021307946613,1
885.8218204193771,355.54689203102055,108.56256421582422,278.4154656209649,432.84124841172155,857.3745185685453,760.8549547098926,569.7817296020526,237.03019737415676,11.187349320908368,260.2702570949951,184.0947515866722,676.6822660749824,543.9046554662167,595.3757776874721,720.5527793787265,859.5440543852793,550.9740392759376,82.24386753477175,763.1599616137432,1
30.639859317294736,425.5623443833055,34.7682423535779,588.3312898604454,62.267903661831326,292.49951431244347,983.1882290162556,984.3961176749139,244.3949260565451,530.5373811030605,867.1382098614619,91.777226951967,281.9788289563412,175.10834524116248,724.2128751757546,199.59932572872563,361.43569390365684,472.9937988788965,632.3815190451414,708.7873842317383,1
901.0937558965683,895.5396000092434,661.927266375007,286.21172623739966,274.4490975188769,55.63945261221859,381.45934446801954,163.6899073002708,745.6106299204166,343.2365125883995,437.2277155799562,65.873854893448,812.2792509627318,333.8018935535544,195.33403959705498,903.9965693465416,985.8603167208225,177.37028428711022,5.413811387814937,378.6866690642453,1
660.9668572539942,320.2201941638765,57.79154653746521,279.6942757345103,889.672660910861,53.869125031156486,952.4576983908338,242.698938386828,748.825228281791,999.4929140161087,800.1341111099232,422.3187082707148,115.72083507480113,174.58719651597065,248.37718854060708,946.8801836476664,994.9216215557549,54.700831505943846,188.9048059391899,662.1919776677966,1
226.74096353859298,605.3582288031666,603.4339824616071,222.6868748341837,182.6741188817781,747.3774266876832,590.524153083525,575.3290660651003,126.44949497782298,544.4658807120884,917.6543778342119,28.688086048519246,575.1956682175166,377.9764726310758,403.3913207449582,788.7265042376627,186.06090698762057,74.17754150313216,123.7780697813885,910.2248378090034,1
855.4749722522045,148.76463260710128,735.9956351838489,839.3871562970279,223.3582041591632,595.7748634499003,750.2868072348385,874.5160469346264,897.812488962001,998.7868371634656,817.3909179134596,659.970492095977,441.9341768700717,587.7665626579469,987.5946966171957,124.15254420411115,947.5357520080971,343.4973296176983,442.5660393414995,736.0746737286145,1
331.2176605076089,369.3599485123238,643.7420986120592,998.5681964772177,195.6935090450068,85.92348230903768,340.50505652125184,411.56769885601165,250.15326838750818,622.3156977779073,636.428524778308,612.9104345493316,968.9370797052956,521.2695335551741,959.4023329382335,83.41547230915714,359.62888289756313,851.220415940964,972.4587627871769,249.00399862572198,0
658.0185769043966,687.2793414156404,321.22657715337033,241.95487771079726,498.75078533081427,425.2126819466098,340.0480765828401,59.93739686549737,601.550360747842,132.74338652128327,585.2596107163567,418.6668564318787,273.6003277578286,196.67906402782555,192.84828381362905,642.0830097558353,327.92412147726316,345.20739637593243,579.050221520367,629.5113535356877,1
801.7442676604777,351.4582299467989,899.5237922556774,662.4552277118279,3.475315312028937,32.49517255594536,759.3519239781598,8.92486026737982,365.0572386614629,394.1440150696279,808.4465892013438,996.9038315637918,879.4410554775175,929.5257325565818,610.351063542362,58.078612018364176,724.9282075715109,260.6982554153817,301.7589484034073,349.64421584089655,1
308.224734279148,693.0821981787212,719.8442969050869,121.77037363993782,445.8142656285383,313.1267451319839,824.1877106697475,170.0864482400385,516.6220649147351,22.47009398870803,388.0221969569195,171.13554927332476,161.99245994422517,270.42211981230156,289.1822124895619,749.2547191749983,930.3570872763673,451.43869906378507,606.2056227450216,611.0309062437108,1
910.038723832001,29.592759359597267,325.0238800193307,544.2020491491782,479.4434037858287,522.9130757079216,469.736439134941,441.3097942079719,282.88675802275685,323.34782391198934,715.2968880520567,638.9500313502892,343.04814290792785,296.1884599108979,502.2257433197984,713.478603762752,173.84211676066374,441.95627261100225,443.6317122035097,321.29896996693907,1
615.9180884072514,653.4580277822308,777.923089429423,196.26253389508696,230.00451506881004,154.84986380627274,702.8833403691146,412.97582870611325,35.46878207194659,658.5153467950144,940.5169180308294,584.8321399897513,319.4509307111761,525.334079275563,159.4975761005063,849.5939137379062,97.50301798256655,447.1615445131859,179.4652493556439,833.9967219988529,1
115.81671310458962,319.07946684915566,133.26015891126553,999.7539973036398,180.46610231312178,41.18935215873554,826.7383120890936,174.75668427842172,464.33245991025274,122.5139779015334,926.5879898758129,903.6478194603817,814.7597952273343,896.9303846348901,466.6579618842097,523.0896285721689,743.1735960215171,860.0443133376127,584.8253174554068,98.86571180352777,1
69.20353734581852,126.5216979272068,360.27697225128986,973.0616608385238,769.3091796487158,795.5714747700575,913.8256700522132,10.390413562509359,326.75141952442453,109.00351627498218,637.8596834311065,284.69303726142624,102.82164814671968,807.092238051759,741.4447670755392,585.1189242294083,711.3963715875457,241.93052394628788,405.86944889411023,167.0932791209794,1
714.0973026502711,724.6088052413706,414.72951130837,335.4174050994292,24.5703005741883,921.7160641419341,219.78586172559955,45.899146406237264,331.63875046259795,172.32178146992572,726.0610691161874,56.000623194765176,907.3729944760071,62.83427697557076,745.2654773793287,970.1090335512346,632.3339921670685,307.62677855207323,296.745432052385,445.9135792234551,1
112.23767913024385,996.9971794512121,607.1999899927778,93.61277368701482,476.4175490816247,788.8815894198333,440.04817513757155,878.9884183383973,834.935795007673,653.0658247215828,750.617607397977,991.4098804624623,602.0025178753125,319.7329059621056,844.5067558449456,626.0205865916528,398.3132323963854,154.29226266476425,273.57307101562344,405.2863167937737,1
438.64185687848345,582.6695582614045,8.70567190823046,289.9315761660201,506.2318769375869,392.36428214765795,118.77240457507799,458.1287618817802,23.883539558398503,96.55973461987377,101.1059973101609,342.47668697699254,366.4852961902301,727.4698763685964,822.0867694283608,873.5202959442053,826.0732111683946,872.3560406967937,180.98793091153732,974.0632258759682,1
650.0427246622935,843.4033847962389,303.78811027795484,202.90579500646433,390.514895429519,492.29974583691103,890.3656172623676,430.63800738821755,196.11822600453544,270.81923650127857,280.9694202241776,586.5327599523215,439.02101739274116,706.6361845855702,682.5006462504424,595.9452822261613,785.4537632245207,312.3123458071694,188.30460237829672,699.1626296515334,1
194.14143167999143,25.29463261844722,551.9111213164982,776.5693579865166,622.1240928330109,202.56292311832624,275.6581666826725,321.6324414631192,842.9774983736954,841.4535550804021,965.8884351854222,645.0805417276612,606.9623612228118,339.42156664589317,770.8867122515314,349.7238187657977,466.3007365316637,797.0406750617598,964.1265901882547,119.78791708585068,0
817.4623258448531,724.8842907892343,868.9504083803754,290.0683640323048,21.653728045136987,130.9050842661098,795.7883839915976,589.4308661611991,206.21027794947665,607.2208932126944,876.9537599245267,468.80447230636014,12.02143165032432,251.34364003016407,48.29290825811483,977.6190205108804,703.8767352116367,688.1092719142313,416.59799066362166,618.8873270440997,0
622.1690828096364,980.5551879109782,672.2221038677334,206.17299317162409,964.4937009307531,55.68844693036712,725.9362626778959,530.6749949379276,676.8908217847542,102.25876347890129,213.77930274291367,330.46317190284924,907.2499852995296,5.482185730300015,277.88849221067755,698.8563674117647,175.0454201096363,530.7041218457623,696.6404972579596,783.9076460168192,1
823.805791435923,346.6446933031928,485.9945898464314,25.587237727406343,985.8250422195852,800.4735031530969,861.253104619486,841.3646149285913,731.7378288853599,906.5281321344154,790.8610041479302,283.8546675866145,902.286263998785,136.34557430923354,591.1952453279168,994.506121480173,613.6704935190786,70.46963363571324,641.6414999400375,928.0202847798299,1
39.186460765150976,761.4744428662688,508.27460323757725,964.462992328301,556.1867334633569,174.4616695019623,532.6210210019781,919.5284247942659,305.49450386010477,235.81878181573214,143.02381837183754,185.09644259680803,271.74770669389983,216.46195872191188,159.4833768874514,566.3301140745294,892.9995791743255,186.70545019334207,492.9726625672137,353.79570514507054,1
701.2184370326885,333.0585478116008,787.105011085639,830.7641416778572,887.3486606561875,531.9479396823085,104.0408353936767,528.7887017958003,659.6446783825422,400.12577133171555,588.4044398618448,850.3845477849266,561.5502922423854,739.9073093574392,63.46632409471942,514.7246070218833,17.293032030940903,300.48064725867687,981.0638718188746,843.9525108882411,1
786.6786791597423,860.4904716939517,404.99525332830746,501.55707138741167,101.22947381440727,277.0098268418906,492.997030470675,30.977464331586546,903.6097938957214,122.79001107927724,42.934193541642514,902.7178438415543,910.9155252229756,149.1257477694503,952.121372511568,440.84314385382885,739.8852554870194,215.00899748871205,382.86870617946255,723.9699895793028,1
669.2841805424365,316.62348725566716,972.422514045647,822.8914311804314,163.3309564871065,111.12008746148727,521.4107336296372,351.0968529046796,340.4532117088542,436.05147928356416,79.1520222168729,269.6438537784356,386.5271376010503,390.91547964702966,815.80667016314,702.0002985505841,355.2292900414196,346.4197004005677,948.6362404103282,580.1079712084133,1
459.57578738681303,447.5952982128267,520.9986121154461,841.5593231694303,523.9387267117683,499.7917399530262,499.20869103877044,417.6684412950181,401.86369225046246,59.95765750340698,311.1981886954329,183.04009059718496,412.89558789559754,371.53034978191823,514.0183597663205,826.0673170036945,672.7978357117953,38.85693174950744,70.41831910161889,986.6261382120861,1
675.0508690211465,483.8900903288567,357.0781733792412,982.9011666515171,355.7344161358205,797.2202550636388,278.4620474139843,580.8689217385643,810.6660343021025,537.1538978251986,473.0957983893015,528.4912210996782,102.39445140193904,806.4779112659459,712.698170074938,948.8693459236804,786.5842288508096,221.41286292167106,189.91439150356172,114.88041063317223,1
291.7036143620959,3.462742387589146,589.0329789447591,360.15662654384596,143.30793603033086,909.9144889246669,197.0665325471107,457.18046360121855,844.9585241180665,986.5628376632486,714.5581098425482,87.94730698968844,956.5531747272349,982.7242954102998,826.0858607341668,917.9327581457868,895.621759226029,487.0497903535198,435.4688172213566,242.22385747996867,0
305.5361939150293,439.6499647782055,652.8382602058725,892.895726264727,889.6355583929941,99.33428781956344,540.6444759862728,686.5848928759096,415.35393145147816,939.818360221699,392.96101172112384,572.0457070146813,353.9317512852127,923.3938899571091,14.704548821486974,80.43743233836432,226.84978601551552,334.896323724265,28.41376484871705,63.65464674692334,1
524.8810636056319,676.9808013111766,735.2182376138736,463.3823971392509,353.0009150189972,611.7787366663166,680.1941293789814,112.69018041716727,882.0529366655737,148.08270838012572,973.478268488828,340.9642729687581,966.2846801580336,981.1147632731498,110.91721259896958,776.977597950807,522.2043101350553,713.6235732031085,237.75386706586488,988.9665257616925,1
110.90211832496965,695.6409638399296,173.8191670439727,901.9778285602421,256.9444436875694,791.0994940643067,500.32030530978165,21.662316569567075,546.4288548732858,791.7961107092857,243.58167248421236,940.7209227520041,835.4477244623483,438.14637338918914,40.299509098629,366.1132244964563,829.003948569857,677.8475067493036,210.97820260871626,817.76584264998,0
976.5486262943847,461.9678059171958,26.556522013714947,820.6464118437422,658.1851145510467,12.982364508478339,259.15493502025157,241.15297028158378,611.2749027515051,929.1779015767552,338.3097446961536,945.7737356309086,309.6074723279818,631.4877487927696,83.63612122399955,269.1571065864544,562.9771238498137,329.4287465771322,168.3553828355735,279.72801889363564,1
680.2626025061338,764.742249095045,636.6040624580138,230.65517968129902,389.98569060790567,465.79621895840717,708.0870814089247,201.58429903521434,180.02353775719138,77.68999211215466,599.6577967357931,695.9576000343077,795.1077671141556,793.6176789241391,577.9668336704806,193.8724503035636,924.1239876361282,431.44530531814297,876.48430368226,410.0344750987187,1
780.1044284110857,7.862802520950063,280.4420935215776,664.5177245137261,626.8341938540478,302.6715828469299,191.9788520596266,942.7014786332934,225.45676477433096,191.2818666755025,20.37380536769429,959.2638436956306,820.9001081436669,982.6237381753616,583.1052938549899,323.75250854100966,566.8445304116198,143.92309418328898,983.5920651891025,92.34832712637386,1
790.0830808642435,773.0169950065808,105.59508611353775,587.3619492421216,542.1071224183552,64.90833569575105,167.25361513786763,98.88176543884741,282.20363240884285,748.8306360297619,794.3334121850706,81.56991691406812,514.8651844724126,821.7070205848835,960.6744706101432,880.1840454178648,550.5959517475683,151.2582106089,705.8177289248287,394.38262794438293,1
139.33752550033284,474.1536636754554,724.4485196193494,363.4642123371592,371.2963618991478,948.6939333226658,295.74941096238916,77.56123160178296,805.6243650948865,637.8253424032506,325.8462336763549,123.64660738573718,480.0454414505554,693.2347240833226,659.9751957236908,805.2242872285973,131.59939993246107,633.0906638073058,491.66329163923774,211.06456512429907,0
275.1741333643767,747.3449479853716,221.99603355840637,663.0750193786945,378.3834764686481,77.73845862994256,862.9177498041869,137.67879701372587,831.919970786493,268.1319062070836,201.8308765121215,235.31322686529944,899.0236950541813,604.8614500233468,885.1204243452605,190.90047776867593,10.850902530117335,164.87006360072044,958.6823964276189,211.00139695300413,1
172.1560116213552,685.3205452540778,618.1528482092933,879.3183151046632,38.104376824214526,893.081184094382,884.0864572672003,26.29113621259316,671.2975030578094,198.67934758968752,634.9471204032752,601.0403893581554,479.6686719986567,332.71995218996085,924.57148207544,78.92388045948273,111.74345441903377,870.328785168414,818.7802477041809,940.9303140820958,0
446.78285643456127,758.0877384632965,698.5466402360003,873.4443522120743,598.7052206422187,953.156215503486,311.8083837171488,991.7505824682194,55.52328091052738,364.18996903922454,423.71446942818335,699.3060355955141,241.2597587671015,286.79249414000986,387.0639666273551,589.572446735594,416.7649903291678,460.03099274472225,274.1345958236243,450.1218447379012,1
136.30167422173878,787.8013517261656,518.7439976114304,959.9998589515939,810.437105873091,195.56599137217324,405.72690025356627,583.858526618155,63.16609745187862,119.11348708219205,73.4536763635314,859.9353578767975,969.8509336840051,816.6183087129501,643.1045037631485,84.93262507076027,672.4693249581807,565.3770706731241,258.32254401234377,444.2019463917619,1
347.53297408678463,637.341005491822,420.5114019113243,270.7957127094747,129.17815269399492,45.77239670351396,454.77770168022914,936.9501035050848,578.3867264022864,11.651668945591664,27.191605045412516,992.4691764396593,85.98859100545863,163.38229607537758,406.1981567802415,266.12622634810026,382.93819210151923,472.00914847203325,456.9475285897158,20.57504758606077,1
980.9238627852612,926.6329148360803,388.79202877850526,496.840077663968,64.17828490149013,15.217123600845927,287.57250929911936,9.493640627246446,332.15325366266535,585.7134458413774,924.4842140907135,807.6166836900793,32.655005559679815,853.8096636859545,9.994640289173518,613.9743647937141,321.98027410364494,295.9628104474412,433.606393869844,968.6588498124286,1
213.29261435247793,130.3304566186092,571.4874658291425,47.052898184137824,133.68749335273455,934.7194167096277,175.24904322580082,624.0770380647768,146.16130282822326,123.34054359703795,523.9653933967534,185.56833329734258,94.82959393072166,784.6631550287592,880.8404106258008,166.79983191761005,477.63297910017974,344.20442806799576,886.5566536262849,262.31472510081556,1
849.5638541017405,119.47827562056979,871.0106060743791,186.63392628587928,637.2556153504842,987.6893058428286,217.43336781471123,958.4268721558603,240.12293433302423,294.24396283809074,781.8241597419785,806.1643032325441,950.0454748057653,415.17948637705706,766.919374676857,560.4523692335413,216.38523441514357,958.506036759761,202.3335424312186,205.58357150217233,0
728.9242677718722,128.94087585361814,5.6450863068712165,158.8802064656596,752.2427973717828,692.8051902769492,148.9478506584282,385.597895691995,792.0386659865212,278.68236399264714,102.89277991682188,917.094974266942,577.5500122149763,208.3666854800652,593.5124687962591,38.66398027884854,528.2910590601468,94.14449204580855,37.494538074973384,81.48751134425092,1
684.6211647447934,769.2227948441792,863.9681047401909,281.17211128498707,666.9093747791998,69.13867385914918,577.6493960343732,743.5341972160875,6.429459221003908,212.06224037219778,139.66341657564885,859.9069628586196,602.3544605562657,844.1047878987221,426.29716256038563,442.08229069055085,563.569160002428,296.2224778492617,535.8135068832327,568.6227251353426,1
541.8026006789589,767.6917633602033,282.0586703337816,9.17623110800303,196.27715744235397,758.0775127124366,506.8016869506591,49.6256635848219,669.1925725671267,981.6900093405778,99.37779422707682,833.8418284487759,980.0077403857908,271.1981465447004,833.3943821818528,40.80894232615828,911.6219273383955,668.3787752064281,557.6689733258436,914.5739514078795,0
387.46767650433435,31.884976636850194,710.0624236648467,572.82789493011,130.16949709455184,820.066404707787,28.787810591405673,442.8775903059451,408.2376192390028,183.6303985151111,120.62822337497714,80.80323150075152,293.7190595924433,917.5270278263981,424.33765770831553,812.4437859680593,986.5328832326672,379.66436160629235,300.6331658891639,109.84866354736056,1
239.2387038321079,295.7540055064463,810.0109813400501,80.96793934923274,54.95261046083966,918.905387994392,248.84654492179348,693.850047045844,590.7688842460267,349.94627683583855,687.9830053162519,395.49918379447803,418.92511779986853,224.96919426570693,76.38101533260111,64.12857257699567,433.6758440171742,919.8624293822053,703.2080757057433,671.721479142173,0
877.0442795504192,422.50582887335685,485.9059615030492,351.82794961203314,366.0603908545386,534.2892164877887,192.98311407272627,361.1340287651573,135.97612444479347,71.53922626181675,383.3207696507388,757.9605287188971,132.42111993420437,188.44465494617657,933.9848859052272,818.0827217387081,187.65822104103057,570.9003757752124,760.0471183208733,861.5764078850839,1
535.1443678918243,766.2807167905592,627.9677985893567,676.1419765178754,412.26922602245577,627.3420700769027,61.992646191452614,938.3013832910497,381.15707819185195,332.84285178350194,276.57156362266056,955.516774356785,903.2906838158012,905.9760929644258,384.74934870920794,748.1786668172791,806.0267311968154,621.8504818813375,5.944690495543581,486.7168957978801,1
834.1320408457565,956.4280080361508,691.1982062615544,502.8771699583282,286.1943845931643,103.12237267589298,873.7142144553945,481.6622985902503,121.52523485252009,966.6647798303399,948.0781596169069,832.094951624407,716.7675086262315,825.3757439714957,803.6355553597415,951.6676816969348,855.7747646491608,771.3434527616946,482.42950022381524,76.88389904621195,0
107.71417048259724,386.39731801910517,375.85758811326076,565.6070031537286,349.51295311246986,70.74505957730382,522.84285829993,142.18507473487807,222.8132336058224,28.33898067820384,936.6203804280972,904.4294658225193,188.3144971219023,950.4695310518608,670.9031195120513,395.6518560508473,650.1012114237593,491.50290101160897,261.34547311380254,441.37124135352,1
613.8565925149575,818.2393118964442,384.04984455977365,34.77668556007663,950.6503732075905,306.3659273351953,735.4575063680246,388.72598449056306,219.96508630455313,331.698635175691,685.2973435427125,509.9976056338271,72.80479068155599,567.4445513699233,398.23619439801183,602.0129324162559,559.6577864653884,727.3415392429087,451.0966370547759,841.2391778175249,1
478.2799803633654,202.6693246068596,270.2236758589086,563.2343349278475,521.6885440940192,916.9359097603997,601.8247780161635,289.30902872377806,71.8328336560995,225.2958334227453,573.1675202203021,82.93010127828326,239.7019642720547,284.6188733153134,598.9845006223155,973.6822515921727,173.02482428170617,784.1333099622758,101.9392680010136,54.49479176071892,1
444.51993204141746,948.4592508876464,258.097369026141,914.7405355663197,212.0449390815663,562.8263867818372,661.4679898717027,780.5863780855423,520.1588090729997,447.23768696582357,896.3123080529825,327.94495770896225,255.08926068568482,950.7573747785401,962.7213978300438,192.9653553821683,492.0151003345804,428.01722509677086,709.4832183979448,22.841349464474582,1
865.7810418701949,264.6897701150096,556.277798705287,793.715703960641,845.9186300528766,920.8422844261463,129.84958233877376,159.25018365621213,623.6001903817183,15.15918275383299,667.3127523323287,483.4177415076336,426.3243186144311,445.96949167975873,468.5824755251583,651.340768988077,275.93677308483535,237.76786556131412,422.02712440837877,930.2475722191944,1
484.2304759026679,506.79919150522676,641.3777733061611,933.1437897933148,696.6402628951236,721.8405503619564,142.18479252917206,14.678249924309995,39.42748279487729,319.9457228351017,855.6976319310517,297.0353511031879,178.88338635575275,450.3978120812479,467.5189618193905,692.0475573105939,352.30831529378173,37.28599959150636,252.5386656019928,932.17309785476,1
141.96451577129076,724.5573581144037,65.92961188220958,832.9214264058725,447.88411216009604,974.2252511958424,76.05603926066884,477.00726178039076,566.4200772641342,589.3370766102021,745.1462103946915,735.5838823220007,326.4648811658336,660.5151313292233,645.6483683732298,970.5772515568448,259.49128797694533,522.3847679863626,163.21130514532035,449.0686142122242,1
696.9276286565299,541.8003721459543,617.2038697665205,216.6933619544421,638.4227687568679,704.4777863019996,173.083006037852,616.3332996378979,7.929948889961236,538.9830236721385,186.36784322173295,804.8439536525196,179.37848540128542,601.2496955531492,864.2360027086593,683.1417235352322,263.03086313883307,367.7617903375323,47.51363821351995,986.899386756389,1
651.5468672063544,875.0245506649707,582.083441444241,117.2618463890267,345.33475387713463,776.7062666603814,906.8258539384204,388.2524113979615,154.100607394161,676.0283955951232,724.8664549022393,938.4586653261346,522.1140059764097,407.8824162049136,450.76169457006654,521.8992949795503,999.0165148623319,264.85150288782575,120.41156407659382,452.7321627328657,1
108.21408364270135,322.11759747632385,397.3589835710584,96.99051241073609,593.0897830734824,83.49673279095371,547.4399192140913,504.09525698827173,270.03507226316935,959.9735021920586,591.8512472715082,889.0950456689228,952.6135882152755,841.6248280001379,196.82687258880372,385.1689899779904,927.121621493886,256.01903619502366,976.1905602265529,169.93097816112956,1
53.89239619692354,668.8450384420855,757.5945268748147,755.7656353101979,751.8908108787429,674.0822405825185,787.9594534302626,634.713713625359,620.3426582034969,952.5940916212415,399.4969817415886,579.3928773362534,242.4469549597199,155.52640184235057,47.25499202795858,32.65552794178994,668.2601302726448,604.1343136276284,120.11061874723661,96.23303316041476,0
336.6507894321924,641.5535062911091,723.4479909114812,810.2323649414502,779.7095707949702,280.41370246346395,213.31367662616807,65.75771290065269,740.886929250821,787.8688727562524,590.2179537149157,579.357532118112,393.85743960263034,714.1501838480515,89.63012626407662,895.9954395591727,110.66868389026374,90.78648455137761,587.792111028176,832.1546484851448,1
443.5518818893359,129.12363646905234,804.2161469087146,92.00471062999527,35.144278404343424,63.61134956270731,694.4104292819156,909.1716769799756,768.3273340552619,321.405428892533,703.3507728938389,424.79099782136933,775.4820193238636,552.4542910654808,666.6974659430377,59.140152606313336,643.5334677579741,652.183015803448,767.6844332604485,311.4191354098159,1
753.215888043597,945.8743994521777,833.0280673280065,271.8389630517346,211.04426193876503,496.6820767869236,995.1430902526208,609.7300833586585,647.5745895548855,344.378392867477,316.3645573585443,768.2061347788166,506.7613644020823,128.1222095256601,538.0514755619963,388.2046524587248,930.8490190111604,638.1902983500722,807.0281402787557,192.4460324799502,0
723.3670308982436,950.9787735177108,400.9793132715524,835.0159368863629,998.2173997957016,55.76531730118439,903.3793141555221,944.4611315308828,639.497000568228,553.2625532822516,372.57087628922835,153.90798036716257,436.49871083728243,996.5415301168493,289.5582949779296,311.2390523634828,34.4817018930772,956.2947955818221,17.44419256272667,239.9221022894833,0
529.1305217370946,759.4915185936152,635.578778789829,804.0542174888677,403.1511379650717,351.6565088388186,562.3146208626373,131.96669360640666,669.836334285716,983.06558786211,563.8203220932428,156.10888333829487,586.1092048279863,205.7205534635609,276.50926352640016,447.8180597909106,98.44109364594111,357.0203761447225,69.98330309210421,232.52969986208848,1
708.4508359678123,295.88380149761684,535.1113476983545,843.7375428532106,536.8450944389627,675.294104343846,120.45351696160778,664.8435779380686,417.9470218646296,935.3116611568628,609.0251435625246,601.8264541248644,678.710120844375,48.339895900845086,930.6133988111652,511.02820416224495,362.6462127226223,149.08006539332908,699.0533719259347,201.54254857174948,1
421.66038255750294,816.4454962012467,69.14249696239028,488.81805443186255,916.5329277408017,301.50821854933065,742.239259200257,553.723480856322,71.56738937592888,366.52225699563337,733.8456796422322,352.41179899332906,706.4575976139935,663.569271670499,207.78299930927392,651.31365209523,832.9245497893852,628.1333257964654,513.1628750673259,658.0392818368366,1
223.37350624728748,324.347171906858,482.60448939962487,387.64949244390954,172.3706759341448,505.3565619129437,495.5881538076521,399.9830389710184,420.5116538325674,341.34721698414796,937.2129005334172,639.7188043149457,178.75430182940656,968.7484265602875,980.5563684616031,348.2814719694797,416.4892144160782,173.9051677466801,979.0694263243286,928.6184290248849,1
831.3783852890721,914.9794518819878,628.0204718903491,471.6836616789857,532.0987762288605,320.31835007806484,344.2862237103783,855.6743147798671,639.8226885949136,426.30545960518174,714.4739755742361,3.2669428279142876,297.996340151393,493.75938606308125,146.9696804520697,310.26392206193407,469.3110801036041,574.2022933612664,439.7370508156668,239.8016632620078,1
657.5723437535501,3.6848766973703873,615.7521852320884,385.1059218805949,424.0710585528217,674.0052135034052,75.66447075217076,186.84912163222012,815.2147127818585,756.1937774708745,693.3896840573987,314.76045298211864,466.01184424023387,577.6507852693207,429.9733994031386,158.61515293976092,660.0586337127498,669.3134060616684,136.52160798425817,165.22600196147474,0
34.77889958430702,751.3381603372343,917.367266513106,67.33628765494882,350.6914800725564,290.2553355340135,733.4861812320605,76.31237577561667,946.7707411533424,435.891523201222,866.4509569198511,363.26933808302897,410.0434322633865,409.9947878133824,755.9600566409462,303.7377377152679,494.6891552374166,903.7093370005075,304.47586848347487,134.61857443487148,0
781.1372071967589,389.60176787455134,632.9649367516058,158.0030126544929,376.82598711876767,795.3116371016645,805.5267594866276,973.2629218630199,638.7033302454004,250.8761457788482,271.06959707139856,724.425098728912,332.1471366296712,634.1545882452402,330.82627485008953,943.551962394674,919.6207945438207,840.2882155197389,45.518354169098664,372.948639655476,0
955.222257294238,212.90042888653682,334.1387941700492,380.25941093582503,72.77448112238905,980.1121743489919,575.1845444194856,123.37808843276198,587.8057691161406,719.6483384295834,333.8348423748427,412.0282289817374,726.4533317208808,937.5667816132658,47.0078804804539,600.6296282840448,280.24362790521184,147.0022777819897,270.0714028703166,679.011079017492,1
94.9242482153062,775.8404930090771,512.5955046013989,184.37953992334033,389.53980955076383,140.728722043312,848.9294350566398,38.827824987577195,748.3489195757767,491.13880245375464,129.1273616097429,259.35249712258656,422.73623890114897,758.3251367327344,404.02993540557605,458.57947440306634,538.2311537789685,824.7419420371061,988.4629515106351,931.7720064451838,0
767.2762041827673,614.6298453168271,57.41434580717786,87.84558008581256,126.67166788814022,15.699395769639303,291.3808567496614,629.5177602640974,343.7332720663453,565.1746101139686,434.8632417189151,90.46605866367008,640.2896796543391,672.8433142656064,682.935544812743,743.5645826707422,740.2358258232205,87.28887139583163,150.45198485821342,622.583173399934,1
998.07334709304,7.186712485039326,854.3982944583714,677.3790660109644,339.4305060779472,866.1220831920532,353.0650798900189,785.5450456720303,829.1989715650226,694.3306359183323,313.7440148918358,228.79789719418542,893.6313504398145,564.9872745377974,229.30878245969853,429.1886463554243,4.033859642428084,277.5757737952059,642.089244820572,904.783043324646,1
169.05849180806288,225.88419883281762,433.95093658497086,851.661571260081,960.8754744812455,681.144370863232,66.25123373402342,796.1244367793804,142.36117250690262,178.92306686086212,42.295175468887166,952.0504304673517,286.2077901510259,293.6889970080395,710.8947562602767,376.2765088958032,189.34362415017893,373.64663973933364,453.74810228512155,117.20276403749108,1
277.53571669927936,546.6227865927486,941.0071438224389,703.3798334341627,815.4015660348126,380.43678181910434,575.1671785912101,391.75304329929804,213.06911647937397,757.4339065092873,197.07324718059505,891.6282547077299,127.37189460695075,872.5382666032174,363.3731970720405,492.51478714980135,306.3064782918883,691.7570819476714,251.51213177673816,920.7484400876244,0
488.27994000692456,661.2304772392246,655.1890836045745,227.083208457033,1.485385554765517,258.0301626797635,278.16529739478324,328.17539898935524,400.33178513238335,184.5827133441539,732.405856146762,769.7057407318497,114.32577644312147,739.7345040920077,403.1126850231976,728.0165655312836,279.1450927073439,696.015588189302,254.39243717562854,689.2369262925306,1
14.571089074366327,433.77905828549103,121.49667423429678,368.5513480880173,430.10070387368137,312.70439735881706,905.992448873849,733.1148216200376,838.868756151897,933.5823884637846,860.7095752677182,143.59670321866037,120.80370020895492,19.697348901022814,34.83003562409803,327.5499152475488,778.7097224866832,592.7788379460353,766.737122019877,455.558597073481,0
596.8263201486131,998.5066515915657,482.0682851002923,860.0080471166132,125.10247221352266,695.9056967703675,400.78083607904244,271.55533526886546,878.2429569983352,683.7530558266458,440.59865698742493,879.9185520283779,211.4064781714109,965.8628109636878,649.1700289486226,427.6554304637168,139.84651583000053,470.2607164005609,991.5364416617975,818.3041943368959,1
401.2680138623738,190.16034462413543,587.8428144160625,650.4959330310505,842.9761739279447,910.4422565094666,703.0595672301096,562.6457277674092,634.6255542638361,737.0327131155425,471.1656455785814,50.59979421302141,208.29341205519802,838.0768480254552,786.4081123632046,287.68526577603205,392.25818731519246,589.3709773477171,189.0265864887527,551.2094525570781,0
718.2085283312464,762.0751129426155,630.2779166697743,997.9126808262662,808.9522410853231,646.5318789521433,492.24897663737346,696.1493351213295,854.8636954064937,806.6121933010835,807.6096709564437,986.8391598155266,549.9990888072253,120.39851781881205,631.6510202924927,85.84125985142477,469.47157831161525,836.065843008944,898.3563679094084,567.1874719501724,0
669.1668676657268,635.602654767341,686.8143286251011,153.47213100280788,344.1098345142055,540.0399935967687,670.9358601926521,750.3677938088042,948.9103100778972,69.64832276022182,486.4359815421915,569.4534923520825,317.9300725380758,943.4190406870667,33.49661274438021,11.000177948139234,711.2724232026441,866.171573717222,781.1051478202226,228.6381712612231,0
162.65413344510293,103.44324796714533,724.22602040412,475.3265033253731,375.59955832559075,482.2038304910281,221.9870262240593,150.65671981702522,131.50537856116296,470.9586365299785,982.9695145229371,404.5857685783632,386.7886456634923,746.7107540742182,395.9926943634263,815.6839823135849,452.06536727261073,39.698224331560894,711.7556314200946,966.9793486416138,1
187.78222453802772,279.72406356568746,740.8357110466158,254.0559890594525,300.75224260544917,534.6359403490723,73.40778027567852,956.3735105668508,93.16175648346258,50.53278985369658,702.0469913871593,341.8563541411076,565.0351897538053,939.003748610032,54.67334919330169,382.3619762723037,351.1686028626539,447.7424541823246,193.67781427001418,758.3104201021608,1
502.17149815781005,93.48650971435768,533.4414393424241,795.401461838749,343.31399775538716,122.89239140014563,183.67760955672628,544.3895948206394,33.447955134505825,442.3934584605176,622.4246073939099,752.081629210583,255.00725012210722,713.0607469702883,25.37229851518319,758.9372908871773,490.6524552665878,605.4685672858478,502.20699381105874,980.9271822297231,1
946.8390494468716,635.1107473574891,534.2701628396587,840.1451907901508,987.1921471895984,911.2624340754156,677.9991541819801,20.645911092060153,510.1628135928831,333.93798087829794,614.8757231922223,411.8498021383552,818.0242599862316,30.91372814847537,298.5068918293127,959.5949728143315,240.40788457602514,4.507403337643101,100.8473168092785,948.7074815578588,1
738.422021050159,257.57884103832276,395.5874142738203,757.4127046214011,686.4830674724717,8.420249160171478,4.675461336721587,544.8432844344566,54.921520361634336,60.08560304038091,581.7034314884979,750.5059889759748,97.18029315985987,443.9310940450004,547.5459563771507,222.12981303653058,673.9390586079444,44.21481813483985,593.3265672050935,475.369589493006,1
948.2796229981993,181.7553488170174,25.21344871954978,537.6833030564981,43.964652218199895,442.2390114510132,267.7422132621792,6.935571575592769,735.063555854171,828.1118722497397,705.842969342435,158.66548386815094,810.6209306145912,18.518889769398193,355.63208698701175,66.09968074232387,2.3341754953219995,242.8133507497867,572.1891912245543,805.4914322907168,1
191.54922962172716,572.0213789984842,809.2788249964876,150.66106713320605,189.42211711503808,930.3448734407159,560.756396111224,131.15789299813386,278.0313399610431,410.01585324650847,955.9425923314392,791.0010532283618,713.28535987607,605.6041438542586,307.36671540681505,459.7853388811166,308.6664560046283,35.45726365614821,226.89185154667368,214.4643974215209,1
178.11725458064066,696.0717686094752,541.1582751097244,433.2254045037287,121.76574481349999,574.165827814356,845.7039219917262,228.06368930775068,998.316465678205,66.58166398438713,952.9258736266278,520.4759244877224,347.61731328385105,908.2071315300896,62.3177866003286,675.5891346146389,49.78096058374726,858.7193225887354,485.87557955478854,271.9020612674069,0
888.7696887949708,935.0960568526381,909.9904888102188,140.43061253722945,118.62191766278207,596.9244315302564,352.71378174684867,556.7736234898507,972.9821771247447,939.0394254955784,159.87407308715063,260.90922609713886,337.47362004821036,226.38675204368408,214.14062900679565,370.7673556858806,492.6910015763254,835.7550656258933,586.1671074383613,465.84798508140847,0
531.4058292694114,204.72741525937423,937.0625435484241,362.2808053055778,149.8615708739196,978.4001987427849,960.6864188508339,529.0513581748108,165.48969181098516,866.0668460708639,766.7345145633876,985.9914894336237,520.1349089851844,515.4134436392733,969.8117616240382,253.10810815557406,176.3177541283283,302.67384488975324,585.5290132756879,200.37241487605263,1
964.7652644506504,799.5442370636695,861.2715138194183,932.0198220753871,200.46662288876837,577.2303724587024,317.1531377714224,816.9839602805938,927.3563212082032,182.80898936806477,112.54414744990603,368.8775718895139,462.1782738802818,101.11487393798468,759.5170740877479,201.58236055527112,13.89616620002343,404.06176461023233,390.26405042961034,807.4321602121701,1
682.8090632929086,626.6832987104196,538.3975149611817,460.3245387769986,344.04031711320806,56.07823663254208,157.82970930161667,600.5814560773579,442.0289008078604,918.1826638697319,257.5659275771864,772.2579298779494,120.6359084074401,925.6581021926938,904.3907528412137,41.348051042972564,690.2896651447675,674.334812190666,136.72900404069287,303.6619414029541,0
981.561440519514,832.8352498397711,550.7802902322671,50.10230327737008,597.4025418642793,486.4564418271363,192.00286300900837,937.1252576313171,580.3010525319697,556.1706595616009,978.6715458147124,372.7518116530565,577.5088511199481,878.4668005567386,615.724985417481,437.9963986380999,0.3492301417813426,653.4838970565165,987.1508855621042,438.97403096801315,0
643.8426270687714,774.8472144053029,873.5866385784759,581.2627500736946,697.6608218571411,933.799606084981,821.6270483187528,979.5669915061972,50.221058016136745,602.8143187349859,546.780457949096,92.52165400199131,176.1497707944022,9.898555915415441,560.9728458472723,78.12308401060896,732.1771164300314,142.3777042475687,117.87863680045629,969.1764119110912,1
241.36820683303927,44.59725209546805,696.7764220332161,919.4388822946886,166.44046243051434,312.41855721454095,663.7176468137044,590.1544049434784,836.3306824774661,276.03110979701427,863.5421636370579,388.46665523737147,770.3101527454088,150.36608800550377,101.58780436404757,343.46876404753215,740.5771026920033,775.959663621305,995.2449853154513,426.2844710931547,1
648.3233483362227,644.7235995769875,230.08100282227795,684.5990155577239,51.00135680748386,538.1075290458165,363.1784233590871,713.8297921061804,133.24958918255524,824.7617757846836,801.7168941125447,655.670718949602,501.92256753331367,633.3307747831486,568.0008340867763,535.8613718149224,850.5466182267977,795.467123476464,578.1771792371328,361.58355612600235,0
561.9947499409055,264.7771920983971,604.1015545989286,573.7684973197751,548.2261639309756,186.90755178770812,960.7191843358526,477.0834842917283,743.4785264266065,892.4549769928241,731.8775031518029,177.37165295949586,472.40358269481953,890.9205113858987,8.801563682059864,293.81064366130425,444.5984410628118,842.3100972695865,363.80434198257484,167.84792060371268,0
566.1139400126933,575.878967866328,999.1280503073818,828.8618019569948,260.6806200597185,345.0995662403947,88.4500050319369,862.7102455377179,269.68948478563584,877.4428248700103,815.7694389688219,709.6240350340589,438.2061581726784,446.08606419907227,8.092874714291431,404.6401552681752,486.00465652712097,539.1787343389336,860.6511055749477,346.09250363614194,0
524.1015939250192,276.3519712187066,89.58357771215897,543.5571090891234,309.23516141372255,4.797013908557468,329.5258068163772,721.3215871209879,992.7849691789941,264.610235396186,249.84317037626502,342.8387673837663,920.9141210422072,680.8924388138552,831.1347726787995,313.6972931091653,362.0231638058484,471.22320047585345,576.8976915648383,706.4263092715116,1
207.41494568922514,515.7954315682358,517.1298480495618,310.72465158360905,328.89196904763776,874.1179162144679,985.264946780379,941.1038145421242,35.56358970902662,343.3316852116245,450.94118095459976,320.48090996999844,98.80142872625875,894.497843965359,529.4510256138035,351.1968082192327,673.9117831074874,506.3407131171485,367.02446290637005,680.992378368,1
38.11329936153041,452.6276020062785,197.31121683230347,338.78114964189433,199.17495506563853,647.5424491848432,802.4742954793805,225.42452680557224,633.213433616004,102.61508733485991,346.1232973736945,777.0963325124915,373.14274831664517,632.7568344399352,557.0572782176281,587.2650122668391,276.5935171666993,54.298112004364405,693.5826156751214,833.0878961703099,1
490.8570504431642,362.217369122647,722.3572840073111,428.95101375184095,676.0593717671265,607.2351041356652,380.10874413997,977.0222741175132,300.4063284026636,238.0383428240589,218.16985058237282,506.23393474094803,185.8164424773534,933.0956083634167,956.7680133343893,188.62573016017836,567.0164170409533,568.0074493507476,376.57727658777986,970.6366800442003,1
380.6781088515333,326.153378692786,312.10861189229047,355.183675010153,349.6360605719132,548.6382400369723,752.2922171409236,263.6498384664898,851.892439976485,456.67414209739286,302.7773959205374,938.6998763691539,319.6532369673655,218.54633136544777,816.3181444420718,622.6609669797122,888.9975142960822,53.842663311831295,384.8816723395706,32.25139690935652,1
425.252820408315,224.83040560138411,371.8100375938185,799.7527991690089,192.96885269109697,811.1162315796905,47.76560963174836,339.8908173172005,162.98828669622955,962.0936321278003,989.1251073462346,857.7522112148195,760.9314807617432,377.9445720340362,118.41494102835814,280.7743589821674,926.3783012663135,64.1027433998681,719.6678865218377,288.4044444367152,1
231.22084561046918,511.7890889179485,564.517877678676,935.0612650137972,486.133753168448,177.38949519276414,182.22291683081582,509.21300667763336,911.9788978639879,172.8573770688503,63.913609515646506,790.4060100962147,277.1156551944426,135.30087945979463,786.6100538554897,565.7194506814106,362.733088742389,617.452244568275,256.23700950548346,925.7103007051332,1
768.0269616297389,238.66374746698636,639.186294353503,372.4815726592449,810.3098109476267,417.3515817169021,356.0416526790372,152.34041724265722,811.6395662966038,990.9488486625324,323.1654296304408,215.71421075440688,882.605433825951,229.82993876647262,151.64905294364084,697.1487517035316,81.91145886077756,788.6136405054748,897.0585117418457,132.71544185494955,0
624.818687879392,40.23851080280805,285.3265435364919,304.6362960558686,702.0924603992277,356.45779772694095,167.9860251850882,243.52147264153479,519.7114555342388,787.543254813179,129.08238361232426,887.1581411849708,890.8376576924196,438.67512142904854,46.69294108771649,177.4764917648982,20.200058177190616,48.313679604519486,96.31982802634542,515.4273116328798,1
793.2917140499328,161.5424342741998,122.85732637292756,907.0984082159891,597.5058196610954,636.6933303124172,840.9164208307003,15.54773054387959,325.174269075333,790.4247497770737,744.4040193724461,650.7134859238502,807.6981556195562,484.79142767073535,716.8092189425621,654.2380163826542,803.0054269579425,315.87804118959315,628.1578047009273,229.45844081288158,1
580.7425197997441,365.80373493110784,943.3869994526416,531.526657426084,851.8017867816726,887.9663548363054,962.7085977481564,921.6539482372366,998.1679445804276,582.5805041622915,911.3148480684935,721.6333208529828,849.7026878470284,723.3581648338452,284.156154331782,729.5579198380235,134.7757324670924,124.65610106238967,140.73106629331645,914.7140912801818,1
172.04636085930335,993.6481024484402,911.3558910568854,267.6162093353175,139.0324439593178,261.6456022483573,971.4119866776455,681.0725932254189,722.9332539782973,126.9070258235444,255.57111024011647,984.9691849371605,967.1296494143187,393.01199353603874,771.1726851118322,223.3453017295962,879.7074657980205,71.77106155259195,100.40935129376882,683.9494461194936,1
843.5310738974787,255.25154502782988,501.9766096379564,450.8356570652038,41.78167820241319,728.5626381426647,286.5869396457732,358.5097468202367,227.52467006716947,511.6429825809219,78.9737715711779,260.9319147500676,282.89466930072126,518.0283650338346,764.8817664175841,330.6587894702656,644.825545523367,505.14264298244916,585.6743204394462,181.58290391811295,1
841.0773737528973,222.01544739541634,824.2751203565518,983.3756817739155,277.26204507583884,195.09007904914566,630.6212187673268,99.02592860453719,722.0978945434898,13.959998278968765,559.0496536482473,560.4784007673532,166.55409767480944,862.6681424609641,951.1016918773756,831.771229717682,833.7288185911734,473.7264935080738,599.9829346925567,946.3009863783738,1
241.43763760892978,66.31128985429879,274.0880884031378,505.70121931491343,298.837442588303,31.81145891881354,957.0483180364763,583.7924861366911,279.8141628431459,722.7114340929948,651.9455069978346,864.1841812894268,274.02953152330747,75.5166122322234,430.47537976272486,199.99916173391853,210.35964005464137,800.4887257140869,79.22279875194027,596.5472973093613,0
333.3801889621816,926.9234074776434,746.838943308773,648.6419027214844,62.296397571308894,364.6536844827165,806.1057943897935,144.87141956722039,301.82989307444643,418.94314988305223,735.3998939166222,690.7390063195116,519.7866168725557,835.2886775785287,994.6930899507934,368.9567760863151,204.857929011958,151.81163227619066,899.1024460895533,912.9024182978435,1
771.3657288272376,510.1750055110167,744.4450090180737,67.96564338629463,936.8732055494615,82.22854545015912,633.0708245382493,775.3684270197779,969.5293618796221,72.44106459599764,362.7876027135194,533.9409052567428,466.57665907694,640.7389618058584,624.7527150912023,214.93172846187736,489.6025109225629,934.9357727083874,863.9206444487809,900.736603792565,0
970.0016877063003,577.3888408617986,93.04845002064243,556.1102345788522,47.285843075197235,967.0588152270766,363.7335599432191,840.8159972556404,353.39905842537576,849.527422642237,942.1477926515568,361.2905111186826,394.4251340232522,297.89873886400244,906.1859424922877,414.84045263798,776.8757681246392,750.9408655314567,597.7637436918618,759.4700397554831,0
932.4920632195191,704.6030832722806,696.9419977708382,817.7677271410141,130.25744495671643,471.69471470399225,235.2080007780436,764.476375935245,489.7760476090004,307.03164924962465,60.506814081946914,415.53547197464155,682.9179444020863,822.8174302911302,683.5172047041056,520.4152674574643,370.2589548668519,887.946323917037,320.71605255353273,188.76189494758398,0
465.19704462930156,451.42111007816885,929.301483430017,543.3007480300768,491.84550092816556,776.604051302595,649.623367335483,417.61468737664575,368.1184213789882,346.7044295496352,280.2353126118672,989.7584530064852,30.83723637314517,565.4898465487591,449.9041808054248,733.5114433438994,942.5021722835297,922.1351447082374,605.919019583843,653.0048767186478,0
353.48819154258416,652.1777611691815,986.6027441642906,206.5395848110423,984.0591735205319,283.8886378220061,464.5049215997159,438.00012985929027,193.0103302012949,697.32242426006,769.4208977004772,319.2317445844767,210.8975286358531,238.80183538469336,59.654830355918456,339.7220194684881,956.5328422882446,201.67516358215565,566.0917481175853,554.360776310248,1
995.4325652219133,201.9836664805743,799.941367657976,113.77304012892564,841.4392544932839,32.74201465145499,285.74023615149815,28.972365029299894,20.86713757715797,573.3040487126351,850.988233510518,845.0047425511899,213.0753530265592,659.9349808580016,733.8055895883854,282.46647478467713,81.53683781365073,959.6805002554596,228.50361169073906,995.9671796624899,0
797.9206259588707,68.09480199258056,109.82909278431796,247.43632590311083,692.620346761918,410.71597520090995,193.27679660151077,78.68893326145832,535.8375413360676,835.178324414941,298.2223371158711,869.6272618080958,812.9110694503511,325.0686630696942,149.22477893667906,994.9841656833028,232.52861611576813,216.66222217580076,203.5662351166535,739.5448652237101,1
549.3899507178375,140.8336868314577,704.8100160581171,254.44203765963624,457.010424574573,792.7863257599151,786.7771269530334,57.39526946460638,26.34684395116227,789.4611484238192,536.5548054923173,350.34141086582406,864.2489816113459,850.911866317349,770.9695343228502,281.0415609634668,782.7440318270812,65.73489581244307,341.6942669007154,784.2714983003573,1
25.00302850183789,930.8134335091733,254.04992159549266,164.338856568932,430.44215187551214,761.8606078100213,701.960456799087,929.8444575534329,495.1033536128834,814.8890146387947,445.47069111315307,934.957564914361,207.72878545735085,961.3622476775801,105.8026101686651,111.5942965926211,753.5386739895481,944.7245183028941,50.64575104981284,799.6076329187385,0
767.4412284627972,741.9629390888373,784.6111183402387,6.783510228323353,863.3063099400841,486.7315917207917,390.63426310126334,714.6133142554055,903.4270167650175,461.3830763064739,466.82452738564064,98.32379908245481,334.35515671244053,80.91615806976404,501.43879033823305,407.1236725259536,803.003009602395,204.59514738444085,683.618109085901,248.3862265214487,1
619.1182557010402,269.0059749918159,343.3931284363345,67.44018830211962,119.84964600548264,341.5432113103943,339.47844520330386,158.9511144894168,301.0624191498404,570.5008027132392,548.3513691659641,624.8452964510353,475.40535372444526,71.29520336093364,419.64010493602234,601.3224135340864,404.9671167461455,213.35920813335918,319.27277629698136,654.8821856179952,1
362.6094836023277,685.7551873037753,175.34354884581882,249.45616256497783,93.55290385476556,669.5399977950672,246.72437278513993,401.4273096964914,144.40942492723863,407.83386031532365,965.0429864192291,485.6369820148364,492.4676250260842,428.7772903026702,873.9966459921803,969.6666411304253,676.2854952991569,939.6654272981823,62.58422907406802,243.13100360179163,0
455.67889161229056,879.0603005346575,748.208103361849,844.3160370510026,821.1484779190091,643.1131768675284,956.6131595084184,488.74956305758985,785.0970194778478,844.2910984724653,706.3293865952719,581.492190817697,857.4649046343814,355.42921318159483,961.0730854199132,57.9215409321594,510.6748560520308,743.7814280598943,617.18677081771,519.9661079679233,0
415.12514806576115,861.488610127732,234.16316293846106,849.4633911311382,997.1071302579672,348.32371516231353,783.9961826437328,814.6437926606517,736.0124129543459,997.2529246042942,565.1307445513735,834.9856904385484,535.5030196142498,261.0794528367246,523.5548641759241,800.1413274380727,279.215722941653,777.9656257910683,620.2427611286291,906.8865023822427,0
993.5305829061216,422.7680151595099,568.0421031781555,540.2681072138779,920.6282628722488,928.0050673382013,389.5587931833685,240.83400636119168,300.2942232424818,113.43760702317162,653.9532022135404,820.1020422808139,712.3691562212509,74.41005084275164,170.32931852247359,841.2469024446267,247.84794658213883,79.98803381404562,515.6267791844125,628.8594946611213,1
166.87309723275678,981.7875742404659,93.8489953276297,123.3453569138715,492.6065575406888,131.5655128596356,284.02093453518285,857.8734964004933,73.02465661159773,270.53330836389256,130.91876724603802,999.8896688047809,343.62280574768,24.75313436584903,397.4693535128168,430.8736092722678,880.6649935836602,257.24402583994146,343.9818868774641,858.0002659596141,1
240.1892709854383,951.9135683631866,96.92478217650635,496.96730420182433,448.77916034164065,712.6399829458923,664.2562646535287,624.396481031198,542.999878709279,947.8716693048242,625.6573189379504,513.3081113366878,546.5170485200347,367.4733748316773,58.84015954232391,133.12703211402498,826.121126747881,453.3610916912798,747.9500393846807,875.3429411853357,1
343.3791024080994,956.2054441777263,631.8612540516702,434.7447922633086,689.3825045601708,285.6459724612801,659.0757619105215,386.7414581412601,783.3228112030451,315.9670814780967,398.21851660264275,876.9083185290881,59.23179581870397,915.2384978902775,227.34212380669473,54.294987773723435,348.3060567500218,506.5558310851337,875.6336285786251,766.9390664311712,1
661.2521198134284,997.4607616495007,565.1110885973077,155.8266879463941,176.40983563136592,635.2939420925818,898.8638573070349,290.8808375754203,740.0313209220385,988.0149035235834,49.86260005916265,338.3244498925635,722.4049202921047,146.65087256413833,34.97360164649932,368.99656229576703,647.7269058714908,445.21679519842996,984.2938258581682,980.390221776826,0
259.4165396811714,55.1060741776227,35.9224599762189,698.4433195755502,916.0624459042529,384.52278653682095,17.920149559834563,784.1582379171005,975.7567571935948,320.45261622129215,71.31771400546472,825.8811685781661,705.0358508032298,423.53734655343777,364.7206000874351,828.1375351349615,382.02067400860994,497.00269318006184,335.585643632045,222.21575548002104,1
182.73961867174782,25.31600863220951,565.0891312009,664.7632275425037,546.3703003932865,139.7354688921527,236.62193558703325,752.987355071206,472.5216258434578,492.5295971085989,666.7169420760699,575.8556984209574,286.7104940361443,314.70203746671297,164.09296393898032,995.4786090284686,642.7446615391628,297.32185577371996,738.9891709743623,321.03845113986375,1
732.4378945398922,65.15012629188288,76.23498986185962,89.72421152181498,922.349513657853,125.87234656971302,219.31036465225827,337.79429999472865,812.384248273182,519.4239711091886,79.72994857232196,9.897378708933813,116.71704128084149,659.4429777042319,529.4485077241784,953.1679894667691,387.9804227812349,259.2770840439574,872.8246472763,56.58686262845436,1
341.43691758659213,19.489033935480627,205.06613486896953,794.4148949376662,248.3087602009134,635.4341775222432,813.5177309147172,430.4992050139913,918.8052506853624,992.238671312445,4.877461575344744,182.65375856423893,411.59302376710104,521.7591230814064,202.95627029636242,527.883744238162,773.4790449195317,310.27521354329014,655.1989727790011,457.6459137338268,1
471.26734695135286,199.10016337151004,780.5817492327805,679.428558397247,798.293070576899,35.41349601440314,995.5417090384966,916.5190658341758,537.1040216481925,248.42353801323324,729.9208228755273,774.7758486101512,187.63316653924466,99.74061001462763,363.9040827684669,948.5771121028114,137.32298660459963,866.3423670937949,212.97621602930928,326.1659306110135,0
460.95155770593277,93.45762038723603,657.1741910649091,351.73262953360796,544.232815653222,881.8365907350046,942.5016912776392,700.966878139022,641.1481237158349,477.8835681005081,899.0837259493578,719.8730610725628,107.6226212464827,276.63894859166516,22.4436834809989,167.16336442476364,907.5805830659842,209.77219988508878,469.8788465020064,849.5870849788378,1
799.0706246383597,423.4915269260884,429.83025919969987,619.204694898107,79.28301487078882,73.34499698935981,433.3321654229535,117.03645805551976,321.7306029354617,999.6527873711669,98.92313000766184,364.7313872268169,397.0099836790067,880.1148309533046,953.6449158500774,162.6406264058129,840.4331074327772,837.0383056696859,241.98309569354592,84.16401008011043,0
167.90861737417285,906.9395680391593,968.3882525018604,90.09929086321355,480.74615852047475,40.60451023960832,487.04537278994786,469.81901765408264,690.9817545433648,103.342945694738,589.738348654288,388.06775171809016,145.46107054357194,87.12777381924053,176.78906924417691,368.9617857022122,704.8357799955957,185.3943869695156,683.2823007984714,12.704671166827497,1
364.4418734700612,767.7458232054291,491.62173137608244,327.9653062777336,895.2687775786601,598.1819209673929,275.9280989617381,995.9064551721359,678.6920848855341,632.9463753998926,908.0862706557829,999.1922765542491,968.2978887969201,424.48335235056834,308.368917192704,924.4140481221013,761.2727853688885,408.02755365355404,43.89708571366002,368.4341097676339,1
23.192996740540984,390.67565936356084,527.4922679684206,339.34992500966865,814.8853235289877,555.9702226808872,566.6132049500768,646.0835404396934,738.0356166848683,265.1102069066349,525.6371087746,373.3899524621589,875.8142888488451,341.4446774055163,674.1205886925372,858.3768677190377,145.6458495668761,967.7899542410227,205.37700257340475,14.119399133889043,0
522.0073618982318,130.8789795456987,629.0403271949974,877.14934207908,472.93320420062315,536.0823487368104,909.3700348467661,789.1298880819066,558.9898386117156,652.7151712873349,818.06462804564,339.19945926160153,230.13312770053562,428.15290193264167,885.86215532477,71.00877157289709,298.4757595804796,720.165897734092,994.1065068137616,919.8494141725407,0
943.0987276612432,375.49802322468986,985.6752785411709,130.65130555555083,98.51589989790843,872.3046398662469,105.59760067830138,448.8675426674544,436.0174854246457,842.3141909997993,612.894936167046,246.2212540934413,632.339667359783,251.21195238582538,94.84832238615503,145.47675607942966,2.9365678738414447,842.5578317631116,397.04381330211737,705.1588673534587,0
459.6395603753953,39.737607576827095,511.6788440261677,978.8398486906149,203.71464338513755,576.5210089735826,664.6708246728608,222.57190657918534,15.396086034147771,979.6488677141903,5.255751003173215,58.8078354444127,293.2191636336967,672.1960806107812,49.74673427094323,51.85361463735361,869.7066251778393,36.68056692250366,678.2825519707823,199.79006894801998,1
237.68829297234717,961.2114156857325,315.33024788630905,945.712888406151,780.7696569306395,848.2582173127745,516.3297611482839,823.1533460585284,810.7051064727475,789.8044945919993,316.1736560654942,758.0502801511475,971.8051753696136,257.939251335402,650.3557110420852,980.9792492344673,631.7862123466192,68.75033870724168,394.0057236315068,231.50143043324312,1
22.175066579229963,541.5030461994937,526.4891347600845,567.5411546500071,349.5992310745597,611.3439426158686,299.10953226323653,579.9695600915715,412.03063695794884,968.2725245487425,250.1186093969854,893.4476927388951,460.0656169012736,97.14199876285579,231.17951151732697,809.6946742924785,563.7866961592064,879.9157767819828,734.5910272753782,756.5194470034758,0
421.78975750359825,573.628329972072,999.6814089970483,420.513662088456,614.106514103478,485.21152340971287,87.11241381698986,997.4780515902794,185.25792294457676,571.8997965855583,180.95832864761164,230.93429756413585,116.15621507569173,541.2772621737568,679.0548827576854,182.52798719541008,899.0430408299875,596.3549241152616,377.0728046317703,723.7963773659884,0
613.7346149063359,108.54325295363742,251.59593628779265,184.9223421201829,399.0959859790723,206.8427171411257,65.50067438132324,534.222684028201,912.4197094151111,958.8233649720638,393.30791650149786,689.7600271315052,75.51235000945911,49.59898478589686,782.3679203906277,952.4745192399344,151.6661164161275,903.3764761249126,49.945792165559055,965.0388123013345,0
523.0224688962356,521.4113910625297,545.9808549708442,938.4738966625541,765.7396979511282,508.28826508775205,637.7464520373128,366.2215229760574,55.257388066351496,626.8995626879838,277.16735943685967,143.13159671064778,772.9653006333841,718.1918681507362,57.41989501140332,882.8447179465512,841.4035525759309,95.3773144819149,720.9518975506816,665.8272579782368,1
523.6941303865347,403.1023356272968,945.4698911157569,119.87377778541186,607.8342570833504,844.0901217907902,39.255770272053404,563.3218040461348,165.89620890101853,47.52073239964483,636.5389224210566,179.04827679848955,720.3282862388794,110.55836432331512,440.3340700878825,747.8237036478961,730.8102820404536,828.1512564242554,965.5582749556359,434.5108024562514,0
995.8112656357565,313.5056163588975,24.729871424520546,146.94711875203294,211.91353478711105,640.2400651030466,398.55224720689716,408.9583263681862,331.7460433294395,146.22367972803562,946.1234034190308,532.7368564167075,127.78256193400006,845.9998490831002,311.3919228282771,940.0383283680812,561.3907125303332,847.6263179187297,17.389680180566636,881.4037790892003,1
273.40245689239663,879.6003398294337,240.34938547192564,175.27907395225552,968.5691548993484,601.8246427085322,353.7210268454791,534.694687441187,733.2796737696988,351.6995421297543,504.0786009399139,360.1709478679681,714.0332878837767,377.7756142478128,985.3741402542946,524.1099532041541,168.23135260314424,818.1689356131066,900.4864819400655,196.58350702657478,0
145.35120316912298,798.812320910774,337.99201688445504,519.6248202875774,409.35365835090573,239.94886898930713,227.690747493968,781.6961697965618,411.6746440688366,786.2616735671628,384.75103947578447,753.741808212145,531.8178014026415,579.2932980952895,770.3226206510981,690.6422296794102,948.0236114421034,534.5638156460737,715.0751949052759,449.9837112554815,0
44.10075437431438,533.8239775607924,226.1683117487846,398.2019542079638,276.41051036647235,909.0911286173807,370.060345940372,415.3833886789664,873.9856290791339,10.259175097912298,549.083152265034,656.5244571540541,781.128031049634,357.93446429495054,454.17514680974557,902.1908559348606,632.9899162308803,7.520903230311737,529.0859674403819,213.6320551124561,1
208.9049292865347,165.56344853042683,344.0430290715533,686.3316735822159,196.37017991754146,689.9279385635633,892.0603050841728,759.3818890769213,121.89109675691545,795.2257582872194,496.645255277085,425.39446001037095,652.062407046849,366.9772492782511,270.78701826093,854.9767082072851,257.8537903896591,194.74771751146235,731.8555094487576,202.5404934572491,1
93.55581702224436,302.995230084808,528.0039440193934,929.662698523804,366.9506254959882,589.4744849751811,946.3708762443691,845.0303148457086,217.40415736070284,843.3265009657674,848.8856478315925,85.12014081613428,931.8607834011777,312.9862674489464,838.234046906938,49.46598176321415,280.3044104044996,196.8861445815022,701.2622716687056,713.2495830203466,1
249.71454987711837,530.7476366959405,453.54613345077934,167.25847535373362,48.074826358857294,852.0116937315422,454.37610778194437,343.6013340798579,47.83982067976034,759.3631295110175,900.9890878230157,618.400350052969,372.9254904274939,709.5393160426115,34.6706022172033,476.8087020627767,436.9700292627633,884.8919173718041,855.5513180217482,862.7713423076802,0
941.624298095261,813.2424377915055,711.6287543620161,200.33074375064686,259.6084407058917,750.8341635775927,308.99677714269257,116.80466323124838,560.3780955210883,722.5320197860314,499.8637941810998,945.8631348845009,102.96433680190387,688.8402640056242,250.04321373175986,810.836900706326,626.2090704797863,465.31986173259287,496.3944343391359,764.9988787856392,0
774.9237256173537,748.3763413930988,791.5303603213401,435.1349437944194,122.91078425267055,191.15547962053427,513.5933184159027,685.6455013433715,537.5918566638308,8.433410101158834,732.3687373103392,952.1543832956854,43.11089292115477,860.8430741024463,717.9673382535804,311.39873077801496,185.27702474042806,42.68472936888323,75.4359952824446,590.3537749653044,1
869.1217351991365,477.6649326436978,79.56747712641732,235.74246430383704,552.3723274371981,958.8360495562466,316.7710013670466,268.5273114726201,641.663121861402,943.9205383831867,280.599972155533,164.35557503310804,186.3006103691879,537.338789975224,453.07427691409384,505.84472530869516,611.3525941606986,273.2423344394321,357.576706264322,414.4799694716627,1
697.8596344594583,827.1158018777184,270.9044673634214,347.6433584974564,52.640414859467796,811.5981849281065,914.1615538658707,943.3834263267814,809.6363437052239,171.40165259767403,111.89420596330602,912.9215180787832,802.0722997952332,695.3413980268558,513.1997176449777,463.42237192556826,317.48977764517406,982.225713499413,57.05656057748787,402.2655845745069,0
688.9042620435168,334.5760646471341,818.3677629177786,180.83073163421392,272.78082023185556,693.9445698565099,489.9840664949489,615.6985037143843,803.9235992794681,382.5622588052838,759.680874773892,515.1670468397095,916.5338979379459,118.54168587336045,198.31350940335457,151.24321599913125,574.4997024453072,446.1673421487853,37.16557563308176,759.8372012658981,1
328.98260364781527,201.61221888973435,875.8925660101967,956.562486442721,965.935993991167,303.2680801237575,633.1206750915626,500.1045342642182,991.7328964555542,618.8680731313386,154.86387990301643,824.9036968968801,917.2461811800039,610.0756419693384,252.25610974228863,772.8227864627081,455.1015547824253,160.4448981456832,699.2606844998448,264.0016675351856,1
196.44584393769858,133.26468664093804,697.0688480671522,994.7289262730641,363.9788567810174,513.4111157265048,22.013997373804273,321.5983821554522,893.7994327111927,564.3392524483986,22.703454056222427,985.3180889243217,715.907752852045,722.5035743031441,986.7806879160555,608.5865668800446,791.0458316072604,16.30679051915429,546.1656722715338,585.0921494859094,1
530.8388682298298,574.3576063953411,195.41507276354665,321.9809563939683,183.87040624003149,361.60420648420654,335.3266894311038,801.5327877181288,2.9425258212434358,824.9038003739182,814.8273633400937,177.60610548355515,820.862403512337,794.840391818777,469.5421193866525,854.2611438408808,360.4774680531664,911.6151630173413,625.2522201944046,511.2831304706129,0
378.3946707510226,341.47030797476174,93.03056315412294,691.1075806034856,37.91767456231887,241.59378817899136,447.5767527617923,445.51657252145674,455.64845121842524,225.49958491411059,208.4549629039293,696.6369039863717,767.8039717169338,197.07563266538654,313.3924085947204,394.3003335521049,55.09756417384326,891.745089296247,178.88113184865028,585.0132518797611,1
855.9467348348718,933.3941623784779,922.5778152427027,725.8020391466681,306.5898871984281,751.65406419764,172.65162934939983,233.119496947248,628.60246180839,833.3661936935972,16.481107476955525,768.2975129957621,803.9078326578876,496.77916398194,340.07943485425875,193.2176315962568,906.4948619255235,244.08342399334882,643.4539646638431,814.5191172526434,1
684.6133889217117,503.6162832440129,82.39741736910256,681.663600724766,456.08590208080693,132.2619547540762,590.2565501459924,93.6072653745057,296.2945571597444,416.96108737608296,153.68709876409415,389.3732584209415,794.0453281841393,92.9171245222249,848.1421089381838,421.1793351030432,304.98917399568035,115.62588119917328,595.1105450425317,103.02892712331612,1
71.14586365802234,513.2320664176619,712.465718660473,159.9750845560639,25.299770651579845,172.27722969265636,125.0873227109771,222.12989297005947,594.8041135301131,445.64600134990053,280.29443492739745,510.25249587542754,71.40904864784459,459.70835777001184,144.5041304406578,174.93527202736036,142.4622073646623,868.3042685006698,689.925258444839,120.50196411550118,0
941.4026525011755,846.298968961154,902.4806561904703,578.0753378761368,776.0708206123584,454.4104857550951,843.7747441468822,447.1553980439068,833.7258239331117,481.85137610529006,699.9243551008599,57.15625449429751,337.02366911142536,638.1120783533239,82.65482831554527,23.31994369044077,237.13934242993108,921.9141204584162,454.67922753788304,241.67700374503553,0
9.926594130155507,395.93441337767143,789.9521686946244,245.26980091760774,717.1172249770715,206.9189785061868,962.536144149145,711.7474351867318,342.70802937290455,221.79483511237598,466.15934911460243,177.13677628576397,605.871867242782,653.9128423317559,788.0564181023882,943.6343524603418,967.7429003096445,192.87070827903742,953.4200491925479,888.4265342558178,1
344.16429273461114,736.8543487923035,364.28919595014463,223.76328098580046,69.98308531057617,430.2033435577929,147.0664677981799,500.0438944933079,204.4180174167679,796.0508405931097,549.5365742930429,781.3988185214291,725.2917105198284,960.3368299417123,805.5393113476013,504.63108984191297,563.3468411103505,514.6967500535043,959.561268415847,367.4043333000536,1
126.39409528853673,235.3558351022591,786.0928656523029,457.2611062696711,436.74904397317783,844.2436803667413,366.1728392903487,119.03665443827694,920.3735528274442,472.7804204224233,739.9828467206162,10.544284724419706,716.1157224728559,404.1126235788757,926.6903553020369,991.0533790775632,624.0799569790258,464.5294083602669,690.5074019618555,805.1918957911427,1
986.338354757188,462.6884906727905,145.18654120536468,904.9453893177349,66.98587188480221,652.5617697914873,917.0285538509734,861.9653621722699,993.8378045417516,577.0971873835645,831.9430124970945,935.63425828076,64.93002195543195,559.1253518027522,886.1516973444319,866.5156218720401,428.9177881308931,684.5203297438654,831.4135839484718,844.0227691408221,1
895.4393211254659,683.8607940800816,854.3203188719042,904.13439768179,973.562064681151,994.5284201582211,647.6693320522015,422.89281922031273,850.6307496046281,265.35876618257225,258.9033573635623,318.25437411834037,632.8071826688155,735.1618179705102,939.7152751328795,536.252284520537,144.2098559921009,112.27694678255406,92.42848442676122,917.9445444118261,1
243.05199283578793,66.24151348319218,317.538131560007,163.49204467250678,941.191650325288,311.8917995425091,820.7141883658376,284.9176031520017,940.5986804770448,980.3631140807365,571.344547855987,97.49119053037492,524.9333577024191,411.7173263281573,960.6118080373501,907.3406426409211,721.952908554037,507.53746359392494,660.7232596263841,504.35850110203916,1
94.60264532112394,831.8472088277528,508.76910917810346,730.4952938163766,851.4540506947718,324.19989413474417,367.1419125939267,494.32338076103497,851.9590171458042,674.3619304779559,335.96649641765697,244.77490948092617,753.2283508387256,169.04473195002157,569.6196225838335,85.33200960482046,628.493797271275,687.4668693573987,935.5824161976399,996.4716895443876,0
175.6364804579549,794.2139617238511,856.0405935353446,744.7580535077797,467.9620023139714,982.8224366277686,165.53811876735602,532.1659222024133,757.6312025464646,304.8071771373324,427.6275238044572,43.53988771474715,247.89086903093582,155.24887554630095,273.641571218055,615.2321905388991,311.70406121057505,561.4970224772565,555.1902854618102,157.65205021428906,1
675.9473279523987,696.1247077134254,738.7427571122882,909.0720796972062,183.87684863834463,900.274031634809,199.6532540438607,304.67915209354703,645.3638437432398,311.67303537661684,687.0414179706826,688.8080534511346,312.59450340278795,280.28155135369116,868.0547273665053,284.4714602683943,674.1548727889706,5.79867146616464,392.93604594226974,624.8388747325378,1
44.51869251671947,362.1705585769219,822.5423963615445,3.9974450121705862,984.3725180821242,26.867235918514474,20.029348311456197,610.0047276983178,535.022242761466,761.0587998856239,606.3116211876295,162.75878068764604,501.79233552742,3.553794509681185,217.64407055432488,238.89413705577724,224.006729828534,281.63453397123993,891.688149472815,889.1904133417494,1
841.8189319137931,494.38826867157803,413.4635782356064,837.1771223618297,744.4890652529391,161.06936550134188,176.577859791068,852.067309925737,952.0501597531921,956.6086471444551,780.5191072484266,525.8723886160818,879.7952295135718,705.7661912663079,207.68921210577628,653.7529854315542,966.3130796906211,681.1885295755151,43.263885696111174,84.25345753556246,0
502.82998135335646,525.3767873588838,154.51891183172916,320.15126076704337,417.0165233473177,467.4099835828858,333.76410624203345,431.7231018146808,540.4149853876366,671.6142113214747,163.98353370442166,770.0064169727272,208.227033294775,303.3785740746956,176.40902178064843,704.7019905348428,265.0042936603975,801.977001033408,481.4656071807609,639.2920853905209,0
536.114037505957,760.9387829461134,689.585421269542,28.58720388910374,397.1517473088507,74.23104752222287,311.0407282146833,857.6293929465335,563.3456907477303,703.1128963704977,33.25935629658583,44.517384065636875,691.8297865000592,654.4047594166661,25.035966574527112,499.34818152513395,245.02421162901845,863.6725099965045,89.33909230805037,124.29984011761952,0
537.6933257118868,771.2951206349097,785.3135900975778,963.1281864551293,326.40005382821226,413.9880792949256,285.2995612507423,56.611080700863624,704.8260791503296,5.66296778283315,938.5061792492492,197.80243072582704,867.8676019707073,552.4733269726256,627.1135410689955,163.8820419365159,777.3163841376021,275.7850500194269,894.2263010465055,304.52533432030447,1
912.1933251132006,700.0358570065146,922.8545315856027,131.21844141476723,437.0090182572518,208.4837563061309,800.2237325198693,567.3652272780514,891.7151897274838,235.7251141653839,235.8781338452144,229.77206577297505,728.0084160919635,156.39308256120944,838.4929616129792,809.619111639841,585.8095389075465,422.20553365090075,199.37434026890332,821.3824042777998,1
392.01518168464276,948.1525350576085,483.5797641333227,128.0780306437681,134.1185929835409,478.571645548738,804.8206579005843,630.5902116887263,930.889772727469,348.77152611198545,648.4030132203723,667.7367810038759,882.882780103284,456.4608596544417,762.8927605713282,614.2165981622753,820.8105509921675,281.5315473665114,426.35618702728215,768.0404380596916,1
156.37003877981115,416.3737228195862,992.6145165538975,525.025152739031,924.7062037308079,544.7898363351554,220.73090745009992,747.8870072017296,696.5933146556149,0.3811974292753373,17.255945356650315,461.5241270506578,429.00806912065815,241.44838019788483,49.27135895598123,520.9440159495676,226.42577397277876,21.613347458317,852.5075174364625,791.414072180961,1
41.813580642005135,899.8659030090287,520.6072780996644,756.7366097632693,272.9732565231938,23.515823290576442,121.38884376983783,333.1389109114511,199.62778000070924,39.40036034610384,541.2393575681269,24.163357569168987,274.6689643092023,3.342940939860539,92.19956320521005,735.3160671242588,631.3994145652168,925.0657278303329,638.1909756012634,795.8728647354292,0
975.8819043222516,754.6706926342549,909.2883845849967,975.6074035774849,338.9016869395005,168.7507269217955,238.38579735028677,365.1919637068565,122.97087924711813,695.1701453503802,942.8005074003615,88.96922506588444,405.75814039265026,267.21015896963087,361.513189533789,885.5961627696587,147.52485968591878,12.851826441074078,568.6843197498632,424.0379456383978,1
653.8777284928585,21.731493248995815,891.6584546745358,111.94777078637918,598.3005180689696,536.6217029254619,563.4501095556566,688.7913320421334,731.7736172664705,313.20891139807804,890.61963954508,761.7546145823603,41.608176075583984,44.26743644376507,348.2990883969164,652.1129115142173,267.99528093150707,12.232102803112044,978.1468788238554,484.5792544844302,1
613.1093552326253,452.32519452105527,365.65071547180526,571.4119201968996,238.72516973257984,360.35674975910325,117.90405507902358,674.0529022166636,109.86592269656093,87.690475789175,233.72632794459835,383.166871277398,548.8632378220075,326.70922472091314,181.63172391065063,578.5894968924275,616.7674910560883,956.3341893703082,655.5618168839951,854.0585919667374,0
238.7607143776288,757.3077733857353,439.55149929668755,769.8068057908622,821.3261848836839,536.5691419280105,676.7488103097844,527.9970195467257,220.6920280981426,486.94968665429303,697.9836651469057,731.8282619748003,818.1205540751279,979.8830981337899,398.4524344728068,65.81165676227351,699.6035839763432,42.216996767579616,554.4579170638146,66.25947445741221,1
143.46203874332386,739.1733081823929,126.56189803157558,946.1412043340077,865.9459601080291,287.58463558343874,396.97747613623415,8.174219321714027,116.17632122899313,764.0649981935503,888.4891476530306,360.96907493317843,851.7593329231992,474.8500951876948,511.0651630475258,423.47580709299416,252.29936684872868,462.29903011239213,178.00403668580245,225.4310838078989,1
134.3031892528541,258.7103045520427,728.8579004862507,753.3437644890658,824.4351190364404,836.1125566403898,971.8304092420788,846.4085572922845,745.5378400185252,699.5992562704149,691.3295685089844,722.8030150510837,831.230080304619,491.1245828907098,431.1944976473869,111.26575030840502,112.3841761428146,915.1533826247844,288.11357123577517,663.3969515764712,0
841.7386376072628,419.0862925409349,332.62834084312175,947.2356878095561,440.2077059393501,564.6225116058175,360.04591870127933,274.6906261369698,393.03213133007273,368.7869995608198,346.1603348170754,880.2389739534888,694.0660320684077,469.3079848600413,677.4225594371496,801.2862465004196,712.443318104095,680.3105461728858,378.9465622226933,951.0953479536573,1
20.41950398023984,794.4106071141047,272.11402032442436,655.1742353772087,175.79046394371133,344.3223227961992,655.8948915240211,608.6617153831511,503.21706649900176,720.8185934981866,675.4750289050872,573.2971466152369,449.096855854364,286.1049661666495,174.24115976623278,870.90538506824,557.5254268074176,54.13300406341604,877.018876475349,917.958550845867,1
218.28994708201466,831.9479909495301,387.4900509640159,405.43556817764323,452.2110124888359,398.9871322614509,428.7866807544749,80.54308009531374,599.0724293164204,253.55397269568957,658.7383071811481,17.79942716006866,824.2352497192292,623.0341291988932,240.4379058015653,607.5620840332128,344.5758874347226,967.1083750126681,705.3256342073653,912.9850470165013,0
451.8373265744099,81.94485484222447,588.5511156101306,380.0368869315163,318.79187001729593,549.7902569971508,187.27378176264776,689.2752139185138,121.90854161328046,693.2769932114365,3.320308970443886,699.184872220031,215.05606854362225,506.1406303864274,227.3312564503629,35.16689775200676,724.5848589868598,92.30683931894734,609.602280031096,959.9234681875121,1
119.97615590760613,260.19808850162264,438.7808354794969,516.5533223247099,386.7765030392525,789.04415791686,411.2528876299946,972.7425206240541,916.3272354209471,366.69869776685914,990.2809857470754,822.3929488989135,428.40267755692685,403.22914082286854,64.3233560198342,702.1001496841484,758.404644037575,870.1403650081126,902.1289701791043,561.0992567161894,0
441.32809467206033,498.09856235302965,327.6416432033085,513.268665334549,765.3711802800533,666.579912626785,31.28050869039889,91.30904110660931,238.71146922451268,351.91786614690943,200.27100263270415,962.6299456064273,101.26889132985806,925.4561725530052,337.61665571863875,771.2221496614528,54.53900053039218,636.3681590915616,426.37686110746176,390.7981867115229,1
989.1181221522755,761.9239838403215,659.4160936895826,796.3936416980957,802.6488517273385,826.2962063291772,363.82654951270223,908.5069203064644,57.39568337035949,822.4046617785566,868.1009918984558,671.5343094240408,287.57115884733696,814.1223030264767,726.0897558353175,928.9708827198737,632.7185912481443,631.1654524999146,708.1192374126217,765.8444571330174,0
793.9534890659232,830.1116711107788,655.4182921090733,227.24905533333663,2.401252592486469,136.00001750357015,672.2947554450411,265.4455962011528,504.74699532846665,822.0253577347604,228.2395280450533,520.6737454814441,345.12298860348824,307.4936277105886,294.4049906410311,357.6274275955592,834.1388950404826,202.67817933733144,760.887761678634,75.88217820214493,1
737.9791501798229,727.264584264273,2.6202774449580746,726.614699634719,323.85586443665204,620.7233924167049,228.3339902911814,690.1482882861849,199.77177429109082,875.7609376272127,164.5629000939095,727.2200258345705,586.981727760289,212.92666811807737,452.23646705738406,439.7733855125439,122.81430613565547,606.8571084837537,899.9160289496924,916.1317332586276,0
383.4630892484574,609.9232771452554,613.4066469240299,500.7244376473955,996.9306161234595,482.83868946929385,862.6524306941054,770.0298299213296,475.34996991057466,38.401775513875805,617.2502835369708,579.7082782506986,398.7996489005479,721.8094338933416,120.81754740858707,14.50179674335661,564.1434093122417,731.2236874639812,361.26370425506684,201.1326333095561,1
602.9194094921577,688.699978653131,594.4602638443733,175.24346382185595,371.3843354180609,115.78785417824966,218.78327363446581,696.0097828593957,431.6181341378817,168.66745477567613,537.3435046535818,367.3380662923622,779.8506536790637,731.577405791157,247.88256228326745,599.0268609645974,815.9000682090116,585.5143766212054,54.33425856763607,718.670078251334,1
945.6080117754179,289.61088318137774,97.54216457301756,170.32376760593948,543.8704263040554,27.678669822700506,155.24293936505507,247.90264172996856,875.6770862192844,604.5174226114958,397.5833972525613,701.0988251124638,544.8908748263408,557.2664461861207,344.4687696480965,333.19808778378734,1.0245356609747125,322.1192514343133,482.09835796061475,148.91855020344192,1
289.0677460580672,713.3041908379572,14.38781492184349,941.303416984538,61.25497669819424,367.48756875412636,387.34423706319575,419.23291092266055,129.53995111829963,811.4643223317562,79.00323178935886,97.53603576570046,211.62973206422743,372.35867146336153,560.9101090185741,79.55752478955947,138.42345102265497,706.7006346606369,383.23805464666003,205.61484473299686,0
351.42555784295524,80.04441250288019,56.635284222828815,918.8785035585672,738.6013734565116,931.0255670394323,589.1439717911956,737.7258336335497,878.8513254331157,932.7804299415427,893.9495888622367,242.9806057989994,396.8725595176754,66.30787717833964,893.1416001003797,45.73221730523147,515.0981149391398,38.2324419497877,300.66404618431864,672.0381207884218,1
277.7729581830363,169.80095167626718,515.3090778133796,725.764959604981,847.3895233587192,178.45557081146512,780.0825650810075,161.28618649312543,314.9414606790485,125.24907595267953,411.0952701835785,892.5767954860248,688.69242359962,187.10086278822925,879.8460249705353,734.088695846946,812.611487276359,59.320302062922714,43.04264629424126,305.52390041521136,1
103.64180557617064,517.1466504088332,975.53572718603,93.6074053124416,720.9056935596528,38.556864622246614,625.7013535838128,508.66731179082694,417.2526849170781,546.1469090543231,144.9508135821157,856.1038283673528,38.399056935486506,71.52073165806472,772.2054555031538,97.580581840212,470.52393156345397,223.16166916817525,569.3514468529722,649.4390153907596,1
438.40939409231936,222.98406022714812,992.2649472387058,787.0585411406041,449.97405846172177,721.2867621528782,968.9501807443684,949.3783520252168,131.26820681315075,623.0136273206087,891.6560427128638,11.74412784001988,19.52281233058395,431.7276988285732,283.2210043384891,586.0493998172443,247.46234699807067,262.1324472157487,516.8798734180046,616.2086184473154,1
658.4235748977314,458.28125715308556,75.03279191261969,819.3913308990891,746.7007781552783,768.2004349924753,590.3495756990745,940.828659123724,654.2361324548766,760.3147630089056,369.77094112274386,561.5630964456665,123.18903814615356,300.83690821844533,18.79796849140014,844.4453362201797,401.76374351284085,305.3206874120139,7.432522440470324,706.9927052614164,1
477.23227912330526,913.6775072487512,516.7611878047022,109.93458931623768,209.78836727979356,56.80174003093763,970.9685447144755,680.960154679064,381.61918898944094,919.3131529479142,430.9689313225228,971.870511413948,767.6193867072678,152.30335010763218,94.76741689809143,90.95617404640211,133.73914345973327,877.6527393041441,842.2332398169141,626.5540607379992,0
164.93146913075418,557.6980375802781,81.66162207781191,313.573957493705,360.67286291937927,948.0818695017018,109.82313378816977,742.1037768770215,724.7809667574492,205.6222474750452,779.1524009072351,312.71197175671574,48.69608945204307,461.6611817813134,559.841457542661,568.2247792524641,246.56212754175166,76.63993865622676,616.4683776693345,279.6780639224765,1
469.23044539435057,832.7229809150787,606.9806350705545,29.018980889886194,176.53851508983587,423.3298556868854,571.3108167212773,373.82982562914736,212.4524668244795,291.1914268580785,317.49795287252635,976.7997701829311,111.66159854823799,560.1269305623962,81.97129576817763,992.1388494714639,972.0145936734556,351.01420167577845,105.98987249797321,278.190516789791,1
28.156566894461555,337.04719790725915,316.67202391716387,61.25984225399339,977.0707760027868,96.9101212947896,637.2488717309982,894.9172572902007,93.55566842504159,249.26197304826403,304.118175455707,855.1464242097943,638.2961281412478,107.2619939968732,406.9066008746116,968.1472801663838,429.61654643134796,843.6290107189521,544.5618461158394,163.88495317566264,1
574.7573772711016,398.3491666264174,551.0881879837543,759.4235374589292,191.77492470307277,964.0237400798304,377.44978094099247,232.3778221418641,742.9263919331313,612.2860920212543,45.55668433432503,469.2850073764665,47.5946891560437,245.51288742172116,213.62949660666985,579.4817976189807,349.5321044417342,950.4246287643027,442.7692657257233,4.501119122979347,0
363.96608579969944,483.30160156811775,759.4353678962764,595.3518461791132,795.2971075949968,203.1538394028012,297.47391704743853,981.7023497604903,640.9767757273173,178.46058701923283,142.73632858507156,472.6386059400259,225.88107126135216,472.0434353695317,425.9884920163791,502.7193063408778,483.94747619262347,209.3890177155302,322.3172633099094,850.2721875892488,1
888.7298513360872,83.21875428215486,693.3555678391205,438.1509874511088,402.1003148112677,905.6999254196834,307.6014881745165,875.6109296661384,590.2661674140606,618.4394923984624,862.6174288892212,542.5203114391134,347.59668478345685,17.432942691561813,908.1522587255013,894.3748735660861,609.1077757818317,712.786584192137,675.0441146124969,110.19749426854553,0
96.45114698038148,430.7298409692141,584.9867813882804,304.5049500101057,681.7112935211143,537.1932850690406,67.44933287460964,254.24026558751112,143.50580081931795,825.0982942132142,686.5789561601,390.49767773896514,535.0740758905822,824.8017559151558,602.6234555820442,223.3042934128353,817.2499931761138,451.87010609476306,762.3509864453488,671.1306819006916,1
213.203590696323,956.0055051883895,557.0537688048383,233.57840298193767,454.92306656511084,395.11317978979656,394.0491184958764,921.8887353302016,208.20336763504233,273.0688333243312,178.65432359946487,375.69583513654635,376.9992057483804,642.8507555854954,241.76021210727816,560.0095127594698,68.99624474177335,488.4820738308375,430.54596642153297,213.53312417467507,1
763.842133765374,6.2031115654920255,233.56652347397855,729.8827983914996,433.9788599390223,580.1135809891503,967.3842501154071,559.3822845612929,610.2876286270623,35.17264867079528,722.683276057701,742.4136450949181,519.0295222153509,794.2123896636292,440.7595994118286,926.7681266382073,486.281196381935,208.79977208811985,29.955558548934057,251.89937997240153,1
92.96775532168888,825.6897355990868,238.71311821940898,491.2709032697451,398.82168083221404,336.548219737292,808.3611980471494,438.3094244801056,952.0897884135478,884.9743114660167,638.8902129174162,845.4831519620972,206.4945631038545,58.8235871917212,567.5761549682683,964.7563287057395,643.3464228102906,221.92721946743043,789.2587453957025,595.5996500758498,1
36.267266123109934,385.3312981669615,123.74844292686227,994.4718092928401,946.380880385436,482.5152869699537,410.0016359141344,109.86875361006621,415.05042374372334,817.2784387785549,558.3074199605857,943.1751824822807,468.1569943919731,30.22096097706839,492.9522349872597,41.19488887053768,400.75452871914985,690.6099273815486,255.96283602267866,230.27252051544366,0
249.31103190531124,398.00040560298066,901.3203235352994,99.46904983691984,487.5871868477648,469.56189208812106,979.3406890556997,297.6680111742026,932.8501256996008,456.3658641219983,148.57465013415282,936.6851877444375,382.83151357391966,558.2365646550717,95.39083907453639,576.1023687637191,346.3512759341749,425.71764415531675,521.6666702830246,3.9688744815479238,1
69.18569087203619,676.5858446059009,600.3797168765135,67.93190987315289,528.4168942693004,119.4686521807743,0.2133864129987284,311.7666435438086,149.45129578322158,787.3211295600587,487.27541347507366,916.6984268774578,438.6401823060376,182.6116468851351,471.7906962517924,577.9987745363394,953.625214489227,755.3534039748918,491.79073906774295,247.28243583690747,0
379.10449384644716,737.6679685041321,588.7702802386425,439.1294982719578,908.591112488345,464.6477713747541,525.4071957503667,0.17746068759039169,548.3042589406097,801.5854212283834,58.28827361231825,502.4178251950018,523.9345610185891,45.004962593917064,732.5878303683849,580.1682414907381,345.3822840400238,527.6615067830077,845.7571495684118,196.9172589036935,0
586.4379671089808,706.690550124358,201.71274599541445,536.7102379661274,73.54501635588085,76.36505817092709,126.45963712632147,110.50227918854216,540.876306556219,906.2103459300457,299.170653118224,709.77706598095,178.97965249221215,424.3673051507959,866.6045405419312,562.2932397124542,338.92007295407643,911.9061393243991,404.1451606631551,901.845083149653,0
87.3512630394755,810.8345688009736,176.11364786724727,156.4870545161372,190.5538029135919,800.9283917593654,636.7075264833384,272.39562521038084,972.4402665085325,362.0449835372831,937.4982938502444,694.0692723573661,858.9281035496167,726.686236936006,51.81168398248737,495.0607542535785,427.80304746556874,740.2988245671606,279.4904651110888,55.218125637524594,1
341.53052757003553,117.75025115522153,875.0046068898977,768.8780014410665,14.98565673140373,240.84857208776432,54.32840489524404,189.9186899647908,173.72326773952707,873.3508388549226,331.31849847379044,497.81965983053044,728.620304070394,949.6436094728904,339.068143982729,30.94722848490383,9.647091802867491,379.6248659464393,539.8935344255259,361.1167748249452,1
55.68416849545588,206.7932649197115,869.7748277399721,273.1541356706125,293.3580019575852,732.6113049975309,280.43095088890647,890.7757884624534,758.4855726105671,252.6657704202846,256.02818396227036,296.7919498992413,689.3561217660075,421.0234577799988,567.0147681769107,956.8979440761544,584.2216894028846,343.51731610403834,447.1017858249228,162.44489879177127,1
959.8066400360593,849.000213467597,173.1670500519674,554.5539609727905,379.9493138105703,40.532946773923165,424.01139474888504,416.9999393153794,268.328641439424,556.6400969500293,567.933671421808,243.30262397307467,129.5848544888718,246.35500505101328,276.59496315291597,256.42022388525356,132.3823604854567,591.128753208059,870.6425705556431,637.9439128512024,1
833.0897691612658,850.0192435490918,461.17227125929793,263.1930918911186,144.79425576703463,101.20815815096262,979.0459289603167,690.6719832593327,908.4825927725693,72.34026380139824,111.6735687441428,760.9071317508283,311.91600818234366,555.7301756898272,855.8061202712819,401.3919612882071,182.2306191580678,716.7248000429432,347.269641516743,330.8289616966185,1
396.48110116890524,630.2571246670199,432.7637172342904,969.9419127513618,139.23942593928862,563.1708162332113,394.08436309822395,682.9200771001777,977.0106848199706,137.1895613697014,150.40242754027355,403.43300790995494,155.14643971535025,946.2690722378403,616.1332559795285,909.3809648983597,790.6098678925642,821.6271078108676,925.8260725690703,180.70481123996018,1
966.6023459825675,791.1623766683236,110.64670898115469,794.303575417999,340.0392781771655,521.9275069177803,223.98824184445365,238.17797912127514,443.6499816070577,947.5693472759057,635.8165699025378,358.48288818576145,895.913614121019,633.3827977613748,16.10031478251117,142.69056887827958,750.5612755914848,275.83891730808654,549.8145802991068,463.80409481016903,1
729.7963981916021,47.74053002972289,136.4346420170476,970.8404846170044,896.9036745050153,157.52984953299952,121.22495125550192,864.1233939337266,15.865769155532616,950.8624025269207,826.1616233706211,711.7424146136618,708.4294167633537,406.6458113778808,339.02118079540963,21.74314245519171,67.56652868129898,56.16336160817659,488.29777204599634,352.00293605811896,1
90.15894841915684,122.19619127237435,360.3077757687295,465.8957880922242,652.0198649487546,938.9966270575064,491.4099800904584,142.51932151513645,715.455658586753,896.4685939738678,636.2135414966338,648.7368399913491,946.4326947804187,780.7216298012492,626.0694795836844,544.2951690697455,854.6207818438144,274.5947996462741,778.1252536998883,556.9726846865966,1
611.6414291540831,36.06993786085377,735.3373953152551,181.40298216190052,762.9051601858192,756.8194600597466,666.2871526643098,826.8629499563982,625.1547644367744,689.1343160867572,283.85432961490875,662.6399273738505,834.7407165201906,376.126190427558,200.72771800454282,976.8017479564066,493.54834738471556,922.0761914084654,677.3998429364549,619.6766261742655,0
247.92300567146052,234.32839742975088,444.1198673318261,438.8646379778708,214.7750984778498,135.24310594865042,406.06435111197834,827.002561185303,739.4683921033317,339.4798118587132,497.3302030108833,14.725028263724237,934.2877862756798,947.4359209535344,773.6661463873204,101.19967839446986,806.6421111912434,100.20941372838199,12.108606652200926,627.9753617635372,1
766.9913986972709,862.6672428295866,827.9693939879726,65.9738528717716,582.2862455572979,333.89404163788316,561.5191899422556,595.9230244166257,277.1362850664526,796.6724631251836,773.1688486785334,889.6882564631139,56.5849008805408,442.52038086597776,204.83189088217557,507.28645839094344,853.961390751177,929.4024425813512,898.7281661911321,194.28443688987318,0
787.6682710241922,42.70085253459355,116.64488490411196,602.5461268454284,729.6955034440592,263.51290501457447,645.9773241974449,119.68734336629016,4.253833203071711,831.8132650409243,869.1811140794613,944.0333615014987,481.006992454023,402.94519498309376,213.26360692176405,812.3082267027347,840.3570108831237,900.3479556555956,887.8539878558632,468.4521378790372,0
995.5487012465733,560.4677165286607,850.8102624724185,611.118173923204,431.87001140827863,277.6772584017996,142.2810342452442,253.91157286888455,211.00970897124682,755.4820189792307,783.4339047749543,164.64075920101916,772.8099670493406,75.1452190396531,4.625810932189278,92.93177789012985,210.7514170714917,729.2844363413709,390.30089534950076,70.91028008043432,0
764.5080716002336,642.1927909808056,65.23179064764318,472.87636291781166,765.1457218313867,427.93705560427287,890.7233421489922,964.0466301216402,414.4147052514163,453.242830647417,86.81656402838067,214.72961140203472,600.7022753214663,750.8798722462682,409.39657564108546,251.89098115980136,765.6790161099152,562.423060806952,376.8684365600944,396.2558742005725,1
396.5459693363883,815.4375038415694,87.31230382171861,912.1369731859761,409.57143205337985,724.2116280983339,602.5793551618722,844.961613050222,172.8109411356158,180.21214985374678,474.2438949758401,485.18420875419264,563.9719344706981,55.91389898878973,174.0377915145591,804.0919749641943,274.31032942887856,324.86877613956455,445.4437353255193,514.6127481029043,1
940.0353181310497,279.85191234986615,22.92566327500001,677.6372777659723,831.8956027447288,408.2807984702482,342.69713467438567,769.8858089784097,383.9819858149993,129.16246135087638,403.88897024630944,317.7863074281243,852.750538558949,423.2604709692268,45.28946446635618,169.31139237768744,716.4936634164711,798.6461695082431,582.5656478742392,348.92343717108076,1
64.91291951195433,581.6887130221716,336.8286944630453,867.5988340164896,9.697520345094745,493.86388147765194,213.75832632106196,281.5061187342599,835.6707522037868,667.9532739066202,305.07354974556523,594.9387289105857,46.395168954710186,451.18589041442505,662.2832973498402,825.5326007191968,928.2259379530755,554.1621319539228,360.7479072374278,984.713520294138,1
478.3949817246277,761.6733337223101,540.5147199830874,195.95947656472833,169.94192385567297,588.6495595202683,543.210561570528,30.194422496072846,842.3087515331597,39.07859421162241,660.1528094985664,255.79152790274483,585.2613986204557,547.096332201267,954.776862677411,212.8303485893539,376.0679534522225,457.16686103645463,470.1007730395359,737.1012784361657,1
876.133694669676,282.6934226343588,21.19401036231472,185.36441085765352,224.98930868593382,69.16591192252075,660.9706822962999,965.0395460480789,957.1236311222749,74.97550247301288,452.08691696752845,979.0207795919799,500.1321461395062,324.126975165405,888.7869167616283,750.9854103733601,542.8787014199851,870.901933499513,970.2511919051454,222.58281788178624,1
181.08998644519946,293.1402904309344,628.5986218775028,793.1634107401148,596.2270354339621,600.588700908095,600.504520339497,335.6290810805763,654.2166772945839,143.30624932986856,847.7425525942438,108.60353787992439,611.1306259074363,512.4595204318298,0.8370715323019473,76.63445041772832,533.3061012829655,731.4369374962054,272.37643185513593,521.9869987186461,1
591.7363308539025,374.918156410977,403.70257952116265,9.744042217194714,436.2058285866388,481.35782629714475,188.6665340456477,761.613342595746,245.28202370236852,959.8816692504818,190.64583743432306,459.34551178007246,732.5629332091984,677.2786932532998,796.5405912207085,723.6914470856178,946.4954744997397,283.4047477616777,620.6289370060607,930.1779059776179,1
336.3622765746962,471.69779119707647,285.22633866884775,987.4625887379682,560.0429551895896,508.1335175435894,408.1617558122217,440.1830162758685,535.9244310572402,644.5284409593651,171.2951845539473,464.54235432354085,128.81676060199544,631.6729861529428,516.8235399285078,394.89834906322494,528.4601818210525,331.0646091233742,337.8278248375126,357.7516742605058,1
373.25932820529016,262.28341587377935,357.30634536400873,2.71946924719213,416.98924916292566,977.056343533427,67.12217580851654,450.3043963466586,202.79989282606635,985.5699156526639,144.74439409451435,71.39329523590443,652.6621649897185,577.1608179757472,912.9985999972188,239.67497697594254,827.2640615500629,637.898523265462,383.0014441717026,48.56703129114548,0
234.96866781289594,497.37431347930004,257.08960439240735,874.343799124989,802.9649461939262,987.0219546602838,942.3253211460566,544.1710176086369,639.2380061516225,979.7782221497329,874.8628700880275,867.2373698104094,559.2327457222904,181.86802503744227,887.0136962808157,513.8448075200491,409.59941520545283,690.1086266164517,843.268039011794,969.5499644302913,0
722.5174130917219,104.28104590925058,216.89071353572953,630.3614812512709,477.7835811089666,861.4378365141446,812.8340204953691,832.069854611055,534.6519218590198,333.9525927882788,503.9293396371707,504.20395775092067,836.0069017024248,107.65466517614463,679.9352940144292,772.3126680158833,314.497202411701,92.1361800294972,484.69613175358353,683.4992208713143,1
383.38097880994525,723.7958482625702,456.3139027995925,987.7202436266577,318.11645012604816,497.7657373745189,356.85708365570656,594.3930018005708,635.2061584319802,110.77490818474168,527.3186110423711,835.2125485905843,906.2370484682062,885.5388334146178,655.3125325749301,404.7672041551973,427.96047884167155,360.67607233568145,561.4662221761204,775.3343860130866,1
449.14587263861085,4.747031819337111,172.44014710043487,430.03553825862986,694.2405390787037,337.68764407370486,725.1258422109045,427.7863417050175,457.33387488228925,248.03001179058205,189.04109373691637,433.985535833602,702.7534498321002,117.92809922045589,87.10433329918932,517.8352048775837,640.4116789422761,796.2013229921017,453.5176131704179,514.1577860851734,1
7.247694252502046,733.7963690722793,511.77319808636787,817.1263776073739,550.4263587473783,5.499826008439457,105.303908359068,996.6326258893749,967.3594587159123,112.0228084580468,725.0832221976883,550.6359983137276,232.62729917255655,528.9489056729991,901.6877415400709,976.7142186933256,436.1442413487513,912.7222241589357,754.1542710147158,211.44337481072552,0
663.4787037756918,497.4543685702151,816.5189648120715,649.4872558175392,664.7599378541182,845.1303716455783,149.39318985562323,773.726296798057,470.512274325905,512.2510589761956,304.0332408532692,681.343777973295,16.925269363980313,684.2532693500265,807.7337297552,914.5461248545695,786.7603945356886,958.8421020428278,952.080178518251,83.82406050178015,0
199.1506647834005,889.1701987354686,64.9733945516382,341.9880455060964,119.24870113023944,339.7159392241189,877.5609372829958,684.0007291515473,667.7974917972919,852.2870748995646,450.23606199162856,632.0113044318649,109.78481790239991,806.1268312651598,529.1014190315328,16.461627007315904,436.4168574800593,112.45909494105655,444.5910834229856,631.5097848363204,1
337.0666834158487,124.19500655189164,511.20929798742054,515.1771630140313,893.6056902723961,23.466172824613828,52.85752360108064,380.77400792263273,544.9866839867792,275.70274486548396,571.6162013359602,74.82301285184568,711.7885359080991,641.5760190615374,635.5486805617568,668.1371285062776,895.7765405358585,558.297286779095,106.36757033667621,699.1367827742375,1
238.04847340072632,539.6704701365647,263.6129595948492,48.01530176064617,373.3022421107968,71.31062741480731,104.97039642917028,758.7516546110542,975.186980685877,350.1909316035272,644.1921689577784,284.1639646423627,46.252541772865754,562.6375362179766,908.0059261953453,474.4855237969793,806.6058160089902,68.09164760738717,290.6057203566812,287.3089315835567,1
918.3945161057387,345.3933086740448,44.54619263030435,83.53683344298734,479.3149665436384,193.69951813993126,331.0130411867346,715.2719521338478,417.4444057767721,705.0152136378224,280.78970671377635,320.9132584869282,283.4147768913152,326.214408541007,177.13403443907717,951.9722213493578,482.39802801428175,564.0307341900059,418.0476117585842,243.3053011808315,1
346.814485837305,84.82265544159817,262.72149254727253,529.072922332338,85.54823734642747,364.145116015006,292.3830902879624,202.67722793702282,267.17879485417194,712.7764707306133,732.6690407524825,869.6043213261111,568.1799736712013,394.1900618040436,381.26983757573254,165.65236340570033,648.6141279949386,808.9635907105717,461.0286922751898,37.53333358526445,0
698.7394274947029,392.7421083800372,880.6222657100033,169.25321211340216,335.99933550438544,70.1055180925414,523.8108381220591,329.16550799769817,234.2301362499375,262.84221149870814,296.4005784524537,535.1079526433664,792.7094466190605,655.2549213192409,934.2110583478997,265.33619122430264,405.94915635034124,970.4755721739392,210.64868294585239,634.9800903670731,0
219.65238685749455,982.9855620333411,849.3771951300948,582.7846390114469,873.1884599842738,9.623678612597164,152.81733947010255,420.6096290778275,40.36855699233688,701.6171553754799,869.9255271505857,22.759894731390617,844.5782975081478,352.4663512382017,309.13838446018246,293.1200997082771,253.59122987194138,860.2637113574655,204.71018089801484,177.20406094709452,0
989.4240503450271,949.0023850219078,696.3598991163534,391.02025507818695,803.3786967714364,15.351602053958246,464.0833768215996,750.0200211247742,34.32877784286858,16.245451108902742,163.74364126900986,761.412592488538,455.17190247126496,56.81364370590336,884.1439539831731,794.85283259843,639.4627739817279,189.33471169467643,775.1002997200785,555.8524265204456,1
336.8079189055155,499.00519897722796,814.4806686726643,973.0929117126664,32.114278172746815,116.72129330303672,729.9316159011801,746.9915380231637,815.0795614691248,283.35908296231906,399.00344798523366,0.4560721112520927,236.77489143495654,335.3451795837039,805.6252211797633,760.8262945655785,109.01727130262262,761.2350470812557,173.6984752669828,872.8370536821008,0
320.05964803670685,75.03792872313974,610.5682905750482,948.657000873146,131.8844592015531,601.5932187865699,771.2309381262041,476.50928620098966,644.807181216209,268.42483488862655,547.9946401276297,740.9918714375765,223.27447329496752,416.1725163047469,403.3254115471652,337.7743713971899,248.57071146304776,942.2345550264929,242.56420971890924,301.9560031427565,0
87.15038048783752,649.7056603808038,427.7415786172699,745.2068496493579,843.6667305088804,115.53158190049817,0.8032505674737678,640.7561956138652,706.1298157458418,394.8735357061015,815.0675539831692,434.39897532224614,467.5806972616654,496.2019888791803,736.1994750608687,814.9553822062663,351.2218708988504,956.040493637872,78.2218717785188,845.094146984943,0
916.4386876196594,75.25345549437989,823.3290644570361,472.99895009191704,30.345611365870774,118.1578823542434,917.8776610762435,212.0436165601507,901.6832807536172,811.5275282984652,294.3323222577403,210.4872973671994,903.8032837155564,445.6136043251009,327.69085138594653,817.8296229040045,664.8596408063726,39.87166534328479,911.6124562804981,558.3676145368743,1
42.94176990590959,667.5123595366589,729.8256821716096,414.4268849710581,97.66735578296948,412.70576298554994,708.6805543465209,44.775444411241594,541.1657602273946,427.7542503423268,143.56657631692505,779.401426601246,957.1213881134959,345.36807805700465,402.4635647404682,804.6946931340159,303.4843264720215,226.81689726367048,741.4819653650579,176.8483097745269,1
195.03366169179148,586.63221424228,29.003779270001306,392.8732222794017,302.00040247035867,842.8470867172899,384.74015077040247,701.6144519675358,106.46499531604026,315.9731296892292,781.9505673176292,401.59680120909223,581.2407931241139,751.4805602036821,213.48891283000683,931.557805495386,295.2886932134725,18.84694770605655,307.41312839296387,654.9411692017075,1
643.819531037789,181.68212141713548,196.65370857930643,69.78259953049093,423.6269661011128,452.9015205942434,162.29298910544787,640.4824012014907,926.9519170976442,211.54485669750167,580.6391070442606,686.2218069671869,361.50447161122634,956.4734957601133,758.9894479459583,100.42605726672437,586.7288133397423,901.9687283187488,255.07438931658444,229.88756397775046,1
688.437701278181,56.84030494735115,960.9287515032917,558.0197826529618,381.2990453048327,392.94737082211884,783.5598982634395,361.3851349120548,794.8080092385231,342.2262150199524,865.6338198523682,81.86709205075604,322.19908249981,518.0865194903911,237.46534893420358,92.80669660606944,712.332678744,958.3427128690232,731.8164673560083,16.92463960206181,0
755.0887486418341,237.72647591544816,570.4588405046652,39.09537865296808,28.976129050666934,209.64001847748835,719.4604055448755,137.13105621583765,601.5687229054925,331.9505705181618,732.6665339741685,206.83361057287243,889.6795863142692,312.3407232145394,151.84014520578427,393.17063985277355,455.7032570528872,659.6624863824311,550.0677631564533,726.2924359318356,1
299.9005106137268,820.5162104305592,27.86137428929958,425.8270560182923,8.795513275082655,534.0073151060627,540.530955996244,484.67914010938574,746.9358296059119,833.2046442979142,645.9636238037743,603.4223336307267,792.9366454893418,566.9287319866796,788.2597088288809,831.6887102415922,970.5522524864008,785.4499415344302,522.5989380893548,406.82966119219253,0
114.69128566585896,219.90114321013277,703.4114568810026,196.04249128197927,685.5371340145614,851.5177531405745,142.63607117526567,271.3683759495217,109.80373284774714,263.5722998491726,784.7462916933151,951.5241095014674,546.4531378471794,463.9930671167326,759.0178882520703,950.9889885794997,4.17036794244785,936.3423510818034,23.64114674713558,976.6025002450485,0
835.9184961941096,264.9083848539556,676.364092974322,225.9810278306994,77.11756929805125,471.1075606952172,328.2833883346599,478.97882471758567,586.5039562866066,346.0215407098789,612.5547951139974,387.4285283554348,35.68230827751728,484.04865987438916,593.4781007376134,975.0551428067956,20.844828533533864,856.5634843277105,589.9295164677692,967.6591909975954,0
614.7098601770407,939.7250044586737,807.8266851878146,917.3081498916832,760.7760177232833,876.6340218105506,184.76490312015915,849.7384748208187,492.73427670835446,297.77553885775774,567.9489197761662,817.651583833603,607.6533610318597,313.7691558721635,183.25075201399622,372.24222528456363,461.4001535955857,653.9502538805683,187.34343603974557,989.2599019156413,0
884.6687847286204,911.3040001164734,136.4470826782963,79.13509219235759,445.7507912726055,158.81768138638074,267.464922516385,779.5145037367741,12.095983924234277,695.6235512814901,328.6015168264562,921.2603152100653,774.302457787475,743.2512266366406,596.0964185760571,148.15685930670853,625.3416327821983,520.1097362770962,136.88028943280017,49.92271409043414,1
292.95862883364845,306.9294776109096,35.574943715728004,293.08514745720316,971.3857546758719,431.7413222628357,658.5867289023732,161.8632011909863,134.1413569217177,12.513709029052023,400.5756557689443,50.904465767790285,442.778022084644,733.0857450050482,916.7013257446873,737.2396870791865,932.462388745245,708.018041705532,374.080888522439,602.7920533360044,1
612.3204248780881,653.5351889709375,563.2182868369292,360.62492522033097,166.6993655202038,837.4407039062522,927.7944221628387,548.7095192468305,976.2770364616221,211.29118305173168,455.38854821798026,757.1035568371836,199.25297981249744,51.397496149398926,400.2139865915938,82.58013261109542,677.6265730320631,338.9319917149526,628.8532043156284,157.71274470668772,1
936.2086376141496,417.47575981452513,363.88265026107956,899.9545446677748,732.3695903575034,293.39873587836496,180.27086385567793,586.6806193295936,44.50549800346559,405.7837559196409,224.11089329418877,780.0010176582962,493.3844053063914,218.41279294476024,667.1095048746896,257.8380791054229,36.929361368769456,586.5924740574953,619.6975616199155,633.9890693734148,1
529.2415269145555,122.25172655028582,349.45341402824346,606.5717528824827,348.5272569994985,968.4026033460517,414.43833976092503,842.1834499381839,898.5913562489519,14.83002396876454,167.09819069640653,234.41418056432596,886.8998702214888,211.78149072942165,144.96238395456663,454.0578453261892,66.66172574049256,845.8995112143149,515.616772719306,557.9615411205392,1
156.55435407801878,657.072197547795,936.6298132050042,243.94403929932784,613.6202054479727,102.62341838822697,559.1935375746762,533.0770652140944,933.7751377291734,61.61878876043281,508.873866495389,767.3386470000796,198.7015419135314,326.2554334033634,737.4173046389735,535.9493393813176,953.4875051846681,400.75037481177844,651.7003103154406,826.1067927481921,1
511.9251738616281,409.0741549133835,829.9665569293492,327.77952654211265,929.4510911121528,920.428286335932,322.451562175187,603.8881997750078,218.68924789175904,837.461734422329,61.06096236762426,549.3964216763299,192.9337768913104,493.24388674291265,51.975670498633605,538.4589765507022,741.2056716535438,478.1504535404677,748.3256359149726,524.2912824298575,0
8.35092524181591,168.51785801584518,361.26025787201377,815.7922501542829,570.8458485115453,419.0270925979161,971.6325594165729,962.0335765718211,571.413922938501,629.6878013720257,210.01995394250085,912.81735762182,560.7569086578827,314.52009682912086,765.0357130958172,550.9651458859346,823.4453365621124,320.09883495731617,639.3984610797903,226.5643831071057,1
723.0918436377331,606.3960101595538,250.1084631600169,696.0320806590363,541.2358459976103,448.24299300687943,770.9129357304691,641.8407047824177,304.3206503382724,497.0806425823,849.6427511630567,864.886257494756,992.1412242134694,247.23890717646015,344.3706791608195,706.3403564442145,678.3075587977904,590.4180404780386,996.5353675362526,885.463945890814,1
354.58972422391236,729.4182922887628,340.3431689393238,634.5150685679938,300.442260940058,885.4930710355773,296.28061116018,678.6793175953107,86.2512289337175,409.95010391483254,711.4282583942629,723.6063503939671,656.4983117391157,757.996652551834,662.2661847959091,268.23650855120985,865.4431637548835,330.2672757782843,372.12283366719254,611.9889637349561,1
219.61839058968025,337.8509755262993,883.822415455402,964.3865673660308,937.5018390935525,434.4315387218387,168.10720882739338,225.92329925430442,560.2601669817954,405.020354094784,410.31076150513235,652.8099902948815,391.7646825319583,496.0667611775654,927.9926603556369,594.9528366473938,692.5656280340852,429.9694812596634,200.13540975768873,826.2594066696212,1
215.15961865046307,436.8540220321194,658.5629852453465,518.5392805637422,233.83280848604159,978.9266808611321,563.3103233723624,289.8266798605271,460.4070723360003,606.2591862458529,878.2404055944041,153.7091867161029,750.9109750529119,890.5594223211697,508.40657948388446,730.9147916362676,776.9651120418115,298.6941040732353,605.5516302423651,651.5703403015781,1
201.03776022934483,865.2294549527712,24.32892049465929,139.28053969971722,128.97369483887078,799.5779064151391,175.8088484526753,152.35128596446813,533.9970851941393,820.5240210542298,369.22103310095133,328.62829160624005,631.2897079239282,538.3119590311509,779.7666607361091,234.1121745427419,450.509382475982,190.90532369838343,465.517460699581,745.6280119458228,1
697.1109309251864,795.908157921362,104.34469380320732,982.5660033253845,876.6518625876098,34.382698235174594,96.46712692404846,296.7980931665153,581.3686045162309,800.7396880576074,210.4446204454905,123.47357198290521,156.16380574098986,182.17289589156783,767.2955847377856,236.06680000635993,217.1721968728615,212.4775166918982,127.16990778250337,343.0349082148043,1
80.90419963081807,370.86834498160357,712.8502812850229,684.3928747094208,271.625915225905,329.5599862432965,340.91371184223385,908.2196401095779,681.5105473390664,677.3066375850537,91.2155828891712,263.70664454016634,962.711195054635,949.7767405420138,570.5702559554003,22.42961148547018,622.640734620752,28.234779579845103,515.1128197208074,819.4232264663605,1
178.48476567452698,386.7856805458879,819.4759026154289,132.76759771428016,45.07274983756471,81.28822075893271,466.2779562867448,877.2896040881293,329.84067645417593,749.4497652994265,750.3525908157736,824.951238841345,374.8305648361022,669.7421118494934,487.3059295824903,737.2025879750533,395.8147141839943,233.1610044037624,581.538906612523,714.3382829513646,1
257.9055350392048,854.4833874714335,374.97606169302264,766.2026767178232,641.3116219472454,531.1705747794138,874.8712510458807,134.3530666915208,573.3391005335127,859.2054189667426,454.5110308195256,215.08349114261839,854.3430838850901,449.2145587619283,790.817866086465,907.2558338015288,797.3835289011896,51.73900841105939,3.37677546198234,303.7644431554295,1
159.133021082269,919.355040805786,61.753964632749955,446.30174560502456,745.8770009381137,976.9154734291469,403.41907413056975,945.5082604260161,218.28559537701565,111.77526347272592,478.80301456500985,912.9484170300051,397.23109050833204,2.2735105240665465,924.5732924804221,500.23568599776314,78.64924774634308,83.67068314672443,642.0325805093729,513.4363508655753,1
200.89639894467726,37.30333974537881,745.5364029856959,476.53005188971366,353.46497035204715,560.8438486673695,301.18896515610174,36.61236420232849,478.5862483076998,295.60468890951717,295.2741945040515,332.7181466781861,628.3454066413406,38.102605090605145,139.36747026946438,935.7244119577406,451.47330661167615,611.2783147934504,297.5652042985948,174.48485394148872,1
360.25236341270414,955.6772678779723,420.5509081846773,525.6196716196878,73.70565366957993,27.88146037635164,394.11239929854827,176.98483115635256,880.5396464550687,301.55303041128013,282.2530727305431,729.4522561289631,554.9506459679791,395.849376121013,164.2171642563943,215.41644860988706,900.1050457103732,952.3144448599597,226.16373611623197,211.81986063904856,0
413.0113651424452,260.3652229524964,124.70151307552469,540.5819189372993,801.4332111795551,712.2869378359871,639.1022880205408,312.13393176328333,104.86014426616886,272.9543688204225,745.3139817163312,763.2912680401976,641.5897725016057,790.3202404105248,302.8293225480566,353.8591295848981,552.3993766049256,316.8437185617867,534.6525229506351,882.9632050567569,1
993.2253346543108,281.8518450727328,913.3875951004501,193.36974279362406,832.061163941282,162.32683842959838,636.9369815550635,255.00115213865405,271.83963961723845,547.3971223405732,574.1128653182022,333.36022582294487,444.3801834449723,452.1002329714915,959.2927707888365,614.1408426492352,863.9096370546259,639.9517498573031,265.61339443263466,260.6187182914128,0
181.92998737080435,657.878134536212,400.21513816463647,834.5521444960447,976.5742904814846,940.9952692167399,386.66468807043043,127.86885393129654,28.606355208068646,810.21255870712,944.0939060362571,524.5201377659432,955.9095853010879,181.39704619224617,387.3580365826711,302.518680867531,212.93924670471742,933.385923413756,891.0450218360223,794.9357800147923,0
285.00597280997476,899.899909379324,475.69951741421767,125.97607377042397,956.7019282413556,947.6565759895184,186.62526860918328,61.184519267227124,496.44727254862175,80.56999624269068,1.2761490327158898,474.4412807118093,396.05246787188787,178.32120062224266,232.06705088866275,766.6743075919264,288.3434833139131,976.5347515518071,381.83243524062505,177.80388779678069,0
156.42765714156036,918.0743887978928,330.6439998121028,980.7852388034215,28.950883537521733,832.4497311327735,635.6297020156641,410.5008494881517,946.9749516864533,534.2894421514259,299.2057249445236,858.069864673672,710.0378546559438,664.8985418160607,845.746307541215,979.0256803616514,102.19920389475234,273.69666298108774,278.4972721034086,52.3595311164009,1
533.1660117938678,337.9624149377128,500.10730326568233,972.4463931755733,153.4496214722809,974.1914166140933,964.1473280479183,189.48437601904922,535.215230933744,915.5617438992721,698.8295362342103,361.78141158608645,124.68841321262491,1.6342313470745218,132.10278842728084,191.90887025020265,527.800491824243,441.5287852305898,480.25524825814415,385.93473617853346,1
929.2854601273294,217.42688788107313,494.6541756559786,159.21131986806546,411.0351946698306,835.3807350362555,388.7980876346392,993.6363140077909,348.69177723975855,472.3645380485163,911.8678404605045,895.9700647843953,6.396187380491192,319.51810562878023,883.8743683003289,817.0017848733049,990.2310800116317,408.06973323600903,53.673895223970035,416.61139973692394,1
169.00839364320652,49.401554477331075,373.0919951016069,973.1974919596627,744.1220604824342,114.96705061111379,903.3293976627773,639.3337527381777,495.58834882132055,57.01370479873225,311.1581950803252,76.08597065700906,757.6275767403088,412.2103307098657,395.1392189356824,674.6897021150503,116.97152670915034,290.5587140039736,707.7402586893953,649.203115228858,1
199.1945984299517,659.0547184209896,912.5636788514034,315.34895436283284,385.10918046261054,300.21593155390156,282.65310434623825,656.1638354552229,298.6438549891145,35.559057374873305,393.30426584414835,237.11988111611672,224.44258437362728,342.78712852012563,156.96964734372665,891.1725100479982,845.7097326590008,184.00054446351533,453.5294904502966,90.6086864699328,1
427.49994936433023,742.0553562607704,537.65573272775,944.4700764560845,862.5499830213784,728.0105027203663,445.04570323808946,347.42862378397774,734.3435735736732,930.5521693323425,839.159699782728,881.9633843497613,504.58637898835366,372.51248259778845,963.6799564522231,730.1231854677297,774.6340150103676,557.112001784855,834.7572761210388,394.92074188628135,0
240.88942757865738,274.92724179726434,648.659875193252,881.661164602021,822.0451733661245,763.5022975110203,899.9189542982681,3.970372755837448,630.3080359326756,714.0298884172722,350.58582564898467,944.9475321702237,66.04625000655528,208.24129519610267,837.8782232400655,239.5960619639228,376.0914416137511,864.1656984114486,134.92383892663062,786.6667453896241,0
188.71965239207756,351.40407239997774,368.6562333407167,261.9786729369563,478.57739580845805,148.1407009321002,234.42141336059962,604.7331340815832,69.71063838058899,214.7955074745872,736.546811414947,373.06459496712984,154.41979644537284,824.0079356729519,485.147614613723,11.366990058039207,190.32622527978958,732.51908531896,833.4103109209799,661.5790020870307,1
870.4758123936582,523.5783994346167,0.23846268488625366,698.07453167141,96.246677525624,854.436908433335,378.98581857761,782.7028759615823,234.2351077573116,823.6393844104568,398.3955716977666,407.33072252663214,841.2800072693105,213.80994061992698,611.6661616671556,793.8778628543138,218.49304759856315,370.9222517238128,242.00802762585226,383.75178918330846,1
418.8148831381382,557.8172799206179,172.8376409113278,660.8080785127069,540.5181509958414,191.8559747918387,104.5852918999548,474.6828772829542,271.3873618424879,11.793018667970223,913.8893531754404,305.602574983058,765.9303855203091,387.39684627866546,905.2395361886437,737.1837456356913,939.7431448757684,147.52366267014548,458.5226531128428,868.950923648147,1
81.67665154502556,373.2655370831264,70.2194604757973,781.8877271125518,2.3725454791229117,232.14618326835645,516.2426452207629,720.3820907928285,138.64770579616192,141.11944770056516,231.59863348752341,276.56481359415505,340.89543906308063,904.9497201851245,957.4987916484318,512.0621480693269,605.7005723089773,438.11918216635206,855.7577534994678,791.2789019076724,1
656.4201275194802,822.1301985924991,567.234456992074,441.07041510938893,362.7802899122755,974.7628278549397,891.5396838649096,303.31658650672347,180.6223654741208,925.4425720048142,761.3586298007135,304.42600729348703,905.2326961836586,571.4840069468527,216.60224171225795,481.4974968803084,610.7012812240929,843.9578600160586,849.8556502374422,601.3509220690122,0
332.7114769404389,658.7643792669777,257.1331553136653,261.75787544068305,729.3043149246977,355.17710040937146,163.49987245636711,335.1003813774183,934.8437890151981,52.562531126254754,816.0449835834496,626.7499686127164,778.1601873477059,710.7501021818994,631.9767442981114,516.2818510578126,479.0406042611971,767.8325028958144,671.175572138749,97.93722497852542,1
619.745185474603,823.9173616800246,157.1442053160581,295.5998141942346,837.2098485297018,379.02668454084966,124.32909863466523,667.7944804138724,932.272580611067,945.1120810306173,219.47894419149128,454.9604879134369,648.3298346616905,207.0450645602192,238.52714674963883,267.72719774934706,736.31420694146,846.628409440702,683.1871746896064,893.5235354852753,0
748.0936541357969,454.95455444922897,753.9325158100365,352.415344868943,447.031130550256,629.4788069651052,511.6629911346041,697.5814181008203,574.8630172237746,38.44457463817097,580.7342632016615,447.40491473134205,532.5362704981538,174.33233261969227,60.563148977886726,862.5557018433002,410.59686556060393,781.1266671528344,61.1231931875702,768.0227275240288,1
890.1040748327847,629.780148196751,422.4977008776859,17.83642682273401,119.15935385845277,112.23010166474923,834.1965238627614,507.2492442591994,15.487114537225178,499.4328601506366,308.5864271818061,991.9054657862778,599.7848038425557,214.49596533356495,193.62234497927355,584.2729213800859,646.324194779248,342.35664549305625,241.81473945986454,613.3995130592938,1
841.3924946606709,173.74181785284216,163.22601895138644,750.8792923100414,376.43324834921344,19.873462114178064,332.72663361296514,190.58740619497095,144.46011968876826,316.718948562343,807.7373743373266,721.6667146952528,319.68791542302154,346.42468331271516,942.2630546285246,668.0821227634715,960.6311034006986,493.9165031667032,803.960695282295,315.6598732008729,1
996.0450588014805,377.3502065649084,661.1497677494477,704.0421465074041,120.09156412263866,558.5018719454783,108.20020876011694,571.5293957710508,705.5576818888688,175.0135153572322,843.4614769926338,510.99459243941783,584.9860193845036,15.521419643193756,10.215949242585953,153.4134355802561,855.1478720718802,20.822505084448718,81.2014716746483,289.20792864840763,1
383.54622667053206,640.3410134254958,72.94920974876318,841.7109244743484,830.3275406495186,353.5837131662389,971.7914998741736,804.8416873128585,951.4705181880497,191.2392098163407,949.648158236499,141.72419123714985,445.33419728462485,179.55021225028202,142.74189336804687,937.9540410264513,431.086909251969,906.8629588042143,296.71012389705,59.35812741656454,1
137.97159568712834,428.53901019042127,957.7768054249474,527.5192472859787,676.7837577483247,698.0282242026916,295.04311487683077,45.96656231962282,649.0047083748115,374.5541180654765,149.4670965747924,549.0713655911422,898.1530647675667,832.2425008664648,630.97524171883,116.33314658574956,530.5996921051301,211.69206795315677,290.88449697723087,466.54125666057,1
152.4146395799152,181.22216176283536,998.6765179690713,131.34107813505335,349.03698518002693,936.9592805865587,515.8308009842174,851.2886606893318,286.68581211863165,496.8844183866804,378.34021681587814,109.66394711737016,517.9034423511041,269.6720919233404,87.70959205819307,422.27454992396116,456.53495844873146,366.0280292809653,444.17588060091737,269.54769008501364,1
619.8038912242738,289.98757690230536,862.1412277416279,235.10625097343052,686.8130571045253,368.8956576364435,499.088160766321,423.26415774090486,233.43445713702303,509.2442893367015,928.0261108141337,118.9304528434023,105.92698960797009,129.53419895534057,125.48249670130396,565.1477735367118,861.9525404114955,728.6993500655543,540.415942639475,108.72986374810678,0
792.3784071710915,74.0483952048998,878.2223452583014,651.461997714149,968.0846289434788,575.8665455908307,569.2261258517138,553.7696478638447,602.7429805998185,158.09047152559273,436.6596309361831,336.9814336939794,672.332161013535,723.7226923224431,738.8054785638492,520.6875414348893,605.7450309407647,636.6564412552888,454.1598750817123,408.98031178900607,1
204.39124431184752,439.70967682244356,350.8913731045762,37.4802365563911,816.3958858000515,797.1301641203522,168.44386295376435,994.3585184813498,685.2366264598838,634.0861822938418,648.2636813820376,908.2021490647942,510.1757569534506,149.89187379250978,334.84025874367205,351.3693179049444,543.0062463047303,603.3899692087148,549.6180991611571,738.8551708443064,1
140.08653103354916,909.045493124204,673.1861237062527,221.16877496721287,838.4644945057332,921.343374663529,111.83174200820834,248.91368840339933,756.7965983766724,461.19325710824023,705.7456570273707,634.4887762219561,476.47731370202507,657.4669733046258,979.6668070397968,350.9098392918452,885.6566394334195,320.80334689891146,691.2607591618882,976.7263780234174,1
155.35645574130342,5.692976212679723,744.1338496562954,3.8394377161588,393.60749293971185,590.0207026482282,552.7308939099685,18.319996909171966,261.5004570761158,295.22695788039755,569.8906269125679,464.8719093605108,889.7690706065395,599.6218793329941,409.90158734596406,87.28137394914415,541.3169039899709,415.06324071818045,651.7904415665499,460.4346486073266,1
977.5437777998366,311.18187071784075,163.3112343899541,436.7822032194189,761.7520417115624,648.6197679093292,875.4001295681212,423.5793755891524,87.3061505252094,492.6358051791602,558.9817413867826,923.3188120245059,195.83846918182567,85.99322750204752,834.5761781027699,90.31958788099826,96.83669861399669,120.83520113946844,598.9747001827828,29.961244937341203,1
371.12449438157023,430.6008792802347,682.8961776836006,246.35946980289236,508.4013465378492,857.9400446901933,696.2698344585764,257.34916606734595,456.92114979068987,559.8412117622564,660.807334742341,493.7305525726935,26.64047951657711,406.8052683848056,244.59210506719143,16.808799740122836,931.1571945092215,204.0490482139532,55.49209824283907,701.4828724306224,1
359.50005877942925,182.30677490117142,81.54497206424927,887.5295654067979,362.15011734674096,942.1762389152307,868.8403679409232,174.74389656080268,996.8864750875726,239.06523889698772,675.4174529371904,76.84389960733007,496.53335885674943,208.59688014391864,833.1767680510144,125.1210479551862,828.7266956419368,711.8010909532858,320.1093305876649,743.4869573111047,1
603.785328952371,206.85606510165277,169.76427882409206,115.58500992030241,164.3587314537529,615.2944629537781,778.6696353340024,780.8693608459254,582.3121833789976,691.3361509860507,151.01934264405193,100.22025548609803,699.1507991410626,719.174469952652,572.5895913335426,296.3354521644109,992.0425086190864,259.9747993306594,425.08996543013143,580.4106822180911,1
757.6823215221164,282.3309928405232,231.12675391249238,170.18799312340826,638.7368908907049,707.9170634633709,656.3733671623552,253.62556309655182,328.49570994059485,317.50977854191285,496.9750925339942,720.1406873530551,212.72409303476903,313.93471746983346,827.2991332480905,435.06513009245964,358.1899701198721,590.1941947438753,79.85167195702914,171.15786698203362,1
807.2136427328219,812.8501464044043,405.9394805897558,582.2691015108173,814.1402314757122,226.56069674630942,310.1774141227457,864.0685182290074,506.2097355861095,681.0972510139517,101.4669159687741,233.43813810766045,995.4738095003179,710.5347216850254,349.15790656901737,674.2561024335906,829.9801775598114,158.76539292601143,292.15187392240296,18.36845674163323,1
1.5109511565821743,546.0471029217658,778.0284056954059,851.1375159840352,917.3323110269081,39.12741952175269,670.936424699016,212.93420750202685,562.7670206430987,745.1560319309505,730.7946558996642,228.9042416500825,919.3586673374997,902.85965305517,374.87765207719923,910.1614859373744,326.463957086604,585.777863063067,554.832160830082,239.13045854021186,0
142.55114361997533,966.4914296657034,179.21939250259223,300.69203130133536,639.370316680406,807.7256497078597,121.61124387627508,360.4473185802176,328.075191440569,456.7799121232271,64.40589566377308,406.83621862911366,764.112118153921,866.5901907429833,371.5507931347628,335.8371208759554,932.5447197491121,550.7117205965958,552.0175729143622,830.3426054902346,1
409.118801900023,745.7076987056886,913.1215645907803,832.3328280190161,760.1738652213232,90.85389181811054,18.32437984309432,581.7861430083065,245.21819772658915,380.2601009243253,362.49222751396684,314.19848907958004,914.5071497479773,331.7435935303296,65.29154958797756,701.0166649835825,743.9892009743935,403.3940865863016,907.7603133093786,218.56655649391988,1
79.42359152611411,111.25293921771873,399.25393577573743,740.0913329253533,135.57889856092154,715.6788119076645,322.54920168310974,86.59088532252524,221.15293920957956,519.6994039856706,911.1399981936775,816.5193378011712,592.9827564006754,598.8847533710609,964.193225746442,491.5329762503965,918.1404897821797,988.3944649884993,515.4684575144743,781.7120430148133,0
380.91290520088603,769.2010263605845,108.86577759970851,976.9372864409785,127.73748789605965,825.047962093855,942.4789872816725,55.97181956719866,411.50197739552885,216.26377836929822,398.9040265368379,881.2618384908164,940.2380728867644,883.4739246767741,517.7940224093066,378.8567750686126,896.5854775953056,765.9336789762904,428.37299218241964,885.752299834486,1
251.32885520282267,228.7519798253601,891.8425443459615,197.02907862620856,383.5788103910514,295.81318454693184,968.4275389323084,461.3356049653767,851.5703166762222,87.14411558766821,661.9966898880579,57.3648830091481,110.54902263754019,55.67818594771157,753.5864884828467,919.0796417115693,125.73914144872566,704.8170677025637,442.6484569620412,531.1881295671601,1
203.27427579161795,769.8188689134198,354.576171510391,910.6228452532454,637.0559918620869,955.6029280682002,813.5220767852481,9.495220090491529,47.59146840927131,975.1094560642019,886.7904722823648,325.7645647042201,697.941585009841,664.8323396878975,433.49313130304677,417.87110801136606,110.16036258310791,704.3001224693741,645.8852930087338,221.5148395739963,0
797.1193566154413,650.5991504268347,221.7616460933388,96.79933785894124,186.11163827079568,214.0558877800739,955.6193716867161,192.82916787578418,834.2449812092536,743.6721390248222,815.3377709209925,886.5401250403539,805.8461972460559,627.152943953642,176.29961177056185,773.4936327883063,223.83475147746344,136.04150176280217,247.32065804491532,652.6825036932092,1
726.4947140360018,399.3377225985462,435.64626355975076,739.2609249177891,222.80440555880665,928.0107470740459,97.25419300269367,155.41179704201846,171.83091782756298,862.110780664726,908.9200245954302,168.38172143914042,6.29244263263895,133.31040237203206,518.7670787756513,706.3327376352141,551.6272031167061,183.6436059472041,760.9785179956169,374.9418459225251,1
843.9339420268523,393.70545220284856,942.5112836723375,159.10314415876192,418.92829007901275,467.41569069119015,741.8356428318032,477.25708745289455,748.8651200718213,170.00285701153362,392.0564257676057,480.2076032859971,471.93893046225963,759.3893500804008,8.974347957378948,499.5524656776117,761.0186844392106,522.8057917844338,202.70796896693065,31.82013827428076,1
9.303910205010313,589.050502172578,796.9559962599084,811.5751801007485,726.1381021301942,471.3692550625729,360.51819112163895,529.1491601156092,576.2207713101122,123.66902350251851,877.6828798177482,522.8749399942834,137.1498384305262,703.9630747092685,506.96101035832254,301.0989306086398,591.5269628077258,541.0545301529079,275.89551978932735,514.2771362181079,1
847.4615765116489,728.635474412445,930.9359377895327,897.8801670246781,367.0646595738727,996.6820712212859,822.1327319396667,751.7597181978381,561.1509845072159,243.67763483502202,416.1763836782774,75.47770846849578,184.69991669363628,312.0745386844617,345.7446399768407,89.7245699623963,79.68696188781831,681.771815933805,59.40491875444221,436.06783301161465,0
987.1516188139988,629.7464530014781,191.7707881996007,254.77675270271394,552.8005168974238,676.7211163521165,82.16465802042461,760.6290050899369,464.2052194479176,48.55119091146965,371.160155965908,815.7394200290709,618.9915802242531,759.3036862344487,0.06556103601229601,600.8831773385239,395.01388611057865,150.9624690334911,9.705714480220507,715.0541799398258,1
668.9252077447459,260.6580665731997,42.43986782403197,227.76679522890663,448.66060865249847,355.78705173963965,719.2718145834966,872.7052150890171,994.9460204011311,88.37787389384388,423.16846735756644,272.9211499175288,463.87532748649096,617.2953092319269,985.0842272129141,406.8849115009936,500.71024951830225,863.8746209827674,133.9962554680145,219.9057111769829,1
101.97845651189785,256.2043204280059,295.06875259431786,726.6983469514835,209.8199559122832,386.47356274207914,652.6786114432902,397.40548143688335,816.4467310142029,467.2113445528259,883.7948803669728,300.9133482668801,176.0387900007191,636.6628912640662,334.2465627108129,23.02109220911108,594.9638710252815,435.04030177755726,945.9964428690297,133.21147184164573,1
601.827634981811,395.51958206439963,2.4863463621571658,450.08414029479883,48.27654367651946,57.11891386776091,167.78340709834305,354.64785433287085,469.6040482975169,884.9753875727246,434.230690917531,317.462537972958,147.84860627736407,452.74519049605055,408.25113763431966,712.6429800571646,322.6938252982797,208.1567914479354,137.44363489875067,406.5356480035477,1
74.58792424231986,401.5476483794025,540.2249336733605,990.9454010631177,699.3924675361752,562.5762728143727,587.3745897217369,964.1833812465018,94.43413452104232,471.52262798793123,470.90534387635705,193.54848007961277,867.6901297610019,662.9041719019293,778.7189109844821,942.1537966896362,895.2097921279827,161.92729725029898,587.1329203780738,989.3258571101886,1
347.8488151417426,707.2745540892295,984.4578613892483,585.6791254203669,740.8246585292343,833.9607052319635,781.1840010004357,831.1765473334478,439.2850053569338,356.8127535797091,811.5209276547826,690.4519001714015,242.1888936610832,593.829806825817,238.43414856355926,386.9231251666282,443.11522118913007,31.088232724223896,249.6184986980051,169.51760649878756,1
199.96442541067083,698.297086802466,53.574229406562644,600.1750341055549,226.78418839677772,4.957430038727395,568.5220067259005,104.61490990445044,996.5976543029575,387.1529043582388,110.07876485726231,381.58456536596464,628.9113621828573,195.08059038699966,556.6637190825477,27.04941433196062,918.1134692516018,493.4754931520784,158.9123508955911,921.5237790510411,1
170.5191199848818,863.8116666463666,16.414800341049805,174.2719240362576,633.8089611725171,556.6987410278732,294.2602427236999,967.4732620556576,204.2398398973785,836.7864322345854,44.019186151474486,747.0935722301838,162.759625884904,837.9852213620342,622.517011251181,434.37612664521373,193.88934831721016,657.9578966332574,468.7013897023312,828.3477242822871,0
277.97156332954563,300.8752927302111,163.8011438650714,994.463061385396,139.59420149362688,453.1608619099338,58.80845949588143,183.0563596489422,702.3609158010053,717.5779589927125,587.7956965490229,181.685566446231,557.5882468085748,461.07662923501357,843.1429897563542,709.5881459458884,570.9220142416835,787.5947465918475,506.34356867278717,224.57977394346895,0
39.298622096987316,503.4283151750335,519.4347823245172,892.4806404115343,872.0967401707138,298.0605907193058,446.4422807105648,580.8952043429338,407.60982934173427,285.85972310546447,110.00342329041723,707.2830033238267,831.7480634274183,246.4532655260997,490.4198000652634,10.093597288623467,191.05145034316573,430.3960142125769,971.8913367639146,754.1882423527977,1
923.153325108459,708.8941623142965,16.462626007535675,296.0483784194423,438.1485086086212,83.58433598348935,803.9626153469811,590.8993132473037,29.256237535426944,15.933330540535806,941.6416328374942,19.360565257739214,594.7242533455731,884.0062982753168,96.09655720275656,962.8252178560967,996.5020885212208,36.80136329791517,46.970390471296476,569.6238190061458,1
762.5393695737096,440.7048836628149,64.16118585258113,761.0301026705745,63.56622363957165,1.313150381604844,404.04679773779594,288.82122437344935,880.9297699942564,760.0841287242675,222.16006745309457,535.817573998207,303.3499730567021,388.5884719243854,543.4246217229085,497.0013786490223,436.8115165495373,302.22448895603617,389.59719177417605,816.2101637585795,1
64.52696823541703,985.3891364524419,320.14067475451304,517.1932150077068,950.9050863023621,78.22332851601499,674.5858376565745,597.3002977238381,973.7234529536245,117.45360855253418,123.5474722376435,600.7749769838304,280.8490944152289,750.8684876459528,569.8842586407194,892.4591914588294,413.60231741588626,630.7557071969021,216.0975635505662,157.52293632002178,1
464.08254642880166,589.5161242014996,384.78480378386115,170.57617620751898,148.87086576670393,10.595496412035498,376.9919835986788,203.29832342220243,862.6720073185442,999.4125888711665,727.8573060376445,445.68868764080884,300.93278934481407,817.6490514755683,630.0448974517637,331.8214783993727,461.3838807961996,209.2284138278825,474.74099303431785,574.7621250974028,1
253.3482912316818,498.5409046916652,527.8544484505643,317.3593692289393,970.7120289755105,327.88289801172067,713.4515058743996,202.7381424833389,186.29306946549184,387.0782448283535,148.77444122088446,344.3864529258884,736.760819179489,726.5669884864678,581.6853785550143,232.80022529543643,247.23581885820667,842.8528466978219,666.4347203538306,893.6438311964043,0
579.0382766459957,577.0397440237624,512.0595466418163,207.29591916138014,136.53077202403873,963.5756658386673,819.6758472936548,503.2832457186206,471.2314211969837,358.1099052029054,541.2642185771333,352.67948204603107,115.26678429257187,206.16561834602487,406.0228016786922,775.4455803676594,679.7134860240258,859.3885592817334,1.7520342732738614,538.5994259072905,0
265.5274547850214,407.4683357281477,721.5838351159105,632.046835194422,662.7352249167537,411.25626452671315,105.99880849220821,105.91147379923127,650.4836103694937,845.7697619368234,526.4638941430663,108.91485093420184,0.13751665504468935,359.6926578055047,956.6747911467744,349.41234296333636,427.86333990382786,242.6638686414192,9.311316893114263,608.828958230612,1
308.3259051588426,723.1033103290108,631.9988241947445,349.9976021574206,216.77482379553393,448.2673953842987,176.16380500254937,68.42947578758441,31.214822464474047,625.9136480941764,162.3118762632718,826.5724088820672,469.64978532297073,229.04549238714978,133.34079273185262,143.17645037754923,790.1808795968246,912.3351998694002,966.5830520654334,803.108644216454,0
58.649883501397106,889.0385149202831,173.89209860650078,902.7481089040989,599.8632632160316,380.0816205719535,439.7771950845476,375.94479193302624,644.7205063043882,241.71780207909944,404.9702333915941,892.7794212910783,559.4408933334137,384.89558497643685,365.8068506125358,765.5129227733893,416.28095506950325,463.35371451032916,92.02807157291726,998.178200266421,1
77.08698669169355,340.9877076273129,496.9009698344795,498.96990290231713,164.78987613499717,723.7938886376136,276.06774437155434,936.5321967018622,338.18270104172245,904.9067687735494,977.0674184664733,740.4648489254157,924.050879641816,801.6082883797931,488.85469344840305,599.2885317687278,36.49831179773955,843.8473558279852,910.9511667095124,871.3730281128646,0
44.79836945783677,383.7179602874519,35.161471212215915,420.6098597990093,395.7795144577174,8.813207388894128,567.0921550566358,570.9365017362448,81.25377138386558,933.213200154771,154.1538867768597,93.07759184024545,471.9368442542958,314.04846643724346,128.95454242535754,301.5247889608469,951.0475271819125,155.61750907805938,679.2741173185581,380.6206382155799,1
259.86894750236667,502.81959959970544,142.55840019069822,433.1075749698248,352.44049921136224,94.16439344476113,830.3422584082488,652.0377109849959,920.1128460031101,461.78829053585633,665.6609582878862,348.7950887933579,193.7902254176096,799.1102458175557,198.36913333987627,330.1283836886505,647.4004041632463,798.1577107407821,246.46964685609075,654.091646197973,0
264.0404640427089,926.3312450072924,950.752649864542,462.1421734304921,471.9019917672319,905.9579777397358,205.70131355878274,669.3077166185622,715.9655634263497,409.5791542101319,781.874079102428,976.7238813665707,499.7108418848555,972.2314017968818,715.962666942441,427.0263046612032,407.39496549536005,973.2403560671773,814.0007122382641,581.6788672824053,0
235.76798947690625,188.55208860106166,711.4305339076225,53.85657124084153,548.3383244058989,955.5472765991701,946.9232121723953,381.30371775609285,981.5209933394104,237.20751532998906,126.49383009134485,873.7276271611888,703.9079949429715,557.1976549652318,533.4955685181745,471.5855678138203,222.70106424998914,103.18083045285375,966.5083082701257,79.47587528485111,1
941.7486280319617,118.23260776073907,630.4475424342068,926.3608095283963,136.38421029941384,196.3968093839269,715.1573704265265,326.1539893300358,404.49518960213436,330.9360840036988,219.99352167721986,734.5155276316316,167.15897893149523,608.5257151648862,921.7057743445068,228.30711613879262,560.0343050405455,526.5313459117638,242.45483185596217,44.74592843531744,1
914.478523373229,627.2781224428612,730.5616441176443,875.0269127258368,77.3096033707399,731.0441421204932,492.7567618828483,853.3138024918767,80.28610693651738,574.2234467831131,868.6529435594978,627.3375257308695,207.55412632977243,616.3557401915325,860.635681615017,677.7350217208732,107.37646575361137,222.97056852133633,899.5160930353501,590.4924261040782,1
878.5897038482893,236.84002883451683,639.4803134527477,530.0808166082429,515.5183396026549,300.4585891857294,353.3905326753547,890.3125458136624,884.8100363222065,412.5662386193625,632.4612547886569,693.6609016346932,714.8129151543392,852.1568891459995,622.4738803069494,964.8142469588312,153.47080047689855,323.6783851632313,625.8428799036544,969.9819628585138,1
261.60412633303673,981.9279251938216,503.33487075102335,616.4894360626556,147.19253814942013,422.2026005081801,370.42367095138474,874.463980412761,136.9490065612775,125.1443214769593,405.26075818269356,44.90645398696736,459.9426018911784,264.7184165474247,586.2424674180836,702.7823071505088,885.8674470742665,834.1734634302716,189.62106113001087,991.5986967639433,0
84.8673238807568,523.5119850896427,785.5397097984485,604.0971015672897,444.5991858188827,401.6373301392883,543.2061864696975,690.6661662081846,403.2946636368746,107.0928228721002,568.6750946850836,856.3972754408913,590.0893724978457,815.3656520769875,884.6756205115084,366.0857669500451,372.28064899106704,752.2805349535872,522.6000389205907,325.720571446623,1
274.3152446744995,609.098128098604,840.9810062052769,866.3477691237005,46.48844958578202,471.75365056702134,857.7164118320178,756.5464261563902,3.4458367451375427,542.1699154311952,338.1941388627435,645.5789004491209,385.9242683734258,7.977857244626851,218.02758462998162,763.5071465003712,872.3676298665144,102.86676012665374,341.367832301242,139.21303195140345,1
873.291863775363,836.2953614942527,25.782499125658997,751.6344993643537,132.9901944901941,484.09678355373944,954.3080666842992,690.8324595773616,517.4313769141961,325.92767317537096,184.355042284,727.1073494740625,34.55160021849801,148.3401794481697,128.7691161782617,675.2069653416683,589.9611533123574,628.779583174317,773.350198969584,105.17485312795417,1
580.8527504062558,204.9382269702047,189.00738878410317,110.58828023861489,300.10645456521445,691.7758011600603,482.85573735453136,813.1230734340386,82.216952831623,211.2042389245915,102.08064873408718,960.681113283379,690.6560608230815,16.648351947313735,653.4862565231784,939.4941967613796,908.4339232540385,129.19462649980218,722.7940063434003,696.2245568161651,1
297.99623097642905,185.42419985995895,781.8662524223788,308.4157520097783,143.3422825115802,563.3764729729396,212.6229265565578,835.8382148423235,587.7138530001953,115.98080823611157,144.45114732809716,268.8102438675435,819.9379762233838,570.9074935665353,89.50591581541289,415.287429079465,622.2225983397834,160.57492713973255,677.0965785731343,505.36694957131255,1
440.4593384211827,793.1911592835128,629.7390548882189,243.380175959812,792.8721792926573,732.2256315570796,372.38061422297955,564.170371749249,688.7051630029893,665.1903777415798,318.34672726563764,72.63388836121088,411.2306703369591,191.25895743879184,263.7497467317035,928.4248315988024,647.3592772608838,35.214227506798814,357.5752986386891,63.753562180367766,1
315.0360891905608,743.7510175762287,323.58597826362825,881.2199528881747,24.440939040401233,449.405834123772,117.79307784932114,440.9364327753901,403.33918977657925,519.8970886054839,926.3567691336727,798.8753276830073,828.8206421226959,522.8177418769544,749.2631860332131,219.18898052093073,948.2059095922244,572.6511534028355,404.84356163610147,996.7208781727654,1
3.132291709746604,272.73895407587435,454.0251670602323,82.39203820104191,318.4682672831071,65.48258902486181,431.4491143537504,584.0398915849534,798.4454513973063,656.9871053001768,42.33516116283875,838.09368320267,638.1380133570193,43.37127544234709,901.9087810000855,169.41561232909487,801.6592050947283,318.8611697853087,829.1560685078288,742.0015040088944,1
444.98058215984213,598.6022123990772,103.1203888913641,129.55051197722722,324.1273257778868,690.2413507002511,90.94106816296433,619.8297624266071,359.4539651176573,554.8162478281174,836.6266530774312,607.1473040472687,133.69849812028866,687.0424345010649,736.9784732629555,54.38123435714104,404.024166297857,169.3644818038115,114.73242836896324,784.6985411797148,1
361.93230976230416,797.4272849099901,208.11238216766748,577.9612525776744,601.7009226902958,264.75692356197345,370.0701484648664,883.146519673749,152.6168052280542,332.93016302016275,987.047632773397,232.84795649094215,488.2469658371158,648.4677781445386,696.5396941310976,412.1949193215029,3.1898348434734602,62.72810617672797,364.4761449329192,848.0212005643823,1
356.24416916595214,326.63447103776434,28.931336711457647,45.60958482977018,839.6127340525178,942.6739323023007,673.0754547638174,588.0360800250618,418.9139209676348,95.26488187290671,179.72914510403305,948.490631889072,3.4223389084729883,615.1095885289564,915.6793162418929,279.0779055024851,161.49797082240346,326.47544078952217,832.7643230244826,427.02861717547233,1
214.77444423048775,362.60983241799624,807.9527993842983,615.1148469908719,440.99128446435634,526.3481559979845,435.7355794175459,884.8341166193417,821.6004221158704,574.915923696069,887.7552025146119,319.48814897795154,619.6138717185727,236.02843102703207,622.1935701762087,42.03208859756269,101.92818342779375,765.1159867855753,629.8369096940229,801.0090751847392,0
460.3553753228826,556.8495621791232,426.3171828537943,770.2965965234183,416.02567010062074,849.4553016344285,233.63599958154302,23.295175835617464,411.1912715738042,776.1858666609184,307.6611070242138,607.2935512749143,582.9343283145859,848.0433104871883,345.9354407486298,561.8356153491745,591.9472202316733,499.96076244986386,117.57438144040778,535.3192994694682,1
717.7039590611287,712.0690937361237,644.9012281121518,616.3256530721773,823.5938335401652,733.2108437606045,427.6626732454207,906.8438084180092,998.0590218535559,631.7573495739682,520.6992659315068,192.961502389007,851.805934967435,485.3591228573858,829.3552046415941,357.1624498520782,265.0891639431122,30.931282572199905,198.40589161698597,459.234671867178,1
392.07343285423116,787.7562203816368,494.05760419227164,482.7367688331423,803.7106156747924,280.0296003585547,823.7057916618363,575.5412351551244,65.20954406952362,965.2761152822198,833.0075506644583,746.170295431397,75.5564208561702,978.6840656381264,138.32038405388147,361.793417935948,66.96391394285006,775.3855170580117,627.8442181499576,326.5742768358112,0
618.1121059737741,543.5954030524144,22.474211971249215,231.16630714592955,866.5889376245051,202.91656796570666,143.05202982361075,854.7843001577048,277.40723407154644,816.5019520438191,131.52641847472924,315.1011151700942,376.4159570324174,371.4113525709087,837.7635979376373,309.16160833232686,326.6838907082538,890.5303810467242,435.4357215768295,702.6195134336889,0
736.3350326427123,185.64363716571486,691.2839818100024,47.29953815262022,913.3598472908767,304.9022929050267,449.39786422558535,835.358576055615,508.0885378379928,477.91729436271936,881.4601236756744,750.9793376279243,755.3561639671624,71.74879315085192,225.69149296619463,985.618675615742,525.7032307656932,932.413538332437,881.2301064105384,483.2911651021993,0
160.95701892062232,99.68534544234164,695.3028446387588,229.1329919402435,374.7995620890741,402.8256749179789,809.1633179254749,482.43805182849087,221.6927698094978,594.007059982899,61.92242685680138,365.3623312001775,228.56350224405432,875.1957424005325,790.4727107304485,894.0361606495635,787.9204738234446,569.1370722907776,683.451815108285,426.46418772567284,1
955.5267553281909,255.0365378286311,272.9359357102292,807.7182902232333,263.54356059124683,415.4717625429084,858.6547134891931,81.980169958913,567.0619761260176,534.8253996115903,910.237628159679,122.75373135211731,795.2782982721787,602.3529223094313,897.6270750962562,676.3186583986754,601.3117988115176,953.3748157244332,612.2127108424446,527.9767063551939,0
429.1619620734638,492.11776337464374,70.47148938388025,433.42353717134995,429.2269115963058,247.19627427828794,235.99353322703487,319.663134259239,132.6198234973287,800.8475749901597,290.4499764001293,717.5096394639498,440.8197004979324,157.70235998417127,254.17568294738868,842.176059369421,811.0700378884032,918.4891621358079,101.09600268649588,771.6819241501245,0
772.1597741076378,267.9890551077395,330.4136257716896,187.3128831106805,848.6338833350086,316.7601427832244,991.4068242504659,586.9527351155164,100.48152433809577,72.14118886287058,966.0756471190205,186.71460640075955,346.86965656415845,937.8521167478534,584.3238161417142,320.417045618402,430.53873543484013,25.13800349604778,783.8026955599588,631.4353062651765,1
192.66846363793923,744.4273177859428,275.3053043458752,946.2028448587137,508.63655233838665,720.9694565721746,813.2564815136094,471.03443356688337,413.8616229444261,2.7237914432983734,53.5042948180674,897.1304362511918,960.1943682824956,840.445153897303,370.8097711924009,454.7926254518325,678.6321429708296,121.78841155947673,509.0659684086714,559.7516655162204,1
242.4227421970696,330.045490127873,164.88794008757102,411.92367108270645,633.6424232340296,407.0665275866835,378.18130840898255,795.8596642593326,664.2253340729703,323.907804571412,124.14143201076422,309.54482942450124,259.0296130686847,797.19909564486,859.0647199136976,925.6021732687959,616.026183835585,934.1928199373889,231.44279744091313,763.8999816782807,0
232.13316050944843,512.3141806278732,16.930945373613614,327.67533928746883,882.3342085305258,107.15674950505249,814.4643518884635,990.5562529055017,40.14904205100167,876.3472964676281,327.006340959302,390.56638320018965,464.33401158662326,271.0189715523028,493.7335143398752,29.521152859380173,967.6562479724378,224.57331251442636,905.9634567478535,763.4126434541249,1
417.20678326352004,7.86762474455549,60.55936459369027,875.6445291368552,699.9426874309802,446.67390468179025,724.4679204033112,855.096160381591,553.968618694808,903.7773051932945,508.4682081458799,28.982112117268755,955.0634456051695,310.7146905567376,930.332593482699,370.50437959793527,516.87635487046,393.8847298943644,294.28353318983716,312.71534540074043,1
83.39629596967623,388.1919705445357,652.0521666776104,457.4681709475987,151.6774314180085,160.8332163807177,280.0273202879675,568.4493387986922,462.0971259808584,842.1642134587315,134.71686833158037,659.7218818111836,993.5872721031575,454.09998477959266,198.93257950150033,738.0554619148999,703.26777197944,468.3587033174376,488.7238784724984,705.7550968999428,1
860.2695012485044,987.6144591507897,362.7103068557893,770.7855525068378,264.197241146799,911.940392384612,725.305344923671,646.5479951397135,954.7839157305632,596.2419400261113,985.6393703011829,186.08918999664425,412.37102115557377,817.4678661470385,352.38218567300004,30.52050598273748,17.151660929766386,681.6330969275912,226.60564681118035,399.41667496489487,0
466.016091578872,697.2945322844678,389.53469802934916,448.05545005395567,660.8163520786981,864.2962862492716,476.36984834405314,169.36150732225707,371.9684138074799,585.0764204358152,800.0544816684082,600.304960388244,363.8461406013735,617.3020381642015,550.2253851513702,842.9902165178646,148.57623306776313,328.86677245503824,930.7365018652562,509.6141604265877,1
639.4450856969005,801.1082832385528,600.9676774855022,810.9199711399274,347.75599123856625,688.0244079433277,581.416304066134,558.527458441413,618.5760206438947,856.8770407946182,384.1037410229126,119.92480605989597,260.07106997573004,297.5943414324926,205.72429080785915,766.7263118415146,364.19216184825785,747.470458005084,245.9437794834751,996.2888772340847,0
47.56610812407802,190.2351379252486,102.16224119888228,114.89226496343441,932.9839074405958,740.4265687389374,595.296878103756,206.3376422314771,972.5763625753376,457.9125654501054,793.9078837577327,864.0261725964621,118.87967239099018,559.2032973772139,410.5575899625875,486.03411783100125,490.3575193122761,203.4101302865372,681.6273928362983,683.3257179728996,1
717.4096854261404,377.2555044212408,980.4130881793591,924.4666805545776,545.8098061103086,689.9765071848698,453.6634863698409,540.2166569340263,564.8319937944428,645.032122812172,375.99132500906296,276.06647499043123,615.6332393210238,873.4321477511818,915.6717113927347,84.0250092815793,866.8096766883909,700.8424553054649,836.6740933299945,376.10675248574154,0
220.04680820071408,733.2649715291843,873.7844102817368,428.311676299492,767.4287288533129,114.42472087286804,889.7927794031966,945.18739714488,669.9141806494466,70.66381534126597,317.3482051871955,13.365716228345592,611.0772500625724,298.5654095840191,480.828025597832,312.5019946246532,640.4307400334576,811.4458188393911,461.8529539103777,114.29224911317782,0
366.2895708344226,244.22165352107405,633.4554664473985,792.4734430142706,824.7821743853858,127.78655679682637,286.4134198179611,381.7454599978877,268.54746166899156,302.79366764721993,754.7196494848611,428.4592171863819,472.14371775811514,997.2594466592298,328.5679803687619,402.3054179653071,155.60838451143022,933.6226699716677,465.93013712624486,440.0848768412153,0
819.9369788158177,297.54386271173814,934.6487794236992,953.7514515808001,461.3204546989238,915.5694880898025,32.41010705011116,731.3419776599686,42.3491351400701,963.319301716191,46.047583954784145,869.2723734180184,767.5944969166358,249.8491902750819,156.86282304166966,166.72923112352456,956.4977187676346,221.06047040423627,772.8498103506527,660.542524787233,1
389.96428761355685,932.3610749594243,19.597572655444484,333.5681836211345,495.9771707410464,36.71107960819464,847.0352176655048,976.7122895008263,676.8695663654128,568.0726728505906,864.2244652328986,785.9786195556773,884.8366896114873,378.94407729731273,648.3049355815613,287.5106795189654,168.005526560556,482.29334914995667,811.9998684977053,138.41660641146402,1
731.4893142235011,523.0087191415784,48.92787289908929,300.38052279679704,337.29290792455026,874.5111595655035,561.8936007304621,871.3750276919765,407.10182679674944,733.7527305030657,752.0475901157757,620.0201822274238,72.09549109423929,305.7811559232817,36.767203588883305,297.6165788316979,631.3133419870594,176.18466443391233,463.33024323033277,894.4156469704012,1
865.7193640584103,597.1310083563648,879.8935192175195,618.6209963673908,104.57314529348926,668.1008981082338,800.0052065102547,24.896245935290384,911.2988626420768,353.4742352626291,885.7274054009465,740.5553882035588,233.34412398128111,877.5860540974267,438.65747583798174,974.8474687892483,696.4120945887844,184.62126078979736,817.9895123391609,682.1804557235541,1
954.8680578926538,363.2809929026084,847.4683497047504,226.53122239997737,720.8808788693974,449.8518517089178,624.6363420758379,940.4639723269731,117.29373726422077,707.6807755019231,884.9524564630799,109.59608360656581,211.65018058024177,247.04385696768128,828.7307411742769,711.5722872324011,713.3306646053452,26.348495921927118,856.6950455096558,319.21137346097805,1
419.2031279755576,137.10476194598286,703.3127374650434,928.4780207227687,692.0287741148836,733.2628997440175,79.21627409240017,624.9730507029769,952.749867943286,510.47758973213365,823.1397038603595,43.565644710437226,719.1204552205402,713.56943882645,870.8708888569765,852.584328262206,537.4273306280346,458.92532226383486,982.7685322429609,419.05118247357984,1
239.27851930652133,438.58003219807006,620.6745678921453,949.1035056113429,822.1172590064108,384.5414442377729,99.55491547181427,981.0820969576315,762.1047609664802,746.0348045133107,861.2201845815221,586.3144620484986,957.6048283468702,989.8676090717863,99.54929572833271,917.0752067031628,481.5430431949708,823.2928373711127,222.56591774586843,734.6531742548308,0
118.57187309169103,379.05610769519103,114.60265928821156,174.65600693586714,880.5726478297556,232.46951500457524,106.51384697227951,734.420693903053,808.1487539347662,352.70645283961346,489.05467755007635,262.5053251206989,727.241420657014,593.4202995608692,793.2754805615502,42.05505028434475,966.81216018044,303.4018037835138,51.01881654687202,413.1299152781421,1
676.4843342846121,282.17116128907446,691.3933577957049,142.5509298775858,709.7712171203436,418.3507571830779,287.75077408714213,44.211605439928746,538.0396289298557,849.276298257917,562.0712078585211,500.7953265155011,114.06902544168595,752.8612993347004,397.5199782083131,508.7326895589617,535.514770006868,158.2604705821079,83.16291477326176,173.91475485631747,1
925.232649531113,352.18205607541574,40.72679116607769,905.9628684997379,192.98777283770562,477.7812171740148,170.6893919096606,162.63288920845,925.2580177874582,458.76248114346896,885.8591072773467,436.2459368486663,424.0085414580126,138.66714845174022,564.2579162495515,518.2557257881049,844.0267886374237,880.1587078802089,956.5882472406728,583.9492094390959,0
270.3572315838423,725.3007462742896,470.58929712434195,15.183190126162538,494.87616218975137,908.6625207771737,621.7826148572483,115.10561589907853,634.2027886751756,664.2048176912207,565.1500349588553,116.40438699455457,740.741626529701,846.0149178070686,627.297694977024,975.7728258393203,503.3384194825078,144.89604099397934,29.630222400869656,609.1687261089216,1
728.903349363187,983.0164281624704,803.4123511841303,372.0462884663971,394.1585389422793,384.6320971855318,760.8662509717105,566.6375384282484,855.3811872655849,17.20233463717724,269.91044249169846,196.42224844944766,900.4393165521608,381.7019124215195,360.4229636987815,520.5142604566196,279.3980630395576,515.9195749013314,17.936126725572098,87.59085536649336,1
702.1938878422828,147.5032397608791,130.5962099646949,562.5478041293288,744.4728934484356,162.3668704266772,408.87191091024164,793.6959474371145,145.3185727879418,270.05870795497543,521.5832485725132,704.240080362271,961.1297006186661,218.410771202879,327.7204039456163,507.194506924993,454.537760811233,162.6941066177854,972.9600365712472,820.8788985197962,1
447.9714187982019,518.5929686004845,551.1395501545489,361.4591686441203,367.92382086137354,749.4898430282125,998.1318472920387,432.33746120478014,583.3850607041624,171.85982900993847,122.15252168095259,204.09082049890748,464.99396237304813,799.4067214064883,181.13002882235907,92.7411622098091,780.8774618745342,368.07888319166636,607.3361267191763,943.8367177965199,1
639.7397841777656,752.0878261512358,672.554494584084,196.34123217043398,496.7642150214787,610.3302150172584,52.93245644860911,611.4531179814093,793.8899300937725,66.1657043077486,934.8247836534364,367.84783257353394,245.01011511110605,715.3614680848464,89.26171105209046,936.2596143945036,801.0543706835095,661.0407208830644,649.413444008839,13.731427750274028,1
814.8052069586655,984.4885278985099,284.43273939038227,659.2121034593712,606.461137212047,350.2107514122702,7.352291134648303,896.3407100467058,622.2100502242819,186.9361023409618,315.401299754993,42.320238905963926,191.0251159992591,899.2674821559947,958.5180009728857,758.3636927296944,365.32264906554457,527.8961455491416,155.34400465290943,191.92122607016003,1
5.470245220988934,982.1592832578473,704.4632490439277,766.202919608572,43.56951957473376,307.5404237965317,343.25275404401003,527.5332201861974,845.0191083052065,889.7963386452633,513.729896839178,934.0777701646438,291.8992620712092,504.80971905758577,269.6860541164481,99.89356422589901,828.690754891234,277.39873257643785,66.13714036172912,814.6741637132214,1
75.58071230743779,507.9883852080336,783.7707541783828,497.0703242752621,20.582390883106427,613.6050329616302,526.8842241224289,320.4066580639119,605.6623308065919,320.4176680750659,48.84459903638538,791.3170082359513,782.9230704065803,768.2798596856255,63.532053579643865,478.5051831322239,449.59797104267983,608.8305563918866,496.65262584948533,631.451792093956,1
497.8946845931469,297.6922997510816,40.160842818066314,747.3078922138711,671.7375448500127,90.36238327828828,321.12859398736305,115.65650709287479,260.98350361612,370.1392516342151,21.57793146740772,671.2856348415718,75.67501062507576,9.328283916453127,70.517353558454,193.28234784312147,351.4696095095989,950.2383056548427,54.37671323571425,245.5736269826503,0
897.47163005874,510.4637929648932,917.4463255354303,242.85994367713437,373.3267676751495,149.8926872374613,610.7794335660134,570.56184853328,568.6362154595148,567.7571611551482,224.94126519887493,134.8996468060032,192.4095043867342,780.7445930214169,491.72037100092194,883.6172227485921,549.8491303019923,6.67355568604,478.8929571018361,270.79117412675555,1
806.166008133737,993.9534141520154,32.36425112802832,300.83477440251073,824.5630054464086,365.7477714334935,461.0217096947163,588.2201602208687,486.09744574566,847.4768944338053,751.5636095006547,980.9941979339055,121.69493105348472,521.6952899260414,619.8158035329578,454.7232742183046,495.30989759503683,564.9687539609392,774.5383475739143,598.1501540725819,0
672.6462864708319,599.4340968851817,953.8553491711875,466.29835065600724,314.2496970282308,978.9015075869684,650.1854301480195,929.663497331057,673.0343226182752,802.2083753805728,517.3558659477377,798.7301963481859,884.6056539950313,745.3395150738539,894.9494771746909,450.8936769387157,627.7063937912453,887.1099535032846,965.2622726008246,284.63443523491696,0
977.5924822482185,954.6167649849147,620.2414338628823,78.75028421926945,566.3776681969915,22.811320780546374,703.0397506543237,95.76811353900472,211.00395303672903,959.1615430206534,603.8166687265822,161.05517709818727,947.9011893104918,838.6046035799642,565.9255727004559,143.97348528948694,520.5546294930648,937.4302653449687,523.4537282743495,652.3535783883469,0
286.8692879631767,449.66503405451294,235.3303150862307,377.5665957120937,480.4053989914391,133.96232595769953,197.21149341079203,966.585813664598,281.4029179931723,754.9634067420471,876.5915823940306,657.3479198134897,748.9179708886535,291.8656748265589,0.7314788275035733,116.62936456241823,761.0978835703343,931.1696953698414,672.4973411619665,255.29321046172393,0
757.7766249090865,393.49191843913655,40.85662215982022,57.32227498270892,175.77493701700098,354.83815790154125,765.7699878564587,504.96985137329654,966.1710482206513,137.06566847683754,619.9942129429717,663.1976665104082,183.06167643681192,763.3422210712948,557.1082807366307,255.1132509088022,68.88841298266246,176.80028350451838,399.7240294222778,265.8540984832696,1
14.68891955298124,872.2274382899567,638.867968860746,88.84877438304817,586.2799930491932,292.1828214467862,285.019308423838,497.61610217104544,540.0309067397889,561.3383120626836,698.0643529740256,70.58920184211948,290.48246041472106,614.3192748911915,365.92458927209515,849.984999932451,491.7718199955935,325.7854094384584,259.7505401228529,661.7977801687981,1
673.1267814208823,110.82426125674371,119.14132396082778,57.334289084052244,621.5498196663973,214.27165624365597,738.6412095130903,155.1176757782039,56.50503687750563,1.0745992514342717,646.7893520648919,594.3481421374715,901.1854794480224,870.7557963443659,798.092257592751,969.8399590872336,626.0283239302339,455.11079674693576,812.7289212442547,338.529780165163,1
939.2044387386494,246.17024547530863,673.4692132057527,484.8650963652535,521.9039196810252,557.5510136069317,144.13899621171188,915.0928147564883,644.56056950223,497.0825134413095,489.31529148821085,639.3286742337457,687.0901529231035,147.22537793976974,539.4716282434723,651.860283502695,647.1833182012658,454.86748402672873,54.21756352951501,808.1071885540456,1
467.37882702187704,976.2356051050854,221.28413664356916,104.02577963369997,840.7950578167938,991.4319753488378,191.70628937693036,146.24048676118738,591.2666519809934,732.8791465064338,667.0343518850472,99.93866705887334,520.2767469771081,393.86686414934803,899.9296774081814,12.482325562847896,717.3313425346596,714.9688172073442,366.03706668992965,722.7701087318698,0
344.7806500530488,113.6575310899548,397.34484691540837,59.446344398926485,859.4788211846428,119.84976200353825,339.612811399571,36.94677711349259,405.34437274028636,624.9741950684753,473.12580632508093,915.2104086508768,850.8347346083958,978.083513772213,314.5600387066314,900.9669927270512,22.42387766842091,758.2876324340483,188.97419669879824,122.07003856345399,0
715.8439336840813,413.2048451190874,447.5656878083173,214.93368131135438,772.7898907593831,514.248621129823,555.4419853012689,632.5233343053491,255.20463156339824,85.50589469333192,332.57401388473886,796.3462222023836,911.8587047455542,404.440993579966,811.9760944134421,124.83736515583355,684.4718026525152,469.07569835189724,194.73349865380695,266.97595514154307,1
854.8677426936696,7.869441805743782,145.2501850451261,361.38639258985836,305.24259898112325,415.1067254427211,672.8246991896913,103.89510589955641,120.76479078081748,51.423100731382455,574.2912233966034,164.7140129309388,55.91018353491906,460.5664517462691,404.5460766576339,373.4124150353069,836.7570917382304,896.2816600085923,757.9272483226127,645.0556589543314,1
298.54170819789215,496.6445110763621,458.789565488812,192.56747093140413,842.0792158394527,871.9514030447978,670.9589596938258,193.76578042268943,891.7223451237471,59.9357453146514,15.803340918757014,561.8759636822807,316.4551140148266,1.4316220461663143,724.9920542319304,649.434097610757,781.2014566877865,397.15358791542855,855.3740713587179,935.9327441367878,1
334.4882186671522,516.0667545284308,934.7901374016894,371.40720967768914,483.90147599596366,915.7311944176176,460.68177605322114,439.8356157195605,850.3514210911999,873.1258910818516,284.08012224861767,49.788780142496655,260.9055846863401,628.2651030874533,926.952730650486,738.1066738436317,808.4167060500853,667.2519795147815,102.52876714345194,264.5553828140839,0
917.2340328875521,959.9055538200562,641.7932700934118,302.5454621528312,855.7710211298297,122.13224830289859,219.14881493913796,243.03869917794685,43.706232827862344,99.57663159141217,393.7838102216563,732.0490518756167,921.3484105723526,321.34923202819255,472.41341316376673,455.758397376536,726.5825415409753,810.1331098926805,243.5641627335774,197.0973574459499,0
776.2083040609139,397.6683550476541,718.06804373829,403.85316452473063,854.0166719832338,452.52703612111065,707.199024268726,208.99895932821056,549.1042382291438,15.805154802017496,126.98619177591108,96.09890200554938,887.1600765374802,342.532356457944,360.6153697335478,517.5897664710798,201.72742073159944,404.85664015885857,205.57938962468836,62.85966075995375,1
653.8788585440922,113.09903291016965,552.1286627159818,70.61402305512887,420.3921549869798,987.6819595411184,787.3001150633688,120.60568661317849,68.87805972397155,737.1132240712647,930.8881896436809,255.96642822142468,680.8545891650919,704.268161322094,687.099119635788,33.28851763853991,473.7048404057794,423.3463526626603,20.37554686038634,305.6365837909016,1
308.0137824219713,417.7324278213928,910.3507402147758,391.71624312999296,540.7251968354399,496.2034742037644,815.4611551475944,963.5254548765324,666.2041739343099,786.8601590129109,226.34077934870123,872.9473293038192,811.9490334722316,792.7504130223765,197.7271167123762,776.7452403450119,18.399312262857958,339.81384399260793,502.19214121588686,368.5714785858947,1
906.1980237950128,366.1675309766438,822.7876879592768,258.50283953054264,101.27352831908499,1.0233627764760778,720.7505892562131,610.0146725912708,778.4226940812807,423.3603585630823,995.9993561672276,25.386724272037032,320.46752554602375,368.7619519317068,174.38622163523365,360.0968859894814,50.98480149853757,250.80274794896783,361.6667120954972,770.7271846024083,1
121.67608681674969,691.0815940223669,924.4611631904992,274.7936468290068,446.26170139732255,388.8498910213905,871.4806849792582,110.02870548677457,491.996250651243,661.7240645155176,360.03443321716355,861.0492674195332,750.3773490003243,221.7268560616318,592.5903100789285,879.7566609599434,609.18612149121,150.1361533224287,962.576808061967,799.4273207859809,1
289.46768830672966,869.9887786956427,162.0166105687323,888.4828831873701,363.6500178612315,142.20519084412453,298.1428100579986,938.1687041378627,255.65496170027114,280.4818224790585,766.5291836750962,629.6182192056516,463.03075867485376,300.2650054555004,543.186747769345,856.0588407249062,922.0962480385646,4.395229818500268,563.4685636568267,933.5451635015493,1
2.622298200287032,426.44103381403386,799.6545256663622,7.6909930762196765,335.99970672789203,792.1607445164773,197.87842035726467,530.6516050438141,567.5314380187813,905.5940736525167,9.48784065934083,746.0446101212215,736.4162977360469,794.3970312324777,779.4111672545425,61.933166388863704,396.1599818233345,324.9762918037459,488.94009637969003,281.380649382282,1
301.2977711693121,765.3622920249171,749.3544177458994,449.1185952471427,387.004283551783,792.0057988030721,122.76578860970156,589.3358441714848,748.57057701955,460.1376183101038,469.8259404722883,14.502794388461693,778.1803591001031,989.1214070062811,14.555908642930993,490.5471275816986,927.0739437452537,583.2225654471605,826.543728072837,749.933322923753,1
361.6744827208226,732.0581262428907,734.8493404008956,842.5154982262256,592.9994519442464,880.1446985103713,104.48830781626972,430.94820433779313,299.11000468231254,831.6607012293778,882.4823423728524,200.3337928114759,893.796408429731,612.8789093656819,275.5621374784245,406.22279655717585,880.7018056037921,382.502122066782,467.97550970102066,510.6566495670638,1
142.11427050924007,725.1835920972464,217.94350065960677,327.75323924627776,388.69460708570136,728.4602687165449,602.8195427100984,216.99181460684247,204.34496584082007,809.3531851204343,331.8045290498172,271.812729125314,639.6760161182716,452.20410959012827,450.8591486557063,826.4405802879147,463.71437758057755,362.3318058471805,367.50951171122006,625.0220876528696,1
981.0279962301595,650.6392183648911,38.660588087414574,956.036287995755,96.51370783134172,689.3698472769754,628.0027262682626,307.94696673596036,461.42369527156393,862.2955751012571,105.75941291489221,795.1822430732024,4.175142749851091,460.2712294680965,94.6782862619282,31.08126406929612,352.1456112550414,904.8697723043125,244.0929043267327,499.38863771614194,0
524.1806122652882,514.5495494887142,533.6467522498908,834.950958674598,913.9058257830129,890.6628878144976,402.5411170968357,808.3083014736754,88.94819200124093,946.1393742706005,217.17991867998333,462.78623425953015,544.4061637072837,40.42236646986408,361.75414915362916,369.82696588152464,317.2355365297325,898.7007927669574,188.64679952596964,446.18105063632987,0
908.8486030535114,972.3019265655254,755.1573457957713,792.7562486790767,929.3662295782053,838.2661824947161,985.5810091874265,367.13332261925234,171.1838998389208,280.95982596052795,850.2764063956372,928.0278363501975,933.6748499757472,295.63228187594325,638.420827536157,476.99485909679197,763.2204556800007,520.4226055834475,759.770688635565,535.2049639881317,1
281.5355024895436,991.9002534526321,339.80996986955915,759.7559144604013,976.1425287613698,837.7797429023478,243.818741972618,663.8327324149392,2.0152254250368484,887.5938778535422,877.1240173106502,38.61130426345871,48.084692288849375,321.82559872559693,307.8661501227949,936.1553424423488,8.234420578525526,964.4726409472491,682.8186512799479,466.7963063636089,0
346.14974409598375,748.3100090663188,104.79827573898304,5.5818416173814,638.642726226899,971.6190551368124,91.67264702865319,50.69825321604282,501.1052216093883,82.0354874105862,407.9982963461719,621.3123670504785,588.5877547147812,755.8180764942347,492.546882214699,241.5476929835887,626.7150838654594,747.0246428304125,700.2674554486196,907.7103246342571,1
988.7033782692688,418.17396109843264,528.3363354046384,486.7201545916844,986.538684881925,182.21325214376216,432.3208887182369,104.56040575990855,912.7039199198995,457.4022671155954,223.6629462879006,217.06311428164892,168.26671109245973,196.2857562687801,209.60562775266735,39.13550691266965,12.464671839075404,262.3437724668932,416.8727829147195,234.57675066568683,1
786.6846679819249,307.9245049957344,768.3848500544835,638.2018894954263,293.56289301857805,849.9588242994827,972.7206501094144,991.0324191283885,575.8132401071396,557.6959695573128,210.93155005012076,945.265089575991,505.03006485137445,501.0251263566201,398.39436209180315,141.57574096238346,522.1930774140559,575.9398103423282,649.7014592799032,554.3326940526144,1
898.0618108861161,753.7548020527855,488.35769035932543,870.4083000909234,547.6623991773162,362.261306427704,976.6278405155346,749.421641253144,74.93081948167612,532.7190703496042,367.50593335491124,931.8827775299733,884.0936542483377,612.7902925808999,556.8615625140143,766.4919218191527,515.1822369266204,882.3013298207054,367.37881586747733,379.957433527549,0
109.42904082920101,361.46304606983995,263.3056635172006,318.81400595820264,393.73030195188375,698.6660567709725,495.6194702729806,71.7209089203058,224.90792522253255,845.4496655790126,505.63195961887095,879.9828098587063,133.8718475804569,254.17948202953423,869.5491439694806,902.454079948837,669.6941849895318,596.7243098983996,896.0347913868654,62.88136741074191,0
982.560036879345,375.93742683187236,556.8263650322783,332.19602494136115,88.33651369256145,530.3333229354524,71.61724875773513,80.8992427854337,22.15766002759012,84.8954885643537,955.548540107674,765.2594712567341,387.98681725015496,579.0418234100165,347.8774161477565,995.6176605146288,489.08134332363596,557.513509760221,504.4052167606077,243.46779730907286,1
276.0207377754492,615.4701585204693,487.3741993274813,602.6618959342699,24.220909994078443,225.94478902029502,13.522813370283382,681.2603244806985,591.1493733063705,758.4369700674707,70.04706741551725,95.39913754903495,321.1801650651687,415.3510715519696,157.40754625241925,202.41049060787662,709.0393716604884,544.5060552432121,886.9726353356724,731.38020372018,0
153.1117290618421,12.033004496327715,564.3594913430143,359.49054617645317,878.7212666447897,600.2249866863659,442.11770428905226,602.1141778578907,105.66623662893181,215.33101897662232,774.1004903852863,496.99054019389666,34.866349556336274,962.2130438442948,646.5823966844366,708.812567098562,657.6230864534431,835.029066272944,974.0850534073869,474.0810589185845,1
170.16560029116968,351.0067776193125,560.0382043639461,979.9735955917353,742.0910466447466,929.0452448773453,288.5129505662096,38.7790321203112,999.7819900722637,443.84165986046264,437.5966417545504,961.6045115335545,999.3162803450314,695.1587632761265,116.36547432270483,920.0205481270955,544.4961276355651,952.4231155114807,127.65037145093049,67.68106516325267,0
301.88877682173256,228.98020844691547,899.2754992044993,825.8065031241566,2.5325909902377264,975.251869593959,651.6081062076232,725.2084872795878,905.0707414768642,181.09673470124034,98.86277858121795,94.02448144141285,145.57725283528077,335.13262917693964,515.0619165045564,635.0250411849805,0.9433698377151467,257.113739249153,826.9598578738847,950.903676520158,1
47.280643668440426,694.946742966443,359.2126303240573,289.72049586865813,566.4869370922804,22.87103759772746,142.01875869661984,384.45896265512334,582.2701776759211,566.5061012309824,812.5358092594311,333.7878024339402,331.7661824286636,374.43602170256673,981.2939378678861,961.5597787329515,19.239431264204466,417.48642712586224,813.7372369283011,1.6754666249192418,1
223.23562161819376,25.91289862199031,354.9049663696203,258.66868611249026,622.852597393508,687.3230172171005,126.8853054396919,336.92521219281645,517.7378100432555,946.9881779306919,321.53104526065044,180.5932182916139,825.3556774011121,260.74572128609276,380.2835106811191,197.79261315882147,245.16212950860537,180.66089069903802,11.734540592334696,230.7694572343524,1
317.71322460354,740.8766255396058,21.720539844814702,197.95208266020458,992.7704294295979,875.2594045892545,121.21813576697227,878.4537167772278,138.55380760366586,622.5336507702556,231.1043412921159,947.5411754618822,522.7521357159609,367.3612926175088,590.122429235924,563.7067495332136,404.4661759102877,972.2204013271843,649.2096958250523,369.3453254958354,0
816.6231877890016,623.0815552891119,127.78846326490134,981.5134979821804,689.684611842202,332.7700399113258,596.2361651298492,339.27965950180084,228.67483105278953,838.3947523582999,11.87025649919149,227.56559762113758,944.4031424520339,236.37319372922727,385.7120344318421,212.57209155668266,654.4203072096878,171.7116695588009,331.3057439487622,743.9547625459398,1
847.2188641802622,386.56375378576337,846.0034823391528,761.3359450265618,181.96776029968632,488.2722912651865,786.5669153247231,241.58413649413868,100.11893433179276,472.9228464484708,920.936431126973,524.387030358348,917.815119402511,620.6650509390452,380.4354341661278,507.34059076082195,896.3607897019725,720.297145254627,465.85693959572336,655.5873706577541,0
841.6899401787731,655.0605683698244,658.5739204303521,609.6375466197998,797.0898929672536,954.3293180734144,320.03847698374364,644.0746397274567,902.07110163043,181.7276716316326,168.3320068985632,752.4656872382978,835.880335562669,26.640779575126892,907.2838816371643,365.04323903587266,305.46444954270623,215.4131838183868,631.31996451986,305.9306456998956,1
332.5804971099049,737.1256722034642,183.07320574539187,231.03354067749672,204.7549381057695,120.19806209475914,505.218107329625,972.2860969583446,225.7684796256121,927.5880448059609,523.6871320282379,537.5978983355895,952.2876416355604,11.2992787842362,749.4020316611601,26.685338780741418,234.04802760998834,287.4104901149648,107.16662801173749,641.8064883811294,1
738.0011324616926,913.030462832039,157.55640595069121,781.5970554569178,925.7852704716222,366.7652070874169,233.1163780363965,277.98440555736346,646.6996936114575,469.0533335180174,68.37111897299786,488.86985077390887,511.357555577036,413.45192590305624,67.21636663386188,546.7061467581003,52.67037557319132,604.4598855275068,273.7185149956415,828.6843926620423,1
641.8515557967611,409.6166847225249,880.7905167339194,565.821162032026,664.126183971284,281.07518300284596,468.37929337605465,444.9257558612658,22.11279340731631,843.8792098554115,153.1150633595847,130.33225645514645,533.0892857494089,456.4299450535253,517.8590815447175,33.5994734955215,97.91585068231345,991.2429882380145,581.7734528030749,817.4296053781821,0
873.9702272369996,506.51928031018946,434.7546130771212,681.4770765179483,991.9130540668538,280.56654313057436,699.5146178387478,286.1374080516802,964.145046096691,122.45959828503229,93.15150702654651,499.14323225767777,69.07880258692678,387.6099356613271,432.7918978624793,601.9875345990574,297.9959689943473,540.0543010695845,116.02697316013366,236.76621150814404,1
861.8911140307894,218.7733940936767,84.8035378487918,362.77052008255686,868.233096271297,256.54529457149044,959.4608281478604,315.3233114309242,719.0783016810209,758.8026132793334,588.5334470882477,464.4061408472816,748.5085715049545,181.22589885089334,412.76263811155667,465.17214571311416,629.5460646000176,783.5739180515891,182.56983196357157,235.27587036529064,0
669.3766784431834,104.61750930097146,703.4167675174122,485.3864441367535,707.270502530431,879.5911968081236,997.4291504565903,201.13054989658187,908.7141920441925,209.07283518360998,241.74068253327053,918.5487473154449,171.281304171788,922.1059653412008,6.971203673924675,477.33558634313187,785.2339141551189,660.1219070574568,849.4916925773298,370.02567567860535,1
171.11604082607934,614.7932991572671,412.3641926407957,334.1074376526786,878.6772883644257,347.4249807629963,145.4197629891315,44.593117617708565,281.87219805911855,32.01807282181446,654.9990474784429,240.64769630057668,79.65728785633664,251.24147086590466,153.70209727461858,630.1986562851143,526.0048665091515,91.35098616857051,997.8732369406948,743.7938258146199,1
518.2130625034039,248.1615152336938,341.76891226290996,909.3535769769096,184.14012034530947,228.91243941033645,167.25757179614033,242.8847358562737,849.1409928701705,881.7454986111285,76.88686867308469,355.0184682332931,460.11350822894883,785.1860984833414,245.7860003053598,447.34775812179686,35.51665394425474,999.5350498820719,404.6724421018595,533.6532039677863,0
146.81741083857636,608.3848234607417,189.0687234454228,660.1272238393552,913.0987476434358,339.02756407551607,675.5454029754184,676.3658326759622,927.3517579819207,100.25795154271388,394.3966136187431,839.3162662966514,290.42977698953973,932.8663489868586,394.4640562536998,386.4869490387796,188.9330836835599,957.1144252239694,197.2960110656532,343.8329684823975,0
160.3453417417009,382.782382015372,607.4532730621141,569.4792464863185,558.6237504032568,571.8043648714439,610.1739902311459,807.6246761740729,962.0205348273624,529.5144078431218,434.2405694510423,305.6555963686822,992.5446025372473,769.7821253317418,482.0431981098293,925.5963692664059,880.0416797491052,313.24894336841135,102.96259306213528,671.9605380799758,1
28.872419112319527,400.2143634418809,674.713515253985,115.63870604172499,433.02461835645556,668.6707336113526,630.2782689433604,386.9252613356069,756.4776996799737,831.7796641882769,874.0769980130451,317.87953045089967,363.223595119021,419.7551445424201,189.05816304015522,903.5723031014222,803.6144171399208,33.85438607172808,246.05965449322187,549.6884839016632,1
370.1631969551181,353.6028967706568,30.26138372348397,120.75885093871952,484.98693162884166,854.7096645869701,918.0928334563929,938.1986996872713,350.2580025398263,107.10987107798597,31.386962332595857,947.6787079965768,877.7184988202741,642.9277257866088,920.9136435686809,729.1666504414046,27.805474901876124,177.38422564290178,708.8275302576748,369.4369455174239,1
503.854341932237,399.8383046542443,368.94848714910677,857.6278874044489,931.1519357876595,764.9750286382491,644.7749571612355,903.9552498942436,615.7886306396457,572.0443912274562,967.4520015841084,723.7172094701403,976.3477104553756,221.0125826159387,768.3345013351855,137.41195018817976,456.76262539777457,394.69743381759105,376.88794393342164,147.01016342256878,1
396.36940187190686,440.92727339025095,540.1042060125814,429.2926179031863,484.5236018825871,291.53956909941314,527.513662699832,132.51331641251164,688.0789024496016,283.0595246486879,986.5568956489311,339.9505594576828,868.7485595239373,947.7751000936948,846.230375558555,167.211944268174,307.2655997729541,234.28319111967778,179.1303384876213,991.2035459438089,1
904.6321021774181,373.58958585941093,246.82869864909597,621.4832508169623,735.333948506918,387.230880388314,674.6422457251633,612.9432595288409,705.711652356025,382.85017508720176,130.76849548193158,291.25055783519883,312.70527043261643,81.59062997406753,47.93219396699866,115.2577122414652,913.8829889495896,560.2862785339277,611.2875838986421,850.0468246647458,1
175.7395292041798,767.3242267514765,395.9140146612081,24.795377836628106,776.9228671035269,721.5400651813175,884.2962487309403,754.9802076885694,990.9775363160365,578.5205891011276,764.1882774845368,646.9552584320153,647.1915423082921,662.5683977973315,718.0974061475979,986.208590972215,821.4863425132085,158.73559534631843,205.37683360506364,12.941838486103418,1
639.7434929259746,814.5465111889591,218.32604384628806,844.7807155120385,163.81798983695916,326.8499742478922,392.00857164355864,211.8117125027754,652.3503364817277,18.156008205924778,740.3932380772608,241.4312593734116,238.30900542795553,690.413505579539,865.5155238835458,43.91730078347911,917.1953274740381,285.47088609814665,30.03879689253075,954.6167708261072,1
367.2544195811349,31.403146163437313,924.98925639744,769.9742117566692,371.34708510233736,47.245661379503034,5.731483047399566,976.6173620669817,391.479877424931,412.1994329716466,877.4357568335857,583.4879336766564,861.6597002173279,678.0726765394817,203.22129502591335,683.2782240044614,952.856419322506,665.752825532582,709.3607327605704,456.19188158210176,0
852.193455120664,566.0409016485041,206.91906502317227,268.5265546664897,88.54442437951715,914.2809751236728,706.4186143125215,118.46698683060242,918.0433351065881,228.496272916637,213.51346385084992,271.78490279482526,722.6048166101315,409.9513179089783,710.4828273937317,574.2787008076092,966.739499772789,184.97927989764585,357.6403723804752,839.9690104321315,1
179.5244542757296,471.4108642200614,414.6857332740919,258.49860674393096,747.6221235148804,247.72124022845722,432.52095326985176,891.710104447436,378.3815226588969,837.2736571890078,376.65873429549214,216.47324871993956,65.0195808802313,81.75126941854028,183.85446392470882,913.4171476987309,142.3415311248094,556.8273354748902,598.5551763727249,521.4486178493773,0
215.83356693851775,243.01465648670163,459.3992060046812,559.9109522066963,394.45520993975634,739.7364283551253,321.07623551850406,168.59678036071347,860.4714030702378,427.30443808416186,388.4152617451052,286.79413364248904,901.0641087122926,841.5673020710823,3.7582162053005908,871.2347864529424,53.57675368646786,814.7514338939825,909.3894618360363,28.27243285519232,0
627.2309769320574,272.86249327960155,740.3419883592328,227.5088815988653,558.6346467878165,903.1767284316962,524.2235564452009,31.520463081989636,329.59035405204975,768.581861878218,127.37955639744914,854.9025460282201,920.9556300082097,742.4205184635459,168.70567745873333,608.3828179935546,143.87499145098647,785.5287992957117,403.7981607093158,716.5700845525964,0
122.04959354044065,404.7458596154353,833.1565409305356,199.1518003499645,929.4036912534625,459.01803607630274,799.2837812152591,89.9229544217709,788.7688456259656,189.96056670021522,657.2742845957903,32.943175402947,449.76460948179,468.72833141105286,9.08366533874927,889.4603253831494,375.2156543454712,715.5424849278272,658.1951464975509,95.57697480290139,1
339.1882729011475,253.4330549025554,291.9015971822949,319.0600298542323,359.97698124360835,406.87061980397766,431.7480838166087,782.2213577259887,459.5819013446168,650.5654483047759,628.3192083691388,470.8586524050809,407.6799555126536,782.889581251201,983.4081214945176,833.1504250687815,234.74896958646286,63.993348642225946,832.1243992221107,63.188035394679765,1
75.49059179745853,441.6018688324654,624.3847322602177,994.5753735026295,329.00550617397937,779.9133707908369,944.9167163781209,888.5901795561626,295.57570833386717,563.0219455634569,150.1091502346913,46.79128394518817,137.75263847038133,911.0257693577463,734.2172045464414,394.46874640146825,905.0162321170177,142.56394533327844,877.2522296306391,866.8285019181537,1
811.9804707548831,94.88036637917263,36.39485762960215,923.8963025858258,699.4902811157204,41.483427937094696,87.00762309739274,772.8500068464685,771.9318933315526,469.4703794733802,484.45266179429444,312.71909848267444,990.5477209641502,546.6936880339327,677.2996538221691,708.9948794709532,571.9948030368004,415.51766966177485,515.7454607968263,301.57596955972457,1
30.14791093105973,475.62852880485394,279.15471183426564,78.08915431651809,989.3564628165512,213.56905886731326,29.980141916137406,171.66188274066263,768.3304054991754,214.94210397156178,114.35350717010384,340.8714673059833,496.2480463039813,375.55665578150854,998.7249318082419,850.5145083457095,996.8139221188197,765.5957351487467,315.9958590727325,392.34943579643243,1
624.0272271428589,968.6227082691072,974.1290925805409,663.4843812695487,826.8897787465071,680.2823776275121,291.4064900643083,531.0973211023914,58.13070673555065,107.21563234237918,894.252815116163,823.8076597556001,768.23988732829,135.4912761438235,27.444677962161435,264.32919718054393,217.29411846813684,327.5036973709673,162.68734886176196,323.3227499948326,1
914.5195100401103,934.6703757221826,940.560074676542,775.84851410574,751.6089193970275,147.99712207536152,72.05872353217046,877.0828436373268,974.7642476450799,12.00554152500799,926.899222772614,347.38684517213227,577.2584793080599,744.2668254874458,316.9672856215875,96.58137327264349,413.06063711110806,97.63418293536074,671.7821577231744,583.4793734098914,1
591.1860829688537,709.1619278171751,994.9590607987083,102.0364851967589,842.7770142177592,942.840913662328,774.5735114030272,755.0099373051019,760.2086538788642,844.281572891356,67.4192287884846,946.8562674909805,477.9694779560771,311.83180629532615,125.5808071187401,868.988156004498,957.0484446698543,841.7049038285542,328.4679555619481,508.5732575502565,0
258.59171996948226,294.9336687610846,880.3499045600229,405.5998816217781,142.07886725184716,545.6578943733398,789.9541741345506,395.5653691906871,155.83934350311966,312.1268824386764,424.44594481694133,733.260462692142,324.73484514055906,254.86398004090748,873.9651121640758,923.4302266776882,753.2189684431676,522.2303894878376,679.9883685513965,8.944187202245658,1
763.0891940966576,255.3413089613953,140.691603725701,509.1763990287261,564.0744950600414,906.3347828571256,891.1764850181862,829.5177134851127,83.22026636444579,879.8551728201053,398.2549751769364,687.4205209952324,816.834086276248,282.84540501557234,633.1074862876991,108.17276365696404,321.28829747550844,348.2450601693109,470.2588270848326,465.62480112215263,1
773.2633429774451,22.259388400066694,290.38682745726794,771.8802854955616,34.52891157417726,995.0076661383125,669.4996676169048,148.0946229419101,584.7418019665249,611.7272868122785,94.57975931045792,989.6112474149854,624.335175660502,948.0657374332898,595.8391333077548,358.65402869061967,709.3601266879388,730.6377516942991,295.7101705871882,24.199449067849542,0
535.3993718963327,71.8703092529931,380.9270717925853,548.8025244181299,730.599210176729,865.5733846626713,499.6145534649483,140.56388173580237,317.37932696359826,790.5354427145463,265.6881358914468,101.17452012437222,874.398689433036,954.5171442772009,418.6003532751277,679.9123435549049,458.9155961864011,674.4292377343676,814.2342538067924,969.0843859778357,0
273.94277868410234,640.535842982735,955.3822987794982,655.3299111356264,952.8773295918044,984.512068676062,354.6483738224585,402.9024138035511,279.3224576487401,179.76519243314382,733.3698010551759,744.5685379553973,404.163490635299,683.1782300023954,482.9744083001303,488.1969153240645,283.8068270899543,818.0549718831307,408.8751905042667,331.0580101162447,0
616.3716249456909,452.1278257637559,920.0815648755338,421.724458637036,680.7222464211338,577.2573253317481,676.2445084020745,248.08032479568175,222.5781410833556,24.682976691004164,840.8697782984206,585.5739414385388,952.6904935938759,59.42388761781381,478.9896506311705,926.1625862907874,622.5830044523959,623.1741920342125,119.68115067229567,731.1071332236437,1
494.450633266147,677.2666683320183,100.42150860153941,229.23008013508607,757.7157495546554,682.552768668502,85.5794479299632,267.08589786890326,337.92100603635754,164.19406091213995,811.381203967015,470.59938845383755,784.8700838367811,258.6906547328168,103.38768543027687,284.05684328260736,268.74459626911164,769.3686051667543,205.97018162825665,865.5017366535815,1
337.6478413847186,711.2129820354805,16.66793256234289,622.2385340995869,283.5085350773692,824.6277010430663,568.3856956704554,470.97268239226133,111.94565201706108,312.4989642685443,936.7490202561079,159.91174847258293,462.5235811661054,100.81513201228964,223.72615172821997,897.3559728607346,284.0918250988925,657.9932271298192,218.20365561108923,636.0880202258091,1
703.275935642597,680.0167504617267,228.0718234728224,458.34981512353824,376.0456450374814,107.38552456781136,337.46348225175973,44.31519743491463,827.6617245713207,243.05314651132716,924.8608753102086,813.5266669297235,214.99292766324763,748.2960281840916,133.77162847877733,429.6505022834729,79.72444986147964,174.91645461387662,85.24650031360947,472.9398394006662,1
845.8140023385965,921.8945411266237,633.9526201466913,149.7979237866306,713.1674721089665,795.8715383273059,300.30449613080657,816.7475039697671,389.9008044331255,444.278954514837,622.8448148603284,497.72565085783083,965.4269097838733,193.85838940592558,785.088287860182,285.2997891584742,733.7873246701242,513.3894432185167,340.03770234858445,958.482232081232,1
723.9663335963656,547.1122580067541,160.4663185616908,13.535953662466294,967.2348224976603,219.1852674357616,660.8715996302615,843.712567604365,69.55258443526802,902.5112747199919,308.98824183688635,319.71186017940266,376.7505230192579,509.7419468711398,811.9125642506891,836.1701982199843,716.7437114076788,849.2170309396961,453.0546026100675,121.18743530397491,0
282.67617311757874,38.5274960371087,757.1474927083499,87.62396378547965,935.8784114653027,737.0959724162135,357.5354944555852,35.917607014069766,114.1678448750727,374.31498464056557,313.5110534672679,50.42984733586597,284.9343687135537,520.6194175921443,582.5328756511026,675.1395941988749,772.0089066235032,681.9437725202731,900.7683025326086,618.9670439186956,1
399.26130903679115,368.8162610895643,425.4893791182532,568.2130817731331,140.99742799581884,524.0782639418851,434.0286120594267,18.09892108797606,956.0419791293515,790.1683328490325,437.3993642370657,595.6576570567279,434.75046025492935,680.0732667524504,202.7347248820316,784.2417727848515,169.92050851829066,915.412960972333,678.36307619252,683.1211367725346,0
555.5861920357908,90.86283785326377,215.95347343634853,463.3231621551349,103.38089904612669,761.0949884460242,464.7343391395018,198.76622271204113,535.185343554724,833.855903421383,150.01191847467132,350.92152714280047,825.2052434987164,18.16978783527201,205.86008927011324,496.02483048851377,976.2988210076348,973.0947513873765,520.3737100974919,371.3318654537071,0
555.0354081268773,368.91852907482723,890.0019477170542,987.6287927500042,694.4349636148044,893.1250577010945,258.91402656583784,133.48273549668065,364.6139145065973,45.305417301266914,433.6953134132681,349.8735281256122,350.947827626115,830.7061068854233,525.2254789137263,781.4393517626496,577.6957066661242,955.6072579091563,317.4753024352269,732.8754509722221,0
979.8135230069206,833.0955929651104,622.4155013106978,821.8345211348917,161.71170796096146,898.0594923098239,347.0406808129699,57.829961679701,237.64768985848872,931.121547988659,699.88675875175,361.8894218296476,822.8476949271884,577.8212961498305,331.25400231659444,828.8439858516516,743.2665757320601,785.0771913957618,818.5225086896917,514.1812815052044,0
295.0899256760297,732.0978159928919,12.741984292475417,906.6262581976487,866.9600202697169,52.18354901050948,904.948987915394,483.99962279955446,403.47326053298116,361.15003483510844,39.050711371302114,600.3601329392397,887.8114087905409,824.8815017011954,881.4067940645012,920.028957772221,56.08095858798512,538.5849565084299,860.4923712036856,313.04687648117056,1
69.21924487664998,668.2065940327784,921.3556344187997,167.45676653920293,553.2304306979873,615.0445586714985,514.4230361865608,392.9397245200643,781.7842747613711,810.1346079641421,145.03125193771328,510.78775937105934,63.5157616097396,710.3981467715206,388.2933878223972,767.9818477886222,302.5543590641221,675.0973521338365,444.4866197734313,529.9523288274975,0
921.5168186743143,170.69219596154937,851.6425771178114,601.0563811550808,217.11226605740475,560.3457237824626,598.1421311145167,561.1778498666075,79.09974388154717,477.38847285476584,221.0673069437634,101.15456828943903,109.29945433618383,124.71750065896936,468.2768002090264,210.27859196034683,749.2418625033062,62.5754961821956,596.4587467833396,113.98946077615702,1
440.9624870430042,901.3907175193301,655.3821628714263,313.201214403385,333.60388240315353,399.07997260514395,692.2221378971575,2.485624915468776,676.9725734049445,707.1750795165776,955.5014955739533,53.260582021081746,673.9011390390643,755.624760711364,839.4388721672315,260.6071295329956,326.55097563854383,703.6397505962105,710.464017751976,300.4838132360289,0
985.0497743562397,694.1097162424454,780.9247110123886,238.29357623655255,855.2728027163386,965.5212800448621,8.028377868428361,501.6877738097311,939.6843059256098,923.9744716238305,466.37281285753807,802.072075508216,44.69607716216706,265.64696899678296,385.4420246159571,180.41018369435767,874.1354238906097,458.44951860541204,851.5614079610962,785.3150217917741,0
21.00995285693297,156.66968000585635,220.82539226180776,676.3894244823043,651.2714815780505,460.3874001968974,823.0070313069972,69.69406790008625,520.6687246398513,404.03407650790666,592.4029155183734,226.73696140285637,30.153512419364368,890.2465724609133,599.7591517187315,667.6873869872951,819.9275299997793,41.75277566696922,358.49196141475215,842.0418251775505,1
401.8083315062796,176.4388490674439,437.4931626206847,808.8923067886626,443.81316153418646,92.02175853934492,263.3661735533276,886.8926955637288,937.1257408629968,71.6008352407117,771.1988896451844,831.6750298516478,336.5098271865652,294.29804538545403,707.0464999217729,482.01720195308275,515.4210116763225,53.22692371394655,849.1550023631381,864.49768412804,1
319.01810786372886,282.2793993585603,133.217403107586,425.2073606700465,437.0940721191586,445.1763288844782,402.2875784111893,40.91256706437441,794.785572636926,624.6999262604072,730.6004090687932,63.93134456975136,316.3426190111599,520.9902593438586,450.3915034580912,819.8709424041223,272.0699691397097,250.5896237909493,830.870108768444,840.4459417465044,1
610.5295452428844,551.4237490078243,554.206148215772,40.018678299966304,846.0179742406688,107.01486100469549,434.76547317496585,563.6172896113268,846.3905930812442,782.7835426717673,393.0163055219916,545.150969662904,338.0726712500912,257.5632138124876,429.40198903139793,756.5393567815919,717.6569292471441,137.17456527220563,974.8925580759495,744.695634015119,1
614.9947840199787,31.21504239579631,921.1426943235929,735.4727689125442,929.4059002727457,661.7181734751111,590.3622753528208,278.3281029083935,961.0603661817593,142.74224982950125,986.3561565957864,424.23531492412934,711.5839649254484,712.3140322560089,577.2092040371275,763.5049314226201,991.2373177959983,43.91524457979734,81.30212865061014,499.64417481837296,1
345.21993591901946,259.9826142184515,525.6759054243549,683.0021197974498,146.48545135881653,26.555970449923194,139.0230079404705,171.5743548735751,530.2955635469381,201.40453291686777,316.9334004655605,476.69588653891327,30.266310613112026,117.22139873264337,389.12025856469114,244.31753511494247,630.507517801174,737.3613216202725,747.8028645183167,965.941310724723,1
800.4232516212907,27.853420070349078,768.6005774855901,767.0022497140134,593.2074463028605,806.497145484552,573.2688937674001,860.8163355026737,351.8560701516754,566.9487288010837,796.0233284075169,607.8607373940761,13.133305522474048,661.1097237195867,983.5748213858234,201.03481931166357,710.2082731585025,98.72795726682637,749.0109451826697,502.25069009651213,1
626.6666386504215,881.9195318880978,887.3266831281559,683.508524795901,399.64930273304986,879.9446491243183,299.8178340799702,362.9648847473478,336.0147670731549,63.09492333334732,96.05526116771534,834.4337844465269,856.373621063454,835.4662756780663,307.19588663701404,955.5256659343264,169.77899064963196,474.5135059205694,934.337450004892,744.2480755736767,1
658.2851538792366,859.1034281690548,991.2255501175684,738.340703519405,772.3319785931034,8.095165785383273,274.15634850764746,638.9215657764561,798.8474981503308,311.69613941808075,755.1377102303329,866.6313913954841,298.15769379215385,601.6240529553701,753.2592002664333,750.8746289102212,592.1261311630209,556.0160345818979,930.1917883352952,314.366952724193,1
831.3276719069991,145.79511327241812,296.49959487150426,164.6546801617831,504.8440231022874,424.9614393291238,942.8228312255274,265.68211993206415,698.0136506857802,552.1533696800002,377.0519284732586,912.0276016855726,999.016989822977,671.5804345531283,726.1060123576276,747.3422162755838,724.5047469517447,779.4362516188257,956.4642603042486,3.046430323899174,0
977.607400509817,285.53124141311724,788.171823000676,762.6410551995966,339.9417291768061,757.7147564206726,854.0034303946284,537.5005888652969,801.8257755544578,637.8765573760849,828.1456397123002,468.60675716719925,684.5603163463404,173.84607929595163,560.7322852670806,312.647278029757,209.42320203147924,269.25961285361075,772.7428016589769,380.96241487330286,1
577.6699139557979,770.9244818318199,765.5439043146296,140.56424711349,583.3526756171478,164.63953570215483,832.0068237914348,289.89695305361863,761.9713014077923,166.882928884414,503.18679138297483,935.7497455327992,560.3651123267513,898.6592837859165,357.8914275263198,582.1235931863191,676.5300923378138,627.2582898150021,128.80997929211946,513.4801440708719,1
911.4957724808662,11.803715469335007,957.2728263649403,477.8155430976684,559.4526295045089,199.96386173547998,312.14601057245875,232.6242993448554,375.1740609817357,298.08437120743645,433.25446633081657,495.72412971277294,125.0061779173699,836.6136807119299,142.90419950511824,82.30373743362907,821.4854708869689,516.7945888639399,478.8082222945799,158.74468041683798,1
736.5444559224866,649.086156040959,872.1885259397436,863.9506031141246,194.2761327479401,212.5745251033706,855.1512153275881,61.585213634321015,858.9024466571324,361.30887674688694,185.77657839504934,78.96876504107841,63.96390482709047,299.4538447613065,38.56803397557229,660.0864221806986,360.64516289702107,270.08449800573595,445.5172076886461,575.6910704151471,1
845.0521964930448,880.9983055270054,27.76110583679148,851.3583152321629,522.8883766883862,709.0305162785883,141.10384961410273,702.1719026196217,830.7176476462305,432.1725821509148,547.407406454153,519.6396125865515,263.81040788737465,26.871189097736668,630.3007965775345,961.6023690639379,271.10369778890686,233.88536350749746,441.0581963777523,854.80844715887,1
291.46069067717326,787.8790443406984,501.11448257129933,834.9107620423009,54.94238168628984,585.2366782717927,784.0462043802229,824.9951673949282,729.1541339261393,342.6085202391643,458.6768879872059,44.72903172356935,927.3512806448988,82.57433555512361,329.7391943252277,314.7791728803347,949.4586717632734,203.82679028239338,53.35042422698078,283.11295698923544,1
987.9742217845784,186.42579419244342,418.82083445905727,612.7725644136702,712.7796341789754,169.1509404311925,83.23310109838799,703.5754884584771,886.1527612808745,826.6184439651968,536.5333643413842,42.75795693636341,751.744011757878,962.2387932768986,235.20028375608382,251.5313090503013,85.59518490890173,400.942884571941,749.0261933358618,101.70836009781137,1
315.84082023705065,783.5134618579347,847.3359680522592,170.8684779296994,195.94230112632306,753.5075279720005,251.0992707666554,458.87189614870806,902.5148106413787,635.8672735343621,360.71833958276187,708.8392302499249,637.9011749763624,931.3457183848087,278.2887027896888,276.6344324884656,397.21274972316724,957.6438086606116,662.2369542108435,124.55560499610418,0
89.6454562455733,298.66682350860117,972.9895407126883,148.5055905357935,108.24993774867364,242.8227350544311,976.9134993898274,540.5555546166344,189.9439767039993,522.5603849447451,411.8859535709652,186.422299799867,457.788451434516,492.12849063605427,826.6057278929057,629.3493619639056,791.196518597659,76.62194995258498,996.087466963595,286.4233275630512,1
724.1633135317179,595.4204785251234,729.2853201284158,157.52633528692905,306.3772166938227,212.2109882330182,369.39511024221315,905.3030339267407,607.0056881982274,220.35823563657453,478.2341009096792,997.4350003360696,556.4040673455743,482.8140351153289,829.1532066935017,206.09251442411824,898.9461763747241,493.2133234911162,958.188416919936,311.5245164212099,1
653.1340152579593,602.6716612262068,839.8722727560564,122.43332166451015,748.8743070584418,154.30748831473608,416.0352238524042,331.5538803908732,814.499395679936,339.4946765281209,335.24552273579764,44.47695755123837,433.9442519898844,802.3406209927368,947.4243296044297,135.87977929554884,742.1336922745597,645.1208711926721,746.0551811165309,58.7398956554327,1
160.27143377472896,765.8668783772798,514.6561651584815,666.9529956756529,959.1693816947939,61.71402309491925,368.0195567554636,272.96647179269206,495.1603730911699,636.0988724943752,764.1573272927116,61.77332199412589,268.00362054109615,443.03189506042685,676.6563666276223,818.3047042022954,269.0664384079507,214.93580285656176,57.471102700931695,521.2069038084104,1
119.00445874859,966.992474200729,51.24847573208613,926.0713440499072,964.3887722739727,672.7031998242217,538.9479178683213,799.3275350587671,929.2931885441619,502.6619395814932,517.0545586954712,863.252350631349,332.48559140089793,578.844729499516,408.9428639143571,132.95873825755154,145.32622991889787,405.0054430361426,639.8928277800569,510.21139383087586,1
648.7574260472055,695.7805672843812,326.0910850212414,615.6228209783657,943.309866446655,467.4418225928909,223.11081635127317,332.5265611762852,918.765424922284,853.5908066183008,394.310141059106,96.47775322152884,379.3861754686145,426.59914773337414,115.86725904222139,324.89482831994064,343.8829891761053,680.643569492119,518.1421138356491,784.3161059143699,0
965.6674098772263,907.3791003094544,734.4174357793902,949.332496254201,719.657172133651,149.69892406220896,507.4553024636681,403.4514832049777,310.7529593562011,898.9025478983791,756.4655563829413,761.6260259708562,487.20969417674775,193.4545992065616,921.9501291494626,121.81510205781932,317.45738530336473,968.726130331587,914.2988272181169,803.4512411572185,0
665.9862345285885,406.56831098250746,819.1078391961137,246.3250100490293,943.5202732169705,473.88958423856565,8.346134303263696,444.73346141853386,832.486023039609,729.5356962488128,717.3840046435571,658.471408960168,279.24137538272873,859.1410722803208,100.42280328480125,894.1860320994538,287.77435474421196,453.09116745055087,663.4307428594135,796.0858001426988,1
778.9008711110138,387.69348111270887,312.57481422344546,520.6935615636377,569.2096712639851,768.6428222974253,523.2585218658407,809.4918366669682,798.6952060612405,461.2199303786878,875.5905040638735,720.7919277369018,900.3684193107075,60.90073975618648,632.2545200960144,184.97932878085754,743.6580501419054,158.93527863071677,391.8544087394734,25.76492571569544,1
622.4642009422432,498.36878561664855,131.2132328323683,21.534676109061124,525.6536946529029,541.4926904826482,291.1738040991988,833.2604372403588,327.8345508555548,690.0962474198554,103.17814148757343,883.7082913374817,178.9479531264926,580.3914326808576,469.26503894665717,529.7250571391337,65.96508356964625,191.29793690985176,538.3662358531203,828.5692552572966,1
711.5113396547509,907.8578935784477,289.3315716332968,765.4582708049652,945.0931331554413,65.75420607739879,607.1559109666514,410.9078663401905,725.8524567914156,44.45060798670186,129.63570710594098,122.41174492576835,716.7856133090922,546.548597251311,686.1958489826529,105.82789729475495,369.9610280798075,358.4669376758246,72.8642227378441,392.8730473999099,1
213.77795672709797,325.5768082012316,679.3705850528825,861.876736278269,567.8074312459905,881.0095152970983,141.94118577143632,878.1806412498416,368.2364713174203,447.52851793455693,856.8869991061199,486.8595170271348,341.42607360768005,224.7319306718376,410.22728105841287,523.7753738398268,909.4807781474937,200.85972416758236,520.700559479566,189.89060588083362,1
832.4883790459688,276.85780115079103,589.8381715237213,201.69741868459923,769.5433920120696,33.4626587683261,556.2712856238336,185.06545491841075,573.8103202022296,665.918703346448,834.6929523607297,682.9468584797042,962.0204498365996,362.418193667604,626.6574220756866,387.47852796052507,81.94290676277282,607.7788777230355,481.13800127093475,42.34791849432651,0
753.8436802693222,44.72667826589372,507.3865004573732,599.9664551498531,447.4121769721614,494.71171373029887,291.3762805469552,920.3669885888738,944.9472779603232,231.35902158019462,130.51241738329634,335.57106991064103,965.7661866354657,84.2460881429511,518.5522796329542,903.4588926528262,439.2867944824058,20.92900683352339,991.1362245432996,720.1447214423312,1
997.1105202943792,518.653388617238,876.6933070889887,30.074193983267605,288.77332824786396,110.02943768420958,875.8018255532177,904.0350711870791,580.7072890379637,962.1300234854536,22.42068134951214,222.20856282291444,4.194519858461643,411.43948566201317,421.74922029979723,654.0774663345351,704.455500263023,211.54795140614868,736.9398278075769,858.0360321524431,1
561.0297011875853,983.2084913223522,794.5373963879874,759.51642039647,840.4386713546668,908.435211595784,968.2200635075216,235.8822586413204,642.0266856027744,793.6667307791091,249.00323541917436,575.9237499902547,428.089049799915,553.2347136585115,41.997951623210405,37.146340177103056,313.6543386273235,557.9919129997102,179.01109074498822,448.68889144586177,0
180.97144496057172,105.7936210132271,770.2012943191879,830.8231774934778,265.7881840076998,54.24318245612947,132.17755511684436,31.969887066371825,369.29076124163896,343.50289694414613,768.1655746395086,169.97100410373122,194.85433525781826,405.70334152467416,909.5690563211318,739.0871088930281,519.7998560200446,919.7609571093317,213.91605566377925,961.5561390390055,0
557.1645015109623,539.4361690716357,661.7273630664099,602.2002246054587,767.2555779641268,313.34386819826886,676.1142509874958,823.2586051087413,137.42897183828828,997.2598568929443,919.2550422375189,303.33344288509636,237.7062526803463,556.7502134795859,533.7807608841196,990.6333855544972,238.5875538743334,831.1125959624708,980.0258167191096,575.1040010356207,0
379.5419285706747,802.965416452145,168.73838917427042,869.027270344456,606.0890757468392,44.04385294890645,354.9127560632732,975.6477137801389,867.1631001949363,327.67055095630883,493.1555583669508,22.57739130573444,989.9062602700312,633.3841603603547,691.4992450361559,669.6311916183682,427.48856345242893,525.7438431058513,770.9602247271124,877.9305001963405,1
573.9909900164979,117.79834124503185,223.85754806531156,253.27944891500576,135.2022423393393,161.0592673094302,1.760985100199508,54.94678072941972,500.24640905491435,188.58760769229178,920.2604347929262,610.4800560445336,481.83944134484705,176.47910289410083,44.68605900066158,248.96778026657395,660.1284056596897,917.0931433232672,16.715133836991747,403.5297294744706,1
744.0889324077909,5.592636028218467,837.5296574594383,990.5437024900839,674.6527436811328,61.43930703396461,791.9577396169593,516.0769921430013,270.31030163194083,241.21583913360433,498.88632258577104,64.84305974770454,919.2618743619083,473.78700442971,393.90033171842185,732.2285089444443,590.3383724027907,263.51017775053145,971.6750977070199,279.29959549056827,1
657.0809932506066,598.1141285242834,697.0081204345843,960.2614708309478,70.14040611326821,143.52150015648024,58.4312863207842,580.1467730681568,340.1915685128045,760.4651908382699,393.16017572062066,711.7358906895195,173.3906614783759,419.4732155178089,757.4022235478305,289.4787728674898,287.22951788364924,476.9273553767438,295.705896081811,324.7032766082311,0
438.95326635086496,373.37069069132923,234.31195446086573,38.92734629676653,226.40710677474064,823.9114115085528,514.2684220469595,124.23648791078901,474.0642752077672,943.5402763349495,801.9258628201021,856.2208429637184,48.15478891019187,806.4221570059848,1.6625627401986032,276.10445371952255,761.2441671907258,138.5735900860553,577.2401269358814,756.183656327744,1
733.5149620195156,379.13612938508857,969.95966888686,356.08085555498326,736.2331709550449,824.3342025689014,837.308621969346,892.0731325479018,113.52545721207564,180.22537131556282,850.5004940029069,705.697262659617,350.1877192801139,59.67199644695265,678.9803577524287,25.804082949564823,796.5451088488248,162.01065589399133,472.4936273156745,408.7213531996841,1
31.489283067225536,48.735734397533314,533.6695579863363,407.28241044021394,653.5626748307757,14.601799103753477,114.37684528258696,447.6927545902958,820.5639742235916,119.02087490829017,49.23190163316804,551.701078576902,678.9776069499846,807.0436580167529,877.8065338855935,287.0736194337452,740.2613140002616,252.01728203140118,957.5289041449425,16.72108548523088,1
774.4596744523424,41.27143644309139,419.7259363404638,625.6762459892506,573.6511668872648,337.16622393867857,948.6370837679937,858.1492185206622,876.3015700994853,200.746737432708,954.2925747043648,167.38689362188853,833.306378775128,925.7192067370455,243.73406961374556,880.336645555777,250.58011451151918,637.7508633084789,226.13259516730633,562.0828546538271,1
17.23311394862259,347.3562451059693,879.1057315831682,312.6261275675016,367.40412424221324,617.7163008601309,704.4734658009801,264.12754441300046,541.6031487236427,501.3392057493398,646.6012580304043,843.3263787943357,606.6603014135685,50.26218014475503,686.0837954579296,765.9714722986442,244.202336743503,952.6820489891759,348.3244376339174,98.59340009900863,0
931.7557280307966,647.0681266572869,846.7419697662633,8.341310840848436,164.27125863840598,586.4645471807002,316.8283703535922,68.88408982793149,196.62970698466575,740.8506836059747,495.5333032440746,688.4952750640713,359.65786510089924,885.2383928888974,486.98028644574663,283.88779335936044,456.1812654642071,420.5911629822806,797.8043374729262,91.53326777947912,1
606.283805932246,769.9131940216313,455.787877103075,19.461630931789877,865.1602671040275,97.05580862518282,585.6162414672079,779.7725047106611,104.85098546630822,129.68876547213247,182.8211604795098,721.7476144969642,978.2284116542614,423.36772170536017,602.9176185398462,399.7264710605527,289.13093250007546,416.79156304064014,545.9590179383063,801.3472439424706,1
239.10058657201395,908.731200934992,185.50532056345347,413.1507013266035,220.74646480935613,650.9989327366679,321.1106101486295,821.6892338306876,854.9383892915992,367.4891812576494,53.36499961179286,731.2827037887516,980.1537249772991,50.5647260571167,260.2004244829069,356.7252672013542,490.40196212567656,1.9453880441525628,909.4478839531024,285.159431213701,1
760.6086138797396,271.88415642505805,481.60039629739515,416.5396925648099,430.3133563534065,615.4275199389652,392.3600681326694,461.1659865064254,670.4271943661578,48.92269243661052,977.4617493896706,742.5405363588868,971.841750989305,239.32608765701846,418.0297102332726,190.99465598666632,42.6663351630987,929.1851781751551,387.99200849413774,927.8768358668037,0
318.4089556709414,695.2114323009946,32.145395376398824,226.99848054623317,621.7249711957946,64.35536523309493,550.0079339607529,439.1624453449434,925.3097516811588,542.0236221201498,480.9471852088181,368.2434066622411,53.15178253021191,514.5148173569828,562.7143497739487,470.0311334019459,544.8174084872077,514.3150490181049,603.8244858516077,757.9131263968333,1
715.5946856284315,352.0324595473905,359.630242149639,996.201005331183,560.6088259911111,155.75959433535104,723.7918683292723,445.81903524029576,243.23552219939415,29.39772637551574,417.845894311852,881.2440721973302,248.88307764457863,323.1070874007703,675.972435731276,576.9304335165185,524.7289293931369,423.7319188255061,976.9902218670812,715.0748453548606,1
770.1946111956273,169.60594538472407,507.81838636763285,584.5469803579861,0.13085709689641956,765.6892080464996,906.4451364400142,579.679209115191,330.8577573369742,667.0894679647563,182.541400553897,488.262924340675,522.1839946863656,374.81438010700987,567.8592621320352,554.4052872423451,386.2404006199389,629.0525212893343,634.610433055799,365.7474274571466,0
149.8597777236621,890.9012555999542,437.53646253077517,600.6670322664568,49.811512496854334,833.1327319364206,46.22210939235705,23.02286986332347,73.28856619183388,346.35264297900335,912.2192490437218,744.6321552754948,343.5353224343023,626.9134730587474,232.05209346632384,922.6468666954303,925.1823089600437,7.207387975142532,264.19420195836653,71.59229418099888,1
854.7556430839863,671.6674197927847,648.8275487429346,383.7561523941429,680.8247804084494,943.9589583992816,215.51481818002262,226.4594929104591,366.9265631851568,912.9222148885324,759.1649312090035,100.72389024802153,39.16537359710603,714.1648897016055,769.37191767478,343.6719299267408,377.18854188961035,196.22354698164602,550.9409656069298,416.5357324372316,1
239.86225744640655,606.82643660785,393.29056428585886,331.2165297110219,371.5977838222915,993.55586932901,328.8506272481917,556.2555920108091,622.2181774488998,537.2269371328999,276.4891810229373,484.2447758391112,403.16311370154335,328.7533072991634,253.19926789140868,848.9235809106441,693.6786788988177,836.0219366187164,752.0203285273875,735.102967215285,0
906.3728431818816,455.8588911798751,407.2782647878629,1.906524444425517,335.4329004218476,295.7529884309711,502.09711974198433,671.5321831149441,220.62206552952412,610.229239718355,983.9874973910896,549.0703879272802,489.59820009159824,997.7169296850856,703.5610805235935,760.3720830288307,998.8265654326843,881.6849259280508,427.0263905627312,10.716347746241418,0
295.9503399347959,165.37992638766997,825.0429159158132,477.94464156108717,853.0349970331487,560.1945178690617,923.5048997189631,987.7542322386136,385.1521840136698,425.47792580519337,560.182011206761,854.0188803997621,354.10028409291806,916.7917215672605,715.2815054882899,851.207419033038,509.2432997710184,505.4969555380183,999.2666698584092,991.9938346872402,1
13.232791992371261,39.867453806644804,132.26839495112242,933.4290750871951,599.6073550985228,886.3961870300325,931.0343528527457,608.3069814704428,503.8439298096995,187.49747306396992,782.7284895241008,50.26717835802219,691.8319683266534,409.37695446211086,566.4420811337121,579.506792899311,127.90853295547144,59.364877381459344,917.9230376638781,845.068169530425,1
162.3827086820816,161.76611419593456,630.3015849398295,807.3574969098154,343.5142261925848,404.02995266712827,944.2678291938308,835.6452870398089,70.57816199011968,739.7027883755586,177.85351119726357,29.7045387080076,259.75656010723793,15.448916883771147,402.4410818825329,966.2032780982697,336.66060473126316,455.0883484536261,783.1168335178982,487.54420601923397,1
637.4972459055514,702.4730589838739,201.31339200023447,321.80461297758956,706.7393797791575,242.57706104480891,971.3953780463409,465.49153656901865,217.12491632027576,414.2236102713837,717.8227321654684,559.8206644240338,330.5136346598464,760.9553924509044,350.00078650171974,352.3134981953767,927.4584732251986,293.07155782304005,161.5707636735163,665.5793661841913,1
791.6606386024977,396.4384830408143,673.8927799004765,979.4626173236504,978.9132065752278,686.413300771338,688.8807493935655,36.0427258049828,630.4873718415477,633.7101891384946,30.738948464670845,368.74441117930314,870.4826974166772,327.92816296078666,811.5643789150492,180.69549340161805,57.11188521658617,447.6657693923063,468.7297550109243,927.4065283552961,1
840.0198652776004,978.7617910665443,187.90592565019216,535.0312868817014,861.3005544239915,577.7632687073625,633.2415516219569,476.5760089747243,558.9406367590202,598.9988754299403,308.97725471044004,476.15243765675206,484.7869369368527,45.94565105243631,137.19626689475717,40.35236266567821,654.5011092317902,448.0033795186396,292.7577149442394,464.4602997641091,1
406.83308244048067,835.5444369754272,95.87564508473135,384.6494975042637,523.9574818116212,941.9421175221372,918.3484405000536,969.4569454723774,38.391374537023346,837.4139716807881,660.8131155030264,964.6978678114721,129.39232362069575,345.09224293288975,635.9097940776537,955.7869978368998,607.5883536863003,994.4581142702713,595.3596192491297,277.8311164750037,0
832.5740544655531,518.7786520616276,191.11241920993916,453.94322503440554,208.01147425929267,180.42418132438587,173.05253264929388,729.5532325471179,141.94139941411044,147.74016083824048,225.92926395659762,335.7426320906378,965.258989457574,882.0457751472367,48.38844895941652,767.133618579733,132.88653340955958,788.9755169760163,636.3188746166924,603.9709637738346,1
299.6614457315048,226.0370325449391,728.9903036304297,935.7959621616394,108.36654405121537,490.17826381198483,601.1212365376482,466.92063918050985,350.13603039100326,967.3390407438708,529.0303736634006,676.0934490246533,380.3940888586672,926.0246747458506,971.0761973002768,358.2669172816784,267.1128208831267,387.1095414778515,789.176938542097,581.3862382536954,1
956.3511659848651,447.8967869655618,649.5708993557198,572.6746296098805,766.396936500407,76.41843214659039,442.3705504069151,831.9215495966655,135.82804104649037,612.428305262082,565.134776511852,866.9397524886962,21.990840084773367,653.5599956218397,902.912482496346,69.9307485835039,620.9395013463212,994.7571103432177,197.21236652076678,895.4238173328612,0
92.21220156611554,81.7820157298349,116.23101972948413,793.0406300166412,334.62773429609604,143.96650998292094,952.0397080650569,225.31525983849232,269.03515785523723,463.5098123413054,331.3741036219533,387.7496028558106,270.83030478713346,98.24465545868844,296.6143891621772,786.7394697082653,500.9904453025924,49.503484476172254,189.20636065441832,534.3005718410849,1
289.6720580786225,736.1098976985712,924.1393761010617,629.7329754828544,461.3453925546895,299.8398059346539,922.4063890870666,755.6402778797129,234.71200745228205,102.23853317092302,764.4063199181347,431.8640178997435,962.2404609406905,405.49446067614605,135.84136253991053,40.35616967428346,356.2971833221813,850.5646880210272,708.0204827102177,557.43530136152,0
497.3705016840652,48.03058059883991,17.7018239316179,885.1893544792107,369.46937994751227,321.92945580597666,898.5741267276422,329.54902715044574,984.3883645497973,439.30901617939753,151.56908560747252,479.3761006930285,910.8826637564465,810.6702267179631,991.6315579167502,781.5977784077409,267.98601778118933,767.4311034257447,465.1117725937084,35.9922619925348,1
317.0703388260537,989.5290005263013,976.4898998753334,257.33097935656747,367.6056828319801,465.4807332607994,636.1301951750572,200.67885463039502,711.8747524886893,30.05163432625446,97.38891820519623,459.8656415700356,604.5974142151141,595.6966895232943,533.5332786071574,293.3314433741884,902.6107089715961,94.21117278093394,217.78328327499597,257.6061122804767,1
381.10592432089186,787.2274606480513,673.9586180973783,137.19815703482163,36.60440048736402,156.066477510575,143.1895447426841,357.4524232939723,601.0661171684358,785.1292853724615,80.79147938982977,358.78440992902205,694.0509051931795,919.7440959448551,286.8003064491802,966.3595533163984,325.82369478377393,825.3579257534138,187.28712547308635,744.2642819047798,0
327.5395924470028,700.7611354717072,643.0815039122335,362.65955378437855,2.818201367712825,857.4285131935806,912.2886061853135,525.4054568307743,713.8060734924856,205.44180511328625,946.8993057113638,12.98744683540798,638.9839050760146,456.3759997513771,58.87338447130397,634.010158215011,978.094516500895,60.74758498829347,677.7658276230375,700.7066005264783,1
362.5889669871708,871.6680690114081,249.11883452292682,159.90544209702995,530.7619679193806,202.36915474391614,526.3290647516475,231.14873141879733,857.1931432222342,355.1555526602732,100.81965877017373,224.52602639384222,8.155233470741763,155.62736609246997,786.0024904269904,838.4212694241522,758.0070959022231,752.3258760778648,484.00094820246676,414.9393188090684,1
851.3490138782963,131.84101133543956,689.7600206312127,991.0793225954096,386.55054865759007,480.904644713764,985.0316085918804,373.784896574798,367.16022802585866,13.971561526597176,307.10396868597934,216.40223109266665,802.0149570913042,792.7427189654863,949.4643781967915,193.66626859053193,172.8309190006765,819.5373115058572,852.2804961293501,513.3792515158291,1
649.1216317708459,809.2584798900294,93.37166639306382,245.12399813704732,181.49299851369327,535.1208235410894,590.0804416266435,816.0247687945846,143.27944680114956,107.48296119564893,275.68327589519316,331.3745645604311,338.7839364992903,334.2058264324529,549.5789122386929,679.6888062138728,942.9182029953438,537.3339503518041,591.3955824897797,959.3757627899231,1
144.87573736459714,500.04479205129104,470.20749361787296,761.7284750735123,432.8836975958861,78.0557436092727,812.489378182758,637.3553094387629,189.55844737179996,187.1518889370656,224.06128046354667,870.6016515791315,885.868984614208,86.99048882980253,828.1270575484128,35.39409128024029,756.5792656276085,621.7998698768268,837.4906928906087,822.668801805773,1
970.0754501599862,121.92909946348752,531.495687145982,587.3376836397781,702.8036951416532,410.16032443141137,44.48521548130336,861.6524642123392,144.54218190175771,767.3330550617407,575.9820053774354,729.8030022142694,494.467585780337,135.41629545099988,827.6422893220875,63.0763701063779,299.1338010862386,830.9036586242947,719.8218388199153,842.5578860260317,0
404.1857853656723,807.1156806279492,378.5596494897493,336.45421129262564,869.3001962765987,616.6894094899775,425.38562029134994,711.8041684217865,719.5769116855427,243.32384206956704,593.5733289906134,837.5763763945099,694.3440415729424,905.9868533322679,339.57745485634615,311.42998102897803,723.3665630253857,335.70622663416117,140.41193211588643,518.8235684270976,1
697.8203488999892,924.8074404212374,587.3163195577722,423.94636223941296,194.04529784457048,620.146069489176,888.8952859022393,830.682897423269,205.878254538436,38.43863444646234,567.7254298246785,410.7580214616694,772.3671770032788,44.474059198328916,613.5972455104337,771.2936349825992,176.78062147054018,104.06128116113022,422.0221383319885,392.5840483641304,1
590.8748579368163,959.9183936573237,925.066024437047,896.0227005242954,756.0503330161189,699.1898130255121,715.6451367044546,155.1047608238153,245.70172296299043,415.14499283254,992.1259452623049,415.5787956813359,654.8402572494756,185.67945706059098,842.0012537655911,473.98226148165077,427.5169932451328,591.7239463669555,351.1119129201682,268.4815380298067,0
880.4246366041327,999.1042046006,577.6195267790384,13.068129713521337,198.40497043546557,991.390970439278,944.3178766568569,790.3083511175761,727.0385620084,819.0649165456986,294.00428008489934,442.1575867467665,567.5251999332716,142.66691463225357,396.36133791381747,644.3166856342633,349.1691813498229,781.231961215675,323.3793817298909,188.32416548941765,0
835.9729840786088,423.66439843132264,486.7165922833039,259.30583305436903,274.4911536057729,596.0679056395245,784.1468784327113,143.4502204424164,803.5525123439049,973.5072856085795,695.8203244150815,64.30224274290065,647.4367189274351,690.2322750792221,419.83816102909987,887.5503835869496,961.6337825738501,611.4582210437798,132.89875766210068,871.8634535539086,0
113.84593203084303,876.6899296232709,302.3407914366613,95.64804352433809,483.12568286561753,940.5501654358374,405.1330087590562,553.9167315321164,776.5398177363436,911.7563025558537,643.2420151086211,203.05108817810802,878.9393108169847,623.32801983855,556.2184317463965,893.9072840042616,285.7839785597214,342.468694259868,161.20559429968617,717.4392616936676,1
962.4493682765216,330.90546895736736,14.681001868753318,991.5185020337847,297.6721779526762,573.7768301663383,129.40554551737992,522.4666023414626,815.9090650254999,539.5734268044386,928.3530757822259,462.60796638076783,45.170575913570985,390.3382327758356,192.5972722385033,471.6232644179211,687.5696938409042,363.25297986876006,884.5405909432124,282.65441643990374,1
602.5750751336117,937.3265832737017,182.378480572304,387.3853032543817,797.7583737812862,998.0465961146286,812.7777067692141,548.9679948701722,388.5200758614537,491.5668572065076,829.9905659361256,425.3430311973463,134.71380982041703,518.8788794623921,145.66567923652195,521.127828798769,79.2896787496341,322.97725198217006,312.5513799124162,616.3413227862201,1
69.3310453492465,274.2031354828961,944.3699415486423,99.3209087644118,979.9056576502267,869.4799208248129,893.1067243166453,839.463730060922,138.33744161997285,883.5247759216631,276.8380168663168,356.8291113162592,81.27800974075694,265.81195707726545,826.5258089883703,640.9866468376298,61.61214218837352,816.7289329989413,550.3396177673601,695.9013600369717,0
977.9484014304637,235.15778583383883,579.2068274994413,721.7525969521406,653.9523191134356,191.277016353118,310.23292033604,682.7325031125145,433.847112781194,328.1558470052077,672.5012402221611,499.2426983145869,454.0112201593194,863.7767739167056,60.526130145838074,363.8368306715497,265.8406865381554,551.4221966130231,584.2109834554902,471.3696717246144,1
280.1786382041267,260.12284027873443,218.6476151883807,793.8224277941454,252.60829966657226,848.9842015700679,769.6474201935074,873.3593831586096,402.93291770136454,937.2045009961704,140.30057733385414,893.9011608842914,169.91566939798898,306.2163978817606,304.0963385131039,219.55054877315717,388.58692202288415,705.1334451883013,661.4515562396673,609.3632141597141,0
965.9551238295008,817.7936123518551,711.3326945774215,639.1670392653548,382.12377752219294,255.039315063754,245.55198446485116,625.3110004638384,657.364790442927,172.49477783328393,326.22239531288767,45.011800914168006,722.301333701528,833.3096038713765,816.8079134505278,656.0992454896611,437.6501349269002,721.7584315418176,580.2859510145125,309.61395008671246,1
772.1898735227292,670.4582618576168,486.2970733841944,325.3533287407103,52.07345583295753,151.417840042119,480.02348406762553,944.8307248398407,299.3070594253714,740.587335014909,960.3573821053371,39.48960731336548,368.1005308619959,330.89403152262196,994.5110322784105,771.8887799923738,402.00049812427585,153.01230990589897,531.6479286807464,706.8331184107805,1
147.08795391263564,119.13682531038738,469.5924812895543,600.4112351868981,515.7989543951276,27.071060399939782,263.77551010385633,427.8506990660794,678.5750909306943,523.8286975779166,376.3277702414657,257.14734101598145,13.191563205466217,46.67553359759013,658.2731221858602,84.94399743696246,926.2988845506757,894.665102059037,208.93620970165938,880.731772719927,0
34.356184944333904,6.6439795557293735,378.269172001122,367.98208932592337,984.2693921459668,980.2411473479183,859.6500995233077,625.3374237418375,567.432296318751,605.9535345160197,305.40662277029605,568.1911153116104,866.0273427379468,729.1294824431911,130.441301759173,999.4322470558866,546.8206415976189,18.507968261687104,978.8364959168911,162.85093927809103,1
538.5893110175251,687.4153058598258,290.91492493547133,303.9374209283251,644.1703585743538,339.14264371464407,425.5327953254416,707.2390561050728,71.01178825209541,381.67865410573665,551.9339959957795,924.2491443054348,25.119180493514026,248.7905820906643,399.00168100267376,867.8927262082345,936.4360121122351,272.925436739422,983.1287106592479,772.1553758242243,1
778.9574482435601,106.819689770002,96.6087706292279,877.7607785748738,546.116644748843,941.5361774532977,475.2406965317997,116.72683850038446,899.7286001328005,297.2159614286173,584.7671913223398,599.6314654279105,432.077898848177,412.0765394033356,102.89061442288904,294.57193058735277,83.27500849352731,958.8833280510472,137.3702716292634,242.44580319482023,0
923.0551799260575,176.29917587805076,322.58685092425696,192.16288913948443,570.3327736848236,787.5066597529074,830.9856008513325,718.1177432893965,557.9273532879331,202.01779171026212,238.49667322146794,720.7316671471518,514.5802896811542,878.3211850498021,464.5676625418304,354.8551773418248,869.4539139509858,109.86661903302941,415.34847529209264,983.987617935264,1
475.8640248499587,47.85748972998416,643.1636197609141,655.4204290302358,101.2392890773024,683.0806119807121,66.71184895854321,998.5678887166182,151.22761151149265,135.4675758048316,962.3538929246133,650.0489293919103,480.1549120091131,527.6336759984995,907.4768549260376,233.7783329495331,891.0643791154904,179.4498585975305,683.1573331426831,186.17851724676493,1
648.5147147327734,279.4277274958553,395.7278547392716,487.45085629657257,649.6590606066898,597.8616935935086,682.8154454334962,578.5284082085283,916.6145746654101,183.61083538774537,919.9462784027356,783.3315813916233,284.63445094793394,608.6511511466856,713.9045543364974,202.35871305583208,359.02396602953047,369.0834173073203,10.784962649670993,356.4084741362038,1
853.5682759429762,411.43412154214656,849.5393830757932,647.3077987913057,750.8741730133352,795.9868063446729,493.439732815356,927.5444235111713,268.35068458161817,250.38901083847566,436.92362436113774,960.0281502184445,204.81339201637738,715.1701414226804,63.530517171306755,922.3550900109193,500.0018712553979,385.09933453426305,567.6385076813124,120.21543836232973,1
421.96321902392896,348.37090841809203,216.65573686951822,724.0664577452095,232.86087192072037,315.2579804902027,911.5756565351126,756.9024175572772,657.3466594804867,388.8308337812191,127.56677177485665,470.32371882478554,209.55627178186808,923.160812336959,855.6611285579103,804.3538564145598,200.33787859584106,114.86024016242568,568.2755090160423,353.9967237365047,1
568.7847517971175,22.902870991205027,333.23244220561844,868.9868491921209,181.63178342253516,512.9261029331421,133.7340330048057,274.0024577838962,61.63293924803259,11.325481674490213,234.62320668790093,140.76180038676677,134.75263721263607,523.7063262076449,518.5804317390223,577.3302713228804,491.8869891638852,371.7329752259001,843.8487724969473,805.3903973395991,1
541.6881494290706,920.2268750278153,920.4773295561996,196.82977328242146,666.4827173639778,287.67651828682904,47.52130348404682,930.4604054353385,174.23072805913108,733.4836471734515,700.485261791463,128.2826002227545,867.6756416181778,407.89525889440614,832.3458251821642,896.151909243731,980.9236604763838,605.1382366221188,63.49195278182551,566.2530926280762,0
520.8206317023051,552.8295156844467,980.065262497208,925.4030245110945,147.6852193551448,485.8755409740151,988.5372380122334,372.3943730061713,308.59974909096644,425.3797379576455,108.29455955474887,637.7247868569215,407.9845966553748,323.83956785067136,664.1954608964647,712.1976643866146,291.7485830247268,612.3254865738194,246.5817497239796,355.39285051094726,0
793.8496289567123,962.1328265009976,15.661683098825762,352.20617423405906,123.75839184076732,610.6076644823908,729.605495181388,31.351566894495697,643.9797190576114,833.0610478700761,561.8520493780186,126.42419522274983,219.94454920326845,329.41896310845755,162.6049003189497,208.7758101068996,121.58530234737952,526.32932472779,451.347387669767,546.0574992217888,1
880.2068792214939,38.59831735673447,230.6147115292928,698.4608113130382,442.3793473946621,809.7504189473511,694.184164076736,924.9490378348817,25.86539706417468,333.6077828712606,999.8934356773691,110.20493424572064,377.7557722005529,597.1767257436021,97.20754313029501,969.1111917697104,782.0053704376608,476.6570054047752,532.1641984289508,970.9699041249164,1
394.096314586174,406.74419703371024,774.6073961242635,220.51545396049832,245.89866518010794,409.13591958421824,630.3655134246396,596.255646502807,914.1471673819093,838.8236984708213,752.2349080278851,547.9440826020433,780.958572073972,615.271952770159,198.92143580460498,644.7941070841715,790.8961699812874,585.6714935131655,444.8638440877284,374.1502660888105,0
118.44700382420059,491.50651877550354,199.60275476622135,92.43695852208478,580.4079518051134,194.99528397424982,812.2484206998649,748.9523498862266,468.7770512308102,814.4313204217442,44.0964437276089,444.2523992386124,602.829448947347,674.556646951975,959.3082702584363,331.0561353628942,114.46436132013727,509.1014946366549,90.34557921847674,591.9498940228652,1
872.1161856510001,99.58814628591406,188.445490479084,906.4540897189748,989.2882313743257,596.7646673492029,260.09877515407567,685.7338132757466,619.8465067038197,947.830422183334,68.12893098639749,630.5201491152757,763.0935280869656,305.5740475906757,902.3094423352338,245.50017336080765,657.6144747578927,880.1287807303511,835.6814664994243,115.81418168333768,0
329.0966599028753,487.0742593008519,438.5983109361562,453.82448691021324,178.11587415984886,702.3952909971244,240.44961066486314,117.27280887449842,781.088439396894,116.03891682998535,829.584180019505,878.1189402176103,396.96470215844846,679.8568376051317,394.28043734810615,791.799019076099,83.7010331796294,2.7155512027048356,226.57695924707687,616.5121808159751,1
968.4458177332655,209.43952101391105,978.0098980292765,396.6042018420528,473.51081198018073,86.25818372181104,790.9394986859083,41.511570011081524,458.6980877173421,794.5125975371755,487.5629903442267,511.8338667009098,351.33271787087085,855.7418958518473,692.021627620438,903.4794442108373,778.9757292948237,794.7720685135473,237.17357027086962,117.70421855958135,0
854.036181766465,243.22532799240815,988.2671677429738,403.300076286328,692.9087620789861,439.94011849873226,906.9975677270879,491.67922557090606,778.3141322464298,515.3515201478945,761.2422201989086,288.13331693105835,344.81786704096805,639.1770825463631,127.39122889712074,972.877373766091,135.7691738429857,349.4003246093773,686.0520924187592,59.30960603271607,1
210.18346960234547,177.72019917207882,878.0741408747922,221.46492281826636,594.0483168328402,843.4768319665694,420.98491357532816,486.45717748839735,799.2329058733775,598.2541481835519,86.36751560401056,590.1694926355907,344.7641648285292,839.9344855132567,31.347055059767538,506.4232733428561,807.7417268081749,73.9410877814839,340.68074586774077,253.1627978221791,1
417.99494145989667,808.0482024370884,302.9985261491085,220.04620540853082,816.452029985355,98.34630190422689,232.50161345477773,821.4219282965244,922.0290668372568,263.27105965304463,191.12578340504928,491.7865483958609,23.74577785673615,876.9039289848887,132.65797761324492,673.8147510598484,397.56789513752966,365.21176701079725,676.7483062748377,577.6399163383219,1
103.7094804351606,486.41297646552385,249.22194972688072,652.8704408853368,436.89704938559515,611.4802772979718,925.409031730232,431.7732009576054,216.11716899579935,299.8550959175346,285.01526127063437,881.8733388490301,568.8939940291963,498.6181873531095,110.67819633597864,97.44455635140304,829.6245238016078,414.593746397086,997.1085793473418,130.65338217692812,1
197.40830327319026,333.12545836495167,931.740980519477,727.9187486025562,280.96936522457185,383.43726018810344,569.0671633974703,64.35866264587531,718.0353806989631,496.2285709055554,470.40436226218276,583.966497257996,880.1989599543915,359.7021834225623,306.4719621602818,179.93412877254224,709.6278789589243,561.5198383439863,687.6552635769143,76.0586507856139,1
149.32646496055068,569.5028323723733,752.0468662474605,371.03157263355234,719.8540442982254,735.1330281824128,15.638340562148079,752.7922971821283,892.4102571949039,934.3729056722175,312.438200132941,802.7678691770765,469.439318109826,141.72039063977059,489.5983495488663,712.8354788012159,835.2605780801194,877.7287654364093,992.3936208778989,425.7535661153762,0
722.3480674737914,805.1335993064858,483.3376225293773,169.29993116325437,853.4148349969786,484.5392530457815,169.61603715603613,971.461186416048,729.9146970326632,647.9750702280464,215.52152128911118,42.19687784136605,410.2579369128616,604.5332053930142,924.8033528428997,975.0508217311036,662.1918624659756,26.89767666159648,507.13988737349223,892.7601775981428,1
813.3403672417294,524.6122705208584,403.12025295502207,314.99481083280347,795.7159578864403,692.3819547695538,59.19701722329951,502.7261616140316,878.511571989991,255.58655840658162,844.0111981028614,701.4101474088625,540.2632368370809,364.49570058259917,622.4867591051841,825.1387733613828,888.443421633534,377.6993246873217,456.67529690420685,907.5272895893745,1
634.7651755249143,34.275264071757846,65.69668102127424,48.796967342561445,302.99471452246286,16.658972275845784,727.7699304285966,177.5547857825056,596.215721718862,22.82962602819405,482.20328513318844,648.0261163253218,855.0306994945072,813.5449101572991,634.3325836186162,819.4248123646179,339.3659176616087,966.079408171478,408.1075818974418,582.3258276808491,1
799.2503191405688,441.3426707462157,301.2802220534035,647.5227491279807,997.0912686859473,744.8489395256578,334.4285792239828,117.20391909387529,57.03326696760658,955.6419580282659,526.5378162472332,694.2675854174756,277.50973066403265,501.01250851599065,680.1003334835651,224.9906804302214,715.8408843105437,569.1984829267961,131.63486836090277,327.70075672623824,0
284.9285942690581,574.5893077478092,394.08391561029674,935.172887929427,705.0700828867476,512.7713324167482,611.9948874942258,184.61772069127557,308.66732438942455,506.13102571351374,552.4735031002652,664.0648454005039,13.323811251328422,102.40512477889429,201.49194081244647,473.81344679395,647.3703817712493,97.94963158530024,998.0859648498995,258.09979333438025,1
610.3580804998675,33.65074174579963,65.0541758522556,214.46669834883647,287.3085424381155,971.3054253361162,392.4158074591001,940.2186095811412,686.8468329842292,743.807843629864,699.2810235390366,455.1812563371008,273.1321632486774,981.1713350841871,758.8075902232929,254.3339176744711,95.56904526129162,450.9577302122263,99.63541784115026,729.2620484931293,1
791.22442596359,5.209972371830629,275.0778374842071,745.6703246526467,650.5021570430071,822.8351233777494,984.5377341518971,141.78095918658872,367.1282521503911,46.237319155012166,317.28761901511416,361.47188007890685,281.53791508473336,389.84884890439366,782.7388839371594,978.8803720568541,727.249823273488,528.933718994668,241.93246513808742,887.3627240510402,1
302.8562429447292,218.46759002280203,178.4465985772262,183.6125523169472,817.1385090335515,591.8950517487042,754.5876395627262,240.12976553726529,217.63281050956485,638.7013440988882,259.69895098844455,738.6286426749766,833.7929225064828,900.1474325656401,864.0825518809439,459.9241269681319,219.73632027284572,595.7117665274408,361.64217368921015,467.6779970833823,1
797.9964297699729,460.15202525803545,437.9437933205886,756.992874085704,978.1298630710487,294.80413433236276,897.1406714664018,184.35120947204518,476.63235023051874,852.5140626461248,710.8227776072542,214.5098083141278,464.50282781676844,623.1793092798176,351.968127936912,1.765728961932611,677.2384969193578,52.92433652757467,547.137997836125,959.3780526227911,1
316.2304861127457,159.80782291999506,502.0971096437762,205.57177210859322,183.63006422525396,818.1926736455366,396.1702030392933,286.45366573280694,753.317212523967,737.6488851515919,414.8738113763134,675.377448936225,883.0071290435554,154.50756632745555,203.4167469035254,213.03792072092642,55.01146787211386,721.7460063072618,566.2628608309942,721.2984004183933,0
340.67901532109147,713.1916904819255,36.729124421441384,952.6023001195123,932.6506382238949,84.08811220082812,590.4711687692844,433.3280126244211,483.38758409976555,270.0617277308569,500.365255445783,769.939509904683,419.44148626145807,358.00632544482056,726.0562884074869,904.054067787715,31.194408458824153,240.44069936859924,746.6820932641358,84.73731735636336,1
556.5445932064491,935.2373969923428,503.1666647201137,591.0443789410785,208.43057724001213,503.65917488307366,193.63564841882308,987.4518446097129,54.799213433455286,71.91226007646124,326.60928973919687,701.5689754499339,627.1199833629246,645.026200243813,118.25069213716588,594.8431522240306,245.51438774149236,449.96956043231506,892.761119512814,541.9725588853673,1
561.4154810956156,133.2518738235955,559.1042033066636,445.3252018593372,354.3992915334856,638.2704910044281,115.84702156010951,917.9048298394007,572.359135278675,96.61537787472052,133.42933587484262,257.6250853213843,958.7165448655409,451.38040786752487,425.8124165834587,726.9452990843768,529.9654769415006,219.44303084260176,384.60690579999977,311.1178977038118,1
111.05082898317076,851.5113424154326,264.06611907366806,860.8438641235309,418.8210907274882,305.91928433674695,892.5108870857938,694.3278860830299,448.1732744549192,188.12123415859327,299.05007831574704,977.4522293737909,105.25311211841316,389.20632602719195,891.0883756674297,539.8287200010587,334.16180151804645,923.2505391789308,769.845708483423,207.93820370714255,0
189.93230897799296,622.9233407816548,537.5947769396938,197.1181568203353,674.4213027557614,988.4985899367921,742.4331942035809,135.60001798125566,426.3105100940643,376.4756830780093,900.4908406912808,980.3727041838155,657.9741962082792,862.7426130648824,628.5239935135216,555.7840078482113,205.45376852514752,954.7401358071228,935.2544525441282,965.120045470149,0
811.3607711915054,598.1088165100971,680.4377329170288,904.7994948561313,79.96297691085775,295.14629125913075,969.1221588852416,663.1654427704817,211.19662177666243,181.16232040501333,360.4407348988611,761.1954748939711,303.5098343637809,983.748262806317,51.093701764483136,771.0491572564539,709.4302273289742,784.2186319770741,14.064590707917102,558.7544785489475,0
132.0392510854963,555.405742608432,233.52940111962482,563.3816593024669,134.16741459181202,564.064088093167,711.0552247060074,431.40656356934556,983.8788944034716,413.8526815699858,531.8921092102921,913.8625154518693,43.73079684726511,528.4373791150479,296.273569346189,958.0971106560813,39.846560796129694,344.0973883584126,831.4467860558402,891.0205725809689,1
744.6714424756431,690.4396606139723,39.75645519058557,87.93820602063585,810.1163862607922,687.5022033126393,450.49753885781416,77.26618684266862,43.285121638095724,407.9128615228631,711.7049062350609,983.277378115899,548.4911800580398,414.6360840694776,113.93720768126259,992.2689460108729,791.9742636816961,418.45247473897996,412.0538375979239,285.6255930374376,1
978.3601605579153,220.56630275666078,554.5148903638627,768.8390369081619,804.9313297497528,470.8533413630147,698.4172017779205,343.94252288468607,218.4504242063545,747.9110494576211,736.0181119336854,929.8943506086547,795.2872506175531,368.5172855146308,382.79204702298074,878.0087549080575,213.58398396607393,118.6165323455426,366.88979827872237,718.8826616887329,1
168.48906832238276,770.4222035845968,67.78386397637459,760.8378519356118,964.675373754605,8.075535635266306,548.1233835700787,517.6782303263801,894.1771619326936,288.53636375732947,814.2215921857103,397.34406490074116,496.9338972278261,489.2602050009277,236.59452706549655,746.9647186703187,485.7268427603489,968.98286441402,115.86217279062261,847.556792135398,0
831.7179587097706,427.123794884561,58.07874501853549,556.649987142214,153.54913889268562,228.27492794762082,294.79221453739024,179.44976114941736,990.5369242355499,52.938578481429246,125.53111788585957,550.2014097978451,441.79014604413123,630.0623632299369,967.8267571874089,962.7124244342488,897.0070624429455,396.8470182059458,320.99445062208554,559.0290162868821,1
915.9785282606133,586.1069272366169,133.82313160497773,113.07209568689825,153.04397973206696,746.0480074007172,77.49564979377243,846.914797739947,119.07377617970295,868.8934214403571,401.60017615212286,528.8784006708104,493.5948935835538,135.8607863628637,544.4124465688423,610.316165794546,463.7557631351252,243.44792409728265,96.86591373888432,459.31454269458914,1
370.6524910130852,896.6941057317991,247.09962702951583,640.0628496353919,400.1485959662031,949.3784411460807,818.9689151043999,388.05690120870804,140.0678339648307,295.88361557479925,294.06485480123865,963.1975542239499,96.7544443458781,572.1593207888778,874.828424477506,942.1652103372026,276.5138007205291,98.55296907253674,808.0423979225648,358.9605302905545,1
395.8222718605764,99.61148323768832,37.11194198715751,318.07251130201973,641.340938522584,961.6903294660756,98.65890280422451,29.183796273872243,854.8603904436927,454.2546411972592,467.0294505319764,610.8067695027418,932.4124998298065,807.1779697575148,520.9053306874645,231.0223061118164,370.3054809514327,530.7258891234868,134.2678286528851,286.5426901682523,1
106.20642888060338,212.01897177803275,223.1195748603434,286.2151942841624,9.83911487753475,392.65380314688747,510.89761586753093,942.9352762327735,640.1515289496658,869.1811516824163,742.370271736935,403.0810903718567,297.3289305776783,347.94640889631825,25.206189120827503,762.9421386509073,296.3262936581642,21.989613743077506,206.52235782894246,940.4679879180628,1
494.45891592716526,801.1372332763142,681.9743399198126,693.3788062079809,932.140221943407,199.8616898304253,510.74508202462385,428.0546312854943,380.35564105508945,998.5570096777338,624.5087102290062,549.528770742957,192.14781994989428,730.8524326224293,767.4954182157365,871.133897253134,91.61247346211199,34.69881177248091,384.7321839022385,198.68702087755386,1
210.97245033067603,762.037747200276,6.253959261483533,540.8478181303241,767.8915186896066,451.23482089627123,701.7427721097441,825.8611978613644,650.507075360648,653.1574702343848,47.886957605414835,352.1464603522707,12.961392619477152,365.1593443289758,635.1042272778536,20.36979551933804,672.8663831478763,141.56509253106398,569.8067347507642,809.4167668133696,1
601.5216424597561,71.519313738035,497.9375085783736,348.45197050837675,31.776209718746063,568.1649263044869,698.7477633030207,294.6826198089482,386.58067666868357,62.416114190907315,855.6844088562721,506.39596638857097,893.7406032346734,520.9432379169334,776.1915828103472,744.4942130706152,599.3600600343877,716.9331189871144,246.6212988547072,393.8671021721769,1
301.7032265971705,375.4439940185623,649.1434645533323,373.30329202147914,80.01688892498781,1.091702882538903,482.3830954928242,903.9996987339522,166.49138800020313,726.0421918232173,45.06913669330959,189.61631638055988,574.7548590887753,404.6501683558946,280.1958059118569,309.90555463784096,569.5277703321775,707.4105988304042,844.2348805792867,633.1169109181795,0
750.2112240543868,490.56410888595315,322.4951038982256,275.8734232454821,693.9045406497244,53.28945532199037,810.6539622773115,97.53059118733131,228.70099581351587,79.10566902457438,955.5287386476318,695.906843592784,700.6951351760347,903.6864491348726,407.4307753003652,430.6662765031033,419.83690804147454,659.6799071742689,95.07633339612175,138.53176420063951,1
629.9012072076052,131.876055368777,701.6642506091035,391.91752151506887,214.38748648998052,582.986032575037,439.2127084834654,376.4775099863369,561.3383668547664,964.821474877058,594.6598585443389,101.43645978272676,132.86954115385342,219.18906438167195,942.9516645010925,657.8116618738346,169.99648589996653,751.1958963444573,451.1872773264205,266.2603957614451,0
677.2109921129784,918.2004897025524,948.5403989891325,258.7308474976395,567.7582307993055,852.4325138047059,198.20936966289548,432.43937978633437,561.7018188353692,116.43780269526627,964.9336631291717,596.7007400553232,31.3699732705377,44.66308269589836,897.5458076915301,160.88523132394405,668.6314287566237,805.3793904704901,915.5849836717296,532.0637097993043,0
829.2642518407383,48.674681725917715,248.34948592822005,30.512432248213763,459.8187149689242,779.2434458911498,532.5557069950893,41.4681203096191,55.19523836989493,489.09473035933524,919.1942024094885,640.1065190935169,555.4818040250132,386.96382187187817,7.017654343509094,398.52439169610585,584.3200281759844,372.00975978753183,465.91029069951617,84.45996156249214,1
658.752527463753,65.9067012299328,326.56005561848445,784.6436638288603,991.0030494617671,592.6177090072205,927.3602820899653,196.18678072466565,509.90833779774925,393.70327543538156,853.9793065210376,11.192516808138597,107.41528518247956,560.2610674174697,111.15557037326495,323.13832842329646,358.7308529363108,5.531308604156959,117.22603321306036,163.22112901259288,1
356.33514459650405,170.56403230394056,401.2910835115594,928.9896144833741,130.64132105860605,468.34695778075564,180.93890207234554,554.6407411650496,403.98692744738685,89.66724428799499,999.9851202820885,907.6545571787938,224.3859504801583,793.6376123563114,762.2833374462434,436.5149381522397,907.6752775120688,264.59333174524903,754.6981167720504,94.82021244439187,1
669.9995769601036,388.8909177545801,623.5617680163831,756.2012214227757,394.03188240570455,693.9414591076437,479.0574236016017,110.062903844372,573.951715004033,69.87603801948205,635.8299939822787,850.3431906647761,855.3410380257653,845.5631099022978,470.34617684685287,404.0239232133236,767.8433864259596,500.5998851014619,72.97059303634501,692.3601086232543,1
345.03654892970894,28.015702009570376,685.0864601661078,880.9766847791649,160.10434731101586,403.30483606949963,736.9691987501822,337.14850557414576,435.09988216962404,730.1142942193579,550.7927079214237,894.2784408385896,20.33151591564919,319.81069776328707,641.0823829081284,405.2472467931526,346.45944361659843,404.5168744037775,292.553391396537,185.27026598266428,1
252.75771386066702,807.2773976874229,75.36669551863906,261.00623890985395,568.1792319468494,31.444461468690843,899.4693539799891,898.8669406796099,473.2110751821298,268.64466412695,77.43965833841038,629.8076585887853,577.7939038525693,636.8455252674771,528.9344695121886,115.66413162689481,808.0614120969776,302.40860254167046,503.9302631650636,582.5731770845376,1
12.246207273549526,794.8450818257811,959.6755201525419,635.5211721921569,307.5073301931409,377.06392426519983,77.05470138599946,157.66658281880729,829.6224194166149,471.9337377988221,743.8317975254945,342.5270861475326,453.80082565881116,122.43143984058213,515.0085813860919,210.33429822236604,96.73404827872322,593.7237017865207,809.2423147525068,194.82032279447515,0
83.31758900160679,582.8378589230738,581.4259432083368,75.63037917726645,434.68708765930165,28.85120524551621,268.9470444274613,21.740437397659186,851.1388163069065,715.2375418519679,393.4729249626785,331.7758078695113,693.0374860296322,31.421428201107272,516.9534418541206,975.8029451189155,132.56390443964162,326.9434799899478,82.15475304878017,854.6754154057646,1
944.6147153887148,782.386846155622,701.5107600866287,416.7850463454711,96.63687501831797,546.1663841482102,59.01418231705258,471.38481336560443,715.5036699463499,94.76531147282219,693.2574582558681,735.6717057384919,810.0046476642098,260.48573267876264,749.2158089387308,444.0592497147762,464.8053541841789,724.4045285009717,48.41429128539409,108.34112090479286,1
115.98758886739414,138.9583190234025,106.91431720475452,604.8959315586202,415.93357342376527,801.6859612616445,458.5898778268106,315.40096692387965,544.7954693453815,309.86301596655585,909.0977941054564,417.2150446209305,363.28218989382333,380.77733660433887,987.2336972046617,978.2478652472644,163.1957072371123,713.2659258373735,448.05459638148847,686.027799342936,1
16.84937718015067,392.56705878274335,795.5064200082717,884.7111211440833,113.80951608011746,886.3915084625285,708.0823325651429,400.33282904799785,710.8773787420035,616.536570597329,323.8565425402432,818.6268986312069,156.5948295136006,979.0768801567303,864.3415412476638,677.0990247637122,101.47222138111577,373.46526093945687,763.5967988884563,366.51721217771416,1
832.690195227635,912.3138714365195,963.1692739322469,370.338122902483,822.0127005316165,173.91399991746513,360.43678003369183,473.08582288660364,157.7815997334754,208.2040977460592,240.82273820470655,881.1154892271069,288.25345991300924,233.1528812956316,217.91545511478373,136.35279241256748,746.7236312171331,301.9214648876576,101.3899237217758,650.4614214412717,1
864.5892919639888,242.89112958774228,616.512838075037,637.1744284075003,19.05329532218658,424.61449671362607,690.7507905895964,420.26230180793146,600.1216708080724,776.1064838878509,257.6761777514702,718.9177763486003,387.2924960214832,908.2952594083172,675.1272862081246,220.46371894047678,195.65169291988792,415.25412414324927,980.5509861142269,660.5114283486699,1
965.4636063380327,76.71888876999877,715.844815764939,796.130801418317,808.0964350061723,740.2627111761786,747.3901562407283,348.8078261219726,102.44877133273621,422.6915397145168,650.1995358812214,905.9473328243681,459.3912102360391,756.809623824716,734.6092880520251,485.58485645835634,179.81735737516013,448.1435023945111,291.82053981458677,239.43625795850863,1
180.1084196490209,604.7344420353579,275.20220595236356,223.58728457247167,146.7941459766584,401.57707805675847,809.0048903856355,308.8185949507447,946.0311412832136,603.8004335732543,328.6945115767129,674.6258195686374,167.5553959125692,373.24850606945006,900.3226592755461,36.13257622259813,402.27288489859114,586.4993027057548,334.1062962630047,807.2880844832339,1
281.5487816162607,131.7932891531819,519.5625919295508,140.72921202713417,16.169213888484247,74.63230674998033,858.478169103746,871.8225124966615,181.98260445595093,622.0114205257996,327.5284333864917,952.1203041728079,2.6509479189880114,537.7629951762727,945.1802005055949,274.7054646083332,2.7026966522877283,107.43046559178183,681.2335622470171,89.24058751051366,1
458.4828342957051,430.235440714968,944.8982673221768,825.1620730303591,281.2626693000829,952.0870149615928,364.88411978930424,686.1939056078941,540.945608299451,705.4937993125601,273.21174123928324,686.2276789387885,312.3482225954183,262.1290485322234,680.5227066649122,347.7773780550664,341.70304506763273,852.5855722897142,898.9921569737343,869.4570631822834,0
266.4654168077468,446.2176082922681,513.8462680330018,521.9329105537782,144.2360558113419,237.1407495166643,951.3685461275796,935.8534562189636,939.8089750431601,839.3263869337103,139.98168956549029,129.81502188876715,549.8265372524284,280.4509213587193,502.4342218703103,85.47937374209491,400.98399894163305,6.406525621028059,882.704172649168,361.42141645095325,1
187.32909331302116,197.56135187211854,908.4992894567227,955.6957811344953,799.8178793323705,450.49193621082316,900.659135193517,584.6258299056512,790.1019327784832,136.05616127328602,87.77867922511729,272.1370733656144,586.4530277834207,283.81109581560935,440.6287330919334,211.99133537416893,815.4412758636354,758.9853915981022,983.5078607827296,749.0741377388957,1
743.4630057609442,291.5987946342462,628.807056109717,376.13947793044053,98.94494260751041,93.4487539879657,695.1364518340533,548.6449030523089,902.9207484797932,355.6510726699614,352.07953516108216,534.3392692442358,307.9940625867097,128.24443727291745,885.576910141247,376.7564639772769,676.1440979969483,254.46153595424036,216.69787676588768,989.3100172054098,1
31.41544435974364,595.7177507186831,46.8047101750797,851.0582642453458,283.50027659636044,901.8608799448126,870.4494046470162,881.2653118989925,510.0058840303643,447.8964826284641,330.7271233015,918.3960994926929,177.15852184918035,123.75491908729519,632.2339834276455,94.86473830491626,272.8816774270387,77.35278336583251,833.9440818973187,928.4939482752388,1
427.6983263916966,737.5803043292249,869.0530830555214,327.45677291193067,587.5960848105944,268.2549270778625,975.6555677442173,372.86741943075964,754.0511425928299,993.8383653929106,788.4035050219732,234.64615167056357,119.5787497127213,669.8615874502791,607.3997940707467,755.8388016071626,799.6081845508035,10.756109975253448,416.33634950022923,670.7929807281814,1
306.3023647750817,373.54135532064026,496.8925255563296,965.6418226132628,988.2059755887041,266.08872573992426,191.9608376640718,284.41813371720906,420.7309690827381,203.48546762176622,65.38485734826216,113.62195292528298,452.84881230425634,457.14706027326855,355.7985245647979,83.13715984464287,757.3308189490356,717.2468478993311,428.9773108707029,685.6733525304743,1
602.63380951612,138.51200344530866,262.8281998383705,426.8746392691678,641.3456027995707,503.34550266472155,25.506699460776883,740.5097918905244,689.5114895297486,313.64415195132756,745.4659613132171,966.166725259264,391.6316814680669,197.88385666270392,271.7369096809028,306.3736360542888,673.3303956216439,853.6041470135752,119.16028982537263,132.90861579447943,1
823.5749997366463,483.56981822673464,368.2811949292808,200.8792707596241,915.6490670752612,975.8959917475793,316.6600645903941,35.852176732563244,232.16014080591953,917.900697533852,531.7363483088614,895.8411632472641,405.28699331872554,963.9338842269813,863.8494618005119,191.78728214575892,525.1988460867942,901.8375929278233,728.2722386130915,927.4213253326074,0
695.2561855461267,854.3771947521761,800.6244119627876,371.849908320669,605.5422828404226,784.4819010560578,46.606097536265764,670.1673311679295,146.23778188503522,49.288300018674235,493.13970512083574,573.7771093690341,699.1117957923519,548.2820051677847,117.28205507009936,816.5063357518734,649.6238141427319,419.5939247298034,690.4589568131582,106.86140059080329,1
43.819913101415864,768.4767423146199,965.8567893306472,409.2755424290567,983.662408437621,597.7858753763319,366.8752332277784,688.2052747154451,908.4368273364187,861.4059792556814,537.4481786781109,10.644022490972738,935.2168694262697,2.400004383614096,23.775912934268174,308.1964735709788,855.7180986475004,206.96906005031724,587.6450790586671,581.2902929992646,1
854.9368645102865,894.6056631461032,603.9348487885701,647.940224040248,550.70829262251,105.43054402564434,595.7433660480307,172.09039682758797,55.74106909181742,360.87286103661233,456.1958450863868,731.2387718227441,632.5575884601992,752.7401188411923,5.072537269687816,140.37474749445144,339.35643176047023,803.9473902325797,604.6744962259387,775.4097252757628,0
550.1359008941814,723.9010318001581,357.765580447568,932.2060030912946,283.0218271029923,414.4195310150176,956.1768696062063,325.3171496644711,258.63764719080194,59.82283688802548,39.24520177657098,535.7786227408353,54.19336256729434,140.01401157871274,557.2392436728209,290.81079811618326,483.7698930272686,666.2886646393076,503.61616097199624,564.6699498020027,1
998.1037693638818,596.4032529539138,126.39740695938961,933.1951135056314,184.802460796875,388.88606378007586,490.099626237865,947.6852319761065,738.402816174203,7.096077980327853,761.0937074461896,729.5670920132787,634.8646485395986,1.320628437446958,701.7537982400778,783.4853498095118,359.32756516920193,1.5358189372547404,240.76941719355506,534.2968112391608,1
907.4122244557091,562.8388522104738,27.891676113506513,769.5066623615343,196.54761529294186,585.083331499378,82.39257609810568,493.6349837222137,159.22872530287802,662.9222832661637,225.21127057590851,901.0648563837382,448.27863411549527,603.3648630837713,989.5499940636718,135.28586620963813,514.6152171584843,990.1153032605862,177.57369701560864,564.8473287833152,0
411.306767571768,526.9331965404066,152.65074792659007,253.0114037062926,682.9599233355,583.1877084951436,171.58865620148555,353.7934918828044,134.1635193180365,173.21528395909348,200.39619348493343,947.9120054246073,552.9136834592168,397.77711235802195,458.009737368658,392.2363804689478,988.7946819921765,561.9666062784614,388.4817693899264,955.7160462912334,1
36.84489461073193,226.84880948285735,294.6439107029625,683.0731001151463,743.4660108557985,446.5743247630376,500.16459470924104,458.4375086218477,822.3144496203505,747.2133334189747,912.3808962626654,460.6820612129411,785.8166699075593,617.8523911761249,337.5940992217824,369.07495644244426,643.057137522071,183.0034140094673,935.0301313587095,143.30450256411754,1
228.48014585915044,67.00644195980765,491.6673372490741,638.6742538268953,37.306764734271965,824.5043960060698,666.6079242742567,619.4307209252386,825.8086533528461,177.43068198632594,343.6744578456589,723.658430268886,292.1905219085985,46.9298620423877,207.72411780329293,176.33579863549122,638.5589490185458,965.7014432253103,262.0400433937249,241.33617625616176,0
689.9826988236416,716.4477939926131,819.5275562164271,430.2722193700611,232.78558625511613,549.2806270969296,219.25181385077485,161.9309548237402,905.4936341825288,962.8320041338551,940.750562851556,410.03205538457166,156.77567881581788,895.310377130562,407.4889747205344,566.0324003207184,706.678594617981,211.8194993793351,675.0742065936796,408.51784598392527,1
320.5032998923133,453.1059308877853,376.16543970096393,226.06030986320158,571.2780347654002,929.4897419588852,997.6807965746194,400.9418256073263,591.4983430722323,254.39654888203634,886.2713135290351,219.1146903130583,616.8326495241521,281.750236345745,919.4164593600065,462.85789030386695,940.995650911878,500.3379588992095,751.6141632845076,494.97028704164194,1
190.80191485355513,603.5806138644579,793.7383671714912,115.33935084983472,13.44316142170998,187.7277787112087,207.78364878306434,989.4759731810448,867.5510990835355,463.66411851324807,685.2567062924451,126.95960855254407,884.8676492693503,379.6715450695903,459.899350592947,231.8081558176034,982.4730998658431,592.3439653362124,948.3265188278159,938.8456757014405,1
288.53066182383526,719.9513169006516,940.6079102041325,915.0205454764007,86.42463597239237,239.33535655125138,494.7872759066519,453.81863678672016,505.9657353263375,962.5894500918419,865.6702313702878,494.0553443926548,217.92936118795515,879.010377445607,814.1332664515539,120.55152713863781,936.7204257147639,190.02118547700908,722.5758342407812,268.3994297383817,1
40.619429203744836,50.89967955155983,728.79284409485,557.57311143543,143.0511826764429,43.359688078483,48.70816095637398,311.1416927824048,822.4727418711601,274.4165149828303,285.36552481914566,858.760515749554,555.804096256346,47.12284568898817,415.6999575567172,486.78070470253664,145.86915500493535,197.93463545978284,430.3444438246641,667.5592254984255,1
938.3837397449751,805.9552993801967,476.815484468752,498.7422517072989,823.6246094898144,289.99408624999313,667.1580195486074,378.4257178221151,826.2700785754687,459.0244763155341,599.861035477011,496.2083303998372,305.12783996037484,662.6262354338319,648.6847685704996,182.75618206662824,585.9408634700194,128.5531901592688,218.38538767268423,670.6118144775623,1
221.0399720884869,442.8694643796527,75.39802089348014,32.02108937403381,578.9795999467748,847.610743437166,599.376259557696,476.02408817680964,68.72986361311328,208.1775549310051,913.2975650117828,335.8497979465878,806.1397881779914,501.742003965449,357.692432632149,524.3591470346341,0.10129353928167717,803.2091899163207,986.7126147308871,282.91369897571684,1
482.67363188535893,591.2674399974485,443.84214803590436,224.47112302238702,109.56916412512419,513.601324638662,169.3236435770732,400.69901575439894,665.9409773546915,973.2958939167163,955.0964779467198,882.0203110512751,798.2567670222091,856.5195329185345,336.0203368474004,370.9542543755058,266.06505411847724,624.1313606782181,233.08735169782358,256.99597611285395,0
785.0496452119468,705.7481402478287,769.7208040888257,449.1721111329764,767.9122416669043,413.67535900831274,792.6026983232848,70.21226023157112,566.2143630014831,856.6788865846215,211.28497732240646,444.59625198467126,253.40333548913264,117.63786402209197,176.38916972314922,179.74083129978035,937.1950990450605,468.16540680434827,308.2719274297183,765.2823262334417,0
234.47139449801392,79.7362171419983,924.9549507943908,292.152333157831,40.72540138090086,438.38701344027265,554.4049026192031,882.2436900631452,526.7226568593237,214.5586358974686,746.2265357490699,561.2815706702875,882.6626821125487,975.0175758288724,851.3790765996038,921.041380588689,211.06575024737907,949.6803704059691,753.2270770572349,487.7648022641431,0
3.4554057176447994,866.2490417425305,730.1640816182002,102.3471859850027,697.3423655998693,842.7431556754636,359.7380641766398,809.887305262096,874.6657467110663,195.1913425686629,764.3957265770787,578.8697006211676,270.70167057671904,421.6862235653994,889.9131846491332,603.0884353223717,901.3126677835847,631.9346162990311,373.8267294512475,355.2254606704289,1
627.5536923350122,911.0633864806596,908.0126589121911,855.9286456260382,335.71890823216165,719.3301680380781,670.879736579523,809.7035410516529,66.8343590625361,295.76243692782214,810.6426098799257,359.56248607430086,394.541094051193,59.191421072406825,559.6109878863401,365.3713005724777,371.6853923703463,408.60005453586666,775.8945206293082,24.931624677039466,1
111.01995809472953,845.9801440623077,847.9380196827091,9.898855565518172,447.4925959455499,500.60576804700816,603.1797361360068,32.03505127697237,133.71445461394705,118.55914089343057,204.65690222937872,361.1318729360089,216.9754013653843,351.1747979604375,897.2301806723207,57.09296228543026,126.66046856307433,602.5680282307845,950.2120013404203,786.2010619914307,1
987.9158543994205,260.0479682410566,614.0021255061902,435.2516778154296,602.8079592863573,308.13406006905564,442.0165314591545,244.15343639115017,455.77296899837705,221.98551280066482,68.588231044445,47.10562571121846,597.3137483538814,938.3465376080472,196.8204674540992,663.4714520780926,747.1376599991011,39.431948592328126,899.5740524505298,178.1687581840561,1
466.25790428354907,698.879851844573,479.97600398006136,881.2297993364831,915.5693622307008,571.7819700571764,219.83754385143862,161.80929909442955,199.31983529840514,116.85898888132095,115.82481914401355,491.5837349727914,705.0009656233578,393.78841580122105,138.6620301853839,655.9353288331253,291.47504600633476,812.3663145887676,129.45304157214343,968.9096945493973,1
470.21255512218187,937.254611953063,101.44736965947554,857.3465316642819,70.62015790913001,234.9099180708014,203.65320449160606,569.226102004443,891.2957247172963,181.79185507937868,926.7427829098218,358.5333395347743,741.2885228642865,217.88593861982142,454.36553992821007,67.60529372443236,681.9680280592288,637.3651126258621,634.2756513955778,533.3269788492843,1
166.94406068549216,721.4684444267103,980.4696109039236,865.5417963300465,272.5385685117189,246.06709928829738,481.90995016084594,694.2656918650792,696.958247845258,952.147949328457,911.190868448768,972.021600011756,554.46424133166,109.12085522412451,683.5730371894801,727.4172469907531,381.8108785985882,955.45858919331,394.7732575760472,998.6122805924948,0
225.1609830910819,971.5844613156102,206.1397748144844,846.115486120361,550.0497202250727,953.170540599993,531.9405503239211,216.97652149994417,770.6080850052763,939.5194644730133,840.6684481657483,559.1082532911255,883.6564667321712,742.1086873591502,955.4673136117855,715.4872079404454,688.494329580378,731.3197072296202,891.0251659181962,450.33546651320745,0
583.9342778263015,37.585254523067825,200.2781055458478,257.1643469064503,570.7065752525946,662.9659006312088,626.2430450294828,606.279373578202,684.6782822944067,737.7236359208197,286.5484217186073,648.4150449391333,4.525770614909774,454.63063259978367,505.4957824358236,731.8942146597133,763.7463763874821,29.333798860240456,97.06264432982226,966.8673656571359,1
112.05441026697294,227.17533418546742,258.29758946260995,122.5801161311022,480.69203970991924,68.87534737923562,161.30718303458048,535.2440058170251,461.5154158095953,461.68675590617823,549.4596177287601,733.8320165212511,981.3305229477187,754.8156056101973,752.7784769960307,801.1340229902164,290.3103873505029,945.5765968027387,578.07149354541,395.93209828698883,0
698.5193881825703,302.16309274497246,416.94839177641893,708.3601248647306,41.322437522564925,748.5603881151375,580.0659046764948,29.88520308655329,167.462883434784,19.94730364927999,584.6679363529594,283.454942405362,227.61706230296107,102.48467979675546,100.08920089313466,614.0155978311367,448.1198417009625,834.8706223101152,580.2310119028941,882.3875885547225,1
88.4975369448051,183.9036590656855,862.2024328540898,259.8997233605583,412.1006879108261,221.34748353600386,592.5581848482642,184.14045118389922,745.4859069252985,261.54037010430363,667.3380153662732,859.0339435692476,557.5443871781418,703.3051409751534,431.2417444740976,10.8728978513134,141.13729243019156,189.11878610964118,133.03037200535474,910.4440162379981,1
351.58696522373657,383.9294587172484,874.01659512201,874.9378768345225,620.8762531242703,120.54308253311818,100.56577125713085,991.5756009610941,813.4895359292079,92.96237360177406,681.849142562031,970.0379828230655,845.9366266501316,504.8563800359518,503.7449483531353,344.5381399167229,329.14880513391466,430.3583657300407,711.2741769915245,275.80296733648447,1
383.99896392848376,16.123718545693833,794.4999022556652,406.14147825531035,680.1035837434653,967.2474255338333,627.3664993274662,850.4010455657808,838.9159568999036,350.0389860848656,258.6778905034257,187.859832955248,413.46498197645076,915.7484151427427,460.99902210960465,779.4371595615922,764.8630032033528,423.2134062328946,325.33793658087717,730.790233453859,1
475.89786393829525,479.1127004838842,438.59676793813054,129.48739000345654,221.56026491843704,646.6994412424551,252.605904468451,571.5578609847884,866.4202641939643,445.07512240002234,161.92158669828805,582.2490652162487,597.2733347712705,642.425836275593,785.5174214595495,433.62050332047073,658.5700335055891,452.3039642968677,442.52757077921643,827.9158579751804,1
890.9780404909369,238.08132910532544,566.9834404843274,938.7790125855868,275.22395821847965,250.04179616002097,832.8215789431548,460.86327369824943,506.2994667915588,48.02186578058132,122.72019981839722,909.3895320622188,518.6651762679554,52.45547585116117,153.1594493654952,804.0628749079293,365.68465207561206,778.7795863547383,1.1946122989007213,641.609185510181,1
701.0627158760882,271.29556408813124,420.3270763443185,733.5745266885575,287.0090354352236,745.747538935372,565.057499394637,440.85327802072726,251.62619023190612,662.1908705928597,623.067514553466,396.60040574811603,384.1859779346573,317.5600482241057,172.62435058660563,378.7575135580959,66.20957802541017,300.9138662363513,288.6860766531609,928.8619655975701,1
867.1341996400402,672.3128950217819,557.4199945832863,808.2297600959571,663.861965950226,403.64323509404386,278.2628384054998,93.66834467469987,121.8763989489785,884.1966744567032,202.58142348915155,251.4619440520929,777.824367978579,121.19490839030166,279.83975305996233,433.12000564873796,477.0751985497964,959.0733903016337,799.4060691334383,932.4870774437362,0
21.61470984602143,516.92180334545,249.4706032641819,577.6539958277823,568.1223914094326,141.47358964935052,147.93994382784336,319.4266552882179,688.2234008869698,303.36135509081686,800.5458909854848,702.0566035092867,790.5661643961048,119.54461191678412,906.8219829384923,302.5340296303586,128.2893867958269,841.4206922777491,122.0656061486466,748.7975437700218,0
215.9568402620442,215.40974248796928,177.94647016879316,739.1326899088187,750.3279649390495,958.4888179947563,12.155262839831039,484.2602063630687,867.7742059412731,450.3840598778831,966.5412625022642,207.33964434010733,864.4822443363607,547.6227705870572,311.26166534580636,849.2822797134768,273.9508992237337,324.23473237222976,687.8692250469868,320.18756872447915,1
271.3613606962488,448.49044667174275,956.875391528552,798.5818908053078,997.865308665048,173.42679170855257,742.2950986909906,528.1719882273087,421.5321968029672,206.62599359734034,475.6463913155762,931.176904549714,569.6164498373837,532.8267895785026,242.09982576609656,941.4157591152634,85.77951610721047,682.994658262181,10.200923665189542,563.8627779010972,1
993.5272528711178,771.7746910783037,497.0726543945377,418.00294653275824,269.7164519212738,737.4580725446617,772.6613640360207,161.41010103383968,478.9880989757095,478.680253603985,866.6360877215783,429.20850955566436,404.4382219984984,989.0962769519424,672.4244675741951,459.7370179816965,964.4806574633478,160.7810049513255,952.7730117398978,269.595940091443,1
341.2948585144363,915.1379599825925,982.1183017974605,919.6226332041504,828.1320310345635,786.3435419314796,903.2586729639861,295.33951125260825,769.0118218832921,198.69206394768167,816.8507328836236,836.620708196356,415.09957058440784,731.7058557770586,51.7489443326169,321.4435701870969,426.28389798769064,208.35382502502918,663.9638238843655,983.0850874463017,1
839.036369187118,925.9459318301244,635.7142876992934,607.1203209790461,42.37372383778138,606.7120182638724,939.1660981556703,708.3585183811382,170.64823653560612,305.22092164828086,844.8058154336949,28.422855110725177,674.9260530715868,795.4777491981138,338.6499656014269,263.5854606931205,834.4578391818438,336.6085149585726,275.8580115345026,170.30255667838978,1
546.1110842027412,59.348522661013206,780.113288934743,287.91910775084636,669.2340786015832,986.6287571487624,798.1008325687806,631.0278773409668,507.2481743071876,173.67785139775137,522.1375471889467,685.0495984933289,668.453947085283,515.9867228803741,108.89961688914296,222.6645274893432,774.7181486985062,11.019792640383109,647.8302772058514,309.6833294619413,1
535.6010327388461,479.23941367540147,581.6123525511915,660.4132615483549,491.1354827851362,416.5624199265481,743.135347191814,358.4919272939372,945.3111976752124,383.0257811901665,18.626388344468392,587.0878548357481,683.5379832035004,202.26916889328595,335.8421812256037,379.7691499147955,995.8467652810524,542.2338926281149,908.2711747191103,493.903451454065,1
5.571028236018072,298.0730019077706,628.9622434316277,810.0874874870349,157.69925811753694,667.6430388699661,317.4864585734266,647.8644732044095,936.3060937241884,15.996731169077737,253.10899223848548,659.3543897719427,747.1500486683741,873.650760376086,864.7060682992657,272.33210035712864,907.6405116490852,297.3369287905666,768.1999934962431,525.5043971074499,1
251.70549045476864,29.815374456833577,915.1576635239503,207.8328079037326,699.9348421845972,214.89870806073773,97.92614641401964,264.58709877437303,228.21649479503026,127.97816070117119,991.201732655448,94.69594073006682,37.474795528415704,668.1131566392504,735.4843407458992,579.6772648208149,853.1767667400057,327.59636209919773,697.3213244443166,611.8469869049842,1
732.8817159414459,94.2998944756862,880.1527743437075,218.32434139523127,360.3726713850148,195.0593473098917,807.1139360335087,654.5168851945087,934.4092190682334,259.66317295985687,228.8363064390936,774.274490618178,508.9027877402268,10.874851163050426,149.49392540853745,402.99035567864706,566.3462246549803,26.244297456727516,111.40732406699728,863.9532440346605,1
204.36086387671503,409.8357935026602,300.41053676470807,137.08123590494893,608.4547174163373,88.79936768431685,537.6639730072809,143.119478288951,376.017016425977,58.883888564849606,70.82822236338437,969.8791379164355,857.1610423229232,607.412467448725,361.95564387391124,230.91645247468185,638.4584828327252,199.97807139849655,202.80178406696558,723.4779213654585,1
332.4829175219961,884.1530575681849,544.7514362204354,579.7447432363539,848.9023342313554,545.4732333865533,704.3253052242908,71.42749957775274,180.18826334585458,686.5508122666997,526.6514428904369,120.14492914106168,310.87801249444146,765.3353165757442,589.997988010792,598.9897927794245,940.1945311452669,402.0678952922714,480.77001026014165,56.973413634174406,1
195.7842075536904,834.9259028785312,100.54711293890539,733.7954174375801,971.6752638978788,361.63029246495114,959.3412079584517,854.3636009440795,936.7391668186366,686.5728259605376,989.2757402645993,713.9481266018624,60.41291639812785,803.288359737799,857.5895436659277,656.4829585626991,732.939415658588,184.86226641307823,246.70354294680507,702.3032570484073,1
858.8578462976932,484.7571592280294,568.931680502366,682.0183513920832,991.912235131974,64.04074680460525,938.3099002420444,719.0385644621698,201.7089046985697,118.03097327373845,662.1997965164319,611.2189509235291,80.87912669991093,267.2740354886942,601.9377275340235,799.9135389463615,557.3107253166247,517.1316105024597,378.6877775031301,723.4002718471772,1
129.79272284284303,827.8849237103145,272.7607985825318,608.2925844335745,454.9923351075176,301.6222690902284,757.9444151578135,256.88127716978846,330.47706489100324,370.7815761305926,594.7373518047333,446.6210384376541,216.70952575573722,633.0513553865563,951.2504461324394,627.0676113837516,234.94343364140113,589.0660089192331,491.6048785602478,747.8322486624094,1
330.16742433361946,177.38967501632652,226.52691957749693,237.60584007424634,360.01230664952254,517.7464993837641,933.0873501350455,964.495234261345,656.2575076322589,903.4462629541374,980.3737765140335,352.7442933574101,469.7387794198329,837.5408266647775,712.2023989701808,633.7144657566073,112.16596632469688,569.4322486618388,811.2002072339545,706.0807203381183,1
351.1859693334858,480.3773892686247,450.69687217412593,657.6671847930467,231.18354308751466,790.3815110254418,409.7251737109714,961.0724573341109,657.6739676567291,850.4612736952857,340.0955491717772,899.7231651217861,343.4275987580554,642.1727397397063,906.1513818958697,157.09053290218566,47.857702436134296,990.8566632642536,434.62857887582163,628.9116136042263,0
502.7683842068823,107.87527328491564,964.4494277787787,992.6196506633587,762.7430823694561,403.7945818552718,399.3410322991856,881.9195573384898,2.6161636285088052,894.3628108096739,381.44798448663676,827.4284241254661,924.17278433219,191.34123051015007,846.8925841364054,689.0088077908213,497.3092484696192,931.3587493650874,348.9095204466762,469.95046061000266,0
202.8835034916462,912.4880768788962,294.5103894797311,700.9113073919939,328.2732742490856,981.788597253677,907.2205059546833,765.158028868704,717.811248224434,839.1934798486798,518.0930235227643,872.6685144442273,503.09932747148054,37.22271309927272,132.49627208139458,973.9577878090719,406.47919762071183,401.132875110086,538.8705236885487,89.88709857578858,1
108.88292412695944,382.6888094967242,209.55716020257952,538.3069656440138,68.81992033525731,427.2621741584889,350.3685362153476,354.4292356426548,643.9164968717835,554.7304320476514,595.4990102673174,193.5873695235185,429.34423396014154,585.9416416327061,692.1573004302014,258.890761972181,212.39236073035318,83.75786481519343,97.8455150215728,412.3489147696936,1
577.260726314593,457.5584187704427,883.6135002932886,907.8732027078229,504.34742225288585,437.8792573441712,369.7479487481944,558.4924680602501,480.7284538821187,944.968691348457,19.23140599482498,77.7244462815716,593.7779771616321,104.44226009915047,379.2407390571213,527.535267945386,287.0126992205135,61.37905698524793,749.9937616684974,403.00203283212267,1
3.126444089920688,341.529607124078,42.52740857951953,587.2371280754594,639.8090091612625,410.7597610758963,993.1655220983284,575.8840074278355,856.5660005080757,374.4727709156952,681.3056488052317,821.8166137198338,796.7938175398368,890.5721674666892,24.203205393853565,566.7348456034869,281.62595880367826,730.3768871956246,580.0087706376644,747.1433534954701,1
727.6097349487072,564.8241531793543,700.4674997909204,932.5923029542971,881.2846234600592,859.6030526551393,885.5324052891015,139.60361047338742,394.67765135059074,530.8573850244496,377.1116630015623,116.34764241117657,758.2920747247491,746.525118486959,192.95743577946502,452.81297880197604,645.7728203218529,801.9214664152031,834.9527204958958,677.4322336947301,0
652.3568631572559,99.03333789775515,89.78745772833952,714.1552349442932,974.2551650452396,46.28219183237703,930.9998187402483,740.2191936865038,265.3087070159247,691.9766254771879,863.5163542408816,710.852083365866,930.6630606288356,863.530247258869,909.000099508314,46.05525469761484,383.9792150072794,381.5678088615755,131.41413409558743,830.9210443685596,1
743.0803453126548,205.22091905026818,721.0178881616299,542.0467126878673,513.5399816478761,614.8438369972031,290.02692288347254,893.747752216136,760.9296975549763,86.64881559853666,960.9101983406345,73.70204154531822,907.5640017883129,866.9770607768091,754.8824195493552,586.9799259820212,835.0137495022889,204.51114463117992,944.9723924578796,56.15878966686538,1
653.7180415680527,2.8226743345405314,671.5453972388011,898.0494585286277,584.5653063392817,212.33322337798143,149.8200203343456,845.9952342740518,860.7278571145245,816.1026353334008,332.73338604161364,749.6432204065592,308.03870298285284,131.05716199208794,787.1809668359676,688.5098471545512,711.0736729411896,399.05694687752026,839.3465603540142,193.70683396897658,1
756.7458415779553,306.46278503399014,487.9894830676162,340.50130130200995,631.813438536239,44.10547103420348,667.0903065782516,200.10924481679848,624.9560936082711,67.91054919680029,461.46164212601036,296.08113466903694,156.76046288467938,686.1871069882284,902.51477666264,628.8187001851547,891.488255981934,335.106177515979,381.5624065352784,150.60080866857874,1
955.4270047739153,833.6593964117701,456.9734357266566,987.9890397721839,385.5799339661995,989.4474092415385,662.1174515711814,154.1150836342551,442.07979099239867,400.114635525315,87.81827954194354,745.1177853727629,254.57531791297637,124.72577792197382,910.3529139710264,597.5344034762534,246.46531614332434,809.4776921491394,90.26220639497784,464.4648930540886,0
961.0659196122285,430.86071680834823,498.12084895685973,731.8070468165047,29.264068234233775,252.9898267562719,329.3701930840449,60.087157443209584,73.15636595406406,418.76185457456006,377.3805727112445,985.3402131509292,425.6063977531197,196.71129888812567,769.4217824714884,668.1269315835613,181.72331626751603,513.5150623688285,27.08318407895238,464.43457604947537,1
435.27762754292297,515.9816767443383,556.3218325525605,320.15763970241517,431.0533154293875,840.8486092444116,382.78555649234494,559.5320521142215,977.0713611357339,763.617969223827,23.134896669015028,629.0183370313961,472.21612694990733,840.5773866917259,351.33676299928175,949.3212292324163,160.7998572404532,185.41149727226437,92.93998829159766,768.0394375126798,1
308.37315526400613,101.5465164910525,14.441347046960317,693.7494745016495,131.294399363431,396.3410682751234,983.2828689154888,561.4395047962461,653.8383496663233,951.983970600465,158.3475374980219,59.46238850448715,827.8957558561992,19.216908479123163,73.51954312647935,787.1941108693504,117.72018434142173,344.329091519978,853.9727400696748,866.5051431288208,1
765.737408911702,803.8067935796936,264.9148067699937,538.4562701526978,240.0008266311925,851.4706645556714,303.16168721625803,603.008550296553,398.33312113004826,340.1967571496255,898.0847155633097,898.34488049497,870.9590689764576,942.4811715414011,713.2236645671844,433.55824739816296,595.0987471921273,190.4778481567645,847.616591290518,833.8686373016095,1
741.9487982573893,972.0095002848997,599.4855378467548,964.8574721650274,834.4565470792985,921.8963595787633,310.4135838960854,55.7513987566759,273.74818848641,342.82833435698126,83.76393604679944,187.10034305969614,731.7190606165523,695.4329750761509,786.8365109032937,606.0369719241222,792.9170558277307,352.8728853692222,366.3300694259939,999.8148981004827,1
913.4121187375783,596.8619461212857,737.4199663608583,5.284646657223502,392.2745239762614,67.55207414330478,64.95531128936783,546.6075903116534,740.2233081932648,850.7617895633684,832.9667160042288,239.06823428440794,186.3208941913155,739.755739788397,240.6908470500877,874.5145590017843,195.7166788157455,284.7665533196099,840.5236214018738,500.60949638529786,1
13.637575215750042,477.20720912842086,366.0790796551492,766.3660067832452,473.553752744307,726.3441876126521,555.4727741540522,755.1081077296235,382.9095458981697,776.586526893133,945.7380024221309,469.74311474434694,77.44891849268187,178.68318728114176,353.2987091579667,595.3108550703461,90.19917889095753,152.16981759551507,367.6762264424587,519.4327926505737,1
920.5426064328867,408.3048376293901,642.6465542204331,716.3550003051033,74.040700324137,453.5485170584637,757.6700057708599,379.5658825069902,887.301385752583,199.20092898932106,942.1063269155682,627.169372818226,199.13420912451286,215.8263580858648,132.5259845674629,44.98683970341722,236.20370569620886,474.34932590982237,998.1059209490444,665.7997670059053,1
899.5335662753589,129.38655485106509,249.65710944952292,204.7602818912433,979.6552113242951,433.84775551833764,145.32337477316415,949.7898063361686,311.79058370992095,759.0849533187373,912.1529113111911,810.4408343374151,671.2387018325903,718.6296915064735,941.27639467618,462.7828268890716,858.8469300995238,576.1951067231797,450.3136028649504,981.3929731181972,1
887.2501472431967,939.1816083214741,412.45380286610424,537.5507415082955,419.4455769821934,416.2548636921317,455.1000901952056,988.1025956584597,248.61861945480712,551.6210272295068,789.5075290842581,574.3774934954145,915.3159307465587,641.980537181602,370.3130972227252,781.4042435215052,871.6137161459116,181.59039427436807,954.2909461985435,237.68786208790692,1
29.215789265268356,442.741583398504,520.1650444042964,75.4469692965828,756.5084728422374,156.49381743343326,776.0394357440285,700.3578917660988,954.53395092071,207.3256496351552,894.6269576486675,750.6769648492608,991.7095278350978,290.67646636352674,852.9039200473194,36.78423303332568,192.0750385851293,245.72175268679496,779.0741237763207,778.7271889092309,1
780.2108982717264,737.869924798407,528.0664491886157,615.6702852162682,356.71943280289963,755.5655296284648,1.4466085283816321,972.3789772481124,295.32718435093955,183.64670808976535,163.39367275225604,725.4822952719725,852.0628502113024,568.1059920209018,880.3605357819056,867.3243442608027,251.27630952734958,521.0009529631301,844.5041933070878,264.22717575789557,1
140.53270571189492,727.4128303352719,135.675632266144,837.6020382395878,512.5994311648773,207.92399538586014,88.70612450711235,519.9074119473299,348.9425417533255,626.7368350129104,852.42307291447,355.15397939244133,789.4838410467258,416.9185654937382,545.8647227557361,136.55063901696508,379.87364369109923,126.85341755121127,873.0520492301406,317.6875040578766,1
841.2857030518716,948.2738830365721,834.5252625463403,944.8419657457872,3.326949333940621,260.3990285444262,329.5994024357955,571.9879787752532,136.89217629809525,114.42884840764222,526.0785524741227,840.9197950541932,378.3623497643858,11.888567842117116,688.4004645124744,741.4895259174951,839.8357631082586,871.7999456281016,146.86561212764371,484.2923681758947,0
8.580473171755475,665.8009224223986,226.86170174427434,64.28263235599086,644.2104291386388,222.4309856725204,422.1947041174343,191.50575278947778,467.7185792037034,522.131668228266,876.0681892096069,208.31749099235532,911.8591020700284,43.769036261481986,971.9683968177847,60.788444354931805,935.6475731130306,354.8668471480828,726.2941592739639,301.9009309438513,1
270.94081769262334,462.95665030453983,986.1935135465459,327.08630284928444,89.98259459014291,357.8008072435076,288.44497195878307,151.2499204131006,602.8616466388248,188.7748029372357,117.06113834521803,476.8069685264672,335.1974684378131,881.6289899088941,498.2946554043268,608.1349921713121,644.6033632159343,743.8863869980531,619.4104808574956,960.8313926222123,0
811.1025001862088,489.5517819395735,179.15149408190544,324.44252757801195,84.39605926095606,380.72835201446964,354.51581609159945,824.062702942532,703.5883337981642,498.43545076951244,35.99014729583394,423.9058016112508,263.2715947192554,61.237604583279314,509.55754064643855,574.4252800548372,710.8287631793044,25.147951960704074,610.3240748012121,309.89872762311654,1
277.6173543122048,484.9601414214879,819.5091822619862,831.7161559181349,456.4735604591625,415.86693541117813,276.5388518379896,787.9214097594917,10.612916185900323,606.3195860673912,829.0629254139861,647.1121403237224,801.616949570224,4.0161380348415765,412.2397247380617,46.62327868710625,474.74697473225456,588.5832893792256,279.0489074739552,873.3753867875873,0
335.6168173634409,419.6504965945159,517.7955521250493,550.3584921895708,986.6168689865482,937.7337571162367,155.8726744600093,971.8937859216943,129.37800320587735,299.0646225922369,349.66099324013686,872.4044097665663,589.5142746783997,932.015543744791,987.7020878084943,660.801483583352,13.435902267857514,558.2626300629119,9.224917889234074,314.85136008708645,1
712.9724507845855,727.9343239439646,285.96308073854635,756.9232171439363,869.0536479464879,369.8747510745365,756.7237454464604,329.4227718250908,869.8503600580971,829.8157484860961,624.0527956409703,874.9844020401146,754.5735273429533,228.12771641118235,226.66623614348347,381.3695732914366,23.159542039941307,929.0065823840296,381.1671826361981,23.012506782456587,0
365.0757005425859,909.1725030247675,261.9474216696772,181.00767812883956,304.4635537697955,692.8006514082537,976.7386781701978,403.0031694499828,713.6862457715649,259.1106613747324,505.3252818852237,23.89982742474761,698.8777817002833,991.8696853142019,953.7930231176949,89.50576033699464,993.3774262289058,31.5581827291882,268.95805963392894,762.1855662575362,1
962.6154410409841,152.28439170832553,194.82848724844303,641.351679137653,568.6711530415001,524.4433652029662,894.9332689822195,210.80047974977833,890.2113265634175,87.71956315566598,580.0341339461279,341.5896936215255,22.28070972351526,747.413499982382,331.6235241402907,156.49311604691584,323.0101018443759,362.98195013878353,666.596831865667,53.631026790798565,1
482.73726214427137,949.3509838502285,65.67538811438467,434.351389391753,732.7126977788223,861.2988787178905,98.24432482496137,149.2401678146942,971.6119851656415,478.833005051557,884.4858706767686,77.12675790108736,44.2153978501455,7.186590505780077,254.52459928104741,733.0858348649946,15.563046895577637,695.1960148801687,726.3924294111271,422.7133751769815,1
550.539473788349,53.401522776089784,195.90255203263806,326.5600362235316,263.00156784350713,613.9218066846183,15.002219453388532,300.8553589375824,509.0565823521076,350.2317725641988,376.15891018430835,758.8192870458503,967.8415629038908,45.98430026421596,116.77063173723734,998.4984460887798,553.2444026572167,825.1847536404279,779.6942969946332,969.4963774293963,1
453.23369131888956,275.38819572161566,262.2669092295833,490.95686745356215,95.81335399549961,41.651768786400424,636.6243699710349,367.1796042347383,798.3837987571686,6.660516843159603,959.6778015490669,584.8015181331365,745.9677519156861,45.62614023231715,870.509059892072,816.6095929708581,625.6365892530955,888.3101099008273,926.0974759360664,969.3232603929472,1
889.0597881127801,817.2585469175068,515.6047961154943,459.0293221928443,17.562388221361136,825.3120760394137,360.4932153282443,386.28963146960825,634.8196170829472,975.1429002868712,127.46167130552033,402.14151365223273,700.3833762191063,738.9146561285357,427.00775555230643,581.9327282126357,625.7777228757366,360.4106173858204,654.0430889471871,228.83468038343247,1
821.0364624971218,311.0017460668624,936.4927322064189,567.0879939273113,557.002017595865,863.4369381719312,733.31761950647,31.995322412981864,737.6707397465095,6.620196836571113,788.5336189785969,347.4393908469472,987.4950367069345,940.974453172077,586.031012989873,273.3909333081055,394.9856431280252,373.5769125208637,16.83163410928912,911.3152615946602,1
580.3177472421193,826.9936444627442,958.3015023884134,191.18394142088323,59.382394405128046,732.9373075030652,880.6757093237893,349.3053115628685,506.88526947759374,831.2522395683349,610.0794297607821,797.3714519665995,667.2315934303172,693.4765269432016,62.811223900748004,792.2367892176276,823.8122919269902,603.4042100027979,467.2523489279036,877.9397715287249,0
440.65785836518467,939.6814903043786,144.55630891801107,972.0244368673519,927.2655648138604,241.90939765000095,157.28352609701724,388.9947933189373,258.99989693590663,426.5026512489089,149.6074915369544,735.9540989419727,349.3734385870853,19.645703668078383,91.11736437416951,996.3189663592719,922.5759062435793,781.860609424262,856.9363613902842,141.56475408605985,0
984.38192925282,531.4393550596648,82.68666664212154,979.1972875685863,463.97096804651295,908.4236152636382,457.7329124617447,674.4137833270084,365.4693305758697,254.87576920025478,330.2558525155708,90.37525730591733,693.010805216145,768.961003280158,892.8674869465697,434.9288529803447,920.8675256278477,325.87753320758327,239.78606649546052,975.1258638550809,1
938.5604477809775,737.8059623884274,509.7754261798255,725.9347827324377,585.2989144680856,933.4325197725575,688.6304767211241,199.17641976190924,434.64346445574455,393.9561121660239,368.27479097089065,365.9318293961059,997.677865005326,87.70762127382426,771.1284909170702,554.7522241413203,971.6650565339005,632.4933429582051,141.29415498903154,322.65519841452505,1
514.645275612502,428.92098320840887,857.938515981541,906.9404473189135,614.8041333898337,907.0651244308647,311.09412258038446,736.1237513785203,345.0019163965071,583.1475373101929,846.462980466702,923.1561361577351,165.808423001915,242.6324171138059,701.5437296801935,945.8018582585032,895.1841231534739,127.28709982044262,140.17572937464706,394.9329651917838,1
228.7315518141577,505.43788421482316,378.7097349027649,611.1059410367936,621.0115712164197,704.4040431771357,396.2829817049178,609.4630592473653,643.4145070467482,46.01813230425389,345.65668436602346,535.9952826631276,951.3268787566141,612.9921202245987,942.9579255213091,633.6471443503041,389.0998007327765,542.5419594244636,348.5985966345795,429.60632531770784,1
828.6128637993377,2.1850719322986656,741.8954571561591,111.94473234172209,965.8032824670031,31.341377973596817,941.3035800106023,808.6190425869937,94.34754950370183,629.9534210044728,767.1102579292224,655.1207101436696,821.0806171938353,688.5023515120843,370.2033064517759,326.3103616326923,76.21518790080405,18.592873327723858,988.4834914452761,927.031275048425,1
368.1730778040143,321.482032518971,103.16027244043579,604.0241804803522,70.28944259849779,88.49592728885992,622.3160708256164,829.9959356051316,767.4810321599779,92.47578960909331,812.8165177975407,219.02617393640077,658.3704910527559,159.03901697835065,188.60604989576134,284.4154734428079,159.98505591231006,484.57125885986665,918.5045747662562,749.3927630630047,1
999.9969887327002,740.7389990795349,79.27977779222961,638.9072081709404,945.4715478769011,382.7786005701348,34.3572448239724,296.1612727301047,826.8385208326367,232.8513013403679,331.51870676769244,76.96782855320761,519.4000850187509,192.86104562434525,334.923177278385,867.085055050812,632.0649585301665,59.9725641427088,561.0396865412201,774.5025003948209,1
724.6534816085756,401.610931783667,43.183560136415224,233.98393437880273,207.7419245446206,882.6678671821264,83.30021985908797,257.83326093134065,130.82335919342702,343.2308814968899,372.5117681838331,816.5360238206114,713.4416837461944,678.9321462693582,226.59030653653812,193.76832557623646,739.0529508182741,11.184006924999546,947.5142514427482,240.34002476934657,1
204.3604199233785,41.91220125499584,261.5717969687753,623.1578473351303,191.98016641872852,419.30996581677306,302.69029431714034,468.84913670566453,19.350781286364803,251.52339012996728,980.3469967007832,495.626150475269,291.1152771555496,566.2586475556468,112.00015718151535,329.77285021810565,718.3598828942859,623.9224442416671,873.892871508153,802.462701950729,1
714.7195823340022,201.2458907032545,500.86808439852524,409.02657845477654,248.3995469604653,286.7171849562445,735.274348615496,935.9419397724623,349.5075885481621,380.331531739291,608.8119952972535,64.89153129896508,17.711925682635687,617.1626915750195,480.29838956385373,986.0070360282676,848.6811634789086,116.1325320483878,460.34956888362245,736.2870183524585,1
347.76122122854815,1.1877794733589075,5.838347997943805,849.6729051062389,295.6288285606753,95.96832711766456,378.88733101990925,357.5340341330191,226.0886681722799,423.050148175303,496.63092504169657,208.74923598967143,168.04639898773266,929.1188896811852,59.27506831473828,842.6961894716023,750.5825131625625,191.17319434698487,663.0106797425627,398.5612594556496,1
693.9853000634558,342.4272909401377,613.7388604259261,402.43340408029906,419.19142657587025,559.4787911914311,282.34856483460055,259.8070362710968,153.01786368133875,232.1459883626775,135.75916348206508,541.7209068203327,948.0310276898382,160.96413384536723,956.9282361706094,668.4390341749828,765.2480833518931,894.2255496098638,135.37768366065362,351.0300719771083,0
486.77267177654284,705.7750417256498,975.7814779577096,308.00575782642693,249.07717891499337,156.46277543560905,502.37795265372966,644.2187898894549,806.1061056886045,647.0197366894495,115.27345339393236,946.9816956051195,979.2435176280793,229.72849583796219,483.59983685211625,632.0399687637988,227.69812304286285,563.3893891251972,587.3208212876648,403.3203850942909,0
395.6027093435865,164.487578911665,529.2785263361937,272.065911814949,163.28345451553693,312.53446023419906,923.9889644298412,64.28681043868933,852.5788094987295,121.09887254869945,852.3412802653553,736.8259828208364,993.7468689489982,576.7590842633115,41.021657468898965,699.3530606543511,434.4302914529139,648.7016258545799,168.27709933148049,842.5173394417848,1
999.4204788531822,966.5947995149963,140.62785119456123,198.04916138637972,954.7759911151655,555.6808546351983,620.836742586453,812.7590308807233,464.3348753861082,928.4279371883782,196.53273081772792,774.0457641464194,449.4342687541961,490.26911666516185,561.619282996259,978.1781247430445,615.1007164733664,935.9767772369341,478.6057125858769,783.3691952641316,0
555.1079863515297,235.17314337470307,690.698122744218,485.47542555480175,494.0672703157778,881.4719210759454,289.75558790451396,97.83972487117364,439.0193254130478,983.4322280971695,940.4168531431694,78.67196725716374,935.2650937818551,271.27296176752833,955.0365293349031,661.0542728842606,263.7369735611761,355.47838351709606,754.9615357822152,624.5172003118257,1
860.2824897185549,104.9746779655194,34.78491168830966,98.61521778646343,358.6035837741166,544.1959256294472,319.35487515376394,298.19347990018383,560.2534618150444,856.794691027623,48.776589388115134,980.3391451384588,164.81280446774406,1.3578614573996894,993.4900952074619,571.8096766917848,47.66004914772204,223.58195215919264,329.1164142100518,498.45042315863054,1
756.5398498562416,619.1753842443511,158.41632967408748,60.87984917780198,456.6392382418155,659.176196892382,24.108054841483153,841.340764674029,560.6099943374796,809.8593860610291,836.2228524944942,961.0932485845537,542.8103449573784,417.6599955356498,861.0618675039078,977.3106378604429,659.2421261006627,43.4376031439202,765.5901783512503,182.50654478657813,1
97.6228000226449,719.8528589050296,718.0446197698042,777.5434602357302,571.2192644795809,166.4362199063878,459.1845675440342,883.0878665227563,339.6399435261823,149.18045192153784,82.85052008643923,108.49560980571627,495.8943017502233,496.25480245972756,925.0330834528581,105.63738500895947,328.9324970203024,436.4004650072275,393.15828465571366,512.137990240406,1
158.23488096954352,489.36150120404886,974.7963243747571,515.1920704650065,649.5988140395805,923.9351171154568,885.7010506734891,120.46270778647371,151.7810147088735,662.7691228203114,863.3017941994405,564.9468074148698,501.0018717268807,466.9457268396435,43.750095123490595,529.2738433450976,530.485482459905,822.5554891763346,942.7262816480279,281.68112023317826,0
62.803378588872526,432.7341686774048,521.2311194570001,778.4506291068154,307.7207682451029,390.3771700527594,549.8646002343401,626.1961003750833,342.75069721772763,703.7540119627325,285.83373084872,952.031779233764,387.6437917132582,121.09018333965128,562.5993480970346,8.905253247791457,773.1047168507799,141.02483496209095,794.3696833448582,742.1283425045873,1
781.663710105632,827.7900752897291,292.6422807807224,314.07667652033257,83.36193615103782,789.2453723263337,878.9272805219223,78.47144176987464,310.9828777350264,83.75043559071638,620.1895687850317,920.1473565472144,867.6281374537726,518.8731004122207,979.1046658104908,553.7588783951503,438.7044605747068,408.48320440871277,996.4664046628657,976.7423539331324,1
759.6581118635173,522.0042442728441,389.9503815518606,744.461512048112,886.3858933916051,129.44843715554865,779.698261037279,476.99657501597994,455.3648157762459,600.7655417856532,200.18753463015526,90.6287995613011,520.2333915936574,611.9142462317961,209.68588823824086,93.65242340306901,931.0850220879488,721.7528488079203,584.909267885959,315.6235197336954,0
700.7415806573073,378.2474688705377,100.3889701528563,540.6373342747486,291.1569485412411,569.2055748034438,47.47978809200093,597.9313273763207,161.38420929420406,496.48974132238186,513.6420021530373,893.5672598757648,689.2196753539,279.69273349639354,154.32705042941586,425.20330444792097,248.15996100714764,294.44505262703024,273.3332100049195,371.77117206651076,1
951.6339283160437,900.1134265170052,124.28754708530565,251.5270589825922,111.25272458187108,449.9779198621986,844.2471383900676,127.32666046128438,285.1184138344713,710.3764693114798,62.178617608693145,565.947530062461,702.0239860763003,533.6141007114139,993.3399633138932,382.5774101878275,722.248171857995,643.7835327981506,941.0412520159554,931.3219005791595,0
885.0433892649802,29.323610523260157,821.1778685388375,504.55331215532016,9.041264462044008,938.7572207867432,758.0435644049934,963.4214218627842,468.93005716066716,726.4493209419339,191.24467434859594,773.968533856601,29.20690348263055,308.41677951081334,605.2181855481064,596.9825162725682,899.1792370964835,660.9142634530931,901.6875639471209,738.1629208256637,0
941.8405783666141,35.66581262855972,213.44223831518605,217.63760843041834,570.9165374700686,872.7561924768644,723.9758101143719,324.93784902650515,480.35739356914166,177.03394237948456,235.93990808040633,540.831487804077,69.08352793809303,818.878923184888,773.2823900492284,841.1452144247149,149.7096174120064,486.50258507904954,851.5616139675828,462.0022886990237,1
46.205971088990495,635.496396496233,23.25151984353946,103.7454706440536,426.3657429470792,425.25426412811316,804.6170989500168,811.9178246904731,322.874629790696,62.865647424600766,425.3727025787422,401.98265274492996,16.010235558327256,83.3036122875791,162.14115376729708,592.5105466699387,513.4558338416223,154.2644134632063,567.0691687796901,69.21899020783373,1
298.90126130929417,276.686438432155,270.82094537108867,432.1126687715662,142.643164925376,633.2471325822165,950.7056574450878,464.59220439306495,473.17118134195846,950.23197904637,272.56215011673436,170.1260688220374,335.4546630134985,609.8136994851541,662.3863335103813,265.80961934214133,529.1061441367771,221.825010095974,185.42422345293042,606.0810801038983,1
50.974439969552755,364.9550534992636,432.1764440264958,780.2007395528204,641.3484315150579,583.7168720106545,223.83452793372626,501.1902964540459,970.5845041866718,511.4238981546861,585.6530532504796,201.08566794057847,259.84153613282814,153.01957516150145,743.1852820632287,933.5208763130527,626.2114766146063,906.113453571065,859.5040145360417,36.50127257805236,0
738.3012143989702,300.27350999709535,867.5400047916931,373.9184110214169,780.753249762098,427.88634435832387,332.18301328059806,976.4701351263179,69.42632424637085,212.0912663204847,985.385002073287,574.8136314100836,324.2589855808915,641.6661026086636,851.6057937213857,214.8245045362097,820.6071005851887,425.4758474903366,669.501468869807,171.5387362007489,1
977.418967458669,116.67529997697645,663.0183974241381,323.03752818872255,650.6712961058986,670.9541087728797,858.5755432822949,406.6744574540314,707.6161379662717,851.5718617632104,931.3701944955315,480.10014672098754,234.75130593419368,806.8509033084649,883.3547309391357,84.97796362086918,949.2658043030777,703.8535353968193,46.241697814424775,723.5234540036168,0
780.8723922098848,255.25470914443005,47.901080383161876,378.80012241223903,454.7164376460785,402.3798169295355,54.79196380337659,220.107457384504,397.25322184005665,455.71229227957275,656.8515184227663,1.514956786224264,185.94395216349946,371.93452839151985,599.7416356975388,730.0263287995448,16.490642061088078,821.1489150176268,412.81098256576973,622.5799422240873,1
518.6353089832706,17.79739108812084,436.68179794338727,821.4948369239012,821.5485383081021,26.111562122436595,861.2075077349564,46.58415116279302,756.6121016782987,846.3409239045161,308.3465920585115,759.8209864954997,347.10011542275697,718.1346765020055,674.0528476765393,743.0796238629932,661.5106306649303,966.5010337163658,973.1072339744607,203.08715737140847,0
100.07694778341292,847.331604319797,982.8527463425495,67.72957553299219,261.53041853872907,720.5749265364357,798.1797544173404,445.51199717697386,953.2260202675261,897.9465217036511,28.112595726897172,83.53724049255928,949.4859613639093,172.00540239847584,107.24816853706342,995.7599089639084,894.5597203617924,414.91749035587657,734.9390038651301,96.18092385764687,0
676.461903021548,128.51344199847892,672.1078084909332,894.9651482270792,194.6758669798433,422.8139820293613,188.46353275153726,743.1101279885734,890.6776766954215,288.6355370291207,606.7902553858087,43.93785236945658,85.54352800415043,45.61500649880668,958.5833009692254,21.077668564044473,75.76945468031593,122.60957613926504,826.7584136904485,31.277909579346954,1
279.4862325514836,879.9900143938929,86.53941813868981,105.61850783381976,828.2675115437488,474.529999774758,80.40853366836865,93.23890591708295,194.99064650664278,535.7472292024628,187.48315386267157,198.56460103981465,221.9053740073048,506.4094068259554,556.8057600442094,566.0064849512312,532.8355540751049,831.7153478621814,192.89322029836808,603.9364626163439,0
225.18266506104467,795.1702580758723,942.3350062172788,982.7498417603696,775.1865524319113,532.291426644993,159.2799464477602,268.2545445913297,44.90730795065612,419.9074868657334,791.106202930478,930.1176536951995,365.5746848897017,680.583582708669,834.652584520068,879.9531593293095,391.37004093219787,394.97995408020347,260.97642247677186,647.9384342119929,1
911.4851589213926,181.70048809296435,391.45361820345136,39.927207220748606,19.56609774704743,540.9275456170211,275.38852475521037,337.338822458043,125.36927521173735,737.0056550009784,652.155703721059,402.8419517994611,225.47229756188636,617.108479727257,605.7543786597245,775.2434915011482,280.4860201775872,660.6203156131219,653.2251021537328,124.44843351799284,0
157.95180470841575,753.6504371982567,629.187275658866,787.4674857656626,817.7227817962346,896.5403445400697,778.6466518089726,399.0889119227031,925.5670307622693,87.69034808004439,397.3955573978484,915.523098639585,419.0161104731329,311.1393318040297,147.93058989495734,21.732863913596745,85.02593428890393,539.4794664508761,327.8903222676981,207.81431268105976,1
945.9460208074169,107.88421717683305,554.9612218729078,683.3531569775996,108.85124020679815,899.0156130093299,923.7370510951927,618.1466857442848,884.7548690076334,818.371888555226,861.1221771817435,776.4084626649893,975.6494917646835,576.4280437135775,712.9460873483315,248.0304878626367,342.508297698068,830.0358900547525,433.9782992894785,910.5543643058928,0
608.6431382620599,782.1218310563613,607.0783963874275,574.925788647087,975.1307389821985,590.5840122443094,451.67757127961073,855.0455938745592,659.4963411938634,358.52452596066644,92.93421294274917,992.5812551594479,534.0785088199885,787.1786166075594,55.773849635072146,606.0415452730846,468.722684962847,252.7752660913296,766.3311861919735,433.37163944698955,1
647.8233696908784,802.1098934771036,177.10011973834628,245.4742834367192,362.49365801563016,748.1271230202393,19.547231679764355,34.325066791455306,572.9303897700203,205.12919544768016,525.2086586569035,458.6766083328945,506.0399116710628,790.9775873649038,106.7553521860184,259.67307766964956,883.3344525200248,996.9228723103489,559.8916593317166,135.87031777080284,0
105.94940915296414,477.2178508924957,576.899244015308,584.2407456977437,786.6568589339333,710.3683453478611,780.378119509454,396.3742808880911,389.18983264665775,769.2969127770203,286.1010472325036,978.9131206892089,576.6398907986369,273.41707142628377,369.82236635101816,547.2824768141336,98.29891178742855,584.4913673938739,979.1244925995717,304.4069491083191,0
966.8844875930382,398.23734042931017,239.99326350641337,122.06603169389196,875.7208076878536,418.68753403110026,760.592651034597,496.2775521555537,794.7877828845899,371.50716707860664,517.6534457170808,639.5298048883665,245.03246153321834,899.6099000929468,596.0873769379366,657.2204278307067,30.257883232686076,873.6977380077377,259.122936152126,744.6604451416923,0
438.03817015911784,234.71499785095395,284.0745570228622,978.1311545626002,919.0164868401605,114.49031724933833,865.5459189142636,32.85954837075633,76.04771692616951,219.20908906621773,39.262286126912294,891.3486702959308,490.84801298465766,810.2631876772958,764.827970075881,737.9996900916099,657.4937429817056,518.0168711923587,348.1829083799504,699.017820411303,1
834.7078396302027,843.7662165556892,176.4186162869893,118.000304230509,858.535138769278,140.35639400621892,603.1296180870658,289.3712816806853,478.0595814050573,288.3172464510804,901.2292445286018,794.8732033313854,85.38840400597425,212.94362028448467,93.00153721138804,500.8092370016135,925.841234181278,9.131901084342363,963.2012513996006,611.6043607870266,1
734.4045001805931,992.6627614170643,132.05486307585988,404.959965923686,448.05384826477433,977.9515003796192,306.7459740778978,222.5102059083891,573.94447178294,990.6476400799163,952.010600980751,221.09998414288157,253.03964746920173,201.06155607525855,93.32177779118555,430.33944407370893,262.11114046400496,23.200628083333896,86.68132233629544,243.88653697885587,1
937.9064878617655,9.556795740121693,602.2683705026589,402.20190152990074,64.203901948794,449.2089962110005,654.3802994534105,763.8920745800938,336.3228686818489,637.0427150693996,26.963369663951518,269.818810397052,148.32700785824605,384.25655280731195,312.94683509505006,543.3480951686902,338.72176524852114,222.30911187533786,741.4166933129117,948.0620741562246,1
34.97565446898909,130.43761171171064,159.25374870478691,630.280207977006,820.0542714055771,119.86889581729233,858.4791446121118,40.79047133112024,685.8163867396629,432.37311342932037,244.66175302522063,46.733658001875675,143.81775350904834,432.33045231449285,391.87741429089175,936.3236716026437,812.2753666739327,513.6987567441624,528.8396934665702,340.5443694341701,1
955.9618330661455,533.3170465404686,41.07590329228194,669.118797765161,905.2518582239406,967.3884924384662,822.4607923265356,825.3398822200953,414.56387368922765,877.1004948521038,705.7051360234202,91.47935060701806,172.46356180495047,535.345642623735,869.4267553997049,901.5846941992537,155.96608354051412,22.901747864621402,19.696535615158272,775.3353985022067,1
381.6058481065036,113.54372267257618,900.3664294625689,727.0443304502537,47.07364347209819,493.68839048076927,999.1280849039234,302.5515815406665,971.394301586901,5.496608157797844,606.136256309013,960.5584351123737,943.641096548896,771.0118899245443,293.9972817969353,901.4625092848836,118.43677704530708,355.8315704322871,595.5510804157284,532.3748160879811,1
92.4903106447762,308.53242014591063,491.34676164988997,829.2677182396812,349.3621873418328,41.81853426145088,330.1765161676224,442.91668712029144,527.362918710413,944.4144206536322,328.1409580266144,399.21909118089684,712.7258786112329,4.139247692694248,270.11535312095367,111.1694844851585,108.53546541405245,103.61752332939179,295.3633116876974,721.3473112191398,1
838.9369187664371,558.0119414167241,175.6760988224182,831.3821905308149,775.2381628427436,777.315781919961,163.5894303072375,693.3594580898082,945.1444639839342,924.5880206406938,345.2744516275863,815.440890359727,620.326844610205,146.35592470488723,890.8877220888205,502.05727892215157,739.6262611054354,167.763126123731,78.69574884046094,42.17196753937691,1
235.84778567108089,263.2522528508234,725.1538646185265,718.5098175198104,635.5574570269356,557.8700114241045,329.3341338937181,753.1047748576375,375.8716866396135,738.644719372482,352.6186945923124,805.0968332751027,650.3944582016616,217.52013560932028,911.5568985987437,506.6980946881345,229.99769000183744,737.0216536476723,964.6385277521515,379.56732165688953,0
114.44892203716772,397.3877680836587,662.4444687084629,399.9192841622627,512.0478291386456,209.40842333988962,302.33032788336203,388.8335604844201,307.9585446872465,592.9741949702461,447.0777778108582,839.4371218908246,899.988742163493,684.1126018163563,64.41050162920337,590.2948892191802,940.663824958545,559.2004873645842,283.4775082664004,918.0533516980778,1
899.898289400461,725.1309705328654,206.04142850024056,21.678545457587628,186.27078381555262,962.7399693086018,12.053284697787102,86.1242730812124,359.40280313493986,652.5414294295355,440.52531130835195,322.35326727101653,702.6551512909684,765.9413416100517,981.4713461301968,465.809686535722,19.531551454620597,784.1880239106546,876.0153345022676,680.1172834594021,0
95.9617034733824,651.7811115703587,441.9323304452496,875.3217750007447,827.0010472617648,64.10375145581382,396.1966063377975,946.3516799720068,375.8736681527913,853.8801314920164,864.1238110057807,129.11920805375544,482.1461142367325,435.86704889968007,210.97235234439992,507.14356794693094,119.18621056055167,55.819997155158504,503.5401805844274,484.6244129859605,1
897.7627941306081,249.89754496442862,884.8406670130748,519.0276717948082,239.24288684038908,960.4363547728847,509.86250554409696,424.16006698982346,148.7895916960744,668.3636096875692,581.7870080046268,477.2003132560599,765.6391418451377,233.73262675339424,847.8931610804243,294.8409993145124,63.63884861147673,636.9423987563111,437.29750616384445,239.60876759013848,0
282.9965711575621,936.3673225678461,125.77045460672875,695.2284981871821,843.8756657221865,29.28604939905599,238.75722695398116,962.0780359653315,15.343385775703045,26.87358764543557,677.2220631137909,834.810542496175,247.99741527165264,435.5346985244123,787.6543530844499,878.4133071298659,475.78780365532356,47.54444061999141,666.5256733136222,346.8585967432656,1
756.4155527364844,111.62798196830148,545.269979391215,369.6598261919406,142.38548058378308,696.0396600620754,924.357181658339,374.68924256250546,612.2662472420932,953.616462023499,85.82207017804089,864.3236457868304,63.77930896223039,65.75697832922289,636.1897957214069,292.7885237055872,15.950990961404399,618.9429558860287,360.99610514261315,56.55914523683136,0
271.7234046022348,959.3379582689303,395.04716872212543,901.3329170108595,912.9203173871077,932.4775213608834,303.5731442990097,748.7054917532854,641.8390630730443,497.2357149124872,603.4656776877735,806.3034179253598,657.4513703967406,483.58105548488163,704.2847797023554,593.6366809421515,475.3233664494234,618.0633186504147,24.83450822991651,1.747806606765434,1
420.31019218191676,903.6263394802464,287.110745692284,719.8917210077282,752.2969544644541,273.32614792011776,741.8520923585158,918.8170694891301,411.7050816811102,478.1519622466525,863.4976528574186,486.58538727908564,501.92746030515247,612.5758260195487,296.60695909897925,983.2449567107079,285.08775965700806,293.3806426849438,748.3055183902848,430.01254039360106,1
601.5963274941694,53.88479675245905,79.8401960794508,386.3848522345702,419.3738324798959,417.39465140993457,3.1450399371391047,319.75521232382556,23.203707098902182,397.81717941540893,879.2278150903527,586.9465821885848,505.76100593131866,655.664216264183,945.0467835496678,894.974961098022,519.2067241957235,393.14568004768626,908.0777403856843,140.97439986595472,1
860.1306544647919,708.9470797174029,566.4123201640824,648.2292065236447,33.84694361045837,348.22748160243776,657.7906771890125,454.2076726138268,36.581325998477965,870.0582392164628,781.2576662595825,801.8304179944951,312.967837999588,881.1943619688062,268.2382404539586,789.161899373722,753.8362216137373,470.18503104828756,920.0891453003842,485.3393610237674,0
580.2698707461207,176.55444132986653,4.316261560272094,64.02422637063121,373.8354989069779,636.1522040342128,176.76092893690077,167.14425726946268,860.0027301015424,395.77380476692394,300.65394161517025,340.02590270519295,269.92042434934206,853.8363473411652,843.3726432848695,286.98459781920474,918.2113126334264,200.04698861782887,253.29799882335436,113.36297603842304,1
740.3648413763144,471.2036680648194,692.7827631747159,392.2400692278393,431.09661468192195,565.007450802561,788.6348979459691,367.9942800070416,853.2936320502018,961.2872292169732,635.7112611987295,195.32335879704544,788.6412560130815,195.5587230729453,679.0470857866603,988.6119613659107,983.8598887450397,963.0232347325851,361.6277412900101,499.00418842210627,0
301.8674435437224,12.96177454519254,851.7032604112259,392.76697239559775,571.4040717312769,637.7644568687367,885.0395154101999,207.79195350631795,972.4736275651627,410.332858208709,850.4176614853683,682.909624166744,461.74157409726456,210.5262852108424,238.45141288617467,379.060959768951,77.69510695364833,12.819584332435351,958.7246542290858,365.0282243965756,1
594.3250703055468,69.38963883543481,104.02251833091147,44.164761146466056,442.81738601442333,538.6161231679904,944.200690246525,562.9941352526492,215.7756228417328,841.776634157351,454.42009790650116,934.1522642215073,869.7300811123907,226.46771560672562,498.27401394642044,499.58589008737,343.7987009124883,82.71610659162421,859.0307094060632,886.4352716905577,1
397.3883818640752,932.9064515097467,47.83430029631819,272.4642166938316,263.76528178494317,211.34759016580108,914.8942728535618,655.7124341613528,501.9749573380676,992.0543823842813,962.6889708768922,774.2642395294616,317.5448006868151,836.3759001011719,225.24229867030255,495.9142892400303,571.4046693731334,838.6094711062821,382.221763258295,299.74667440982705,0
304.92696984303836,283.94828114255665,230.72215711423905,982.4748059582045,539.8403798679718,699.4791978649209,780.494288097077,938.19868149458,949.6801902892881,948.116651110272,212.12586423390923,396.2055028490583,885.6860259172847,276.8443741166505,574.0017051643226,584.4498596961431,540.9881659686112,795.0303692400151,879.1878845657599,173.75965897597146,0
754.8909767952064,573.6046109691354,617.1673483388262,817.4766904624719,885.5855383751137,405.18830674602356,213.90013019830556,550.2786647500593,654.6050457691305,57.35764113054898,531.4462054145489,780.8262060217621,621.9076947441416,656.0496500860642,879.8825046530491,606.6205959398992,986.2800468530844,71.37830165272807,867.9945791869117,246.19214714228576,1
668.0416255722837,632.5537084498644,152.12976887528117,618.406608174698,760.8085584068019,203.41097668717822,864.6973488820017,131.74030475990295,736.3931331997788,769.4804638170191,698.04407654067,604.0618759193335,400.90912373019347,907.5881418472072,431.63501682309146,737.2637571499491,289.55429023185684,541.4107360539513,51.763981404332135,817.5604022948338,1
989.2875536862317,781.6124745152794,339.0942125494778,726.0145413930239,858.3334606281205,622.3818686163238,274.92282009930744,171.20992025377691,22.959681569940216,593.7901119468894,509.68534495252294,105.00904978580938,745.5794821762593,15.917513209838251,927.314638358579,771.7409124175826,636.6758386780864,631.2559670321818,795.3918692952052,488.23818523789487,0
154.57516063266618,43.52473602867979,371.6852310570231,940.4456861147644,993.2059848430805,150.46955174053755,657.6860638411835,977.7508601394765,796.278536702337,429.74110807801867,610.03584442503,156.09336199774182,606.433252501819,795.6980603905603,138.70470845723636,939.3423391055903,16.092434963777656,912.1390547296105,913.8459491263736,904.1148457400651,0
125.87680700035087,324.68085095058575,372.6388763173937,155.71207055107539,992.2739424078345,789.6156430126932,336.26567429656996,66.7560152284149,672.2568729896868,790.998996306185,994.5079373724786,887.6841793264733,787.346458519486,256.6705516106651,257.30772538889823,997.6125159018783,250.83791465066608,955.9110019917981,728.76956350893,250.2725859112601,0
211.81332298522705,945.954515060174,866.4713020210066,691.1351039602217,374.12449527728984,669.0085445157681,666.2327096305133,245.76989397568383,893.276335458696,971.801210672635,476.5238242571106,382.5502215372776,83.51490655236915,141.97755415095736,698.8033211757478,77.31790865346244,915.0482738296172,634.5173639567457,894.8774171050488,344.7102341934073,0
393.13178011219185,202.19499383898577,816.2234653635152,779.1387123429689,604.1857537780168,1.1032930264713858,673.4313635455346,632.5907531411838,989.6686230504096,747.1623544108825,508.3121757303587,739.4322395255485,179.14928795154583,673.2370916845256,813.4931386701415,589.0382726177409,361.7865161475835,269.48797933776257,138.35036839798408,462.1567042059187,1
573.5985427481179,555.7717704637059,221.67269735752458,235.0752776996744,555.2202676492097,744.8250237759578,633.1682801834288,103.3066081028824,903.5225040122433,743.2720108098817,548.3833751913306,23.947073991499867,579.9180816254257,897.6251587343276,218.2897013655144,489.5092565642057,276.38152297800144,182.98644067831148,851.6393731533576,786.1928267841195,1
773.5471196019193,385.62049274560775,555.7072850703404,395.3467022374889,644.6776606995037,549.769142090306,548.5529315492647,91.2159752249596,2.434243431997718,883.3896976612042,735.4901604653007,829.8618741102717,247.54427288966153,460.2892452068701,135.80703484645574,732.7736185905666,48.705026433003226,585.7443949886255,824.0342442254515,871.584782786417,0
700.5103884580335,612.6341300863988,528.9638290432141,620.6989278323796,907.8951791328344,210.45265395093006,941.2532895184105,578.4840666717896,956.291568687884,184.9643814159796,158.64524678957915,170.4978508779511,842.8806779523524,473.27738919546334,85.72122159327245,123.1234472733147,771.9124299059308,920.1751786721379,348.1360649769839,561.9946414491491,0
65.25647762758346,685.192307100986,30.510207796203503,469.7536837478652,441.02055985386767,351.6216536178436,180.6673517430637,941.0395105294793,804.849409365931,100.46721356053179,868.165978054185,692.3159928720324,61.898929201358754,132.13492591838215,836.0063738361184,101.34330202186548,6.186123054845671,645.5715412821119,840.2841401110309,525.9023469325091,1
108.9514758857164,276.29879180714613,27.644339827208263,826.4441156110638,470.43851403431904,709.7112276279744,270.45378076526015,871.571341487942,309.35595391124525,554.9287928456557,198.30793172125848,784.1595308695071,463.77530512738207,480.2556528722315,93.83264339832043,128.43342203852137,287.77980007774016,599.8051486364307,319.15779840735735,794.3110276984336,1
124.63414310145416,24.219950109597654,688.8590713815806,658.6882213428624,262.7862970770701,319.247732256181,122.78489527388459,965.1018786931517,126.05377446616694,747.0950197430227,71.97807808074386,474.4603136677823,597.4965149491929,745.5805481656791,40.51404695650507,24.427912429851204,184.61316069319778,46.08763111246172,553.2452064987824,913.0170920467809,1
371.55857247280954,287.858525716235,269.80065214809014,586.3366088512659,408.67886189858393,568.3865206613466,138.22251999899714,131.6356301003938,551.7326762303563,979.1638382786072,55.84949592734378,231.55787846803088,895.9774873207625,213.46239559285917,953.7422346188596,991.9643619792024,551.6481077994146,331.64703035141383,292.2162130855748,589.2299716482848,1
532.5309846694147,482.54916159243754,651.6174450605856,332.15282284552063,926.383337702566,937.9192173649581,575.0778483666571,71.94978693874666,470.77631254673514,819.6409648761843,801.2320711367025,380.612654584204,693.6208502271592,630.4285310208735,408.3506898354915,540.6452877612898,665.2938306635622,795.1727949462174,80.94066499820663,662.2073248577535,0
568.6762507802138,882.2589663531558,127.99232447615638,314.71023093873873,591.9875355333664,640.1061869000765,791.8486603208622,169.92968344042714,961.9234700431367,541.7460634452422,747.0546466285647,483.57021466505245,60.65285271290832,635.380013991742,633.0765784033906,73.51701259755572,830.3817670828308,153.53623838960195,496.81235581967786,549.110645506666,1
769.4051625391425,644.9308856189942,202.77044672639767,136.2463330959409,986.7059642753457,658.3658326804418,285.7848019675624,626.5581821812522,488.8181380665887,55.654401926933716,167.7821279237568,299.4453435965724,510.25544837577405,680.1637389715073,99.78744091694092,422.5807018416489,353.0410576162786,4.31250257593585,103.64940333930438,559.5365989611032,1
526.1265185662437,913.6377812347589,314.74729143488076,941.3063764779871,925.3378501883235,616.1070360809647,612.9088405397629,3.1550844297130176,624.8799337437042,686.799548742657,425.17558874140536,989.2524715616087,656.5366785776495,306.77893893573327,295.7725277875112,69.17417057336417,889.6749483918542,480.7101032475139,822.5167256925367,981.7458996219106,1
619.8809415317746,216.7993690669414,608.5394036933758,728.6465592236872,648.5221748302282,993.2660312598862,135.92975637040794,77.66677923944864,10.497929399816863,289.53968868322056,751.9946053706476,837.0617457236607,984.740022100703,521.8297667471652,585.4239548654808,259.881941191217,1.0120792204508788,226.0831388901745,586.0123827207517,751.8576570821996,1
415.70754393355026,89.17507631521349,804.375630258706,782.5831988978746,348.7909204512648,932.4429966666322,158.66545244882346,435.36427369787845,191.66336518432814,80.74065780296013,536.8753504952441,319.54756351012156,815.4782052110752,78.31972097165895,451.0648721985496,663.0611318577131,964.7755122244026,742.7552048262202,768.7092299744194,942.1718572198738,1
258.6288359174567,352.1444969074211,847.484367016717,274.9438704705919,465.75965297633394,253.29433402825907,802.3022381787105,261.7874231675322,458.37102413621824,465.7309041519027,363.0309615973596,149.37802512281363,341.19687851886926,557.2037357454656,226.72090166763158,146.15298102231898,378.04458358605143,584.7682238941962,580.922528340147,920.7044450970508,1
457.0182185779845,761.0582052053936,800.9732549570626,143.82952052713838,934.7239895449436,221.23128903698884,902.145954283211,839.0848763168372,638.2596239292141,490.5313496514485,527.0864318502394,221.81502840265665,800.6089666457176,503.2796774059807,415.9187645481569,498.2964370100479,126.7931170678901,36.87402129489825,546.447733454034,241.3861727890142,1
478.1996023297822,201.77159497428397,700.8964321961148,323.3022840042824,65.33205358167949,385.71021858905397,280.678363234196,231.06508870798837,931.7598570737601,574.9332466530966,213.58142717565198,709.4942600948989,887.1443140513408,331.0162998283227,215.16445193109013,438.1253625403391,355.52241126271053,755.8774700966977,906.8612946994924,361.5623311255251,0
928.2050554977013,360.2227958457593,563.7240959840232,602.1082791695562,618.3750794346037,793.5822300711608,763.0718239249059,285.53055605011303,691.5838305486209,599.3199189574291,740.6388580999503,226.9334000205888,828.3098037340392,533.6299482686452,771.3304529274201,615.5641125848967,144.18155649814224,116.70304201463566,913.1333175317662,667.3348163679904,1
107.04651234478303,933.669975391269,669.6198987886556,402.80792509169225,554.6563031540728,59.11292028458281,756.6130915436897,469.00089881776364,742.1216679108987,297.21113415152377,148.5926161841512,425.1773899573593,612.3008827028551,699.2573779853883,255.62224765294727,999.510321971361,271.4955850340618,467.61588069714435,838.2945194322398,395.9882265649152,1
380.32909910636357,987.8473266739801,252.2509227916133,793.3576244652035,750.4238035774672,291.0354982700216,430.3284608192773,788.9412196174999,387.8499026863402,294.86127342548593,584.8148228470359,211.22780993739232,18.067780812598745,119.15599629733131,828.805126249259,767.8346290772779,810.575714814779,573.2777150540286,21.728321032764562,454.1884687410689,1
146.80696980991203,33.927133285785224,672.3899651595899,595.8226417243122,89.63761982573415,283.5060994531421,527.013624789122,679.1434816226164,543.6045447295614,353.43448241912523,168.6168218869043,22.569563717559802,232.8793455749142,23.880672617580867,869.6110174132841,957.6689397049698,380.0995441871815,985.4807102910684,260.8439615258288,397.5256211078898,0
557.3487746033618,919.0659713103425,274.00573976338063,166.55092584364584,148.05577607093824,905.6768655813023,64.73878081759543,175.86079126134857,887.2722328321926,307.77319890319086,552.8763478562391,224.79082581460452,542.9002900027482,289.59737670122246,659.763597468473,310.99380034062165,781.1808120549144,774.1872670999891,712.0756052391856,769.5986988008644,0
525.9961629769209,496.4874822085482,335.24248094188613,827.1283757415465,893.0247755865039,17.476424157426784,456.5844375835636,155.4834992963431,717.1175114672327,429.0443589374755,789.6155141979044,351.9669422990612,815.1250641724301,439.05752757826275,462.240916588557,755.871803506147,593.0594405676255,265.49737431629984,658.3336859121102,292.3503983485938,1
711.7241260268692,806.4007274029608,990.5291199351379,545.6424547860424,973.4662427681909,701.1086254954034,428.65039641642153,614.7161079867846,665.0881922943277,33.96949090239432,670.3171375611228,176.2454321301815,240.0295748111646,831.9249800133733,885.3540065640391,926.142749958132,629.4901564324779,658.277791684707,480.6722760020122,796.7035497103432,1
262.0863305898039,735.1961976722215,247.94105157937108,773.9988485105523,813.4020012507763,450.0612833723714,365.52853559461187,382.23577013887933,38.52308994242337,712.7312884106361,988.3869488589894,282.68945780019095,627.2235778960755,955.8870529662082,167.7080390182377,694.5032923062988,248.92363325001443,513.3601799191983,495.36356257514944,496.49131099302247,1
748.3273581907301,991.4596736638888,239.97129360302426,200.57693652520948,985.9292628479495,731.9231737776912,887.5637739460846,575.7316202090205,418.84565653045445,345.3192129223869,809.0375663017759,916.8770069297436,985.4351778626682,488.36778354950803,939.0179915394832,194.09958042571407,124.27590076687356,500.6000966868168,199.01259263387715,47.299776669686764,1
558.2476373758952,694.6331361265015,733.5044711928001,893.5251866259923,604.7455176250481,76.35996407470402,598.0248036473837,91.27285941002306,319.895088642633,430.7259496592598,592.8741233317257,408.99181402109286,539.273513441665,812.6005984726952,306.14929741962226,566.861665249026,133.6453451976889,364.3750460235342,979.4119659115339,396.680561947926,1
621.1366583980011,353.44919829899845,484.66734098913145,995.382173440201,223.6196826714888,862.4131384601739,993.4699298437992,996.6633005600096,924.6900166935152,420.2742133385928,948.688606981297,667.9960343497825,263.1607544768021,744.3026349254218,119.73406615064607,863.7094616264138,490.19203453398865,282.42977709278404,192.56423178245373,737.3033743196313,1
346.1166603552761,733.4151646309447,204.0388839396795,694.4876722138026,949.2741570174222,24.208210338361624,273.54088750810837,347.69081539312043,29.541273127526857,6.05080865583385,381.49735890025426,980.985705623758,34.574667806552384,0.26130179383909713,697.2173113111351,983.7361204190937,608.9201975203753,729.4925996177307,38.29913880253544,712.9587448047148,1
208.00699118417597,220.60262951570354,962.6739164197157,193.35182246333682,194.27164620112603,30.72685344990733,246.33318613957755,450.77218978560353,954.8682166226034,424.0055878683751,206.01842533347414,399.8571379004663,517.9255229104194,181.91298615482143,980.492464286596,841.8252408692389,359.3339896549003,445.8968748224319,996.6504670720071,719.1220651930832,1
952.970822578181,641.21559679553,447.45915973891636,815.8044741581504,576.6872467679852,456.4031867303087,970.0320451828039,552.2528382511382,772.1875539570034,90.06584337779533,27.25890922084084,662.9774397483039,943.0052815669364,978.9695707874239,851.6952282400081,116.0110784732643,948.1248206840419,346.48892533110296,717.7526460019675,384.10564047622506,1
295.7069339574764,343.15199534017006,2.265949472491924,4.1057752960746985,130.13023451715057,640.8243115166077,386.3225302287887,653.6707692243776,520.7763256533227,977.3333524086372,661.9430685218732,474.5653986878836,695.5942853701297,790.4535340388122,18.958482476188475,624.9008499872208,168.97493541256802,446.6650605055781,995.4667578505035,597.6234212746134,1
633.2952663538343,114.25858068710293,994.1899201005394,601.9834573130513,998.121531506608,471.3712622318379,720.4549428792726,752.3809749651373,902.4926028556409,805.7297217027302,126.8354175051587,548.4666538433984,176.25177370121082,606.996846211797,880.8078426037182,493.6069732268985,106.85028727099922,482.8348846194336,435.52015206741913,845.6035835669865,0
413.85309518005675,188.8561348549148,161.9780986955248,979.0749008681408,373.82205123982857,750.6893167580685,103.66240770214796,958.8019150858962,424.20185714359104,544.4976128752286,817.8071232570619,867.876767277415,725.9385547164334,677.880952422327,131.54974118128405,174.67026756759995,416.5305164267045,165.01301435417403,144.03316414084256,957.0829676209487,1
874.3424002538367,448.5860958437349,437.67875793937105,199.34282513877167,164.6283588673324,846.284042301961,543.7481371439701,799.5896343868642,911.321139927357,304.3838603639054,782.8485841787434,30.102405543961485,39.94526687694111,900.3029565381128,579.8712155842594,187.14596864479705,291.74061313457247,477.78629530477144,789.5323287633531,950.2932245280971,1
599.54361585352,62.46852260047042,672.1959574095566,135.41167377623077,716.0011112666344,182.62072032826282,968.8742133568292,887.2841786347244,427.6250695768263,40.646050276681,134.64521027069577,817.7664209998322,737.972589331666,501.6041960092025,449.7278431550954,853.3878694409755,306.6025191581133,112.8102204420598,378.97058861182074,417.6913203910066,1
335.54332712685266,471.90880813037927,401.10616836825295,799.1411871458693,4.983207328635553,476.9711106658446,308.45541223549776,789.7777503510969,301.8736870479194,557.7763985881207,336.27725931153,224.3355304140283,579.2412293224465,83.72646760439795,104.89622293445,326.65405606260265,610.282626063886,869.3966720322496,931.3798386311745,320.71255958597953,0
36.622882029959555,261.25763574182423,76.07168480357551,643.6079215525698,166.3996483174266,874.3519045666,926.277939185772,81.50263145354076,925.9592710603777,932.6572276662463,728.9686363213104,937.1622367274592,956.8995831946504,745.4099685298171,947.96535206934,486.5741708900132,105.39327606320448,518.1695274291459,840.4564996924718,163.9641372857007,1
364.6871550440549,341.93518137569157,169.81756969602435,693.2433148390431,830.5290342016758,560.8307430796568,29.35412330364995,455.14239713796655,580.2686008855829,314.81713840091743,148.40348990843623,701.2066922944904,208.64863411174372,511.90236970791057,402.0023960033479,8.723922044586496,470.7604845735218,918.9079232436683,255.5572285971911,162.6920571243533,0
455.3424226821441,353.19280359013294,116.99382502750166,937.5260679666034,158.60840561348445,951.5420702164188,953.8436835085703,95.93330380389631,794.6868741918616,39.75542481669281,146.09712862652657,306.84548615188044,754.747040409103,39.86320817591815,681.0723932322999,565.4468663415701,35.31183463585818,221.39323426954604,898.2444646972162,958.810807057639,1
555.269253635097,558.2459160794023,435.1516136159944,865.4341805451456,347.0234750008554,458.5820699404682,610.7567584494595,835.809645422506,166.65657816881895,689.7871143353881,133.53949047054525,668.262980633944,397.89686492959686,293.8081776357362,479.5616627114101,329.9330062089487,977.4524938022116,227.4453913630693,235.386279175254,735.8957476945612,1
145.32113208977358,469.5656338692352,626.689632917,761.440723421286,992.788722349234,181.49141560470815,243.69904773429397,541.7841662179887,575.622692714491,437.73505393310063,589.9752342587982,163.81453519177225,544.1619754795557,107.52877999669298,209.88521559162243,268.68638877994556,752.4176741807124,418.591387040569,372.5941189548224,428.04895777491225,1
66.6384777425253,579.517904520933,705.619323544133,634.2060389446809,393.52758125184783,979.5371860270246,617.9447070949163,392.4490923017349,18.311172096771134,494.67385516415527,684.9726324484825,640.5067631139185,717.1795200723279,477.55820075122847,125.03268155073289,372.3923694148733,287.3941024528388,573.4735798438148,435.52799084502425,778.4886942726032,1
512.6766290020037,362.54859134241747,26.658967151669156,577.5711558094252,941.976113663801,725.8666202961201,821.2316592199958,169.79126596248994,458.11439143166143,832.2285874902119,748.9087493865017,700.5963360820739,780.6700438890156,805.8022257654903,413.129731677544,130.71892396858897,814.4522312991709,683.2269951088806,257.1733594717048,475.3698591207004,0
748.3638677322358,36.740109652889316,460.5277014489266,892.4843205125921,230.31796185315366,969.5924194027091,690.492647497813,17.278222936164546,297.688935275075,513.623422912234,786.4873021081655,112.98674394075958,331.74999795120686,503.3010991881107,798.0450301252539,95.19944000398972,759.6593111067789,658.0909610504162,500.18577006010236,777.148392409062,1
592.9002954419659,664.8033707352432,5.14133025261887,946.7133407340957,681.4948462810299,389.5453580876701,800.5490043539663,101.30806187899277,681.8512777365129,218.4410382665739,642.7186748525002,269.5461747957564,511.86482373252886,781.5456916144655,728.1992903024322,764.0600908648538,360.53424591773376,213.98780197977052,301.54078251831663,655.5226982455566,1
714.2656231566879,631.3202584747747,979.788236015005,659.4723484081799,438.4775774799403,716.8985510492145,635.6840475920012,462.3565798186037,46.617415465058045,41.2473267196013,537.8564049691308,826.6132677138735,51.742346582503544,805.757525022664,174.90831483751924,762.2654140514949,364.4977975142784,900.9988411639349,467.3703038034357,284.92820958562726,0
299.7502328094134,48.60207127285787,493.28393793020507,668.1630314055841,957.6158875717477,681.7090824336346,396.8909967452896,319.36030599602725,575.8211087285015,469.5910657049595,239.9316315026584,225.2039167934794,464.97172861848014,424.4634488694139,971.0057827710067,825.9173460544848,104.00570274819209,502.4819499010311,287.4399001479878,354.9181084890082,1
302.651473895973,849.2624838630384,692.1487105554706,651.2657589324278,302.73153058680225,531.9703948867719,628.2488146866099,209.31067195166065,469.6279102399756,898.8339775381112,530.0220771757987,990.3322902385083,712.4268033902068,431.5654606527713,763.7392195033494,463.68905843034935,654.6207213743926,972.9355851689758,506.24456863760736,604.9278929033985,0
435.9971254734294,344.24167700321703,996.7192879934777,635.0087351567535,107.63678608766224,870.8325631827546,822.6007936003789,327.2454680142114,843.4852629286715,383.93374094297104,975.0812083734276,524.9056275702499,129.92688847273814,656.3939346706924,462.7250169575888,771.100467176996,492.9497298111023,154.27043790624762,75.13188891659617,305.05794804972544,1
590.6137647963861,7.85284034004996,483.8743563817809,121.90679099978297,554.76691359657,801.6987158476696,329.48499998469106,36.29292793972561,519.312762291144,401.29993959924883,211.0118449078806,212.23896934326726,838.8451316847247,129.07714804628134,277.06685218977657,892.7575612675628,469.2759129839129,351.35955429892306,527.735568845372,428.33444240262276,1
500.24141730521,466.91247086455536,144.91126489872443,617.0584735195938,989.4310185567238,949.7167529080455,887.132245692629,939.8100083834889,942.8071091596302,106.15160138191038,562.4523025401586,914.4525840431997,98.93129361433695,697.5494153491699,96.40047781373617,391.7806050681197,354.52661487521044,422.3190029124991,119.70139964918147,920.7528011888224,1
369.83638924835327,881.2190797577048,437.52285673083213,23.497634212331086,311.68198235961717,368.3716818425414,596.1405594058878,164.05685640603608,237.8979454545832,915.0294769808914,150.2174430177743,908.0343649282609,657.5632505897221,869.6591448374771,132.6150623745801,361.5468914659523,962.1544424831833,771.9389256270794,545.4454229540007,31.81616343705851,0
749.1513810185802,98.98271477059262,364.1916240385161,300.01750065093813,973.1412714066698,219.36116604822752,970.036035805222,343.73357480625054,911.7407282545468,452.0397835528566,859.3749162916966,702.7439031494885,95.19849152204362,766.7857810513178,901.1804922307276,813.3421647011824,346.0458256452588,850.6015571236354,746.2691335089571,898.3075147477721,0
648.4147025977227,456.9557452556744,10.339053300519542,772.9175918646426,617.1374584043496,23.29712390557914,173.20144311705786,420.73388857185813,165.03310783533885,507.54116993198176,975.7067473302776,233.5194736398475,100.37006146803407,491.1982946672911,458.4112573020848,939.8290755355172,480.3783278188185,396.8036176146886,761.3781890554682,540.8048283479447,1
925.6663251782662,799.7047070132172,176.43677473863062,600.6458673537816,537.503533203416,942.4126676987992,528.4362337689339,401.48807864762205,185.33793966964186,669.3464219871972,345.99943560708124,551.2207569788319,130.6342210621405,381.1333689392404,470.50609095667795,946.7141778350123,143.20685618098662,392.35916711995964,852.8285620202827,549.8830804712513,1
136.0988567654481,19.749275061864637,505.20505548946414,891.1989289388692,718.745347836983,610.4864731358292,106.81252703588618,103.59762404371675,951.4217299809173,760.9571009633015,187.8077726681209,396.8590530101912,110.40604831760936,0.9940950113505043,228.0086379755505,492.57637074377146,694.6152984780628,965.1892405425994,10.685630279547054,333.9965112537794,0
83.62679108446913,939.9992242299,684.173914780264,442.8135354214279,882.6768475512895,668.0036384388826,407.19492450976804,31.906620231870853,642.0804829907613,583.6244949128818,311.01212501647257,893.5928835913107,781.137936414556,777.1165590548685,562.6263216950617,811.0865612708955,87.21306591386657,63.089646534262634,54.270144509640296,572.2579617463317,1
114.75583151702251,612.1105856741481,873.2819043861655,814.3873046177737,233.16219549260197,199.6852604730901,202.05862806704133,722.3563260089003,61.80550480486635,815.0130611370079,154.88945034248468,409.2673631401841,743.9954153012078,716.5230565309413,391.01381489697206,903.0103336661984,833.7753376103509,403.08794638575176,723.6421188435244,920.087297486402,0
110.41084775843579,935.5886902594827,410.70705292795304,235.05931722865847,86.36629414850283,725.5969869653763,723.3801607942607,691.3344363537828,93.19050740972857,127.80571336700663,698.6063875324433,362.1063917609825,331.7930060611299,766.1709765136843,150.47564797491364,260.9359611346418,26.73061425141354,217.197523388735,396.69098941071366,654.0306057639262,1
719.7749886115587,244.99747165346398,503.55811663489936,158.99639544828693,855.9695808115398,882.5085475573973,469.4794915491021,417.19427459000235,227.72736060232114,553.6207028637946,689.7822624268813,529.4607861691294,607.7242192125335,953.7582897167529,21.37806882346105,143.64208243572907,472.28663480481026,639.5463107735839,840.8889868441099,511.45241044512835,1
260.3539193783557,939.5803761260265,800.9548146716722,581.3861425758944,279.84058557632727,168.88318790248903,321.52143624639416,836.8471496003527,837.3521130564635,897.4197869141921,805.469283646239,64.30891345875611,618.6182488336344,982.0260046960918,487.21382569695146,812.3406622093506,920.3467293122947,558.4200553195508,689.4129123396542,96.61448816775709,0
117.1555153190712,872.1587654944864,228.18542983554025,729.7141527091017,330.6929141326874,123.06446191831898,111.37105217194998,216.77698804940337,217.17555749898142,15.730927544181817,420.11806728793823,5.649996286462788,18.54551004927152,607.3657537060105,602.9923927506085,167.33869136388836,340.6765801500313,800.6412353329879,574.222561143137,416.63645750609203,1
775.4287356314595,109.8459209123307,29.462007934872638,637.4255750689015,227.0024799595267,851.3671151518834,86.15718933380312,164.88489358556225,670.2220592133068,388.5019450733318,23.139812953559826,703.7653552959181,251.90124083051535,545.0271127289005,41.38442066536552,559.5277686027086,601.5372866871572,579.6734555332022,799.9098361709051,367.06286923934164,1
921.1687396119227,685.9118725593501,724.1958527917177,131.2129843356239,450.76396797132134,463.08427366430806,795.7619504330984,780.2472846584837,252.5861376038313,396.1766349655004,387.8658237802052,625.8182248766713,495.2889667663328,371.04595575240484,625.733342712318,896.1220126782857,361.2294187211189,221.22368854781405,824.0209318813728,421.58148208686384,1
661.8349052861569,155.50104745168204,103.3761229042679,577.7076616507167,643.2067545261312,387.214319475095,96.15016623802741,504.4342879938278,445.79342275507827,450.2544050765849,516.373333228246,718.1154308129592,985.3766718089307,506.8888408249744,636.7678714349512,712.082635510659,982.169473880197,938.4255776632671,144.1345433367106,195.51030367318478,0
