feat_0,feat_1,feat_2,feat_3,feat_4,feat_5,feat_6,feat_7,feat_8,feat_9,feat_10,feat_11,feat_12,feat_13,feat_14,feat_15,feat_16,feat_17,feat_18,feat_19,label
550.7979025745755,708.1478226181048,290.9047389129443,510.827605197663,892.9469543476547,896.2930889334381,125.58531046383625,207.24287813818677,51.46720330082988,440.8098436506365,29.876210878566955,456.83322439471107,649.1440476147608,278.4872826479753,676.2549019801313,590.8628174163508,23.981882377165363,558.854087990882,259.2524469074654,415.10119701006965,1
283.52508177131875,693.1379183129964,440.4537176707395,156.86773847496326,544.6490180318448,780.314764511367,306.36353237617976,221.9578839321814,387.9712575556488,936.3836498604304,975.9954224729338,672.3836759128137,902.834108538398,845.7508712931793,377.9940413288891,92.21700887172423,653.4109025235362,557.8407623884509,361.5647630625781,225.0545048398319,1
406.5199163762486,468.94024869916905,269.23557825106127,291.7927742254326,457.68639932297793,860.5339129469265,586.2529044678214,283.4878624322098,277.9775066236013,454.6220755219468,205.41034460498753,201.37871104307314,514.035059817442,87.22936878080468,483.5855323515865,362.1762123878334,707.6866218156711,746.7462231020046,691.0929218557643,689.1804137549141,1
373.6001241489283,668.1348047352675,339.8486639568179,572.793869868875,325.8071580648745,445.14504926353203,61.52893082993926,242.67542218433812,971.6026061735677,230.58420435507398,691.4775109473302,650.4768582137395,723.9391394374821,475.0886106344313,596.6637746018628,66.96942393282634,72.56213782223342,198.97602629707833,151.86099700854106,100.10434458144468,1
129.29386460885416,553.2777318076535,187.81482492387823,952.1012430312082,681.6117788074266,541.0196733597712,707.1806008078977,263.8866709525134,926.7256842537278,839.1930577999707,726.3194984280373,480.23995608541003,842.1031858766468,744.7523234243592,660.3259063996126,913.9752670059378,633.6655637875748,365.9405848526094,552.8445731504455,196.38057670013686,1
192.07229639360312,725.6696239328209,784.936703431131,972.0983636837658,850.9714170415017,543.5943265958227,89.79086952306481,488.8732446161128,927.9363475621257,787.6181995034764,485.09422605408815,455.27936148088634,217.98576840935357,177.21338080182358,73.6236692193576,892.3931875870925,640.1766168990589,143.33231747132135,414.1269197162073,49.10892439787362,1
209.37334952236364,730.7081241290383,651.1227704415994,478.9782973769777,274.78050549563926,652.2231250661847,956.4495113173805,435.5205561751928,70.13250508767021,57.73148782296755,82.87101879755743,959.7071872532212,540.7608361864939,837.4624326697224,170.0335442371347,260.34507272891517,691.9775118728427,895.5703281419835,340.68848446015954,64.67319799028326,1
864.1196694106437,290.872445829476,741.0824063995626,158.033654701494,694.9634351408758,841.4196190311482,727.1520787467093,359.1075248634914,726.6897514901979,139.4671241824603,313.819115233222,419.58275668294453,877.2120389443171,153.740208571143,880.1247902493155,798.9643192208039,971.6242970779807,367.7029833034604,204.9397689077791,240.57032033459902,0
827.8628014214208,965.2281485939154,698.8099983804235,482.4970417738299,287.04976468113284,833.6878843431597,872.1795083994259,92.13159180059161,215.9494710197767,831.7610904578665,848.3038970794961,314.65299876399735,279.29459684685634,430.81502201846,539.4465002646668,95.56681500661357,836.9121387136151,534.734870351321,774.9678150409236,230.83626557632687,1
965.2933511063657,751.0273073183793,343.09386439196146,948.5276469599547,700.5117789662728,840.561085486237,45.497305855868866,55.64154105168817,742.7372735496289,304.68643294839205,516.7843658432453,156.26242367127352,977.9524096569847,502.75104767441945,829.0010784747253,74.0377962799964,478.91545221783815,62.279480405775914,884.2414310877373,445.8101787129588,1
68.54991826183677,76.49628231595706,538.79265800317,75.56640450523078,183.77231801244275,436.35708416651397,497.78283101845744,583.3119152417574,620.5126814049073,372.8114996426685,618.7365829805799,157.24465838513623,275.5084754336936,798.7182705963105,153.08930072651617,223.32297288573676,242.97817969395507,479.50730482306693,0.745522041897928,30.311360522466522,1
461.54815164780547,162.52068486651928,679.5018037732851,795.2045871766385,578.1633587377102,694.7649771732057,390.95801573387865,46.296202992948345,439.42153262964933,371.9803122094397,597.0032422003301,134.2181696990331,227.71289672183593,814.7824165272798,264.3255266402131,410.32020490716326,935.9721764957816,275.5524630208546,145.2899588535639,702.0201293314523,1
567.0665504412747,611.593835546597,42.03085099357362,417.2668947572268,4.266434167159439,246.5354688608895,706.0561835840064,61.54071592069976,294.69349860327986,988.1127528121781,971.2222302269755,481.846388679705,735.6933865282459,632.655774186139,465.69307144373676,857.0664326413197,172.518252166179,828.4319222441105,42.069523458318045,866.9536918127984,1
675.9965874682478,445.91410991086855,671.5702476342769,460.3685038892419,780.0032223785852,113.4440838641173,508.1574288486054,871.489539943873,927.5292758120225,220.33633154831267,251.9303025546189,904.0124716089887,345.51733871512846,56.8725740487156,714.8866721120328,414.41885915335786,735.3241874951441,477.09163344336935,500.5655544364319,417.5619104085895,0
290.4848960351515,900.710867387351,668.7875779851072,788.8323433429672,895.7395310931173,250.18894238936008,919.8206139724224,862.6050872585581,506.0852621249864,567.9021741440307,114.93223803677854,762.1158405577686,173.22500718432366,533.8360410059096,126.43730522871921,72.91709358215725,609.0274437605646,491.20312961568004,674.8099347392726,790.8541830542844,1
982.6874926455662,84.08068107668132,631.2121124335804,576.9748953814478,650.642176791703,543.1794548143797,557.3673875302017,868.5546336404885,452.01161637157526,534.9755786303614,690.9637037652651,89.49499139510885,431.9253188873098,102.1342207044883,137.8098929110333,2.1255584659090054,209.7064361616212,216.63726243823422,516.2444812344429,570.2082384902432,1
823.9611805032472,486.7111888231571,891.4545989217917,395.0607897751658,744.6114470844425,552.7572624173823,623.8250857723261,270.39199688331263,937.595007939789,769.6547153578979,145.59502906990662,537.4343699445735,995.7863055555855,49.056332505131635,302.8198379176135,740.8133713521663,39.36144765261484,746.6710909922583,573.421279983761,731.7056755620665,1
550.8325958766333,939.4034783011588,346.4017029002705,574.469459936228,50.779979002276264,553.4328341543569,419.3929436479371,983.1617877902015,945.6073188370447,138.27941485810035,41.6156415309622,120.67506706890718,192.74696771982025,726.1679943105523,543.9779535387236,534.9253345352814,464.5369794625369,6.694218381516293,392.47191354446664,998.9384412596936,0
820.2912054119473,572.8607109397054,196.462960695279,920.4694245093539,424.1472474044634,619.3272730794828,203.10765674117525,328.06574380211174,344.95346293459573,394.7518704019608,22.23188655718822,660.3470521951984,169.9900179978242,603.3002632532815,619.5803465348068,697.9047464323436,291.93118604633605,292.03198656434614,755.5294769028361,388.2241952684343,1
152.46326095807538,905.2649012802143,13.082809952181584,886.4844076557823,292.256775952086,381.8250401120593,978.4051523960558,436.6757414401622,715.8819787418663,412.3827669322211,913.5358121693091,719.4904992103376,480.6917884353878,84.2216489841201,363.63386782871,490.60670234726,283.8641834513838,534.6405094196483,209.6510681816579,494.32957554179126,1
528.0051951571091,673.3596406041161,745.3658450819947,729.9737420255724,424.11590028854874,455.9523311068949,873.5071014697921,362.7879225706402,738.0328309576354,994.0672316900103,924.8083835369621,549.236867792428,305.111386874636,622.3126358508501,684.3016682312149,526.9622549162939,341.4766308233446,455.4265713393948,81.79074301518041,291.2822049989271,1
144.89675498522757,666.4807308214844,959.2341415383293,157.2346830656135,28.294071851627134,741.3571692162776,354.1644897676999,505.9662766343213,61.04807517854138,177.7649467381147,695.5062919408151,605.2106196172057,853.4112224188996,962.9232135382689,359.6150991052395,620.2485066608294,447.67741221325673,505.5969626996006,391.5017585897106,977.3942269486254,1
623.6378174584212,141.88542749266108,697.728441436669,965.7562573345933,894.8493866530267,558.0040833678162,14.714783748600802,805.546331768137,931.8613400011402,733.9289820416445,428.95312729170945,380.8411083861844,744.6047636550478,107.85109714986308,784.6958472759001,498.805218379999,70.11901312686464,823.0452141286818,391.7074773200835,106.76493568016076,0
173.7984442081253,859.4326157894794,172.74179949635317,784.2504655176946,804.1161003167072,86.51814563750038,435.3865779756861,787.1589734099937,490.06088120670466,866.0158187291081,379.721250025667,628.3144188210898,213.52026498844378,842.2563841138714,839.3572864000813,565.8343345575931,323.0884466178492,347.5681909136589,594.6827420377712,128.40907663536473,0
510.47283958451214,295.4262709791324,341.57835427535366,321.8390502220151,834.5371836146807,175.50061237760127,236.44756821468215,164.47492185111412,15.100773237324061,425.60472985363174,843.9474921066007,902.749257403701,487.36566189537547,421.37635866178147,868.1672310007868,528.4947771911707,548.6671749070397,649.3119180601509,79.61273069445429,838.5055768149933,0
105.74304191044448,532.3215465380933,926.0095424168178,548.706812972677,342.2078436350696,726.6308676645732,901.0145503204418,616.2353660118573,55.886142725166344,878.8085984207585,17.97745136375162,678.2392370591524,900.0460230982051,157.44556383167185,528.1651298000704,705.054589747599,175.51162974720702,245.19758455152495,66.56998895125332,159.00250850643837,1
118.16206944784169,290.6424324174067,750.57341887898,693.6844710980025,762.6024216717867,659.6639434531902,794.2341975082616,148.95631188009594,554.3135937805566,21.4597529265953,491.66389723659046,843.4168471096867,472.2871232768271,295.58597670104814,274.65500116742834,393.5414448746881,913.8230001332654,974.2960640174322,748.3830444491696,987.510073235055,1
762.2383994292545,284.2401814071407,435.08204165350816,723.149160071084,709.3400184719209,678.1250498734609,487.88810285686367,143.13212859515988,959.6385726208481,220.1232418631428,979.3843448471239,127.42374843074,980.3356341176599,376.1161338092124,810.9366108973784,7.292122632358011,445.00079243505076,248.9417727098102,694.5252021448694,663.02674899863,1
461.91825006688924,706.6358627498352,978.2616140438531,93.24757907794279,562.6760572512047,675.9610499650064,633.2185801981401,262.2523070102698,874.9537946472838,245.5311584240746,844.961545790439,470.72861560191404,143.0925203445469,824.129604825966,78.18230109653635,794.9896289467537,600.0122176580134,876.6595010502235,803.2045170685092,401.97075132070535,1
135.19215314651746,266.19149679614475,1.3225342556659747,653.4032480159257,85.51240128049386,179.2885769734378,244.97652758256194,406.1024823971141,686.7999479590608,444.4675644663958,503.770565860274,93.2077972765708,338.17740110331187,206.66854475930484,739.1375485835231,17.652614673099755,616.7959417168382,697.8869256696412,504.64301712164996,44.47750065478184,1
251.09253716588876,237.8256220072197,267.7671825100904,263.1899264495167,972.7154866535539,791.1612519170003,890.9107316191795,713.5028950125846,346.6617383607923,941.8534223614301,484.4551495468219,185.43493984489467,729.499219619396,259.30509490615884,822.7854123431952,740.4789155316821,290.20031592464693,459.64285535671047,715.0973217076235,668.0154645137593,0
526.5784641906806,214.1429223799276,324.39299780841145,694.7930844864725,456.9830826858219,717.8601513603841,684.1160200025317,355.65167034350776,99.09815715454474,680.7863684161899,355.58334700499137,564.964805706607,124.99517653833148,146.02124060027998,423.8390355256305,669.378835226351,117.46467977354058,774.4471841378765,851.3640788626324,672.6228796318717,1
749.6090292309124,238.48027903812695,100.26700964557189,329.129658481034,125.5417840714944,416.4898956721711,761.124350609674,281.0970701804803,855.8444797940433,452.98467722599247,161.90521892507215,642.280016832889,438.52408948479683,330.2295189515921,516.3852630764508,991.0724318994123,751.8830936100926,293.55794468605876,927.4398118743479,184.16573816823978,1
408.14206835105006,372.5944582308144,985.6966947199297,4.5183681826656,649.2655926023525,508.6612717802835,155.9344255772447,641.6781383732676,807.8581768389413,766.9816523558245,77.62541490077356,795.0994324051094,345.90729789545736,852.5967635785668,562.0952938330595,79.93240492774379,744.7506190695955,563.594382538488,451.4273849197905,638.4584277378593,0
443.70806455630327,36.925302463315376,912.7044824104827,287.8053677966126,279.3440595959938,49.72416293365312,717.3953010068542,909.4541329855979,462.9542556433911,814.1242259917893,328.8152092075335,384.73523273820445,291.72379436151743,294.9385227363858,561.2891391385356,325.94156516534565,65.79610653119717,690.2682099072987,308.63769024349676,392.28520288628476,0
186.29319117139354,49.36473341865732,654.2830267724863,423.21206356779516,932.3904036222126,18.924341228455987,824.8959289720015,18.53918376827879,172.96720660653375,13.83608238548173,509.3840685734885,353.70464243214997,318.3485917500186,974.3914019097109,578.0475684256953,926.3432508150477,888.9595914459145,339.56712288604075,653.5457469448827,195.05375225967103,1
365.4982020035673,684.7859630292618,568.8210742839749,84.95174323507581,78.1392888659066,771.0019471158831,701.0615339279084,648.5757960800029,220.82038945003347,783.8183428490039,576.9409692953501,147.11294444655388,166.17303264348516,620.8021958319266,978.2732765676916,586.07154318572,295.16715510035175,716.1028575543062,203.21387427786863,641.3689951541642,0
413.90417532824085,30.80228332718771,516.399139554647,507.5106323224587,911.9236770924034,710.8686857260233,303.8316976171678,645.1524436037225,250.00184408706505,654.1501924773943,601.4414068135268,614.4858699186732,161.1260249100981,710.6843425983172,537.7235130151826,742.3049283129754,44.67053735771287,733.0136921003618,950.2617045815747,585.6509622860027,1
140.14890473039176,923.7733178414769,555.6995922971616,277.41625573046036,622.1404438843833,858.8930373290846,108.298784163536,559.6629192924847,632.7367137503288,926.1176325176868,38.18788265220174,507.4320488862664,732.6242136762004,659.6926132875759,861.4208046045125,656.436295166813,631.6294376339587,609.9030167317418,164.68765549315233,854.6804617792358,0
515.8574717232976,21.35109729729734,820.4654915853852,688.5414541985635,657.4060450582822,51.762518177733476,705.4469536222445,338.01411479707156,814.4758627220974,156.05536339212856,335.4337183347056,103.10571353111453,18.356108465860444,323.56628949627054,699.3795023129795,419.7793286808199,297.94312374060706,936.2525834671926,726.7005246702261,971.6256349189393,1
302.94594717663983,194.02450238592616,968.3566278604508,79.45029729344898,785.4924589820855,947.2829243018832,718.068513411407,574.4431269021201,368.95347498240073,295.52509403828043,67.09605134693486,378.87419369877216,502.9234253135813,248.80591703103872,969.6163713434106,998.5466075118102,289.48109343514903,600.2520561830418,882.7860338050019,583.7096755694675,0
351.86510822229997,845.8700138350799,528.7274454605256,619.272119797398,756.9408525569768,288.27972158604234,686.1926010698841,266.5311007569255,652.4586796328105,256.6087578359346,796.2406478464628,347.3226718549176,960.4254082569398,173.3811033815702,714.327146192145,854.9742069496755,871.2571625485086,520.0251936657484,549.361114281272,294.21090352753066,1
856.6285196172566,762.2821674545412,513.364420485435,502.9823616329119,919.4595768301082,560.8895424808314,93.84688164634814,108.17430310686215,766.6165146222465,525.8312344531158,556.3612685298262,432.9216950118223,22.698382550542906,803.237163230779,381.54170681857613,464.1936776391422,440.7099093455875,133.70408422912905,963.2168860063304,959.413652963433,1
9.774863163643733,54.56680738693209,386.17672112586166,981.7819768753037,481.7976524150391,922.6627027907205,341.6970707347836,495.33273014685255,828.8087316655988,658.6184616708387,306.5531045818892,456.6466711798045,624.1113497876897,400.88473789291925,198.24841008873005,224.7540835702243,740.5931442945633,210.44365726730484,185.48536266629478,287.2513097754188,1
989.0484311774413,991.4378990088919,479.820209886235,218.01139085878063,443.4052974311257,882.9326829637345,579.656677967204,900.5936059457748,880.3333523516332,814.1665088176144,883.9354641184829,512.8856129600346,168.81154712241874,779.4815139071019,992.3646469239713,662.2918737815047,247.14440412568416,928.1242011795599,923.7163858069408,924.0885534750105,0
662.982590803226,938.314875394292,232.7680603553024,574.9927763120367,993.4016157544085,994.8754250402405,800.9945889501091,586.9776472935752,627.6742896099679,392.3221008653901,222.71706037253514,896.5044076587136,585.0805111526224,358.83854841071707,327.30270354412073,172.4538213568939,185.0473790337127,667.6456269005246,286.3451904683745,316.863280286285,1
845.088864075,93.57891048732215,949.1360319818208,415.01652362324614,827.4491364623447,823.9152626753682,682.5184778660093,52.79052791614858,654.7070552230349,446.5607991973308,310.4410016947892,518.881105196075,664.570191195091,390.1043654905394,408.84317651870117,215.4075326464905,166.47742269902145,622.7570505496495,974.7246803642082,98.09952960049884,1
656.9418833565223,599.6942391548636,747.6465566487642,319.140527540605,261.62346452769236,287.1169165931394,837.8155785725418,848.8243665381844,812.7657746804921,278.605573753082,377.8407038884025,290.25202803318837,686.3693192599144,235.1115398141669,743.0355761874591,792.9449499187652,533.35499370803,174.50965220742032,262.5253642237506,567.2123977548607,0
735.1465375884684,200.83673345432373,648.2104017582851,908.5997190945436,732.2266047372283,888.4169246131868,958.7757328566518,274.48243750476473,208.04014490779733,900.6178397836161,389.5193680834544,107.91267816669681,623.4846977156418,478.53379365092377,192.03546596990594,916.1797257302735,479.8140651407462,991.1769357261571,281.30308669568706,59.630813659904746,1
907.6426636515924,296.2427229765051,923.8036464001848,484.614552316913,693.3427525386705,116.2364772176403,264.6061209254126,678.8829057632291,952.2767462374677,820.0023378804208,904.525654264573,774.6912591832547,972.0223188240742,238.06901125395697,122.37660613050738,240.5202655228118,580.0818819751636,370.6981694281537,35.16539073487157,124.69375978064024,1
281.18562483177965,335.4224570272332,317.5543223037651,565.5106299946958,655.434020349002,844.8146224149485,379.8983452621232,937.9950354704023,381.06703007046804,423.3452555815385,414.26164238977026,764.6616511114167,737.7909133784038,422.3454842584086,342.6399195217418,82.46059976784237,253.8037741608531,75.5257550665921,332.5955384319175,189.39138070147055,1
645.8065117689889,746.2677238196292,488.5125354797482,482.5381317767931,344.5593591477637,959.1301017946499,993.3667591180027,642.3081719724456,846.2098191060601,375.64990631434324,587.8350049656104,369.3552303465185,949.0353589159906,607.7467613004632,894.1120143891318,618.0136150854979,84.76952736966447,308.3100991236667,593.1125377933568,915.6078392945724,0
656.7488650297246,354.3225903407163,657.8651141024085,632.6019519544657,972.0578579225801,607.3268957385795,8.073925192116139,987.0981632429291,145.72401548548365,361.0534230824152,964.6537475301631,672.3533806335898,682.4008126585771,433.92984427712145,400.69804125993915,303.1955073399724,761.2485219296657,364.16201649076584,124.05566169798566,203.13211956895526,0
143.90637035882548,897.6623397169018,267.9259228567168,231.19577206705566,655.0774804664746,300.7781890211454,803.8311941461153,686.8622164641778,589.4684739604986,476.408325955449,376.4662411477231,440.9755745740921,707.0023905051274,59.0160841884686,231.50490062049633,699.5946812667063,708.8495837042296,572.2544103422659,261.4950970044635,225.48303269253756,1
533.4395009824251,263.6649528374677,739.4483095164586,767.6951277449949,719.3674148920138,629.1319095530455,893.3647713701632,552.6163463246734,282.05134258429786,237.76459454862254,100.08939427187968,617.7535273781937,765.1992039926232,610.2615053919932,132.40692987343218,701.1537676196713,739.1569151320639,368.89734337048463,547.3256445412353,77.09999519977606,1
598.5810548045768,18.644927213368746,348.14346234010105,809.0070312245047,628.7774008806354,374.8899890470928,913.8014072107937,627.1597988932627,929.6751316073189,489.292652172844,654.2495868623349,642.7808599044712,51.80089058333037,139.71319692661376,124.23019561183268,208.20642741297723,987.4224383018806,671.7724436294133,721.0335900317267,921.2892548590986,1
181.73119413215588,753.2923069723192,523.3938688668853,379.15267032439095,745.9924368364838,798.8739811887446,595.6957735191032,686.3368909250379,851.4132430157273,361.51623500188504,835.8234866850185,477.27760223927373,914.6388877632003,717.5891482721318,614.8018467681025,979.6457172651022,511.00241999965846,214.82630632899634,527.6506939667403,373.77027324132325,0
969.3325728810572,178.1254917938583,622.952457387782,559.4601302415331,123.55942319480717,696.5362585355715,579.7780687880169,434.8930621653385,952.8439748624248,109.01036569108125,630.8399420166169,291.6155869716435,497.0495278717194,367.8448778567914,686.24590947729,891.2471630744247,78.89864658635204,478.7891994948848,734.7785937567081,288.95520690037,1
336.1688470885874,944.5285304729916,110.48049878336263,586.9352333128824,700.9873324334492,662.9434500415483,65.90037716209474,958.6576190408439,23.067866683256668,32.076292617430056,555.5650587897463,75.25900516324391,321.03791968725926,792.2844791937493,559.8554504914816,580.6157654466055,917.2491340681672,104.71419827203066,988.4488331945643,641.5949145725368,0
687.7527070410353,15.955299418886849,871.1621619966855,394.24688572563946,398.01732516853616,636.2563653229863,397.3982130824807,940.1345913863455,916.6804983830422,372.975252028686,226.05388619531828,406.63102133573005,992.7944775870329,304.8960825039432,495.81605341667876,198.49759153534453,482.81925166594084,952.5354876049548,401.68302201259763,12.842091531580447,0
617.0216232887307,784.4312335951529,346.1612943332307,102.64512826115346,361.22707284765943,788.0882362125698,469.5309499145836,20.144458053337864,698.6054211991376,265.6199472025958,549.2183989017126,425.7513645439997,196.34664749625608,394.8438414715617,267.4288551442614,538.3622226783947,149.75457615447917,997.649623906828,828.9642514601574,728.4947896325973,1
250.91069764466977,953.2041691349875,973.4339973306878,117.58296032240779,252.00830520172823,132.75223360026388,294.0404615268245,791.3225159635248,984.0466966640693,531.3338878352358,421.60015087269267,743.1060240667938,862.6644823119836,511.1109365240534,489.97704568910007,404.7211128315579,440.19970321155535,437.939528843489,115.74457719616349,934.5271349903625,0
520.3738391421479,688.7118079038593,454.34409974135616,780.5596852968773,223.13557561054876,846.6380663105523,958.6179562978433,130.44873069533546,437.3540887517483,40.930795144510036,775.6884738202742,523.0746973876313,32.26744264157011,906.226965282374,924.0827042429592,280.24556864060423,740.2960625569505,73.83527429934722,654.5240936751352,314.36296591756206,0
24.546346279005316,304.5213508216005,537.1204260353405,34.46845285747535,879.0437485284424,417.5619943559826,511.6304235510787,966.9500922453514,929.2542643770399,718.727822751469,726.2154741073026,837.5852778836413,634.6080268985287,606.893576282947,869.1862887818869,126.8378324529753,981.1857613816435,251.87347173026998,233.5451592277189,623.781062572962,0
556.9202144143251,546.2752004422064,871.3343117669591,5.751617797036368,152.01888921271123,193.96072646384744,552.6940985464473,360.77302730880643,647.1419135846442,418.9393148553171,25.58479042280193,790.1802408370137,503.1451971089159,392.3772445687681,280.47517355838824,868.0594296922969,625.6544005856522,98.95767134741662,396.61521061806826,990.0160680153883,1
253.03411343274863,120.41913163538875,68.59214391758795,69.02686650987843,38.685389908879266,467.403533020446,905.904157134773,947.5434977498409,906.0644258822016,382.3331770299981,686.7003352298253,60.0282848027267,771.0915562832204,275.65722685779,656.8200182826432,288.97932234245746,488.15011922257855,460.6330980447144,610.5269848362063,326.66647244156775,0
187.1781035003196,564.0172414128989,770.5606819483361,383.67277225089794,959.5140329203817,443.7516903710328,388.7173153878273,388.59488106964756,962.1201529014035,295.2071662118597,621.4552229249366,529.471970395564,982.2737058998747,45.099261653212544,980.3633960195932,350.5496323583096,804.4833046107445,201.62045141189333,713.3129799156471,332.0794833627455,0
189.65559606487625,177.2148752657904,173.5358286948463,910.7039280238027,457.35457613630035,315.1035074482279,813.1076636643593,536.6506961232951,671.9488286651581,282.089041282791,194.04838733631448,142.56346780648767,339.13797613987686,409.0497548222247,641.5042787945289,388.44813096187926,383.10519816219903,198.751540122014,394.49585748335915,551.854206054699,1
136.82109456966495,755.8940019757871,916.2787617758518,568.9505392332061,309.2298144537802,971.1988088630842,123.55026442775363,190.95209919450696,768.9111201458071,809.4698280443158,373.5975910278653,94.8426651721307,638.71681337922,343.46617424708205,852.4271666382655,64.44945067728669,534.9942660169003,167.99579859525815,946.7972913410748,973.087040584615,1
586.1713727948309,693.5389309981217,879.8904531341229,902.8921621036707,117.70075813049385,332.2119742422021,791.7852382760602,274.42622491800296,424.6897823178853,983.0300173006349,474.3926883169035,575.4038271966573,224.78262930707194,147.2230477429629,905.3426062908941,768.9344527591434,132.71045142530014,931.4082839610738,895.9359650978461,328.5220347622522,0
880.1132759129595,134.0818020314545,248.39866111467944,880.0815357637551,526.6983866097784,411.7323634226405,300.7269104227249,217.32799874192565,177.3744087160758,451.34925379506865,500.2426266174407,85.65337115721927,734.1111481733218,90.30196275636327,140.67085636161403,889.9937881072126,374.8708743457453,129.80056159148933,392.4035486343693,170.00029513545846,1
119.57846724162158,982.8021236815898,85.0554417404703,744.0417135338446,450.3456404795425,229.92179919369372,879.9711531665403,521.1930578735451,46.990078721108716,382.57617372794385,613.4701918691674,425.1154384711142,298.5257379267465,328.13508742145217,302.7886610345143,475.6557541353114,997.4543041737536,920.416015761636,539.2012004384917,888.3961705445627,1
161.8645803695411,629.9800682843663,814.4895016907246,262.57288917322376,560.0934683170822,518.0073931473436,107.27602786859025,972.3155606875519,370.0510403578021,567.8431742099227,23.13526207755212,519.8405351160327,443.2419918186683,877.4237126929984,67.62149071781498,882.399329762052,192.59950061341524,843.2659389221968,764.1758348693503,603.3209968697456,1
358.05149182817917,454.51152617683744,670.5662711597016,376.3647084889854,64.72975472991405,705.9283750418825,710.5124787858172,284.5596612212293,215.95871940436996,899.0339294787399,350.1035426914475,72.84193216796142,866.6567878641832,236.6789590204962,392.92503448235425,564.9867119676186,472.009622655329,219.09738043517834,237.36226024846374,504.4641745432168,1
128.9184328153623,900.3659121559695,262.78520999953923,148.92227354777143,182.95421646274423,195.6037452995918,912.9667616838962,430.20509232531225,755.2502940729514,825.1374923978447,90.73622990794294,617.5494169851492,821.3561557590912,229.5393224131388,933.288183287039,535.1894822686332,517.5864901198389,994.1066806774883,181.21074924247148,930.1114097866782,0
251.95297702905506,560.3917503991347,76.605421304485,359.6462679606547,246.8868260283056,776.3920084242379,989.3487742124477,151.33135657430353,61.08708016701203,661.3593725688047,978.4893211100283,963.2641333949532,862.6829017857468,729.5827730380082,579.2919460504993,15.623522269379242,933.5008799703195,569.6290447972427,469.2117052926044,19.834501226840608,1
174.223492222799,343.8462936226579,962.7212371281,638.6481260192106,701.9490387384492,381.6755195185385,739.155984097985,208.25461018095393,281.750446177025,536.9073390009685,172.30141576159397,879.946285261388,248.05472566707977,484.5283501053068,933.4017377971604,367.24120910620695,574.7575065746165,687.0282206524379,435.17618553730597,257.7348649048823,0
521.5976722811098,799.4714625555969,410.46440434341025,688.0635023289798,252.6511044992805,389.86880465324725,941.7526089514017,67.36427250218125,914.313244392242,52.359875259138875,811.5952988794959,377.24233363563854,701.1857675946007,230.94467151384112,177.27550505216482,89.66349565725706,7.810572129065441,373.74055606982347,41.73112961944536,282.3749806615332,1
875.2447721738432,700.5219766208028,418.92793374199744,21.47139157923228,48.852667158173155,992.6688244473835,439.58136833592266,593.4883526686083,739.6320454728922,612.9785797968674,751.9082762246279,560.7491338160643,494.0642139922377,453.42222803647024,888.1503672357304,984.8200752920078,382.1752553482778,206.52490056429195,926.3259309588063,287.34345942325024,0
718.6376821588611,236.02865205703617,595.3764273157465,316.9990687506519,42.582878282889645,21.50671810820748,301.5833427439838,463.27812773422863,440.2307888188708,440.88755437417416,503.1352083640557,130.86935139548495,650.5061550870483,769.6718300924375,441.0159133151558,464.70675961941885,124.51565105824159,32.647715843847294,245.95579107235577,431.23393824802537,1
110.47404323295895,356.9263589647108,471.3961352484227,537.8265286765387,733.4685695815177,525.1964462706472,176.00505651592724,308.22382272461334,436.7753859680177,543.2978312005624,421.52972452833814,393.66893691637574,911.4504507307572,668.088886455283,927.0434857745549,172.44161863919604,670.265847425495,477.81160069504546,320.17473365248804,51.46898079002382,0
888.572903413087,6.589360365806818,826.158336923752,369.75315443639676,853.2799475237539,33.727929064514605,45.10152471555351,399.2860335422359,613.9015936993871,651.6451491350381,287.8111770333329,638.3570548714474,404.3670961891621,171.42387312847595,126.69600343638787,245.9224361253717,892.5288420404123,279.03397338121374,553.5102408708617,138.065933205051,1
984.5403808309886,895.2304987689743,168.22640086279307,217.59716995538736,880.5604654633248,294.39263435200013,100.48818021460303,598.07357546757,148.38254839578502,73.13092811861478,634.0728046622401,971.655050156095,188.85102520704856,854.9463148471531,629.9809668992357,863.6818871639341,331.5324628968974,348.9530769914255,570.8530377368776,223.15420925148288,0
304.1785716027654,124.67755580173956,844.1874799916916,473.3684776053403,143.4766057751986,910.6322027249582,217.5756009988512,44.27077684993519,491.0288255869334,651.8811773773067,545.2819530844795,666.752445197309,420.1389503062336,831.8209270826741,613.6956664762213,202.50076494915913,889.6827616624976,79.01713396315913,362.9322436998512,612.4444919353357,1
971.7402954079206,354.3230129766468,202.1112592058708,661.647931456372,817.6776724464238,306.4936598783977,512.0065570599153,719.5722057915234,565.8842446415854,885.0259961947538,190.66965463188558,839.6310024318061,79.29511023811719,331.0206556115938,866.2981523252801,531.9052017790372,928.0764738944664,622.4852191064489,793.9800643575041,234.4296519942064,0
490.08131145063305,478.064204218542,294.6521996046957,461.60949078942957,654.3011150834918,930.5671844483129,537.9284849485283,99.29810512400172,383.4744638281128,306.2329234698399,258.10277572140603,441.0997626004686,316.04496842880127,786.5661065662118,442.6648096260728,878.8579251104377,302.32307362116984,981.3198707119999,125.24643470788277,624.2178192214984,1
124.25619988145931,224.72642800228914,803.3297622948926,550.760340436386,369.9698231660601,61.10760355823564,871.9222997428494,654.4069693484834,39.974358335215456,363.22545793144536,503.7094321970722,41.567738258693424,86.70562358976008,644.1578821740593,891.2521088987313,340.30259444580804,40.419755402158586,478.50101938801816,775.4968493616581,773.7607283955116,0
800.0777731254702,775.2954079210568,717.5122853610816,76.96121589759741,675.4846797867918,953.1474004708056,497.5365708641447,269.32029811678893,871.6809169210608,764.0114416526636,553.124847591214,14.02443840023504,419.6466059974031,402.8865326789468,736.716372934566,955.5979708552627,495.8242239688032,445.84701506959937,587.7859360499056,581.4586241819783,1
663.5628694587024,216.87122786741554,423.0735729882885,819.198751983969,567.1066359307431,407.3769067051317,155.69349489710893,185.89600002259664,71.92616636643746,906.6627940459907,560.2643398999995,718.6035655906248,693.5135360946142,602.0407444060357,110.88311398148886,442.6871763155534,309.6388848629189,3.6072539522784552,507.9382555841896,926.0835777092798,1
961.6735077199431,121.92729589456575,784.186163502846,24.37763948472782,143.1592930252139,144.32052477559964,283.22126382515825,25.5662172568919,208.2289160664077,74.43816512272127,700.7822926465059,861.5153738451652,532.6354208968728,65.17488284406015,232.21179319718178,97.45468900496678,981.5807858492934,491.22393876935655,170.5081588104981,565.3030397274589,1
252.8611016282778,618.9871622094457,462.7950296116856,616.4993365862398,809.6141771987128,496.2176885586279,161.43591749327302,457.0507036543583,569.0546247682694,207.23429364788194,847.2613056661946,681.5091067447896,123.98008162501328,773.292733493302,753.9200222482175,588.4653553442473,515.8708802584564,496.68756642688106,96.42519703822983,44.49452248354058,0
804.3170297646003,412.64456009348163,569.2075185241856,639.6091798743865,881.0641149811671,672.6508941451386,449.48134552202345,526.8542099815613,234.70697740925195,868.4440933405888,605.5144254420609,65.98759683791388,751.8712101274294,992.8054543962108,925.6054814078457,674.8703827035663,631.2422828872095,991.70595584328,798.7594898506696,358.8968503036014,0
867.5382336831973,940.1091589194575,442.6086408901051,374.32228087030927,536.216232503943,153.43618406172598,827.0345115214899,208.8637889600864,742.3588505019109,355.15042412639417,271.39510813127976,836.7468593393066,979.5927343023046,347.6210646960617,927.1953667725585,188.76862997489008,401.31096106417806,359.6912007332145,616.3329688964445,354.6866929176156,0
251.5870425247494,647.9992988661339,468.89151309642074,698.2091611583237,545.1111002491093,406.49215658699114,501.7665082727556,826.3332752017975,725.4867776734931,336.3197783742073,484.16518756620866,31.224967929460277,883.5294803633503,969.1628823674122,752.0113699981846,887.1572872263182,169.36101928115033,354.35868986115906,139.88135839894576,52.66963800334767,0
379.4220009408965,541.149319097271,802.0635199044825,869.7705954873172,243.07557273417345,870.4160434740405,905.7423573275514,613.3236781454626,784.6639069880334,956.1601101349827,520.6263796711393,120.0260332950247,189.85578302899464,594.5683828792305,683.0457938315818,390.92598489901576,307.5540209767175,770.5418360405647,707.4634725902831,865.0381877293709,1
637.9869200333162,669.6167416589531,486.47731495252754,388.84738409070286,620.6496711428692,601.6262815066486,220.9153771214004,360.7924670434649,89.23172426451754,668.1854374808532,144.34218311326663,496.44283050192394,983.4256574665062,903.6780240299134,737.2962459158927,817.6702559036601,696.3100514997136,968.2745475368221,176.95194747237474,637.0238990808464,0
401.3342333797819,369.6055868413597,961.6320061409716,821.8705612805351,298.3342952585375,556.2060489914944,690.2962703677125,570.8586431986191,373.93648324375215,68.38331947024112,715.7086929796604,731.9935269839394,379.1952539764134,64.72657430483541,60.269069522922436,715.3439860754347,722.7764921285908,886.4631025384692,375.51227273519385,596.263685032628,1
668.0555205268957,742.7310289984827,957.0015848013343,367.09947648468034,614.9993166675622,864.8724906972623,874.2736732786839,195.42560591628612,242.6048820110739,364.2197571687345,263.0530654365896,230.6233502741495,908.3553530018999,601.8772488443699,782.5154427403883,549.3265813199381,51.21830834027874,445.84993306104525,218.14110105737782,273.39149167063215,1
795.5415598315487,438.3360992134804,598.8712916110671,247.26388234994624,6.266074421099499,227.20972814666908,102.91886293290354,932.1898048004733,915.6024140616814,502.9526111866289,855.5398692039046,290.0245433628895,846.5594955015923,255.6552692753763,549.0885786671806,321.5674335359964,290.3895446399072,605.5740065962038,264.20675395062085,692.452417797939,0
986.8221436603754,893.319850509081,129.5803212440879,16.337056563162534,516.3447071202522,882.0486638828673,708.4625329901858,861.2999675019332,654.2319420903477,390.09714923534244,340.9496979718268,711.0889030342801,771.4729114828956,824.122392148156,196.03442453934173,308.6850157734179,24.53067360830985,209.29335553471006,427.3143382709262,799.7292791335099,1
933.3031625713754,801.7182204621155,632.8473378888826,565.759277525507,177.25503359791284,722.8552884415027,308.10970832964733,656.8465470347663,542.3115706631216,488.30918703428773,715.2637772996177,139.50509645065168,482.6701008247438,107.34219975454606,406.61551533619945,510.15129438507756,815.8765190723981,252.80303785282277,653.7126914252622,851.2245007320832,1
205.82917372309927,74.01144412760152,685.3276873287789,155.42647720318413,136.78386250050644,282.5580694601848,625.7043051909317,503.77814421256716,273.3960934646487,43.46058039908529,747.2043470119665,314.6052489468082,212.42420738004031,565.5493960381244,449.4023691690652,85.88044692094866,211.48431813805192,919.3843892645795,793.0685261046399,136.32591799963444,1
269.5509519173942,275.2567941396663,511.20283136749214,875.3692769007358,534.0721836939723,73.59002431795425,938.0492793788683,126.57413108997883,449.8869391248265,683.0511315740566,634.1303873111016,307.9168398844092,563.3795777743885,597.3056663636347,65.13265497886111,873.8550569300019,395.71473120539815,434.6225086753029,468.51209645555724,821.5283657382782,1
387.26809469851963,946.8413555074765,515.8562912925478,736.2812785322345,766.7637766725725,92.99399106922124,559.615269098175,152.02853070121515,331.7504492992251,495.4469960852059,302.8482125942399,993.4049651503858,314.01467771896154,331.5039288677849,562.7744582575014,242.54382510281846,958.712603686151,976.0852767852405,599.1055044116894,835.4571246027499,1
397.5903270700182,414.9985132762222,351.1387406327181,890.5283338907976,791.5906123213279,21.488688464921026,172.76346265650878,475.9490260202608,538.6797120090192,464.5777260451861,360.8798951655018,70.8293241716088,195.37857804182025,934.1063503737189,660.4486223896181,378.53884972370076,294.20033646440845,66.33451108523059,154.7834401549396,861.3933605030476,1
395.4048849922854,579.5842324249357,201.14116000040593,782.304876228485,142.85773258917754,259.8493375839246,18.877321242724122,36.194525381105905,200.9237755340968,591.172298915889,793.4248454734794,185.93080265666316,224.063367364679,172.95980068006756,577.0753752903548,978.9113834654195,525.3245754057058,17.427044757939104,727.4227678652697,244.71688855904927,1
48.37384527739674,764.9340053623756,82.7408957719058,139.79647388831373,956.1092120195576,838.3266321662117,347.4756008499008,395.1496492169119,207.44825011791968,583.2268895273717,403.3124496730359,129.31124427679097,239.5535094039526,827.3713278616235,190.2294354897167,181.23730178944274,109.7748327346485,723.7383348932067,821.7833905950768,545.3817266150908,1
109.07551039806907,243.32101795800176,289.60465965494006,245.60745787004745,344.9960778686872,326.26794099114153,669.1917938262152,91.33079190456994,154.15484536351244,787.6529516120944,196.75051026751868,555.4883513623598,533.7244140901901,528.0403762272681,933.2857599843168,310.7679673875172,47.09044177965194,97.02328478539269,940.8814893354735,517.4036192594126,0
284.5686064733907,404.8679235722179,236.60367428537933,667.2130988177747,130.96288546510215,604.5562961228968,750.5013391286838,269.39303368249347,975.0611056125514,336.99974918549356,987.6432315984026,355.0173530126649,460.7567852498717,770.0655084314956,696.6323358383972,79.01274310518514,308.15537680326224,434.4114630755287,367.73153153327576,494.8336883433938,1
121.99096607820093,736.6871678176738,225.27136831548145,521.3703820592266,705.9136597688384,159.91786457982903,645.3301035821229,744.8303535135608,167.47895358255903,588.1030185211308,556.7433921056893,966.0071258216587,814.8961981772144,400.5722005391703,684.5775113557887,408.0084027968097,224.3115707151011,235.12896369550808,196.04567790779825,462.8013249985432,0
505.4330048136576,35.294053738637366,18.52773056271195,325.6350379284581,415.02762131369633,333.50594406966883,47.772522853231855,18.019088087207756,409.2808265391561,241.10127272043536,347.84601500706515,818.6881372969852,7.736335733007804,699.6697917043124,742.8207819512354,75.87669399534202,544.5676508297798,152.705863235872,189.72454874233335,244.37432762668797,1
553.8378940544446,0.9300367318387792,426.7230975949478,314.948242422339,720.2641129785796,686.5055773379078,783.9878132630656,928.6920661741368,493.63006157359956,16.896391371229,920.153792425336,77.75368322999832,917.7053540736689,790.4684074755946,193.00452353855525,370.181577769494,570.3898172050297,419.2167986911297,774.5001741542094,38.618402766787966,1
549.804945211705,127.02667327653371,420.600288367961,762.9185126483859,828.3864725344685,138.49695298909458,704.422205552273,71.75134025127905,838.2313938420607,379.1041968236084,192.28700814770795,611.2681897147943,33.36918130340361,841.8858262392674,929.6611846145028,977.9097979319868,376.05493816629007,250.1365784366958,933.7945454715635,918.4791353328387,0
921.2593298564852,918.4543187437781,639.7360656115816,3.3780844693472867,739.944400137334,945.4726351561198,201.96245564689207,250.8028552018694,271.92668229906013,772.9193137382096,610.8576272407187,43.107482239844394,534.9060131652226,328.49447808405887,766.5995651976988,608.0973458658596,340.57097443376904,168.23479945877685,74.44242557289571,715.2959328542713,1
624.6825900536594,295.68499014013406,857.6593821017107,84.07430857008424,860.8652291331526,190.4002135373003,697.1825523543474,276.16731229964773,117.86317962935743,312.93217250314444,758.029070857946,683.6574663304659,728.6643821302814,284.34578583021573,816.8562566129062,78.49201902734082,183.5841917790849,930.2264698805396,540.7795441050721,752.7066323743621,0
605.1486649048867,239.43469593004153,299.213771311171,710.3861243847205,471.8282784148514,744.732821762358,866.4537072120296,461.5652919731921,829.1051504519263,556.178256431743,980.836759630008,493.2396742288038,988.8564204399688,559.1995636450295,775.900976162188,832.009563805676,873.8381145771035,383.14316306450445,121.04774619284287,17.856817009062386,0
923.9130330057038,193.4070539997582,845.7476770090708,477.20115802114884,441.5783093106287,949.0557490815773,529.9186822576124,62.649178922578706,802.9795170110508,76.97431049828008,543.0653645471555,801.5621160425424,469.2151644964239,891.4993433676229,103.34615264171954,323.8934631390891,895.9058367185157,827.3996869888889,531.2533725311887,310.99265135163023,1
137.9125717344992,844.104152095547,236.72690581504585,710.7271303602928,407.03812528780327,608.2216362378173,161.7687825785512,572.063647501095,842.0574475731278,419.7548657757476,533.7878651660365,217.38465474989442,922.9547313028942,756.5812300265179,157.6771866631812,972.3725315930297,900.2171338824697,626.11493907679,915.5688705052031,880.9459186399062,1
775.2013894804793,862.0134307297589,51.80017475461129,213.43264439596098,719.3848151904839,795.9104304041308,161.39817838897642,463.5352282137405,331.7045006840671,879.4177694276539,422.8840137951594,723.0543807504328,671.7374889367165,314.9714617986413,991.5433029024111,828.6698570293611,279.5038387578468,389.74375087208534,167.00536210727378,927.0658178731509,0
185.1965489774474,982.1067800779065,337.28368248128237,630.0080309546639,346.3575256212721,708.208315238664,723.8710554564558,919.2987740755793,496.7740845099301,282.7453529736286,686.4204844965159,25.90031272848725,620.912944607133,39.96499489912353,874.8682510653014,869.2904151587663,740.6109245130777,579.7662649594798,12.879397425145989,178.27867526834197,0
895.519940142685,23.90751252424772,298.63376533938236,52.5672570010155,544.243165665256,633.0888030285554,96.31480789813163,78.11039781565043,284.22371621813215,604.6119870937473,395.4065203347183,239.54626289005577,58.44859986288131,789.3257662638192,930.716294338874,317.52089566971995,946.7793167854394,179.5510546893868,477.80166237663815,547.7011628332064,0
980.0948888136594,261.25028371781576,857.7227086429858,252.43132550743385,215.96212975525552,70.8272219811561,238.50697260297127,59.331246846958344,890.6274994234683,0.5120307875845498,852.8617575874292,581.6006616604047,123.63341049519738,374.8329173058893,532.6545419464371,659.8715912879678,404.00224508765325,179.24537029385712,218.57491481455105,484.9400010320085,1
571.9785389250258,926.3994332137852,128.58674380389957,286.13813458951074,482.3629840711,758.71421807494,365.9950734665534,447.9668828131125,988.0554560921913,11.580116677495479,84.55835034683257,216.0033381663382,669.7248197405012,214.88565079851008,368.9043615390933,658.1551918409809,499.2883513040491,331.6360328668437,919.4847525846534,453.8549372399774,1
49.81778574395656,799.1250641106617,915.1830061533028,203.31602211113687,536.3359031310484,68.30852288220323,305.8296185933713,995.7249395271141,425.0014793464096,388.66933809207626,224.8498027772494,167.83928569896145,80.84213835610055,0.26965629056474594,808.1205436072732,627.189302143763,19.70778821314323,92.03742174844976,977.6154728270352,797.6730593383569,0
170.86045106120253,992.1628712391642,611.1622436960328,400.5195282856767,108.93491794620024,63.672715674148115,295.22614715097785,150.9601941220875,423.40092350080795,533.9826552616998,380.85607647514405,295.2636207919317,880.4777548950971,514.8765469194207,971.7165996269036,302.9870208638705,298.78990033477714,724.1707170476826,138.3043272220964,978.9789495804007,0
275.2406163807285,852.4288967584615,439.85144338381485,781.2793423744877,291.77476223142605,701.7372443469424,264.405207572982,625.5859226631795,326.19038465069815,16.675839908021793,944.8420012946068,99.30236257422898,23.451316004238,937.1982123380894,849.6559681792735,80.72378092205834,247.30538955857728,512.0420101843774,88.88853079086655,413.2340023363021,0
968.6562974238822,728.9882618033869,580.4697481251397,124.21092941995926,552.0684117244245,928.290392994412,900.8996036016468,664.0805665497589,674.0669917722055,708.7869331432487,14.047272059095949,47.97447741564553,677.5945516730147,534.5352450593157,831.9051481600263,276.22205000271805,578.1958810985664,461.70294765590893,724.7924077407706,65.92192782329597,0
452.22403927828515,807.1295401928966,0.7019398358798501,338.1390406595571,343.6453850796073,427.945733275251,674.0299868169753,474.7100898965553,738.6452544060987,520.190247807253,295.45539436993937,846.1134249679111,455.47115051645125,209.8588449867186,324.18819201119754,915.5307910627855,947.1566488768367,615.3064105626169,233.58144847596284,428.76994414926264,1
869.5764314234519,242.20365991333782,260.35318892099747,311.508629849235,402.53260572712304,141.76995542149152,237.18961749240674,81.11689746706774,492.98870360655064,178.52274196335338,215.96544453443965,305.39590705843347,426.0315109460153,379.8129553322186,548.2796456368355,58.09561342516767,19.70246717601931,324.1429092784187,445.92875450207026,982.5765114510457,1
23.70643728621824,843.9697092096734,156.81074780730142,545.9256066094948,772.3566568700883,765.8926861123955,216.25831092665925,809.6922137062147,54.58948388963625,373.7334688043996,962.7048037750109,759.3560427305835,416.6270860124861,214.91030956004153,415.477647392531,425.6526473700286,963.3975701987154,205.05339672789546,810.8368363285963,815.5416391349034,1
281.50717140962746,839.9396168544732,971.3639111851578,468.7772570715303,343.51472596482046,467.9160588718645,550.5846116054913,593.0517087468726,512.9039447312673,847.0250357016287,330.0865065843523,993.1095417284841,521.472891238839,81.88138282015845,204.01197903097957,553.3363785052378,817.2866007735589,199.46948000217512,966.3341630994303,107.22628682918167,1
971.4021501172069,190.8721159903759,597.3945637335783,746.1373832027092,202.17742840943208,403.2560423775262,106.65942565185004,858.4957330296659,509.9287475475215,680.1556109693807,513.6143490940619,933.0437529231416,583.5798678861779,447.97737813118687,771.6256704224228,647.9537643445962,481.0726599551226,73.24490196546508,988.1020251044102,89.090842666807,0
422.2464722619562,794.6982257447353,232.25294913092443,328.4077559225573,153.9663754169016,123.14310913350835,637.0273621584137,272.95422666720236,85.95152685222418,928.9388024251995,279.6513774445889,492.0132889694234,620.3652977141861,643.6172093197754,370.92551021344076,580.0127902444697,827.3741615785285,525.1721838028973,301.7190185477384,243.98511461269,1
324.99986874062716,478.82508045822857,878.9903972692036,581.1285006742268,735.0385619321994,604.0444042606515,321.97329990441125,965.992075675058,78.06867873068946,384.6241640051622,314.9841770148446,233.09514612582294,42.96486065337524,424.8278803999734,989.1232688143158,723.4199187465289,148.8632866253563,865.9947717013608,792.3035693697115,903.2664624899905,0
231.61598022993968,826.1365463572738,23.114077791183018,307.3432567278936,443.2721528889545,378.3716134877385,563.7529588279516,662.7816847559899,285.53443132238175,77.50567145230869,36.808302314183194,411.2749017956816,924.2427861090749,619.3601777145516,404.02234689267027,819.6490516945247,967.7084807925318,989.7701727288053,142.49058603470044,185.97863957502136,1
170.65989141413317,947.5534664855212,877.0067734741905,509.6038267466505,621.2112286473199,458.3694336768568,804.2106456077198,651.8984758070046,348.9191150879877,136.5177989556382,541.7135266158606,35.374048663754486,539.639571831027,338.4108548965217,552.642826470384,268.23214919170715,481.9795171219217,883.323608458982,105.50388931932775,91.52201534963721,1
155.9337115049485,145.6634262551092,893.2679410355377,216.17068510760717,710.4142826177844,790.5560363709309,523.5683810305337,775.078917472743,197.76384159668248,162.74367406341017,407.8837799063241,170.58128621630354,690.4755655405943,445.2320790277988,682.7527647299667,557.8510952816898,541.736216398896,296.21652000364986,930.5251962458443,29.373688366287396,0
621.2642428984441,832.2504306692816,763.5010819395304,105.1934725067395,872.567478258485,817.9852032349665,850.9091163089995,619.6047343144867,861.672093868203,800.3450845712496,951.8937426269728,593.178340326446,803.7450413369509,230.47212029925146,882.9809292875539,415.9128314138699,561.2791952216654,31.505174754886568,91.35719543168419,474.01320697251015,0
630.7292292999307,808.8336309519959,813.2484771787881,536.8839944022466,720.0862732007338,58.29504184478673,560.5916529735791,529.0030405121558,731.0296436494706,527.7436561175884,100.8280141108815,678.1338801243675,759.5802252617974,620.0787580116031,892.3974771984571,713.5543957102178,384.30243411056665,448.43430550815054,198.3275605315402,579.844106216387,0
41.056995837607026,508.3264177938982,894.4747935131621,588.8381062450609,479.35160225720807,247.44773462479463,71.93876511348185,231.51565658813234,815.7492771208588,466.9487525964098,78.81460237492944,532.9244875169247,696.817034221587,435.7291320864252,519.0848101468615,90.14673986819433,154.93268218714397,577.4871535687041,352.56086230268204,438.646379983578,1
972.0072237674544,114.70858824406783,16.846127721097503,244.90456390614014,711.9797648534452,201.6319557586137,298.41988161403754,522.1096781219932,367.60810678536603,642.2013976453103,681.4425040378079,391.7180784522316,423.07005254332284,967.1434163640944,485.6852035938019,786.9931048560081,999.8198793041745,123.03067964022385,111.36022426356462,182.9497061882237,1
117.89414095858541,733.9786181747334,248.70358260913906,70.53872123142224,333.77352029857065,791.8374004183496,347.03122163427304,485.91996099417,256.54694222919915,999.1335201233114,580.0592972487124,301.2312637103319,188.89114995760082,152.8693848106104,279.2235624144781,885.969386464526,117.8570554924041,871.3000785272574,945.4464731829569,241.31011399215942,1
27.08240766570247,239.7196504084722,30.893108742464094,636.4847001721316,546.5112462720614,341.5560506578303,963.8719215121197,946.9957938907488,630.5921652808523,665.253529841145,986.2732120789151,579.9636035822384,773.7002673250623,566.5460598597476,393.93921451399194,828.5196679456586,667.7461168688507,6.586296309507467,99.4546054261779,218.48755281991637,1
201.6450318698656,221.02508803706922,104.43642527987762,932.2840085123183,389.4746540934082,491.93083803860395,768.660410843095,27.439551169453512,108.43418635733914,734.5890789308652,434.70764785828777,179.09333341557777,749.0200564567976,317.057146662435,109.78019896278145,93.31687583032999,496.1737154964713,146.13264279777727,115.7689447996525,609.9144184664073,1
569.8613814738759,187.92330338809958,169.88092232885077,343.78199054927506,26.99547669091473,142.9568063995793,586.531169487052,250.5302453664543,390.59137495661,756.343284958917,807.588792440742,32.255491636216995,731.0746037816502,966.5437800237772,129.00068918407447,101.58091699788973,838.1619472360337,649.5524052038209,88.62321622059122,882.5186666370498,1
289.4745904369401,798.5884463253508,978.2294043057462,36.66545187061199,846.0132542081928,758.5076190104999,507.3059919257415,610.9333659221638,707.6293044942499,766.491138359312,196.72210545734958,685.5916379502107,1.8646366335738351,734.5399082434869,783.512337931484,551.8770859580441,751.4111650184756,94.88471909893148,640.4593885810615,99.83859921500627,0
740.1414046427413,987.1255271146434,687.0850876957427,26.83817044558845,884.7915578174376,694.1172888770553,160.2128311921176,185.1406704963986,69.48883453680965,763.8456127958196,707.2664704183209,93.73959941156417,646.8499240867881,512.3052795395718,804.850054991129,231.03299542229317,210.269229374623,162.23630563606616,633.5657496155094,835.3906545950788,1
215.17391366078832,616.9505671881487,522.4747801946247,527.9746120675607,238.94133630804515,362.3490403969053,648.7535600561014,87.7002188462439,622.1485033058402,116.67513777546435,45.92234682494289,176.75925234873756,572.6361037215376,483.18473777873294,41.92958442072347,917.0085120402587,75.84146645840507,292.15906787211844,531.385847274291,683.6440749476532,1
898.8430522093162,977.7281469928416,122.0798887901997,827.1695215389848,240.6245199651741,860.0687682913555,46.902512589800274,608.2307939486695,921.3078723674678,215.82936764025305,989.9548457460924,984.4634886581397,427.26949457350395,186.40992437581227,769.3143834495407,530.2564099715042,108.4489645643163,779.113513676144,945.4884865432052,600.9803064089576,0
473.4485043239751,354.1800236585385,709.4044104767939,961.7657489903776,447.3501961648547,434.956924802033,954.8752528132223,995.8854099586886,427.79820857011777,65.6304355320354,960.7724739217197,687.3204377826802,603.8131261034578,797.3428873457458,217.23730018721855,877.0746685091088,575.6766466602917,612.6151200311007,196.04469389803202,193.3256112728694,1
115.46498198708154,894.2037060238689,765.4814924336018,707.3751410160688,942.2105535626187,123.8987771495389,848.0819617760218,411.30165107047446,459.88255600845775,138.7831049854421,334.04896709760715,820.7525783130369,553.5957344747682,993.2626993153408,277.82211486570685,472.7647205510682,789.3305264529686,110.65982806429786,906.3235622211153,621.5922799774239,1
382.6378916036847,872.4651725805047,940.1294262543053,885.6376984244895,744.1920969397092,475.63159319788264,533.0128128355003,905.0078096639734,866.4128620454858,448.1792286844496,491.4741977340776,870.8799554901307,589.8041137633838,959.4815183658666,83.93334873111624,785.5300777532378,707.6843705921614,502.9235046137951,669.3816554720881,251.03790889023037,1
7.467230437222749,224.2677676909587,305.4359417484108,195.63337236566514,270.24296393563054,667.1998377353127,255.1195531307614,300.1802054498618,978.6777919937705,154.51674070948397,752.1155029128721,123.949979592482,358.2844236911973,789.8008837177308,276.6833695030472,685.4884034149063,471.2031273304387,653.2681655157904,754.8646850968423,108.66204822476644,1
102.22167804972904,795.8625369874786,597.3621284706433,308.72613314980157,292.9231112284494,872.7769328283309,575.6625146452536,153.11452873532016,348.05464388628207,596.1168234050681,523.960338487548,132.97799421926626,334.75615551139924,123.3226718780448,928.9306685773286,431.36738077377214,773.9445510924415,715.9389148387299,278.89976271721196,803.0609556115348,0
514.6809011665529,379.5468994874701,822.9694806470945,824.8756022634526,677.5223071810261,435.2232836253781,592.0718160848536,302.9407624974254,812.566594063215,710.0654787133949,245.59710904012954,8.323139788427692,598.4184645378456,783.9093821285968,172.42005773050073,847.2630409551704,688.3199126331641,877.8806903912764,188.29004082023593,902.5301030012179,1
67.42212073722598,102.64976882131349,240.71548988520797,676.5770736892484,508.6722484939101,216.2063873303184,247.85223975365454,583.6974156277537,375.33368330207117,144.5412305220637,855.8041777417559,821.6023656014875,431.7337805717589,888.5697700381891,685.9689732134227,35.07899546663118,809.3078425817617,601.2058932286344,643.9996975366131,482.4298129011282,0
610.8505323099154,998.0647511083612,208.0259736658373,19.896652094314792,656.9859708727568,43.87728567556471,490.6269684495279,286.08295184064394,173.56313792664645,228.20071542447428,144.5375259460563,596.0012996863587,308.3839471612458,522.0119576162263,785.8674489558827,396.6240744806797,968.2855257164418,696.1343250313506,945.0819280367623,598.411777652213,0
273.8830329265577,343.3443231428029,646.0683952496586,698.742254034826,500.008562511028,918.9722004803784,384.57160311365266,825.7085357099199,777.2538858698316,791.402337760913,56.3976297925699,979.2037982400922,717.307647834297,364.3075459865125,918.9532418759802,568.261699013678,936.4196120506085,983.7456638745736,368.6798071763201,334.39511039970904,0
994.8567977488315,924.1539590228557,850.2674035412413,217.03352242461494,608.592056996806,832.4365095205517,950.6253968605317,409.2961225368199,804.3415092302329,114.93474930906567,130.31063125203124,721.4908167522548,218.60855971255322,580.8717746215393,744.2971595671706,202.8167995141712,759.6104329284225,159.34717644282347,187.4442350546459,876.5393962667213,0
17.59525305573584,897.7160824977225,582.7049856097303,760.3890442393838,213.4957029674399,173.49545478684604,206.34054459172424,524.956786351383,478.4893078768888,863.5483418479348,401.4635404877873,329.066610509959,548.2374327946154,804.0903894771365,501.5541453785742,664.1008209370732,953.9280061671528,270.3409658395006,687.2536177980068,544.5657447936176,1
444.4445311253623,626.4776311023247,254.5936754406356,704.4532349309146,959.4609589718236,919.5054693754132,278.9816110495399,440.50944541733173,970.2619315331241,768.1675148889923,186.2535346429628,677.1247606956435,666.7714923028858,431.6240592319106,420.2876619834997,904.9081416245822,538.1706499813607,277.92731300510764,457.35506850069476,392.3844134940982,1
929.702299655267,23.77345626220073,798.8164702759743,746.1921175983574,941.5935210421876,219.29756851663927,919.7966372514057,573.4881359357862,82.86645956168715,597.401426255962,746.2166721031391,502.69039664435,981.7705488992344,415.4200953268392,226.4411353118353,607.1468633182649,320.03585319905505,382.31538919460394,160.26672749946803,824.8255734037274,1
332.60144872142325,336.1048998628244,58.271076554101576,787.7797544934829,782.8320386250138,748.1076141990503,861.6070604595926,47.785606760517126,83.74245357553711,37.05941306710325,518.0346832015649,980.6128253814206,500.51092255853825,972.0392363384263,137.0520221780981,791.6829701634343,300.60834409140426,230.36727538412848,752.7345247449592,535.9078370693373,1
259.3940068465722,313.67356819961833,780.9501096821841,779.0650334694279,800.8619311527755,43.49955505427494,916.4090223179469,799.552590293102,246.7773078214742,193.34874000924185,681.7160919127646,94.03328173323521,995.0020440600084,360.14191632270973,488.0094905659337,547.0649142877057,83.86462477025802,692.4797342452924,967.3461138775955,624.386861553609,1
902.0235028007121,825.1422196748084,942.3577578181839,166.24595026059697,130.95374495016088,578.2842426595772,239.12795792262088,928.9666926842227,704.1512588660644,253.40262463213404,754.6161909795201,922.1973978985985,885.8933036696925,977.6907255507883,159.605018970135,710.0038408543454,311.13190406030077,738.9124075996759,793.555350788481,59.0817501059786,1
311.5027130247985,298.0386787850091,604.3351501451383,491.23046886773056,982.1889759962344,387.69921759488847,410.12604510520276,774.6803603442191,33.81462050310113,200.7765796875629,388.9678632332708,272.56478996686997,282.7951466462879,439.2427345141453,475.57946917066727,18.511691746855853,561.4360215840221,675.9622113063518,47.28324214909352,502.3422960271936,1
345.65023758401315,431.55626188181117,377.01452362643187,485.60368052623215,778.8463980871979,445.3194483062478,710.50897162241,92.31449665710744,369.88384409665696,434.40934750490976,37.284048637995504,627.3374982249101,68.49159190369735,985.2740112276306,468.43869805473815,986.851228827453,151.51886103350066,757.8647692069075,867.20622854186,666.2655102845039,1
257.53750390131927,150.57132314934452,644.2485889570827,868.9400097454801,256.4660456246882,448.7888347705215,794.8952659344806,411.5699261811273,284.2856522988957,103.00461814672146,415.04788809558704,125.91814482229435,887.6778990528654,192.22252745845148,814.8119594113866,998.3297968923563,896.6714092598082,172.03593416602382,246.4089015999106,340.8941486818461,0
261.31239587655784,12.936194910739495,502.9299351660852,698.4186372362785,388.9187250733499,127.36743417674334,865.6078715742236,632.7701966744622,60.90046796862802,675.2836534690767,227.48511642849346,570.4985910060691,706.3843307857056,306.02309142527105,64.07746375967582,735.4829304872378,243.37691613550027,349.7965992251084,285.567075655052,948.3724946740372,1
390.6244291158726,685.5700886122557,967.4749675619834,748.1712335931962,36.47405796669889,401.6265918486467,669.0082418370285,400.55694959721654,508.9698404296441,842.6202296238906,537.8855022600826,214.4154614467212,123.6631483758126,700.0826042636927,588.4904998708666,409.87535687940635,628.7558862158487,302.08974732548234,54.214575997563074,36.885631394184216,1
279.89974490462845,160.51988019046536,269.61381408838923,663.3244535233787,329.52289061374694,59.117941508868284,704.7643635215377,743.317630389971,177.5839541226143,504.50559454376696,344.2588524884431,817.9843446906181,36.9087067182271,735.5431319704574,303.623631825919,517.3583044394798,884.6080697201425,226.56178900357472,829.0355607696234,197.65619919168665,1
841.3561090544376,59.557213360869056,664.3608595414489,632.4385309154659,867.2652749502902,981.5979258508413,279.897688118606,411.1953324879199,483.49242055656805,402.4517567451724,547.0957098179671,269.3013257917015,15.236647817208793,118.82079839239623,549.3459752341383,386.23244512430966,253.89754557480805,491.14825605315804,3.111427799417976,658.8534030074642,1
953.3409014499457,980.2984180758459,947.1113456724742,654.2291336174885,358.06508226682286,953.3126555410595,784.6990314731797,854.1400974502751,455.4891095921484,28.49765044493291,610.6975844328643,247.35999408734955,57.890850729002686,243.62681471844795,434.656279708292,209.7039752397236,646.5356581830148,258.2614813237207,143.73530743770922,506.0069807783709,1
38.956451986480786,640.954034796304,391.216287710933,955.7547995324306,79.2997262209455,277.26058132464493,536.7462115808515,282.21204968409586,198.31081473724964,651.6065514456353,863.1659927502271,621.526796773986,810.8746703644514,942.2814840218557,767.6562578590886,675.531232371408,190.92129624073038,10.415733672485938,262.52671231081615,828.46299921014,0
496.3583677631734,681.3331063547743,754.4686173975003,374.25939661251664,765.8914724695551,239.40464313533914,747.1706000402489,310.29948867436195,379.3867594911784,802.123687320713,318.1293628925671,25.30610362130037,827.8142312992067,757.7150320188451,958.7128616437103,392.8020828609829,61.575030940094535,415.1036466622764,597.9056310891474,128.69369955476296,0
834.3028430284917,715.2138140660803,845.7750184659349,741.34104590944,797.9545179756366,74.01345533135384,727.9212910886057,455.64475617727607,760.287971965599,239.83008368115466,63.46023737341522,275.2533120939342,543.2708207552247,654.8547945173718,635.3523214326257,164.73400102860137,693.5815332932804,462.1950824842294,581.2301537172046,70.87244343264997,1
163.97660081553468,204.24361957564287,754.6798190694777,668.6426905788511,487.0479096089708,830.7407825851899,833.2056583093805,228.8205361464616,245.1933473408704,955.1900188256799,76.63914982707554,856.5436449026034,752.0726252250575,450.65466091457273,615.0596678234472,211.28948949478533,315.2446991502328,267.9542313671843,375.1558683228324,346.84377826514213,1
181.65530855997224,767.8361023910866,291.7311335186967,318.7568538404403,333.057369970188,143.36764435256222,807.2036948956618,972.348909847363,511.6147336574257,916.6843118684488,38.674737948772076,312.6306785731856,212.57649931185296,716.6393012704565,949.3188716965678,36.309640685426636,150.52311337521041,596.2943636208407,674.1807438270026,199.17234722479915,0
16.473189305452717,603.7398371220366,788.7086855085332,46.58156773545752,652.9652914715517,153.1476938056049,538.0016756123053,648.388295037064,423.2975186124699,955.9061996330132,392.6405115841498,828.6726929549684,759.8823400720981,989.5883758025005,505.6274628578177,562.2216498309998,844.877208880975,521.768192313165,322.7751458986808,209.41096351123267,0
379.6654257132609,75.992977102337,411.6314070138067,672.0841805874732,533.4496474097249,583.5861683886193,542.3001684222216,763.6046606655192,974.105602539395,856.2145516628202,367.6564682033797,331.2194458161888,435.81050089416107,810.7276476947741,77.27729091964164,933.6571563226619,999.1471147416994,412.5407190393786,804.0936685999056,856.4763090793107,1
622.3686799811131,638.6555517909484,683.6161015869434,942.0081405774739,292.67860281271277,718.8366763083503,218.13109698610532,358.26283051662386,279.3759785055165,370.7192545339326,418.3659952108323,896.3797631306073,471.254062252812,714.9320979449091,147.44423387444726,805.1341360265876,745.1982915223451,796.6100632620464,897.3983634749763,241.89764932903458,1
255.65958496533514,155.2597689777948,95.95439575714116,203.60671068285606,730.5531080437414,266.0474483917926,255.3159398235454,292.5594313859835,472.0295522440254,892.7449911279658,909.9562868063975,804.5429028487672,243.47474638101895,11.448352697328579,106.08427208089944,860.8214885969157,344.30979351292456,310.69272023054486,196.17221458440503,340.0260851366589,1
149.77192491375314,471.20132852404316,658.7280218364918,239.0540251702784,608.7746597479126,637.2893673450542,847.4920563559865,213.8240960745129,732.6124604549335,471.55933854822894,900.1623399658052,737.4305970959942,582.1220845138213,624.6360477996969,111.57173610174354,549.0534700310182,985.8487369262558,257.6390313609577,160.7778262934315,926.4083195383728,1
975.1414630874975,726.4339312416204,204.69268562946462,422.999387651153,475.7855852051508,752.5522852159233,623.9253251941785,922.2692682499898,661.773033350944,98.76931552137779,455.9295834444198,980.4443341624077,984.87167604691,469.83725486068437,453.3922038590079,98.21008316104619,142.27753288578427,286.10222750739644,337.77610489379305,510.9896320736592,0
453.0660186260779,185.69952330413088,592.4113453459895,748.4792903654326,737.4112224489418,375.6854651072139,63.151016050232656,592.3076998733625,70.58911658392053,90.4112698126096,791.7284111076772,474.04857159717005,244.37366970234174,782.9167198914748,669.0377446150068,190.5039304640609,367.4554304600047,185.2088522475237,211.3626785767233,687.6326925568274,0
603.8732116159396,89.06357383624919,823.1507360218986,426.73083137166157,959.908500368002,488.31823813649123,217.12302973454067,806.6815936608709,743.0801260542894,654.0455963418792,66.76259708720333,353.0787833010047,805.9780074260218,438.9831343395445,31.380361960670843,464.7295296941854,483.7765707225046,158.14660901302545,24.263557091660616,808.2327237328961,1
899.4743647265102,137.48039230554633,646.9005403428267,275.8339640749866,258.63914957632915,346.82110914368326,621.035284910899,877.7200522084697,148.58200333712225,660.5590721166113,652.1578679834545,905.3477623131761,914.4671524944544,563.6348763098011,464.86415352932664,887.5985121780216,585.6625494589857,757.9033732864781,951.1463862000555,421.28394271678957,0
260.2976968081694,17.03795281737075,785.024626082963,542.4254428108183,226.32823034322593,906.7605421716696,932.0792656495825,489.399829454132,381.50751859637444,358.843500033902,893.5145034301163,242.650155564199,281.4299036595499,889.4260188126048,426.1027621848166,445.2432638605507,81.13253263272868,296.8974580694296,895.2330393183494,597.796328447033,1
721.5203325275592,340.6339684593035,23.26931486688455,965.1580195874247,285.8335774785327,85.389036348676,297.2907777243542,510.5547089293595,477.8400582656899,638.3136493081067,305.8872968257814,779.3666482972401,953.5799387760702,816.3749185278159,389.7089784328365,337.5175484784044,377.28110334370024,425.7306101175711,269.56059010432045,974.6215366232128,1
522.1755197720959,411.4740218091555,524.6931625656741,67.22778873817504,343.4997363395561,797.169042091976,905.9025699031763,473.3220454366995,137.97594109718568,921.6324887213838,695.9807356724532,945.9973913167413,285.86011960752313,281.738570910382,890.1742781056073,116.91453444864686,865.3232619778429,24.74352594514717,301.3367767021213,896.691089498799,0
739.8534150627328,803.0367598210996,885.955101361563,718.6784589946744,168.9305720976647,927.0558145248086,863.9668191099845,553.0058475895563,450.43602779256486,363.56520459648425,763.1043245919873,544.650948081502,42.31214631012947,769.4072905278591,425.9964107239803,280.8245712725857,820.970142839566,599.5275307217188,334.85274464422787,460.32695624651274,1
897.7746984549354,663.3144567028779,36.68961360137168,761.9064704764291,815.8239763108307,836.6218953062619,175.26606130212008,735.9979900916733,832.6993426628584,722.8425654395361,84.85815522519546,486.77418747340715,984.9014717839024,659.4790553495362,793.192996066538,213.13866744938426,779.3568490197115,951.4707332844579,773.1625140503506,347.73539392965955,0
90.42613732119487,763.2534597201275,467.66199847435905,927.9887918350929,561.6476553037933,593.2611801882208,306.980832100951,126.07075059889583,557.5640394184077,345.3271114107942,968.9541362141315,973.3159354649979,218.57376018298348,923.294856632942,675.9426385813917,946.2280666432528,626.438500716245,376.81623666441556,372.8988463659446,811.3560896856804,1
236.52768762982447,173.7225488003339,655.4203909613136,901.6892910442594,105.47992042005794,859.0555142260229,65.60607488236914,284.2726472731776,380.918124162422,249.08517812221865,587.1267440499447,328.7928629896861,223.56227640941262,87.55870827311007,180.57516284343345,346.91268282104625,445.6172784824525,378.1360097998987,222.70327678040613,179.53781791760093,1
772.9746133495889,762.0942255933705,305.7437902146859,282.4524400138807,390.5045912248045,541.0272708854517,873.7326161213573,277.11047465932546,35.98032535055784,521.8843411041549,176.02537094924685,757.3449653374255,140.97797514764355,949.6643077910056,558.9788998589203,98.09978296004962,929.8529172207,314.0998292274012,695.864599915062,667.0505168421419,1
511.401093176452,387.7942211963801,850.1246172579779,717.5781014934942,177.0495647666206,166.36163135290417,309.899734397602,2.1319956450649435,110.96690835279055,631.1189135954477,576.1447610439461,292.3480431688106,218.00239990911564,636.8392081610381,281.35345740164377,728.8420730015698,14.626164602702607,947.4266742049898,192.86431354167243,568.7813615172123,1
975.5653457618222,712.7999108652065,75.2357742756642,461.444034038045,666.6865903454982,79.37226312203383,107.4533378418594,977.647296203623,38.2462630962106,140.2125461499234,178.95779678040523,662.2017935731718,933.991937368439,172.28494417587657,360.58684948091303,707.5678953618949,442.82429836659253,263.3624776307195,432.6867171871077,702.8554647913411,1
124.58169228077642,112.41899242691633,376.94874474400433,272.65097609026157,921.8998698789533,707.7449604163753,865.6841001002782,632.8989690746822,504.0791037513447,703.8413645675909,246.68371393720855,999.5567114779479,452.2147673536069,982.2269221903036,839.5963468942409,594.1840387725211,136.03956167646814,104.4747986522736,889.565330694088,127.43041434852087,0
140.6671365472074,609.8508226197544,929.1211749687287,162.93231061177028,188.89862010893765,81.61811989036383,878.1370313674846,907.5629727120845,715.4055335370168,624.8030681061031,715.3224144536961,521.1243094220115,311.17128680615383,625.8177026765525,189.65694583873872,368.21455553657137,973.2532400758214,823.5305312770511,179.24059718353303,302.7318237809461,1
947.4733916727646,609.4478037675809,553.8632004977273,345.50877916817745,77.93921014284689,887.3211835941945,58.50859173615363,931.6720066315954,895.6331774555259,417.6925827474085,370.8835135572338,480.700704745449,913.3930977554742,245.7800231147337,312.8095871095494,947.2103369992532,307.97741835514347,281.7986094407342,259.0567779901911,305.64129476798007,1
986.8236644480029,459.1079806867493,665.6879612819733,893.6301047797939,935.0798813608184,347.37598574870475,119.97124106584378,476.33710176298507,450.50469475373376,917.4052067489546,920.6543064892367,809.3886809881407,856.8297572733005,462.58375252981176,837.4441594017532,764.9237286689205,576.0252878988478,629.6290242246744,544.5985861823724,920.6739668025813,0
12.683314959444637,918.8177557372147,935.2603834945559,808.1878425007982,467.8100586903379,473.7277632445008,604.5786604984754,454.3545911337468,71.3945304175656,319.2079152624737,821.5111100206365,647.9334589318305,884.8120457502664,744.3349444579707,82.12867092228481,891.6107419354904,124.54796990374473,779.2105683893376,378.3599687277873,468.2014559219616,1
0.014735641223229123,549.3552260269877,160.71515330029163,137.2332542791115,897.9677007489453,595.1562956751246,364.1950207812078,346.25197301698586,286.49676417465275,575.0408167834905,138.91796100828302,843.3089524696647,301.87148281049446,967.4319625889204,141.46535783023407,640.186042510964,206.04851494347375,600.6051354794433,393.9811571154874,937.0881242449906,1
517.4126836033311,37.23456372040923,995.0077082622058,668.9820980114326,307.95440422725284,677.2615456827159,971.6106860529982,288.3630388184887,206.3351133610446,427.46705803416927,728.5011512399772,828.3323494766033,366.72524855046953,160.12949524235532,463.6966699610163,166.45125064548782,257.8165861363299,778.9665234563305,277.3444162688518,480.3298052888784,1
376.47464106827346,638.3353291275523,35.69478284349903,455.96554391852675,335.6734019390045,862.8782285289035,249.64803859381345,404.1162668791096,11.930520625398344,350.0330014150744,357.9668366851816,576.6847361502267,646.1586737698497,679.5030022609782,397.2791196466204,662.4218552879074,527.4644783826114,82.6692183685801,281.95906314892613,687.0288070037276,1
308.8772971105691,671.3812003669805,468.66286162177704,956.2075892613641,113.91708437267877,811.1285807496896,304.1405603761634,565.508070566436,295.8341984570533,803.5806555784566,111.91513689147247,369.9929563175917,717.718584595524,892.404240675028,156.9244184848605,347.4189301264415,462.28615802593174,728.4438887568009,234.94855517286084,872.1965917482821,1
704.2799146622991,657.1234726633367,677.2494300141653,611.9910612769144,64.27939606252441,106.7687663742205,431.91716669212866,553.5210560424583,222.00466835609666,350.352535661418,680.6089625614753,904.3919318041757,654.0751871606697,387.419399149342,759.3092871996804,527.2423816681239,814.0474276004508,282.18164450981266,421.49065336547096,817.3158583401987,0
19.455966537154534,761.4896942732854,525.0034050136572,983.1614899233475,838.8456272189335,173.4603931409251,272.9968014140929,999.2247678179633,879.3831097525854,856.3804457886612,567.2106859786586,327.2351809961823,152.07132939240387,537.2589023977766,332.81224883165027,562.0892496368502,690.8001635348306,320.46247400739816,182.42129560201369,776.0258646787726,1
439.0397648578345,790.871700140939,653.562205560912,27.989791096848737,757.5023769055214,828.8782663251874,345.9956122791674,140.5226980278709,891.7957427074557,851.2951122894708,795.57315275242,656.3934638768279,957.7976102151531,298.335485788332,883.4497029698705,620.1634001089346,254.83291796837005,719.0658824568347,37.73043804476484,816.6513435030308,0
663.4227728181945,486.459749080153,99.80354023523563,5.326340906519733,910.4251051709667,379.85726151897956,532.8456025764563,486.5485591122254,774.8920284278497,221.6722830776272,247.26547292743973,592.7890045530388,859.4025399624052,453.4637566184566,810.3444629115155,309.8460719564975,838.782681782746,95.3109408964422,827.6911443116728,431.6572212223488,0
455.50314319447347,599.886825870637,926.6108012080159,772.1430259863189,25.173996177430546,854.95209833439,198.50042252696753,4.893735967281265,121.24017502936124,716.0818102309005,523.0113022400795,92.29870420245435,916.8366706779027,710.5405276943868,349.7544335367049,531.1192757550701,338.7011152158099,463.39694937942534,882.5575030343812,645.3049528066645,1
105.25083499867893,736.3545665842508,872.2254147066627,677.1929432473912,173.23780356877393,888.8264208414586,198.11000008334855,809.5825163300578,816.7245613678247,412.0970906022354,996.0323535633268,491.25681558168753,856.9770833786309,116.90881772924699,820.7864178424281,49.234102619833294,956.439510730042,538.1184222611658,282.1450463371711,898.8713003166093,0
190.07243630139558,137.65684948245237,944.8946910002246,612.0315948090691,670.9000080183654,11.687110855644667,971.8271491712198,978.8692696471841,4.103950931520939,989.8472638587116,631.2699634757452,379.63984488051716,533.533586274544,119.90582019064166,348.35308449915937,182.6463617640529,960.2849515885804,417.7700867496637,904.6415294075179,615.530055510078,1
765.1105278886091,444.66210297516517,538.009220863921,234.84744264937885,109.73376024941895,753.1397501816399,83.13237012638952,474.51137191818435,153.41933101324202,807.7323854721175,685.2690976346495,885.5495504015942,616.2292123658135,966.7057989304299,732.259393464609,208.07524398569532,336.7444591429424,882.655620532939,323.4642391982677,207.58485797790604,0
328.26240403386566,609.2579212811042,949.6256044183564,864.1751182533394,164.83780239687783,833.0643005259896,262.9326970723067,621.0435022023747,159.81643518967604,647.1555912994145,729.4091512756357,571.2369669497651,713.2016517392971,474.2047475930032,121.12658264871479,985.1251529713921,940.4528763101301,533.2296303121884,545.1970649115657,603.5018364214371,1
370.57958560155504,528.6809102882509,50.09472068612975,948.5270193800498,681.1531718461597,126.70705753429623,175.84817995076364,885.2264154618586,953.5307247929157,846.8903358515354,222.68562993773645,285.5331070257573,45.58385890957051,50.33636445449774,221.06510323673112,595.2766145189868,44.71331118176036,154.50550962920363,669.0863893232191,217.46317670942872,1
439.8560276391238,658.1782941102946,958.3556095993463,585.5700943159272,199.7437040083787,269.3501798968677,158.46221913077895,623.6537034115429,679.2523992681782,425.0603093318609,560.9572230536476,438.9670949523159,386.44584237352075,762.3798238844149,37.98446372392172,39.40842577327008,561.5306785448361,857.6570602476131,304.24691708396745,179.94632612811168,1
724.392316598845,392.0630392586813,99.49774748447015,164.02933536126096,326.9920975447996,339.047725733571,134.21509922026365,277.09353024699044,460.449873318886,655.2196609649149,229.31079731490266,248.0334952214779,87.81391828062179,999.1770145028546,785.7077483953352,68.81204997859547,181.14796055844596,80.52160102744077,360.52237966340226,442.73693251655135,1
974.8902987599074,970.8267818014202,73.27133987547974,492.6665406522511,824.4528420302494,19.803644251678687,837.8831311879222,383.41848620084727,716.5244081373451,786.7146602548332,430.80932667447127,118.64840701063551,254.83233714695263,135.2352688571692,81.219731862337,346.30677095582394,275.7188269515205,758.5293540639578,584.3317688489796,816.4831956923264,1
985.4105956632765,906.5652922887167,924.0462918475122,280.3003815141271,180.14065152589586,167.77807186275672,362.48286168455127,869.611623089473,498.4962021090494,504.94906237952017,642.6124841451345,334.810319956636,181.63710689745594,243.4823537065687,401.78936181839254,157.8749495989715,719.8313885364926,194.46174696489504,806.3063417261376,962.1541472579028,1
422.00193376050066,71.81567102345454,748.5349237002694,45.94781548176907,121.6700261008148,49.34911167898437,72.133076321794,139.816635238721,592.6830328903798,958.2290672220494,210.4667710559277,345.74887677017153,403.50092455234443,407.059731733411,186.3345938758414,758.2785567238826,530.4480944100347,38.44603915719058,900.6316616031239,584.3763461695485,1
774.1733397944955,965.9878390888142,139.9993198130093,804.4925351371229,575.4449354562504,184.80712131719457,220.05233055371275,97.64862128022168,567.2722454027536,114.69415662395721,345.66018427440605,904.5334702986563,450.20558188807837,960.298611870743,830.7539628358942,376.23163138174186,722.6952931987947,74.21808147483466,986.6308451709745,883.4957852003895,0
603.8378790356846,288.24499740568064,322.7986394370728,66.9388468490032,699.0813658275022,74.83592488388935,215.1428566702609,331.69205739803033,993.249853049836,928.6559771243578,955.9899615275774,690.6363583155951,813.3188376301664,216.07650746290642,293.35633849597497,763.8958653380188,769.4733563971193,60.405002710567146,832.5528445838308,822.5963249676928,1
80.67344499555085,162.29723172731357,385.8155468067477,358.91802582923526,547.0435208618238,419.0456643591185,205.61898294931902,159.98882007151337,14.530772183695916,796.8030231607074,742.0593038308525,591.3008845230398,753.3201708056132,568.0000415009994,511.1373759793134,503.7898685970911,335.99200768846583,157.2098912469623,742.4536647202989,189.22144237947325,1
740.8490645301256,226.2573137718764,573.1627668152,354.8474876767732,946.6935257772675,829.272086263873,764.9481644996613,586.8475907705373,580.4725720792561,943.9676985073636,329.1583911444961,527.2866042934489,662.7356070882731,40.291685381040885,507.51654310937147,738.8889916125407,566.3926097358208,449.71368789986985,986.33119358249,61.83137459872046,1
499.95579193117555,111.92987010807165,484.3821410056799,495.3430552743513,253.74960023064563,822.4473865708362,221.94552070941631,776.6631271220168,249.87171113897722,59.24472995339769,744.5180621358537,587.9536600032651,342.38887332247947,930.2108725720067,448.7774937043993,43.794682179066456,991.8249554929062,742.4818550211243,508.1032500294068,191.48593918507206,1
262.66972375813936,591.3217378256276,619.328856847142,410.12146016952465,731.3041084483878,490.1018743199357,833.7986632794924,759.5818792090272,176.57364023072287,956.6309654350513,894.4251882668972,968.1931873788669,754.3393831969845,518.434142634819,470.7461137381743,827.152750815437,879.053622525573,30.71682715811541,430.25442336802945,397.92406906052514,0
129.5240596790981,439.2871380372174,758.1859840237306,874.7195706521294,849.7430042362803,784.1964316175643,964.6196436197331,642.607885649161,146.69843692935547,536.8477674908391,156.85799738766937,140.82107831888933,925.0939498786378,817.868584987155,298.7654088941575,842.3903582070159,653.282850319035,416.41710426611746,986.469534153298,837.8044125069164,1
783.480992328997,690.2394285092578,438.2576932790575,757.7637008886302,550.8748254316864,888.3090475350866,549.084720796619,157.38015957701646,950.2933607096929,633.924473336731,169.00872869161654,163.13307505596143,660.3479615846229,239.6395760078629,493.66671781585416,329.5565689196005,207.0360852777513,193.44601051229083,975.3908791676794,139.74376389267974,1
50.32048964430202,639.7101102086972,450.3856376544558,457.3802825524719,836.8632852401047,919.3800691876032,433.9389747122294,360.4607446604893,173.95161154229166,189.7868090503091,815.243629344684,114.35774453572046,255.6691030120458,413.33631696801655,181.51798587437773,256.8648656368825,607.181735486883,693.4801063638912,411.0636252602133,116.54870899630465,1
538.1066177161132,848.8555863044975,915.0851469491897,63.05193662896657,569.9515188909406,886.6834524205385,902.4623820017503,962.225455897401,927.814127243109,655.1028294098952,205.01401549177288,247.78250122291922,845.2722624805255,368.29283486240473,186.1214473534296,565.8241025349025,655.1172203019854,838.0133675630066,82.19406997762013,50.58622943767621,1
610.2035706282308,887.6477976271291,318.7220151280319,500.61937959857414,289.30174401522044,526.8818613368468,726.2925688727836,465.8827833730077,931.0496869940791,723.9365632145289,668.8540950529937,77.83923536731263,430.4501563518041,196.80108314662726,100.83097635711336,770.8823426066783,958.8163237294849,778.5181564736338,427.47748861767445,464.4287812044464,1
619.2229090528562,12.773850572699308,9.45663142026576,982.3334627423741,210.30342162997994,280.7225894839046,720.3213243273962,130.38319589657155,562.0265085469463,325.9589967243817,559.7735293074398,462.7854191967472,637.1050800930533,800.7360706815828,533.7083386203368,98.89547343104788,61.086834580211026,551.117123287484,797.9841228432657,310.4546151584997,1
715.6282562144521,507.66533095474784,463.4388297283121,860.9033543633913,579.9544793741587,953.9939642907294,944.1220067979963,192.71440248457927,612.0123879409286,208.21036999861875,721.5329381569642,358.9542230511057,418.38252569328915,532.4996149758645,131.55433931214378,519.9699678068362,473.36830215017045,759.4953998175685,915.7684617900902,685.4254368635615,1
536.8369402436234,118.2291899282869,357.53740016115097,769.479789457913,96.00786610972712,897.3885877174216,286.4648065503476,903.5516950005247,539.4700480952246,544.490782332301,16.96795805686857,405.4820470246873,363.67441448250037,950.1779843775064,66.01155725067454,375.82213827965717,558.7089637565709,544.6432220483771,272.03749359872774,568.7306804886214,1
588.0377940390317,230.6603766848545,314.56881103108844,198.6296965544152,32.784880696629436,552.7070162763674,331.68519819131427,641.9395568103052,159.3060280014388,515.3424376435024,301.4846439359592,511.9742908606707,812.3784125702689,331.85121623969036,605.7026019626837,88.99002532571131,570.5662177594377,49.87925135341964,841.5353242774308,203.4282165400445,0
733.6735893580598,967.3212472547245,126.49837401034159,863.8483156618828,417.48144227761117,155.32024767379872,206.4496893248887,747.5484636575507,787.1706858416694,738.0109931547007,338.15570393588365,514.9223594095907,399.1254594278872,631.8591870717792,323.6150825552764,23.28976082644585,919.4020100153466,974.2313233345695,978.7670642956898,457.88197041632304,1
154.0181985008987,958.4662714553662,507.3283811367306,759.3803638966036,698.5562187046019,36.59296837694293,711.1409749022345,195.62905911832462,393.76420386625864,672.7112518997884,476.0489095481101,955.0425863404192,87.02403690299687,758.4661819958174,879.6257988552815,729.0553799127298,470.88401221456564,537.6666163234867,517.5300549460233,747.2571337966565,0
313.40332569628225,371.45136267116897,383.37095440939174,597.6357340044987,867.8324470403179,908.7523887082016,86.03817006994552,84.97758427021063,425.0897057972256,601.6495277875568,151.099662887058,654.9987949540537,386.6479753998333,244.8054202313893,518.5631068566354,687.064737488485,866.7431578704601,609.6032190589418,335.0108699136866,725.6381977328476,1
24.208512393120273,901.1778632095709,594.2095866120533,960.2040341605694,2.0285468303886667,684.9818324250407,346.717456871977,474.49329351762503,706.9179585291258,756.7118520646442,515.2486523479969,498.0079390156267,206.63249451246034,982.2335336975794,435.32276716623954,162.1565998806752,38.064053440673206,168.2511333507145,106.55309814412573,656.0917909468102,1
774.8042807216577,497.20112391018114,380.32326179309086,438.3023835471891,871.7290820618623,972.135025263407,155.32579370638013,948.8805933606154,199.488695090682,306.0391601427846,168.83522181637824,262.4819864631676,632.6233469919744,494.71656723877487,662.8272116110115,499.2025730155034,63.14583274297503,394.8669929050629,968.8976687666944,976.5644701972694,0
509.3551881653373,333.5656707062873,925.8538852565832,851.3102882053295,587.6076821461919,514.9513805090794,429.6223045364591,337.7093109236649,238.40695499383756,122.41451859298836,113.14570186180384,427.5108104159234,821.944232196765,76.31573525321267,145.77350330084582,431.0980832342035,540.4467389464245,142.54189339390234,313.442006931095,754.7999857195807,1
25.949985620646764,923.7521695338464,32.154985865178176,898.2689079469261,817.2793063996811,927.1905706629906,446.7217425147451,341.2039613791234,81.71216186243558,237.64983727443678,977.8893727579559,824.0087787447526,311.15343043588496,677.0381981552226,134.23720479854262,310.95656753909327,845.055765288034,981.7058942529036,534.5278455569303,758.6840829858852,1
151.37905386494887,349.4020293147304,105.34576334424062,98.13506870783783,281.81142267149164,613.0964840986004,705.7561884796786,727.9651691350439,563.0603564993472,963.1453990747355,936.7287965942896,461.77402225483,877.065765971266,370.115942240853,14.569855741399795,306.67788188399845,614.4085059667694,357.4299810423298,851.4562662716145,438.51452570055307,1
96.20475294741394,687.351178449238,84.01862386542169,379.24043469205003,81.93903495497412,894.8941678269476,278.80158111763444,607.469165633154,612.8408032721089,298.75562875928694,145.04185784841604,598.4150750134073,230.16675764614658,599.0647380154783,202.83439672300673,499.0943483591063,402.2029575283139,937.9567452170211,354.32752589299275,510.9570144768974,1
360.09451754267707,394.199347414798,401.46478155170774,54.342789437216155,437.6520597926862,319.93276868313257,840.83547115561,159.52291474786696,643.848731360251,31.890338604673495,361.5489362929063,588.7746085520283,326.2189110195639,620.3472342997865,103.3009124854336,426.98852044856505,50.161195896530344,673.842363122281,352.6149857674142,596.307281566444,1
655.1853757876479,857.7087576567217,327.0138397593262,778.2370698527853,541.1115242446517,815.6244713198139,514.7693482201761,957.4577959630344,967.5074202451349,902.2160195514938,774.6557790427538,618.0879851847801,323.29033955436404,469.85559190491546,952.530632110606,532.2325130101138,276.47313391081343,173.82330549594394,549.8536316957197,265.2892887063232,0
897.6549841462673,15.19609570967695,667.625971230299,251.026796830515,653.0534139984271,581.9125014907348,681.8636231666648,704.5802391856228,700.2000129570977,498.1850482646886,681.7711567174667,966.509718899663,443.17606978589254,406.76296663038437,407.2400366071398,686.4443305494913,342.64595051384197,254.87297973850863,773.698061015095,703.8258832527276,1
202.79243378980937,797.4410320218369,892.3196514729808,268.82847698504173,854.4559846641372,215.8542628498874,89.96165617294427,924.2397089532501,975.744435158754,112.94252637083768,639.314830954656,317.0989193857212,48.43379105238665,708.3339383321016,76.7432846452688,198.90662261684267,393.0012942015854,471.64328182908787,358.4624122575764,773.3099011624655,1
105.88751352506742,198.4341360759988,387.3971096681316,896.1898463218007,565.0637285578423,687.7812634736415,163.05605042158356,235.89238937874134,469.6164915372516,578.1643381046129,191.77461237702508,69.06844929718791,208.45197397662153,362.84541013104354,72.26876035917785,748.3202586520497,323.91311491776696,697.3950919948779,603.95808505366,407.3558385934588,1
497.6111444990122,429.64951839813534,547.0987288042805,312.5566668410202,702.8587234658949,189.82442709397262,886.598241862218,832.5353032373122,14.248813825859852,10.407234587666569,638.3522862967721,60.57580745233126,465.3866151900846,184.45507756200385,772.4619530765561,915.351429372967,717.9813454248683,749.736344491783,476.10755715568285,545.0757634700361,0
346.4090220168502,959.0399467255295,783.6166321284143,602.247686324499,563.6558665487674,584.1184086672082,290.75259461072966,281.3645904045239,455.4648762762987,134.68715116632978,453.3437818014616,254.76192528934527,449.55578029925425,279.26251303597115,863.5443420204778,454.7022809327721,260.2132470411833,985.9169376305215,845.4526664016768,124.09917604030107,0
55.18129839104624,331.29598506762557,175.85124779689053,683.5592296887617,585.5721857208196,994.1034532910295,463.6971035942282,847.4241893999292,198.19578321420119,850.3495774407597,57.284995779701916,802.0592362227762,29.659721912462356,445.35428948792224,491.4927107267424,60.387662957600675,275.7465359798573,602.0229600375193,16.921931443071635,985.9327004184353,0
889.8540112004646,477.85625741301317,838.7584923880343,377.5109494548752,224.72283252141878,663.0934809117637,753.2297284311948,365.82241285407235,618.5612794546929,834.2485481221138,388.4802872312261,503.44888163839454,284.879907722659,484.76771256401594,264.2484468967855,69.48847826452997,928.2692837585605,306.8979253519336,171.8888315297752,514.5895752279948,1
832.1238293815193,311.5517976715809,437.72425168610596,608.8423220969024,969.3046553259895,971.2902094961025,829.8814881034275,626.0484621725643,317.2839594985003,929.3841781866446,622.5785125772145,581.5031416007727,96.67364866942097,579.8963639587839,617.9235981123903,270.67111486011083,445.1608672614371,804.3530433780685,970.8703867645,759.2968467702595,0
11.474882939794373,566.0804756996766,445.84060813732384,619.3957388724352,255.06436363577745,805.1555437010777,735.1303488954962,830.5978307709745,454.63340727022194,830.801331284109,763.495724731833,21.352464697478645,250.48994035834505,169.5361326000784,715.6808493658086,279.8975873615027,259.95365193718635,496.0403710904657,88.20338182233034,709.451403150501,0
917.6650602048854,219.24480240121537,855.4767285311077,102.98691357514456,458.27876127993494,285.66233098414773,859.5226398845463,121.75407234478652,952.1938791703919,833.9199788139384,61.678396242081824,438.42005585525334,225.03108018572615,363.89103869085926,610.6420494850253,424.38290130764614,600.8889068460886,235.33984784462535,462.84284715019686,975.1241833954075,1
934.5330824076431,913.4598949182127,552.7140881823356,393.5739337991281,625.3247467243518,453.5549304014704,198.4381509686639,375.23084452643786,44.5200011005451,788.2295237857736,43.045377972859235,10.326890676465972,43.14850921498703,850.7068567405743,381.57135166723157,821.0274157202891,259.53725687838414,951.025390273755,892.6404911185745,586.8294228040511,1
304.3583734551912,357.72941253673207,891.2033820064304,480.70868874874594,40.53725333170177,48.50448413328334,65.52276784873301,309.0497194441274,641.6872464427937,688.4893631972363,660.7494319794552,498.1911571790567,25.385622095598357,278.5127881902231,729.3877562494614,96.87585388858754,702.5576256337451,190.37247022342873,447.29821015873364,864.0662269154379,1
555.0307305526942,218.39773663776418,937.6491281122676,305.2769711248006,577.752918732247,182.90823659070233,770.6185797632463,262.7624488788437,29.89560069202446,650.050491930307,937.3249400695182,584.3149407691934,468.17097351434114,754.6428391055578,86.33432517003814,613.1035849594871,17.19730333630598,162.63538993498895,199.25014153269382,505.8634707814836,1
770.6100302781252,445.23464441752594,18.39247308589409,510.20357680500814,159.69236727093482,326.66272957022244,261.74788542861984,851.8206507425806,683.1394839778465,419.1330217523689,588.534988564004,861.5688287166598,748.7795036989307,371.9544755919124,496.75144549536276,691.6323586424203,866.9413455693973,757.9337834975191,598.4458783046395,744.3189498519579,0
213.48247368693052,880.2607248667636,750.9981009968733,129.45137667285155,126.14701559560326,805.781454623827,419.599861283556,998.7495210386389,441.6611378754152,115.5425362844359,644.4783622167434,54.31321502008002,5.9382673236536565,123.44888352231298,700.9489069729151,741.5659592445868,397.0806934075243,577.9952631432735,954.8859463981515,819.7609841997316,0
366.5041880916099,649.6309677354641,382.927875279225,963.458249992506,193.0263966469975,682.6432497553037,311.5969215837672,563.4276538461031,321.9718457162809,687.8859068213452,465.5192753918473,627.7781461284865,121.27442042586733,197.93027872413737,123.05501780847261,46.363101704476776,726.9762077048998,27.080831194218224,280.6724391583634,912.8534636444039,1
971.8120256184291,230.66390217879263,118.8048298726756,300.90518000930786,874.6086746865624,437.1949709707863,541.9089591954586,45.67422994266535,248.7877481106777,130.8930548944467,791.7106726888725,886.9209068976451,592.2867326360806,186.58481874238697,870.2936190417171,173.30869816462024,498.8772194545497,637.1241153169698,590.9704068645042,364.8616653509092,0
298.7588083653887,230.36339095915594,756.9249304004907,179.47923641892672,424.15754917967473,313.53502823776347,670.0725112799287,180.1027772369206,72.19636835219323,743.9746004463719,137.05691554736265,439.2441843324596,638.2923371664901,255.94094312810756,408.92916662026204,70.2550741863136,990.317105187354,49.310550904084764,274.9722965633735,382.9019572925146,1
549.70979390101,221.30831619051128,476.64452857005125,702.9458270305681,437.264512645267,783.931590975722,129.18772639559862,12.265595177501144,916.2923061450656,267.6741244697221,442.66355995005233,152.61249270914323,731.1637445655783,119.24673361775618,44.47917474897955,16.59226764569077,646.1368196063362,990.8306399271072,544.7120997347635,392.64874628364885,1
584.27281114394,908.9835396993783,94.1533177925451,761.9945493499864,85.95809549562038,2.2568847206000386,662.1516658146319,49.37336938126546,373.40188720713775,309.5223522993045,646.7426339813398,456.01971645729253,688.4943034661046,448.3444073190451,480.8884382427985,495.5726357019884,448.9535425721409,13.554377153585651,412.6358999202968,658.9482262371375,1
137.0209275954737,620.8332634762556,905.6256185485541,731.0890756215616,701.5978211048176,255.46519469770013,941.8604071733293,0.6099386352365066,145.21296067631272,650.4280803691261,276.16947906649904,756.7360493029504,172.34790372656937,783.7250815625575,733.0793165094459,321.7288199222802,584.5030074958288,660.7183991041047,39.11991709549467,918.5327810069977,1
996.4298107704835,596.7293029949809,257.3654627653307,864.3858866886836,508.58851072441604,657.4209356616661,990.8715003517798,178.9141765027348,147.65122499172134,726.8055103899113,603.1537110538807,190.66666218688312,3.0028059323099487,637.96058862663,208.44063273005608,681.7978015785887,451.5139256478784,38.3842983881012,160.32199672731872,510.9064535711135,1
413.28267442139924,288.43423407269563,929.3751785374074,646.2627953685741,722.2923755342969,434.1699320204453,388.5181434843076,234.59594309925023,807.7771685117358,107.34484034848923,100.74537091469283,586.9550106661751,906.7780469616253,156.75033590551234,320.2078168007034,399.2941961813173,201.4971706691042,728.0844256251116,907.1290613805696,469.8374383915211,1
217.99059923067222,496.99042432476904,740.5159795877454,78.0233217182008,544.8268237440477,745.0260104493752,528.6677809196076,492.60701204472576,623.6828691106123,861.3067052258526,742.5743887887785,960.2495195656052,991.0434692590627,86.63539330524617,987.9817643798511,204.51406683889184,304.82359102127486,359.423950691871,815.940124337157,120.23404331212274,0
35.961970925156514,195.30199655503844,727.6408192207584,128.63143473682481,267.7662560814976,466.11996010864345,424.8057611610229,564.0540049634124,309.04420967324774,798.2668679560371,461.1160835196995,411.513347872139,75.7537264663417,2.2830335433345894,340.48103343333634,607.7702496958682,765.8170708231632,362.53359336309086,638.273765681692,204.30201830918693,1
26.206258410573668,120.07056007614058,468.64933783486504,241.83180853761442,317.0774595840855,60.18065684536333,734.5312817103279,321.49163501704015,585.3226024643764,369.18497129584324,115.52632359360571,422.57131620812163,866.2354141733813,754.70923506286,40.97708991264126,407.7801581959666,114.52016448123558,832.7522554696108,510.8726795907018,712.4551103929131,1
637.6278080770671,416.54121155971325,496.43501142019284,931.1419448942357,683.5388173060766,272.8425264659421,224.52574865661902,147.18083624386057,237.95122275146207,411.3353678749935,526.068929594899,666.3109571210954,283.6760849219625,789.0180836338759,471.2128192955899,512.8619020336845,121.55526518480086,56.21338127006248,441.7700345132347,487.36106873114846,1
929.3692566336371,635.5553241742886,235.6137245372758,576.5417146639082,44.89532184105005,329.55224782358863,859.7725502638083,565.3774990824585,848.210587190275,910.6078985945146,778.4882517501256,233.0759240263991,797.630870052659,742.3531130341929,55.23595135681203,791.1780463975914,261.34291262454514,236.0043044623159,928.1234355192926,11.457117665612415,1
76.62938555066512,955.5068537184319,194.094713730689,369.02258360220463,146.51083657916598,5.503822914811107,252.17422355661046,273.07936743852844,90.112920674837,658.2014644696185,221.92407017697246,810.4018153474702,495.4735544132137,732.7884847939924,176.54839445040017,473.40208536115637,750.0242308180702,681.9562835041795,888.6721659568858,314.8448216292795,1
405.1268924690443,679.7557941367834,369.1476136171755,904.7581365737581,142.02907747760895,455.3957280524831,254.4259339282926,67.67658741978533,251.75367710992558,814.7044055663966,655.3207502634027,469.73937832105594,944.694590626003,604.0515731294716,169.85517491049396,589.9146216135601,977.9611857298952,639.5133652560647,336.590551185744,24.710477248217842,1
577.1628880798269,438.2478821782263,887.106521129809,932.7349086515044,182.35867205173594,241.49533325218653,921.8591120482761,638.9718566866923,551.7160136389367,931.6394634663435,595.6028911702484,749.2537815769986,983.8591750173211,713.8432699465244,34.731472349757375,28.867648512901578,957.5189697719969,543.4023936512906,237.85368378912818,105.82302861326632,1
136.07526271037597,729.7802989822618,547.6080219570291,66.26379756321276,140.51423584110955,162.5278091519774,723.4628510221842,390.22764308165017,49.015995201377564,146.21041632274057,272.0760742655948,38.33444490273552,909.7295692973931,380.1079085632034,179.36650651184027,664.6755409368681,962.7544898905596,632.3670612710573,899.6094857915883,37.442158027699016,1
332.96717090572525,606.6437299892042,658.0705719836099,284.78805568794405,293.53184941274446,302.559578374335,328.8670303998193,916.9233496266004,389.8033380667497,553.6181935227991,895.6300000655176,814.2028199619639,739.9448915038065,757.8813830886538,161.34343381100658,250.69419144749205,886.7289117539474,935.7463826212252,282.40405692905637,678.8690794860838,1
934.5484595927978,236.8713360494812,539.1267613968793,614.8453566154958,481.98528987807555,185.01396394872904,882.700782562114,596.1925316108443,918.200152587183,30.47030088452818,708.0530715853805,101.85903369339555,73.13450247859188,283.5344570617343,838.7914932886501,227.87535908726574,973.4053074999754,445.65080040804503,557.7737253564342,974.822973122944,0
597.1404314706001,661.2159111734153,971.5782954036356,874.9374315752633,195.55640153445108,678.102696324888,563.3215158187646,837.2488515446503,82.82180553447571,593.5358814603323,747.217689976487,448.2886061870489,515.3017601874959,941.0175986589164,83.10487516835185,713.0893951184615,242.67869264418619,836.9914921529372,754.0504993760286,382.60035393967405,1
893.9360506127712,453.36518951478223,35.16944808481015,252.27197169716354,330.7162536159984,123.44532059797663,611.838897305215,936.3289979730741,676.8155870926942,962.7700488153395,544.4021597840714,320.7909129303601,760.4015227660881,48.23697105607361,247.82033007044058,512.527007209511,778.5114126125524,706.1925348972721,92.75731813623544,999.8092239926133,1
33.44915914819235,133.33852048039518,497.82360093203636,713.8866729803316,316.34807974319347,577.1225110211907,496.71944748711684,624.208021002701,260.6476793985314,944.9341566008056,788.7561140649788,24.304732261914317,51.290505127633004,751.9246402514632,371.51150284857505,964.618813927921,305.45833003082544,386.0308095901831,228.13821156976744,590.6106998617979,1
220.86532509828237,788.3333758381185,926.7039515909044,139.96090499465598,377.8116250369077,952.7459641442425,96.42743860847291,976.8149350407796,170.3855303648706,240.1072782710828,811.8011261000476,728.8005186125787,342.7332524180592,643.0238666579327,435.84321965611696,19.809383863823136,474.5665378528331,806.9735445604933,449.73096215230856,298.026800175065,0
548.1899714555583,411.4693779058429,986.7505935462847,68.48734989594607,954.3584758942903,472.9918786150782,490.259594625982,420.3279331941218,460.5736073841368,141.70768023854163,277.45719505726316,685.9361780031562,449.23114814322804,812.271757753113,258.10120690514805,831.0463114524134,857.7501770207574,524.6480962197355,521.2562884750912,421.5808665087628,1
837.7117451699205,704.2912114737763,189.71746143149593,773.6727139215499,186.06078452843312,426.940887549768,890.7439313481278,724.7615139845345,300.93816616332435,320.03409334456825,270.715696572263,110.35327375740268,878.1246232269082,492.5787383381005,409.5244174344457,126.90702727978153,951.5765725613905,371.66415114694775,570.3313338725277,244.4383249523865,1
304.3376447109728,449.8799734396611,322.04625256830064,741.3110056038402,61.06621271738399,959.7118312245575,301.42026690337195,201.86287100371058,181.79865470299362,875.7957643523273,614.4136407509103,773.6740808359539,427.29949359823485,117.48606942620354,70.84415540494082,992.0722848458303,438.73124595393375,389.7738759412532,108.30872843388973,813.3533306485826,1
961.5375599602503,334.7828630300936,152.7846014022768,642.0534865598785,168.94007878356155,152.3768898014455,878.018194849138,777.8160475320063,937.4071129420705,218.40974769762678,854.8268039903072,372.1575699370705,504.95240850977353,152.9705378677315,187.79286853137344,182.9987032610667,487.55111593918855,588.3763242746364,50.48378884280736,251.08354447185476,1
445.9284166643637,834.5121024635349,766.6112999857638,317.84573878833777,856.3983323692191,902.3579786790236,381.17222316683495,204.49784772902558,190.5810082226741,462.9211074018268,419.9579404444296,753.6223989796455,164.57538796470172,648.2264095167825,95.25160303859947,210.7719451825596,358.3203118491042,820.6400193600698,52.17996031813765,47.14599527230201,1
742.7391139633289,253.52052891334586,201.65419554465979,438.32662086628403,761.5009948173492,75.52430281665868,709.0623374592197,787.2562012517062,748.2998568188509,642.6900132258224,652.2778145765168,169.0361073343708,902.2108949840235,819.5032387076286,117.46868670580801,367.2924100193934,109.6917642479367,153.82639967986222,961.4830973425398,907.3644319622324,1
203.02090602834576,497.3267260577614,223.99114212141413,422.63395204288145,875.6401709039702,814.4115485115735,992.9155595243473,844.916965763697,517.0384388353851,311.1226212495702,856.1846757027138,279.987232979561,143.007271791865,853.6210093957804,268.36527261345054,770.0689865615889,96.96879628272781,336.2703185426262,663.2186209615603,726.1767440619387,1
451.79938509608843,755.2742436437424,569.3145510734712,915.1835214451925,306.54276332778784,863.8352392465733,737.1726811855939,391.59948056149705,650.8260177719131,206.04101786174246,950.5413898864526,901.751616719443,461.4613237086351,584.0064975693672,918.0171957636493,9.232888642337844,821.5699789813873,977.9623313812425,924.8232908078528,302.7986499661067,0
552.4979614116588,293.1446278723648,976.4163981029548,891.4809326283012,368.2588082817806,405.73383195750847,106.85028485353686,511.76650248507093,749.2433066963829,781.1549890298038,223.66037016901575,726.9186516286705,578.9969401133978,86.59908822769013,536.2939108860083,325.95835806776216,776.0760924802722,640.3021176226771,132.2753814714154,444.15678512884847,1
305.16366375614444,675.1952158977676,349.5657989733174,935.6939876811675,490.47640776816513,331.3298103649269,926.0426815995296,674.2779529454099,280.65369021868327,561.8639949559482,314.69685456211585,28.447222849918518,129.0341814004078,717.0954630791134,826.6650912265305,294.04987186085606,654.7604436566463,318.16363312164975,285.02983186276,543.9026621165422,0
894.543405306707,123.95999799763236,976.6835527255869,215.34122653143294,229.7664269511246,285.6549156653295,668.7433239289586,98.10748879398767,696.8964847112294,622.1175518019536,904.3711812914481,344.40018152552955,363.95796004386625,67.02341196137185,882.1007298434929,383.64700446476894,402.02285293919704,238.42888230371108,577.2114057588657,187.67606595443652,1
820.7795070570232,115.08332858726521,925.624081832589,667.2506447066003,455.456727236741,372.1704851870662,687.343860346796,84.4603030736003,651.9678649144142,195.78956676176605,504.9197304603481,962.5909714843388,477.0391299671859,456.7291938896407,395.3000095040531,886.1833060261803,367.46341380516435,386.2737499854125,615.1282978375721,43.095135306459255,1
465.6520474697611,312.2050587412692,916.8017364236147,883.3413296513959,771.8706088953483,718.1677441739959,253.67936934638846,407.87796697249104,923.764015488628,900.9822298190219,198.87111627280274,553.308438540545,627.349744599955,841.0944228677337,470.1952623188976,335.4734849442443,358.98426745849474,458.30090998536576,106.88743330671757,835.7377415083396,1
439.64310306740964,793.6517787918128,751.7073682719832,110.69566257189933,56.81723534350969,143.87934533374403,136.03469403690616,331.7024049670457,114.18653679893342,674.2367181200094,279.22073629568354,661.909037712296,708.4722653069764,359.60665557426984,58.90430552864589,400.4735849839214,460.4046994004084,793.3986768888734,389.1954073763442,281.4384323443658,1
919.9350854315119,740.1284660925244,465.0914252663908,205.73315943173444,400.5807734493215,107.89011749671495,661.7305117375246,97.54656687785234,823.9066317577618,279.9766830904027,755.9855366943971,168.52512098226524,382.59621067268637,402.41173500003913,129.89646490538075,559.5109435867738,207.96158701408564,959.2429467278271,170.8982330923331,328.9556623675279,1
533.5891634371928,867.0455185611805,174.7505754028097,601.2644159738607,124.64697840524197,307.5050564982418,978.7327990859342,704.4672588776278,914.1610567921658,275.241848564087,111.29455381913067,413.0834753218007,584.087550302924,658.4263035560991,761.9883464546347,932.1816831542424,286.13302290529685,261.02955452151764,195.15767665164617,878.6259165330323,0
154.90240550724388,834.6238442757675,740.5895411098909,26.62627265255213,355.8332104468339,197.53111527989853,773.1845241409908,993.2760979708012,373.67059539934445,48.07932288774997,415.03750789394087,486.54105255918665,9.18542438038461,966.2971647103675,304.52139582108794,976.2591053675648,744.9447704376696,373.51417107547957,704.1295754604977,428.43001796670455,1
224.9572188972696,438.9717388782246,757.2053660719844,166.92599126153706,925.7855866557659,511.64152154456,26.08266473095022,260.14288162087973,64.9395148963715,916.0392528431295,926.7370521953649,552.5447337965912,243.3115604579481,432.02038433622414,738.258428692885,722.710300653752,249.2340365557767,501.7283537485,989.5472654924861,804.8821735369372,1
893.3964003235297,432.94106669083664,749.6398716142235,966.9501884270975,158.82084947649577,219.22855006303377,668.8967023213554,259.295152535054,897.4194212814162,947.8228972844178,323.06749115380626,786.0537961077717,535.655251011638,886.2576543485039,499.4533873454482,645.885219919384,932.850346124675,148.8537018278111,411.0225463416832,340.825184475447,1
311.372249495824,757.5722179218645,556.4746977185239,421.3446480595161,231.98088430084917,361.27659177563055,276.4455392367527,622.1175769967192,167.9967536315321,105.60574999826011,581.2595141266288,534.1734350150631,60.38596292833298,663.53452147704,106.67193838080291,850.1910089230445,779.2557457105398,27.40517042909807,257.86749841665426,245.66363591351714,1
505.548859805891,592.0406880498803,93.30249670066415,736.3504998126785,656.3943564764138,203.69109095906023,110.06263641996216,883.5119819930129,761.9392743777561,127.10075984620994,299.35663634390596,171.58177432354037,298.8082153394701,431.9345506514867,894.2995433942828,359.906586750148,390.96927398872316,187.35285765439315,708.2062344939947,357.35152777065224,0
382.45089156753465,500.41745501226285,763.6384810178558,579.9913645499063,655.9617570115224,608.5557340356031,785.4117931012394,743.6597473618519,46.20217185748754,316.2052458710465,737.5645838453559,550.2380251811126,475.0643083586817,756.1997344287679,724.4097491734608,400.6677033585836,154.36394639646699,700.481544807266,622.8846026463843,936.6956501139566,0
8.125472581633208,282.6064161987345,304.41369990568666,230.13297357410156,337.57747760019595,988.241324183776,667.1551189058199,320.80734317374026,912.8265886904258,583.1480115152511,429.4444776844527,987.8773086770753,22.855279652629346,627.3540860779499,472.44357951618554,250.9166953301043,56.26439494256952,442.1728187094385,44.80760835851705,324.0940311231517,1
998.5551317419764,649.3327366458443,19.97873605137834,631.0434807690146,715.6212282319658,657.4418435711832,453.17779242207536,864.1744823845247,579.1150988216981,151.62448792304883,162.69640588017919,274.2841111830381,888.4113013456531,783.2423184054776,709.2150509714357,489.7790530182681,71.61945766897581,738.1190609085967,880.6296494576293,54.522161112636965,0
807.2186032364759,761.5303843182922,994.6174082003114,166.91736078899123,876.5483549267071,296.79708735069545,246.29549141701534,361.066376638188,826.7725651854846,315.27312389302966,328.97789922670995,430.73788737704245,710.9635771611854,179.38288371058974,639.3096275537657,920.9860406019155,913.680767336562,650.509431172036,621.1139977833321,752.9403764455632,1
685.3941466519899,376.4105422055217,281.53011783579853,696.5630751808825,396.5086485954442,259.5445718751024,18.370979222392837,835.3381004099087,582.5672886930093,680.7587362550361,497.2339148219551,361.9443422382028,183.96066752870522,817.0505585908759,350.4094666599039,558.6855258199747,923.3072501423476,938.792134528655,799.9155118997232,894.2616900515944,1
753.2667730137169,952.2969944949483,987.8121897680761,937.2893706586686,38.89316859986447,249.47643610610004,960.7031767366149,224.2879935658698,164.15586318583064,774.2564075899219,264.50852650863845,676.6612669184564,173.7223776334862,808.0903294013026,718.6643035789845,554.9242817767635,226.65120490688062,241.64385188642967,144.48975661473185,862.014834417802,1
150.0138183378905,498.7385186375701,821.9226970107151,329.8532892181001,769.2624758386542,188.61161209995282,981.712705997445,63.79036210594013,450.12745453917404,508.8185718547497,511.1158792117386,287.8622831080277,488.51784987584335,887.6229261512067,119.05591860711284,446.633641733193,19.158901569660603,592.4999778620372,686.806138278023,633.9579019932992,1
387.0538555928279,514.2508823071103,910.6071411416533,514.9002323458974,755.2928213014118,467.81970412449857,306.264898312592,403.3758168305679,316.12774078832916,798.5027853567686,888.5921079380335,854.8186625919315,405.323785961076,129.54952029709966,405.04770912879764,143.94065044514127,298.38152002993377,126.89984771449814,298.6528517174608,710.829844575558,1
859.4822907931483,730.3833574234242,187.5682877982412,409.8558713110624,792.9615744874749,683.7680097393414,183.0365148727018,187.16432284103567,755.4294813073508,89.41694352572382,133.9513555717472,823.9853149426403,719.4199208276566,820.5250589818214,805.091045272225,439.7908010647196,658.086204648137,576.4689623002066,803.8002794294454,68.8277589979116,0
734.3923512213919,441.21545581830424,46.05555194627631,329.3344731567376,2.4163270661226033,393.0409327972193,952.1475106206342,206.5089067122887,265.79661616217834,502.5276583636414,733.1069965522955,780.8211862114563,369.2990323011224,105.8877445656644,473.02754988829554,822.177241883283,915.7842132959528,344.90211514015823,141.6228718264182,454.45530505032514,1
65.03176024574464,207.6758325350372,176.88312145368036,101.20669294968488,268.0094784400481,426.0159250489357,377.2742847604017,72.24474227120747,176.80553633338025,161.26009111870331,504.6326839184676,313.0893088622752,310.5572171609821,877.4062413422057,740.7950637447886,278.72281880496064,725.5099993516695,250.3859641651951,301.33457623412386,288.43878539074865,1
750.1966577245566,307.7308549253091,31.568998174738795,315.85035573895993,347.8408051282322,634.24781391969,788.9065657538442,704.4999789865109,721.656556152667,960.5588952832602,6.402477792451511,326.79321877850055,446.25871739545886,288.3895776457277,717.1352982984588,376.3129837847249,363.7313821327386,443.2985003574295,657.8769188087241,212.691711964191,0
695.7983315838101,286.59879868686886,871.0159603659323,649.9300032667123,951.2901585470862,756.4797979172248,708.2512966147277,154.75109465815606,326.0470732356119,92.20123168594418,846.4547593457419,230.18997679789942,707.8876904269554,456.97191178892916,496.9187692931181,176.70287508305404,198.78626507604602,838.5814588414474,508.8136827537786,666.2610277111245,1
120.39066790835673,966.8997118912646,683.2203180397499,770.0263273556013,138.4464648336613,577.6144215297404,319.00398403689036,308.8500207824775,207.69611377393892,98.11650143283212,347.946651304092,612.644206776312,675.7153681150191,260.00615039152854,551.0999296574289,817.3829507442967,707.6288974853777,496.95416602540445,149.43897808922935,158.30400429658565,1
645.3458660231945,993.4990749922861,717.7440186600913,679.0022373194598,1.0506413279135485,551.8926208919272,751.1486560617915,371.63400754070517,870.5457673123017,320.71677001708986,994.3217875995136,286.21203732608603,228.68876455984554,576.3715519262797,215.2329351659067,839.3010175983245,173.22040172052266,218.73695579934105,86.98355371006583,500.1306896572748,1
234.07391864246284,206.1506348429788,969.8808414855254,927.5278608994706,448.47201935938074,878.9320668047716,245.6908834389736,66.91275038145194,682.8099235186897,390.54587208373835,80.41281338947736,693.3378691169181,381.3553964133499,154.51841670898037,377.0630348838336,757.667475198883,257.2546946562707,242.8919618595714,759.0595503013633,681.4553007811201,1
881.759608588221,694.7732845934643,591.3737319839084,164.743769613264,543.3207353965714,290.39638289238377,463.2310159752315,463.6133749898229,212.45234131916112,136.89888482911027,166.4180746918098,628.0727943969756,391.32053219481577,582.4603817087124,981.0680142065245,136.86871588493256,758.213579908718,898.1937894669778,186.94072596201784,382.387480504748,0
697.8185736997929,934.910246444482,717.3419048371767,276.01717917531363,154.42636252921082,964.6279952066116,481.76386669781266,554.4711278902699,97.3061172300932,182.79641152503567,626.1993479608161,620.1481006144276,802.9622965624736,543.0209600639922,590.0603791274389,838.4198719438158,326.33685928108525,761.3104173039183,333.0117125850562,236.54272053730574,1
18.57513823289414,788.591329135307,853.1185267497566,939.179396403005,670.3974783424308,471.8003314695709,533.3943732171396,406.07739709985134,739.7872732297676,222.41974277930476,394.8429722619935,779.4463943835059,962.055280726493,148.52703592447568,787.1324224418111,584.6535042536074,179.37634576023277,438.76753080985145,921.362101739449,418.30032502787395,0
107.99151084922376,425.0491313944923,415.3532798012728,800.9382782305734,342.3903892980582,364.22445399750524,784.153340765481,255.1089598828269,989.2565474542886,468.7795495974947,340.51938628302116,64.57212933621625,534.2552285021003,819.5180900316899,791.5828372038783,87.77873179622075,179.92651020126803,24.61877845781657,205.99323558320148,69.93214776777378,1
953.7993456741759,487.64390215458263,259.58229450295664,947.6577522600543,326.0063967870296,219.67731728672047,192.10993446960677,900.0285046666171,571.096993568298,205.7634028738343,711.0683648712641,817.8991062953675,231.52235535866728,630.0365059523461,781.4300234349456,448.76455794477,107.2394358735832,890.353950641828,716.2951307115106,573.3018968246022,0
654.730149319734,549.7996317695963,283.59212622472006,415.91375538102926,361.4276012131461,317.7048475172082,99.5369016133233,275.177957520674,460.1417637338009,953.7541180507017,716.645403575571,578.2689982525783,326.31286604471177,514.0749035330284,837.5369310824763,704.7012710738765,988.1773308010545,913.6815540908963,600.82333549964,785.7667887774119,0
735.2384736690342,896.930323232464,656.8042834600326,600.7978909806837,482.63468328044337,295.7149151722832,178.71688653336128,690.5550727669288,753.107848685028,769.0972059379814,20.170261532657776,928.5441849236429,782.5619956398886,782.3912793152331,91.19580603683153,784.1815926169862,55.65249983168219,59.58434898849496,806.4536283519578,890.6205679245963,1
881.8063985028554,733.0865912482469,10.562483149043956,629.6579109961591,457.9269529892609,38.124168969857706,82.34507149975545,530.6994816879047,224.6365857851258,915.5301289664992,548.6920592168516,114.02711575866043,338.2436195829093,499.28669404414836,123.43548021467443,271.52275122117555,366.8361212912324,270.2013580810122,663.0796774358655,589.8886911225972,1
255.13919928047324,68.29515112283092,293.73865861825146,344.418257274941,34.20923037688228,206.47020274905802,187.8016645448065,182.25294426197024,654.8364153508928,546.2761201522479,182.08242230169847,188.77448919488793,317.8225735874007,11.455113056199618,302.7660877507379,656.8112734710152,539.7493438398569,601.2422063416864,865.9824471841077,758.2938234669161,1
287.17723416735197,894.3766756182813,913.9176893254562,589.4345557089385,208.52469226727266,667.6409301656665,882.3121553510183,113.94434483033389,505.94821030620164,31.694833999128313,892.4354624202214,916.5069824486786,676.3854464289274,140.67927083696406,437.6392050962392,150.06323879190109,116.04767240621139,769.4349188663612,168.8824187135455,596.819752985175,1
794.7881710960296,542.9547552039121,179.9921544193922,31.80064567109153,602.1290990194218,538.6298330006323,521.5031760574739,253.72564283076372,905.1054150592004,525.7188163082915,256.65342319327675,725.8378199661583,127.05132491207316,640.3314266797748,243.8598426018831,142.88689307571323,285.53189814164057,475.6159745079366,311.4758394560191,631.7107821397495,1
965.859001379613,600.6914674464426,899.9870270251614,555.9256339022518,49.72749982737812,58.70619275845856,879.7139720677176,95.6278596212925,538.2289791437724,37.99784869522283,891.9699719227901,336.52594753714425,485.3560846680679,176.0737523342888,601.9105999863827,539.5522068840486,326.9490091777985,664.1396595286678,784.7790505724641,311.0417900014262,1
216.7157000089025,307.9276309956421,598.9892497944613,947.9668206926856,881.9019974273783,396.9323114395201,420.13389340258135,430.7152702885657,939.3578862344459,140.08685856567837,371.0880011347558,586.2938744688759,202.64816998520118,333.1573344883656,162.5343049871344,407.9051806607755,912.5807502932407,409.8990706224044,128.06031822138752,795.4093494356615,1
942.4117523867232,876.2788075943806,708.5944902432165,230.72904885642964,480.3659259093447,477.41739844182405,203.64013837931194,20.950600808222642,117.2220963413333,278.6533524641457,692.875224006538,744.278832353953,899.7831701230165,123.05370267776472,427.88003331447055,327.9039202758318,579.5208193673334,323.5486238453239,377.18514371670744,163.93911090580926,1
980.4178968518169,211.27798506329742,802.832753381044,444.27042215981925,4.829115640996529,375.6356098899864,204.87039109698156,662.8789670574297,856.975123009462,939.5518220534017,866.5879761877484,549.6910285035924,388.98053622148774,263.3940175869145,563.8556754083901,595.0052135451053,597.447994850924,971.2271666578667,78.15858668227926,682.1153954693468,0
576.0900302922413,426.05603349160117,119.63975132118165,523.1643272331155,263.72065105761124,705.9166183411749,544.3483882274243,763.0713142224563,221.05386940402295,534.3928767635243,827.7432450381922,541.648117341072,228.4577335910942,834.7697113940358,67.59485959242329,738.1670971149098,842.8161429868022,829.9326736221532,816.6632175829088,289.5252217463109,1
751.2840060486283,22.853403961387574,512.5207587992851,947.4657992996941,10.83580510447868,412.2990286808271,165.63739611342965,111.46196204937952,149.7002600046995,392.0174093209092,301.5605717868635,148.13778444327508,407.4641410737554,620.719371838513,571.4204948174776,74.7784979631415,381.18808686458084,920.8603431989609,269.2421866143655,364.6650448038288,1
914.9392450615978,208.6466378963667,854.4425329686575,229.19261824776416,926.1688542810227,697.6743584502873,861.2110325657706,734.9351868018863,252.51071134541093,490.6385613170159,666.1389368844716,652.2396490184692,362.94607160740355,521.1219883627729,637.4002575058576,406.779039576767,421.7460697453869,716.1001450973622,136.0652691412986,560.5406953827543,0
21.20425099111456,659.5781311636102,373.54494047601963,907.1260412288063,357.13665479269895,429.88660568211446,247.95187145327534,731.813085927345,737.9781570389787,513.3324237149072,702.9561629825482,518.3724595555003,563.8010469408609,657.4373166670192,957.7182678073785,853.7766277371218,9.32476367523105,915.6261085330532,627.2884183925225,865.2216245954271,0
255.75211934657005,490.70221141804916,426.6005639246811,799.0861076434967,872.1818820559798,357.2037662304879,474.15380975469554,226.35520446473524,279.2507951465415,608.3628298650433,59.282766104531206,536.1684576024547,206.557016485727,226.55074468929837,975.2813315610979,183.11266477184984,109.74361770510477,118.43725347770928,161.7358123418352,916.9132693679794,0
882.658397155533,973.3683787728642,495.93977518726064,295.59215985161734,108.82654138428715,557.7781803290131,272.0435501331928,335.43849142025505,236.16579521891234,93.96486644000468,643.0094309032603,591.1242107657713,969.3062460851411,426.7603281902127,441.13632049157934,463.84033521933424,114.1843299747477,194.8483271912118,173.42626328812528,396.9889086065882,1
291.650198222163,293.04517555708975,120.97738093561338,727.6683653353618,42.271955321300126,260.8196803777301,814.2240771429749,876.4795440981922,359.92964380319836,765.1211018211244,398.31920474908287,395.24802539687363,73.71894148662217,207.65003826269768,150.79816975765902,214.35757770763232,781.6209777684447,652.7821666782128,384.19428776351697,201.2420336013101,1
558.0767038176206,931.924698499375,484.34751107922045,684.3164812389373,333.8366493323569,563.2737649881284,722.7472300337394,329.757784032901,520.125044855251,755.5518508753332,528.7142053398601,256.08507376124567,592.557034799886,945.8626513971064,160.4277448672482,155.9823999227873,732.4535310905572,109.15472858302533,854.5216058123603,325.60980907574697,1
132.69081260106375,712.4236124083103,503.96551042976813,40.282912833510935,361.1324909150976,883.9343207279491,695.5541313619934,895.8493864638921,142.40365169097367,257.2243242678314,737.9745443215822,834.6019041929227,59.0948751435596,2.6147251521162485,620.2975846063882,17.753717324106578,921.5049004791463,51.568427728378886,406.66449173092514,322.0942246833287,0
793.9093644582056,311.42383638963724,833.8806666919381,988.3144399245684,269.537085083199,85.18647111806177,481.7667730758017,422.14598866406527,156.64255218865475,154.138830588184,874.2071947402723,40.33031973917522,203.15365924132968,468.046327562845,638.0319115021721,987.3806544941957,93.09932831497225,240.29860449951323,524.765811936008,576.7147663743727,1
751.3410807796986,144.647137022489,110.83252129732202,948.4991555862686,44.33580440079354,427.33656141795615,939.0217744977116,376.1408297901737,840.8619798968291,595.9771028037883,505.3247080676592,251.67785691405044,797.0666774035883,10.587025869628341,356.43987578060046,587.837741504605,683.7349891181378,317.32536952817605,985.7499025706531,219.02709654889162,1
857.241566040804,278.3146170289603,656.5563927328976,49.79813394686261,129.75585251438793,987.1855445688378,34.07417125052392,374.63039768363416,82.35974756150843,481.1140985389518,782.4336734937857,218.9282563880641,872.9767047536062,342.0315010117718,644.8380025131852,383.0707988049907,555.2411499345793,421.96016731744623,845.1801617523014,153.88393652902454,1
187.50427201711784,427.86951378765184,852.6860285750374,304.28441047794854,770.3561132044077,471.68404741520567,139.54822766308718,192.41180792757373,985.9525660699961,796.3553580852446,448.98381683455193,858.3480148796947,996.6977133392668,956.494359355774,892.2707965401094,563.2007997056447,76.19645093494687,929.8165535723024,24.74005748728725,998.807111398699,0
616.2681386872706,570.346075923464,86.68343722582328,42.17376018489427,982.9939692202305,178.72489237214106,156.0044893946615,729.5490246676362,420.2876451764034,197.8621226434376,632.6386724295583,407.2284875938471,931.2718301292731,53.50461832011444,46.42623722675066,366.2479262543077,819.4080610271754,109.5013424461092,980.5324917137218,73.47234582261785,1
815.35782790734,937.8983534291958,722.1478898821101,258.0886481024091,257.9283895376203,367.6440056274285,127.30694933039611,79.30834633194262,246.9651881281192,966.2062619789997,612.5891701898191,820.1095018036142,488.4195990109367,716.1609271797495,456.25127790829976,764.3077197391648,367.9499757649265,19.647829825532924,551.8507710556347,359.2060621975237,1
175.17010508053298,659.632359154886,28.36242437784331,433.1531371102624,781.6042322300482,946.8153489969734,593.248677857202,293.4367440606005,141.51419416070067,900.1688779991919,184.35401080735502,261.81440350963493,242.35586415922472,255.84066319819854,642.4739997040588,345.05586400984055,11.610909605404562,602.0399603441314,66.66457881846621,899.1336666219682,1
511.0986386408463,479.22235913316325,289.987558062097,591.0678731198409,212.17109574460258,432.2510198227287,257.2528012106013,777.7737605507069,604.189095375039,873.6534942434798,241.60281322254195,579.5237425236395,147.01849236288888,658.3796581540041,161.4532551851422,210.4223262915461,92.06536660405484,796.3715938292452,616.1543889540375,322.1526395685026,1
184.34853802215113,958.7804732473692,345.1798618543224,2.2915813502836224,804.2940766014633,136.81567668751015,265.7817988372646,209.5719296666958,995.5917996909554,213.33998202583027,3.2880329484076265,173.77280075555723,84.79199848263697,512.7460850385554,809.4704223238823,640.5836030801769,671.4285067642493,29.769260150510956,360.8103137209238,72.12171389212085,1
22.073458032441984,231.62306350316243,109.58414848057684,165.29014897664186,469.3149274038632,726.269748463953,230.60315992983226,289.5991837338998,718.9782198138046,556.983195291564,253.9800702651418,119.47853297521004,165.5262032046424,706.6862937457048,918.3275996729446,383.63649708705316,893.3432249290245,235.37162773026986,917.3747398852047,400.99891412595514,0
724.7355836538351,446.17637973387457,815.6769850249598,93.54591667176537,242.878333066043,441.10400205354574,955.9533961562338,434.1110159179744,775.46810464144,148.52908063699977,8.251758596719228,826.9337530844401,181.35499073846927,921.3041736656679,218.6265428016334,853.1739238871837,112.48114153170441,911.2164436904044,994.8769621598619,938.9663296554004,1
97.0286032660006,955.1882150528247,416.97038862837866,521.5440959636848,572.0628425324298,710.089322454406,300.075155077027,272.16027210255623,60.7773092207563,117.9321425009684,759.8220053535384,965.8297943728861,774.3663479530852,599.7362433932224,280.8569949172305,816.3196560566207,442.61091863886617,363.7784097700717,495.7177270795541,18.11502686335864,1
323.8435492224063,241.6938800586177,20.960593534258166,603.2943443250592,726.0845544948089,111.34944167720873,637.6736083121759,709.9546579550694,464.0630414877809,566.9549561237103,313.94792486325986,178.22464491485556,662.4798764985374,781.114623415913,408.45165482847625,440.51498487816053,477.3869275391506,940.2208551282189,517.5251480693903,933.4194601254148,1
662.9400646493406,760.8054966927073,305.2405767027329,816.9959909051973,199.40180262495664,718.9079476585769,917.8531258899864,163.16132009471906,328.8813099231306,677.396502623438,125.38952443205974,696.1690161259352,161.9707599707938,871.4611900375855,27.383346659347275,242.41886155658153,618.7326685691053,172.971457054252,580.8869789110366,885.7917468839536,1
141.6668110324829,515.5562775022772,396.97344495244744,977.3608482457116,705.5740819357304,34.47461882433345,873.1995684800073,501.7366157419434,451.41960250709457,212.25988413745955,594.2692091369457,485.1078659317108,430.4323429916419,209.91000079272447,801.5744183419486,764.5678983193663,257.8098658267418,100.76237902259733,898.5190964877615,9.221903971033063,0
576.1563754576424,126.81614192201263,359.3673022702604,212.90480163606475,273.70269436269245,967.1246220261303,820.9110474324123,835.271563027474,869.7492638790943,904.8497648394293,487.1436615350022,527.490990538693,198.16984214289369,197.25916397673836,673.673612824348,651.0456168010564,645.1389748283441,173.36537248565352,602.8654797932535,204.43646117166224,0
54.031260830628256,718.5125058290952,739.333038533865,531.5586870585399,212.58108637363503,559.5492396597568,124.8182013788144,800.6459478289835,648.1201618332375,739.4392256394648,765.4405139142734,888.9055042272922,183.84921379886345,749.7854344925473,796.5833615371622,885.7318557359336,445.40093157364714,431.1688050580458,656.6174777614721,705.0658310457462,0
22.92411003821271,326.57049610667224,628.9625648289109,275.03809004158774,870.0875447947631,866.6290853436683,116.57147937143276,493.4830574239423,37.52783918727043,47.779763720858014,774.3863170487127,880.18040371688,176.62014141987126,925.3486617878463,196.18641881012954,496.5480970866082,134.50079500688872,933.7321477977006,465.325526361033,22.795806925089646,1
920.3276623549135,239.46707437356818,660.3436371130813,430.00432358339725,706.7596768920524,370.96959972746527,589.5576704213181,388.4330789884551,251.40494486821862,83.88746908837751,559.0955833501489,306.7029563861564,732.5092456742492,307.4429813973315,75.48337847460785,4.997842691563115,712.563263486437,642.3176955514184,220.34216349383695,19.130316841615812,1
975.0253248071996,772.0520002429887,393.3240725150727,721.0390228206205,755.4300936071663,796.2772916159656,863.1914691839575,691.3264590287606,368.0053555843803,766.364617307992,605.7472983940617,171.65235753965135,488.3251383270688,613.7592723876472,344.54449147229184,800.3416316220515,489.9231702420734,777.8767642620717,207.81415434008298,786.5588794804737,1
710.4230748150231,677.293367777344,618.1782347469313,840.8859167806851,287.0689806088983,3.720486576289983,527.9230817228697,226.67386009510793,860.2880987904945,151.39192124108502,220.95026431184726,279.58838927054643,270.49734891172926,165.89087810669324,3.4778803859332186,749.8354490854233,576.1945347238125,821.5421817960528,501.16200476187856,554.5932761410604,1
888.9148179184647,455.5129987308161,620.0694732087442,80.08170350271749,578.6167735479668,60.98458079660385,205.96527137603314,681.2609105447482,153.4307021330591,455.2198454968899,286.12063362067954,289.6946385127379,879.1750286655791,390.94323368297324,432.6370073212181,506.64577815792154,133.36127675273534,508.1331038151297,408.8639930856041,679.3474348795985,1
25.18418621438878,52.463341640996866,331.6366229947669,261.4783400266827,6.9216232386745125,151.47474359357437,444.8504309417354,810.5000945258056,843.5635820895844,710.1207400302711,759.0007302750273,842.9047540793622,448.82520899563735,533.1594072047724,191.51059467910216,584.1469355049908,831.6295289155646,236.1981119461485,815.4096980117847,153.23402996746594,1
941.7503896063245,816.0853810312481,851.2628053489738,419.39841659729115,973.7704921512916,78.44794812451251,370.32301237070243,582.735056661922,57.71192452818907,319.05568060715206,9.799860751453004,289.87333463431565,659.9741847605279,709.7702862380489,836.6025982720272,577.519907730394,754.0456618785614,813.9449733299167,730.6286275693725,357.56873646692765,0
130.38847078776138,306.076605160864,538.4078911426335,756.6211742871803,465.8785357730758,565.7749302160139,969.9021790480149,285.6882153208573,693.6264433340882,869.766296789384,858.448146716552,181.56987024851978,67.53843569465678,561.0726045590608,86.4586633276947,405.53302602621545,816.2272391375074,174.7191159647743,995.5031763516395,151.760318898313,1
298.5563053241458,595.7329583619543,358.0288843469019,447.15618295849856,817.003939103117,498.69664519358435,154.0565494567201,379.9028077183597,379.0718157090552,216.73188193803162,672.8786359285577,382.15609218604965,59.38694788451882,644.1682106533955,813.9209746297909,645.4205953692901,759.933052089308,695.0227850281522,763.1905554716956,446.38117862319905,0
901.8601210396843,461.1913997173506,79.00424280814123,133.78824003295452,507.832425324646,237.92384389321498,134.6660242932699,218.63575792616518,325.9353163693819,891.9948027207191,156.16910102399927,778.231557217756,71.22392235427067,829.8213311573418,146.74270191793715,673.1959027737365,254.3385000390227,833.3069850210887,745.1458283156015,114.39654194055915,1
366.44196966502074,697.0693139639318,415.0579201955447,266.4152649427647,130.9374115730335,248.57621212196668,927.9511375111114,360.3044900442187,418.1121263797524,593.6717374702711,966.8528781033635,958.8360005478187,998.4747391554006,80.51428373300074,278.54793963456405,868.288366107122,390.82838047085534,659.6132181998021,16.54424185864467,832.5442689877201,1
895.4671500236591,308.0634265916894,424.5985012977807,841.0122824757867,581.3702680942943,291.77747382545607,63.54665951819383,548.0718102921536,549.5133176617032,996.0836455555668,693.2295254848652,163.88897622660147,797.1462683686353,496.59651113159197,211.29702732476142,426.26853741820423,13.181998776759517,478.87759006230067,279.9523280163676,628.9943535685999,1
753.5075270488942,319.57837390512753,830.9406347804303,548.630624088637,451.8297538010926,826.4070292620023,99.90157090169194,597.587815889706,575.5558520343831,952.171299027641,123.86865684728244,307.98590104199855,604.9207494448481,953.2088924885345,729.577683113574,78.88731623392775,232.7373363969476,647.6028349872114,599.901852568689,990.1236786580071,0
330.7744992122892,152.32927037543996,342.0187278586383,623.2312619498135,680.2163813131352,801.3352179180015,149.1594078629508,176.7460611110463,973.1494955283341,74.79996303784453,32.95796169707166,188.28644368699665,128.99342642790856,930.3089150424453,870.8169392700407,375.52457276107634,949.1643604095567,492.5504892571292,222.61954169740972,80.65155499029164,1
955.6114698009723,732.5126504022338,689.7787938066898,237.3417165576167,952.3312880202601,628.2753609717766,556.3541188980832,463.7589544811397,965.6782450177573,70.43147393491356,316.7274619219752,452.093922335575,578.6330278635812,904.9982274487612,253.86450390688987,344.788962877159,575.5425549650465,779.611512092349,783.4477679578395,18.949156173996396,1
273.7932729434712,404.3006249036589,664.0021532373404,518.7501347198744,480.82880046714047,10.382681707074237,486.83946598447204,116.58313075707605,858.6912358091874,933.8069069275655,337.2854538473836,209.62437978863446,238.23313089353027,74.95912984653164,21.92690961254906,176.72029072279884,92.89404248121713,160.94779576636708,874.5907636035961,690.9832836800632,1
908.8400918527237,21.683408422044415,978.4627878725333,231.20437295158902,404.60227429569164,265.8436178830945,525.2850403988841,119.12939317203065,109.29800843863391,363.19716645697775,831.0268059238948,35.01385913150246,369.3663877578306,787.8835454489293,724.1899635736975,398.32924476325815,787.4470664724272,899.2355247039239,967.7388171049529,640.786661044763,1
895.928841521733,389.18235377431097,764.0649124729521,479.67535666588714,475.1715263461359,683.2473150303393,633.1036697595889,248.74037327664723,904.291369331189,845.0325459380136,353.7272153411545,789.4520693639074,850.8063801526109,145.74203960910992,551.7368453317129,932.9138290144272,573.6570542970287,807.7534486359117,455.1212093294178,851.8661546495507,1
866.6919628091047,455.2600306678637,129.6058735021004,614.110731456407,429.3609861610501,901.2260820100684,599.6794277869345,721.8033307417377,383.08599266461476,104.72206935022432,786.4932569459125,170.9670680938813,383.91637418922454,404.35471254022184,2.01502571308243,597.1205479851126,218.633963102823,906.3898571489069,637.8200639687739,826.899797692631,1
982.1080062503646,832.0165936235676,984.9276473162257,823.6886479038278,611.428604841971,683.2031269451454,543.6232930645577,756.6025900751673,426.45164511359445,272.00021592602343,544.0454220082531,370.69469316408475,480.9055043042173,799.8937703080875,645.5851952801269,250.912071851636,351.96568530474883,911.5853721057447,619.2691881257349,949.2743927170275,0
849.0984351311007,156.41370514746333,297.42140908867066,853.1343641794286,527.8188256942491,205.6725246520048,305.4090631380051,724.434850644263,798.8247900149671,866.8285125671845,591.7804092651697,972.3434514739321,168.93172694873647,677.5113046231322,866.7751299216325,71.83813654755211,313.76323276607224,253.12675774830308,511.6656998881325,224.354787417826,0
115.62734799994546,175.4928456774365,982.9364549568354,322.07983586024415,151.94604389178312,562.2375414441857,482.17125124551694,675.7655413467414,802.1108858353679,347.770397786183,78.49972032621477,826.768972522372,392.9483465328891,578.7889791734182,971.5298671742933,48.10588556418727,521.5981334817085,462.2623759351657,980.3586123866035,283.1612119024646,0
80.81063300134173,576.318632505967,595.7312484718395,357.1139335409241,580.9907009125284,777.1637013101156,388.77439752578636,555.2458703245768,65.36395330607647,606.3208866369265,71.56938740229191,603.8653237159751,141.1120838165778,292.4433193240623,382.5393711216216,114.92094133536158,257.9572491556825,98.36230737504503,885.5677093516632,341.2289091721591,1
796.0732321617801,801.3060476908208,116.00126616189677,594.4700845740268,767.9923480598231,177.22082395247173,872.2164324807428,634.5940718277127,843.1876118711596,701.800690322966,700.913714968256,856.6025077185741,937.3770479812648,259.892892294854,273.06967115896555,348.9288951614058,370.3059706589211,621.7811981807893,11.595748077414147,769.4261800313969,1
169.44543606368322,211.959083704368,742.938596661574,960.8705165422529,159.31327212403866,117.43652197816733,430.0486868924501,15.474649011972375,31.4980408620662,897.2318670352806,575.9262254749125,418.97632121577,970.6360072117542,230.3957506456683,465.9615832838324,626.4855003468689,19.526472654213034,857.2919178833297,614.4335732407236,256.4103653534675,1
72.00638788044988,77.8188570905064,136.58786215485352,887.5064140239623,927.30534675406,711.7245297888215,345.1528158622696,267.2568474214998,349.39647697989193,495.78865144737995,679.8029973697287,261.73963601328853,990.8806262774442,585.7782425242536,377.64849295365934,364.2804310415809,897.6587436567287,357.56028487633796,538.1290833059662,94.38441830746413,1
851.34519343998,78.7402263264071,353.70317906622006,343.8359971580137,338.97074586026423,148.55358666444562,140.61040091205112,43.32286219630199,98.07174517646,615.9613725424769,466.63451701706515,419.16206290637956,693.3922462356696,93.56916548058736,27.342327222504736,751.7301621631278,82.87059304876776,848.6088774989976,186.73333493109655,441.71617911727236,1
221.5661156077553,645.772379208555,100.219163998858,985.8529804670809,197.45319963354234,131.32478830660287,938.0561355016337,424.14066419059225,912.2562702900003,336.81392168800863,945.2381951253097,489.3135613336755,336.89745542355854,570.4727098896096,132.63063238894935,567.7319958249534,12.370104699021113,734.551575906528,362.86121861784295,166.07671979212657,1
140.93628075426278,368.22053660379805,601.4062142076965,194.68448056599007,617.7412213521046,395.6650403250461,914.6287463042208,935.4888090100071,271.06077956472507,382.2134649659608,734.3870644634155,265.69785930933756,510.48652105515515,196.10527249806887,488.61568492524134,549.721132080082,538.5764628428697,147.7735937533794,513.8659609117146,626.8622681187845,1
796.7929491145082,895.3686653394743,414.3836023673545,240.27196276334917,308.0154104388765,903.4153484966565,406.923632667522,742.1582342932054,329.0236256691073,358.2315543466974,531.5565403783067,549.806343058096,918.323714724665,368.1512188858238,61.721994371188856,168.38805627030274,9.832640162879214,833.9371352156611,534.4536150978035,784.199561945154,1
250.41075263879608,644.5835005510444,573.6519840451729,308.6108308485113,744.4146100019295,357.61524676278924,732.3976485172252,373.97645467027394,23.766011955143163,766.3712232862982,290.6400599148622,107.81710027591174,56.46060511647333,312.81276877230255,27.523829782847955,208.5051437409652,775.8452958754214,924.4381065918249,558.047941503425,24.87886653471094,1
139.76953107232526,264.63993175567356,334.1379853118034,240.02424462975335,506.0179335772229,210.50586471920064,340.55968488362475,321.49089833631007,980.180061182984,651.3645006010549,267.6595279122304,130.16534343012864,293.8912554222972,911.8499279065771,157.77267457156762,242.67621599159494,142.75290852509303,298.2915466108167,394.73777027708746,853.7149873013086,1
428.2353285665137,262.21846470689957,53.0663702297377,885.7971470447593,931.2013074064088,580.7306035377375,860.6266453601186,482.0981967011875,599.2321132865842,392.46428908221264,542.3565462360027,33.66690204461686,377.35785873202997,522.3635741323718,319.4630106836642,715.8065891230749,995.2773401985884,191.83218177927498,592.9152500843204,945.0659389838618,1
864.3550941734491,620.2847679710333,891.6166299120417,336.83882728850125,176.8466025315697,736.3469952922298,618.4036541738232,875.9273335648993,135.28495278730702,110.37294139980224,718.2811282649812,241.85748553920038,674.0413723547138,624.9942678283577,623.8141791787021,314.5223023513968,214.99898475817113,716.2082346046143,856.7804681070749,369.072900210338,0
696.8133079141463,535.1866363466044,812.8387774583205,420.9234520166672,232.8759809335521,363.858095779619,19.300102852478517,822.562877330826,799.341123171775,657.0703669017486,770.5594075423949,892.9337477485648,116.36603295495863,844.1897635736242,815.6946666625312,706.8895098225796,516.9564416953631,41.89462823272627,510.41060556438475,800.0775147169439,0
911.076465019132,889.1716681237086,166.45544112380983,677.5665964365602,472.90697085968145,40.18869231202083,879.234486539514,679.2935365784817,122.45624638802566,578.1167153124644,494.5556130923442,540.4655117499616,103.56180949850979,508.03142186273476,102.22115329560299,70.69294066571474,792.8662068716436,7.714047818641823,541.6687404044383,854.013646348575,1
777.8672689050971,879.8171844206053,897.3941943226283,881.3455999213528,303.5895289242917,431.79279950284155,681.1169683892293,362.25860493859517,375.2578509140682,959.6097801289449,512.6716387499808,917.5456416208319,599.5983701130888,908.4964197415469,687.5403143679395,118.82787426620567,252.70100976160592,872.4933465473464,523.9496023199711,171.08344285196318,0
87.02284123966497,625.0165845915293,58.53246415549196,327.9032402363572,457.9734705851589,482.07741584865005,76.41532310046584,676.3460988249689,864.5652515898902,738.3791133030294,435.7407561193144,480.3481427623404,177.49377132305034,646.3418362465487,420.65767202396273,24.38332295824841,677.7241654356515,293.50238260423635,634.6138989718471,824.3937401395484,1
55.23815921265629,897.0417372747975,476.11050704598404,158.0814281700015,590.0714507094575,490.437906201457,810.5596379473542,591.1729172054316,960.8148889049805,853.2936368326465,446.6451181794413,56.811963983574465,581.4164785343071,668.3041017111246,344.8010288504115,660.3162871517118,885.0875260425953,292.6455938271584,197.89004173208048,936.2233693675881,1
894.0190644351811,254.4033406842916,702.2682654312708,831.1050991550673,202.039707491383,729.6556088401419,14.865280030155525,423.376701296027,716.9212250413394,360.0835361124939,794.3407070965926,421.86534427613987,799.5090397531355,531.6793952479152,326.4299965747526,546.6536984023637,955.7704683343931,518.0528033668054,797.0726317160604,173.25516808731612,1
963.9405866871083,248.89605722221242,749.2499823035583,185.31082489564565,685.3549096354649,458.501827978015,173.2713778854592,969.2324686080354,309.8325063280736,31.342939383665502,447.9794360734459,548.124951448935,2.2108709474217836,517.7230753159661,997.3716910923509,142.55540231879505,545.6729229331722,570.749977873248,96.92492315488299,353.00733757862923,0
793.8258528736233,780.5106917261814,356.89815179127424,846.5249648609531,730.7509440162713,948.7111743111567,992.2478898575797,212.08560715809256,498.6714173566419,730.7591416644417,492.8768664217509,489.93685730896294,625.3268764050459,774.8343648533478,582.3824785904065,426.23170346812935,431.35755110975003,465.0928716719377,200.43552188681468,850.644694835166,1
306.4788346580013,693.9189703926985,665.5206031766489,957.6775299330211,956.5195812876779,999.1797962312762,229.51951919535296,188.1113877738012,650.1910697397243,798.1540711481268,335.98199819722055,539.8611300184888,76.60977944247294,18.93146045869143,768.0202479056237,357.4448708508426,30.503544876852917,20.369594273164093,549.6608875648287,215.4277664080816,1
192.08345624743794,798.4968094219696,224.04357152292832,68.8949523777359,480.4487635253445,541.4256436173408,359.55697922907046,219.20797984308936,502.9953772549849,30.504179669676002,588.9277295673608,295.63443002408604,769.372873166999,331.0937900784442,281.44255819897046,36.70063499722731,221.0740208170373,977.2165066014767,661.0702192915048,909.55472715698,1
928.9836879880554,159.043631481248,544.2994030751777,430.7320338228776,832.0774141017055,620.463343453732,816.5019508938899,791.7612011449747,859.614283516138,906.8058336270553,360.138497814149,382.85081265701126,773.2413427170089,949.6133595879732,147.66702823638033,338.21073109017954,801.5822729539625,550.7536827299895,964.3844295784933,87.04017951560373,1
73.66610054614608,857.1584605784866,323.88270203029856,106.00369371090889,600.0833983622846,469.78158318179067,283.6918830945192,962.7325131054863,643.5662649581838,287.2103916613563,72.85762588865418,0.38474127766141564,604.6424074704012,261.0182614939504,631.0077026770754,786.1522113143599,742.4146154414951,700.7508847022797,588.8068190577958,910.7929530435448,0
642.5886516261686,171.4322369015182,683.22554119946,654.1291299441646,178.80771748896552,794.1286697054065,243.4106458448615,752.7121626431544,852.8147554966088,820.5874695875709,858.1630674193399,611.5849422006385,778.064806632357,319.60592920781215,896.1868566993953,849.8092833486277,958.7987194144391,223.89574058003603,389.9446477031181,106.54437810390682,0
406.14402732849385,949.0638757153721,20.60937167192933,510.6678494858562,415.5350469298724,627.0827859206416,30.316934140678377,551.3230472090729,885.1193236465676,733.9511973745988,407.9007425990622,77.23935941184001,114.49742181615896,240.60141825342617,147.10311733080096,822.1968791481507,897.4892637172048,7.402535627345497,545.3180628418296,145.61398598262377,1
637.4849729805948,26.789335066638166,822.4199132063458,818.395194313137,881.7806448482756,848.4558999724694,429.96783434672614,136.99009580050935,213.85481634478887,385.6198180683942,399.6458748659203,341.377914405817,767.9764367331018,203.30170730489994,723.2426305125458,88.50510078284091,443.04352985669647,84.92451058368277,945.0819521992736,480.7693475404191,1
530.5755533152906,186.5464179905002,562.8390617411145,643.2668248917129,375.6463407245986,528.3799547990708,404.4932641721571,218.37889079029304,40.19705487473024,811.7671527611806,497.5932505896139,79.36353973232801,360.9974958405898,73.09448561732223,24.985081901112594,582.1302548061142,891.8475953791373,545.0240711617685,347.2030111731016,684.0358355410792,1
796.5194718065787,236.77023030187272,763.5008660492293,110.28975899064197,690.2194494966789,391.86708009698054,201.61364112385604,293.4975944460672,186.1396571067093,347.0504088247107,54.45988571543747,399.1658222310881,397.2378802607742,216.82529435025666,151.61569317049305,563.8351500308653,354.1610987474538,270.37496890400104,337.939418005042,206.48430190672062,1
895.7710396476367,419.4942632309726,843.6212113901267,229.90162164606454,537.4700329084486,581.9820109437202,112.72659846856281,591.057033597768,900.3019263504518,72.59998560377734,862.3430980802912,216.8069775659751,20.257959503225507,675.0721184914828,694.7930363306368,164.6033041513303,147.07659069619027,730.2251936409957,128.959484604393,410.2482753216431,0
779.4741424143405,496.57991297361116,83.5661017357887,321.9360729864963,642.2611084038521,375.4673091556221,561.4148851855106,69.15202972453515,258.53129257709105,102.05179429899114,548.8685399220392,916.7584897960432,833.3347960599459,420.15446088759944,528.496610870643,938.5124641664053,98.50410408459797,172.12924226449056,490.33219168307306,299.9740087859406,1
232.72056454373092,842.7908497302341,138.71853666296764,863.9797482842151,852.2155708600317,951.6739337653613,363.3325854400983,600.9394897676726,407.98325598737006,503.33605921471013,654.4986151189688,347.7668253402254,12.672413730352549,660.7700994557922,431.5067104076524,817.0023283761159,59.048920802122986,667.0620955156071,640.6366807383282,670.9041141220791,1
118.350955423002,145.08423526453652,277.31696924879424,285.5123645264115,170.43242788276382,200.73274492004978,253.55321250348194,757.3747521276109,525.0091863005165,118.51616839047274,159.33574151649643,879.9792603149926,780.125188983642,975.5406622407635,119.93151095758525,135.52251818170336,868.1623525810595,35.42147316207833,774.1898733642879,718.956323521938,1
505.9988184796813,290.71396219214375,218.9367255952458,318.8238464985185,486.218764754756,968.1683602917886,960.2808194389827,754.2373727119443,35.042511138843714,862.0010074530999,766.9500511312476,105.77251226686334,110.10579312989644,300.73644965690085,206.93818081084524,876.6985947269602,397.54500417875636,929.7559576354834,562.9605883793039,133.76941973478696,1
522.3636094417716,775.05931131782,213.29453651969743,479.2726720709789,61.506624741035296,284.9093890625888,974.1794277214425,628.9341260626268,221.05717644895927,182.86911236900448,232.05166548858213,20.617508730846,674.1584614271977,340.3354033710282,320.11166288784864,229.5913066930938,947.2482375401447,43.11669763606763,773.3999350724544,284.4777910017576,1
327.4730361982168,446.3951042834384,652.8012595021136,861.9963704935537,999.0185401625969,415.56445531882844,527.6305981512071,830.7166461371477,303.9599586024242,522.1223010398809,492.88137002573626,855.4826803140488,442.8378171784787,668.5000211678324,254.4176099965395,218.03163725343234,166.5838020116155,838.4575062638123,429.0605956723377,175.76804622536014,1
894.9401169228674,560.2633629763193,855.7408617321892,957.080194339047,527.6189673867433,157.37178511608764,75.69615434162824,753.5396088704537,848.4332348572284,134.52828566470598,29.972096174576414,289.5375545991655,428.5359339670782,796.5084206256994,41.94778203313565,75.9754648051122,309.19717467016625,409.1132557805437,298.69520401137004,225.13683090002613,1
820.6496512958988,329.7962928977863,290.38374230512807,770.3037105666982,850.5010809269434,754.0827489258367,629.8283993761967,876.432698533887,355.7573059926723,352.5616340568271,855.0961166403322,613.8567574648945,910.1876623245203,753.838471980231,35.28169815339055,724.2318681407122,724.0324126429289,838.2780170830039,866.2085324417172,777.1302566387175,1
835.4071021731203,60.553676671151194,93.08408872690643,568.9716090892432,5.884199784457644,39.51747638670644,261.6796328643394,218.76026973910035,886.8547414922098,824.8046473812464,170.4904255225702,411.0512910775116,583.6430280636529,916.9871419182105,870.9118401358637,954.6389454523313,46.52195686547067,550.3231128241014,719.5451946871536,494.37433518459915,0
616.8979719011393,922.7513967091467,434.46900176840353,696.1358088563956,618.0914903432822,690.3741048565761,88.97791243659469,586.5943096647318,112.59576293610785,924.6120133798875,52.49885775941554,237.89148742890643,818.7891902969694,188.9217505091415,187.2373650654916,276.1353458561621,19.238594014186926,809.9975893495076,519.3664038353087,42.58142445047219,1
609.0512762642076,668.6853068906739,403.1887766552214,667.2979393929498,878.2756424332662,34.07969213769479,657.6818953142289,79.37185342551855,875.0058120121586,371.8195416691789,833.2278007688443,62.79518733167011,954.108561376086,436.35023649110684,621.5886475208105,189.42351294845162,609.1983824576683,688.7075828107099,929.8597224388093,175.34148055590182,1
589.5456077856212,994.5425446156014,911.1911491428043,279.7126193636874,205.117516857384,51.709972802743145,188.21929586559494,970.3380127577146,30.767519939580488,450.7153907999225,852.5603856686108,889.3038220905584,302.5338570836743,640.1419916672992,825.0631833509921,264.43016882751283,771.9541752053062,155.0380404633892,232.5212469686989,655.9063661860421,0
413.991818977114,462.0577703379105,684.2175127167304,825.358738143123,365.9833863578409,122.54418865994077,858.8903788922831,875.2753481728946,539.7054428246282,491.5718247841554,822.7954831422678,527.5207149950602,477.436565210122,925.6965494830487,584.7422468912841,944.8095156912849,216.65857234290385,998.8397408604562,498.73000189956275,427.6677697351371,0
697.8557232073807,528.0023753609635,739.653503082669,451.56189585999726,257.58375160192304,210.0015177351112,549.625140911927,452.7709488420404,918.8329835316316,895.8149715281725,827.8334050742963,894.4199555662351,983.4008238626961,829.6732159755645,121.6697329927513,324.2942752308949,492.50712174228005,978.6651836309077,694.7278094733849,516.4809684061984,1
856.4288123779794,57.92670114675313,17.344521539419567,930.361884451922,823.7113615916759,560.40859905287,652.0137732122192,971.4314292953508,612.418908565861,992.5648155884712,448.84305705418745,999.5104721609761,563.7278546729607,628.6149939732102,595.2807774680864,504.5585630062637,236.37628127636688,209.2541742933326,660.9482007443505,643.9413968734665,0
600.4419504987073,793.4589757797935,680.429839804472,111.65634413985947,547.8176251492534,396.02470883007004,382.3970019188624,481.49787492394205,809.2254945975502,858.1921115684477,672.794619818917,145.7524399127893,909.6270674118766,269.0223937981709,497.2302282168745,147.01408280459327,441.2589078175786,509.90929880886137,690.9476202547049,770.6140282812136,1
50.07324498130372,893.9333855641503,900.981905797335,927.9445899988048,257.9186022251293,571.2389026674267,982.8018986620968,333.52183589870646,242.36203446634974,939.3518545156514,545.2773959123962,693.9533133805521,465.05677024790435,592.3908276424858,812.7684665979491,661.7735707756915,959.4214359831489,699.2608293009158,67.19962086812149,965.5628486943201,0
928.4550169648887,915.0578139497711,89.2553514698854,389.9725779806528,551.8924674796281,490.318074894685,336.90133971187186,714.2353483329671,596.5941044036193,436.90630358052596,493.93233458147756,824.7447541840961,523.2184912050931,39.57855657952059,774.4591897203402,618.9440642482413,950.754677080221,595.4666483296421,656.8846011245051,760.0211435283258,0
636.9862285213723,409.85697154497916,472.93680186471363,191.60237879953746,315.48760675183087,978.0738666702431,348.69466889387303,696.5275950411286,886.2126500648875,876.505178047852,523.4500794432013,649.2801334279701,34.55974056936484,862.90387593189,547.270749363969,146.1200471268813,118.81184201792206,163.10240532780128,633.7834238770681,160.13712692914473,0
244.3144420956266,12.131224993777835,594.6171405993147,353.62589027144367,311.7708993405235,956.8970955642354,797.6983684983893,474.54479078975606,168.2585911798593,225.39353456574773,637.4926360227394,163.07830670673863,219.21927636118056,667.3924645330437,360.00995873497067,756.8855852914448,308.54156416763146,176.5467280262435,734.896799760303,160.03864847512907,1
576.3855994119548,530.4873838330491,40.33931723532924,56.385055164477,158.79280269572672,449.4523804660172,935.5667775903569,525.0436174854007,424.9608007131237,92.20734732618352,832.0644772427498,761.5625476919615,787.972231357299,76.64495452031694,497.67848805230665,173.0615391001522,616.0526975037941,949.432175580908,420.2358098038651,913.9281431238342,1
939.6453379120015,586.1440561936029,853.5999577682776,652.8574718398681,515.4563607871701,939.5413072169476,668.8530823547478,430.0223848614384,867.4582180898906,378.91062106717567,338.86634461569906,819.4178082337219,619.4110935031958,257.86762164446185,935.22810322721,861.6532460544256,167.494599751313,680.6415411438479,836.2248526639956,653.5058209557425,0
635.3452943632542,757.1108314263934,877.6007998777761,330.9447703167099,186.84551633887992,46.63148169682185,176.81752912261328,151.724850387428,728.4541745404589,710.7455987597575,800.2787362178257,33.45642564133955,845.0617443683011,986.307585079718,39.21937682852261,879.084595873828,231.8457260624298,829.0384311266815,174.66064639921476,865.8976062069788,1
872.2983816451768,177.16353381064576,716.3923020534356,30.492187156821004,82.07778029788227,546.991640229448,661.8572165977379,268.6386405233746,771.6889659440816,773.8860279111575,98.94468948166235,844.1561362492282,917.0823350547096,557.3110314922571,949.4170365518609,130.16253364747843,647.8369335344954,143.805119119772,90.36693624531189,34.14972077631806,0
936.9756458189735,381.9806098114985,258.26074264748036,789.2864619511603,208.0650261895517,931.7399210080454,931.5354010239017,818.5076047614809,316.3603827867109,494.985332077824,849.0768405217162,59.47089241776726,918.9146366464022,502.5798294196077,901.4617542106798,88.06110042789595,617.2788977710624,927.4538252207502,546.1145129553031,737.1146464801678,0
542.4864319427819,874.0817737998373,14.00444973090542,953.569470821683,423.2113942135485,332.1975052546704,26.0759379162957,647.7604211829066,721.4727488376302,790.3918024857478,309.3252151419498,574.6496395344805,772.0064636247826,810.37419204081,632.7066713121685,876.8423484956434,758.4653189167985,780.1700965708462,371.4335125984115,590.8788423006496,0
79.853582861239,55.438220947250485,148.9722243449725,360.12533031135354,213.62047252321346,94.66763553125313,77.13133074825474,261.60207609883145,991.5345003688732,653.8779109185908,489.6621061722586,335.7641133271882,776.6432064703178,130.76861899622938,668.9701947106166,383.73070968560484,82.41451017501645,274.2963577426326,105.21455382557687,139.09244320949853,1
605.1910784882979,856.5049127418713,791.1795587543509,598.8991176878608,443.4111535402193,578.7989919900465,587.6416977877819,402.3335613718888,547.0662013386336,162.15791226408638,254.601105116948,754.3260741487868,785.5607847898534,859.8966654229437,289.85755986752014,245.3526060259472,420.3043579755247,365.8853704042302,824.3438173038465,330.42381599275217,1
73.76327759858935,778.9713067429323,902.5465409885161,666.138704857367,561.1212123130923,270.9942560561008,247.61267183980385,409.6037005462051,530.2473552533187,379.6168531745145,11.407289553353127,524.7881945144611,51.40715392724571,799.6955327015838,971.7619094760993,977.4965461849445,321.51192465080413,62.28818362908339,161.3864775046293,379.1291496135644,0
702.5803188773314,706.0661245580314,576.0794345740662,440.1346489107234,960.371462862474,614.3862904518576,661.1913183644225,61.37447938201479,473.0561836922683,653.7043754837567,837.967826569552,343.0389252531122,182.250021870083,482.51101415288724,948.6161811341592,0.22414891115296598,351.29399924251413,598.8366742236051,611.8663770566435,323.40868035007134,0
421.47291316514855,525.5000232460028,127.33847926136843,139.17491337921473,16.142384506050433,569.6350807499122,204.58740392959518,531.4252829702302,755.7183830399058,500.68102019859083,389.90824041582397,515.5572607898929,654.6112293045169,528.3709847837551,278.7927210245851,690.0747162610112,507.2157000933482,217.94748643362993,117.73961762034845,94.75156041832567,1
458.75228047608954,873.9122301055669,111.93695749905686,10.897609979337087,524.2370286766753,654.7587544493692,445.9541523268594,922.3908882430725,951.4523749477208,356.8463601515549,117.82729482344911,125.37743038338667,668.7117058558372,474.3130060574425,238.00072770875747,857.54544692285,55.62820876904717,48.70898606223617,679.0360623573566,167.31306090071485,1
195.02541366568803,917.3273325673778,106.0532187017461,86.22282485753097,975.0970551698803,93.74360669993543,215.3545114751806,172.19954861738395,322.6021939507335,711.8201265344817,240.5487575337477,467.8338260345506,235.20044400866712,489.8841370640996,800.0918426876722,72.8076375830895,139.64493280395317,695.0347568861993,213.0262124782416,86.98537164097885,1
226.56833135921138,503.90942448067455,537.7507260449129,752.2470519473444,671.4560596370544,661.2702533954035,356.2778417755047,576.5987528854623,246.5017417538582,787.3697808345333,484.0250291692765,698.8742622700712,41.90968305494036,897.9531925301469,840.062463250662,925.066532747362,405.2749205771444,398.5443599856272,720.8140184844385,207.23545388596955,0
391.6626263346228,32.84849567455505,97.24296348063343,895.1854019816014,291.5640720684022,938.3259729261499,586.8781849055669,523.0422563020896,4.675166807989406,633.7260977904606,54.9719325854432,271.15840554998414,460.76610130556605,522.7907253930696,8.396037057027073,328.7921167441032,726.7170646623807,346.22666339723975,569.24147606338,934.9722290349392,1
495.41599131470235,502.5007503122759,535.6333281738353,239.8511859984448,936.6579095639909,594.8743706291333,826.9587586708619,454.6610097957721,251.67548203113734,424.7981267736878,191.04205018443798,63.40764676619659,252.93919344698966,859.9416188752832,702.3384773443598,50.64116718114919,252.12529203336064,706.2147135579511,350.13463039703083,117.7282007318794,1
882.4906662770782,669.7237163004966,732.2026870417635,742.7933399940805,806.3984341638338,683.0191839803194,329.675311883436,964.4906835582996,548.1811395473447,867.8371865572362,93.96715754925123,323.28065530345685,197.45706586632838,686.1929270631655,925.8466218756159,486.5188548124794,699.6109395958665,372.1861202504324,933.4802456387254,217.52972289221705,0
605.8423525894804,271.17289254199375,898.0702480628969,505.6288385700094,244.78310315789264,847.9809948790959,417.0751834612385,396.7983187422671,274.8731824258228,504.98734852654513,464.8987798612334,555.6500713014673,783.2911249362802,372.2796594733084,731.9824189263991,656.8302656335396,800.1728548770858,324.71447580498057,858.4790633261131,620.6236920582108,0
446.89905584326283,875.3610054157326,844.1732898757946,558.8142053549029,985.402420777488,781.3157604869697,158.8172522996103,231.66224800312295,183.11167026571073,565.0210978217763,88.32919397349825,679.1870954085852,315.15193643811045,6.471686555831191,578.568382386096,109.81196524764958,379.3873023708054,443.5658295358651,261.3332007129587,321.2573643164639,1
717.6551449927639,570.4583601390515,462.73785152220717,898.1501249086427,328.09002600985184,410.9425706858341,234.5000795320833,836.9736375546529,916.8598901704753,848.3941017791286,63.12644662984024,587.5212045520918,480.6093211997935,372.3229096562698,143.84784300536646,981.0437350564478,977.2356736025073,949.7700967048365,857.6704135839228,508.2943234079862,1
581.2945186824356,891.2034950039587,904.6621321476741,542.9526577739805,284.401822797561,448.98733089548125,727.2925530171167,543.6076093801579,369.2794232820584,442.7694200507497,985.824615505355,589.8203311269111,685.8735914092771,286.76291726797854,381.17042173200656,795.7424124529252,543.4034315059479,581.0229838020264,609.5106089174918,50.88993836107003,1
702.6359837403327,990.9251706731081,983.648997653275,197.1110042499936,288.99071919803066,914.4520645405668,287.3334989676288,242.1044944086246,413.41179550714867,746.380734904829,603.919548645953,875.4086041563726,511.4960129673327,561.7162409279737,833.346557962829,540.8796137493063,103.55995906857241,552.4704817542371,930.1073119130064,742.2537066392249,0
1.463317120266483,193.51478447415826,84.9309053342937,492.88593631257015,921.9404063386343,806.4220791969909,172.0153421589713,998.3940307380864,806.0243847276905,700.8143568892344,331.53063686458637,548.9869755862406,565.6206663680498,365.6660270141581,966.4007573050471,961.2856145912059,259.7590098614652,953.4773521139518,749.5255788692465,292.2842316345379,0
280.4165669402613,915.9705220099972,996.4694508717803,543.1069009359534,60.174992115738625,501.3448698602856,287.45945946538023,771.0690979501277,869.4607347032097,801.0045509199877,668.3978372931026,979.3538978280314,392.1343391254691,196.00058036619282,536.9736548241823,238.08419413175852,937.5927609882644,278.4270037565545,393.35623556360946,39.656551745958836,0
112.22029852226068,649.1836404496089,453.49097918245207,899.4802415669978,564.9661169827423,119.14603025420412,41.723007187275726,69.78491243248241,115.87344281894374,539.7263927489223,274.47291097045525,227.50583443189288,873.2925263758156,949.8229453022669,475.83210949128596,789.1165356089325,841.8704173666395,744.732116975585,689.5103717241434,878.2883565717617,1
613.5017917247601,633.5777706413073,797.7480960611749,355.8689007058974,834.6550123244032,995.8455332017252,826.6144934482593,151.52275663847382,533.2310513058728,535.8930920090027,464.26784939399204,852.6394863270741,873.4569184865702,822.9928131049178,721.2545593746174,320.74203464920595,772.0814593663001,516.3539419756636,323.74284808207966,469.09341987665596,1
377.5535319205248,785.6664880940473,789.741652174122,266.9333657089109,166.2225322562847,790.9655108109328,537.420358550689,786.9461270709661,313.78096427792855,86.29243723680169,629.8954144851324,574.9829947697157,313.38214390713216,345.5908378846745,847.2869508558462,509.75669466055007,431.0173027869465,50.494751174387844,26.543054518200492,513.5038867709075,0
498.2695336561264,365.92369003988335,806.0727036631256,495.4904990004458,987.5161257565674,617.0940519254511,280.8005200484829,592.3553265392342,83.6378006532802,534.6764607692081,0.9609948579742955,889.4253053148961,569.2871528330538,628.4980458591903,199.05115740063505,646.8153592278744,306.79884033116247,243.76833412372056,605.0847820282306,668.1460497371888,1
779.4336394688047,32.40208292079394,96.46578618657209,536.48225977424,88.0667711980816,464.46956760053337,236.7948604603236,853.4067866481123,504.3397961784389,735.1324116925177,639.361250242673,192.34508964067464,430.1973613726654,674.5929046088095,692.3740375178633,978.1202915833533,23.946170034053193,177.65343714802674,481.3408405963674,711.4364747973342,0
932.7239116905218,836.5178563837773,376.4078528141911,470.80918596170653,597.72207592906,671.7006173963657,277.483498083986,536.9300509558456,53.66570769229118,728.3003309501632,292.8616621394122,840.4654334185054,875.2004095367283,203.49306871356922,780.3575488275046,262.0360183378462,26.374959842548783,833.3236375244578,495.2593890367595,130.0926704462545,0
464.2239476072565,700.847615372542,965.1662670331777,226.39251944278504,732.8672302493699,297.8488169242112,103.13375861764584,368.16479032513007,709.3280425752853,5.773377217871523,617.7337327601211,79.12578397814629,957.8279202212384,591.3427065563408,410.73628513406334,275.7461372679164,613.4542653005133,203.84143192807713,948.2474307667666,744.3603832288567,1
209.91565995939342,18.256157480052604,525.954914170761,129.24462234134438,652.4160644571235,873.323562156072,792.2176863611414,209.77756757596234,553.9091157659849,822.0130574406114,873.3429576632611,440.07674626055814,119.64618421248608,317.7514754046828,322.50991779823124,544.9958807383947,10.499001562599307,199.0165762030658,636.8906900073003,438.03712984135746,1
998.3331308558153,155.8764279266682,788.1059864646099,749.0959339902425,303.8397096873643,319.2932470775952,251.56332465981944,849.18771578209,79.23139330259244,223.65004578287684,725.3657109542747,592.3624059483406,861.4627559492551,140.88857688286805,586.0162092415774,553.4953231843364,608.8178824818722,465.7039465708515,987.4117774532288,725.4154209466823,0
578.1633084657944,134.72698483136912,961.3501102523993,415.4219314672032,102.21288825663378,94.33699686396035,129.29340547675338,688.1993134197273,609.3265167087764,789.5130206872118,633.8651057314873,609.1985031296991,427.32310701937195,606.0310869973235,848.9796130987988,93.43730933343808,788.6847377626119,94.94011949877334,994.9533930346092,22.8151965278518,0
508.0302603808965,18.312174409266134,316.4016604775215,707.004905491064,275.1242487577553,524.924428176014,315.151115409354,731.8362623024491,496.46009876545827,696.5798650341497,531.0312245830484,874.0845653378728,19.929645684791385,729.4292192768362,850.0692877318171,622.735133953057,809.0941387256563,95.90654366389096,192.20406556129643,927.9541480643334,0
534.7397508208687,38.40554855529143,389.7943072543492,58.114766530072416,49.39464598041565,727.5899182536715,441.22779569941287,251.72957302492128,350.8639027771955,316.57005793534887,231.75833365521348,561.7848538238993,37.9144525155628,684.1389095909097,946.1482810895629,823.3555174804792,476.71383823319604,51.008109812896606,842.3572929360848,626.5401884285478,0
683.6958111597069,870.5106982616262,329.2781310272541,227.45402859647234,666.1363025681868,23.67060720883696,350.4584898004215,605.3978648245901,27.754522653928305,159.93694968245887,732.4284020503073,425.45040682558755,786.2159127688394,333.33233829985966,98.60572248647203,590.3109599505646,443.981679414993,358.39147679281024,50.1075244268866,951.73565235158,1
548.7503235932644,164.60206781664044,43.60658044693943,586.4777428153686,697.8919286771038,156.3496509001139,886.741507072706,386.6596991110631,260.55654626997335,823.6871481835996,432.7506581316272,755.5905720365223,804.7617581653707,108.52921098905321,91.90488807078623,84.47264569458845,751.4833330058214,206.41723543491085,934.8766172170237,25.80681138367902,1
155.5168739563918,645.271816100127,528.9347270242816,610.2429150597673,963.6260679982508,775.4760460392746,912.6800989128731,122.0098318923718,60.637736436132016,212.5487527522888,944.3034616576489,27.108615272777858,279.59480255164215,629.1404759699681,233.76959980381363,221.62134058051996,832.8221056554345,436.0383339174262,414.92932825413106,601.0526345052855,1
868.031840431162,209.93919842170683,353.74417302790107,0.7410782343477695,826.5169479796041,146.67376960272327,690.9192115925097,521.5495276364118,989.7855222367365,390.45121944014613,748.1662647686923,882.9609599744041,349.34027840803617,817.055912469092,307.86180332248716,254.33815837373064,330.10443159401694,435.0589048029759,534.6551715481481,732.0083571955181,1
216.33405856285958,258.31955468813715,333.6079065020425,772.31959224486,121.22800497944519,10.769114407129688,665.0863824629556,778.8214222790285,832.7309555335354,687.7114940951027,260.1607600015365,239.1922215214337,548.0706099807815,56.55936667343264,644.1100530325068,780.2582820260425,82.83809085384996,100.22132134735972,207.26627313811463,641.673768030531,0
604.1247310911851,752.5536263166401,889.0322162135091,13.995849690802697,968.1424426837682,546.3057226098238,225.71522422375568,196.1908886561774,934.4646342226127,229.95254549491938,927.5847805209638,402.4840003152612,519.0636676965738,386.44341858515196,746.7732963995801,121.50720881058984,546.1185520642466,169.57553566642758,582.7837010045517,432.72740690608623,1
230.20312874424354,769.4463616499837,74.53774070495788,171.23914860983257,739.1539057697462,836.5851561481494,76.6032596677716,341.5949302780136,699.1464512218239,359.56368229260204,812.6964678367257,772.9175070030066,666.8502100673987,93.83123427613727,79.60186745155107,789.3885334026564,907.9250429058222,60.739611419879715,583.671238143199,909.1985063028211,1
515.0074011805384,993.5022627661725,490.4963866761455,720.5311524110512,529.4649904688372,919.2014232136596,51.09907883466425,506.3306324338157,24.608418813049205,211.60739223952595,924.2331192280177,314.2495152033218,575.2547940038846,265.4765127952681,731.8755217151883,16.09946684705954,95.66450428040862,533.1457398113893,919.4020911107482,567.481823382878,0
753.4694525265857,57.22323248094763,217.41227818769525,766.913106107062,25.841089862207678,542.2140554505932,831.2455991861129,835.8338575558996,347.9342730114522,181.29691172682928,530.3090209762792,782.0707224003343,168.0023609316249,191.9720427732675,697.03014948316,180.6083158113466,547.5238943776318,896.5362538592962,879.3522317999971,388.18506873629997,0
716.0233125773427,616.2283742963152,408.8330582453321,572.4064687694433,154.66321453350074,206.20026791104252,432.5523516908869,32.70769028041687,490.63993985063,606.6432526702093,818.1429033750003,121.43386629890452,408.38129313135096,873.842290179086,451.79529800925775,279.6505360496845,117.88348922567637,316.77043912052125,791.621590456835,409.4741890022158,1
894.0791166173481,556.1267006482219,526.9172620352806,842.9749211701334,618.7449053661685,834.3339405410967,851.9564129735971,258.5448116318864,545.340591543392,481.4369942776738,490.5991313256155,847.659604998252,418.8476861117265,510.3367316547007,728.6625482677963,417.9663614300948,786.9501679361159,844.3523650928445,290.36693959980585,162.93125381190578,0
365.4840059258321,938.9624707331939,594.6450086437669,116.54712542572155,58.94097884954108,345.32864066974054,156.2303963307681,96.87166154188598,576.5383665341994,579.3396584129025,230.57637980735313,925.5334072325306,250.67738454796873,333.56697046995043,376.1528666163283,247.34909932093296,470.8464874395606,237.66000619878224,55.09298452464206,900.9708104651256,1
545.9071063981789,912.2950188423277,131.86137094332585,152.94836887526085,987.1496718136614,856.0989871440037,836.1132329617704,226.2017045574103,107.04161732706852,129.88697196610332,156.9166920731485,976.4938513953082,212.86262623936702,885.2466311208516,565.6818776353499,566.8262732355281,19.88548737810303,434.84009544350965,767.5270771811931,895.4485897427851,1
320.26422919728384,905.006118315363,192.34447196597725,581.3944162800447,675.7214558506064,587.0883682890417,583.3806441441518,415.17933283941323,261.0691308635602,588.6742059717478,919.493225083841,735.114746084801,738.6521205120861,793.504380283345,672.9234493116456,249.1349155306647,206.55611064049884,184.18701786135884,297.5270689200938,128.16833406293216,0
371.6633645975984,407.57342802690124,789.0492616381454,984.7497852952504,474.22875783710583,776.6696328777745,979.6412205656533,134.51470873131365,885.743401305247,856.2927327127622,34.79745642907683,924.1198564369195,747.5410021692642,296.8697093003786,227.9055958969467,830.2461815275677,432.1437258860329,524.4425636449375,821.1026133766886,550.1093063509538,1
15.922286647525151,482.3578995449841,346.85056131870584,171.36898204585327,291.7919496180824,533.2877345893987,16.031915704952326,129.5671752883739,716.0870691571105,991.7684664157655,520.889749622765,449.0623877495311,703.8878183208006,903.978149937166,915.8365877866431,643.0100330791317,497.50875188648314,88.46632799219411,355.85949064141596,964.1422242114664,0
529.3871139245962,700.7646902212624,242.74375639876334,13.271933952220483,732.2263572063849,103.10311375578662,528.1122379806579,807.6615485481373,718.9704272231525,956.3433587106634,139.24510942457513,996.4674655243967,904.5644145688486,411.704691585811,287.8710749390039,452.22768238927966,641.7225790065613,822.8186031061342,474.98643927224236,339.92839736879546,1
229.87086265670476,602.4317358144949,894.5002646792823,664.7039879802907,526.9573801738728,839.6913152114955,733.2181701112485,647.6700925602682,130.30154390220383,256.51406150108835,920.9838373828132,740.0628316584055,211.22214556065256,849.3483214134314,128.82354702511756,273.35890758741533,921.4469521817296,133.7398306401647,71.34989670934854,225.0812294532829,1
113.06847399137243,365.9132948607422,452.84640342017815,286.719558678001,279.4341440316646,703.5219023491969,983.6115545336828,841.1091564406503,381.49345106610235,655.8022543304744,466.32353985882503,514.3802311489584,638.3920183460125,617.7169738506643,284.1033136241249,733.4589669379432,340.78797518765145,586.9917028446805,75.85369971179657,956.3351539810417,1
435.5992105828763,718.9755857644514,461.8248557476863,240.6915639223207,454.44718097500737,307.3684481542406,8.622615085298047,967.4441198205453,336.7610908425974,61.46013030366415,322.21296698133096,549.8597982090664,304.85337778507824,454.3382850165679,297.85154536724735,814.0306818086422,594.9922049944561,640.1335735167505,432.47360894413777,266.94665664217985,1
0.7467003035179776,896.0786975681816,195.62755401260878,482.581052713006,548.3766639822483,742.7465310456649,829.5965263365599,902.4836034761977,954.7511492325017,19.039842464789736,478.53167313147173,409.8925384653791,184.9290106455811,159.32116912084592,469.08033432577577,646.7019828409645,985.0087517743526,300.56974150925987,501.14264975529875,156.3640896477867,1
471.03716785475183,382.33544126466245,449.79898329838875,100.85452363256653,484.5510940416379,380.1295346420525,769.1919581612684,948.2213532319806,743.5019240076233,720.5547412110459,272.5083423995185,601.5647355901016,154.67112911132563,394.39898316776345,166.89907376671297,544.2402035262905,468.39684088425224,598.1210140103334,731.657659211762,637.0085187444895,1
97.01337194988113,154.07028617313034,377.0582154724301,199.68887329488916,133.78630200656238,525.995796560449,502.25719988266536,296.1408336441026,162.73300003032475,289.9266932046357,438.02237688886146,648.4852468027228,211.83565104351533,485.50066987769446,876.673778791382,343.6051756998546,579.357544568941,872.3509297596361,606.2757203488392,256.37650272197135,0
528.6707396792509,262.7813709655936,393.4400514426535,155.743980702008,444.4535495425503,870.4567836525483,447.9914811514561,614.4886733187551,309.9225335478682,181.3394867728494,993.607539771529,882.9958214855498,885.9540136567912,770.9855589973528,326.87966169637616,633.5212648569585,272.3929569990683,304.9998677738387,467.16550560025416,814.2367199646775,1
844.5426406838915,183.0284431790684,499.49339558477004,344.04780877792194,818.5349355958331,940.1808355420794,581.0732786169489,787.711736277304,457.76724816276857,79.97482744375995,447.64619524766323,762.23521308584,451.46015149777776,667.6305037376294,907.7666050179391,243.59395805509075,889.8819695258129,19.453731287159435,233.38220556888845,781.5734514093632,0
279.1876213513259,169.7824357001866,595.5201976720136,853.1643650884295,311.87234085848206,404.3912397546635,248.23565080386612,450.7030857519535,129.0779382618874,64.63999771355134,105.39547945817363,892.1975270438049,31.015602892317528,917.1971046834444,921.7010648636109,794.1442332363621,916.8369622859269,512.2262337123739,369.8753477579416,868.9966967341398,0
745.3305764712111,190.72779037159026,643.5053026441182,867.5614954288412,47.36188147198739,607.1202642098551,419.48107211759145,809.0434770200922,890.219676108129,252.8842195637221,828.107505061425,524.4623950431569,563.8164158673063,841.7209799591528,578.476884243845,373.06776946450606,179.41278704263496,98.67726522420494,500.87755438069524,561.2743363789217,0
926.4825520691595,12.668603582618122,748.986036308398,948.5649981262469,528.743597904787,295.7885024337623,282.6929228735547,722.4716594412381,842.4652154557264,488.95143618629857,119.13824704433173,31.516470509583616,797.2956080045353,395.1268137511479,739.3486725856151,712.2580375506783,665.4803926448873,176.16832636093903,360.15689595519694,764.9469112324747,0
589.5665822923334,200.92973620986965,295.0897769528038,673.7026886297292,124.55789026538633,756.1494483935745,257.18489538166057,476.4502467931113,388.31716051961274,249.89469117868245,141.60559324270372,918.3278998368045,267.91943961221267,751.938468542034,887.9086463130504,30.943376430853988,629.5922151624543,26.65725691457577,921.7359557475809,637.1855487230216,0
330.53100827851154,802.6266178540268,995.6890410834335,320.7440220298342,417.67668811854975,222.650466647893,369.36851897436054,498.89354118133,247.28761037727466,737.6276885467989,252.50434497013285,390.6090027338643,445.36036869658,80.50056273349992,273.8042177973862,942.9242510950222,352.57966638018814,340.99140014546145,152.3780183134018,700.7678587703906,1
382.604323658,427.46591790977675,79.74686463412783,970.370581565903,517.093326678225,129.25492949062044,603.1398053830226,617.3375929956121,862.1980453291726,555.0170932157469,211.0236879187084,537.7432857297331,568.3474706904543,470.01647449128,433.4915331068686,256.79796478837955,674.8131356571645,330.7869194112698,13.664209395386596,26.438107970427893,1
287.01686301908745,757.3508756792355,2.3771799039874475,625.8940152606687,610.0263512143869,213.5450143170653,431.0152195205086,419.28285874428616,584.026334207656,499.5551755723063,360.464942523097,519.3066283919477,407.50029129675335,626.3647881560972,101.662283136576,440.6579803935278,528.61774587443,975.6115436735895,774.6954525013113,992.790383342158,1
123.66821093291014,910.4107227083405,346.31044471948223,149.80847742441495,580.8265476979784,65.17745003452391,843.5211900529255,194.76920505504714,737.8601976343116,358.42919780711037,345.4444144187735,428.396773103638,549.0127161874238,243.76773283309706,309.24002085603206,94.9929515824075,398.133953174155,711.0394503990947,705.9599329132998,228.16867581133326,1
893.0859954489235,794.4878467960945,729.9730367242984,458.9335039284288,228.72811604723086,444.16946528543644,298.35476560905494,276.35293826574656,976.5760757083048,120.61571190155817,367.20792708752504,97.67363330381407,682.6227144633615,329.7608630726293,782.831667475158,23.718869966181998,5.357973256002291,134.62701670399423,309.7010559290122,622.1964323682167,1
767.1465503478348,298.99923275501106,635.7051118478438,104.2430315947528,920.0100828325096,984.2650988953199,860.732531455858,466.73475741567006,297.52232474357123,486.65551409871955,967.1574063578493,752.6892665631736,270.4661305264252,63.437718846505284,545.3687669967817,752.1742978868513,949.6516664989795,929.4704100572984,692.0296640223532,157.1039414690013,1
393.19879987391437,355.9438809635016,722.8677875318215,650.5517538828398,748.3075682426908,510.06875467601685,619.6996298688609,714.9559531767885,33.62311735863588,407.41774452182665,263.85399173620493,334.70688799083615,48.8731829599397,369.1325211201993,859.7346917735338,254.28584232308637,134.72856361578488,638.2612359556753,372.8812084146745,152.2996530538382,0
812.9852857809753,877.0484911466141,921.4499885909379,116.03569940795744,804.3900498290036,59.61797119514378,510.91713076133783,442.07175885483576,4.142669651240771,230.5324124541628,128.16830633472276,982.5878297803351,863.9186290822701,603.9837578780281,649.7188439879338,778.4796462138667,894.4073910178046,941.2533724711647,956.7651400410025,262.03093229795206,0
954.3111150814076,597.5661473101777,773.1643622291273,653.6851811532209,755.0129403520585,899.5916933242365,469.8444631669214,959.0490684375419,0.8439809415052846,440.2610915224598,193.42498619452297,860.5010433685131,226.68532674257014,184.09684800366065,240.70262970812018,344.75620272431973,806.769592449321,849.634433600985,278.4730403622535,352.8796158563353,1
815.4023890857778,966.2259169410061,253.1663726969814,930.2160894554693,932.5488245257752,126.70742911970234,827.7034129571869,531.4353073128475,29.010971751672553,602.3469507065829,584.3556727575199,454.46983298810085,595.4524158063268,452.0529581577899,441.4509988810531,647.6810280897614,157.27978417938516,684.6075380935577,494.9984334248551,125.24306282201469,1
263.4127220910798,355.7346974201734,314.3454471862763,881.9301090213806,710.0699596992072,44.959070758898264,393.5118082769877,805.0068232346048,917.0024220248885,958.4859562341378,221.44256953932774,40.768353331565365,166.32820315353925,549.8877589614385,964.4842067612909,390.56033940428637,212.3202310954957,915.0395138166871,550.923010487958,795.140091556349,0
883.3748668304319,136.53353340635798,48.95661966687204,108.51027799276869,108.15152214722623,214.7230321444581,574.0513535026854,341.04800276919536,903.2986627648636,628.6252672940398,571.6795184655974,347.16403334784786,777.040000579489,67.80811908296391,490.5428886590586,933.1041903299608,673.197323352649,395.90815016425654,926.4963269839673,813.5518087776609,1
301.9755550446651,775.8158419079456,510.6834095716222,209.5017225338378,124.27108034962231,942.9215582425983,776.9204073553607,125.74836319050253,509.1665630740524,188.0170134878454,934.8086116162432,686.4730309932153,557.5980433024529,307.0077314019111,922.9207644438092,94.89941035047423,682.5525154935157,775.7023677551288,961.0510867828912,558.7579724730975,0
665.8148974733591,532.0912987270965,376.5828609734835,28.57785974027005,212.38059262781485,933.6836463866772,940.5907303832232,277.08106445790816,433.88871255552874,292.4603059984543,734.9773186389668,417.55316981280953,906.7261344268036,938.251311249485,685.5969419657242,461.1252107904371,948.9912056139934,732.2080753898762,460.9512564711793,702.0127406866307,1
562.2811055293463,498.7329952450867,487.3638712250059,459.36860384361313,396.0816806261087,420.7330869340523,402.07831914406165,220.54856226052743,541.91878840718,641.0754643224724,135.37743278050007,34.69677985027442,283.3670020304512,988.5862901993826,518.7057109502198,25.102345655073076,914.4025155200229,898.7096069257494,699.0879559191005,295.6488552571431,1
721.6657074175577,451.03682584015,924.8246647864356,869.0318933531937,162.77392435366556,409.52235588381814,674.3758875419951,322.62643852578634,768.9524931255996,685.8215843355463,502.5565259915612,839.6089096502794,641.0318477319322,763.2327027515415,282.14314780939753,889.7345789091003,232.46002165715728,525.1360936819854,714.3874299227531,979.3838267506756,1
975.3408823860799,906.2466139565904,895.0646378750334,349.65440446163143,86.93790428002546,498.11563389928205,624.5029455262146,464.6763332428267,707.9718345236032,738.0892022142627,847.1059576791854,219.0317836412131,901.5252690579845,9.827105104399102,187.26589652660863,174.21790996704556,279.43573093446696,439.6866062318643,908.7598311489959,59.48150008917308,1
329.52501520756306,633.5096770419096,580.6024555860096,724.7053312932203,175.83857796777258,50.19688163721858,117.25765768017726,685.8132008606492,270.1615490511795,577.444524158575,85.83664859286854,814.7661105481745,387.29269209815,906.009255578021,481.4764933238567,769.0362253916564,533.6716670017519,858.5867872771547,242.2677395147541,908.1378069019925,1
44.31555984824875,323.45617929689854,733.8115521291184,365.89310794392884,473.6391487323953,590.1545988427961,326.6325538223215,643.1165436842258,489.73723546713353,253.76233731609832,505.39424220029963,765.302011519282,135.9356541476262,674.8708732568061,549.063402914403,438.91160962462817,876.0848759421118,871.0779537754005,57.91929785363858,860.2402727563845,0
134.006601778625,868.9888277149802,898.1676331414844,348.9209732540727,140.07835961537808,821.2039698787097,245.3644659142592,29.997832634710008,97.63926018110524,428.8432048731859,278.4340611977114,799.409183401042,916.2690532623187,555.9300310079764,820.760390598935,251.14796155156006,233.48324664731834,656.3188555131255,261.6785457040742,176.1622681738706,0
280.28658515935336,768.7403322687255,44.84244358112222,25.80273067036487,296.0448563330456,525.1861457705941,737.6809435965317,319.16312751376853,117.4607732971591,970.4252972300259,856.5723626148766,966.1100000072656,845.252546883392,636.138578596309,560.5808321588828,49.54040695692608,395.7011043908865,288.20041875601,595.0681781988002,463.78402233565976,1
46.59175300748986,175.5472428530549,777.1780060246441,103.46497562597767,137.22464653927614,452.9752178604451,14.92452333387062,486.88875577600135,970.4845141730269,164.13038845148586,8.25229338803779,323.2764716835029,70.16841449774714,439.85933556765997,850.4108459452937,890.5343896686301,653.4982595814338,46.84541758437244,640.8798859116096,584.2256503526072,0
656.6857091039735,366.9382743380596,390.93357446986363,975.0989347903183,951.8177968237206,636.2558525667935,106.29567428547271,622.0247430408853,552.6970543847015,753.2779248180957,727.3426783736525,170.75618857472597,421.12725408736765,728.761438469829,485.0172008726706,927.0803702029444,793.1117925661789,896.2280385466165,859.9985190864094,937.9223155419764,1
219.38092172040214,107.76933932744082,631.3246798981755,683.244372596557,789.4393135396103,417.87982105647313,488.55019808857446,801.6672054124173,249.9004053032532,923.4784606631179,512.1143867615884,648.9038301660431,363.8915794730845,541.4015750805761,841.1057865134829,613.0563553905498,670.5407726492155,216.00013137052753,499.8414007308679,66.3032471547813,0
483.7845159441613,270.5476814353085,282.5087419639041,400.4497032480837,614.6156201155865,108.93147538302816,925.5967783840136,250.87104190896957,606.244147667022,978.346833242,137.6090845026692,709.495901124456,309.57228992297894,802.9179904986389,527.8202618056955,536.2932498724974,395.91646582136275,163.86395895017614,948.6779455867991,809.8428720483496,1
824.9886196851528,602.759929669305,642.1595383809564,128.78157627382137,992.0780685988616,1.4057205922854976,326.39087642210484,958.9061687249782,769.8222679523028,794.302100061973,498.0920970800902,307.59222557285494,423.3700111165114,958.2858367813221,415.6193856716389,81.94242817529019,505.7224704703368,652.5863746547112,97.54427579731251,624.7515549851307,1
150.49911821929086,482.5262006963044,616.4873968244336,805.14772418856,402.073443833131,804.1235232327301,583.2654747124101,8.800735529691739,109.63923506789664,239.9620536091046,772.0919302996722,722.1291717428256,977.9413632403968,534.5422379628782,951.9836916801038,90.99978637748585,44.9921251133828,537.6330097582044,914.4760226779379,215.5245683518302,0
547.7985986177861,817.665832958438,233.21647456419913,219.84951157944553,215.68747228190688,321.8408315732674,666.3254212500144,629.7807013632666,490.12205350735326,823.5462384525238,688.5355592715314,769.0414157186349,994.670207710918,279.82802139921523,517.2367801919305,323.08083093703897,419.13294185261884,347.3701179232641,882.4272557743243,65.41529698324055,1
809.5234993755582,495.0781716007322,445.8042429356599,652.8107405266429,780.2622066448808,261.30199434107914,106.77759124828523,598.3438592408681,723.6049125702607,863.3132734401058,976.7459735002709,345.4863101534915,647.587984012392,54.33109088056831,661.470473149752,72.80504680854116,614.8025416376015,17.404655624626674,973.1721442511848,123.65582241462747,0
767.8686338324269,999.0471616391534,77.13090812115453,705.9115299357827,782.8463838199275,759.3893384813134,644.8780857068075,945.0621637006542,700.7992210862958,326.8214212957358,36.404476929405405,639.9105235971864,55.95075476963351,788.6838444723952,799.7336381315079,480.23312157427,817.0725462427832,385.62842960058055,122.76104000511323,857.5459259923933,0
420.7572604407026,801.8140972353657,147.79232552061129,412.0959944638686,836.3215832211376,71.80420551980838,750.7755199278057,947.372106297284,171.80513742021608,948.3435292109031,145.31821227185281,883.8792180126459,432.92410499392406,407.23638929510776,503.71422019818704,671.8271834423373,788.7893206510308,231.1861134988955,253.83455784599994,880.632437524354,0
608.2344033829118,146.03610627712004,83.83312286347855,596.7989654180553,566.3451524328053,97.12371899971173,817.9401686413065,30.13088784740503,907.2268354228049,433.5347156213105,757.3507863954472,464.5667015262744,577.7108779223433,504.6309683924496,34.56203406663183,898.419753149584,998.126584829998,386.53086638991874,354.3985129371937,686.6651014482467,1
849.1498136530209,172.66898049091662,177.533043804176,286.23421818069426,579.6164518599323,228.9442235191299,588.0009939165537,804.2692643120575,456.51031018712183,326.5695130665929,456.616152024212,756.9316128598715,721.7697005693896,644.5939495984011,65.23902258468739,576.2740777202881,428.0942677353122,61.98145498386209,51.02630266662622,643.678550548132,1
260.67139562193574,416.8275831231252,556.8387950040709,422.12216354087906,280.0201550557734,725.6292563615679,728.5261190133627,217.38534904352957,357.7250433176058,280.0123491443357,562.2981190948842,518.1142224841523,774.7129814570344,294.3489995914844,118.46107608473456,699.0846544293807,572.8612770385847,272.48991576840064,270.34001765240004,134.15044861156989,1
318.28314179584885,696.0935264793449,843.679047742271,811.1342519580351,737.9585566968046,128.81240995319232,939.4735582771006,127.40719947512247,666.3963856764768,115.25034366682885,785.9818220861547,930.3052814024564,199.44623442858955,892.3005247921427,149.81366877771129,84.5946937635953,130.98254866788906,3.2467220448612055,898.2818808774265,399.90594064591744,1
919.9702398891739,320.44795098515334,649.1832153354991,752.50651964516,432.4669806964938,509.27049396652546,166.77899826461217,214.74752201577186,870.7196638434508,907.1575536330973,435.8416611805206,15.386810016554175,441.88102034245713,664.9081103117039,396.8827185383536,511.0287098021268,526.9736009518458,292.63979824224407,362.0671922886437,764.5381968195912,1
231.77800066194186,422.06775682589625,346.69081335328,924.8935590510719,37.91354831399707,51.121030912887335,240.62078264713682,95.69377733152695,987.0725198494202,495.4696471557567,225.4087172513235,500.7109686153509,933.007229563035,30.113167827330976,339.674855460676,705.8577400085795,924.5905297361137,770.2764673311635,759.3682648088559,66.42787872720501,1
462.11549464972165,883.0008470378639,891.7417389015303,724.9283325393108,459.0575205308896,70.75213428681026,232.32917084587456,380.23133470844914,552.2625774102964,580.7257705298638,497.7722178372711,637.7107874859814,343.67440928166826,384.6545041279873,82.61637383012432,924.6639232917532,235.862593312399,116.97460797134296,298.19306301608316,118.28317972550417,1
661.7283497888375,243.68354959571693,512.5687253975913,929.7987741062234,739.7273220603063,666.1888596221063,642.6781724152676,391.64779122695126,117.32294077146288,6.067101983340595,619.5651303783495,674.3848631760914,695.1233934554704,606.6847975978959,158.60446076076607,270.2349741785879,634.6670505837698,942.2748676401069,59.6553979675073,618.4361145161669,1
632.8028753109683,292.55966186515616,555.3292661363975,905.9797776032822,146.44561454053607,129.42315767301727,42.898352936360574,717.828532354168,137.48558456287253,416.66564811088904,559.346364246175,616.7263354493509,701.4269910562638,82.46377876762989,749.0790838320718,450.00225180010347,411.9510534331782,223.39371567715838,780.0001729641424,237.63905176808632,0
391.5909420675816,33.96687563480383,520.185616930137,858.0815134812411,285.9852425632694,281.29365769163627,427.1555690674038,789.3783880820017,716.3848718919045,478.5972979462595,146.96433911759166,78.09384132521025,720.6358502318636,179.34152537243997,770.4403658367409,671.1647957257443,647.9470907463196,423.9642121122217,60.54386782203769,734.0611509202886,0
354.26747645598675,622.7114622022978,756.6155863252744,102.01323801461015,845.2367426075347,745.3080562508986,345.5588603154349,20.411587741157923,46.906596732322335,785.96221093148,603.8070483609172,539.9868599805197,91.12248936260615,17.68327333988129,67.99954228216943,627.8282496304697,504.4587051503171,495.04642595529447,157.36699560835697,998.5509432883392,1
565.9981897642198,75.64616790775447,42.47503934129349,142.6812332492886,736.2187308246405,250.90179742982633,677.4817940339883,859.3725405455938,640.1007157686975,629.3052917814147,907.3052733113985,667.8773035850573,371.7718357149543,921.7069868516936,155.09912179736696,22.456549090241307,620.0217660453637,401.6809583576514,173.94842238689978,370.35843749011485,1
813.9643519207708,974.6837105427285,587.8207361094644,978.6106316099654,682.2767633819298,638.3202711570927,295.8689230334811,555.2243014036603,694.1515089096389,967.9138038630729,965.3332140252915,695.9691339113351,241.71796713809258,84.41031201325266,655.3328798772653,244.85632556617364,267.50336755230455,949.0588249346071,174.68479734340536,606.3347436778699,0
495.95470557882214,658.1292095495272,325.22850215210354,809.7470832983604,884.4335203366121,73.01275531382534,444.35690296284827,775.9178634331183,900.6412044330502,222.05597244771093,481.83181458940373,791.1004291667286,328.862764084229,667.9377453273621,686.1470916867422,364.7542646600963,956.5170649024157,59.62667419051393,444.6956910953854,157.52643666654785,0
359.5821146439786,221.19271806217677,692.0490736722993,142.70086786372005,951.0071074647824,328.3185432374,235.82837197589092,523.4794743017414,941.1429465950133,287.40027057692095,341.3193442644601,533.4021637963899,325.2362893266001,980.4973397713636,729.7213799163446,198.87855549254095,724.370079747453,843.3758679269971,210.39346244872658,692.852125790653,0
277.6391708173237,5.373650463653901,101.33771200348663,216.1115029028432,745.4108737246689,987.1445898637566,437.4849884395291,940.6294641636836,473.860215351388,999.7968403622481,817.075957888132,667.3937764777256,808.5641337941164,608.650443373122,290.62382302489584,36.99011222800574,131.40557305045198,970.6285240761349,60.46476390547528,0.0654466197649306,1
264.1614308752569,538.0129609038125,659.1023800557607,706.8635692252498,185.42502784884607,211.67422703973483,523.2648040479437,476.35137857345524,37.884442862729074,545.0334632173733,149.44298423866854,389.93173681904705,930.3684501100263,512.2622524209341,910.3815010973256,132.19059609459427,91.81987143122028,727.2071237930971,983.4238548056034,564.6517950783772,0
878.6028063049605,267.22690849225836,207.37682382426803,590.0347434605756,388.39468822321953,164.95246025738098,657.4179580150827,500.77046834944036,149.639655920618,144.22558699591414,904.1014439833515,264.33747085641977,28.611479149996512,212.4921111743352,135.56198992517676,152.9165544840817,847.2856042861508,167.27103955642696,767.6227905260738,248.7286094758533,1
649.3575331854377,780.1855478846429,297.54388568299584,501.3506272173178,527.4235078475036,508.55740297045435,70.11952409909806,767.5866887330772,185.74314194492158,521.9152333594316,36.94382654849737,968.5190802804084,322.193661661482,344.2268544404531,979.3065093526227,581.7207145112237,28.27222028851417,462.44362659561733,775.5484735485234,438.6592872768046,0
178.8975250774515,706.1540661299501,612.2599189136707,468.3183912474309,896.3797336613475,19.23414049067107,145.2489009757435,841.011644184473,191.21509791191315,68.03055467870689,619.5703382415074,768.3972217265165,924.5102165240266,291.8000575810761,409.0611688194391,835.666708754519,518.4348824078114,431.066897692668,648.8006296163476,943.0476084668763,1
4.404281156963119,409.77097022973675,880.8607953373496,727.9942504358659,428.6043922916528,640.3220263761641,666.4437783954107,879.8728799335095,397.9557522527409,655.6972060258814,768.0636103149388,947.9001460886201,508.95750655780006,776.0334453625021,807.7743927494781,244.57554798974456,578.842935295563,321.5975111008631,124.65352458256507,734.1265600915681,0
855.5804656530692,530.2329744140417,380.1746557465132,817.8076561596187,648.5466161076489,574.7676758282073,179.9008150684196,138.52420013763356,17.6614221198641,188.4098517358942,338.73217198088,514.8092734449252,431.1292396532753,168.28114915534022,931.2376262771643,191.19137294221488,10.677391862506047,44.84666177850338,365.2987474379472,438.05128803038554,0
799.6986839010584,877.2643387615625,468.6546972780623,126.89107382729115,10.799098076919922,913.9938927500075,481.43710746994685,139.4916518644027,612.1803436449571,284.5757700239782,286.9808521679029,321.9992661168496,228.62617558362075,720.084076572544,815.7913164681092,688.480731725701,921.6373394365088,848.5786265494825,822.200966000873,513.9361453494415,1
518.4656339046078,403.57869470933514,992.5073503629528,255.6513696022693,602.621070865561,726.9484208011861,688.0108329509494,17.37424556972833,56.441851707165426,78.16956116069895,762.5561009035474,197.88033156799844,774.3784373171787,592.9694269463773,834.2023302805889,147.36517922338766,367.9276050358521,562.2975584611446,675.1443124964464,942.9505291847361,1
165.39005993998913,726.7229022763919,523.8048356596557,148.60158927179478,360.95444062442397,581.173439116542,804.7788680219077,32.60784902765146,514.1609180742018,884.7378434814763,377.87472431367195,209.05889734932092,130.53321672233864,726.1684377632682,111.44439430835085,706.5309985408798,601.0262932397653,676.5516899933853,928.8285188607309,346.5175856689068,1
352.24861148048734,758.3111329431946,231.64211335437733,433.3440757620085,916.7409821378782,352.46251630680024,416.71898540598306,899.5981686957356,73.72364206436811,741.5800277511966,931.6827887687349,441.3849485083737,722.4975230714978,663.6989731499721,789.361612571409,989.3994934510799,789.2595067739713,803.8606409327092,618.4061861994381,695.9734760347021,0
587.5692281246721,778.7391308333606,903.4562541059447,598.638474992767,146.91476106480417,864.4552218723394,677.7345105194076,415.8593515012932,99.51361663463953,752.5567162304504,147.85650374835114,732.2108067732773,103.0723303063572,620.0561818585938,169.59958228074035,919.6938295268767,102.3319849038179,534.1982891224221,515.6958177158402,465.37070012714844,1
527.363619666486,486.2634331175079,410.3441692060276,205.7328174516173,908.5690300551554,295.899503400731,814.7532547482394,503.2418503520327,799.1968832745753,7.665543884565196,217.86460387045003,779.1111897292294,66.65734575265093,34.064506260317984,334.5185261456276,887.0473430031823,785.7113726952105,2.633809252252095,745.749895384221,674.3071469227541,1
59.965339724652566,295.22473615204046,367.87376918613455,363.61572865182177,992.6060761726991,808.8559379169998,232.50746262819055,526.8647110788207,441.0328444519904,923.5058276778889,933.9882318194925,54.439775889079115,513.2698228421424,876.9609551701657,949.7034406536042,463.63076164096117,743.5628353143526,675.6963497331747,508.03731499592084,780.2251997437803,0
229.78637259443047,884.7685482523603,594.5476868217982,298.5426045350059,606.1526551614003,286.4751241031708,396.0621888725957,253.73221813455226,128.84638296004624,682.5151869219167,944.3734651855717,844.8575360691597,639.442105389433,417.69988379248736,306.1969570424653,175.8304050066515,882.6440927290953,125.05602983535636,404.80453724344545,251.7761013705544,1
230.09717217397753,910.9192378472208,315.9298654609474,275.1256925218468,89.04282946601272,196.1519966684281,149.26724962722636,499.12187887630313,320.901814617661,686.9491879647621,598.3420242344419,3.503723692521832,234.40834826404222,105.69209379078515,46.91353152602418,654.8663330135728,646.2996938218855,105.30230378837224,58.00520415344612,441.3158665978589,1
740.4602150131169,786.0800169612405,445.18104006120996,18.552346033651634,255.22400985681014,969.4231237737384,81.19217581023996,258.4195058756382,715.3000521336616,2.189706326108043,756.4998630775555,423.0197075806632,137.5857333289906,59.00382205225652,790.8089328270207,771.6595237853018,567.6395436356432,189.76873507742465,78.4615143937083,370.673368588908,1
354.1549954026885,718.6619856439097,364.84532156259206,220.14805742425415,236.293549662825,104.91914383726197,858.1247116463194,838.3707339746884,391.32549785076486,932.7936367859965,81.99850705570621,249.10332120359578,946.3716337924981,789.0570034246647,121.59729224286508,133.11861490524768,682.9112433788981,997.2263967948581,346.6233263706105,265.97232059684205,1
205.19134222462588,290.68749622824765,440.64216951204,679.3400700333661,541.6524064090361,710.4099560492251,581.8562816466423,389.8267007986922,438.6398785518062,944.4812644376377,261.81207854367096,746.9327640179395,740.0542842574041,997.412559371853,761.1237217759887,380.0293960762109,541.9664754333426,535.4383349761337,906.4557517573019,409.18623021449275,0
80.1106692990996,272.9305304861873,127.79651492579558,243.9773064315276,307.1912435320576,264.5287556252478,458.33191192728674,172.81591890816617,258.43081595470363,608.1037054156491,685.5215479772579,875.6887702900174,122.35955110365826,924.7573799041689,294.73457567160045,49.550342526380355,427.74635982403,898.6274142440534,787.965603230812,411.04940381974563,1
459.6758551139066,529.2737450595259,574.8454431412949,787.7842518289312,514.3015747341859,478.695568912615,456.74622789239294,861.8986631028442,347.771857584407,263.876128444,119.76899854425582,413.1022388667808,827.625637604027,761.8625216221047,469.0769523923639,87.87528796958921,164.86496658993798,834.6255720283727,898.573713405665,838.9592522622377,1
556.3390093770195,509.2454930516519,334.7571873272974,651.1293803821744,313.94014693639303,773.3803935939382,917.6934311963688,634.6724800578796,124.95158904013348,356.28751692121585,51.448223731055734,295.7132434511266,678.7687599581055,230.74079549103556,287.0613733931738,655.8927149503211,238.08688913092536,51.94504673021638,114.56702843530464,748.672466560069,1
215.65494711469447,619.3999108223575,813.8238299050314,214.8669438727794,624.9745926833955,764.6877866544331,430.4134937099082,294.6351053861172,749.6916077670797,714.1475521124073,934.5465497274353,711.3626426494834,772.4532974143666,508.9773944072356,255.67373477737465,802.1777529556571,800.8146548864273,151.7328399650223,796.8753545037171,171.71376325677613,1
678.4836195688638,325.52681429835064,216.96882775545046,967.0574309412517,56.142482009327146,853.2805158051781,400.24600096305363,31.81609799105445,435.62707702927173,848.9012176114353,586.1873331253872,154.91782329928438,742.8784936368954,945.6949948291517,866.6975470342184,748.1498878695323,169.58530002574633,494.1897408043424,63.40689125057442,57.0373661927327,1
558.1420726459611,616.1361461720483,780.7235210618928,907.1523461987579,69.34890891036649,683.6618068723841,955.0202910221122,895.4699597128182,283.3698017661741,400.37814119315806,983.0012340395517,964.7966949466768,394.9607372082327,710.2996970939711,789.5073356555763,328.0973633907027,929.4392546190597,212.30100344115888,570.4340381428777,367.78178988096045,0
519.9594226820861,3.694706934217473,369.9903952729771,179.23085311776822,876.6554813308962,469.6447708993969,395.01028588206833,455.23940594345413,252.0624502295238,337.2493047392424,366.3396808407516,39.430269723753185,317.20665788015566,960.77163507922,962.2350929648444,977.0245483582299,294.523867380474,598.1379591783376,412.99375686909667,307.11985699033494,0
932.9020050286953,593.6918458189539,678.2091223760495,414.22789906738467,870.8740083144739,996.572115612435,721.8052799554456,306.6503482280637,326.99627529758345,107.3797149512351,861.2128782508811,856.9103132840903,445.31075920928987,456.43901389517896,150.25828545589548,536.569288452951,896.1946711715447,141.4965497024343,271.7569405682082,704.5750870813308,1
974.9491766410555,940.5666740967335,259.2116023622036,983.5432808320958,302.0879349209529,992.1220655380989,317.58742255231044,313.1184787016872,26.042500154654146,736.8132442817806,990.8312414905012,164.03871264478298,854.8936176671896,417.51251191682036,614.8060299316797,886.5127289986885,38.599510762850954,600.2621456152807,746.2771990442546,958.4777729054478,1
855.6995294220346,560.7801721107487,897.6490389977886,485.07446724469503,16.21764824645866,199.61639345366467,641.7401731719499,108.88321082022378,142.74594534374208,8.274130342147966,95.20361637103625,62.1965235587747,189.40568227027111,136.80850980796043,531.5841325236419,567.738298402384,151.7118311462755,846.0312145977936,759.4249943807517,871.9551741935542,1
982.02141893272,876.0105207865281,946.1952761894956,70.61091578638823,135.8650695351148,104.24838418181415,687.2339440851019,341.6670088870066,33.79124767832109,574.6504236477475,971.2196378428711,364.0992561933829,855.4316121853306,587.4609497917207,914.5501728690278,310.3937409643972,354.64985169592035,27.668246344920043,331.6135544541992,355.1034631429165,0
250.08334433180846,72.50757673528973,242.25912231965563,69.91333077189333,213.25776704060928,285.59605000045116,562.2978682435821,281.7761592651025,621.1477048596144,428.61956789024936,38.966408986370936,32.99571589214268,362.0067299201677,732.630326213905,189.97813457309744,797.7717077849215,19.629063740609574,869.2030888834374,320.7996916102774,185.74521880108463,1
841.8268860728139,605.5311710491546,385.8215821872871,15.54269528589225,639.1708289468182,529.4544472072009,474.8170880455124,538.2834060492345,85.68946745292139,546.0101275623848,454.6130856036931,82.3191692151013,703.3664516040874,49.276358636903936,485.8214374078563,93.75882868071639,869.9792715807029,646.8054282053947,434.1706493344396,740.9969037773743,1
412.7633166688034,487.13357667102895,218.65316483584496,178.59660241883012,148.66897434635607,235.5484531336839,638.6077088600546,181.99600304642084,204.11012326727916,648.8553449908098,354.82796527311154,870.1194021555394,851.7647547148538,217.5159692338138,453.2120149800282,801.3321321262476,757.8603248909078,300.2021724339525,401.79571750600195,72.72825340397415,1
939.7831463803404,549.90776829231,862.1757516894103,912.7920306824423,175.9942632876158,169.11163874994816,576.4179204533732,524.5998138705735,420.51066353508094,49.786103932827565,167.4730008554246,0.9050206091737456,943.7552341835038,935.4740935715375,104.53562636926117,604.6835622993419,500.643155735187,66.23621548637459,799.2394298353374,109.4054003813002,1
728.2416637925561,440.73004918952165,890.5050921113552,509.4740358765413,951.6456347994506,765.9741008436416,803.1005625987905,834.0544714320741,638.5868031707394,717.3842786479946,309.7806061958919,791.6957113167122,681.9917716559636,968.7690396417356,256.370444198899,319.3259265511774,340.9793703677565,568.0910628352119,266.1631901102154,504.862787728749,1
26.096603919469885,732.7227198163079,139.8333416431543,200.81979478400268,624.3544841718809,25.240466424654496,79.4966109391263,826.3508975995533,414.33049622192107,129.48276739917765,470.1601279749773,213.71550439530395,214.77206517043678,76.9044393745274,905.105200986191,997.5506819040311,511.99076358442073,63.17317359186725,8.705727132782503,116.90073544701262,0
29.29772413300458,788.6433275457898,969.2191710221505,632.6804854385074,108.22209419292817,388.0998293737533,294.82004718039224,861.6413394167388,457.6172396486977,144.8388640584367,597.941121468951,842.7716510091185,482.49828101886106,553.4653855451519,455.3320098688739,770.0540892993348,740.7805509033792,978.170008214581,326.9075421974398,449.47778966512806,0
934.6041075591585,230.0437853328483,702.9517646876232,565.765826130262,474.4029642266745,121.32500157605585,757.9979094882437,423.03654103232435,392.8330792081751,346.76031023954744,122.9145312667782,41.32715393580666,554.2859553528343,419.9349752786382,459.33210643556953,877.9320271001237,78.94785558231365,415.1524595152628,65.27572130725868,89.2726093965589,1
65.40226021679818,717.2495498955757,766.9809554845319,54.583847642949436,856.2500844980706,854.9736225779722,80.07939942022524,583.6129502570129,788.2590651422936,923.6844755703509,367.6255146898041,372.8231278221562,805.6152906671164,378.940862694039,249.98449672300148,364.42908646923064,14.49795427114131,322.5759246013727,458.259374634739,121.79805143676981,1
537.8402501263815,708.775473668621,0.42888271427665714,198.65254490509986,66.5673127386266,170.29245719332442,457.50685851795794,271.3164592396785,735.1652207633697,548.0503380456266,760.5106262153062,710.0123090206919,664.2314593571273,416.9318636774589,631.6637088671338,140.77848258036408,962.7242254336126,502.1396872850755,897.1905767934156,106.01469877286651,1
690.9556004809923,432.74738768323806,34.464999529566384,151.97501570924942,372.68119844650994,46.86534975907686,467.76531709636413,699.1140333679559,273.9904633300766,18.39964656734139,240.3744236082127,676.6960068656911,639.5092066666734,736.725814882537,566.9232047237282,243.16309653603085,952.7363551863975,14.581249837615328,305.8052279498519,789.504245128645,0
922.9366616267578,498.667131389238,682.0265013769782,352.78134543313433,202.8912554173473,702.0527076617711,854.2646662818215,278.2454659523228,261.25271425759075,509.46875441658455,61.73787162844779,647.7291479766988,90.69521865278196,136.14278709928885,961.5962832553971,64.12609616865062,958.9491806960725,16.763246043733137,977.5473728833693,886.5313909775658,0
963.208267397796,825.7550332963572,222.78956877714728,100.57112366431653,668.9537905880647,389.8551711729796,941.1900173815068,917.6555965682542,890.0132275503372,423.892967632534,833.0085767250556,958.1302376710815,770.0443286550659,27.5021054981488,178.00294523231864,690.048070275584,138.64767295426927,278.5821840196735,423.69926532881453,646.4934175281788,1
837.121078143053,224.42597916030925,382.4300249627185,282.644208216468,862.1594127466936,149.1027169183432,777.1692814481534,222.09768122456975,9.469413694634943,669.4857553717209,263.7914970802541,381.556539349408,970.7229991894629,136.92930916815916,671.7357029526102,476.9363484547479,545.4435169253477,910.1318994928849,179.9922319388756,612.4475582433106,1
64.00062001109241,544.6054249417102,407.69391567346145,962.4684121915767,983.7969017341826,246.31381672015107,270.9307591285073,399.06494094124724,572.0490305808338,346.8493092603203,461.35140284481355,570.9444605224908,685.863441284191,242.1838442111085,103.38526198048869,177.41654735906286,618.7834247913606,210.69910314538743,212.92728999400367,574.867057912109,1
462.208600739919,645.3671180845155,888.9193817246905,742.2322555783294,21.671690883218297,893.1541004326784,165.1534300520502,726.6956680308638,138.937661764989,806.6351816304434,8.944852997891829,98.88751383485217,586.5820534494671,320.1419739511085,296.8458826896716,541.4221354395141,550.3185916806714,223.2538110401806,346.5306599137118,43.58380344358892,1
103.86099154108686,878.8299640662472,543.1735368147139,995.340569317823,628.4019037186099,979.260168081484,21.788018368731787,731.3587123252435,638.1835223794563,512.4889752272671,204.39855763219862,152.42237420755077,910.4455151374734,549.8960396230586,538.9980723876396,117.72601140755856,65.65064966285206,644.2858717839106,558.9126787485702,158.10985821890023,1
423.3869549458219,769.3938895927716,747.5722504403354,437.5929631861952,438.6969870617512,646.7193055199579,614.9394592922537,510.3180372224069,26.42812719208343,507.9374048398486,291.09720689083264,842.2455528896423,340.10637949777436,95.64939980716747,817.6659787177681,895.8225474163793,79.8956958063095,157.13194009003305,420.41040328201495,455.98970420706354,0
839.0205843030221,128.30937199904557,98.12513746340224,835.7958840410948,477.8811619740945,126.31311519948851,893.2108211013307,951.2752412830635,40.608220170543994,391.46208959192353,24.706473422433817,21.94980682913883,191.5452675539382,296.19595451459014,613.0863418010404,534.4559008124191,528.2523910258199,873.9578763397589,708.490334804969,560.8784376074742,0
532.6688050748033,192.79993503501802,351.04237726382183,298.19067789871076,789.2613495496655,908.0111960091909,501.208504378693,415.6467234321486,250.13770834202376,406.8385899514456,773.8631860075757,389.4563705970835,695.1746279553665,189.6633979689253,559.7771116008016,566.6210200864616,110.05772835634619,951.2078879510965,915.1878577243284,141.18046418039444,1
660.4252516448656,12.58384401473811,474.45493847633037,525.2959061222554,735.5704699985521,923.1075147406633,733.20078439937,55.79033248156473,479.67057764719647,322.9449380646429,361.7491814309495,520.6770105850153,792.3510204484304,989.1479419458681,355.9066165262276,305.1280117257815,607.6679904570611,773.2915461064531,130.98731715908752,819.0723550016792,1
709.4685771554218,81.93700510919788,618.3901597625563,868.9500930592343,165.83812632297423,839.5047049453347,439.8210252688175,377.00287229411276,687.4544454390388,848.751892270276,942.129871805367,354.01914162680595,82.55871637531997,112.36420054767626,627.6319460823483,17.69882203860962,12.524577337997167,679.9890273729164,363.2772070542471,115.12215903381085,1
63.16685802038013,687.752040406609,973.5758341977087,513.6997154562257,93.70391768589148,834.2639491931532,337.7043076300029,578.5005871182378,844.7963562524272,221.90278134660102,181.44238445042694,731.5289617392233,968.1476544546052,145.24629127764976,343.60407501063605,579.4179373650062,161.32357117812447,565.7051832402561,369.58400120724167,763.3691648770583,1
212.34149865488382,327.8669044146513,145.4642164030464,22.626100721670706,238.56173033386574,66.70081683850371,660.4325889813983,443.76568878013364,651.399182180176,583.0976414401991,885.9130775360504,459.5720122473833,585.2198342067942,978.7947275712642,359.1727870950001,839.8129549028596,682.1369999181594,187.72618116255722,367.0273665379132,405.3427825841652,1
328.4503854725194,325.22636068514265,859.1066099299927,293.85974268797776,888.4911330744231,269.440504900481,900.639400646254,542.8435512885366,104.78293230838631,633.2417200675455,550.0905784028612,92.64563514266055,0.20910002505769576,269.3012814854275,441.83357520705266,491.4213132330467,200.34091373618568,447.91354603690934,37.697247923728526,663.5694881783721,1
455.3800501448675,887.2453846497551,198.85307619971658,424.335843789361,492.12346024853883,32.14218392799395,799.6300915925495,356.2571995659625,253.07836148458517,298.55564120634136,5.8407110669921325,798.2553011221694,279.4176059343663,927.5494117357374,623.5428744766482,104.80771503439945,204.16735953661458,897.2595976106052,56.977321794067336,265.12828263705114,1
394.41381493906914,92.87027315234143,232.55284245131958,328.87149249426693,491.43497435811645,49.63441190900853,264.04191526161924,469.2084740169895,205.20875198255527,771.0182910906034,830.661778815706,996.9745993404975,967.3272231855622,570.7207493039523,548.0444896742357,736.9203049941578,534.7014098522498,689.3972789674989,191.17589124677326,134.0291251110526,0
100.69591547625834,976.1856499920633,213.5290447457482,121.06670609405302,243.85338099397214,101.2458797254756,249.98693104997648,63.064870682336235,774.6318735484093,592.3598457246964,730.511863188233,3.2775388454222565,552.7090852234343,177.2497956015713,625.2337291373686,883.93445377095,924.795895384151,570.3212667430236,798.610467748539,167.68063065943417,1
714.5030587692775,719.5618496269699,337.62023198669647,579.8572141507433,441.83998570464723,100.3829685310239,25.785531133135308,402.18257205740673,122.0459545096595,316.7470557249523,955.292744061763,476.89877437811055,567.6848741421078,748.854578372396,253.39947018627606,168.8905370761382,664.2751812424395,278.62011024504363,125.14171491082249,653.7011219326525,1
116.56648196406539,108.73727191812432,627.5038836802067,178.38818447002413,9.813228573009924,973.4070659481777,140.62574821036554,772.6088200853113,785.5581718347042,669.1221390015018,21.86572205722326,130.65459832735428,523.814616228739,311.88981909329294,132.91369842162803,654.9421996094451,179.6067994599493,190.267157137192,188.46896732156327,290.75226710752156,1
500.2054947094843,450.39241276139506,626.5031660018799,260.7887554285318,946.5672974284726,392.7286307652048,351.39730896375397,445.6759173117011,334.77151993834286,637.1762559190935,648.0415644456882,26.196834152057313,764.2703428938555,276.8309065271245,349.2727707886517,259.9636976467845,234.94920272292708,244.02146923527235,130.8416275335218,779.6232290056969,1
307.94585450199054,971.7621968950244,688.5382212624602,76.9068410794581,41.978275120016505,334.0339699280699,973.6327698756736,217.09620901194126,960.882735781794,249.3823886733122,355.69295992635875,974.7877070144906,755.7265335530138,939.1019275496529,721.8420541109972,970.22682167492,733.5553257928668,622.7249205402406,305.93229611391916,63.02488730084188,0
255.56404361531128,202.15619626406735,743.7749394104868,579.7824777273115,355.14629587929534,426.92534135748986,347.07950551910494,730.7249629873354,481.4721314459052,91.5467780099537,363.53809235731126,269.7600906543777,866.5673114670763,153.53603563260597,726.3273238525118,166.13416945140924,634.0984263137829,541.2527970691946,658.43190670372,528.54223387211,0
801.5298559970938,647.2185809692429,574.0885369796763,466.03675857875817,407.78449796548534,924.5213240381984,260.5951142518559,308.20683544827745,889.7616553265949,215.1732260269097,110.42268399964384,816.4656979968919,758.9991926424069,96.35592190725772,550.5186046038801,324.06546632150844,139.33218008699677,945.138146588594,524.2868707046208,169.47877072294537,1
60.82723014236424,44.29135505982751,787.2915032089146,2.649526498742838,122.16648623563775,673.7715968355068,717.1455147139312,125.70542268263229,407.24157711951426,488.36045961306706,581.7254173500489,313.9586063180514,257.24291024907086,411.64534873315296,294.982769977447,284.6918247554758,190.75071911334572,802.6741372876918,878.0152758762464,65.19011368826978,1
766.3484955930671,173.17389289104446,956.9787781089989,344.5688948916572,93.12709468190661,463.7731561917068,460.0593812609096,798.7969876102968,160.9745126800509,402.1714482748076,583.628583543068,877.1084395424331,785.9684366867945,916.552933700957,911.4208487156358,664.7291331372813,573.3866830957023,961.0965399406397,556.8831704520493,925.1486476773796,0
663.3052142389749,995.1397881244234,191.76363590668964,230.23224964927215,109.39596868239343,954.315070198344,732.6355495167413,502.27426683711184,638.8864080629163,18.137388580421575,842.6097418761301,401.6303207373557,332.0050076047224,593.9463438829654,37.12068740840413,621.6583435119906,575.5244010195212,72.32583668509152,693.3094833271967,376.0661316628696,1
818.01893672345,95.23541780675559,31.001229375223094,991.9686106938022,932.2378462977432,411.2877814650867,895.1000408456417,537.7221293735448,185.7093264920049,657.8740061768156,28.741421496265353,251.18246646599917,254.82943971144223,989.8506240128299,462.440409445795,682.2423869053946,677.5714794200561,208.4046920368169,740.0417598898507,780.5249284763925,1
919.4003188070656,726.1500026164892,384.46951117381656,58.514183043830606,333.55586517220837,901.5412425930801,715.5586284904538,134.82175558475063,632.2215071390038,27.538586946704193,201.62187289181898,146.57211336465892,127.40193206689632,91.44022567070698,626.6886057524099,37.58380897121405,846.88736594497,31.63261886737967,460.1070524142712,481.90414995063657,1
215.04048595347203,332.5744069447285,577.7765716872642,240.1925663263963,160.83318412224912,509.8122434937842,576.0953997831965,719.6561406312268,486.7770332992122,987.2002388781707,939.3843375446409,822.6145263224689,78.57910049653216,337.3721995992748,511.1787534396657,226.82627294790848,265.7741093126245,810.206841476254,928.1157889920422,619.8517810480544,0
658.9809412499264,418.4496351740469,65.43612818141187,822.6896721551868,125.57968218445536,212.4602150006194,981.8738398027548,570.9802432275841,882.7680576819698,766.946542267571,252.32969905052406,656.7475088009446,189.5715658822943,670.7771085027807,96.27936656864622,739.8424955754697,429.02320968066186,334.6649481484025,951.8693701715442,678.4923521411696,1
510.8369522735799,629.3302213902015,376.9808715289479,657.3006797929722,257.4799518312948,914.2312062590809,430.1620283989814,683.353055758072,865.0147220558424,294.6035620640015,536.1695069078426,829.9207828116469,743.9440168491373,56.875707548292745,813.5108960839644,577.2221511916076,557.8802931008787,255.5468190099066,104.73882625608988,905.134110014006,0
253.85835778864418,380.67990755447613,372.39599215490074,327.2410273359787,845.939455903614,475.8684260823851,799.4250758830954,873.5362140621296,472.56805062518924,205.67289096908746,850.2937181144077,391.8037435513947,560.9522337201611,274.021850494942,383.51312676227224,80.43993142241457,50.35185332716752,924.6839099454278,690.3969513210412,683.5429348251522,1
921.7238317109285,969.0678613346118,66.9215793786152,287.50355597055886,799.3203784253677,735.397587704059,294.3977652554856,356.553213704441,455.385298646506,797.6330721110983,498.0496641531178,772.4966517072314,79.73061474310505,973.5119882144672,226.23316402448046,169.57345484473785,99.86982933772049,723.7974745870868,416.71839110438236,165.231982611446,1
318.00387303509814,92.76669196381081,431.9172902105968,736.8353939132426,808.5326369265891,799.6408581790625,965.5649764626861,331.6151857704317,519.7206907697635,774.2059460791489,705.9027978919056,405.2105307999858,549.6893443169142,327.9444159733108,91.89623673000801,151.69962926887848,444.82632081337846,362.1180135597882,818.2541262162872,619.419423743855,1
701.8186898129077,869.025690222205,564.790254456791,66.01020776251166,492.38080146828935,183.47833598511187,8.940035400359703,784.2360727522095,986.538962776231,557.27148010237,328.04321623489454,573.2003578211766,357.8333637468736,793.23000623908,983.1782438945698,961.9250246491532,867.6361407679863,151.53989522509758,271.66882774787916,662.7494990285128,0
818.9614267430044,132.56709402356893,554.4312194525613,258.93171551648055,146.8125844989596,985.893762123307,3.4402806105722217,196.9728589653048,930.271224368398,946.5267190116964,710.3879001254078,690.0043137147724,555.7264358101539,907.9911463909298,498.2969681097972,462.0321588693519,696.5444720722319,130.52390099647127,536.568498606838,671.380749995459,1
944.9841708226832,585.5091171056607,161.6440339967592,370.89747945398364,914.7019770984335,135.1705233523326,253.83102409077685,559.4425751930456,869.0962545399315,635.6348857273466,815.7186848382653,79.27924175837853,357.4119615984361,767.6583448152955,521.0724521981863,121.13257026712687,573.8553653320762,921.042672666423,317.84249497663666,991.335509962226,1
862.2573184717005,696.7344268427262,770.1831344253701,57.092684881235535,466.93929431061696,914.9913604866001,857.9543769374694,358.89220911359723,747.8251227961675,552.6185593510328,637.8856518369234,229.60915966047236,388.5300077397044,719.5522829767722,815.8057942205421,266.059358729839,203.08690680376895,20.430497656917957,86.78148036507271,670.6539804617216,0
147.20576113856788,304.73150957080196,972.9925891965578,869.5081261660948,839.359519267868,767.1482027076814,547.4749934009927,985.0710808478767,144.54063292446605,446.5569252012698,352.0619459021895,621.5216383534475,13.518649102559177,528.5459115082003,741.1568141510775,36.87929784528621,130.4323286223933,864.9796911681078,400.8832329253671,919.1351044585654,0
20.596707715102024,282.7407863438701,362.55242239476473,139.42733758689886,579.8448682836596,85.19252867154692,97.10438278102195,715.9656595754105,274.2213225254896,809.8316965800366,644.4374000800512,721.422567772509,101.60252099035128,578.476499709252,156.0518081588106,448.5935953007745,213.37816664780007,440.8779175318436,972.3977196850334,423.55184200036564,1
836.6622513493481,197.9157676393254,159.33234404016716,678.394794420364,787.6855797144298,626.3967273134003,936.0414112623989,552.3472737602373,504.7960573199152,218.87533082958487,130.30231563500826,450.517233710138,399.47485910438263,621.4897791389503,139.16601614146805,205.53328141983806,566.9089749074963,677.3665179288469,347.16882036062736,986.609504216841,1
623.2910564860053,825.7010827256594,56.305453071148314,690.8141146926811,277.07212878962474,496.0287601750293,157.55277794303845,707.4772945610287,596.2163213145768,459.8542761731289,178.19879783302716,292.04086058229086,261.086450910768,37.343633259958594,592.8728235985599,573.3433187321021,316.3188567842176,616.0692275252452,673.0283693427162,865.1874378683191,1
475.85075772834773,639.2080462496938,415.51610092715686,367.56508183379844,216.1089331773516,761.6095882775885,504.2867228562775,603.0936235123659,159.83795695657932,217.9401100300974,0.044505311228792976,254.66902362089294,800.4625087561594,670.8041405831405,145.64726957004558,215.1658913149067,720.7555086167038,175.40681567036142,426.6877366708675,973.753865166431,1
777.9835829013932,412.06184903163734,193.6056474398661,473.11071043719375,66.46589474001574,845.0625606053527,879.6287327370109,705.3769969448236,896.138637766569,639.5102564053544,145.8920132410162,573.38475054193,618.2624419288416,93.02776051400974,625.1811464319373,963.8476197237173,506.8318788666514,999.1515603226168,424.2150586962298,750.9675687889381,0
782.2983762241415,130.29217430080354,588.9073416383986,810.4242417756581,379.25306626966795,11.563716306046468,466.0862382868556,200.5184842385388,66.28905538264473,981.0913562783156,382.2775206324496,400.98659087772626,127.70024523969947,58.55730736162257,196.93032386229493,944.5268361594912,289.17826582348283,640.7030653497254,114.61742621565108,153.23186063805016,1
662.9373387893338,989.1983072275792,414.99162116923236,57.23246967926032,87.3439409716611,24.112335902374717,353.7547905647245,582.01282539109,147.47389440035752,235.00481744325143,227.386119695551,760.6348691210206,999.3516396821715,79.31618932788031,97.72236072358398,965.8145959270922,422.8371850639389,401.63912899942136,690.2306774783773,71.12012669233548,1
379.2692711003096,499.49925224040425,183.86926426395422,85.79255432778,563.0744054867823,716.5997698363293,247.21024812864357,367.8585478900801,876.9559594828436,513.0598483451203,94.91771872616994,892.7237639808905,692.2270506389729,334.9671125385396,600.6292153021702,820.3879830414942,719.6689789727749,907.9490254991306,376.71076450719966,996.156249427872,1
506.6386274436121,676.8939927011003,407.42513085682873,235.97827390020188,500.9150862344978,183.27753560077898,815.102027122266,612.3488361518514,423.1536144122395,407.62491922766674,288.4016411795632,191.88063502859532,459.9414814493573,509.4113306730651,95.66437859990084,396.0027777272719,689.5787845991615,837.1158853714071,910.3617363983226,901.3631206226976,1
717.9335536143465,133.45523726995035,352.4523755954653,183.1242293794133,542.4379658099039,339.7479633346111,82.50746100298811,819.3347645830992,897.3159974039278,316.9128025315685,801.4958360110804,273.18664936663595,372.88171845733444,308.53723371367283,300.73276368832035,989.5709191653813,700.177785331374,227.85944270366855,808.5488489344316,166.9440630038348,1
283.005460729987,495.0647532495374,389.21415715019305,458.3519264405893,386.18741966167494,564.5708624729086,772.7026762366178,209.6102489369649,254.9961054785529,538.6021547541044,508.90169326777925,660.1300647314334,657.8929176988005,866.2364617218276,209.68415802139006,222.48718366782182,84.7338432655641,784.4678080318013,322.5232024428307,698.8444004368132,1
906.3585798971221,39.56841883160433,657.2212519544443,113.70088737408335,112.74106015761764,898.3662485727004,518.9496879811716,248.73376933031764,166.3906603782843,635.4752058010496,67.55284022635865,660.2180789044392,254.85999019373727,446.06506526380116,187.47353067512796,776.8424516852488,371.9033384485855,611.4994610372522,695.1387880919161,928.5206930641659,1
231.92034468419044,918.8663435575353,845.7218818509938,951.5226044504251,717.0185141715702,990.522245958377,766.1028089848893,115.13327165419562,889.7511080629355,684.4576601240624,886.9616691234194,310.4809128748992,234.81504189457402,350.2648121907375,206.66343800479993,668.5907973586422,619.6271476058758,885.8217421565854,94.72490903155007,344.91664886188187,1
815.053453263411,948.3022177790447,811.7659247182722,786.9806857026277,145.68167555162427,689.5663113420579,948.3954623889216,452.24029585578074,156.45431707501766,129.36434503499981,908.1043856337659,55.38578568284436,247.00233825490426,661.5896312135782,944.2221603897337,427.3813304353552,8.40769310289513,173.43537976878198,122.83097320034241,213.10210767885772,0
910.7911722911032,720.9381141327948,633.9762215045632,825.9643635185097,556.7092494148606,313.4141542869997,129.2499262561756,537.2171519521276,980.0446595248047,214.4138334432799,309.82221216721894,443.9618188182921,984.786246892837,768.4493760134916,791.1862880909017,349.15548336759707,291.49718206361274,13.21512417323989,962.6681658413836,14.277177068197311,0
681.7577753723415,61.8177594657896,555.0730009049009,337.75067668755077,506.20207873585053,154.935201463551,377.7334294308373,589.041113213367,233.43471937400872,923.1855985619023,229.08043366054042,433.1977475576516,372.20664109114057,959.0518133372517,562.2312938449671,636.4390463207362,429.04098052415986,902.6679094770815,822.4403410277043,451.7826304357619,1
694.1263278126233,47.590066333052626,343.53269956531443,500.254973327208,820.8452972722982,821.7088249248724,672.0140657682034,16.433915400144492,264.82596574439054,731.6461529914377,431.52944007242445,849.8710911413085,486.75736081604236,787.2265908343411,515.1384050876286,358.5524187177328,291.91902616857425,603.343391088293,206.44745538766196,306.3305905401704,1
795.0778359843387,867.0242410574715,155.1449766881281,68.03701933755424,311.2363665522101,681.7612320824841,817.9954593453944,278.36492244605626,466.7223416055735,294.5161691616234,249.0363944490639,924.798420716596,745.5885959413636,386.1261508759237,639.8286713075615,280.3887459637625,816.8609433512298,519.1304252329064,969.7825825239015,865.5685611557203,1
765.3326511089672,114.59194157058894,498.43898552523433,129.42358677639766,475.8110339090453,896.8552107730267,694.0416132841204,795.3475069067913,40.54901850725068,333.96152756373897,985.9422690550252,554.3216259668962,545.8735433603879,803.8737095103412,609.5126290591785,431.91385322009,412.08619550035166,990.2291106535021,857.1174358640068,585.5831669349587,0
308.34404242002677,826.3741201237774,944.3961236228731,676.9311838507614,120.85831608664633,424.621511723542,618.3573369010247,812.2050566175752,560.3813571951924,818.9397936199686,895.5391871059592,382.005063919957,809.7009627791257,122.64553689189961,109.17110885421933,581.4076358014528,285.4520492483108,220.84511852968947,115.3488411083966,959.7229537231608,1
451.83544153987845,406.3120866254286,985.5584904518025,762.4825790333921,559.4839418300079,764.0138888935343,992.6522018533062,536.2966617543256,892.1575645244421,107.25216188884035,960.1865646091187,27.672382828677566,48.11710048269357,357.29499877423467,429.4231235487672,665.5332702023575,323.8629856832742,566.2328720451424,818.3247765434987,197.00781494276177,1
428.0569061485855,541.1989901475872,51.60149379673151,777.5064660811811,156.1931271045618,910.5688364212588,62.48051888952189,234.12688438629425,271.2552019668445,310.7000071987216,979.1375080223717,358.69206702662603,71.96281593051023,930.0413842045226,725.2482894132628,360.9482109740477,992.1584706855297,765.3784643136976,688.438788556752,702.310750384938,1
991.811519461285,770.9595661014363,589.3091928529698,970.9048885955389,653.6103153635773,783.6489729463198,704.880861850948,696.7439367904385,485.7019416446867,486.9160994579699,281.47181561636893,341.5324823184158,456.88509610379623,966.2506797151821,270.4692422120459,361.8327636469717,300.74282880965154,837.6126216923668,352.2660128098165,872.2681118163867,1
629.746413571718,905.0137535414352,18.210774331515967,911.8887120427884,520.1284190113098,161.76511392012227,971.9480762376444,294.36846817981086,567.827657827946,620.8455418047325,806.8536566753461,549.4741962375688,297.52473942768455,148.74000514101505,388.6375593190503,660.466352697484,17.703044222688312,320.14369779422736,399.47697795121087,352.0199755736574,1
155.4216163245139,716.7965962249634,598.1178180671926,544.0625125917026,614.3267532893176,185.04466822702426,596.8310955470511,935.9301067894468,873.1495692865294,29.63087775394502,232.82894116751817,150.38174543365724,999.0017265262492,86.34810082413425,644.2297133878054,212.741679226805,831.7284903780647,72.0744793869923,519.6901982500315,342.8433778066463,0
827.5503333306666,340.9599996518709,858.8373075980363,674.2605384451483,369.1443574900789,586.9053576307593,959.9252060481767,355.64164612489157,276.7956093438064,984.92070346807,655.6255353905132,978.1677450543305,127.20453210198757,465.417620671045,405.02683997654174,827.6092784286275,958.6367336268381,278.5069607003445,756.8349951928251,571.5553478075985,1
250.24889688782648,164.20462341334652,882.6321133275586,987.9339785956424,102.4136276994314,117.35598089549359,720.5897064782987,77.72658177419467,372.1179463695684,286.8669062807484,812.2422755099864,873.9015096900472,64.52735265247766,443.17415809554007,660.5635611827801,107.99075424294735,997.3714871384484,174.70366412354443,830.0790019120665,896.9042026406887,1
500.417716219986,76.00058570591383,274.22193021690333,892.1667042701622,434.40229169325283,14.314105728186476,49.29768194115258,916.7927914794309,302.6536229537854,930.2703476155243,901.3757283640299,730.6424781521113,556.4369234145549,694.3775807919596,466.3432275778916,933.3696995314539,413.4346137249482,235.85435910408393,540.6807853746061,923.5261351096113,0
164.42645649817968,399.4988150634198,687.450831263456,452.1165623679446,795.1746799317287,793.395648840785,42.71986417162499,983.3958939175359,46.51023428695456,580.991962418176,830.7732599428506,202.10470387407008,671.287930152799,776.9933115366272,969.4923344663748,609.0043473292669,364.8819177995202,800.90543438856,713.954551033231,396.01321733613094,0
671.2193050089099,510.2542148830951,324.6803606422747,391.4578959651175,783.3845695844851,370.26491898193916,147.21604524403799,524.8268691700416,392.3913126954955,400.98276890787866,596.6618110740523,470.108971543798,307.8570374593139,36.77114909390522,242.896982870344,780.2946785514852,947.3501134292007,721.3678005815055,394.49609380443974,926.2831788867195,1
889.5202082267342,977.5517520534185,993.7509092070385,659.721389597268,987.298376623824,443.9200544006412,562.5962423523515,654.5412779516613,730.9337472203011,901.5336214176413,325.40950053783246,275.1981164626973,995.2720955832106,227.15363682196542,732.9391858359176,173.6708726361653,276.5123303405023,816.7772053575364,859.2237228317676,118.99158239992235,0
242.72402707265783,652.5881274746116,835.1204922417315,834.1357644212212,780.6069789364585,645.3818295391036,126.2206476834662,292.34326801520007,930.2133111554207,726.6792859913008,862.1706683481912,272.4864734163331,284.3590321582796,721.7079949528865,797.7428446395868,191.59247669455402,241.17236720827594,824.1922520464257,691.9386269173001,488.95702011353967,1
595.739029802404,366.6249395632769,558.4642158015104,311.82835470712024,340.43319972750885,297.2842221893177,507.7197792541802,187.5766867889136,214.93268117873865,162.28980246997227,208.99146660714874,627.2642537536786,305.76991702691635,836.9043168267884,842.8927776655254,373.3913477177785,903.0845203782515,165.52256829764312,396.33587272148964,405.7853414993419,0
925.5080593124053,406.82052453073516,952.8193087718806,721.0555480808613,275.4044642919906,668.5463527956912,221.29849847330962,878.372875865048,561.4575523980311,854.4043375711993,53.468080330802415,352.128070767327,734.1024409623673,608.3953402816876,476.10366860929423,538.9158292139739,818.6489622970647,158.83606037086562,749.8120610144698,153.61700872170647,1
568.3139563283427,25.89835632456272,797.4678450905185,374.71346849159204,577.0692661495706,836.9402574930957,40.14119403936345,319.01966544762064,634.0297466177503,399.1015852146916,197.4850541902662,820.1819167592529,830.6459977207155,855.7693855087031,974.5553405718048,543.1052297931872,404.9359352415176,511.8631809244634,408.9697200781508,602.968723211657,0
395.13949739176525,543.3958334695764,25.19698697187378,41.26053940108254,30.835160907973002,2.3544331455408463,495.2640153157587,126.64196166164865,856.4594237053772,830.3370429823481,829.785791604022,87.6413376675973,205.43508661858124,282.20024386353714,24.560979997669598,623.5986258230794,277.8099831633153,215.237770741185,360.8143406542098,515.6426949512006,1
84.06299853257948,620.7078548923226,421.07693054175655,35.09011764345815,887.8844829540545,536.0266897337452,185.47260063926262,919.3785950146491,595.1711486043835,893.8145786446291,498.24387121739045,489.34746106210315,952.7516269176793,68.41658309749232,866.5237014839302,606.3277797488148,982.0963118547159,239.17356503526477,472.98685337183224,204.85362619428028,0
301.8311352243617,231.37274983247647,767.6716959843874,628.2765758536098,340.62464246241876,873.9679631436952,69.75126723396896,675.8414719151444,665.2639674537859,961.3168864040696,688.7605012778633,379.8771458192619,588.8889863465075,928.8632472825955,405.889162810686,72.49801477747009,258.40891385560604,509.6295552020263,591.5661751674207,194.2373281894064,1
607.6673845995106,929.422037493383,470.4275977997243,294.50900022729223,30.543505974174657,130.74413300600918,16.861906861613708,240.8321179881815,845.6174213588041,870.6027192586421,1.6458475026347452,230.6664025676871,302.0808892653378,888.3379300069744,53.90491678711362,142.48427725621826,671.5569263314233,87.0897641044427,422.8697801021813,483.06679912252514,1
790.6036305873924,94.73215004026481,727.119593276154,262.77589661597034,160.0004337425508,923.5888450789444,868.1295343441454,62.724784666462256,107.10648538582512,835.9560354849901,17.45636528002603,360.864035395001,671.0850423092545,898.2951990043805,734.5009502824603,279.38392095793586,156.05116014625443,497.0616835894611,175.66980503204366,52.28414760491762,1
886.3526190274835,967.2763420835747,993.5341489526777,793.7469836519014,474.02307112832466,178.11203881932113,651.6325364596705,535.0611325966221,448.8237445777713,539.603144273728,842.1491166652434,737.3023516649712,649.7193510482099,874.9189319362114,252.23617662326615,81.49823186034722,65.08323843530461,775.5048555616738,345.89257244897107,251.64836485005137,1
248.97252249096002,718.9296928340358,809.7273791329344,47.35409393796341,778.5300599674263,574.7549554922675,917.3408700606603,292.8114593474861,709.4257663311249,207.88446797784366,254.41935740503553,825.7148559203915,37.06791712178603,70.9678403229963,749.3211650914635,917.1959230338603,320.3800439553763,453.58237260727907,854.3356331323944,518.0585586844489,0
243.37873301276701,453.51710802856024,357.9667250646413,358.9211724371283,152.17023822958265,556.2358769019914,0.6186639940283234,76.96707798515845,469.1423611705864,22.06801381871304,300.8957346648503,274.9728071431783,158.66023933698114,880.0561851340798,687.2313545461058,846.2298285162784,689.0477210186261,341.61060417349563,436.85345709867585,322.1406780016217,1
788.575503815495,552.9262189296303,98.33625110644195,427.8678847896793,239.7015500845181,256.35204422159177,938.5193345013114,925.2843007859152,838.713634064639,217.32524206890736,580.6931978233937,847.7587216369805,798.9544394773325,760.830338315338,959.1790228847697,911.3708965126103,619.7970092292903,84.44636859229837,163.03185718083935,461.3996972268619,0
89.533794363304,905.471765060609,315.6025214903695,131.72017961732385,986.9381739262279,990.444250215031,509.47996084297887,60.93922511952776,615.0329711010537,388.08485029561047,249.21658235487465,311.6249008829822,883.4803217795495,951.3677749046092,118.77863274290046,323.06100287149263,457.4768661482154,593.8884997535648,727.311538229968,45.90366260806211,1
878.7704302714858,729.1473034424362,975.8000391841512,748.9934205977302,49.647661635275675,797.9301514461454,725.2366230150714,169.59222999141156,839.3555211295981,331.2880011555582,586.9074719280919,960.495737477304,496.6346319470372,732.5268190193159,424.538172469241,365.35069588662,372.35333855443355,50.12424656041969,765.4361762442471,345.18355420423006,1
177.61653655432187,78.51116897420629,51.8983738728227,230.59228198593595,742.9458000190082,797.1848504762843,967.4582350714577,578.8366768650021,811.6851661823622,529.4679739680654,534.9647324639486,815.3479477388104,421.63350352949294,431.9241430126698,15.897390878193196,153.11260061055032,112.69829967679624,693.8946024531441,557.7191992627396,632.3427411555164,1
164.22688537250562,897.6940211032917,826.8874673731791,802.5807588278822,262.4691825848091,752.6026153374679,829.3354583867093,432.5485766953173,901.3602067021633,771.1577260663774,191.0731440787925,662.5184716680797,753.3354489355548,999.7008644352753,275.5590179020099,456.33010061136616,120.68988387827062,328.8876220539495,694.7864947748948,464.0611276169145,1
370.96825990289364,968.5708399254987,337.09887781179407,134.07196171704118,410.05193782844816,849.1279330621946,419.435924830067,704.0283573360947,777.8127340266286,921.1841171472612,59.22288626078487,646.0311005894325,98.39929633072275,995.9826099078051,673.2063724242732,480.2685069856503,256.4810836531319,121.50997337385094,591.2808106766864,165.28989114551774,0
752.8886380532174,851.2926564584618,477.8908760255264,638.2954446453205,76.46232343840254,977.4900410868279,530.3966039564673,950.557221009103,290.0079766162832,181.54620031149494,229.52289489774503,280.657643192492,781.8241222690027,590.4470251581774,171.07214192095245,522.9903260545414,972.4448788041855,776.8973901789606,503.6460425526209,951.9280657148565,1
314.24487377744015,767.4639847279296,73.55852325117196,141.90912886613637,688.7166218990366,104.9396899267454,251.96164483917127,770.8638777941599,485.30196402887395,692.8006997479056,264.2473896376201,70.86240013329437,944.9440590051315,627.2693687928106,515.9457210605046,295.057298549957,722.4442898391533,458.7661661507356,737.3219935524811,211.8379373201391,1
243.55415775037014,930.7164849662435,678.7492967798058,44.28785429882387,990.8498373664304,530.7000060127859,131.19455677402914,463.3962980933928,764.5933030398915,768.0064893712392,861.7510891163962,610.5938979007705,419.2121255508242,678.6313314730052,516.7495867723773,633.9594993103802,983.1484998918824,415.37108989021186,987.5459526234725,261.0372327393651,1
625.5504424509027,536.8206484874987,437.5431658221055,986.968797105294,399.47988730715434,718.1079798403099,742.5967370780053,74.5339203739478,359.28565545667755,207.39494121082424,342.63407065596243,281.50794837986916,609.800366902428,452.97329430948207,436.9683627575671,968.2460860439838,745.1023652404364,353.26396602902776,115.68679590119046,292.62186261480105,1
145.66527017948172,878.7801512893983,161.05310176991418,229.09883967994028,270.50470859441833,585.4989759112501,642.2329504045928,421.7392618868706,436.0995710696632,462.06266631109116,530.8623738502962,788.8248521801058,464.5036382584843,924.2746809970445,346.2704040365766,671.9676007288192,707.3368961228698,263.63387975155473,311.0318346079568,978.8712150220604,1
801.2076530633179,596.7016735657633,901.7138719235348,223.7593190527646,403.01017294050666,306.93320111262403,328.6317893184407,916.073803066589,690.5677771902662,6.082802796646525,887.960572346346,94.0978145696355,817.5967452702056,620.5747534244183,231.27409725002812,74.5874730909517,981.0701939830598,255.62309179025678,134.37034630737665,958.3221765131342,1
503.1037755855411,500.75940133192466,664.1067635090376,492.1207331699533,313.18989282445085,180.99811084192297,744.6336190011049,694.8923603339799,271.8052790822586,126.15444051834268,197.4969016015282,770.3478182224173,517.5539526911094,178.87949545234082,257.6483870339176,604.6249579410191,380.7983216528411,208.22342741255352,380.9530078149773,211.96637951338994,1
497.827964442075,843.8980536868497,777.1377466654267,351.6348358763961,626.9236871583523,628.6159309804125,334.6567634914887,50.32345397589255,140.41311837809124,373.8292941037705,53.09614054414802,648.5117426258822,846.6346179627724,509.80782091213837,838.0331290679964,316.1962775050274,774.7192933712826,745.9366010413839,680.0880846199435,721.4821348150805,1
436.05076667567977,754.6465802049087,886.988035630002,544.3021684473923,805.222945095048,900.1423881054084,781.8236479497092,702.3294324442433,25.204896576966007,424.64462549615035,13.491539861346546,968.3256022667703,291.476788999946,754.8992468145395,907.6220618370396,645.8950533518544,324.6535689005935,662.6591474237731,556.7507952565139,727.1800554811774,0
783.2556885175957,148.89966683306378,709.6391993956252,17.151407682192698,347.07401948476434,464.78280846229814,475.5906404717189,794.3499814833124,305.14374756907193,609.273789712062,181.75822630800985,70.26317614713373,209.30831670221872,947.1268322412029,998.2243071780139,974.237560453482,161.25923441342894,534.8901988783408,872.2819655495773,804.4929460988286,0
881.0085120085345,981.3367592276148,350.0413990893061,687.5994036599488,206.57517823535665,512.7868165338961,210.72550314586113,38.4667616620028,520.9880417166124,581.7428481294404,655.7629009562612,5.010802852350227,408.8321988884931,453.5233018502798,859.808855722823,765.3131396095837,949.8168577099876,611.1173357186777,86.95605339591017,835.19615154052,1
70.97429401989064,798.0841750961401,454.58919775279827,76.11733218895722,409.6568818493651,354.54355885933,326.43271745973055,659.7168792110367,782.3476037648053,200.0004808694418,801.1097317524036,389.71599493389607,659.8815141773423,149.4195615081938,742.9425240422212,911.9289327086366,337.09202703600107,101.44133584244285,162.24560696904422,908.9753988754162,0
783.7360033105962,199.2187603260873,424.833795888915,724.8317646354776,503.85792571897525,87.68888393120488,691.9549676345159,94.68041334524769,562.3885365789686,108.46911405884386,235.65973182922662,868.1941814297408,717.6296798465148,352.3690276429402,14.12931784026583,312.7515452345253,370.97882074238044,312.03141261775045,667.5960826749562,857.3781700194647,1
442.33348849762854,848.6800438159203,82.76696233658576,394.00780971726203,617.6087636701058,697.7486603847357,816.7153126409185,504.097279473018,869.4735299893651,700.812653106981,319.07927550890025,390.32951016968786,480.80430655852,678.4143224359491,369.57577129533837,812.1643675022774,957.0878038650518,76.67800190416196,937.2976962781499,560.592788448252,1
493.43077221935584,731.0844113116677,45.91761622267432,671.9336152618691,943.4888650763493,477.6655194776002,618.1731922138563,965.9561331551921,397.70904465829136,503.9299225124991,523.6543400580238,776.8065983789601,53.08041683474818,369.36116350010906,666.4893851013597,932.8915968113698,993.8110034554678,324.66739560976123,40.80589885612873,542.0467454415831,0
429.64109167256305,367.385812852981,367.47642805954496,356.5899329327993,234.70114992294432,808.185047543023,895.2515766891989,467.9821242101637,619.0837696010566,868.1660943880601,86.1345605795263,437.14032856575625,277.0344392097154,24.07088363763199,27.436510923674827,230.7149930566218,994.4137115652874,458.9706167959663,126.10793999961511,626.1207362548644,1
853.5930154324496,451.81723864016766,707.0353845283097,124.66650851488959,183.34686619410223,25.408618951636598,500.6958637669205,252.51244536193695,597.8361232656559,893.4682049002172,875.4303275201271,868.6888050990704,386.50153076807413,57.75778227844508,934.6207689223367,170.1697610955788,185.30292021245342,779.4857887139416,18.137746381646558,786.818016168055,0
526.0424417059904,151.33349738547187,268.8356643324449,585.1716353831067,163.65325625662396,494.12264581779453,20.32688994483822,693.8634084799301,996.2545855138524,938.1987411812223,540.0738926756782,644.6105984593586,703.3563675887486,422.91721989835116,798.6466045311105,761.4743927765898,561.3036254293546,231.71247298356155,401.23228035947335,881.7878590750688,0
845.0330013901712,77.40667849555672,402.1542744425717,443.84251962373065,750.67411388341,410.7250764319151,230.42466020476994,122.62253475373608,16.39314162202654,8.999254099163023,465.5629468735382,380.6338689469619,924.3608560050059,638.5046925302532,632.4157529174577,241.6592362172444,774.922641491931,477.4579877258573,941.0876676975739,667.6394000122592,1
451.63316962211087,698.5241797346249,999.4244464241712,95.93742251578863,575.9763639439753,115.48834276336738,365.8260394202866,704.0503560264998,71.16164926699753,652.2095879090631,373.073044398748,625.723951639173,267.5576705452133,29.457404344499395,542.5097172554005,372.7964560702484,982.5638914719399,233.34423533466787,735.2660180155268,925.0811099150042,0
551.1336682099085,367.50727026224075,424.6352105919344,154.10512926953535,328.70900223467834,346.5490210238258,570.6500676591864,74.19447294225901,200.37485909769794,700.7514701811974,807.7803672572018,752.6129012744095,189.35774547001128,923.8552744512737,349.77526954459813,362.22287989013637,321.18971517396267,335.3656927264861,241.0119048342072,173.65894472372167,1
40.769696422568444,369.1343944124015,495.0378791522905,77.48682637472237,101.59510577770936,588.5567812214958,129.1242231053056,27.668225754575726,737.531967613331,426.12445255055565,706.7783141806078,727.4810520419865,865.7225432259993,506.8073988699384,168.4460587801685,586.6314814796579,254.69375773111292,589.3217120254715,547.7318965532152,300.66824745174193,1
497.5361935715595,339.6327802959722,490.554633184015,918.9702332642203,417.04967272958424,184.6094539990534,619.8865867368046,904.6876425121305,680.9121786558284,136.2711099510555,601.6986879819785,38.28855563395861,137.5469443483265,67.23948510768763,112.10629600214861,806.013479586191,184.7129637408349,836.4699459670278,405.4259713002501,603.6218164581006,1
392.70115203337986,600.9930945994323,221.56706271531414,727.2639381299529,582.9216638723171,607.9105052285925,857.2162054099517,417.65119019004027,127.1407226188177,467.30952989230633,775.355479501785,40.37505066489145,329.2421002606112,136.89667963349427,217.37158422401959,492.10848913288805,686.0528945468842,205.40005472967204,41.97465038812176,368.65496483040016,1
831.9413166432832,460.36585835593326,785.7757420907947,484.41905655116466,183.97850656512583,855.0212313245638,851.4699061032411,773.9526560916817,745.7136560683279,79.08715497108498,436.68303618911654,256.3367428191229,442.68919269931615,668.5734218186541,957.2392039857529,611.8341745518753,331.80398461108774,821.5526994665381,884.4776703743277,983.5103711910165,0
161.33634812541231,506.22278544726,935.5651898413655,612.7347947586387,36.03759881050939,684.0250965033233,889.3607864150699,724.3194707268348,864.3777057855998,925.102941746358,40.847650937418045,96.49634619024906,362.65928099268166,939.4387192879881,515.7128515358908,780.2537135093366,486.1615348563689,796.9107486218768,998.000925239392,97.1324787178709,1
666.0966646232039,747.0710501718436,156.31511509947836,657.8186455324058,683.3826160404142,751.5668623183055,661.41134341361,567.2715628466703,109.33479229952047,420.4097955988152,85.74026209334696,500.592329845379,919.6786848841564,374.1785010631667,557.0551967636492,381.7602000237933,725.3813196928216,587.5213756208489,126.36478822153462,673.5235149817992,1
762.4383111217819,584.7727404076467,835.6068349850151,678.2986593189794,629.1072138909099,599.6428355786555,629.7476032259377,336.3513863680879,944.0791931152614,378.3829197179095,357.32100156844217,321.71013578835806,17.126908075331905,495.0687767516265,692.3074175654396,355.7606458424243,834.1597153191797,27.514380128252025,1.326429049596345,535.7409720146125,1
401.64254280668285,153.63013703471873,657.1489430375937,657.9511179603439,262.25067454999606,21.987296258737633,98.06983247681744,514.015752553851,476.1896066065936,656.5099675015299,161.4954092229106,273.39655681799746,521.0555686548577,584.4314290988958,811.9156260823704,91.0590385843223,903.8028898971285,831.4277563302945,235.0046206595865,209.98739092949182,0
76.33322487302851,82.26553014212912,145.3717643670468,630.3158053064224,542.6664691345181,490.40345387456716,208.97818355357543,612.6598248081539,920.9425025424227,556.6738008248333,969.0964542383964,694.150027916049,339.2170434326053,228.12012545408055,79.6564261534649,655.6671008423051,964.8396700047989,367.6675935841582,20.255299531611982,15.993480968682583,1
509.5966336186537,836.8922635095413,336.7198428981266,809.3868737730525,624.6050111625217,900.0181849982841,683.9907294757419,691.490884976986,248.1173979641702,681.6531619744512,129.96480081792504,325.6595087852326,827.9325168563367,576.5758045539815,293.86280809562237,13.634504960050474,617.958238226787,224.5289680851451,361.5179850794054,28.127446173189185,1
795.8892065720081,381.7226552870524,950.9259603484521,948.5338075581114,636.3794105394969,500.4033415892414,697.0520844479632,628.6410889117647,262.9711935824407,37.4323038526726,541.4987299988958,988.1524516050081,281.9100076801656,133.85614262467337,524.2283814118595,335.6929064254618,944.4026381967608,46.6740357647969,624.8743148896276,446.32173305844725,0
763.5647840844916,791.1873319973428,760.2415492552902,572.5680662794111,146.2894215897943,681.9441914739223,752.3315993837406,845.1575575108888,656.5539146113113,363.59342522887937,868.2906589050446,102.00554782738402,224.26668181292996,228.77742576707672,842.6125394188458,121.5269085966969,608.0358519264123,312.61173315515146,853.4828818254264,688.3994836097418,0
524.0871632297551,201.11208890604183,948.6454928415006,852.8414785355236,747.3351653122505,260.6951683042954,381.51242384855345,971.8081766250953,327.40866808908453,135.49942744720178,736.2549860599694,547.4038899968125,943.6061867947071,477.7905331982187,667.5861692368627,50.36019694156335,3.308658094772654,139.15626823012684,795.6921865414403,527.4970158081843,0
616.6695624338348,383.7718408627395,586.1161266390948,918.7888604314708,978.3854368796148,185.11627939202157,110.28909529488529,927.878903142604,437.1356986224246,378.82166271303373,529.70181872701,751.4511213902338,212.64005339716775,72.91082959098094,178.33442493188855,351.958480831741,560.2750746648373,212.89828544988166,344.45776684947316,617.862935487243,1
975.5651797328406,902.4537459705466,1.5572852782087532,514.2931101836749,360.705810147498,3.8678744405221677,770.6301051337487,996.6621229169581,953.4554606363789,166.01417212258585,27.873235864519728,181.67756726614635,35.536016225601095,608.1890491519479,639.6722230021844,204.20552636990686,290.8221279078719,596.8645468636032,764.7040364109329,88.60967411246467,0
7.243080709406602,405.87073035770646,144.56717348432403,524.81510578741,732.0217735822689,282.94998607683783,987.138681039046,308.489794180935,546.5018248375632,401.32522709401917,956.9223072614724,184.75047853250547,703.2988378216869,218.8837770217038,384.2403809669588,296.44250678544756,193.88266872062786,56.80552287581242,211.64680019310134,473.22029679091037,1
469.4789173976588,462.7374265439966,935.3690308444071,782.148960227116,426.9452723203864,894.5242645403968,379.2812742887974,895.4698846602088,34.558183811535635,880.3937107006946,571.937653240894,17.690483053030004,542.5888065791111,24.233618126761503,127.23733137437299,727.9464328219215,708.355752964752,593.1339351581486,753.988868963554,814.2506386693265,1
233.21725810364325,557.2189036308378,628.1261590987227,436.70819998391954,464.3593577049039,42.54784600196415,108.01444340076694,620.3384003517941,772.5841529161854,215.43472454541256,488.9282857981587,209.73243218436832,953.1236254136171,627.8924576217754,442.01132976637524,713.47031836682,169.08738596390293,932.4006961250793,913.1164438189719,416.34702825812354,1
781.4039559086741,551.6548259311403,872.6430499748354,248.10049377670163,951.7890220055241,753.1079565904587,613.9911666136155,610.8435425033208,687.4550232805574,185.9112718063981,218.4058137829309,239.04310730854394,617.239015717204,130.97067129852368,264.6584063279941,147.31329746384736,909.5773847198433,30.135156306445253,382.5395161710822,580.7679186672574,1
571.8095318168586,993.460942956883,648.7853324391556,971.2250464855582,857.7099901155149,228.02713690796372,2.524660694423697,91.96064927053116,322.0909458427678,958.5528849673345,420.11944308540484,618.3940909450114,933.2882121775417,802.7057025119475,48.81712503951163,698.3903258774036,60.457968536162696,201.1242289287768,45.766453798717244,125.69629308858975,1
933.6411453210734,185.79771872684825,848.2264688292547,684.4416423935115,552.306881294724,772.538374753467,232.39257282389215,404.52629923596163,586.3521888376065,992.6679390132488,587.6095173487051,820.611268786093,108.68452770165426,248.19882442757702,952.6991231933949,296.6694632320399,992.9972218135845,965.5062056472385,391.0603170936054,955.6068386002688,0
715.5824378294885,583.5208695541094,608.9233236984264,348.9787245000866,397.60018015305707,103.85138115656423,47.97543266884874,213.1509623637161,232.9492521037454,779.7923312123963,156.73331382788115,630.5952037817956,92.44710534923416,75.64569632309193,101.11137842153862,801.1399602864514,806.7094040075564,40.66646656923323,120.12861095445126,630.7647543982149,1
935.5134780234849,954.2832562343788,728.7290357207594,9.915331295188846,954.554035553227,513.1559293281246,320.7182407306616,720.42625747404,527.2549343359732,148.4984682436761,984.0615802342577,552.8787199782946,556.0655912447105,835.027599712709,3.569426898520245,868.2037670768733,395.59655022610593,387.0781237520845,801.5211369775473,437.8091042604432,1
964.593546200322,230.3189687614444,220.65690423508377,430.10670078725855,934.0618292113694,485.76572342072785,411.0472084948149,592.4969379791446,552.7191935401789,918.075316827851,363.67888745783597,111.26367456176267,853.9444447217763,489.2481480573783,197.3530733894564,312.6661520808195,854.9169580501623,240.49243763690998,68.22289262133651,377.1654936962661,1
676.6445357699909,105.87886344440844,114.26541588342398,647.0221853523796,795.3580354670687,732.9007392520945,639.0182855476648,687.9167449894261,228.94719455226397,645.195921321906,395.9234501147193,619.2583225020501,933.7275889191922,597.5075843710488,289.2979626643809,279.07725170504784,371.1544370839696,217.8371753887489,545.7033243611112,121.60667798550051,1
637.7558457180124,389.0765365206804,341.81713842916304,226.87489958404183,740.5029218580135,705.8280284491195,463.15327387261453,388.6508654840449,107.79745797899776,400.84476356163503,520.4132375372607,591.8321776288567,399.38326138584534,702.3455181589567,351.4871880003003,24.34022394102586,988.0850736390752,4.405561535868574,496.9133631253524,69.59640405839774,1
48.01003904139822,38.71233495903148,484.91028802053404,247.42957563679414,429.499577294658,460.73704702476317,765.1819736427951,654.4372222203481,961.5866961627271,530.442245813904,437.9432480973814,208.46598559666373,25.905326014509345,625.284094974618,210.08663309355669,538.9693817123953,211.9077961278597,338.95034278329086,175.22506614079637,237.79483954023462,1
69.78629724598828,609.0830588028344,530.1539915842142,441.0995504279408,920.2315571761557,288.9821640823763,946.658813391839,418.8582157773095,290.90614904738,335.06373631886635,562.033035726273,631.5422759720444,122.03641114480679,848.7960160342507,447.42903885488903,449.1124057691913,882.7510870924888,673.7372787748425,191.02453031799317,343.2274575666736,1
121.46824134202473,123.91106439850486,578.9466244289472,759.0498807704342,9.59259416826319,606.6835234197897,88.08369762338842,195.4826302660706,869.4140316039783,135.56721978541097,957.8467979774379,567.4928183757632,505.274742022638,355.83601649715223,606.4129655170101,302.42650521826266,327.02251720449794,372.55182009866286,506.4994604958987,517.9577358041059,1
112.7327181130835,646.8331367442911,302.3839419336315,988.5780129821259,603.2688281306013,590.4297933752068,813.6329983076348,659.7557971456,296.79573090083613,596.9155737215285,650.0942010497843,336.93156640153234,882.7236315402482,28.741012354285832,162.37830233598072,95.52133182192335,509.89073645264796,862.1212455848607,100.83455177701084,79.19500933941093,1
487.7968042446698,159.31907572757743,548.3046650187563,665.0047609634717,803.9348762590822,605.0191754472214,250.93220246716285,41.27436836932752,110.18791054302713,151.24804782157287,900.2218898824934,597.1691790723218,977.2455603838869,881.9652490780508,12.819596967238,741.9982772673594,539.1274675920731,324.59423847859034,434.19661395620614,248.77170336340205,1
818.9074095942576,720.4069212100953,45.07659282836951,883.4897037629518,202.07759110460765,482.4286815914589,987.7825485174736,457.308542287785,283.0409199410914,904.8931799364633,74.76618098274746,920.7502750073311,46.54637854730459,23.323370000404186,180.347891628304,781.3610581227807,969.6753271927909,578.9540701408306,523.2774378154165,600.4903576461244,1
70.07020852971336,651.4778917882533,475.8514432836104,899.3784082097008,37.540442538752885,614.1816202102832,744.6333183213425,38.50798403554745,927.3973672031441,176.85966227725237,654.1008170736295,457.77872148011323,829.8658925868734,1.292873117000326,972.2965526769775,816.5626027764303,620.5844592740073,229.47701736774462,671.2502530104219,723.1479753869753,0
344.7636503562376,872.5305137162256,519.5532862650721,801.1831173207186,582.8068418300728,49.7824835024796,211.94266397439665,567.0254300836988,950.8397313205824,171.00036255070106,424.9172044057767,776.9694199969204,816.4646951792231,503.7093606456252,179.83545881833484,909.3117762767871,487.8128500995349,709.0697670658667,787.4273016119487,78.48295610188794,1
453.40193968546794,63.59136481425709,268.9467373336939,293.21736400132994,692.5281957840161,648.0790021135315,852.4064789471443,163.2075255938811,828.276291005961,342.9391382339493,117.559120697447,433.8276572508594,170.66834427315126,818.8362219715833,970.5648285415962,483.5914454035031,83.03821151132429,76.49879059367571,15.63391199532116,710.5042892490604,0
371.5220321618893,514.5389096678068,94.26486570974801,80.44309438860964,55.63510850576514,907.7033264703124,446.468168468534,959.033293730383,725.2887228957381,150.92428764386824,486.8667518663341,495.0651898603834,399.85229689529325,679.9099867524809,832.4610080390881,461.0148768841109,298.0794859120538,389.9809127500041,6.640520267856775,516.144358874533,0
888.4129010956522,529.3110423793387,649.2201985417897,171.30969888194014,466.77230629985,380.6246862688786,432.0287276936603,787.1953260194231,53.3207082799716,627.9026955071567,792.4793883636816,113.605394995982,969.0331626717716,85.2538627440228,432.6917970435695,983.5501048257869,588.6826488718714,155.0932841295113,535.1836371703677,250.04299526707462,1
154.95624624368142,195.25912240347222,496.8364001402065,271.6989404482867,266.197571044417,488.0711442182176,127.48705765545554,600.8684898266823,939.8761487128588,582.1401799312468,467.839506005427,906.4302813257372,480.26551161322004,335.6568177811202,131.5489492741263,826.2711173030924,143.373402485483,292.3323536339646,362.49657855832095,958.0245642672955,1
45.01218285192854,663.9206911497749,78.78551336680073,42.381949375863485,704.4158296130944,949.0871319139044,118.59532815927932,155.60770986065685,657.3483186740202,203.98386122596347,936.4419473301443,396.45846586010526,653.1006169718277,553.1273809739553,749.8622246908279,268.6456782546279,214.45071700027552,839.1196134982317,692.6259531893785,645.9134345466609,1
337.38098349870313,112.90353775861517,228.5000874311479,137.683424464914,942.547956322518,751.2793258939001,706.2250302523139,105.28334843289522,412.3115432338621,949.8922942837135,790.5587962687489,711.9559536330004,611.8168399523164,824.0993819059923,669.6272328542299,867.5705639971485,368.96547229823494,95.39221793201347,150.74496248023138,572.8809801632295,1
234.3679720060009,217.88918823525572,644.01938016459,88.3495593691379,232.19930065728778,408.50888783749264,974.2977660101136,66.02620743053112,785.0557906372533,885.3553037644693,385.0314437431379,720.08114672169,727.2420133505951,785.3899738840479,508.1761464257708,19.093243086416024,818.7521936296971,202.76339074578365,315.4835319243192,753.2852329057334,1
731.8277413724123,62.47030844244039,779.8647060218742,395.596546976258,452.00261312414045,437.8126404757028,91.11143048813308,600.5020462775714,470.73659232193097,801.4524921575701,505.1674957586689,801.2753468556922,783.2376582320841,985.4523627073903,484.0296104582672,893.6519659170453,353.01144878407985,367.8582376464062,919.4564495524712,455.27577696745914,1
628.0178005144528,890.2244548846528,371.81065889997234,11.501627766526079,187.83360389958426,327.98153187556665,289.78289233449794,74.08996213594754,888.7595102729252,754.2447695102069,576.2809001920405,507.9386280395469,313.918418379263,985.6047826413708,202.60871799784164,409.3648756215793,301.02127577452586,768.1901580288236,116.98496239730804,864.3458913901204,1
399.7818896382805,725.6326170793385,747.5080102801453,821.3775739277987,674.2868878163363,580.1776149536838,243.5858206686936,361.7754257166451,552.993200815261,130.84055710385346,346.1425157436752,712.542280211843,993.22154115225,596.0623496315052,979.3424307297597,312.32246925609684,94.23039429005775,866.1009008159137,13.110808832717535,752.7339015173812,0
544.3147734302609,802.4892957025676,862.6894342068628,676.1329424985028,549.9551381215057,690.0081860947098,196.8181776796597,529.3940225659939,840.3105397063098,974.9458043635361,619.3815956078569,795.8879010367366,984.8690522092181,670.8111045746032,174.67346592583687,368.2164104989681,479.5334135205279,948.851935486031,892.3007497488409,752.9492214931967,1
401.0174918940037,738.8086471346663,691.8899529943623,863.1250262116641,757.6983880349933,172.14846978239683,305.20747942794793,533.8145708896117,292.34019878454563,707.8643740970957,192.63168157071553,680.8608569043192,607.0614918181801,27.47801660737592,952.7985081800491,704.1866566670419,646.2241747267121,615.8793892396175,560.7949440648797,633.0072268144013,0
852.2390618896968,517.7390643098092,691.2135351523547,197.3499463244256,903.0397428566077,440.8535186441992,760.3037762893878,668.9684078894919,299.83738989171115,825.2077611350733,241.26335627827967,223.89594770223286,253.80831080554665,60.10569905827479,783.6955807546607,406.60067087547856,30.575525914506187,164.50703162307212,668.3746488661081,59.49259455036171,0
349.6681531723134,882.0171690534568,912.1182823380651,803.0651883800048,4.568738292616503,823.8803020897057,482.83089023227956,958.2642220565181,76.52543684566938,959.045324269063,337.82716350255026,503.8282677797917,607.1875470983854,116.61270136248581,596.761792144727,898.6832594947336,534.7512262323553,521.8515338409964,218.1134009038399,294.03461751883486,0
402.7760275728678,131.68624461826352,400.3521764523185,598.048803131171,898.3604627696695,926.2043071618696,759.5359629050618,585.7736701102023,633.2166508039104,695.3565187014996,547.2854462887452,199.4289775832858,686.5267345617175,495.6621094284786,698.994415437219,987.6915388301393,562.7520446703038,350.77126895579715,253.08684933999615,34.20228131287295,0
948.6734051210044,960.3520078700867,848.6899971915911,622.7375550679425,4.052428316266177,851.1935110022555,267.35466327304914,683.5872487906132,226.34835827100963,788.4180482959333,170.66296107220114,37.53270302782619,648.1040667605297,80.50206406572669,406.6514838204258,836.6726734330333,139.2871672076702,66.50871484043863,624.786351803531,888.2460785611057,1
300.16093375420394,851.6332998654169,675.0614116816442,782.7111596611888,283.16414022788217,664.0787384198289,559.0670580661699,945.7934164203035,677.5543710613111,400.97716125594786,736.94594653408,866.6144768071848,514.3496118845517,790.737890465267,883.0106364555902,379.1443726222423,836.9201506188014,969.7840424759756,559.2969512187989,215.25872572702542,0
609.2693403890579,819.7772881965412,495.7695134386313,283.21139594954326,346.047091573279,10.179902432680631,599.6882204779915,946.4661611163982,378.0611016167571,463.0062267308639,574.7327236219194,934.556034328638,718.2385677568358,391.0427069980706,90.05714011728915,810.4870019630551,124.11739467451532,279.8297056597301,206.5717809656522,574.2769980116343,1
951.6795733310221,426.1708557990599,406.40141957158784,38.85030670164424,865.5632972857122,29.006993250484726,775.1497419587711,792.9702707629679,866.6184005660398,263.23500076119666,878.8373951648513,947.5021324460203,967.7583686545038,509.28276106986203,205.5249313634614,681.7043008043372,483.56152263211237,432.1376863775143,237.49026456736078,768.4476140999075,1
375.929740199091,562.1910605486268,109.05295450460606,0.7368132304051977,171.84615657625002,52.992553762737145,148.13331910016313,611.0568435964359,362.6757223842526,495.3425695486853,136.23415981926124,708.8878130839605,852.4479076439093,850.0138552230757,662.169326150499,979.923017854885,610.5100476309486,458.0256533074624,564.5971376794729,664.0187464897908,0
955.5270311024835,135.0935589836707,933.0490751298204,2.1759054512515696,821.5501603499569,994.7497126003232,827.3173037459785,139.18245940999196,970.9559463365404,517.3631694146029,858.650180351947,256.43367687803755,316.2546856609654,819.4548756112368,137.91529763809217,754.1308251230558,540.4001678690312,423.4492262071553,681.0465094459163,934.6158024522665,1
258.2480606097597,709.6999837389958,771.7751278262054,907.3550470027029,800.1965820224165,749.2235102973524,859.2513700221965,540.8748309345042,29.439703038116825,741.2127902403281,231.65424050388262,329.60102309389293,909.2425101009464,868.8173683806519,955.6944561712419,294.2519515531514,650.5406013737125,382.7844365491442,576.8922068103636,138.0951831558447,0
659.7711254028759,526.9258403252574,910.7878286361235,357.7088821315366,184.14995791072107,892.120418570408,83.47254226163359,311.75869921471667,594.0450838857287,959.1087939437682,193.83329739330347,614.4016744197572,868.6903072865744,98.29550553376998,121.30972068250567,964.2081086303341,764.338973540367,762.5846826136626,771.3768659232877,138.80599684060903,1
652.5775894578597,942.3546137348724,842.4194596264534,715.4267821308713,961.2216740542491,553.7377371815215,876.9247602229034,954.2694089228905,209.72619264536308,921.3933133604411,770.7853446496781,168.16476256632197,929.7391711155196,971.8750811184856,583.9970565331267,645.8616516632785,466.24756448764225,456.14155307511294,50.54862147751227,180.04526869469183,0
834.3576710862525,209.5986255511336,728.6310825099423,79.55097502330655,163.4106170343207,750.5813022265684,130.69971313037064,872.9921779232453,903.0017826534463,237.75763986463738,809.61887774201,168.37340814129965,172.24185106943935,267.8080406917983,284.08062928681,438.91612610224615,755.0396824987909,351.8242210765312,74.88025830547119,920.9841278675185,1
554.736016585515,248.48002648974054,314.30204242912254,573.5057840312816,943.2430422575173,725.1358378871043,272.73274070333855,995.6711589882317,256.7297582881377,545.9924395153198,974.3524992821822,24.79850468076139,741.8609739291428,628.9157909058581,376.79633042310746,797.9624773435139,450.89054652820914,752.0297031429752,507.33190862685973,870.6869326643135,1
165.11720353226232,378.25022824759003,277.02517975000876,449.46976596601695,574.317076722913,154.5002252137001,588.5124452576073,319.585089623768,86.7480549440025,303.4419818023707,981.3816637155114,835.6145804200979,517.9522381047103,629.1015424394574,537.4871685084566,313.7649764020185,440.0638209479091,891.9229946410144,109.23692401638063,803.1904679639262,1
954.0977925685949,879.5149961059433,36.320860041512695,831.3236931783094,165.67087778884016,430.0102209058877,752.9052237808943,426.19297728394923,423.40453151687717,987.1451426103906,429.13514666354126,861.1454156540784,969.5287847183469,874.2554590120853,163.09195676462662,716.2635852382924,466.1749978530194,837.812605013464,139.5063333767026,308.38487014377245,1
721.2664417327089,191.66848406030513,147.3998732280155,905.2867230052494,850.9248195711743,34.828093801671066,999.8754552539206,100.77900142542273,73.9443525653647,522.0747703279205,990.5189469474574,326.2379481777904,836.5455980518936,872.7392050415432,678.9035369293118,980.4252639907653,240.6802960813662,153.74031661634524,176.12292678430853,647.0081897765697,1
384.7137512307951,398.1596995223886,84.51593948390612,85.75378980814119,731.5419671469574,584.7258099209197,262.9976054559975,762.7120255875319,891.6279432645446,84.4941057257621,907.1086647009338,36.28548319290515,282.84665805320117,959.6477488202783,58.49873671045358,280.7732770057581,184.0728802956655,53.66546841911668,826.186098102819,753.8783802862911,1
150.38161223026881,661.5355306153988,986.1982001845053,124.65635035219779,524.7905629639669,581.0292595865005,521.2694675992581,779.7772205733544,186.63841379491151,565.1205830392248,192.7825302454722,209.40871082933478,987.8908213952768,828.4674579494189,182.82760000635477,417.45239003146895,282.2384784467296,253.32747903877816,775.574724217314,184.6982710664603,1
836.898445181625,131.7472335282286,315.63290939802937,907.6232021020478,801.6456322460076,595.1546066376328,772.0253672647639,59.34440253299478,9.838347334303442,84.15950131536165,127.91029366121087,402.1814139328503,112.81485938690005,399.5734933800428,607.1756870029723,18.448718495366776,600.6735138254453,238.77186146344954,245.27847356038546,402.1179770523272,1
403.55664107163614,609.3022383121463,299.52059135519994,33.012733632518106,762.0925577805518,114.50251041379111,966.2828892657565,619.7657665721438,826.6473463096632,22.561011683043585,398.52559149314123,108.08814300153668,518.1653016674645,925.0143077250747,461.81119697502504,762.9706004034872,716.9442604053736,264.0747126663362,815.7464581569853,84.41602606059506,1
606.4168255474224,552.1183750875425,82.14303264881772,167.09482474799597,617.3392340065889,138.47434960082649,32.597988444196034,130.94257714815294,673.960587912722,550.7183292449982,827.3523675058535,883.6073214590094,561.1704457622673,525.2371177658688,356.48938025674306,759.7256701194137,355.80229496301774,973.5387261385587,931.9191571547454,472.29241337254024,1
265.3145627202554,236.36763545680762,138.56610846374394,760.7335715349664,516.114645336915,658.6091480704763,329.7274816505539,322.4989498817118,460.1982780945326,366.7072434073935,148.09734377260608,383.02746081128237,247.09905268446752,364.2439888909593,718.6063938082422,342.803737553577,818.2838733543663,75.68928606896563,343.8223788956665,462.9491721301011,1
952.4124830925939,432.1224056150217,584.5407511808029,590.2985889159147,384.1991413174253,21.59215902006395,516.2649009718491,619.1182359536526,278.62198371670735,119.65870627408715,432.4659853060636,197.07434846674332,808.72080935321,452.20891811371524,587.33180999154,247.07863911964222,585.0447184857358,106.90195254706214,793.3330034727458,479.089522723942,1
950.7228838176942,592.5419001136091,847.0857614320295,831.1303848741317,243.06860535662844,873.261690613011,620.8741456742516,365.71060416190835,716.5444083572805,788.0553639641965,725.3291723960198,509.7994197737026,660.463052324168,60.067055074789934,876.2013382496798,343.22768729591803,274.19016707963675,580.1673047222937,137.54148415421108,903.6162095728386,0
226.546106802605,806.4539711160056,90.67352831210273,122.08860584032821,15.957946741734785,611.9197204450423,178.8548779713236,144.21517486000246,955.7643980323746,492.4267908920359,718.7313770412184,572.4204037078491,134.24633178953337,74.98850157172588,8.797337394624405,374.85429426210857,706.5386019933204,37.88067987134447,798.2002764404658,412.16344537404206,1
33.88105054805857,4.899755908149395,789.2803468816901,239.30521018808716,905.1480062449418,319.83462967904444,181.6671632025757,241.2070971394663,420.43347306710143,619.8145582114023,655.6069803272144,584.5879969994326,129.91523201919065,880.6891873945864,285.9636388548644,265.9019557000771,996.2116682776601,929.213086236726,711.8585257358726,285.9387244697892,1
194.7353750065598,863.6606302009322,2.5992354934842865,572.855385872534,323.9055896773836,352.06406692234003,985.7799010384535,181.9722313157699,925.7878386692366,369.29197707098126,832.5567546950341,906.3583958025267,816.2232688698709,678.4867169688113,187.03073922371783,785.6260398482472,958.3287183364193,887.1031764547658,865.236328452265,467.2973982514462,1
934.2968027148448,663.7794850954922,615.4786977270699,13.026492780896959,16.31956522116651,44.62834343531863,462.1281975151289,865.0577565640343,621.9150667328166,732.0495315229297,979.1652126355109,560.286880706931,862.1654590139306,333.4222464592633,280.69133539485347,254.66356369125597,734.6227381597957,153.78565293433388,607.6198668697853,453.9558347912285,1
910.5492844381614,119.06068646064139,582.1601566514664,30.99350438769011,70.9793078577926,904.3727047833344,848.9529556915289,115.77994664214164,438.9054082167666,811.5815492219161,585.8808541418314,839.1345945244026,100.43152870440564,340.12070413107296,607.4663680081566,174.56244431434297,449.05574151201677,364.02799620381097,86.37771360817426,256.38168498649407,1
667.8205017212999,856.2672906111316,623.9439456455656,461.55964380622873,308.53269459299526,589.2443083984843,691.7643344861677,415.7438137311831,410.42130592131343,275.55608408289976,126.05744829044907,188.075505376059,935.7679231293419,156.95675156839707,989.3629583938288,845.5602739248638,305.02427641451766,989.7255002935577,146.65933746317472,432.8815492524717,0
134.8870927575374,816.8678808629085,888.2042894043627,42.198333860395955,535.2665579335828,131.04299213636116,458.9899068161669,507.7574007355844,122.0989516958837,946.2513517844019,846.2228706810432,334.3708637288814,443.9765549215905,984.299023640498,663.0395829574694,103.24411700914227,592.0360108192262,368.6463523222924,901.9846177248387,426.71582713334266,1
536.0287152947257,504.39629736744195,59.73205964947004,874.4863189350913,630.9736188143235,269.65875976970676,419.18562112956016,463.3918468523863,247.38265608792676,754.1891778173617,23.072706228092766,595.8119745479913,473.4177477774064,957.7187204615457,177.6130576073708,58.6996228177884,484.1593009509609,25.393859701026923,541.787268300521,240.32194423209685,1
476.1216646870674,38.03869518932146,505.2910081421237,888.6138109717571,557.1611158715785,966.26723827398,168.62127415211347,640.0563393333628,11.744802592570158,176.00979658794068,402.6042920569376,944.099952108562,432.6255645456872,918.9313776911148,663.2777434210268,915.0727304546461,592.4685399754188,373.14482148703365,672.5870883641131,496.8199567911735,0
529.4491364058184,70.7423569071024,759.4194504802415,673.2575173510553,769.3298125585949,720.2325799757464,419.2220050357366,724.2459702672179,999.970979730506,674.5871681656226,277.5658655705443,951.1851681879257,997.8566067448949,834.3204563341111,481.91868535854496,125.15368611821465,878.2079889659,307.1605992485528,861.9470850776748,968.2776471389118,0
586.6069858134092,642.4458472701413,12.34175644879587,982.2828592317464,699.9201254561538,434.0940803440737,535.7524245430188,33.13274973508351,685.3579509462134,658.9748762560507,451.620623510986,580.0073522980275,540.8746481981495,874.1614335109485,994.5883841092889,350.42672326682043,687.607330642431,136.79063789553268,246.80921438328164,53.5033091925351,0
197.31017039316689,348.8853872833684,353.40524377623694,529.7534842202059,135.82768343223327,591.8654385806818,634.6209879497645,482.3164935920098,292.4671933005414,578.0614650931603,112.69460033401934,24.0957751140507,950.8767945165514,231.121314874554,506.685942680936,639.0719822694111,338.472502932875,767.3445522131419,594.1042947796426,395.36603952370655,1
41.100174681465205,401.65206558228994,282.5014795802543,536.9895489593052,275.1683105164868,776.3235781175936,447.08670285193585,663.7336224542405,890.1698059439012,881.1695644919887,228.57737149788005,441.3008091401985,767.1701650808978,630.402873379786,0.4102100532512587,450.7613738955769,716.7928402813503,658.0128826220689,574.1738099898337,521.3017607159742,1
717.8028334179654,394.3619692659495,498.693219703765,314.69626409186856,678.4219061899821,844.9629568532233,836.9550734314068,823.9140137825276,445.01966170136063,323.2166463861208,370.8628272365424,649.0911124017748,244.13680558733196,135.62613929906243,667.5632933277783,903.1627540487993,458.34363643313367,906.0872308471095,106.22702466704581,719.8122770206439,0
239.2638159286362,767.3420693583475,602.1848671849136,876.687685515687,462.963473362773,636.4207214028607,581.6729976766467,759.1594026908999,773.998541239675,531.7166367429303,302.0885700046246,857.5643453972899,28.137076460997392,584.6203354124775,225.99364358693364,231.23832098497877,836.3647184730901,870.5880132379029,450.00750429058746,177.0665851457671,1
94.66756392413033,390.8453801596526,942.6033005129955,99.47804716067033,400.5320996252184,961.2256196018463,522.6943671351567,302.09491242152563,738.4476636262169,401.39324264926836,42.80571969116298,268.67912635091716,918.0561091730762,577.4234763022089,348.2318272946614,209.53445837061645,936.6217562746058,172.77054202397392,561.5549982788531,339.84001556911545,1
358.653818128212,553.778124550144,437.1988228362573,399.94254853982403,270.5271100010417,201.76410736811533,49.17556355510489,748.1669915270973,948.9828153186871,87.40572675935677,181.0800599387421,150.5619068652484,996.9012056559284,505.8817770716328,953.0997117735892,225.07998913531736,757.8965878542995,432.0996241879741,822.0529380519425,38.09657562519841,0
766.858868984561,116.29699413208516,899.7769981248152,670.4820350724902,209.76438852997836,279.4665864848241,722.1745524951442,593.6086553844624,92.27818118697573,208.3349498716912,8.333850886778404,691.5492526944084,236.92403098411162,868.460568451392,627.022854296314,290.39323531722937,733.7302190734789,108.03360840041398,401.51016226400446,5.8120744012323255,0
919.1008058894923,104.46403636225321,706.6168341029855,202.19442277211698,113.8046285404033,943.6626384459433,435.9303483549981,172.48226921499088,366.63773419330414,326.6660222463085,234.21815465450425,846.7781358739098,106.16561472012576,252.3909825542625,536.1797368246857,790.6535436620493,997.6774892768119,936.4679481546633,461.9395825226159,148.58983390180802,1
251.57107838461877,104.4593705419552,573.4167867643373,847.4721088887445,718.099235332064,119.38667324127795,169.5743757419421,187.4827507673642,791.0345803964644,580.0572071890363,98.49263554182141,743.203787135001,457.49530085067636,650.1375706280039,679.3513207478096,341.78709553013795,921.329297218834,916.8676550787322,202.116470333373,640.3369764078232,1
904.4647716450614,942.3823012155306,565.3944016714913,920.1438297524085,20.624364370773417,657.4164959819572,276.4599556129951,839.4122474964515,436.8306440683826,768.1197286060185,761.3725857002061,678.8842853655153,550.0240840690917,209.8633871915817,694.1999660921069,267.6167089746735,171.5154771970746,219.099414772966,816.9510255159345,670.1209764354411,0
483.1884256758893,806.5766696649974,239.13532209237133,32.09631873106533,53.046916970430516,517.8508682399191,827.8761693537974,902.5909700288756,767.2424799498137,363.70559296599345,255.2334443072396,374.71883863733115,678.9680176227411,226.35320689091986,51.188378662729846,706.7872338768407,411.4870435153445,533.005635268162,220.6292473484367,302.88518215768426,1
277.6650753231207,878.2572397496142,559.4557450373035,702.4175854206376,333.9382723676075,9.004401110185857,696.6666626008931,184.82874720711618,113.57963370357015,576.0090842500086,31.04265179438881,53.97600627815824,677.1027128028179,580.2974838911202,373.9981109010374,548.1832774798642,519.5032775344226,753.2172243566531,204.40876868959657,561.0461784710816,1
565.6712512029503,723.6273649345546,314.06925060174683,880.6412269904528,710.1746362232096,428.598964583276,260.6087757966009,469.04093853605156,480.11533521542725,213.61100403065703,598.9176480148985,621.4276105640688,1.2590864670295465,546.2378047388515,842.5629670543451,512.9362381859997,602.9595564178748,286.1968834505744,445.80007911042605,671.128190234241,0
581.1234155072312,814.3101666474088,347.1425823581777,754.015173883803,551.8804343706867,716.3595307361688,312.8771451808211,885.8542227639543,536.2905139558638,335.8059847652092,616.5772721235197,520.5184410118603,611.8403259783336,959.7614816297408,765.5091178760514,493.26858994886226,749.07617169731,22.249441392160453,116.87803438512267,286.9537237386521,0
61.65133090490671,983.6297789538744,686.8659682842757,201.60881444280488,982.7245727408254,889.3970346172537,316.42619894269666,293.19447226868687,763.9443796337521,45.959332111130344,771.5549046186334,768.2503992456656,10.488258431362919,785.34944255825,236.23899823646533,860.3149737283544,406.7795926025227,350.9790040138547,224.1467260097989,470.7036016242838,1
354.6265069938218,498.7228620898789,521.9274576783632,286.3934321351356,481.3227093766359,137.67146058653756,282.50544551455846,536.9393300230297,825.2226916106092,575.6784781642782,775.5545035089917,114.51767507135557,903.6067941177643,822.1737632059452,529.0312129612233,406.38147753769147,906.4205672059688,200.07878895199016,771.2291928882211,465.89119297909133,1
595.3499729855473,805.8797657662413,309.95192113620493,260.1638351909471,170.3913644519065,935.6846709622818,647.5150390464547,449.8074905757221,112.08853272496933,924.9058318969669,902.2372101120831,997.1817805571778,208.73927305929706,847.075613373678,104.25110386326597,919.5822427413689,489.23632197392305,278.32668820165907,822.3193635540043,438.6475669915781,1
530.2429910394493,186.01826157439126,600.2729152652519,189.17887667817058,136.00871212577192,356.24294766253496,906.2587301124005,780.2660830735509,447.41452141413,606.1603111138128,314.7479318332983,906.5488555334966,22.692306587396626,969.0291584716064,259.4685846369382,725.4524754275635,444.7155970715544,709.7307423598671,542.7398542146725,840.7894442507464,1
758.5028560492369,261.2930953876655,582.9986591435744,297.51383375939275,284.9338698183246,234.67705181762744,633.2652890757305,851.4717804741152,891.8272898892635,679.6223760145652,34.52551406722437,644.4832095527895,676.4713729904242,188.2877972817959,182.10712021673726,931.0157652462964,776.3518504632955,521.0497586850114,61.85378215431847,332.79375137322245,1
625.8569448269984,317.2649668136126,599.032153841549,736.1106388528756,731.7945926772921,764.3342508741821,157.0452654297575,120.23939011411767,372.4716513810913,147.02600825776557,709.6365273465901,310.88940343696356,251.15634749036454,795.6783817481037,498.490219145164,659.988317357056,193.16092641988348,196.18926148914971,162.19780812316543,512.6232799026245,1
52.54663561697404,65.17357353467457,511.93184707004167,654.7745961263352,519.1445054074458,24.210430519759463,990.5109360406409,526.430195344138,462.836735312569,0.22662426120978463,20.098618506180554,919.9814368592992,836.9790468097983,122.6223033446373,777.5458671442724,675.4374359104901,184.5643512068149,755.3847128512799,923.38305905735,161.95644216642225,0
332.87383581120366,429.2564548326576,671.6095689732808,373.659290050277,669.8200516381091,649.920463618903,712.4459324537336,254.22420071978112,620.8675783444878,880.25933492332,571.5477386235178,915.1229163056229,363.4833416501404,415.69088623609554,113.80244036695397,112.54799970016715,967.1800643667867,155.5453182921642,915.1062380151257,977.6180810729155,1
531.3661506535914,250.76986553811264,862.9883135977967,692.8613899664704,564.5361801059044,939.5537195726893,717.5470214873814,280.1521178271332,654.6873792777869,566.3641555031803,534.020292015522,714.0363545879216,226.45883688771463,368.1992635163609,844.2854933514247,160.15396116106905,756.5398039288773,529.0232947887723,811.3940447470973,711.2243125030767,0
983.4934778578455,481.80517378216183,527.2768569309418,675.0662335790646,293.4564650053333,379.79497592324,15.571252000631365,738.6703465510639,507.0542428255379,789.5962457884317,980.1736324303699,906.6650258284146,219.7779655739789,705.6169375688148,879.9714184136693,231.66917442246748,301.20688860343046,229.95179624031582,608.6479127336719,111.12607516113748,0
7.274722476669271,641.9985402940956,470.7974376952222,343.1602200225161,993.6787508602533,695.225015815257,864.4762494985819,97.9012029179882,293.3995481113524,125.10893553562109,597.1156222454243,798.3331041769735,779.8611216361082,261.01601241075525,478.5086645300065,651.6443156871024,422.05378046303656,158.45984190088004,686.6027982462058,616.6508832100703,1
230.16608766918645,669.5649953116784,592.1127581039667,703.3100989116202,288.1227421874664,381.3099061125594,246.11912593045216,427.304122651311,100.68033385558006,735.9882858846324,789.3275171116851,432.36352379903667,300.2706300793928,252.24451358961088,401.50716764783954,366.14175704538496,819.0783158373107,175.3582709651431,133.97642237207884,555.9536646208452,1
99.38009849943485,894.8836644203848,796.582791053261,58.08303250190583,263.8335855699342,565.5064136281819,701.0468801112704,960.7869664289495,956.6326430998491,165.78284636478824,60.81128982891171,404.8137399353293,796.3289362246328,72.94505642936878,875.0041309580929,34.26984479389683,85.55323092289568,546.0626377912895,701.7322239739246,605.0755555940356,0
423.3470466536364,673.4635029846635,236.6387334448259,806.6894223816207,184.59066610627005,255.5135505224493,996.9270586048771,303.0491864033753,765.8942085065939,636.5413540831239,173.22527969328348,88.19668523695934,994.2662415926234,705.7157971489085,22.492471547782,425.92128265981046,110.78322647948436,249.84615833095668,436.5249505966293,135.73201232741982,1
309.86493185483863,423.1313886406024,999.4484642346588,124.72238497237042,822.4557548136688,826.7165668192564,343.19523133913833,786.1866147180809,629.1976441323167,783.5853774052495,296.52398638753243,544.6421773782406,80.32335720043804,506.4944563400728,458.10724249482536,544.492010932749,930.4637169397992,795.3772546747953,267.42470260977757,754.551591263085,1
301.10868429769897,498.06129952696176,72.60948985550964,623.6912965354771,385.64759960282356,765.7260968033112,392.2724241903144,964.9773729754735,883.293145102508,298.11507302744053,622.4658190253795,995.3211779646297,410.67096595090067,483.08545729769423,360.39445384500857,122.29295221221848,702.6435252367328,659.8107881443251,821.4157594286346,396.0779572268909,0
70.69269022079571,326.2052972907651,114.35179002482387,582.8561344176892,770.9811052171301,674.624745237384,519.1631523481905,753.5710304604711,11.77437470185927,619.4532465394423,756.4770667707631,696.640840683926,51.96342548151212,638.0040210238528,716.6859238458237,779.4773135915493,636.9101078901563,522.3838254841418,574.3506585962845,367.84091914148854,0
381.6645419649546,132.2079701731439,870.463685683742,854.3841801919668,610.4267000606264,406.3061137449844,558.7787779688948,354.49293715363694,133.53699680248954,948.1100052272213,599.0729009070972,437.2615350369248,266.49538682667526,905.8449501221634,980.8802143529837,808.0099018779122,821.6989726716118,557.9884058013719,432.4124650375069,933.580069067122,0
539.28209165519,598.894316574622,100.49283020607814,711.4263042873839,102.78315025149965,414.10426263287616,599.9845811579944,197.26557375237107,532.8704079943734,706.6312139303648,784.0849473811178,549.8820086669778,660.2351015396795,101.16504912594849,194.03483892451177,437.3524393706104,84.9651259169909,867.8372956768732,733.2178095560811,786.5891830949039,1
729.9181444088616,831.8180255447633,655.7206690607435,247.36576288908785,888.730075084323,618.4905501284823,146.32718546197475,809.0571112544651,518.9706269748383,678.7367756877841,744.1408912759862,961.7772834291733,543.7585866182377,64.78353443145191,875.6645934426384,839.4684123704671,587.4046720185506,61.60729400830056,75.47463918194775,602.6131442880678,0
813.132094481522,639.5147739857903,626.3314955072927,878.2511593947427,476.9295119336828,675.7123955916309,226.98595345190563,507.35261941615204,768.0661097164491,386.1321527014785,439.67073968141557,228.98188273158638,96.25331746889798,918.50597672837,827.2283267001368,547.8462321408925,985.9201393403974,893.7772979670837,93.85386040444111,393.01231218972754,0
897.4743786250968,549.4452192341713,540.8483997017436,783.1472515902036,263.4431405846947,354.1637031609802,759.9864268295225,947.828705086807,920.8675174177695,703.393752060491,597.8696886891855,75.42037285056769,554.0844535627772,248.67542451264146,724.5279570741159,190.3933520493094,160.06454179358863,657.1561758457736,577.629807154249,391.8876648905452,0
738.6121483520546,873.3746186226924,207.36650403294533,418.60648528130594,949.2253007244402,623.8249685359672,429.33301758951836,320.1357006621828,167.9430018729906,327.0521864478978,76.9604066134506,957.6744276570665,149.17446834881466,715.3565132460463,944.3624888450588,255.89502723510373,171.09090152153783,972.3368615740826,500.52217508325134,464.99471889834575,0
226.3888032465201,553.5256564581497,837.9475869170315,976.4463363062695,956.4718704105682,325.57556102080264,556.6755066365663,699.0213102277372,451.93773851287256,901.5515272485989,166.89147606363088,563.5466498327186,652.27975267748,282.88542022383234,158.66578632087047,765.0902835127665,974.430635956185,979.5458936418285,910.6160002854693,12.530881581111707,1
364.0491540544657,293.66560264082995,161.27861095138618,149.19837835287774,809.7779562810608,838.2090791507482,999.8623785450836,88.71735735593333,810.4687628059439,68.16143810470177,518.7466095326113,387.09106593180564,341.3125597927861,519.7889328269168,507.07767120431635,171.44297761994176,187.158316411825,822.0038303043146,438.8553669174329,213.56931856663775,1
914.7460401268535,365.25967105490173,829.6965731058109,182.40664037631393,523.5472613016593,41.53193968102098,412.69920982556954,235.9251851843628,393.64810905912617,908.3071320847771,335.20359061669546,95.21128563168135,323.46717049626494,238.36320404910373,594.1268806760304,521.988061059763,205.4959419685969,519.7277409479929,916.0645465834518,443.01274779021384,1
654.7565932800002,169.93622359975447,458.1291220803422,160.86852034979125,205.91825224216709,474.2172935736381,831.8779751490392,814.0598881071572,694.0392417598256,277.76891607688805,656.4293759085961,270.6188655289367,611.2542122973346,494.9606591732665,65.3594016760628,879.3096393645023,883.2898668818448,211.38536095782922,440.3885736638201,300.60410070326236,1
264.35906751913865,16.462417153962903,91.0116185819192,125.34380651114397,913.7141414743072,412.7589567296299,173.1004831063534,419.50863276232167,388.2797791583803,720.8478135181326,43.440856473516256,255.63692640043024,907.0210933696221,991.0442141138479,434.3426621933523,512.1671133902255,991.8920914016036,767.2773571281775,578.1639566131727,587.602347314667,1
12.57087762404241,376.06910787194136,767.6576412733601,351.9233831112472,284.09369702644784,286.04952879604775,675.6222383882618,967.0462685845821,966.289954660971,664.6857768459655,434.70230597305425,235.5826458867455,156.04977159099997,400.2164159357231,650.8087258100775,990.3138759435456,712.7660053158697,960.5006135074769,427.67277450369147,863.4893737040752,0
985.253468179098,715.7360124969291,261.2871992262932,175.0190217098373,102.09766569882972,879.3950544949056,784.4038603333954,354.39825619437835,756.1952606702753,439.18826199337235,129.39270760314113,913.9854903165519,658.0169518690898,303.2074567737586,668.9935869666207,584.4269525729528,887.3146168387908,978.9750899164018,649.6761164211114,187.7973336844738,0
918.6977397950798,202.1049324101094,236.942927920903,596.6727815405277,468.51469783239065,159.92849757246697,445.8015649556667,418.4457005949509,766.2867472354906,562.1334211776335,791.5339730015229,313.1734358771005,112.22855809780086,322.60387271354983,135.76284906701608,985.0196501903979,226.97021189654043,266.0932054798124,793.8825257895921,35.39217166593534,1
706.3146409530716,755.5906828340284,659.1150399704196,576.7967267476654,164.96110875514591,199.81830501478382,666.4457877189016,394.8346031779394,799.1032366872457,349.74961013027763,226.2286875259547,383.4860846010753,928.6745683689853,292.3420085663504,485.2970825467152,769.8968830550381,46.44610907911784,659.2544790225418,436.0189830010608,154.95975423076246,1
752.6911338179143,250.46028620865312,367.74566535780497,76.48597676196822,277.28520673101144,237.44739390520886,223.65143579889678,332.47326571247214,923.1818144313226,981.3156755510072,770.0834491979889,86.870905506798,217.08818834054654,621.9031930265506,326.29862660643505,335.41741844958636,755.7319090256864,579.8923567056647,119.83931683797888,187.168962052348,1
449.8822497007026,97.62755583910865,224.0283382231385,508.87927523568976,902.4232460352182,718.5113263462218,613.9323222440346,39.16928168644673,579.5616770010117,864.6798164883253,478.9647733311172,231.2345891108961,436.716762003702,607.7340273986302,997.4635757859584,967.6708061005343,490.2843245432808,753.2783906486806,361.02260968722123,441.92790981412634,0
143.168277461563,809.4412564114194,904.058507144388,930.8115231144644,120.39741284232697,282.6510382122804,370.3336260357282,502.76010268110815,177.62529525412373,385.16859876635414,122.4015947902184,771.5406318486769,989.4717809366963,463.1797612808246,265.29468268151334,348.16211294443053,972.8851643857754,932.1008648363907,390.9445638323434,161.94259992068461,1
919.3718442982115,55.99168259235343,616.2273609902796,627.0846449508902,461.71788696124605,852.5374302495223,589.8038815915941,745.040594527483,747.9742114640255,945.9397087046852,824.0041475510877,187.37446535380974,322.3587249492985,550.0542843497828,983.6905277507844,45.4446843086721,378.91374678013534,292.68315526777246,8.398716432089337,709.1189679274435,0
161.35998469810664,831.2561180865321,790.1554268773256,85.47667349957267,803.0375533140842,358.62472060290486,349.35437800601454,686.4043518405392,488.00544878097895,758.2351886794708,928.6043194761319,467.9887025782505,788.5011778274078,997.3936765906759,327.554339440701,661.5028973888576,932.6656846233002,640.9420336006939,46.073619780969025,215.107680854844,1
240.58275694090892,940.2282347892997,147.1924141742622,155.07536766350205,746.5390740188229,649.8423949885911,727.0733909726894,15.132166886132502,900.2480420831206,169.95442302175633,137.5142204733417,763.7663776723708,302.9774853037596,36.32069921648906,577.4821645704401,941.1370263327452,11.00225046019343,717.7358211954348,130.26234269694314,742.3989919635865,1
77.75220616241951,281.6128703885832,329.1839046177137,768.0440675697713,81.16897890529084,157.48408228120837,255.50040885457514,536.6316749262294,471.0676150578076,190.26090895561998,973.3810599388445,974.788176923534,616.6691516287423,27.552950046535464,861.8061638646268,447.9955971816793,441.4471242888428,111.73095991862093,992.8417547523259,911.8240077739574,0
700.6252242249057,770.3009640437824,3.5227280945261397,614.4257215544152,48.16719709722162,937.3958637168362,630.1356533106452,24.213288477819006,504.70887610785866,782.3430529781226,467.0218731111202,615.3265974844487,564.5321504903509,580.1306837817853,624.3070463377051,181.0186808566604,356.0828171440218,223.84080831092967,627.1047539553687,685.1259681417035,1
53.391386154420076,632.8052480252587,26.473258548919244,819.856058054825,323.1927201117918,975.9895351857556,117.08565314100471,560.4434649115557,51.7062382344875,710.6675108984919,821.7996995245203,440.6856828706198,348.4879570684576,375.5785931629092,206.02871422642232,513.8911195434162,118.65526748594624,576.412020395514,817.1859510696142,908.5790029293304,1
136.52469259199896,809.2837290808164,473.706342634161,819.9339612462634,911.6603271695707,177.5856186406942,922.0132369821881,871.5589708363788,146.6785416414096,118.83551711421735,731.4076821778762,462.34681113774377,10.026873624467969,399.59693259401365,894.5557715154647,449.28442940666116,364.405396612414,911.5387457512248,960.9073826312525,212.18683423833295,0
534.5978698525349,884.6952330438296,207.48433715197524,504.678528267119,801.5698348083056,92.36143161155618,623.8840862609651,704.4221706323463,912.1363763853343,946.2799801335058,134.72211986786974,92.46387285171609,437.82655891368927,538.4853812086689,159.93837711930658,690.1280881038967,946.2777852990695,602.4203005988968,401.0619474509536,669.7088845052401,1
59.744113344351476,247.08901134065832,158.85516774982744,718.8625352108173,709.155892950222,996.9007833728928,835.0102701146942,922.0226505039325,297.8778163129161,287.92494408142966,869.9481944140873,510.2684694589036,586.5030402944582,664.1925548069028,425.09127455411897,148.0458958707358,119.06827072676262,325.15759024273484,332.35707344811436,268.9353834158622,1
82.16235742466071,236.45635399477882,716.2717335377134,920.7218882413969,181.91829527481718,613.200189766196,718.7907522811903,278.3078969644869,254.94160215302497,500.27021809135874,880.9367088791063,763.2307082171411,791.8099344288258,187.4054326865141,446.0628657015598,200.39888506861604,756.7800212487764,94.54564298161516,743.298066887281,824.1972559936846,1
311.55989756795276,421.1110924902435,81.55747101117905,829.4445965713727,576.8362019861171,847.4346321810173,24.076028640237723,330.2455869938702,422.3411742888283,195.64322401382117,715.2879867518424,616.9235548036182,971.4843844489186,244.1788133089329,473.2156238482486,194.3524844748711,416.7459387606094,921.4809879927872,537.3924950203714,871.3871579429556,1
668.5240861536608,140.6399579328317,737.0545650622485,783.7193299513226,74.16745757054099,381.26022587937905,754.575870384331,800.9653109536432,484.29875010233616,488.0418953774982,324.5168382226108,153.49100434181173,266.8395935071752,473.6671259314753,752.300147917715,463.17913086719045,0.8071836978950087,414.60615181810454,613.2094898300406,182.25958518858044,0
248.0569439852378,72.35114138961052,4.894709793453078,822.3443335340871,835.3300733837904,564.0582758345781,803.5970408739911,835.3084512550171,281.89950444310074,91.56271341324363,353.84542721099433,892.7954698160336,875.8984742757142,906.2869986451497,530.1345124849408,7.623703994598219,904.9210771362688,438.9585205007306,443.41598479382907,530.5381302624247,0
695.9473566551491,131.3348846985597,604.4157332865909,936.3067497328841,667.2800822640922,743.3499710555884,342.107970617188,618.6384035303474,959.2008071188258,373.4586022377431,465.15667655736235,687.9524613070686,994.996259874117,781.8616771741971,692.067652120767,198.67101550950372,674.7020382603533,532.0467889734346,810.5442291264457,4.765724806135352,0
826.1674548350735,349.9069629614723,713.8068893246484,327.10650469532334,795.1249696511255,508.6990139892509,491.6939757600294,331.25143184222895,133.7382907075908,273.6778545365544,684.8629216844799,847.1035376766064,679.9311074487032,236.64105483887175,674.9911786495732,127.36467384997374,475.2169213640857,393.5960591500219,0.08168315821210914,694.0007004509205,0
727.8542119787759,563.3029372869273,677.6786460849826,346.8678309294332,167.4597918983042,506.5178167849202,886.368635220122,741.0827063218445,839.6172764197038,289.1194344364286,788.7203854239631,491.5680518155412,74.70296674026355,225.96999450158583,443.4170378600297,838.6327157682949,245.81468357044733,731.4982839002363,771.8212044956581,458.70672605268794,1
117.60854034498824,615.2208904192354,185.4636828754006,348.74705573160514,245.54818855522532,42.068852008737444,382.934869307192,414.01361002763235,427.22913929655124,202.4359517481228,100.42352415666956,630.7571701838114,191.68764111606896,885.5164442969267,362.98957398429553,926.5466358710651,928.9297588550832,554.6753782238388,655.7163077365166,795.0740516563876,1
913.2763337663073,361.4908230363761,610.0631982049673,595.0499100816949,519.244058604562,830.4948964293484,865.5045216028182,820.2044304674878,93.20153293995281,81.91841700053737,428.90033417923337,947.3487355207171,296.5273053712403,37.1445697365711,947.7936429118039,267.75310036128343,586.5933814648595,564.7381536242352,404.7881469446741,700.7874016024006,0
630.6810495918849,509.0129223211528,392.5780337338938,663.9891964687274,851.3187865510147,212.62419481381778,126.0118821664754,132.09171337043267,481.5928921601603,129.49447762025002,659.7804352286348,304.7532604618813,386.459657509158,129.47476364968946,953.1907945754956,253.92829744823032,602.3037044557638,514.6892669103402,448.32971941345676,919.2680449340296,0
674.4304517902425,993.6413615179317,538.7008890987413,431.4270762346879,355.41120720875784,547.8278225167456,271.35003236244347,48.71180246646634,626.9475608585892,697.0994872254447,646.1215600140007,25.17710972497389,665.6377793142882,6.341255345275965,656.288686969773,823.9729486079584,68.58293206069955,988.91047353883,362.7769941545708,961.8346711831241,1
353.3746233034594,771.8009505362382,17.27328780135695,664.8137576452186,163.3251989457838,757.9577731877473,551.6758098362919,3.45114877998276,374.26402701949013,685.4420697484816,772.4908759225835,820.002881553091,275.52221349391493,985.856298680239,811.4971170384114,531.5688362168179,575.4967831450044,316.64803540139496,957.4615698716938,673.3466265192295,1
784.471219654489,747.5354574310136,266.87253332774463,378.5104388436249,897.9602285745478,793.5204284243791,310.419555999362,975.1337435450539,101.76950223881553,537.1125317378163,313.54830564655236,531.301233649667,181.66726134852007,103.77847862895706,696.3956359647673,305.5035028702134,125.217343300155,327.5238109800479,401.1845733013124,167.4937559448897,0
662.1680661618149,86.62341871651846,38.11403394041335,522.5676155029431,505.9857801569702,711.2992421739774,741.8066854336686,700.8884959040377,809.6246124595632,675.3940784431111,508.6984660900198,352.8457183445115,693.665299259215,330.3711032892322,69.61300189983366,15.808715674253126,979.1306310842763,951.4835109657714,372.1529195710569,871.1429491433962,1
676.240040998422,170.74272750361553,406.74046314766053,987.8658570068168,917.7236270345372,106.31720040076364,939.4778101157857,379.9993981217673,36.340989728259274,416.72700319149504,956.4988700208615,332.59989562922385,2.2198948017033704,362.126527900302,843.1258254865743,463.12327952473055,11.344054649345846,407.80818294131285,205.59786073936692,368.93765044133744,0
861.9864803324297,728.2448696773139,783.3612182416556,595.1044326679286,948.335770466022,521.7105638781482,135.1589739616059,594.6401408967208,201.1685171404316,312.0802696057158,364.3743202719418,642.0307876906933,250.51813472530748,803.1149066998094,602.2197177034001,905.2245129771594,294.04901209536285,470.1582786278894,533.6721396003011,245.3161710272056,0
400.9272997717576,965.2136060447492,468.7533369135195,40.089224917085886,488.8502934774231,507.8493482245534,378.42222179525464,954.4483489560101,86.74346635496345,748.1685209827793,434.08947473674607,975.2020147416445,235.658004239252,201.0818155223969,114.80892891034277,107.33414199916113,351.8080951539452,487.35971079260656,311.77400150225867,906.6414290739299,1
813.44137835574,855.2741340659345,68.94294241936916,503.60674286799065,324.0839235974818,975.2346178023464,434.38052733518964,815.2735505819624,788.9411691559541,702.5536703588137,169.22049354931988,186.79808035087996,703.2022855780124,155.35756605150019,951.3899809891689,104.24053357475327,298.006883360648,600.4995094709045,639.5499200773038,486.80662417653696,0
269.6235575789354,564.641115912416,668.5933337493283,696.0265221064669,886.6825804822155,886.7595359613614,90.40009043551134,708.8589735041708,296.0880808130439,572.5731572202742,89.40985608508134,663.3736931716826,601.7302785512552,52.75878803970813,209.24825232107492,650.6374909066813,961.6739050211821,75.00948295308906,782.3245118087646,911.830179217043,1
663.8421195179723,460.49617667657003,344.91364068171924,31.95546481253031,626.0795525204054,850.1850610589031,760.2200687757809,472.68867482816444,107.34820798571687,520.5349771930474,534.11501530895,846.7296755078486,645.0762750730782,639.8336922005416,158.38303170497747,505.9880063144809,173.85511196184987,797.8751992288899,775.9603783094198,819.1560116988013,1
427.9273346597703,413.4377292682835,315.2836231701034,145.98085661985627,372.1555842554886,542.6093360471036,374.49438562944806,138.8381646153959,454.03721953976697,174.42847495697157,236.20460912999386,663.9069175693438,814.0221902647519,566.2708843613646,283.13143245132756,747.3445122788376,701.7503354504397,952.3527508304879,905.333894185546,150.19684890379847,1
395.65264308270764,832.0565565632758,983.9863102501106,466.725875151763,337.58829637768616,939.8470296726679,967.1522739600443,777.6280315502099,441.60478319051424,194.67129622424707,978.9773145737392,277.22997581333664,773.761638503375,610.9571591535985,578.7832639426617,249.36026337357086,15.363662451814308,128.5639311729735,24.24241916979475,235.83358046612224,0
409.5622631662228,975.4512230492853,813.3577763204994,734.9126510399409,482.96866660767836,815.6516256477037,963.9492458421961,557.8531405357667,517.8604941630851,34.57025980187189,199.09176108791027,760.3509784162954,644.8685867230571,153.48037611974442,230.9649949435658,832.4233236445896,894.2204585759765,197.2467104061798,608.7102552723833,220.80736937790368,1
410.3761511481572,716.9687469920543,688.7449545294794,540.3739419406083,475.9379018094455,924.4312681499746,974.2974703718395,699.2446238134045,910.1503215618576,634.238027124417,130.8265614336358,692.7837214633072,860.9848993737835,899.6941046725856,488.130885623394,729.6863128998093,807.5134703022865,630.9696913540461,880.0063924247582,839.0933328673821,1
974.8403443885543,439.6597842715673,277.6854493858325,680.6791620708871,909.4934852502059,761.4169581497098,373.9364360730959,952.7183409121656,216.21132520636098,852.8702758661906,729.2574612928349,514.4837731390335,256.3782249022453,904.3287672649263,930.4691330566362,993.6776420634965,866.3582313688509,42.06613558491357,690.2536776306479,950.9562813624863,0
439.6532511479276,48.66490227658915,383.61297493722356,862.9597679147039,291.6133789276639,486.00633729419485,429.3933442007778,960.6859539808047,619.2135563085791,53.417051519561774,143.86751945584697,398.9321603990179,919.5225247683856,127.25115354624172,484.5891788733311,345.40133846296305,768.8302499150046,767.4758318068542,841.1919462699693,441.9064854702035,0
773.6150371097713,966.9710080338996,768.044926597279,976.574076036795,787.7150063863113,392.2680528572924,792.7484928957385,244.28900210434313,41.32716339895926,224.5269545392553,165.8554291005476,8.482278076439087,57.030673902860315,441.9359555337834,443.9303776002588,129.3881592063849,325.48850111075166,840.7041320347099,621.5237864671699,523.1033458610667,1
611.8545733743094,792.4341376068768,388.74704065875954,641.478746136746,622.5969420791317,891.7999581886477,202.63065532682444,640.1539857298848,384.41568223711744,497.14227470670323,710.8223824743236,688.7721336786204,634.1777343542082,744.4942420070942,419.2457501366801,830.0672176370887,26.36960004014377,742.5778770675716,977.05876959085,602.3852716063359,1
324.99922711285865,754.8517044100743,615.8453848604076,619.8228000244957,690.4181471763271,295.54446357910734,667.8373562898073,698.9709170270073,795.6458180957914,812.7988884473151,239.1721506546387,70.48170417094124,629.7221230904153,573.4955702006434,482.3975106552092,117.10655843338725,814.1805324859388,974.6338404969654,739.7896711800424,541.4420822131077,1
528.6866694466,714.1190166960895,919.1977593133514,451.56084246459847,656.4255219150385,418.2854589758315,261.266861103865,795.8416327185457,685.8127173677015,157.39803895175163,300.7911788949259,799.6948104372265,782.7364618110031,529.2524614823052,47.497888988415895,638.76370277367,800.3500918107557,126.8065114263991,561.6357168476397,2.4800177208862406,1
384.12152014210744,12.327731111063557,990.1884195889609,221.2363840319942,414.4414011561215,77.22776973058743,27.97330578749968,343.9778109834368,594.871898296191,476.1439276906495,986.7241578698709,618.4630835102804,185.6471552517175,903.1666591406255,540.6342391755448,366.56185705093134,671.3967282178075,51.76256438226123,394.16483913859736,39.3990363268022,1
222.0595544836128,666.6166125342826,728.2996992598191,920.1587307133631,663.4370885027992,66.38095380454101,965.0443016759934,142.65396447647248,914.5220722182434,533.4919943648657,593.2612770161121,802.9677970567925,754.297226057818,99.14515768352705,175.74267782020968,975.1243004787647,892.803268301008,607.9597497239201,937.9514842276662,556.5193192041968,1
776.7782441213868,613.0303441563965,384.45147709444296,615.0801582295561,459.88834978601557,816.6318444311964,236.4923402484941,62.41371132164275,145.0581125912329,393.47470945810556,331.32924680207145,752.8720312406714,812.5036456502005,295.7038187901524,880.2732239633709,409.8780675991538,186.82653075528975,237.4743099377985,669.8978402244892,775.3999118761379,0
833.1285188319642,160.08222561867836,272.01082624453534,838.644908080632,627.2438830549795,130.4495688363072,184.52742418358926,873.9898487348879,530.7347162913354,583.4703939140699,355.96970316399035,632.0366942043436,396.25060326381544,75.90014977410465,686.808558216854,86.84257442981036,153.6294164727481,248.623016288978,227.69644513625076,87.18185190137284,0
53.40346045424804,72.64448082593755,490.6642136179004,983.4341475170797,427.80670371903574,356.7155871611242,758.5468831561303,11.034627944482512,615.6584215931948,769.5182718988946,504.4644852735948,825.8401217833393,370.2789493258637,84.40153475728273,830.406151979998,755.7591243716676,440.0762065840408,58.23101325352975,86.702109226098,779.4989649180428,0
484.8422158865338,865.282380322317,835.8800663051242,670.0495292079939,986.5175648009322,865.088963854118,604.9995302816762,813.5652247489959,605.5709080506701,715.2449982645228,243.20734789637987,604.0858593388367,696.4357974230985,531.8684335814357,109.87111653344306,946.5295510646799,202.33637035457554,88.17171568599392,958.0486694078511,67.13940317900757,1
19.092373514600247,740.2282813894366,646.4148598931993,985.9428824566087,324.6102492585058,548.2368444614073,778.1879682388937,58.98706778796481,89.87082355897957,385.74382531998066,844.2697603161822,116.60067151803555,756.6710978499674,519.2773201790399,973.3908365980541,841.5369151117382,568.5559967106882,935.9010617700707,254.18262668861558,889.8759530557711,0
602.8076537261327,774.2446187938082,989.6469520077295,87.41459614621417,140.50710421898305,841.4858343862804,797.7481449539308,17.966133362333323,546.3747966952712,71.94341129186243,792.8562642281244,871.8057870744279,118.9208142841136,430.51561182978435,745.5066000607662,304.1853634588293,594.400634045195,653.1456808740102,202.7526494312093,543.9689922539577,1
950.1244429803327,549.1986450653285,799.66898539474,861.0670802651285,701.0869127612107,533.6932267565378,86.59729200702948,280.8942599124762,600.0728827530733,348.31526940282765,699.8417744187508,463.1290296069644,303.9251849265944,213.25062177218868,688.7344658776996,857.451388406286,554.9449616911018,607.6026888875483,413.4624741776559,503.0013112432523,1
732.7719845413511,873.2467885420933,522.742859784394,870.835902220714,374.7801732615299,52.82094286752381,641.2418124308135,29.635120162877282,172.59749831530723,889.0095999200969,175.99752865587348,411.8594259598123,273.8974918454462,520.3464044742951,796.9286188515136,379.788527373473,112.81036419578328,499.21129367280537,244.99694735421608,295.54196270650414,1
47.92594014078433,205.01967223028728,26.279576406769145,411.7129280805838,330.0067097259923,443.4032006560128,874.6448906308478,647.4234006383929,368.92087025412525,359.43453684004123,370.0606710392541,629.9472238336164,726.7965157959306,489.9360758436033,55.61381092414142,422.9290578366229,252.97049480607535,242.0118421628914,894.5467727028822,520.8182171216254,1
711.8145738387169,899.9723030943023,159.33131098284903,324.33068302416666,542.9210089506174,233.01130329587505,512.5344925830085,188.27458956442544,562.5966081285538,781.6651318554267,877.7584870063988,439.72635414434825,331.90036138065983,893.4356065051791,574.0360836779445,481.28081790302645,950.0517326744201,215.19021001890005,942.0162309644174,778.1411309175247,1
124.90890850651837,145.35701496652143,941.8167804481471,43.47580159330533,495.234020209525,606.8925200908161,187.79812371438442,997.7478388182848,174.02092597055153,247.8829061247708,380.21284078481676,833.1627291664543,296.8148777368598,272.56342241191203,677.9843303961469,643.2757378190911,804.7021660294116,919.4966072474781,160.72117371581209,83.95573780030175,0
281.23448743156155,873.1593130828973,410.9970880352295,362.632558290449,369.9324977395375,458.48985750482996,751.3060100123114,790.4214959889927,748.6243956229549,708.2121891778298,778.7696842791474,153.14238357258714,332.7441257179705,571.7590899289165,434.97958844597275,253.82608077569725,751.792738933293,450.41405243314426,198.02147477630382,887.987747516832,1
997.5393492976082,89.03024413017135,455.15273217229293,714.6268075124879,658.409493558056,585.5340248173859,148.54897024982628,660.0217417471654,245.33121227798205,195.29888533764105,900.9086900098474,984.9872866336771,802.4889869280132,622.8373749598854,764.2904492556731,203.34272452729897,677.2552017252754,727.2324743985945,59.021944523630296,600.9575492669736,0
331.48138286327946,335.4691006218512,300.3291128493412,455.65552370754625,94.71059722449138,657.1904736686079,904.3366735763516,690.941678850462,529.0959161174206,500.29370833564644,860.3476695383993,266.4266819409342,755.3659168985664,920.790579373256,760.5908989975692,428.68404962383534,29.08055475036475,326.2391295238072,924.4547617676822,282.8877231940526,0
105.38619340532485,727.8467909307221,639.6379632002904,656.6034349854682,953.6823628457778,936.137632285589,762.735254305407,40.612329303414406,629.2079392693224,758.4162759876308,931.794342279721,729.333033190627,941.9822379947864,336.20733685609883,571.0949169612226,801.7664495614302,336.4069083936818,319.5893233397835,825.4225470044852,450.2347324548258,1
61.31577739364358,682.3275632297215,97.20966121938024,757.1406166476469,771.1490852160209,32.795787153111824,315.8722766606209,400.69835119578744,319.89576455278467,579.5922404482253,334.0586667810538,631.2353560721482,424.4787877157625,928.5828537222245,721.3183654246744,658.4240266322635,223.24054938264103,762.4898828268912,113.22030669110849,765.4631201293261,0
283.74288610444864,171.65383241377808,554.8875607085754,436.85126736909507,385.39586978087647,846.9151730525078,165.45913435875804,979.2724317436116,480.33800950256347,583.3457380789351,729.3786931284619,195.11798618597865,817.6949999908073,161.1688007477542,874.9491458033085,107.05604996352858,23.38892743991994,619.6389853309678,285.65534916642497,464.43717396221626,0
639.6665573940429,461.68970647106966,923.8423573173079,167.5304489610001,455.0429522624597,413.27140951637597,414.4452822978344,474.90119371422213,967.0889894599728,573.4499860744145,369.39474933093055,73.70511903088828,679.7341251879363,887.7089244305483,20.463355689317563,57.07077451011821,37.64470054146607,658.7068365072038,288.1170430238068,616.0959483720734,1
715.726144301788,354.1151934431168,995.114067115751,475.1857040509687,714.3674264537127,505.0100963819133,102.34215453519569,218.67699440822818,907.2640047474918,501.3552209421752,112.0788526531008,382.0462042816845,734.5295730285569,91.4067585219196,518.3457096119542,21.079512036042193,269.5964072784426,988.1500235874041,760.6111356731021,180.98849476888446,1
922.3717372212476,652.7564595314665,592.6388995224793,531.0051127417961,858.6675879744563,923.2166243062866,360.22030660840943,782.8483685668632,526.6430280227078,550.9990521569009,208.50621278948768,9.77968463847867,632.6547759762655,735.3184366211203,905.2805321112188,906.6446621917914,684.0897195312053,340.3337821771486,702.4249851849655,428.6859829320799,0
571.4001716243979,654.2161533439155,132.4708285828956,151.80418615936952,373.8377845933126,451.9891641149868,862.1958033267679,691.2405334054223,433.32064001066294,407.96973853570194,526.394895247752,993.3626955936488,861.3075998375812,768.1225376819405,865.3761603174785,480.33084295166327,225.37051348034586,450.6487613258501,822.8235711074842,876.7656653690394,0
162.55550046222766,277.2300547639073,89.70285204126327,478.8311496085325,112.28444357065315,52.056448971548264,720.1311065412973,208.9828342998984,271.25417296615797,605.8524104785588,601.7436149221495,650.1484680723147,500.9875834209724,940.9869728456435,145.8415922647398,956.7122246948926,467.72838173632016,543.2987418245381,117.46484276579416,428.33272146635346,1
699.6837481568645,951.4074942716045,655.537393765262,603.9840863989155,284.1724273895869,342.52048517773557,393.00094964052215,960.6400124453182,493.534832386984,129.7178788779768,661.6308724805707,640.0170501954406,729.7467191517837,150.51054740968982,910.8635015910098,224.1258552249058,868.1677655866869,613.7259405000772,729.3946517273254,805.1654249572184,0
11.9275475638152,191.25141326999605,878.8554731041288,252.9954432376811,746.8187281936873,814.4030111084003,277.3495778162655,259.71954723964006,268.2140098984146,553.9976428757885,569.9743315043387,101.39928881717441,134.40013068799894,769.3991581138948,351.39613116151304,52.9595580631248,943.9007618590122,249.18010465810835,29.971804737686348,588.7237083672986,1
415.3724722395451,782.4596884261725,573.1900827025702,511.3581415461597,996.3366116027132,382.6722603827328,839.8893145511581,156.4894920405524,72.02725564923018,759.9381722425753,843.5862151442635,118.43959499495583,170.35178858408128,164.62743699333993,871.6105800560912,197.7890195000771,819.5207504045778,362.4852628657235,802.7867417805436,312.24859184299913,1
723.1278006439053,91.58271103805782,212.18214067554774,216.65533850440423,343.0709460818947,428.83376636642123,579.3123741543335,107.810600944657,788.754365127825,132.0813226812989,290.08482151153913,868.9553037836314,444.43330049036575,229.12985076433569,889.9198280983246,518.9275663322024,28.668497483382183,504.92252936821745,456.93237654566843,209.97730681565073,0
565.4149935280066,155.53914255028533,115.79762469779986,873.7681193189825,675.4850428877113,676.8314690445471,465.25081661318325,219.00326310727868,990.7200270005534,302.14715862154594,606.7036852557212,67.847298840906,899.0838835115189,752.931922213118,199.82459096051164,718.1680760180826,601.1535145834977,558.1715964263146,506.2901611393209,781.8835462914316,1
275.8070353707835,21.10701978965812,324.9926585349686,719.786728358462,766.466312420581,78.8043765892632,190.7561333018526,74.78421092594279,876.5872970929327,937.2837722589182,887.538757482489,819.845862203741,450.568584867565,101.66233796531333,605.8926571486087,456.3136737322502,846.7950557873197,213.85827309889748,716.737452865413,123.05205652046425,1
679.031770571401,212.30513122731287,854.1374248440654,342.58792748385116,215.01384282010727,546.1500868179288,593.6348610902761,539.110079947404,722.5267435393944,997.7550964999701,942.3047844765268,41.91875929439781,764.259375619296,55.52983871620132,957.2029252458525,873.1225323454299,711.5491087974302,489.2212671266115,920.2800444131756,981.1847506927465,0
728.1822286106362,605.2121993099046,302.7238272508721,500.6497517800451,998.5996528397388,579.7509726395078,768.997783088838,881.5063390555249,488.77483735655846,138.42654572023417,730.0916793084577,961.5781339420736,554.6906826797841,202.57389318948015,358.9058475818817,104.84200082958162,926.0279547780901,453.80720575992405,280.42576568209057,457.67967699798,0
329.1924584836923,785.0644774992071,695.4092907008275,932.3212862741242,258.5999903974402,560.8232725168824,880.628355643212,783.0633725315846,747.1625050500979,118.06552425497318,377.2999903133219,308.12960995925096,945.3252329747422,600.5124019286808,257.25799398998697,192.14338239872964,57.33640821779839,15.41459729724426,658.2370379708763,362.11308726482014,1
366.2054288328247,370.31534257553335,811.4058522776263,215.32201850297815,715.8523439138869,980.3359102623672,713.9868100710423,299.41108443697084,454.38682011645545,184.75200091379486,764.5695714553456,403.77247928809226,888.7340240103684,572.3566047682017,352.21123581373,168.6792453078976,52.127646776186644,977.7474947153596,18.16686666492162,688.2597245535205,1
893.8855294229,276.54522270688733,434.8388671750313,792.2552988258559,386.90903928615995,450.86466707191755,572.0504722794288,787.8075055848784,686.5028166822052,636.8521631688827,87.44110623530976,823.3301555187311,646.6586298100713,20.19228314139776,734.3683832448423,186.39929895465178,834.9756958851139,19.757564027068184,709.8227098111545,30.73567577818581,0
530.6879293573504,437.740947008067,20.641568185055693,183.7941429944636,870.9959681535832,697.6405337642651,782.0484586863126,92.8148923064891,286.4338199489764,704.5792702271902,200.8302256033566,776.1050049485154,212.0841138738966,909.2236909549265,131.07208021198912,249.96446759824244,185.13848240747345,444.59617235924856,510.6488347824124,125.46824027350156,1
859.1865588213363,212.7180604480826,424.0165636387741,192.09968393680333,875.0826852953605,143.64466077867078,882.2788234213307,864.9305177198712,400.185745541889,942.2246014967242,560.4217423061875,366.25090209426526,481.43800805044026,929.4433115328239,954.0295789657742,643.987705040242,723.9896615591151,398.9569892224263,348.26252970968665,929.2664223361093,0
588.1593201911412,25.367633723957784,833.8085045694348,459.17265093192174,757.9697644345681,73.01936750002346,214.86438275822772,644.712424983406,463.8247964902721,647.7471346933763,100.37035914668112,658.3230452560767,24.93670196965725,878.5306724433453,514.586385287599,804.9294251183359,288.87171069289184,554.9515574836983,775.986341403476,273.6642921990966,1
130.017456152414,22.299435754976614,126.8907553635028,494.99983929831126,804.4018910857612,333.12061014773377,327.48280806384713,905.7003646244292,981.0445997274879,880.3474279942508,912.6905761165683,483.6412663100479,152.80460611772972,574.264242408561,264.68845422280083,783.8616844560096,329.5941295451721,514.213473770593,381.9232302326026,391.6861915112523,1
26.534167981991263,10.33869501969653,863.9811244755862,254.4212952588263,896.5469899384669,62.7449110446553,835.6137303013205,823.4301553111892,140.48312061410638,944.1608310633179,780.2385799420109,722.8165620929092,924.8621884709199,205.80745833634217,993.7824330935723,365.0237940790201,972.2482246262363,728.5539733674734,619.3770476984555,255.9475781962952,0
423.6053209405746,282.33771882933377,133.13478000345535,744.5756756450039,573.5334914631904,536.6320668876966,995.3499945246285,747.3004147020893,677.0831786223837,567.4218860067089,256.64189283224925,100.4913765611396,461.3853176271727,740.6122542488018,971.3373037793995,353.8512063032534,94.49361665756928,158.3654049580171,507.6599220293198,352.73559607899927,0
719.1799528771379,949.5979960927712,269.4333675699915,307.35819494684415,414.3940493222159,12.014887414970254,873.8735287727661,352.46154382565186,751.0027947691858,862.4072089664895,321.8299478175873,712.0627544281076,831.2124243302055,298.3527205960229,776.5965635588552,230.05517075172244,948.8209442704924,583.28754884139,842.7706229118832,37.95340722476792,0
220.9040982092656,737.8429156490841,149.75379627455544,178.8444488181351,760.700845200613,558.2742342097501,646.7841914796358,294.18177997110297,204.82957625626864,757.3879495233045,811.622028538925,407.750411323426,286.48349858723054,742.0639871371121,493.2502782284972,94.46451351401596,615.4038631602607,385.60691281393844,224.1712076415331,485.3497771340125,1
738.135180917738,433.97738403735065,326.38882968800186,39.32371018306968,331.51908085200546,439.92014429430236,323.2609702304636,141.53398785737258,254.6367639897076,203.37433823197583,170.40922312485796,421.18784733325845,487.514429758637,830.2826929016942,541.7950189167285,289.1723902685135,615.7163831174844,330.7365632917775,33.13341688490878,536.3981006406447,1
51.345839923477634,423.62874536033735,407.93678872039527,931.1993356795169,402.6929782259424,348.1234507743166,909.5995843828836,757.4803261649947,776.5345246004016,705.650212627786,884.7145396886328,805.6974400426119,524.6980774092837,767.0913319031727,178.03088421328295,606.1127877217322,751.8107139065843,821.9906824840895,65.26705361721264,549.138555690901,1
786.7338981354565,538.0028252234234,186.41044165536235,894.8081422896036,718.1211021037053,207.36549155819216,935.8466025270504,190.12052730399253,714.4698042924371,20.501871655539627,43.606536618291614,380.64006211078527,986.8756022890443,205.70248956803906,98.49917332397918,998.4523224423705,224.0499955787334,825.3793542101403,222.28225976470796,59.24885256001999,1
91.20025397114372,755.0012427029546,353.02521142091933,77.80056733509078,770.7167222409944,680.3381594018504,519.6427305210555,718.5709084895549,368.22404399018694,889.9628316293409,92.38083708735157,364.6399326758223,218.7457545352488,539.9889568720326,362.21470411500644,158.10844487045262,768.6766634998623,120.51878639192005,826.0019355150931,138.24998409039924,1
619.647367711997,70.10994122500858,104.27455406283359,762.5882423607649,680.5491037613147,685.5336891166972,686.9637761467109,694.1469629396979,631.9307135753728,838.29171631056,876.2082978701978,487.48220094040585,306.5239719638103,397.51781954024244,645.0461838130424,858.3163028960155,733.465174146043,464.8551564350822,416.0863473289103,664.9981677876547,0
883.2362783693997,85.69371956575256,970.1774354850835,454.23182139806374,422.90889550009405,345.784787903529,83.91405185015289,217.61311674512652,535.3515510632583,545.4208520585571,316.73843132599933,392.60878618285534,558.7654438714073,664.0092087336996,426.3727042898717,720.4880436427183,112.62558777604903,94.34980096636147,461.5741525721222,893.3129799745227,1
19.065452771787395,410.26703840912603,343.72175005309924,552.7011052558904,537.233502946618,866.5864207430789,0.3143615621064022,722.2387669602927,264.9529060471576,18.097159857255797,871.6443398167321,196.78865647447873,767.1249832742284,794.8569311698654,882.9536176552326,887.5259629191587,145.2448233380531,375.8060799208526,239.85872421537437,699.4846647167395,0
8.95597236141521,328.3639951980356,219.14714583910455,552.3522328017013,279.0997998018843,273.8078347044335,406.9494822369967,76.97364395313822,904.6930743921915,911.9727033292522,169.4845151051614,620.305714981854,320.1395185002733,34.45162136377267,462.4591046527583,541.8018029264938,526.8933577653861,914.1534042992935,138.59017235908965,419.50056403828387,1
649.8905693773329,158.7632272278955,546.6464560447652,355.83956243520066,507.1563731877621,512.9168604447844,578.4079336571256,779.0624562546813,814.421837302776,420.44503613488394,247.79328916347998,495.4058831361434,982.0647657822057,186.09054953470562,538.5190605367033,509.06913648246956,76.17535913784867,129.39239733973494,137.32242917534987,28.210263622844177,0
571.1829200730696,109.9727787819279,172.44577392132376,604.5138957902305,251.10481411774177,98.76172066988164,499.2273219219021,955.2728483590405,209.59570723492982,226.265895304272,107.06283287293505,79.19619125529964,539.0986657853593,973.3139961910172,790.8699830694532,754.1861366731258,433.3518740660373,482.9169914100092,706.0057727185423,18.323890589046265,0
335.25499745316733,247.64188054366886,158.52582565433383,593.4861533991466,348.0962750770649,441.9642098953922,815.1932269067714,496.7808228540915,827.2968507913413,718.6295992190053,889.1649083652136,497.3822808306012,582.1101995582299,656.1096724371182,218.44298998109014,789.9320102571231,780.0158183135277,168.46889324615577,61.96409846756645,985.8884313622309,1
167.63566752157323,295.4750108231059,178.9652211930275,672.1473613232814,446.11878868487855,443.32873679074436,935.579640291595,461.04786081470405,9.327093980655675,552.9770044490649,947.9992397422463,676.37466357101,809.6349042633743,371.8881672237317,814.5467585537774,565.633255343821,650.9066381562203,171.4184079844716,637.666051100361,555.6147161926596,0
678.2195622083951,485.1525612688059,226.3205772819743,795.6404122338049,622.2506212959371,364.75269881171556,794.7938166491097,864.9416684684817,938.5540786283848,120.00263383131582,649.6230893282706,812.669196089791,507.132222477044,140.88447502020009,3.2212876388518774,208.86599400558626,347.8760837452535,496.9648645493795,333.046109913259,748.1668754612448,1
222.0266946853111,567.7140478803266,92.69787781176531,948.5283153070569,686.1843258026119,508.4694725487886,193.01952915943,767.3034963271741,339.4356666143569,355.8961643580405,679.7684527096111,300.49593246723094,76.08198744435279,27.502240379029153,668.7741026614439,371.2748703683505,844.8905465842147,442.6477418187127,707.7967286991882,474.55709138315996,0
894.4412814073222,730.8700454824957,536.0219089696744,532.4597672014481,844.5670510948274,63.764013288317486,633.6189397192871,574.7754919949579,15.030305474916904,845.1805321569385,823.6458816736963,705.7186473556077,915.652029528066,175.0901803406907,809.7704147392357,348.56327467035044,983.7543432986396,105.91814292181722,12.573344672285991,962.8005281228066,0
365.17632996381843,846.609332232755,561.92058593703,538.1930213513318,707.127078485095,979.3393661863265,759.1285793791873,156.1520179972008,796.2084442186593,359.1319073430651,886.1683699385584,418.93669134273756,807.6350034612983,570.0482421411613,87.83885550839376,940.715737252829,445.55271795271324,915.5969723825531,682.312443569798,328.7989651917348,1
239.16400266556525,718.1286368510603,47.46822991890409,258.598202769902,895.4063140439952,519.3615364904033,561.3142172652501,915.8272205291158,834.0840071982599,16.575930727492306,610.8831596624839,242.01145487380992,769.9371279556887,54.29935465678815,188.47475119279488,632.5129259376874,531.4822494964739,382.566871466568,408.251977141445,557.2402072187315,1
247.40576442182794,544.1725447218199,419.27560385123786,30.350636908001437,40.63158244942633,528.0452629150404,234.72438632036173,334.5068651387134,89.6478149116855,536.3933673845646,424.7999680427934,758.4067238983962,935.1155011158837,178.64606914541292,893.94206030259,99.39776892109742,539.4021994112792,130.1821508165395,870.6541868258618,152.4139074435341,0
926.444351651465,678.8388412851233,231.9805505483904,538.7264159206171,123.96233768041643,97.86989693324111,731.1449842538993,443.19080783078044,525.4344107910018,369.48828860469973,509.5616895639388,798.6385661975252,421.8586534452874,688.4820124439223,954.8783468350409,963.8574302888737,829.7925323603447,972.1556460109749,522.7463470848838,166.7888394764442,0
234.58464333766372,155.6128829987934,660.7434501661434,271.28668288061874,751.7736458610699,118.80712838959839,293.52754448233486,330.7855343195569,543.5240163836725,697.3119007020617,961.393956047789,630.5555792098972,368.6872484398345,427.07275694156385,156.519181012725,19.490595369621833,594.6019484759399,917.6229893272147,907.0568642071394,487.7616041869746,1
811.9378476552914,958.1530829391105,96.03751564572605,886.3510817016997,741.8718541654551,771.7496755169791,898.9613906332149,354.67662892568876,7.082331997696478,443.8838325998217,614.2822632697973,577.629322013813,598.337834500458,419.7386489141791,973.8915207239164,281.3601131904132,173.88650246144732,423.0928598764525,184.58499038015285,853.1057183524965,0
82.40084471281418,655.5440548377202,121.32167614363887,173.67643358910922,719.8277297217785,364.409388169735,783.6412843902185,9.838592768008802,596.1355869333062,490.8798087727427,978.9110655931343,821.1940816707578,609.051783802613,734.9652923434875,494.5585778456928,502.87156434294457,143.52578433602613,581.7517015967886,449.128847293282,506.88533133785205,1
105.35107780065323,297.7880398535343,793.6447677694397,823.6108545295207,262.1870553422808,331.90549283899384,778.715873620085,929.444632534178,894.1276596514813,858.3587462645069,534.9636254570729,400.4236923986375,626.6850958771452,691.2234351488639,749.2780608065372,961.870980047494,637.4964277194001,31.525174303546176,173.32355871327763,872.6890700075724,0
212.99351430273816,225.7497080788996,974.4155343628724,624.4397486671421,135.4369965753065,931.1589583319223,513.0158480099088,633.8455405418222,735.5446048597383,579.2859210743566,436.13484084822716,338.65037446801205,388.86471735329684,216.27817957794292,873.6251618225855,253.7599350203601,452.05097508728375,722.70377241264,693.7050779719589,267.12201682573254,0
400.10527959728506,324.6748064887487,538.829298059967,285.3627824353034,656.1775226136494,516.047227762209,457.56507519963617,709.9162068924478,651.982266391491,203.19473484122963,15.439987907442276,346.6111107625984,834.2422494894149,778.4530264825555,180.4405877120099,262.16847666829347,448.6835495839878,619.8855513888196,97.55874812686372,395.5383974072292,1
123.14436834305053,665.3806688239398,26.043569948211665,255.22443920138414,406.238833222344,330.0603348343799,73.19733629740988,720.8334787695288,153.82614789742044,512.1137207922402,364.7399871478171,845.7043756266661,368.45617162411594,216.27098009895528,393.8711993232352,75.94781655457084,945.1717376441475,556.6828941154157,7.960685658637834,799.4493002744039,1
667.3598520446347,591.1883748734259,35.08851487523024,774.8399948965697,990.5821122681307,949.71952282666,175.6394695415989,236.60098524381766,328.6380764498131,117.47477775990434,334.5425276543944,468.75401620918524,520.9758129651747,757.4124929020793,868.9055543553187,395.32755663425024,301.6919077127257,27.633104476600057,621.4385857171696,751.7845261654702,0
981.8372097893948,192.00401200904238,112.79269745065878,195.38169185954868,670.0472943934419,772.2281539979638,505.0078344583818,202.44025001018605,843.8051664353085,757.5787065688119,979.038873867054,87.09823769556257,20.128308444738007,43.41167050890837,320.7773405897822,619.2886387668412,653.9157015243196,953.2311937963561,751.958481738899,475.9519655804431,1
227.49641694923784,215.2246929441859,783.1254328659921,566.0688198162404,952.8778083653533,240.53464868509866,702.830220543544,100.05423228987486,39.267825558579325,52.37922552803242,405.7358939040548,281.5259446628149,135.3054078280229,744.0420851466608,288.5594400279609,609.280950383635,300.99884038489023,568.6830031085179,379.59985794613783,400.3131554653371,1
930.2634983921987,645.3540326391989,557.584882092036,678.4494730184043,957.586172452248,299.9448309346218,458.19199560955207,538.9497334437023,139.53169755983475,183.75080393914445,932.7283238591941,911.0287347024025,922.9437545652786,635.1020670342192,433.5329927709285,352.04996223094963,122.87516402077203,424.0189325592425,800.3423877831154,438.2601273275115,1
119.12102180170126,87.34384200357626,186.11124795734258,410.77238545023056,385.9910577327698,30.790128187125674,367.4246755984496,199.50313943710384,542.0958957260626,177.98126020372186,97.36735575979216,479.7660187208472,970.8189175198537,239.38806060680506,443.1201214035638,101.7913699106635,629.8590955805562,282.99242514826494,581.7395211278862,492.8222259823841,1
81.51468139558882,761.5479249654915,491.0538653485634,172.0415912562565,308.9623657533965,530.3876577419866,418.41104989153996,15.847926860331762,631.2201334517371,839.940879424355,800.8281206495036,516.3602148940939,444.03977540753795,527.2247734708275,426.0515292062197,709.5255211810617,621.0708490655442,748.7117417260645,953.5875517642916,642.8571449716931,1
426.7272462079489,559.4467304867323,533.2460211050937,732.916814106513,440.50507259980895,85.09470933561192,441.4650941678943,196.51881926028636,639.5191454053843,153.37076221609868,169.42236552639434,800.454128217041,955.7657657449712,312.1554620439854,633.017614662694,588.5348500973221,527.598332849105,628.8940904788021,802.2556141459601,528.1051190308764,1
587.7916482107541,488.23072115339903,230.19927595891986,324.1736233738682,48.78813911990743,363.1498624842623,622.2800749773911,448.58385414911584,132.78931702728926,762.8504783768434,453.23755588488734,689.5039839855993,327.9288129494682,508.6532713550137,25.65405096137674,897.4141628294453,781.4759117581909,704.6337460874689,648.7076058760563,795.0580767797284,1
490.9231473197756,222.6911941919435,562.0845362000582,493.76227724936706,661.0354376012508,90.08574703882044,31.80458121987573,763.4084160117841,642.6231644892564,922.6544668956213,493.8239580891999,706.1080127905038,724.4039329239666,354.04060916334987,260.4307071314326,934.8454336847992,404.9240884060538,522.4480540544582,893.0856446922462,934.9275529176158,1
584.8719459118063,540.2111393747451,808.5032909282522,729.0725334223197,956.4470189745251,187.98322763836174,54.492287156961524,383.2969882520826,489.0539715873743,841.2100273169209,621.0720371659881,322.8321720673709,195.2637313076907,598.3812173250884,711.6302791508205,819.9279521811826,691.2514653584146,893.2105160250063,604.3943975666008,339.4241355449614,1
774.3150352748369,208.4151129617251,765.847285307392,698.9507191046821,565.6247965902708,346.34741030071115,749.1115312375769,691.1010144940144,548.6507585331265,11.804527130189646,969.490306220976,346.42331566560216,682.6223561678131,120.19284452917012,146.09072748453102,41.95603443731888,751.5119912527608,682.7132555844395,545.8067619418013,330.10012426180947,1
849.6433323563472,121.40681353067473,981.2236393196787,462.6834912181763,221.59186509185847,329.3101982135944,24.664687853041656,796.6321987710703,889.437325591697,394.2131090250366,26.4005527912069,560.4661882593944,812.3057468320773,51.59198878191829,762.1382343270915,769.121634727339,267.6646444377667,759.0789542297898,54.60585295623566,165.3236456298378,0
428.4646860150391,205.02298637554327,570.9153036817988,775.0687571143708,958.8768178710383,905.1630644381127,509.2632777914381,769.2775861459482,432.5741640309242,508.2463463246876,697.975548341362,597.6009140117136,391.11862137506114,315.84724360841585,109.61600456519704,4.696548576122006,216.17749358998785,23.498959934440844,151.01171084800592,154.7957258628385,1
114.75612886505226,846.6491261028225,389.38171397948105,863.3387255133903,283.31337538539947,657.5329159514378,193.51010732788689,897.1181119670324,569.6318087134321,277.88504285458504,548.6997970426565,535.078165657007,62.208967634824866,332.47079380193776,965.724446118207,178.6431869526416,170.25001429910546,537.7455567965696,738.273360807001,754.5829301219256,0
478.65842276828505,489.40627800621337,662.4099263287135,840.6710166692397,701.5865140454423,899.2819757608437,583.7517426778736,414.66680709412526,972.2014121724064,225.73650997217288,713.4466307793244,484.4037872737312,320.82081800844855,341.81625676229964,551.0260041419579,397.92722775941814,757.0109980463183,924.8283477382149,884.7802837880174,36.022034764852776,1
342.9358229160294,727.6095907979634,790.0156782776124,487.2085414839914,527.8685894073042,666.9232828549184,669.1794047322011,233.3458347249019,65.12243206074564,914.2641841449339,126.0051832723449,311.0983541884655,200.6160291093977,972.6478334712115,975.4718479020664,588.2041775472046,957.0114743503955,807.4307987513687,294.35109544078364,513.6269903752932,0
630.4707596245358,692.2952851904562,802.0377103901915,403.86646837056696,991.6896028377375,751.8787297081687,509.5062643085716,648.6646490026948,969.615563926649,462.1993018000312,578.3209606262735,596.4753189659632,761.7465673164169,50.94480200429541,803.3686191620166,375.41977472771316,644.1929875856282,875.339943264934,700.980212429872,316.3471376332001,0
521.4872175437321,893.5211821500276,153.9976619856037,359.6020880778462,672.319429344162,582.6049485093127,979.2265288631638,748.5268195924166,448.4111537938965,304.75998127484314,333.83456893306806,465.6627447682521,530.9820284480744,183.59739431017786,54.98986963486041,171.05840786083692,72.52965504110098,331.58884327288274,971.996391066777,525.5667132376377,1
25.59491250805179,836.571437964071,441.1696394445063,228.50366435444536,46.39812402434862,775.1469474099125,116.01101451193819,460.98466534742244,811.2884595283117,459.0872994416344,623.1492666030634,678.6325206797356,836.9756661135277,586.0892180115839,390.4568224641716,108.53119518752541,917.7341712620025,986.4483385285107,258.9164730754586,468.6395096621796,1
155.4369850048346,58.99123516982263,446.5240927625427,966.9156160719272,524.3397844661769,350.7254425449713,803.4471291978452,107.99414313147525,84.46696487270788,754.0766160215054,731.6671479631676,408.5063953775491,727.8490808971612,609.6186741744488,870.171092381365,597.4110074562554,642.9622171190802,199.02659062152327,420.80111439070964,227.19170569861146,1
556.3821579394471,806.9553451137945,742.7568222408188,707.1714650143958,890.094719815093,453.3070204468253,723.8915723328682,292.4581803677122,749.7883328379887,137.25872434542873,477.37739609010185,732.0358006239572,35.865679640918025,212.66636691997954,387.4096625693544,476.40496239317696,143.34508632969911,925.2273078851869,807.3417392889396,935.4724522081078,1
573.9007310839355,483.6012691933077,371.5199747144531,386.84213312510775,352.1389296958022,954.6078988140458,193.97364181468413,971.9671158042836,776.2168073238555,453.7718818678773,165.5491778333178,156.7164076538341,321.14296973638056,261.154845695352,934.1756173668972,845.1433766933634,991.5699515226908,233.59806080803557,293.75053159427665,300.8071284860766,0
498.7879283082656,38.79919626384931,812.7111296250857,937.0753964148954,154.67163358881297,218.67347674938242,107.29867039879359,649.2200004490992,474.11188038696207,438.3805261988189,373.6946770282349,52.11144129365708,839.0325223990714,238.74315187764128,76.39415311947573,560.4977128342774,102.75807109731817,245.26793075230634,520.1445013792104,825.257990824503,1
978.2277530936253,352.63153549124894,439.40620956856037,134.5784117969181,650.9153531148294,867.3676469035418,541.3239564698467,222.40730893004857,922.5388264500522,483.0271767391847,593.8803934587895,120.35345963518208,29.595436866157065,238.96036487249083,254.8890389806122,59.75821115309399,428.1848790616877,271.32170031044967,941.8836801247744,379.8922509656217,1
232.4039393947085,721.3254980515596,18.27574807981913,179.55408596057276,368.2677450397469,668.5570284555412,649.475270864374,943.3329109424261,264.2599190936553,242.1251031568452,213.80807559212988,124.1058686612202,987.4277112273157,275.3344263273757,710.3855385644542,441.3414413213763,204.91981118306134,60.66197289282804,624.0149148659495,668.123270115953,0
567.5492595053007,554.6080453515211,918.6755517581388,949.3166474558786,535.072736225302,221.06506190274365,22.343153323197917,386.45673602466314,6.778716273108332,968.7650882048637,791.7137145068946,934.120097220794,594.0139724018146,894.5107092734581,832.9967549743666,772.2865729219535,949.7848080151823,697.1131933097229,623.1966189290923,400.1844743220625,0
101.6379448848076,364.7893873813159,148.25531178404194,515.8374048630673,54.08652401936753,817.4516698911373,679.4141828037319,792.5180624526461,192.22662348642928,306.4532229410397,315.49518110908446,692.4930225460789,137.05455187846405,749.9922813990822,417.9675105680405,280.99001477448627,569.0775851184453,335.4336303269139,684.6321306839116,781.4971181031225,1
882.8177975936845,955.9831681053959,848.6680469152733,773.7068432639455,251.1074911359682,323.24993237834076,810.6436138948935,386.90997728416767,857.63834883387,624.8121153579091,526.1517636465295,189.7674412600311,465.3001176486538,122.06585870955689,894.91532463458,86.23170796712442,923.3210552255373,203.87437999315804,189.357458076299,622.698249820715,0
499.5559133311939,892.1429584137554,110.39951236876145,332.9775544409052,492.6270037589291,503.996614189966,470.862541389351,96.36629503488226,488.75680842592993,653.4462568021494,775.5044602103815,100.14308950340289,280.97097588644317,900.4666634842815,68.46920061701778,909.3980775801095,825.9149049549683,128.25512115951565,406.39770976059606,361.9559962495239,1
455.596794814015,883.7511852008564,121.22675590428355,839.937785666027,62.34608420007326,951.235804363528,790.9576302503966,53.432160038384914,72.98795255165314,588.0266346006449,284.2863804912268,908.1165527757719,535.6215681731612,621.8908591618228,549.266858284204,697.3991185967353,282.1055226427036,399.5685571299319,490.1184096336858,126.92315181500003,1
174.7658282692708,693.2714638843521,457.64735253730606,389.3790049794956,2.571853051704376,784.570671118736,692.7822840847538,309.73751641171964,214.4507420685594,418.79968364372,206.89511001221618,824.767968488045,934.6256510455968,531.8811015387877,182.64500040817268,13.092015419331805,846.3745612827399,238.2598585875749,348.5669518427872,801.3372700161118,1
575.1154110036954,846.8347087596017,638.4712542271245,777.9794899337771,808.6636360509622,358.1682230015605,292.57737852579436,652.9918156863608,966.305666342371,107.79239521026173,311.57124834194883,960.3667191857522,642.6648450148157,491.6710360341704,18.483098981778134,826.2113830642091,553.9967081951871,182.43804629891525,337.52156417548406,988.7951710908045,1
809.1546601176449,727.0015873915952,9.948779969554344,607.3688968746944,288.7011257702515,612.8205881400838,801.4700235632505,6.230101392289522,65.71887599208549,569.4631068948293,520.4721936664963,518.4570983253508,218.44448153797958,895.3344858032239,454.7069046146635,747.5615842872194,54.93439324295479,258.28744492708535,363.04704401588117,615.5105710902144,1
473.54477944823316,446.0924385005558,126.93116167564288,169.63816249021258,212.10459580443842,418.3709207612393,577.9262024972405,705.426256196147,922.6979352921761,640.4187825692047,683.135004733533,876.4529745752938,482.0951709044874,288.5770648450969,540.7692912618064,406.42881925260946,680.0291976854884,464.3308686523416,51.15233649023332,861.72252072433,0
781.5468285533261,512.6523454590061,937.8264283198778,169.8438131697304,809.9933498226675,274.63373409741484,656.1000644490202,88.12348219313793,437.2063631690023,334.22322698146746,540.5335004308654,2.315907777171611,17.779556734511925,779.288242068897,347.03322688903285,97.53030469652613,4.104431538921038,928.1130486926015,909.9069925893458,74.9684557010032,1
27.510375401320395,830.7534477557408,929.1421865534614,721.580957348998,772.9479945002357,690.9280938700775,83.85908301242951,353.5586019844897,393.99021523045917,543.4530319510507,795.0946544507923,231.19962484020328,898.4993990298095,925.5993763649872,173.16166170823598,458.975744236938,955.9544632784729,888.8406810871625,984.9225537388913,797.3594803225386,1
457.8262888244159,434.6214870584153,65.46735331063903,206.46671711837905,224.7716043224599,500.34006213862017,285.4039313536455,508.98636221486925,961.9879129417566,348.6033915551635,429.0068260512243,831.0302926051944,592.2930962554912,24.193661188123826,489.2278254116197,327.6461274459964,226.11413398777702,119.54464379220097,311.31903575256325,499.83543696241696,1
642.24003075274,631.4782281047559,377.109035163058,252.37037945987973,801.0044432040098,125.42008541331096,77.2437994046018,847.1330992468496,879.71181503332,886.38836891139,622.2822305959193,526.7500427442145,36.64386924288565,720.010435188914,654.6491769435669,249.98126926996966,516.2329899833769,147.93413290081648,600.4476277745487,475.2187198208909,0
441.304227958589,660.60877267531,453.6258040260941,886.272204419687,688.7155625732595,487.5824525777414,280.00344664358255,186.96474566099474,330.3565382769704,668.6281391277288,662.9925472001777,639.0487882208834,717.449038270314,719.5411385038515,183.68321129204134,315.68921894458134,662.0738533797581,456.3650526917793,808.3773424392509,418.0491522448866,1
452.4096396212742,255.1180466874481,114.36758998809849,705.0601470445928,995.979204070213,21.88267681256928,668.2461706701293,492.07720032046166,285.49569265537855,753.8267057222571,951.4176505188024,17.39429066178655,970.7317973397066,735.2083782164912,680.4886984606038,134.5788827825325,687.4782507449969,477.8744815698474,534.1234468989493,482.134037938317,1
138.33664763975005,605.1041481918538,318.5795399452427,989.0462604298964,666.6971107125414,975.7844317414582,747.0404686993865,343.724133765803,86.0956812513931,105.07171979855,295.96645515071043,536.3761018986833,482.3867617327692,363.62353859293694,688.8748879748289,784.825340407554,89.5874826559805,67.4893001113177,435.39833215051624,396.8346672066515,1
481.00784298683885,815.1814317376471,304.1181749604289,21.228524380253468,688.2495123063029,719.232974174124,38.0221418498865,941.469368452531,638.0526817603721,287.7237503758917,929.7692030629466,135.45772259632972,520.1101751302945,12.87415106591805,478.55985839973215,811.5627748775302,412.9230411572512,970.1645677191599,959.5691365950113,524.6878751575441,1
142.6845449251729,522.233543768267,13.580161961942562,364.268115540105,819.4887405060458,518.3574099309063,308.9761442697104,132.91366199815025,266.4487050406662,633.5533638978516,725.0926009797709,961.9608005274714,565.3548984678063,71.70523947075702,848.9964654004413,960.7166012630898,297.73333040129125,338.7714387993663,82.82761097074743,149.4860489795443,0
514.7468839572126,264.57417552786933,221.2263053452791,438.35648955364536,205.47662924309196,130.1180247547511,419.17327368879273,538.061362572621,508.0700243067994,878.9586284346002,649.0634542231777,278.4696554541223,251.82340332997498,498.473283260924,245.69832046974594,858.1636257030891,84.99022370273102,696.1944902557498,399.1862492142161,752.805708340094,1
50.401681354901754,369.76006004313376,765.7904386754318,373.81391448304555,265.5115893256762,403.1082051451489,304.9555419693806,970.6133701908221,430.00915639377877,142.13881889341695,725.924946656593,830.5829039735415,661.3921790604443,292.02102583389023,229.65762469864347,305.030736017985,329.4671905717854,247.48212267765933,929.6647572429551,958.7380387554631,1
982.576842021942,716.4116660878055,431.3839790262004,187.07298093752144,656.6046841063652,354.65557941858293,11.813143146839122,147.41558280754575,475.0561859705427,415.7581904461155,628.7495746066035,851.1643288418641,106.47680353606725,740.6227019523309,853.7421587298418,93.7475151813475,364.0658068575956,356.09440002364425,176.57458447289588,528.897676477599,0
699.7232587133043,185.15839441804005,971.4460854004443,379.1396329521721,14.016998287685102,160.21782186522228,173.76761511730254,706.6667007784647,27.270218419426897,447.65428547627585,965.7422827090826,69.1552165501862,379.2811240307544,377.005433805358,857.6151023383685,875.5660063858072,991.8364743966528,453.7256545906261,967.7301091750049,477.0930215948609,0
782.6138435023252,312.38158133798476,267.4278280617389,397.13865338248746,334.85260093008094,299.5350597146895,719.9198517665934,910.551545677569,452.9358682578847,598.4134464833696,765.2718299473214,90.07687410580223,116.96294695793009,816.9742901822151,927.082826619679,537.0468549743282,361.1856928048788,740.6611121023767,574.2503954998471,57.634125979805994,0
714.4308712016708,158.86336647596443,989.0463119587381,478.1571916875996,842.5860734695389,700.1670045381226,55.13539613534457,986.9384997844487,456.76499998286147,126.43433761255463,619.906332199712,659.5645190358869,21.48336420209207,692.0944772985619,61.24446904668312,265.9329693786758,482.119000517784,996.79693062655,729.3210520805771,943.1704861793287,1
151.9350127902761,866.689899463829,886.922479609223,362.2277301020205,983.4225364270096,144.48308206376282,7.055737076479329,29.092843451766882,538.4518965781245,403.3848078314777,577.5587411478252,252.08500462055605,345.4370034616906,493.05970756708297,75.0658395419439,660.3402244924172,449.5004849440628,326.0650005305692,960.8127895457122,55.29297921271126,1
770.8991736104553,736.5478153603001,372.04264848309754,698.6780892712828,144.38652861683065,883.2262423092968,434.04974794944127,710.2731126669337,491.67610761546877,242.8284619774208,439.4310832302658,142.31842774802706,319.6878460188882,538.1674042790963,867.3838222133102,310.1419150099385,968.902479021821,920.0589753373963,163.60502997308535,694.4870676516077,0
972.8562355160475,794.4585775413769,747.0497883023324,7.35338297411281,714.0607013273324,976.2626123440134,655.9077335305036,890.4034866537535,132.42373842542864,705.562205229634,465.08332724971837,444.8285779588258,285.155195037509,447.63550678586125,621.8995706344319,805.9826314474313,475.9017869003186,280.7918243569525,919.4155855858891,646.4660219652009,0
12.474848735457456,575.4429406880229,164.90068078452836,55.58691410629779,552.877234942172,125.07456225740799,318.5498325214802,469.81643093483785,654.1856971823199,281.3511661092969,304.78316768754553,647.8621104420444,490.38036164559287,224.14834789753223,9.646332181711514,669.0198659119663,353.6988817565277,451.800345576495,590.925973414346,311.2332355354278,1
945.7404901043342,258.16692721324705,148.72864121935825,642.9993735003188,286.44897399326743,691.5661128848276,133.93464345156823,25.18572366327909,251.157306243039,148.22029495265753,210.1207341833815,580.903518046464,280.9268882824746,671.2336670557241,797.8000034711501,153.72555178473013,45.859597770255164,496.8978384864615,274.44112425113485,47.45085850047725,1
133.90579930040968,132.54049132560274,900.8196434700676,592.2577145074065,194.79591003474405,228.35954162412187,285.35482993519446,929.3621649315287,15.00337940888552,679.3625060051847,257.91963671149887,517.1551775687955,98.29117150795975,129.80707850403527,587.0191183814296,425.5164204534094,781.4495264298887,370.38404882053845,541.3839565366723,534.4988052149505,0
848.0993917753933,226.55936303468295,371.2962123156687,988.7946964214946,502.05808540657347,297.9948132718571,277.96517776608886,362.31914143866493,62.61265386679449,817.3461604548531,324.6663506871834,655.2705293883548,901.996712625451,826.1556775606517,800.7662838552803,500.9022817008745,201.70405028240424,52.24868947794914,79.03710964657374,324.04924388038137,0
875.7582047285708,11.143631654375042,339.32008029005135,505.6483535200548,545.2066293437697,231.96684980337656,727.6546894122985,732.6359214323323,122.61240864242617,581.337097790199,216.46399392930104,219.13535823458662,744.9784779604329,246.0378382621916,192.00306975030446,808.5084558267578,383.9694949551735,778.1371633477373,87.85235639056799,650.0046897568536,1
250.82066349067256,373.7765110412876,927.2142708055474,500.0910417384059,357.42805704770376,729.0497703565306,129.02616752459593,770.5495381275263,661.2216443752822,242.84441136545487,806.0405089241866,745.8809086202492,499.60540523488294,711.5814835740098,882.7787557444024,758.019046135762,49.24379576211746,397.55144067235017,915.7406859919515,827.5182348577655,0
917.2891844202637,306.4771040548262,324.9509102692663,101.84578532932731,543.067569162313,110.10500637448773,283.7972494838936,842.4382889202598,346.97839395504747,180.39317168523695,230.1943581954501,29.094023766369716,376.82338607740786,250.48754134963124,662.2776910357521,534.9593415652486,126.18806547654194,434.8126725393794,311.429492006037,879.7427753960623,0
633.6576170958855,157.89070414169737,169.40765047615713,902.7821528147304,715.7355637716504,782.5401349928255,907.4093718795291,121.75655318942769,970.8825472577013,743.7431603537764,788.6916119283736,698.9543788108198,276.0560504080178,203.2405514786282,354.1840950243321,867.1583226661378,277.0957522776583,611.2169085081925,660.3614210785981,133.27351772623763,1
983.5948892563105,367.6467869321447,687.939228099748,308.9718989582427,46.33064374948126,501.04818762251466,745.2626078950751,796.8286437976109,789.5767177556075,741.0369851660458,135.31678444363237,812.1579332372775,896.3249589133516,6.500767495277504,194.42953360750826,394.7233453118306,815.0156063084679,832.3458407138024,725.1532555763039,237.99980350192652,1
317.84724277424925,340.92036461630715,896.5273664226554,996.5525578740638,357.22285973982383,474.4179970530227,452.6920815703096,586.3779542788469,8.559490471320652,400.7787475614063,681.7241185699777,950.4274981768033,892.2202484413964,833.3936614279495,735.8975197542223,845.3597105406171,31.011508871386706,904.344413817191,57.97336330965464,253.67066909726253,0
76.8167779130482,335.88216876804046,656.3432764113037,322.0966112006511,695.7761859713987,713.032082007098,206.28691673196676,140.44608733390885,416.14815100809244,245.0296486047734,388.0569873660442,628.7277480319754,769.9740030718184,170.74873241215948,971.0440544277978,60.66475448360975,439.03766463501927,991.0851247387717,746.9005337443976,540.3741731436214,0
621.5527394464257,41.99001011178372,454.9284988788055,334.5691580287159,370.64781690420244,871.4334967861624,505.3432240375059,847.8919639129341,9.089501214993302,665.30394594465,129.41614353690477,1.3478408005402898,229.93740094546723,825.7925412688867,100.82016865023868,619.9739561498496,821.9396303023572,885.8123597347469,380.1147566533396,102.5513511747812,1
775.6686688751249,764.4645932290597,176.8419396135452,156.63313481263108,319.74410870453227,739.4045602861346,4.507655777910902,763.8743927443342,851.4649091913312,839.3374762578437,322.3855242875007,614.832150881857,314.8856659535889,248.56100545855497,12.296482131500252,656.0988586701799,842.6351635194974,90.528000327732,982.2386742762951,997.2980515298403,1
375.84050516168554,999.3177677828157,57.84460911462952,655.3320257948644,733.8569803858034,39.69713921455664,418.2672552899126,388.2306418565776,687.5274777182084,715.5612254213637,176.95638283340654,260.7702932138702,809.4876170577995,123.67292198973689,689.3632640636583,547.9999059001912,254.64347781190466,130.08674547236078,521.1241442373641,496.60771218273027,1
763.3479138303551,854.6753421589074,148.40559584067992,9.698257479574647,835.5188171593829,332.8113103223308,274.87544474862744,845.580213716885,869.2872774723735,551.9576444777547,949.5056081108298,191.8409606856216,261.1891512365419,731.2552666692126,438.6071543200428,543.9647191405032,786.5495098816199,540.4651565522472,813.6834734832825,185.13366720757406,1
52.00967105633314,965.3266452277179,435.0959375192528,543.6821633355091,560.8253807016913,314.70606577077945,264.2468617293132,961.5535069148186,457.97416815290194,462.20712833550147,559.1019974849667,633.6441211641426,308.29921495347867,810.3037773084815,870.3173887438554,823.1165704895807,357.05255161754457,840.8094189607223,558.5443529474986,606.9499264080894,0
909.6480318281343,936.9320064716237,349.1527224310843,351.72232664416293,612.7371459276507,388.8236068057869,629.0472241065951,858.9107127149306,263.42206335076713,626.9830310395906,335.5289093643077,506.9191553942449,905.4997319363287,54.664116818690765,535.6401178165469,975.3005600348865,778.5609667766352,377.81989385495854,249.08249598085897,245.69785172365476,0
399.2317366191257,488.8094394726695,674.9567038242031,334.2694518014648,264.9618923371059,549.2175978388358,69.02270726948667,274.7419825139152,729.631763802748,290.29386664500214,122.62969195278461,309.1400595312621,537.4281058438936,959.0940715453445,538.087878550181,241.8546193044764,236.81323940302514,917.3323646965937,675.903460277013,63.667470655785266,1
594.6846800277383,899.8294360522531,74.97328507391343,312.18510186377347,621.2135249294818,908.4846788857253,846.5490129993608,145.1190895438682,210.90046442742272,432.1941756189099,461.62664211693374,937.8113337591304,488.0725817443321,522.2038125914444,842.6008175517984,952.6398777980564,332.5339389747655,458.6786037976184,999.5157590061026,441.35230602159584,0
966.2139615624618,184.59021663865005,315.69561083300636,299.54830129058263,384.47369992304834,314.8318029625851,389.80444037124676,462.92944152476434,509.1661107394129,544.3780154947673,153.9198222807523,543.758326359655,960.6683461964743,909.3176595131796,716.9351667356963,81.71665805642003,83.6138156537397,696.2872854543479,869.1654037918004,821.2547452368964,0
171.18360344114947,272.32667966921895,971.7883813722053,601.2279173007522,657.8442332897413,681.3409696669705,275.7115584165931,662.4919171724752,386.01655198243003,849.8870899925123,309.187167445599,424.9756200643309,523.5446355628592,887.0326964271152,304.65566709378436,46.06405056836738,288.69038905531465,350.0882351947974,452.87186876152253,735.4440532711303,1
27.016731098005952,429.59840394056323,761.124550134562,835.0181629454404,928.021110823103,461.6200513438422,821.0544074220759,846.5029518984304,214.2646142381994,346.2165550907497,212.98785297997824,919.9792775415584,990.8522245907316,677.3679278314751,418.30092571677477,715.5799945737377,100.57455081315247,374.7461393589451,772.1241852244652,104.07557308105908,0
777.5869234351718,24.908436948358315,119.12986953553428,221.9750100652834,91.39579558073908,530.6633111758689,532.4192110581191,37.772545004798765,308.7969796055349,463.9979784226409,861.2996439006242,803.7343323039067,691.2515904833618,963.5533652360759,704.456750795655,226.8057473036774,674.8380850322235,283.9353042326086,670.5896305285133,452.79869213954305,1
319.71948853943223,110.19984774370018,579.210564409551,983.8125281396203,946.0402194597153,947.421746504271,442.37212741151643,851.7463102096029,813.6281149834347,31.176002357749866,473.7475835069815,432.12357544847555,165.50024217039527,784.8834303368426,507.4927349081476,279.2170629902478,773.878570110064,124.72439068519847,23.724266471615852,165.6592093181697,0
898.9483950919931,235.9529367865254,780.9735614874515,303.624260330272,685.1121103387311,918.1781728786632,175.11391474523396,854.0026973976284,609.6453739649783,869.7181593577288,486.06082509381645,590.2415900478718,112.17532013536591,636.013512528443,378.50922665024433,591.378826900081,439.80690229445963,356.45279456922685,315.9392421072803,741.1270167227291,1
586.7223246051236,254.0644215849265,770.5049316096669,648.002593429978,666.0503248362825,414.2328758973143,268.7603518397451,702.6778956825987,872.4374723148069,153.97873021779242,875.7276167106317,713.8803998834907,854.9193173526947,774.9059250118731,185.83322887815578,374.2991596058427,140.24323974544328,561.2026401757612,217.5122356106455,679.0390853381072,1
101.2571862127326,788.6605306225266,352.9291276260531,892.617439455868,665.9762980965756,127.94781956991874,814.0830051541603,559.5478342390687,356.5145216850735,581.2105836522377,744.9107222267255,843.947815647899,472.31567037946155,246.4606207786758,749.8363135370143,296.0358099485446,489.9466009220228,884.88487896254,569.5983959615421,173.96277888970212,0
639.9940656332503,392.92767927676454,934.6137402766586,322.3761708090149,845.6498889768018,251.44918962080774,311.34154655637735,814.0493934290273,610.0860936145009,878.2379278231425,993.5155994124653,339.2266243307157,372.72548841610285,547.6253535820376,792.2941235898107,347.1086462773675,105.01115834085518,713.4006099026474,805.5253743449823,569.2691661598357,0
999.1128008641253,607.6396270413172,699.3250363635441,345.40133723466226,742.1971554260407,332.0666223166837,698.0717326554138,238.59664834375116,301.0587849246801,284.36413580404576,648.3334271958655,912.8152408568664,872.2281342464113,430.56612205199474,880.7935127954657,855.0653302259365,751.8202478390396,24.788008209215896,286.93801237650393,803.7146075999342,0
976.8759633412292,339.9572211166521,577.9598279173574,148.06353870385004,234.40497509389147,136.98534566922615,835.8165797916768,89.8262647686029,643.66347564282,219.0596361153595,383.3435194054091,685.3727256466731,490.8271892582488,4.302261232295601,834.7247706380061,755.6416956307777,527.1599529579543,57.93779865824333,420.4649981253219,449.0123666413134,0
212.3332805374547,674.7308667218891,184.64576607885962,645.5011772292492,155.8727503342733,401.4529834172516,674.8654655155847,987.2267124038574,623.3170623150522,62.36793038471566,18.287476526214874,606.4772921081257,52.50071014669921,885.1801416780916,639.1358997720496,397.4608000612838,670.9985564714865,356.29917282283475,803.5633649349527,541.1514804948878,0
280.179472714593,903.6774086360755,176.80360850174404,982.7379027740902,973.6927550990065,165.89750556102746,901.1528448589819,727.8255996444078,941.9005554561096,700.5959660262404,778.3681453778897,545.7656521399645,487.88620177234975,778.2087473005935,845.4376440073544,275.5436834628945,357.43535776794175,628.8348188520905,880.0538171573061,141.81043141164585,0
244.01352937957134,146.98573849642338,540.0780036986439,247.93318967378897,347.5682937588649,952.4803623549828,320.81242711441007,932.4150727697439,398.30009202873526,641.7805180650174,911.102148716708,244.06212594850928,491.28460853162926,772.0920397262996,278.82155749261705,634.7177170179502,164.44018329427777,62.29746423265703,409.98477930924594,896.926791431246,1
257.9990558659947,394.13067009415636,753.3523673159656,451.55171714227373,935.0276548735296,309.6317997611777,89.26984668826043,752.2034290597381,960.3409494265268,194.91238221900275,614.963724972543,698.8044155074257,215.07694092035146,746.7178148667163,816.7777814343833,884.6822991125691,574.5465851157945,430.5792901572765,865.6266861255042,591.183086894641,0
422.162851076734,439.3643472077113,455.9953768333218,812.1405831940292,99.08854416980061,656.3462555830048,450.54183168123694,527.2322542368692,902.5638308939009,564.6675642155537,543.2444395661087,549.7052498206557,983.7725282246371,130.765774757416,595.098605720134,315.338812638331,869.655056101873,929.4117904020977,807.6021294435749,431.80910172381823,1
809.1747838335837,62.337542239425446,194.79211436513688,619.1334486815423,485.0803102217328,121.81418643288455,973.7138960672308,880.8607984387155,566.0862411435481,756.6536657545968,170.94963486536264,755.3120240994625,707.792055000685,754.6411708032751,737.3193270743833,743.4018878940354,171.81649543672762,492.07912590195224,426.9478418713569,16.4633624492293,0
336.36528470202165,680.9323272230877,957.3313797069419,36.65640715952989,625.7387445533832,252.29354544993433,111.782450753107,494.86333149345285,96.91331794635683,4.925946874828502,724.0881971783459,865.5203719530605,928.0254107913946,839.4159372203874,70.08531634606963,514.4120193248499,928.7493757296726,564.3045070985598,192.99493395515987,348.569738294606,1
866.703721629338,431.2426862336046,401.8561104700087,475.3253422793383,258.74116227087154,488.6897269252529,492.0773618505476,292.6085809826623,482.9127364764503,335.55164738080555,407.0013502614451,486.67035754364343,14.46420803712467,454.44111306530544,879.4771892759562,720.0914639737136,685.8446357577044,262.6039139335686,16.95724292432077,175.6377188495142,0
392.38711241578085,189.13289710606807,199.2636584122769,425.2874505307641,289.56680167802205,164.5027559853205,917.274536962466,65.98451852307652,617.7857622280283,95.68113005804658,432.05863912820865,390.60306886489604,343.3615982135674,326.3764293252515,544.5777757305028,803.73317961064,628.6334559032051,292.7669742855913,666.6051690722763,440.79768596313176,1
998.5161445869556,481.08510590742435,452.01892162280456,737.6792331334804,780.0056257678066,978.1427905688271,285.77070664152194,627.7669940953051,867.7436866425084,332.43797227248774,699.150014618705,128.70024221681285,584.9122903722092,953.812457269622,63.52783497479386,66.75755778712534,295.07231274376676,569.9416833596015,902.4842638141265,778.6284789517517,1
374.27127973007714,900.9370402988549,947.4632477435371,9.149842511077644,226.77533900658818,834.7284057542558,457.52357308119207,290.91828491408,202.96410174482216,220.9725092970989,838.4817871048044,903.1777344935791,949.8119138632686,397.5370401667556,233.30021748622187,785.3178971630265,8.869206383456119,9.12435888630192,544.2367238056634,571.6540940448622,1
218.31469330572483,799.3559666741036,614.4146161379158,388.1725694069087,948.7834704344083,576.7288111671,206.40648350034084,869.0570584214024,469.30339875516546,415.9840228240219,492.95706448812535,605.2028886011971,926.4370797803982,625.719060958755,273.25073826191584,276.920463431907,996.2069223041756,554.7414204022067,385.54035372802053,544.0433222308977,1
602.3379076063399,480.8293107832939,556.2590295768,618.8858813506846,616.1636401728484,197.51699069442418,331.0522480920417,5.69822192125824,183.11367871743744,401.68110334324894,130.53230254731162,847.6946988925636,639.4790578382323,387.8598812130437,374.3194244888848,991.8817937371279,254.6799258471001,608.7674454616258,371.9381083908744,183.28811340633266,1
312.59459421003686,273.98877838533696,689.1108476860553,968.118435172858,470.4491456854418,952.0617279754717,440.7787499101569,15.161116034471235,652.1696914704995,785.7671028473296,670.3789703595102,549.2131423372482,56.15686026602751,535.9349704302148,111.15684277930882,564.8616859096411,293.6701079903836,736.3093579473036,942.6610738833314,302.3968384468656,1
170.28543024805964,418.635998267129,78.35044479494636,618.2705371742654,781.2539842948348,529.8476844084012,708.0964242801425,191.65388089242995,312.4515979898305,621.5559034158277,368.15591426320236,982.4541261160375,668.8113003642083,182.47949058824975,341.15963944973237,233.63800688820945,167.789515298843,505.9092477474386,291.4667031488274,33.66974775517717,1
957.06060010726,33.748587343633396,137.8723706343752,753.8696754410499,233.36259062274422,610.4327134417563,263.6162456498632,487.7918486816865,488.4602533467087,141.061176678843,496.3181585035218,34.975479662602396,992.1965438930589,637.9075609010798,399.4827493190308,589.3579236112367,29.588132992604656,24.262279116105567,287.4163120107749,718.4611345300214,1
595.456763787898,478.7809184054141,905.8551628900655,9.227511425023982,970.9487256570573,554.3680827865654,230.5970633766248,187.9195973280423,22.124841066171964,730.0819518862993,535.1686390288277,631.0452542234244,152.46178039634518,544.9231578394696,662.288341103565,130.9404101457272,70.09043240756552,960.8786245172096,16.952216402759124,936.5789906375221,1
992.7922352009992,860.4668556674536,136.53423147565934,383.29315588268634,385.10238189308745,750.4696894779829,420.61869089709256,568.7661362358549,390.38274754906735,787.9711336360969,411.73100582161794,656.3189727520206,44.31750579271188,548.6856793098767,973.3466271681781,514.7709515110843,454.3310447549276,794.7528820435599,198.5108533050345,23.14895327606814,0
705.4940729410717,362.7651989423777,181.9228654255691,141.23523762329503,337.1091106604109,509.66071393107194,463.4281261092535,27.12255894071336,19.28846805297524,772.0935003590492,110.85343715295315,376.06948904076233,418.81395664492925,948.8692875335536,196.76367071323497,56.30525830667554,798.5083893118684,397.06711678465456,817.3692052631878,412.3850265210195,1
424.2836779648984,505.7215218702824,31.713941308403548,1.123840684404409,483.1673277670027,29.739973102805184,577.1510001452975,880.1909062925155,493.84443986648307,671.2242348702242,645.8460207897317,58.886409705616984,716.120166745673,282.79417691109023,249.51710710096964,980.3756376199208,597.9299231823637,970.5679436238399,483.76539501654634,872.0028128864711,1
973.8750996005733,836.4862336987206,13.215842712616443,896.9420743918355,211.24446632013917,938.7843077195694,680.2807482369649,33.20850130405218,139.126735465977,329.75893199273673,671.9389973457631,162.89072949894512,261.6458738441809,62.28374684356663,167.53955674125422,703.2088120709604,993.9324026091456,803.1308182048379,201.01441492340876,298.8789810951276,1
140.50007531428633,469.2265546073991,518.9524942558596,278.51388534028865,398.0227366210639,508.77297638214037,441.216581054658,311.6299176181737,186.17513433908562,425.15615423763956,383.4639848379705,179.9356755341195,880.1855100003563,338.4699367172791,516.5770927456311,731.1518482431698,63.260259859133974,526.8644463913395,448.02445213320283,27.054762609361905,1
387.80094281373255,523.8399609189478,361.2627405781678,941.8953207997299,599.606005197271,0.2131034125170128,356.98145679484617,463.82264944049047,411.8818812586027,224.720536672381,830.0730996825566,754.8511998928889,763.1995467622467,878.9171039975572,27.80691509704969,997.9313013364498,657.7211991895808,211.29676928171136,76.81501975518267,435.6503071719514,1
107.8131197166895,0.7894623352133756,700.834130811739,632.1337935069733,767.9641478278251,579.4218257415477,422.24638970086625,833.6545681760429,147.0661076332359,193.8195489694249,673.092261524803,794.7955487593547,248.35352340868343,889.0750353630674,313.24430019140925,400.48143281010107,131.4660867638583,515.104385351591,505.5179827086377,727.4505912391146,1
788.0416420822384,951.4460674857448,58.94698573952273,8.120688281717747,759.5136149646148,692.5679189163436,50.716106634875025,257.18438871813055,448.06170574046797,989.4180621130729,808.277753872455,115.41307279485957,655.2621817396723,828.3001737092277,189.76876969267587,117.6369812839203,687.0995801981196,386.42205383279446,89.36187619875679,554.3078579482715,1
976.9578530935663,653.913212441263,584.1748121325963,381.5214291547905,102.28245275148795,916.5321683147785,23.231117398173183,347.22353016072583,186.9205815997811,32.71587565924394,750.8821484494061,54.2419258219613,613.746631424686,224.75647215243845,151.29009645763492,901.1131025334586,182.7399573336156,999.6946456643748,17.009778218719184,814.3157062458298,1
858.6774511305965,326.4408652864905,94.62146546929706,101.97497618104035,591.8636218871087,733.6617524111903,762.630431496516,987.8637467774636,108.86314893251303,127.66396333480212,147.51098997372992,611.7828955263324,747.4827303906116,728.830084990429,611.9714990577264,468.1491756205287,141.39685385747237,68.08579003997973,894.0662909358638,399.0186224441844,0
619.0149999483405,934.2932821029073,340.7165288976771,664.2311397639113,225.18771921471702,679.4703098547063,885.2375910569524,578.2933869969124,56.20819937978527,545.3590294719148,883.2197426367452,414.44032322586855,134.07772822366394,102.9923080424534,254.28042782190508,285.15688965424755,746.8971589872336,973.0383313752756,443.8983614962009,490.8775417389664,1
534.5034733904633,150.278066839571,206.79335080540127,54.47544738670729,948.440577415017,534.1524716365768,193.13553472018853,270.36216557880556,26.74260451221011,105.69752054776949,262.5068339670179,227.61762750863568,826.8712094685962,21.654831752227043,468.64628901794583,431.3416903156273,567.4280509464545,242.39017252751484,715.7300836597009,817.5856551027883,1
343.1411309184505,815.20094274433,404.38634270464644,328.39468029588846,370.386057900163,468.2998519284611,92.81922604054826,687.9987349708283,949.8267419048077,573.6562371269921,208.2907267844112,216.81977467629508,497.6910368577758,452.1397278518786,784.5638245247761,752.7413790569578,112.44809682660761,667.3157563420691,539.9400498396468,759.01834160119,0
570.8498180792863,807.2710807936699,699.0990214953943,639.7845300421608,203.71841196563588,203.98662469572514,546.0493183691,332.81173690165934,933.3521751510464,523.5685268872131,744.0016497468129,578.9674623186044,94.50635563638332,511.1847645903286,839.8988662941144,676.2020331277174,374.8944798219457,121.76767947004785,390.3748644045396,608.0559884741596,0
494.2079422899265,217.3756154351445,978.2624751251927,911.7580060707785,876.8825855551178,177.4747632506881,473.75200278062437,366.68407108868183,921.6018246593975,588.6703167472419,920.873405873029,470.8618459469338,789.6673718567608,614.8781123539864,264.41751127497236,537.1833193486498,283.4030945579431,808.940539991143,122.30459198127042,166.46997005758757,1
300.6102440183358,852.0809258653071,831.7124103427263,288.37389863646746,301.80376778507247,605.839318067095,617.0997825728924,11.287384836623726,317.2527436732667,873.3362802457414,914.5849704584307,677.8557927403505,295.1897046771824,361.0093734465505,910.7059224257029,528.3398743678702,821.3136543751747,692.3894308008825,812.2672039761093,501.41511620296984,0
970.9283696635526,241.58162489287915,628.6273956183635,627.6329625283742,438.4051050372087,558.28686221941,95.83662038560881,682.9308920178674,81.76245108921054,504.4622014106679,895.4837516320106,586.2830029999843,142.41036348658466,943.4159367052665,806.5727860037109,702.1222235361565,790.1840375708194,434.2557319868565,733.3191768216006,798.8313109218611,0
665.4987244625562,764.2977975130743,10.233807367473924,961.8413357762797,775.966934274751,738.0823373842572,959.9995143008512,920.6422482423654,392.35636675618815,658.0902434696085,173.8570879241932,753.4626504547637,998.4948337248185,650.4973417292588,582.8680513515095,579.008279278057,537.8439049022544,317.26385271729185,250.80048842684022,954.3175479877922,0
378.02534034588973,281.4403820047193,744.5322412871919,31.783585096518795,473.454198466478,658.7180519987801,82.73029977761193,553.6498431088596,917.2774044580028,763.4684013751634,732.4631977005714,99.14141619906569,634.3212572105953,668.7174867103504,399.3037518593883,565.0972474342784,963.01198248651,766.0224689961636,940.8052554789828,728.6520860605439,1
175.9412499080727,389.5299420695372,997.5640938183636,357.03619738024474,844.1486885685484,252.90474150173836,208.8968393153201,499.1429652569799,805.9464520251482,386.0782752923606,171.5840301458942,54.2019164796016,695.0951553555459,700.3913634527129,567.7774493053389,769.3306044278668,403.1881833415775,168.28177346214645,847.4885687200879,632.1583395755407,1
3.029518120680641,146.58222698684787,67.92984971903104,293.49282323293437,395.18560207242393,558.3994710948149,109.02567177243606,438.9219528347337,995.1406770206718,549.729549882549,609.8806828711239,208.73476215351815,394.63510890839973,533.994596282832,366.35497593507415,205.38286143690488,770.54002874915,129.4486522692746,691.1069168880244,543.0443111917484,1
30.912560311347924,520.1980361018149,795.4652258574993,280.24355868750814,50.50497061793769,207.48031177551997,381.11805560304447,332.1895257232833,976.3372232168433,660.602044080776,989.7899422726343,435.33324505141644,15.771770241430838,8.476702652304603,557.2169116949274,295.93785819888643,117.23855191567122,175.0810004258374,369.7662235132814,315.0225905332806,1
716.3823489995963,183.69427025664731,516.1494555123418,678.7601659595002,836.3735744939223,935.5639836462434,283.6053419560531,769.2562236961003,195.868463283432,889.3492773430235,27.543764013894133,899.54842977951,990.0748190591671,919.7375171859417,768.659608123223,6.243743328390838,563.72539694537,593.7391117398674,680.7406501086928,326.15996659927237,0
469.6237759059195,362.64609953574654,41.830340614199876,355.14735439785727,627.1200925998542,954.2447395017145,349.35391617834034,469.83478631790763,966.3999017824074,111.80617161781048,709.6255519117035,995.0242928468546,883.8993743324419,393.89486821911055,479.02686522361194,594.2301789945022,365.0136091716746,109.57414507966678,326.8559530518499,761.6536937932145,1
586.2986971433592,343.96460528111913,779.6807622094937,201.11335669575047,390.95192964954606,405.7513181643145,473.4460296783003,922.0327744635533,22.3063420959414,134.46949429439547,568.1047877024554,901.3410495540512,3.456606301392662,274.28311651259287,997.4432887248064,413.79526582436597,695.0711227420303,644.4979443431924,194.80331904585267,430.039011104296,0
625.3008743675724,347.10931028710166,251.05025568699702,127.30039992850838,393.5092460541324,82.10550167090037,310.5349570430964,238.72229404746014,711.4768748023192,135.98306654403902,481.681802180978,246.42337407609182,736.7781497484063,550.1050278132396,365.217271985362,115.6057828662278,611.2863553987789,928.1451394706148,966.6040189451653,605.3230272909944,1
647.4583384296509,842.9987013970673,584.7702369026971,730.1949854236411,872.1285346350959,233.01957543332907,719.5074330745615,722.1276990861422,259.9076850053315,596.1641542078683,888.1898360416617,705.1553885628198,278.2832584783136,108.99469903136438,59.822208890400134,452.2859327599641,366.3510723752741,735.9564301928676,728.5095570789262,577.8408046008101,1
231.95323235384424,221.79228581873,220.3689848572129,52.49719476738734,806.9945103869098,760.0599236496138,62.369345456533054,649.5111421902027,686.0416010443374,966.1684264036451,812.5185752996907,201.83512572187402,14.531670144495079,329.14133034434445,282.5646316983921,868.00390176743,33.975441945679805,412.59990846625595,236.93416343124096,719.3272075915824,1
623.7045761252622,991.7298572495005,486.9212268152834,893.7063224989507,478.46614649608574,7.471078095677819,584.2567076307479,935.8676643210918,753.9232951808694,306.0077478189053,55.47118628681558,881.495575561723,720.5838154729151,176.74893283094528,764.7511696622307,153.38412728034777,395.26445635658456,116.3358320825788,252.3684312855693,419.5850001167897,0
642.6536883956043,458.27158107739064,902.2154382709507,938.859089815359,278.1567045650388,668.3538469576912,790.3443993495116,468.250060040514,780.5307250048241,733.2262690931599,738.1655337721752,926.3310923157912,477.8779916334199,929.809882478044,871.3597265558675,751.7668280660946,73.32110449842888,25.09286326552118,823.7105220839414,679.6302409809236,0
743.5929382528409,352.08569070800024,641.0054836316352,376.0446578816534,338.43960755185054,560.5410924935455,60.59625722911688,983.3653700021378,638.0583013952394,314.14681991135205,699.3800521913643,654.9690743036531,258.9263807065328,603.6425188869214,83.2177947307956,289.56360914814206,648.2830219448055,576.1781855553128,661.6032551488381,810.6323745173379,1
353.62531755598883,54.20031121219626,438.59130569419193,33.09175877312709,68.4452235549602,548.8950848295168,612.0624076361645,368.29943885778636,725.5361744156776,189.44804834646746,552.8380868332879,701.10460343095,672.665328233766,320.8739937784584,351.92542312436393,372.2110865166397,516.1462883719353,806.4297872437126,453.65897275980285,983.0648123109884,1
394.0517402094376,155.7967048364638,934.1716111880613,167.1774804001527,100.44571468733876,483.5486762438442,386.74488660842445,947.943712822219,495.09441568682723,25.46653143640154,255.8389450391967,83.96065526974328,229.00913670636214,691.2638599988001,421.5282422624351,784.7131106477091,89.64719741451255,108.26459266870691,716.8202388165396,910.1522032059524,1
907.3100103127059,120.71989683822693,84.55396720752695,731.8206039873786,736.6566437550845,722.2873298552274,358.72550096315723,85.88417127755244,474.3592158389124,515.3133289235299,702.7839242765717,603.5109790305337,320.0374376649333,749.0420897059553,654.4708602032579,708.7734680583803,59.93668050283607,38.10211678117659,475.8196447020947,485.7828003440318,1
252.32802478166593,267.4601567810949,521.9213019452134,732.3752596129082,181.83225641808752,377.87844411441586,291.31858579856737,585.7001329060241,880.2602261813021,851.2670854327702,537.2781225249864,823.1523657533148,455.2689383407892,745.3979022709179,338.43798791741995,16.65964418118726,919.277776702834,540.7202474701189,601.1800860694547,346.7370826042907,1
307.3385035091845,755.5368378351114,892.8052121785344,282.36329117726433,418.92373764939595,845.5083328195501,311.20212622538145,472.632707086881,399.88579964209123,678.1659481936565,689.2348316474304,611.2449422063536,130.5820644194854,724.6170658309413,873.4072221873716,651.0023336863704,272.57127842215243,39.06159627423455,312.6606766038669,277.5758962799788,0
477.234538730012,14.906584938021217,294.6568654066958,12.80512334679873,122.7106030555779,904.0744017988624,275.31523380739355,47.45849926045243,220.03192880404154,238.75530046107662,254.0296191210243,519.590645715846,719.8706381996042,323.95675150228544,153.42084137595836,352.5341676272644,65.18816651458926,571.5961181353632,767.4582807899857,575.5714720748391,1
536.744742424045,995.0608599111681,955.373219749243,802.622136709199,320.3841127726685,412.0494614032162,713.8346967578908,950.5823654580998,157.21621719694213,564.13330316267,358.13108124264903,58.58040811352083,892.3196504312908,646.9127683844849,192.00316234433768,941.8364873686097,973.1820799037781,956.7453482737818,718.5730152960015,363.2231558673331,1
500.7952929290329,465.9484590489445,46.12752418030297,691.215821977649,834.0954210331481,113.54387698318646,85.19614587828616,592.558894349246,499.46952166437364,710.6946933228243,787.8566269545976,718.130939363342,736.2896773458294,101.45848464163565,665.8385800163538,386.8147227130193,643.8027724259715,348.2810660536705,375.9829803355111,512.2421429487505,0
53.45409465899931,485.1790862854331,94.68304897420465,272.81907711824226,82.2084907580659,410.65106640391224,602.0289555752134,406.225368688772,166.40979071613816,365.9022671629764,18.278667728411023,256.17991771837234,121.98284187076702,560.111605046069,12.93720402333365,468.45870720863513,13.98376176163374,430.35398029288007,367.3102740127954,78.59910454615759,1
171.94124870440487,606.3810922644088,162.0830571923292,540.1100914487528,816.8433309924982,950.9741496353403,775.3275677315958,915.8387752759414,704.6452639123279,280.1368083621729,361.26398966134354,742.7672888217462,227.15974839475473,197.08186111208948,248.25804648713478,185.41233074748686,612.800879827035,879.1266710945054,23.02347381399361,196.12198396525181,1
359.9759092560545,933.1334514134819,236.0947916853141,838.9801374557621,64.80567195407949,308.13318902070387,126.26424181743678,7.291083105437246,331.58870595281695,573.8386716938935,878.4235974132617,732.25248054836,344.13704232841826,320.84313801142605,163.14095298000518,426.5443994851085,131.0138572770334,341.466560556389,651.9449653519779,944.6523639519241,1
399.49763277548436,430.17578516812813,219.1942966178536,780.1805784138598,125.86172258081486,991.8111830466265,985.3976740056949,966.4583178291393,212.17104580292977,516.8859717991733,914.9404469410688,637.3091866679696,551.983560322993,44.801093493770594,956.6764591187509,961.9651715832117,576.0629704161896,199.72872835602752,560.0140088083185,405.79382176221236,0
0.4360529327028795,660.2994280576019,678.7729245172826,7.535918098292793,571.4221990695637,392.372640868106,339.74383898472473,699.4600754418167,220.3688752267362,664.6169444763157,485.30987049059814,721.9064979022382,854.2022692420591,949.5542059082632,862.3781103910883,478.6336317340634,610.5591221066634,247.21125851714797,818.1715894400311,565.2846633959606,0
246.86581759351677,119.63902890195233,669.5127261403638,968.0234029243345,816.4260103827597,116.7215956440183,544.5519873988579,96.11109337600831,265.30280685727536,28.337532703786362,384.0173854724885,435.11409831320327,192.36784987209998,424.81784325614024,401.7563207799697,582.3533539461819,127.49346658768546,151.47699908828926,169.52763102649436,741.4603411252117,1
174.01597487223574,319.69779911042184,323.0512316546995,924.0111132874122,265.63096182953393,42.86352226525547,685.1313630374426,875.6481801472473,864.5216934203842,374.7859781702382,748.9732770567651,158.07378829298503,980.9807257047007,935.2555412614148,426.73284875534665,418.9856194332089,618.6682335415103,703.9563967377238,848.1747856106508,228.86377034587636,1
845.9711659006832,837.9310945803984,786.8473982417878,181.4512674573946,508.13061110795263,77.50410786692264,567.7071079689827,937.7492047072647,350.0004640065323,837.5774760459019,228.08905705733696,642.2841958208536,606.2140298486511,226.90174780063688,945.7623214626486,204.93771307103935,486.693044842892,677.9812858981237,408.17500067562963,77.18476225752214,0
803.5286039947871,630.0119840569478,995.9169693712047,592.1007002876574,654.6495062480648,964.2109261247161,926.8208304856996,811.4759756988846,393.8256537299222,682.8341722737355,66.73153564435219,803.4331984372733,967.166740502068,339.9740704745936,334.25325605683963,630.2019935515253,200.45309355870978,788.9954096661535,195.60304132338624,608.0259918931831,1
332.36039957825915,234.39638986131828,15.147597969730864,607.1937031351761,570.1945065573352,863.4204839982422,465.020235654285,799.4069817199735,26.291169943780666,999.918866786275,574.6146192952136,535.2443417721908,653.2607792983601,539.3889513031494,322.08785405203423,602.6559745833991,233.989782689625,673.006246232988,999.8470524143178,125.20450854902433,1
31.26758833656307,609.2179816839215,592.8837217881411,937.2775426952676,526.9664457736222,886.7922296465077,792.8339532547627,93.36286675480542,36.80606032654832,185.61537521192517,931.8262410844792,844.858449256632,17.144708273372224,972.2171433555294,811.6935763730049,205.97948442881665,801.5293293198176,63.838249636365084,703.9870493604764,277.3433709111043,0
480.25706528862946,68.17964162414792,583.3550288202205,852.8420082202801,278.440786848857,960.90712479563,442.1044902875936,79.93948643229953,940.6365461248095,108.12327375472452,482.757962655476,94.21846073197248,835.4802462623588,681.3421665298418,652.6001782968184,67.65713930381156,437.5944888038168,177.1131784850113,87.85528982429436,533.8237236210307,1
23.536340088547213,638.227864261214,45.049780053877384,612.3081638679658,492.9873044038012,23.2337048311545,710.4033614929541,815.0723996392464,337.46677118944626,432.8891506206946,737.2608239666845,875.111146537292,866.3103298255982,699.7007150670821,918.1534785767678,199.09639097232267,437.7703634608163,681.5408032793434,216.92212177214154,788.69432572369,0
830.2646289890663,443.0925657432111,788.0627281291306,646.3344059978634,788.8988393783551,651.8901365924528,767.4286667371904,165.16923871596535,790.3372087770008,998.7638181619475,844.6651365538563,41.890227833867534,424.27178919890264,932.000332085404,5.084444656820786,420.7117066238498,374.33046744411746,868.6434044561086,632.9850660170465,543.8140974750178,1
914.5655215471307,234.03398394349884,410.6032160641281,113.96343316483848,556.2329057272423,501.48423533786445,78.20250362638703,726.4770098891065,797.332486966448,866.0769348556922,177.44004377372323,12.339101303283417,683.4427765089329,984.4108796977828,187.07084382414564,300.6393722237176,391.7727119180717,260.4344375295812,135.3117681394943,434.2222617074751,1
151.46306037345903,28.607453034474204,373.8354642288455,327.3450989226042,717.3198391054098,120.09750436478106,783.5210446336775,225.05050103916614,320.4745914931892,201.62037724090143,334.8062470100188,464.1291443508805,378.2786427001894,417.43403089593556,29.568339047774785,451.73680412264736,532.0903043061774,744.8431322133407,400.6491007360668,634.2561766420708,1
795.9402812637439,910.8572409561634,141.46177270408745,56.72112850694477,77.99878878822642,514.9251012727002,103.0166266932383,596.2360270167408,900.6011071839034,726.4604934065584,928.6751599100317,362.27859945842846,351.3236910744182,915.746503875553,232.16488327103934,170.2171856948327,991.4719559002012,218.1616064458163,727.8228703589955,491.18208611197866,1
942.4944294503832,940.9994818309304,232.26000764079834,114.76270673169797,711.9309362770302,985.9616234393243,549.9711767277532,807.8757601094618,587.3511805872145,785.812624786021,814.529968201208,998.6345604140571,657.814967046027,213.0959832165803,392.52077878369164,292.1708870487729,931.5137093929018,216.41033622120597,761.74143187261,468.0664883374687,0
426.577758091476,277.10435653320377,170.98816545311612,23.018588573446518,2.4365252503302237,135.2260853634816,407.8567277898133,115.04113641100122,901.6141398162251,927.5473777750378,867.2207867787084,107.9393979748805,190.18684109486915,994.592264549684,225.91693149933423,528.9448419278095,989.6501603599294,145.86219928603916,880.8046212783137,209.10888164686904,1
879.1575250942556,310.5122844907787,344.3537543512041,988.9767368928697,560.5795963659756,207.43118550257577,11.306336050662669,743.638818939145,785.0593027928048,883.0288646536754,739.6078747763132,624.3069551420022,784.5979277541121,478.24929797058655,971.2370706770188,297.455451170479,611.9590361861865,944.3228941484032,386.5336777890599,527.1547519919516,0
270.46732714454157,91.43419888675164,13.38033618855816,724.7859705702591,746.7314957535299,544.8929003554588,856.7689668463909,7.5560088410258075,212.2620351303469,632.9987551811956,532.2310926016884,487.5135188113218,716.1740429299325,915.9160029852823,429.0871448940564,274.0491448304655,303.7955792891014,503.21971947603674,636.8374857677469,904.9241167342092,1
559.3945963519411,77.9351151813954,567.9066850686224,144.55648797860854,977.9505931061422,0.9678311211825941,454.0818240438808,298.0297235071462,299.3170881647949,694.4872575580355,55.85191244645715,552.1377085283355,702.4366016644535,648.8758912666096,457.3817023365737,560.9470082675467,11.961930255299013,155.5528169627265,802.4450053111642,930.6486680619818,1
427.38884191974415,784.8069720350861,753.6383679377693,251.42956487299662,676.8037186574973,312.6331472001704,821.9684373329825,964.9004988480284,740.8484765689037,882.7746992760323,507.5970202377551,119.69403540895462,36.290874561269895,118.88323573612425,662.564062392487,592.4069802190073,553.7766583786233,142.77964359749407,514.2006167159145,849.2617257113874,0
436.05528467310904,248.46020996742024,482.6022032076618,142.63496984208203,362.55307838780794,780.7730507323472,32.37001432198283,94.0399472903506,171.84985229139303,355.09845622762305,619.3663981802923,348.6867501760422,120.602224288346,998.6355367847934,104.06547260146381,261.21561939736534,469.98912122734515,351.4549872546262,244.1324975443002,61.15309157587656,1
605.9851859299581,20.031820066389592,262.42351504449357,229.7597710178294,331.99008361317163,78.10661438349543,977.5240271264706,890.8313724315396,275.7704386092672,462.2445458864196,130.02162100855642,579.0700401078963,78.12889888543417,731.6669837338311,811.1337516763326,503.2738923425173,591.8470765852672,323.98300182777353,0.5857485606148849,812.4349405693455,0
409.1635220640839,533.8196661115288,16.101354393677546,90.72928317371465,730.3449306427805,513.8175347767782,161.7578855441223,578.6183278773798,557.4590354811913,155.9116533957784,301.77821333759516,400.54037205002237,692.8824908823314,16.474903888311076,576.6605446362651,644.5466054821819,867.4003363313444,997.8425564759507,677.3499531758264,663.8387564353814,1
34.6824446408881,876.5027824542174,376.27678213724545,811.9544290483216,506.9456979089858,435.4159940056598,828.2241180269634,893.3197816774504,654.9646382478766,708.1744243454322,249.98444943231323,842.2265815663703,240.70761608798009,309.8548423065237,7.929698088850912,667.9820928491652,344.1296490634436,74.0305497898699,981.1383832338205,419.2804227868135,1
773.4934170492719,821.1649583013087,627.0961659502173,276.54717496832126,1.4163330413711206,284.98241114814726,64.74788571456314,567.9706348400407,576.4371042311977,355.63951175414985,246.97940893003533,673.5983056866517,901.4225103018537,959.3174209148758,808.777267178993,307.706330939595,404.5766139299386,863.2011502171264,807.623842689993,681.0819248595241,0
64.7975436176902,404.7371502437188,680.972269512407,152.1827080656819,765.4287002498754,858.3600113820695,136.76957055841999,585.9711312168027,470.7445138961236,213.01585392047605,623.6416483744305,724.3012064846293,920.3860762373855,891.9893821177152,438.59836769310846,368.6115749942772,473.77926837051945,187.76780648089098,61.66515365888847,887.1658566535608,1
215.3919767898861,381.21731567809536,581.9469619387556,481.267196099061,417.53588947049394,665.6518219259107,844.9434051795203,813.6133103157786,500.15166850958536,933.0349192211788,740.953976237127,299.22407582293107,164.0660946926088,807.8307484856265,348.14161279275555,607.8169385834323,326.4902038543662,480.41169556351923,492.62993380223753,799.6438593648811,1
856.6636245666506,126.88684545373997,566.9850398158569,965.0761874666138,433.01589089322533,343.78910794103666,401.6655428764568,479.718718124879,876.1530909889309,938.841021704815,828.8979437850521,158.99756687363376,325.9158886744199,102.52121298250894,212.3904477925067,312.19515766236907,160.5417382240093,576.6432826106907,82.48083784020088,703.4183964054796,1
333.43713463263447,581.1535116203986,583.3189752919311,173.8801453321792,285.4025034926666,380.7220695649577,790.2299770124,261.10329190353156,706.4751086943191,95.03319980662506,792.858607889792,789.3964147158003,350.515054004786,267.1188375518242,522.586929931919,290.18181756027695,731.9169364098591,475.68685824440826,862.1196831205907,245.214427831422,1
507.7413456149056,754.9647073511593,190.5645755860459,848.403012689041,945.2498864019508,258.1997688138632,660.4333883920875,988.2522536129289,122.94848417763727,383.8545567860843,705.5486255562151,361.07090538898245,640.4573810540079,434.62475222010164,876.6959474880956,39.88705244672786,900.3107119083409,290.88209199148787,95.82194975148217,621.3315728464516,0
2.1603483092828,293.6225724852894,727.2588115558491,511.90363950761287,346.6636970660619,609.7246495277548,949.9048471888016,782.2530043495557,895.2820046479453,577.0351801577282,454.54194531689285,708.9574766813153,565.4504799094578,547.1017620347128,563.2761333148782,905.2113788390885,478.58959577772885,966.9471458843689,436.5214574611648,677.5044662896938,0
998.2610980632164,77.4770150161298,968.5410496966794,505.417739696963,515.072050880323,544.160954714569,929.2947788301224,205.12921460993806,925.790947200176,641.1996551827281,519.5111043209265,225.3172466846388,60.987665675662605,556.1331917011122,561.2080884079724,205.23822452367878,99.23750734034087,404.4616768483421,256.8938863252579,252.58975090449854,1
505.00535374174103,409.77232592019186,423.17365545094674,201.77460835675532,424.95328329336513,496.2269420615834,878.8943996994898,700.6714403000649,857.9372872580764,423.33444149466595,351.2684092139886,803.5808187387233,305.61576000509206,22.894277000444664,411.755948121434,734.0645502921251,920.294789334155,90.3917144765588,995.5766659926196,870.4204284436523,1
212.5837903318033,583.7593668398573,753.8201939434109,235.06217420906174,931.8675481119512,175.94001139647264,922.8574932399367,353.3663047448326,659.404539953924,659.8043849229174,482.97724708909465,806.1372769240369,483.6577551231109,782.5574872887581,374.52802473734516,575.9912379794447,828.0836249165775,439.5210092134223,59.39917738523004,472.2261326390517,1
424.2843334052929,494.7278308953408,496.2995426900859,801.1588368879883,691.6184074285812,405.2299793969504,883.1284408029139,821.6408788262873,135.30149689228134,888.2784120996046,619.1859253564093,722.980172538074,641.7108700827392,231.03617439151625,691.462488679755,990.7870547154936,436.63327588534906,969.3001614968232,594.7198199380525,724.459072653017,0
351.30258929878823,612.7927021015843,95.08574826932148,246.95388408320417,714.7009562041452,151.27534355439187,76.54313892172304,678.1590872988927,456.41556519784876,985.7729290311507,956.4970186711572,768.3381937987916,425.76233917117355,682.5179298914625,780.7065008072585,910.2029025673056,722.016024991011,606.0599611363931,439.70682455091236,939.7406207558769,0
139.6666232573288,370.55857311765016,313.7758376279297,624.6108413114208,797.0668560726762,299.74489417640837,269.5528562385856,961.0479629506214,977.9781944860723,636.0988733921015,574.0958382563448,19.202972374384842,554.9149109515375,292.7792672423617,580.6241266586505,269.27842062593356,916.3970210835143,466.61695226395415,279.86930598083893,152.26624979433078,0
885.2169753397336,574.1807632095027,374.0033191447257,933.7863535819795,221.1457491156824,656.1402753503189,981.9846548765288,175.6998144125591,255.30586941965473,173.12523066074814,979.3673574599213,301.3487248999366,183.94789152832115,732.4882583024605,602.3486089445219,156.04476224939157,420.28489045653725,981.5355565406437,569.9296529822021,62.5877437851966,1
304.5772299367644,532.4065655963822,975.2413570272632,393.413780086315,153.34625930037149,148.1702159837913,410.6717481014414,113.92453491480914,712.9703768588761,945.0559808105314,333.73956548288555,441.05350480612384,414.52573982710805,582.5832412690521,721.7491084258037,211.9495946698694,95.2008327940187,648.7043598578298,883.5486838974408,23.10889395023319,1
859.1388670968541,731.8994059953413,691.7207215617681,448.60968726617875,667.6699055767136,565.3592390453745,109.48870215854589,917.9801287863093,974.8035205019374,434.06491309801044,848.2777620655828,691.1723286505436,802.4766286500388,845.2080030657692,988.306428326198,244.35752051103609,569.6545646582588,428.40199726502794,559.8795115059144,960.3268325377318,0
439.3649731958631,532.0813927820046,183.13483994822843,970.6909623748106,966.5489495557578,620.4977440516242,695.1772056458947,896.1187374856479,537.5510380539398,66.31305404152054,943.5964950631676,114.49956793794058,111.73315184168598,370.1378724728501,284.34995420149147,951.8026029397731,566.2360679429282,298.7246232429548,11.353910758394981,312.32872169245917,1
348.62685518004236,310.29201668949446,771.6637858955214,237.9679832060835,199.56995383802501,812.1867322798217,558.0334436593461,961.0882626221706,756.9536387208682,261.681793654972,771.750858310984,220.9589909685399,493.177501836036,221.50233911897556,371.288544411706,838.0271110078451,872.9582635250306,809.7181659318657,443.5002740924875,561.4707656601124,1
172.92977307328871,854.2520093450372,134.65246476105375,462.0917303063983,561.2469728148321,772.7119930536185,481.28830425885707,42.609880556183086,190.33185427699007,610.4524350566708,678.4223571546001,471.30749805585117,274.686023018053,77.86280852980131,209.51769613727578,808.5318941651153,550.9218758495574,633.9422026870892,945.5706839870123,627.7975578563223,1
0.5779677961101903,485.799235860082,393.9013289120625,314.97401561886926,954.2634585462073,798.1925593486387,629.6119261577721,863.926520562615,162.29504923127612,380.4356178844992,446.12807373913523,921.4082645250423,756.4138638942974,690.3048036641082,144.630830770645,304.56989224708474,361.83279402069735,613.9710924758747,455.4264416878636,910.6025165224356,1
972.4519630584775,724.0957340886141,714.4030749323974,402.9715097586222,934.1073281597817,530.2143807954913,257.8872704543512,975.0654468892656,521.9045425862208,608.6396685405275,656.384180441741,880.8930600721989,190.16872248116013,149.94011553502952,42.28492750898361,791.526480081388,772.1694146719061,81.57999615773348,272.2431579670047,372.3066833756877,1
366.25053242989304,108.7978171056101,215.5319831243726,829.2887450252654,962.2958304483133,277.7252961995926,181.2799628127082,994.2361328843135,633.8869921237199,816.2177112130342,908.0371384679362,692.6240950879517,945.1155193020136,837.8023468814172,326.29088394308536,534.7101898706886,531.4215868221235,627.5885934989298,329.7790579518507,79.9786028897731,1
20.191619000782147,481.3515774694433,833.7359142009984,215.43050497998274,406.783296986296,361.413079100929,976.5595335239667,744.7571201651261,501.74286737448506,190.7668845267838,981.2412750925391,884.3457285343811,766.2805028439874,475.12883791616457,581.1991303778448,717.8126682960492,549.5025660597821,129.42342439702458,401.7235561318745,319.30063277272114,0
742.361181407083,142.098313628627,533.4910486171109,765.9117299919969,533.8839064887683,114.27007392619326,805.4719504042267,754.9406543638964,114.93177654371512,27.633208326835135,76.85151507931221,629.3177447696033,624.5448447769091,539.2071237838107,78.3118280876769,977.9292312205433,290.47697360324787,197.996402422426,725.3776112942304,355.54888614446844,1
707.0191646753906,497.72790859543437,986.5895297768393,992.9794697464692,923.9474264628402,118.96792588498795,121.3419460541063,863.761624139685,958.9210820613372,81.2098903253079,743.8638768537885,423.4038324275975,79.10796875223336,205.84033488605135,216.68639519126341,782.62033026135,776.2118095065567,491.82623119459225,865.4068873720761,983.7442606066975,1
28.25425277162641,664.2981590726205,762.880731634447,438.5537471954459,221.26600975925768,712.0615358737775,967.7395287548624,504.3696564217297,782.8262483186876,295.1840174891963,944.2904415222268,757.4090825539763,411.8285324464044,134.55249403054083,301.4916913534332,458.8658447756028,357.1494760292104,31.93744726352621,674.145896539735,542.2682795390891,1
193.66468224859656,985.954544742249,143.85552792753498,175.32391131290802,323.5377562839387,163.11759080151532,60.819406164103526,465.24296500697136,601.3978102927746,436.26865271394155,898.6523105800765,551.5350421378213,145.64463137408634,382.6991541873844,48.036035167633216,62.7534111727206,378.5921648826034,57.41310180837089,680.1765657213367,835.3924954292241,1
758.7253158657854,985.4868286139491,555.253397917852,732.8945701987085,733.1808650271639,716.5553431795798,693.4665287953662,719.7283044258429,86.06664300334488,910.1909998207191,793.8719515895687,932.2324423887568,708.5086712485185,657.9257836534615,116.13253567998282,147.21606097537844,965.5146250902108,779.3367359889538,448.5862086920885,140.13054624229292,1
25.37468245928798,50.208884128027485,130.0857731751749,434.16615434195825,52.04130042728872,780.7876747705801,449.0004811395878,76.8868773581166,694.6388242176446,786.824674640099,393.5715255781359,726.2802143172519,867.1123294246253,906.1562989966616,146.67892301575702,517.6004753974898,302.0816037790854,268.9181904237201,645.250262494104,658.7119975473619,1
846.6025641688396,207.35620632643338,408.553306534153,184.78727152159902,252.83961783198893,980.2639921644982,111.72740990180196,964.0494446311842,60.83100189371871,366.4578987864955,809.8725745750479,233.57295844642312,909.9245718665335,957.6876867746879,703.2652290497062,566.5603419092829,937.0868950261336,737.8540306030113,28.03819896111881,294.15070405804613,0
455.89331305870127,908.3200570247037,229.55381581825296,85.24142608033969,244.31981206137888,742.0209831240027,986.0421001977161,176.7037097859413,420.0875115753089,35.23486835358969,788.7645849255267,179.6879393916937,652.6894439859385,213.18744388399492,324.0998245573674,149.4444923474596,922.232431098497,921.6254389647569,870.0385054228417,544.8220495044064,1
869.6538100911393,81.04966363346367,372.6878749766692,229.0302987358509,316.6609008530894,78.824473162745,829.6793745514952,150.0376874840136,418.824068369261,59.36307074168412,377.45821500022925,716.0679369116401,957.4081959230055,853.6087779072782,360.5216102432083,962.5038951664801,76.18718025071136,664.5511346119061,480.82546412503405,38.63837319828045,1
794.2833228230269,497.35502227317517,268.6618508170797,220.01509118006012,769.018619828312,560.4820944357118,810.8678339103008,965.7697440248146,96.97254553111722,504.38245191990006,961.6260502602295,657.966176369174,332.6037641041553,93.77271989804726,291.4125846782718,886.5003191638527,257.4653747902912,208.9588384223876,668.3626846197307,366.14666047467927,1
265.25334193953876,76.89671080750671,416.8796841849832,431.4713748246161,727.0527128078922,887.7733161133226,758.976573832634,508.1335992143696,665.6604261944191,704.2293825004672,729.326536792398,188.81709795749936,104.26338737129848,645.8978357120587,927.8697875375613,777.4657589158594,621.7728564962284,686.3900786190776,433.94770296848117,950.8905784525398,0
360.325729994778,842.5489996686676,727.3573929697067,907.4245420722953,428.78406720622655,464.14123119396834,176.18102368718502,964.9528237364467,635.8312942347899,227.0591707025461,711.6531511570553,441.4493695991081,663.9596401064988,767.205058556252,687.1987695348906,29.673293779540423,718.1263509808526,587.8554679924994,559.302962342545,529.8995759908888,0
553.8377966307957,819.5003597180231,105.13893426266807,341.49051156260424,365.03434262252955,610.8181813804031,94.16685335402974,187.95927530947708,50.12138729790239,690.6024429601678,163.8411573125913,819.3952251970034,141.18885044792563,811.3259472907671,81.68024698948683,491.8695689584026,215.41322990167356,415.76254467090223,207.98318776321224,127.30932233166958,1
788.0398133786241,553.28128133986,74.04606549488713,972.3741428885357,155.16349510868088,53.04029589356707,593.480748831908,700.839842911967,768.9813570582444,672.0077014167396,25.341779127665664,160.75686354351336,530.715041248101,430.5126561009236,863.884619527896,541.2802336327317,751.7155704422247,680.4926010083389,166.36089952389156,764.3173986366703,0
805.3889926236446,72.24183254160943,765.9716575415855,551.9710115137531,673.8282971926532,481.66074054282336,731.9107567695177,508.6494091288605,274.1941309368764,842.4753982383734,354.6620141643306,632.4863817525036,880.706875843696,529.0809435607476,218.33292963524286,298.75735169375395,713.372266623997,873.4272401053076,136.97790100720874,968.8514905323156,1
814.6304980846108,479.2773881190061,508.85021272639005,715.1534545310437,396.16179452891765,959.207469002649,317.2018481831661,936.6373582832803,224.75263141320113,588.5925654160638,640.4181936809194,412.69234260399855,832.5365109112428,204.7774497597058,363.71906172025814,768.7982027698051,229.65009130741487,815.1499230798395,132.99156698725668,874.8837309098782,1
996.555265666859,122.83696257952937,404.85175663497864,476.31941662430535,222.7406912636636,187.43686980890607,112.21659252815353,191.0679070602319,176.36920042049255,176.27490900550302,604.4001373459412,114.12389121411725,850.7850855326491,544.0469472748626,578.7031767145421,580.8292366417636,976.3043569143908,10.073715522065264,958.724794511875,721.2374168529609,1
106.11749802786075,458.91147379273013,652.9661173407587,609.0197711707619,825.4460734559467,181.62519298805924,750.241045694395,920.9026619538831,32.66596769708541,424.8343899993251,212.1655114425991,99.40181447102803,792.0109264929815,346.76648681462007,655.8518847905908,519.5209639700132,839.5522398740636,20.0600000937472,446.0702306807303,174.7619982037052,0
204.5543713365404,834.5581395979552,976.7520579040491,367.57506076476864,93.38637846835252,49.938266799735345,928.9427797145765,222.94377350894402,962.549420704689,833.1615424767705,139.09494962474434,918.9389601491788,717.080819086415,472.1757083965737,573.5899168247563,364.63319732933473,908.4511108161347,658.5442143174016,566.1346860382462,829.2528121868637,1
51.16952948520248,541.0905429095048,365.9084403458689,491.48416038629847,335.7150420560957,612.2804836348607,912.6581146310881,628.6029278764927,841.9341578495145,176.3177306802095,422.8176840631055,996.0510966404433,936.5322719293199,863.3265629648413,384.8990587797501,721.8477722179996,846.3214747441823,708.5069922019297,876.5697918058457,467.34671705143836,1
301.9463437297303,991.5111742739509,491.771507524638,227.21140999222345,757.7846114878265,753.0774529917582,493.7881524351705,418.2344137791857,469.6295949342515,250.50741044930734,179.25917316892935,111.78540768151102,296.5883184290723,809.9432054058002,744.3348400766012,140.21434617747653,517.0106427319407,388.31472526713753,832.2291505967939,840.2444103299563,1
234.83905184738097,481.7988317588844,506.90544870135443,76.03834267473097,731.0881994053485,152.5020216038535,871.6737173334031,356.1725987665042,348.87562630814375,529.0878867989659,890.5598786204384,587.334434492594,287.20103200035373,808.8328581494364,195.77370338424316,280.9804535939368,5.279998430717359,819.4314092973941,349.4476388336615,557.3702640467696,1
434.3839381849487,89.60367812919867,549.6717907310885,62.84736077044884,952.8271918527896,282.8553539287533,523.3288638003278,272.3083308918054,438.5325071651349,991.2299152587543,34.40122528161127,447.00792912773437,71.47494284807043,985.1936681319777,232.47007175700517,582.3176369056699,241.2925976774717,975.1705633963091,47.943275368795945,788.3624405936087,1
150.71316590590322,552.4951543366906,901.7419211953555,989.7619570001666,665.8381814553632,426.753405179764,64.77373539461462,452.30336071372744,95.50738250358926,560.7194030242586,616.4154075151635,800.3038732063345,620.8303293667728,187.50317802869566,764.2993047878213,622.8207750944999,466.4995596758176,298.5088912289934,249.21537935986095,163.45687786287044,0
826.6053796582102,444.49463661191237,840.9072335072815,308.20154359079544,432.35382634550024,524.5622972223,285.4050312367854,739.4182410311548,545.0771706840643,372.4012765254665,766.2126436039571,998.7379153934606,862.6455467402722,60.78010149971813,877.0158697992057,102.0768642120955,545.1035922707346,896.3275466641946,420.2271706757168,382.7051179139007,0
19.692681755598905,969.8236386485215,920.8966840872151,257.1706550892303,712.452279097323,687.5260053285407,646.8816027167452,32.20095819310942,120.1357506516585,762.5906181763468,407.1573955720197,14.419977295813347,668.6115242446176,895.1189886831804,101.36055191522475,701.7517404686473,273.6975784163027,733.0585120364183,43.436840335697504,39.73289433386984,1
134.10356564938496,780.553782875234,582.7331637359342,144.15198850040656,321.47650819765596,336.1558471722966,676.2483557965884,910.113326745765,393.2071177840855,871.1433003822119,921.4333932888404,846.8377974117482,747.4856578058315,769.1005150592606,531.7052136360988,851.1679826227207,846.6255189527044,383.9834077794315,462.31218345431535,663.3997946625134,0
592.2582916713784,262.6916221843042,39.12359813313504,860.0777258351252,384.65523213053865,403.6528716316724,811.8315512217531,931.8701150761153,104.81482309125923,619.8728718309846,13.409834095115425,786.4747434683934,967.208607478988,644.9966473460463,809.2901273954644,522.2227163358802,833.0396763824209,875.2878691832803,799.2174549403073,758.7363444035367,0
121.1094362812043,110.41091885170029,862.1622775647033,478.0088707875535,418.82218632725153,78.44980179023375,510.48787451331236,445.4645048889303,415.25257754343124,193.40683358964174,893.658094066258,310.7713054470793,860.736534394935,292.51241307889467,826.6803302011828,764.1537316396799,327.66992804287963,47.43063653825808,868.4747548450279,728.1770881996359,0
226.58899082184047,492.63200141992957,746.2620208514294,274.5769099421662,185.03497507180478,671.1847152595295,126.49097237580398,328.70373449339075,671.7927123577754,540.4235528510459,826.085480413426,340.3273939798607,354.0101900983161,952.3722541960127,304.44270192628153,232.99149578712485,378.12347301830596,176.80906264693618,518.5921317784782,406.2459886197265,1
643.6742362140798,479.17825025342245,264.3143757791474,922.7268245545206,774.2384627139918,931.0967714806458,629.8014939617991,93.25541310571461,847.8219866275616,538.957943024814,539.2504858588046,230.07512235275695,17.549513874061894,126.01806827868157,72.26459703402688,854.8935300644317,92.35586612553692,55.10355446495063,723.3408713091347,134.24967595552872,1
301.1054315913032,61.159149948357694,822.0667086748114,924.5656729648786,184.57268952283957,53.04574559733744,178.17894982013783,465.3164441769714,795.2699759860928,887.6626382872167,282.858455523458,40.093253761716355,206.17121022049457,464.81503497460074,162.22897488647027,139.8153820317939,791.7851028526621,596.3911826553375,201.05888336299503,14.912883407047438,1
667.180139534883,564.9829050173286,720.6839858205648,34.65636775987946,648.2874374973214,190.82689081453685,702.2088290760227,320.1181983800082,197.99537301652325,780.4795479538113,735.0394003046102,409.04359053857996,284.06682589019084,864.1699118289251,756.9860480438575,955.3427873781375,756.9003724963118,74.25134150492741,621.1611114749625,827.8926559255366,1
939.0401130249899,497.2491921065194,611.523174788388,968.0449634295849,939.4007210213043,733.8002991900361,33.449184947467955,739.9753851676655,607.1819532774861,353.0771348655697,627.7425725989503,28.031118517094722,743.2715578712745,350.37685048086763,644.3436118413271,304.43680927154895,88.11232467592266,670.4799509235191,746.1841076106549,225.35959327062983,1
816.1427635266339,820.5330415153118,243.20495482330563,972.6142066989913,439.45349680762655,680.0770539633558,382.140665403365,822.2046741371483,66.22534885919428,869.3073879088143,634.9950448588451,131.99175826010867,456.48815768091697,553.5349701875967,546.1508267235067,663.7225779708672,972.0522185961878,685.2634366997067,528.759060382442,159.64127531867467,1
163.85663346816025,147.7196410395829,773.0238650693726,936.3489637203487,693.0165049331591,126.73230173140804,982.6127461360868,207.70836682837535,175.4987762937299,838.7257624459459,151.06681767382224,979.5994323853199,340.24538280637387,267.68185985954483,333.59255217556904,522.0507939992572,380.3649505559247,474.1174854236431,624.5034242071653,764.4800267762361,1
695.1524373059843,116.36455983523352,814.5176654261397,17.943308704135184,27.116008907979605,373.7759414135755,362.5723331153898,535.8934767836388,801.8140990519845,556.7225738066612,832.4888590943331,820.6437785041517,570.3452639000765,692.4070986023816,56.88289328381791,811.6695635917888,795.7009842225077,410.19977789965213,953.8671777052573,593.8770998089324,1
600.4089005137753,806.167076333431,738.9721381247872,32.76811403407831,489.18163862941987,764.4919026209906,803.1163444625274,923.4608317307772,715.086939054265,97.42219404574904,930.7047865768366,529.3747704048038,732.2307859949507,535.1206557557554,819.1942815604236,853.7121111740973,648.5704714417412,375.54167477874523,88.37401060009431,269.3588139139972,0
148.86741419601478,200.8566649488648,71.18297133072771,580.3514799783052,602.1720213525938,430.5436727869548,105.8005690331375,875.0661142446588,363.58055494686147,274.121991324209,393.2785280202207,99.56693167498099,929.3728925880836,902.4618263416362,215.8839196384046,998.0914160397649,4.976066571054982,300.182963870401,588.7765371615802,70.41299621790198,1
710.1811435174743,772.4508330607464,830.474390242596,99.88537359826755,165.74283294170255,759.9984024284071,804.1762548835183,616.7653988059099,536.818624278386,869.4781728962341,645.7980100398306,739.9303058172425,153.24897379957824,421.0198123072313,324.6912434300737,208.64937452861275,283.1630187552852,403.3458136003074,61.02757751616261,468.00657683154765,1
42.459088847120576,545.47900344206,15.384543316191435,943.5851625463966,513.7090901626163,144.73648094153168,223.92694401172386,810.5940918310819,706.6305354470359,956.9978327819322,412.6526457732873,651.5697809297546,863.7520673310438,860.8986807885905,345.2373857333575,709.1550052581784,241.08287318123334,886.6594270259388,242.054782930756,587.2396618247076,1
388.4862753895648,551.5285876849266,14.418543019659058,777.4869044643805,214.2397424848962,220.35536975928605,732.6843953052559,600.6058503727287,68.06476524275806,318.0892604876274,552.9984338795314,457.2667686421784,481.6468005921114,485.7027877406199,982.7532735710834,832.2986683410621,445.65126372481245,132.93536859261067,562.8797301579896,588.6736368017055,0
324.6947821835345,841.5234636052523,632.8000968383864,19.267884323772687,616.5489494684692,259.50205831004433,149.09806199679653,100.64368252760846,388.8673679349499,269.6695829563411,704.9883520923022,942.0377861181751,321.75937632730336,231.10602370685461,440.43391339959015,748.7649254810173,531.7875170815519,616.6541437899922,375.945927876189,784.3446874804062,1
85.878495838275,106.65652445722252,414.03171341171816,1.6327428588619464,923.4380072510903,53.34991259242183,822.2164705291026,47.89797127525431,442.4809012876936,518.7643033145409,450.94907043124346,201.49857741332045,748.9197355773116,260.06449983469093,371.8094479273771,601.189795401288,551.0570781363352,920.4929565974937,373.0747744324356,734.8701174110724,1
779.2167144810963,946.1479477301258,173.22475294091788,44.21168840472023,155.330994926285,189.29913226020477,811.4757674999814,659.2806706342182,925.8580338972372,929.822763310394,434.86314284362095,226.77717992335656,57.27061445917781,974.3687679144853,767.2120682431881,0.0617915030490801,508.43742314604236,479.1779077771895,439.0565275782019,981.6071983863459,0
593.6176157664513,783.4817979190889,18.490150485652833,26.022343624805934,604.0661788604191,414.12612592897636,247.0225641914786,590.7956316036807,951.5558532852579,167.42329160749236,287.3914156740327,305.98320231735323,80.67225568600067,928.2305119703669,609.1449176983872,549.6635513303341,548.5156435572682,675.8493935373895,131.88791073311123,433.0002828091855,1
333.6704124820833,999.1707335416517,809.4486938913192,318.0871933144039,624.3442157892836,507.09943350730333,525.2634210694729,478.114318603802,102.85605253707197,919.195361868224,979.0890069570265,627.7364557178603,256.7762167497225,503.9837151539923,908.4365198693105,254.35574006767615,128.44473897659725,149.54208071601172,332.3522074273407,903.4652086343903,0
185.91543159469794,391.10851526518985,252.66854508824355,213.8748656355144,34.91695550520113,893.9699895056209,227.82623484223708,992.1415770882209,158.15220854353763,916.8084064495623,132.92480948912777,538.4340382163681,620.0817945235459,450.76201121870827,927.5263519381505,799.5363323520502,73.06374759092394,920.5787237773931,788.1043692707344,522.3031985292525,0
976.3239033512458,837.1274512701879,47.720611798730886,439.95297617568076,988.7523881969269,679.0592690324456,243.22907299801443,0.5394784356942406,534.0240859411426,975.7180349344603,314.4627128504026,155.7680609263634,145.52671624403857,257.23600434455807,850.6810272129007,561.3432911057256,638.2549662588194,854.8172552446572,399.1080876141576,45.26710815958401,1
881.5269779680841,877.4619515780192,543.8825486755111,574.1976009639761,394.6469688528774,770.0284988315009,538.2616977758262,328.05598845281145,226.5090625005627,154.41986526675544,812.6081069588192,516.164578143061,824.2284716870114,263.43207835592295,829.4860605019163,320.7117920758651,406.3404990123054,852.801077847642,973.4868070945157,422.6306529817465,0
321.1183371217002,425.7311002565904,603.0619261111071,316.62504890815654,689.1224234977955,325.46973994636994,835.2363488149542,283.9624417183517,487.51327958564985,171.3403934959572,861.0677806454233,926.8537460736137,691.3346535901006,321.0637097921183,881.0048451120535,762.2456757174542,788.8971111669695,346.00505244358084,675.0914381070149,184.23370548942253,0
491.0317241145935,21.503562676263076,922.0333288424571,300.6951379103321,908.8192018460916,772.2512157654879,426.00846165549353,517.2308056868295,400.78148741049756,383.3822262171814,920.1013451583019,249.54083172573814,905.9144738676231,663.2087499185175,741.916134191212,913.848162052614,560.147098302533,376.5360102004849,126.8185002472283,654.8560248669556,0
685.3170800790753,336.88004792078675,653.9791091198375,680.3810155295062,582.7003998049183,43.894281713675596,48.96919775112263,257.8771967933565,660.392549809653,426.8147912420718,190.5872712263341,273.38520623010044,172.5729082463462,40.64456103623715,302.3204140945791,816.0182653414463,159.9765981341008,550.911836316729,513.3030821138193,673.925086588671,1
289.029020448679,557.9326945087475,128.7314276524849,592.806323310475,630.0657278158918,293.5196247418006,721.1944635259122,991.6475085861355,137.4237716236546,185.2211178634795,131.042602200109,320.25863420274646,45.12389352332558,499.3197274479989,572.96737343651,203.76772450180448,831.9822609586623,669.7321236184571,643.7813650284934,314.0452743855633,0
560.8003420227086,737.6056955227235,894.452852001708,123.85685776881562,282.5733493236633,721.5797605201618,809.9878803551213,439.49489240934105,154.79522966497416,427.5387894162518,361.4235410743837,845.7174458391886,335.39660142746374,278.1562749386941,790.1168099600242,184.50582920794588,472.2679679916301,699.9721152933209,318.2790474402427,368.8876514968419,0
799.823178757104,523.0515631989563,530.3006422201813,925.6069171819204,610.6525105603082,439.4294982298016,462.3387555031374,866.1658620542212,126.9191707486842,875.535128220422,796.5603306232042,676.5859840915474,173.05543176685546,69.51455715212651,151.37309772476837,135.12748028332223,34.25489503709067,942.7578395988287,765.0769540390656,673.4935892625075,1
280.56230253887816,852.769284243135,656.9410253979612,757.999607537221,358.22498276690686,590.2940823754047,593.7942970806375,799.0920189171737,296.46420231445546,540.9954643854034,154.30271268267637,575.0817526924332,72.60357160987706,6.776776933231976,988.8593182511164,286.0647419161948,121.62993493794872,741.1603024180795,825.456434498293,439.48598125394324,0
99.973191623692,696.472665822449,596.0456597373478,946.8955313512106,707.2775540272894,790.3037536123722,122.22368487065106,662.5955949409151,225.17100707993532,935.6213470081749,411.21500644380905,667.7132112335195,507.6495280955088,612.600452097813,14.648037116392064,343.8303541624548,696.3849255353322,980.2006532420545,393.3176821024704,85.32020783490523,1
877.875876312578,214.1073771785299,348.50335981496227,354.38175987744336,445.90515171159694,811.102790379248,25.548785792269047,613.3902646081111,443.4936201849068,895.0359076506825,228.23106961074745,181.97804332275035,834.7474333003364,839.882169483009,179.5672792965357,198.55290026724427,252.85623060461037,923.6607997000762,227.44257984279105,144.0586946158009,1
7.297951064501151,933.8454581085076,642.9104835873029,359.44938286151006,280.7469616448476,643.5213542500525,297.8351621015808,220.70809091496636,583.5227961290257,124.94261427189602,293.1690266343765,73.62708418695496,316.1995714026357,298.59819388826656,504.41167903312254,71.40958498893812,735.9080128117279,901.0596478504236,900.9802617408759,681.9844144146657,1
429.36701717188583,938.815244219942,683.652065087312,179.77463697637032,164.15249991149506,105.16977418207152,853.8916031761584,748.6056238713386,108.42580874363472,103.24781520801419,3.788474573904521,512.0366677083998,323.8330021843203,824.0671408545886,713.2819992550103,903.4928645004143,709.8428340649378,341.43528558290035,642.9910411886128,299.55105048358166,0
698.4475847574249,779.0822326014219,316.5375222122232,642.1123518955295,786.3183692888796,869.616204640069,142.8937227736079,748.2363268725595,28.735752431050198,261.3085703370407,985.6656729401649,994.3868154979548,703.0642564725555,773.9228762379767,339.17302691627594,881.1282533811002,994.3302688932171,615.3648199148602,109.87765730227473,286.14048482742425,1
709.2875540259968,19.287245974479504,815.9069640146095,367.5963416483532,923.1487594467575,889.3348756444298,411.54037922026197,897.2546479542888,276.95634304208585,714.5678864649419,390.92630084183367,584.8825603717362,229.46962408438708,887.0524598049153,883.8976876447553,358.724640301608,847.1790665253335,548.1099409890865,498.9604161430832,89.8695499827149,0
385.0694444536186,138.78520139024596,302.57584768791304,0.9905765408660949,879.4778164174552,976.4325668766407,79.64380267165761,717.1397803255293,151.0171291953293,120.64642779143175,881.1177230784969,622.6331924567877,303.00270066506664,793.4288679508583,222.21642658396868,599.686307362992,721.8216197036571,839.3877989240879,128.54571268905235,810.6503936420692,1
687.927549583756,211.90712196533866,898.0973255739109,642.0015504369205,223.5697034688836,681.9291558674311,197.50234599204285,508.06125928215374,968.0247217886991,583.7968460187677,801.9404562653042,156.99174852924568,576.5488676408634,769.7071830034189,765.637486770127,35.31199573356447,792.0576599932434,828.9311810781122,143.42933418792015,329.4415286728416,0
932.8030403241264,465.65202267895523,232.4387621643167,655.5553980735078,842.3480804992557,313.8734014622332,529.6553492534761,598.2672057831625,477.2180802737984,86.54553883870275,525.5113377320596,868.0319635272599,312.43706900311395,939.3242281785474,855.5121022194456,182.3026187709742,433.8825525038305,8.749552995747312,668.8391749355752,308.9877490896565,0
443.4619200759621,394.8566341808645,121.30502685779143,720.1251129774738,122.5092759628772,489.39668725261566,964.1066057652463,124.8535954256823,237.81483366620571,190.8617237603072,792.1843282414281,213.64291414761382,685.6179109622384,993.4216923809483,94.44782081480385,57.335373388169074,129.971447477887,514.5297400672918,140.66031920831833,757.8142968776059,1
771.3650539074102,539.3261431115201,557.3116048796597,649.5235522278225,62.155421514512696,192.77803998680875,406.7395964046704,671.0361652248447,336.42328755199713,130.20017074890322,960.6264152431211,380.4901086162974,433.783332424987,500.77088234616775,746.4631673876228,374.0591790085459,688.2530361598413,304.98592665109857,175.48805882983766,305.41977728158196,0
314.51730351550924,141.27205390821385,540.5196248043223,578.0230387399479,644.746239963499,724.603552948388,614.5375258412854,317.6537458871611,180.98453900977597,926.0707859860386,239.81675108821875,184.40980938453134,716.4072702270331,56.48623769839178,695.5199767308659,930.5211190833982,183.2604966163901,556.3182966545855,313.81296920578114,696.4253530912384,1
99.24700540483144,106.06402734936104,241.77745715936217,535.2911416607745,689.9871263171876,420.59973502362857,485.36959786097333,895.0135149682134,197.6990522183266,827.8392097362308,427.765113064296,230.36177572664474,689.8431359534546,765.3896660238852,821.7266243964132,876.8340490841051,389.435081914949,924.2350096105278,778.5776886336728,312.9270863388547,0
254.99731547695225,31.57094151956752,332.51141641860136,126.51278633799379,880.882698961929,262.3947806167716,917.9266579908459,879.5956587395036,698.2716323160764,579.3545487353117,702.8904391439205,656.1323314747245,787.7021727571132,35.27422559822191,385.4756720506306,588.7861540105756,0.42882655158982264,688.3834039430043,993.4807410018467,239.82618292544265,1
781.2786558939976,310.3295801140071,767.559744020591,928.2307029111379,970.4737464579237,201.7598876890486,828.1234848117796,807.2365181709339,721.1210967589626,23.657904174854583,333.8909668469401,308.06517193673756,712.9392707516467,961.2062978283841,141.67351783215344,129.3092918558415,954.5507661345113,242.41433393409594,242.1787918366891,371.71359443659856,1
958.2378071468813,348.0811252063289,992.0663475999324,496.3953280171275,696.0007777438665,375.40156286420233,238.9784524309858,724.3570822529392,529.3233696381153,252.73152752614436,227.9451949472806,756.1701930927618,349.0072647857622,605.1185409607962,975.9774735818372,905.7788323036116,831.5421661020206,420.53247400696716,518.1357850432736,239.0244864629547,0
160.6213646462874,788.6356561651046,134.23415856080555,897.8648293985536,417.02972134382424,339.98680285993686,20.419997953483147,960.8281362342268,117.80131751189604,626.9650791802588,113.11250153739338,125.87571947873654,834.612415679989,735.3530493047797,801.5236751427389,837.9939354353342,773.7127005276649,338.98402869512967,376.08698001346477,851.3660619911174,0
911.2740446282819,178.46435943453355,270.53875151895426,426.9801455190774,740.0031321979606,6.266415265214875,196.89152658599184,571.8321341014996,707.6205540201513,476.9162199064891,966.4543488456266,216.16798312499108,89.41156258133931,824.9801289017754,921.1536737611074,738.8670091793329,249.16508786149137,430.22397017888625,144.9871338669464,145.73293885618875,0
12.66610187436845,200.59006303822324,931.0546499961536,367.82912997591956,165.17376719867428,519.0345311773826,477.64553827002175,205.68161760039828,130.53016331669,424.15968259491734,848.4088517197837,718.1649510619504,218.07302530804085,576.9878550214797,274.5546743732108,412.11711767253877,319.55364573308765,553.848168947475,371.3691841097956,710.2907382366892,1
965.6002693915248,64.33833917023746,981.3785603590353,145.37313263383544,997.6285543226095,762.4626784154698,777.7589647414018,530.2190529944272,293.3682572058345,677.1014478643208,755.2786001937313,792.2298874010639,232.66638636099955,499.2081086088198,178.40972762238528,213.8598888151676,644.8075683718488,874.8716663757039,42.44617032529341,204.81584817348931,1
999.9442520119754,159.4580970990086,969.1710712721646,789.8447247282618,110.82949605969917,377.9864990372134,544.8863756173279,552.2392984017156,199.55251815615827,626.8933050073201,862.407245381591,209.13567379876142,934.3871149555825,775.3755935158606,252.34533071087617,19.805339611234096,76.0514135305549,637.8802792688581,690.6802818071511,898.0686220565253,1
892.9391043701869,531.4879136221778,560.4509346823455,569.7395661217831,280.37145088268835,764.650069789784,593.6232695686848,547.4039761552498,522.8542266075937,828.8015038909023,245.69281349277793,115.97126810239378,304.5780397888712,674.212584308529,650.8237449669533,54.91593943033835,478.29603898958493,201.0595502460204,955.275191128391,793.1153492580604,1
637.2529905281023,618.9714763713406,168.18236659625353,271.0150745987115,227.8157830243015,696.6726664871109,909.1367155106734,573.528071779996,811.7360107158559,386.68068343823626,266.8746285397369,557.9744218218465,665.1190015111507,871.46215871221,526.4239823279311,919.460107387915,636.8290095618503,110.39196875295299,519.1131130044599,507.7985986752827,1
911.9610945782186,309.6177760809318,761.3198600123915,142.18146365727225,456.62426001409216,108.92101089439976,354.47641677749675,62.003237407161514,792.0589258664899,272.3314447583515,703.4695507582028,308.2433160030134,3.999828612203382,569.7802702589131,112.02829115011048,421.4643983089318,49.243816173589195,707.3041890507843,55.11354060121454,756.0177767797643,1
833.4863614070863,168.4535358850081,625.0881878461362,938.7295510678987,997.6163711129454,771.4175549128075,839.649258925005,974.2537045781851,709.0159915965619,636.556428120493,501.6041846061393,233.40027905047234,264.50985947624326,203.18558975336265,464.2534127533874,552.7875061738366,19.36663023417795,848.4651615185425,834.7920313908359,83.28113401615889,1
730.1020050882047,0.4181159903451359,861.3222913983109,967.5200904863166,659.8920956018533,438.4646149555088,579.5330985407717,639.8500422333278,75.8022592633878,24.025394172928706,485.0295270599162,151.7788649626327,94.30122100751504,308.87100486614605,192.4292686647039,89.2576270405926,540.570210295576,110.21763779186777,251.78762264614062,154.97417388928915,1
305.969598887606,198.61954339952248,139.81035127030884,45.698943404886116,919.0798053228897,341.75684708705467,389.66083818641306,664.347576137364,761.8348248619617,909.9393395703587,412.52522999160266,136.56463305078213,811.9665407529106,704.164466078726,227.11510189667095,104.00745542608558,483.95898504841807,926.1590562251487,679.8840989991609,943.819854135571,1
203.50740325205862,733.2658786997029,996.693743561531,928.3418680513968,209.960858298883,683.8208822392734,748.8533849744579,293.0314169857615,657.7459963436891,35.56661677348549,871.4109142882883,915.3877888673176,945.1618732844555,10.424821797204942,396.88482260054656,805.8750985047575,578.5562425420571,496.0796026588077,285.6313734583884,271.6672790550714,1
54.467681373662316,406.3674312847082,515.7518894345327,17.346916778334887,150.27725758039446,542.513220720611,127.0028518673676,267.50731184158604,173.75343151108459,386.94545769115285,383.0370007244603,8.565136171797437,950.2761134064447,446.3950393189914,608.1644450305862,954.170043415535,427.19226168964474,644.1312414900107,553.5179756033444,634.5740321151084,1
228.87497419351655,505.09712430560074,469.44818917274847,749.1096599224522,224.2558627796992,545.9631741249103,316.7178770533058,744.8123577950271,992.1717459095206,755.7621100212417,922.987043351365,278.35778243151,746.8447978300338,195.19280202689993,174.99856384431956,423.00269517453546,676.0619761409222,6.8114969166097605,366.5006554320921,997.104557876917,1
947.4504019440541,59.05124281565976,296.7126801901218,673.1767920524865,4.327345295578988,354.1046527225714,226.1335815477048,201.04655702498042,439.3008461256428,133.01374022963185,0.3072517277441511,229.14762273876576,916.6366691122483,256.8742138690766,168.47576481696657,949.8102848311263,936.9976189241024,148.08565352760604,322.58338293740997,654.9567824528372,1
348.61356827857395,801.3532873939268,956.1609320083714,726.1072192820445,672.0092712860893,963.0157567326926,695.1573900176452,976.6015387119353,60.485593836185124,641.2317390392511,32.30062652012033,878.3427377473322,299.87395381413575,690.7691692767803,7.773987329285248,828.5847810838219,413.68768376628606,864.3918735668427,723.4044479263338,27.10528350640107,1
70.48748106219227,223.01466930248904,720.4164962865367,698.4660845843684,235.08216527676996,544.132752359782,799.1098473817906,438.1675702045629,505.3458181871071,840.0757506917864,315.3619027416846,877.3344852522602,969.8797596917085,875.7092836798204,645.0903525035849,956.9322630542869,752.5124193079182,680.5535984472119,944.7089102445002,838.5182292521175,0
980.1085451369423,515.2870331603406,466.39231448707176,84.22536500084709,131.38162761533977,954.5724854256797,994.1473922806573,316.90425384535524,426.7983769309248,964.117985319054,317.85020691336587,833.5139466295788,488.86941858768006,427.0756649897132,567.6522380529145,202.90166874059412,392.4742446345276,639.9805597712908,994.4394261826274,494.93888477690996,1
132.7546478118149,8.106024712139948,349.91342565919194,440.67650029091465,956.1658555363402,598.3499000888331,601.9286864272912,636.6941531881251,98.6639590433398,726.4132190942323,464.81298036019604,635.770089508471,78.49087115999576,248.3393244422931,799.6749358592319,17.560201281017985,225.24034050802322,223.60613852757027,709.1202163816288,491.9268894093756,0
200.50372915708948,666.5018250342646,460.4233777255259,50.39461767456932,307.3189139644098,811.7939846495918,446.22493472308946,147.8029984843444,851.9081268901409,172.0330169802836,911.385907158674,458.48314646381436,231.97124762668142,234.33024782321232,838.946449245223,773.9047607492121,288.20948393720545,984.6562219659742,312.64442328548256,967.5004490223243,1
933.8744111319008,392.3709520779777,815.7328834259462,929.6148519297951,802.7239382136265,569.1098179815298,111.54728183397067,730.3450929573239,665.9820062255546,493.81738338641156,640.4103982535918,966.0688097271267,805.1094513322851,276.9355979796501,106.37957560313794,863.872692660296,88.19096199789567,483.17163661043713,789.6655538945663,364.7672079021822,1
459.69779546911803,720.2887790508594,285.78766291163873,673.1259764256438,595.2964736877956,9.114953311290197,186.79594960733314,221.37095240007298,409.0185983964326,129.01218534082957,232.49785696596638,236.10217384291798,293.5373781025752,362.52126458405866,433.8490918426816,246.0459040237315,732.4041681463018,927.2521665538278,901.1731273896999,697.1871136535137,1
981.8546188783132,745.4506763779486,223.27885730515717,19.240504869542875,966.1902948087708,277.91568265883114,59.358056835949526,527.9402875423265,639.4103689615264,226.52136635106268,929.3141301734908,47.774302268780765,260.1881907880739,368.11096188987915,783.5317459850747,944.1942783716895,16.797291554495388,273.00411893233655,896.6040533906985,711.7722484531206,0
749.3654317253598,413.8657744134959,13.97550552579585,931.530129833757,643.8273423019111,563.9475999087269,222.29740810177313,196.9538182021926,205.04689448903522,919.7863300745393,472.8586128296357,842.5256023913665,840.2522321264238,924.6841475095675,78.48483080492241,407.4814467942499,84.45616798946531,112.58747240067102,626.55610297506,286.1680860677621,1
963.8728443832395,317.75457820926545,660.5393219734624,85.88879904402746,874.0389695106628,920.2717608785998,935.4427444075562,213.9838787360614,103.13301908629168,974.370628111098,599.2565909199775,573.8524954838991,765.212016255841,118.20349371626749,158.5260931982907,913.2351133308603,360.7741095768578,813.3056827393413,623.8009955291201,757.135076314307,1
525.3538995111645,30.841603886892056,332.296454523393,219.19696665110345,221.7354880939395,174.6346249445535,308.3693004741047,652.5439458680457,330.4642291002512,58.297666573248975,245.28502046886936,268.8740019676541,673.2911153067726,79.62561949194924,253.53520180730206,243.44685311760483,498.0063458981692,572.7700785217601,319.6430667770348,100.83443681922988,1
917.4553668137577,952.2311417918562,684.9021690301054,280.9782892798954,606.663370697986,783.4080482922488,243.61528157634848,927.4714043665327,760.3929299560924,394.5554630214988,205.9427367807307,527.4211111978693,551.3812118257234,366.2006544288761,643.1247628085422,792.0726486387618,349.0451295285596,809.8454939547884,659.0385275159209,706.2289506163642,0
406.7716037096308,363.319184812559,994.1267658583215,508.0622545245983,401.8423876988071,592.5380061348485,2.2642580594923745,309.65555463642426,587.875850069983,798.8233621640657,843.8494590644558,34.580356395718105,228.6283618453917,939.7802491492596,450.13550288378866,146.6232888592538,528.3602407706046,241.312295288187,157.6936132518981,855.7452629538396,1
211.34409456407667,945.374203995935,734.465097233565,600.423297336386,153.05671342307747,582.500356477696,196.62203352207897,924.1272787504851,759.2967165119193,615.8148225136953,199.48646572452245,946.0589845008527,231.5460878452228,863.5827109031706,152.76180174820576,315.2935265923241,414.27157154192815,782.5732834481819,708.6258844592711,695.6885688855469,1
404.6386111776242,271.1621465946068,361.57291806304494,954.4366529068615,173.52092524268846,901.5462256484305,380.8002789599866,741.5027713637446,336.6060294632659,469.6177435077865,123.71638318095435,467.04370537279505,234.51757452989486,822.3042218782258,414.7148979439289,264.67256435856115,785.7673682808119,26.425571935710046,960.8056273952244,87.54267054776976,1
727.213979216795,669.6154602913359,210.81407512559014,312.406171766252,865.6432603806423,459.7488180544863,295.1969108070077,154.35782868288328,392.89696341210845,206.73214338701897,479.86194257130785,621.7303897306523,738.746388051477,463.55724647337723,164.63002911545166,283.5188110185961,647.3691731919597,808.7529106598982,388.88529069975374,737.337509227326,1
850.6726670227439,102.03472504952038,118.00171343629783,439.0646188409325,618.9191156824219,944.7060699118316,518.4412438555341,511.70608404032004,340.78841782492253,43.547082359147396,732.5754577363053,826.3946854430302,315.147269336953,550.8120225387481,941.2072328770805,551.2133301125284,621.3484441857303,442.7290380616714,454.50742719846903,916.324047404032,0
759.9266186084847,791.1309808820429,62.15516313362346,59.35626985027476,457.344810468194,574.5401229581213,419.36969053295536,310.29111013255516,816.7289987169098,640.2904000316602,35.4994105127483,365.49789569316425,549.1672594222076,97.33100649033865,127.59385654301514,86.16324818337972,461.5942311193877,514.7349950157238,89.67087906141558,743.1051650250445,1
642.1936132071128,376.7182556631572,575.5198882883251,422.3426211340281,518.1391667470784,423.14230713308,817.7913359333631,221.42170100565716,816.140559376682,554.1966025288647,56.66771569168427,622.0115253272601,844.3714021422473,301.5148029953626,555.2401297789847,27.91456664050751,626.0553988707359,860.0633132889521,664.5718010721486,366.7633983295948,1
228.01428280003555,563.6079234972726,342.4559174849432,72.23742480574136,546.7065038133347,605.4822395624562,298.21543642273605,511.1556787437325,54.54174708948789,287.17746272378986,149.56217187613774,64.78484090356696,497.35800577924437,836.7524723499973,139.35776192923998,498.96879984795606,544.9606914464943,604.2624295842897,151.1846282447532,539.4102728632123,1
119.99916084539919,905.6786853435127,207.41771595155544,249.88119030032095,250.32488091595417,837.7534502356195,324.6345716792086,915.3489847272834,78.29283881052807,349.9391387157642,483.9011092911335,932.8791721478703,70.69445544250364,552.5983369404221,812.1243937794958,688.0665061663891,740.9863731224452,330.8971188739287,918.7017499082892,426.2673091814532,0
598.513538352925,232.07076565628137,884.3528115949516,550.8869082793929,129.71558037561903,271.521652177375,151.66404882329266,946.7210358735075,913.559052892427,996.642353639423,967.4545732836676,511.12583293988,180.02778017596356,727.7043683511331,287.5895923268663,507.7710554611199,991.0230475459575,693.9557869538468,8.153538755746204,634.238824478585,1
50.85581419755736,950.0409779587566,803.6425799605878,61.15810822100776,573.3184233273064,994.4527938364303,544.4098167058299,664.2419032714663,982.9887666732491,925.7912561802664,227.34114841375342,24.861747563849512,990.0371717367441,808.019496814436,885.1447656521361,901.8456951144227,118.92851726002851,532.2782235755179,745.6345792809045,453.2462044895366,0
194.0568990679702,60.436422519974386,639.080301734628,411.2675925096941,531.6521983115869,372.3553868748849,210.22092909702462,494.96355297884355,977.1195133970315,659.4690684918072,732.6324530271605,10.504383567461195,992.6906602216944,239.52188622091762,289.3045632044662,814.3022275495271,247.94389313686105,653.1354289457281,201.43635810417905,117.26760597439068,1
795.3312718035479,653.6994365356475,153.32955868692932,895.5744011855957,987.5967599455132,33.74009148444901,991.4091611716827,404.9506198137692,874.3094724390295,109.89414034335654,660.3005214558897,940.8883522860604,474.5877339397226,475.1404677296365,749.2495044109066,821.9973255059106,133.8398712155472,443.50513848908327,2.2027301314307968,938.812036201342,0
96.9809606739509,248.1080376498428,639.5081023122227,332.1352542736338,383.00060269955725,327.1654207619864,381.8409405007177,227.04851878246103,640.5269919204937,124.78418903567301,321.362417092932,566.7039699974376,748.7957970589523,433.9832303060109,559.3192387568838,547.3614275257031,676.1816666969517,454.71836158216314,641.0582653759078,603.6121357812872,1
949.8558852725708,376.8471512595764,922.4425420253499,962.7730215987386,620.2404873692382,507.872884654476,820.0405854379397,168.3751516448596,950.5910162921563,841.4715800209425,677.7771036809056,629.0358407093411,672.1387597200528,539.6267386875928,71.06446221315655,933.6054346339406,545.0636838359812,593.0710349381019,596.8349160768441,736.065155475548,1
725.1119756447184,201.89714910684032,630.2200050455804,763.4048185212114,851.9587312863766,127.72273760148745,552.6622216971311,437.5527598830923,665.5804895148335,635.5064127543137,123.45233189721627,193.31516402633088,825.6438749841639,162.61322949383072,238.154020389299,223.43716953316817,487.32958146729624,855.4466196213272,177.17542539788,298.2701050364395,1
528.9470423675386,569.273177946277,769.1112192007428,655.9235397971695,356.3890487740543,591.7421285629537,77.20112149351021,912.1509696013408,781.9800272622267,156.72989852613682,648.4730473736299,50.191386160855835,188.65353647962425,956.4069497326644,194.7544982382202,944.9221383665036,198.71987402995072,243.42138541937464,570.0781561047211,272.8430492427183,1
272.02377919339347,414.04201123955164,391.90677615091573,477.22486040098113,713.4042786758039,728.3536291108337,661.790645606434,261.6898610571452,800.3383951071523,356.68165140825835,76.63976766833802,778.7696771982404,860.2229122178263,814.016767629325,439.3162224337117,998.6770830174803,987.9577790582566,828.8386560823278,931.863040264269,364.0334360029883,1
738.260300903067,670.5439762547268,497.14479564888916,896.4109978004848,228.5658199899476,385.1600169047661,821.5258962948333,753.1683800964331,563.1092614241029,198.5285714638274,566.1005480300887,696.2578076156885,997.3324362261475,487.0882577538912,982.7890835736274,832.8162823373381,581.9763922724093,984.0675587665269,310.0435040246956,462.3577522835475,0
290.9920025667675,200.8907197057289,307.70077022216293,621.694918538766,786.124161002722,385.8443013226819,494.2304570063061,595.9182693194468,133.47221310578539,921.2991536304575,39.24705113402038,889.561187231465,944.376264122657,392.4541630064172,582.3937602786785,1.6872331850071864,91.63016792891099,759.2710302295685,294.8577202753304,662.9939451835925,0
985.7518613271552,794.1997019376184,222.92333523912234,337.08773629608055,662.0147716604548,241.39228998176165,982.4229899159217,723.6503010495941,40.25107678588591,271.99744198471654,367.1136216997407,91.09653520396843,950.3409166643904,220.41781713992137,714.5687773905972,148.4366792750379,751.1747633175601,21.867029815469728,557.4078299179547,691.0744928275168,0
801.2198439853972,870.27431518608,196.15489300862166,145.42022930704178,160.4699061178829,903.844853196093,763.9476707886936,53.515810803757226,90.36519333526283,405.62814724706266,367.70520872100076,698.5867318916908,762.5881944898553,639.1717851852466,500.3130127079638,14.815465944873264,67.51543167720386,2.6542492078382995,660.9827449823634,168.65486888945603,1
892.3448190624852,202.85218186830235,357.20022348055824,361.44055701682265,668.1518283550125,271.3913251235915,125.26546422485485,206.36291692176766,319.82424883778936,887.0373986735759,383.84665188885936,311.4120897261034,752.7047345789626,235.70099459087857,843.2484843757154,862.9944595856867,963.6725525916493,869.3508214454087,472.40462477765044,741.485568831489,1
320.26471186464477,115.50849182545298,460.1496015663128,582.9184858266133,199.30624900136462,392.64800674315336,43.08496130439576,342.4413709191234,161.29389146722062,742.3367443144556,40.15720036253689,273.50585516382506,904.9586677698979,366.5656270783502,675.922317433057,656.8297977403926,682.071362049456,499.54696868247584,604.5416129123098,253.92223410027725,1
943.1020577356387,895.3181641265708,901.8204215335,67.28518599553534,48.07300086284327,593.2278031049151,954.6684722720994,388.8576562710715,964.8397762390699,966.7640402517219,826.9095318159491,901.204304259838,872.0781510023799,700.6044084298785,602.5424294620376,66.22451430517407,318.0553346012894,374.36497441448023,685.6600499962815,841.5248109014555,1
862.4603706514637,651.6821095025422,904.3945314092354,81.04930710733859,649.2598693950503,720.4429295781993,849.0216399209819,234.2678305579986,853.1832295959578,162.0858712404134,139.28380247610738,971.5578288207747,942.6436503131314,368.19380244936326,182.83393370392963,813.3530932730463,544.4244490838338,273.185968936985,163.2339627364301,531.1233026604059,1
940.1617280918157,875.0670009034332,509.9518665172582,534.541973779674,622.8125096643976,272.64620672113296,854.1368286578625,902.8990942370241,957.1793845963815,296.4239482242414,270.19543336028016,310.590267034092,673.7063459366242,697.5744546163269,301.6410228175851,645.8484674252242,308.2590571707111,859.2880680745548,880.8670098407981,508.7373590019978,1
65.83313997180696,593.62675747457,51.28146815469981,47.34753957900462,546.3869165817347,388.37699041293183,668.6934911215203,291.07720165784866,599.7210741720237,667.0554981659984,339.73475691876365,740.8917500449123,301.09562796565024,469.36634931785625,502.809481602058,94.3074538173897,32.4654593997814,677.2415020135857,175.81125056289093,301.1656030234202,1
282.3349249206597,692.466472650301,532.5959108414921,969.1039538870831,43.35485129762529,80.63619250419585,663.3199037232937,856.3524026555549,29.725284421421527,358.76648930074117,982.867910782616,53.600245970900964,333.0015305006757,862.979806510776,701.1114477004411,156.779577891512,771.3950263663776,738.6187963596714,888.6995539892918,181.08862018017348,0
221.46892327999424,14.564795597701519,422.4815578348814,654.2920823714423,815.930398292365,389.602274584089,845.7828124312015,371.7223902972638,0.7027854115195797,705.9260258306917,652.9843164412591,937.9147108154089,276.65140405242016,304.818204525372,875.6182751402506,209.28935079189813,683.2537002755795,747.9593827219651,870.5603713535118,962.2191857322496,0
455.80296835998337,636.7535090734774,472.24480640317165,690.616107418569,932.0951911330378,232.9173604386482,171.93244504117934,538.4599882143939,671.2102581336029,486.60318742009235,178.4808809348565,751.7073595804666,272.7593960516024,236.23809233635995,970.2348555352688,36.0557866071316,65.00057770892941,899.4693744333047,95.8008822022045,39.35299879043319,0
88.19797620225512,727.9773438693851,488.40738358776395,844.2029720035869,393.84839541752115,925.8269965524701,154.4473380489443,455.44964149688536,559.0362780905557,408.46413763078147,519.2060343395987,272.57461352341227,102.10841923456626,84.42721563999356,119.63343102985003,37.09397765933675,956.8781242259791,615.7655713705485,466.4118848239494,668.3340585047874,1
985.3439852343365,103.52265076392153,713.1850597111205,768.4913756882206,750.0946852754128,388.5690143392053,334.61742385418313,164.7743710327676,760.5397446020484,467.9111025232505,619.0801605544731,826.2973927831965,869.9331332821771,91.93531403684374,411.63773307022944,372.14421725594724,581.9307583911548,565.0386207024967,216.07174101494618,777.8819133871503,1
747.5151948053734,990.1112894585149,118.27617073928675,161.37214105209154,392.59410620704335,182.53860058515681,993.9116203678353,344.61557839407953,96.770775098455,359.10619585729097,277.42528775436216,285.1582213477104,50.73210792918026,742.2581485113278,678.6162975804151,188.83524222147906,469.4427574408883,63.433488719646604,662.052105766568,477.07950879216435,1
188.18730283024388,984.6412925481407,924.9028783208032,520.084819956818,942.068509040938,369.13215874353,379.4957332289596,713.3682116292387,713.1503186021993,28.355206677371015,787.575581248953,572.0477576161684,860.0408592044361,464.97409660924546,946.5011571292168,163.91382029763312,252.44173230979894,183.459536032363,674.6367017050843,989.3217044503292,0
413.439408806075,186.4954595910151,885.4930772018143,358.22247474576994,457.0145598735852,524.7983317972845,610.5159390661634,861.1930897210149,623.7994945521212,241.85128959299863,994.8688119611973,874.0849798127729,231.11346810379507,188.348114605846,141.82431287644027,942.2402552397826,493.4067046264669,543.8370077476932,530.6443148659451,529.738559675318,1
719.2175795883386,138.75403514389063,707.1990155914476,866.6843507070256,560.3740845717879,372.3068275438397,907.11688466293,814.5691879754435,440.36508460164004,86.22249615689125,476.5843169267989,112.05052685383221,371.0865981561754,72.91419205214811,728.3179796255766,775.7562293960269,839.0576104449148,532.2472188548146,747.8364445882122,420.8558059074949,0
620.1382783988114,255.2813178744954,486.74936620940724,263.16011742508425,621.1254183177114,980.1829475624987,295.27599705656024,534.0779565698256,279.1459674610005,689.1368244665789,64.84721910873736,653.9895220867862,971.1179257640395,715.2104663109133,8.436078614151965,115.59105372452683,385.1391441276876,724.856529818121,977.6707245719491,2.7880517124438953,1
196.06787020574558,114.86927521871092,538.7629559033369,306.57980886726165,897.1767580914972,957.0936944160613,342.6126894167768,378.76141038509235,288.1842874771093,278.7003272497622,41.49829084914614,665.1429856301628,630.8977650978568,456.0610095494604,234.57539672166217,338.5928844983123,409.71535857457474,846.1462616024351,617.055608547891,712.0789194720516,1
392.8880456185583,535.6412765372478,283.3671137175086,278.27069863006005,562.8092940763916,918.7328452126044,46.96555935219116,913.2791934595514,626.552506394239,281.7323885008918,848.7814477378512,711.984411438674,283.9722266291636,594.1613119147656,966.5892793257779,573.0687809576642,618.9062118688917,342.30154840348035,857.0788435599248,903.9790840402519,0
501.82779801701025,392.23084871852245,219.99903542597542,177.95206279061048,71.06847912226155,793.2076910342976,746.3880055452461,285.24996416369453,363.40119107581137,435.5358545563187,699.8555037213218,923.9283406322146,934.9541588823499,450.31489801424385,253.77977631226156,388.52377458405164,6.951672390967278,812.621237630208,613.9700062716367,408.5136363942661,1
951.8649431040019,661.4660984713179,367.15687996348834,373.1750664699159,938.7457022023277,540.8158957701761,704.4858868512921,891.7129007659039,345.74358962559313,177.96395022075984,245.3069675209054,231.10905733661713,992.178701841662,566.6187981351695,85.99004372152619,878.7443035158932,556.9562465940724,303.24177977694444,857.9465700604032,397.2336085064393,1
484.24164176533634,280.89954962412264,257.3104936719857,833.3533819567389,832.5265703974504,892.7059578567342,889.6383771308924,579.4385753431097,262.8546919436903,490.61694648686284,904.0799940030233,287.50739689687686,116.5536096408869,447.2426319916265,689.4096603070343,269.9623355036837,719.9170785785511,227.389545170264,144.53436498660278,654.0218894888905,0
533.9525070140097,650.4234555200567,578.8245400926036,132.6656869912287,21.572281201972633,834.3815477959049,608.0855770450822,451.95635486471065,645.436077756454,696.4371701604451,773.0508350092437,702.2646910523973,574.0458920915277,894.3295866889267,258.9109144096885,680.1621276358383,38.59986181177666,92.05017725917808,934.3638832247527,797.0004054861499,1
410.219547312491,508.5559546170663,884.4203260687264,683.2064900304432,712.7126555889513,89.0978110112729,16.705580390625308,550.3492131987001,960.1168057897734,991.6862069260262,760.8975854035995,297.5805200918411,83.99849026277295,787.0074448115647,275.92939495286237,688.2151959792719,557.3759747590315,421.2337388067688,752.2041001767666,927.4785208583507,1
766.6461576123295,623.2272257476723,108.5026300640547,323.9559559071655,638.7638449867076,872.285965305429,512.765348890235,269.69660155529607,957.5213490097498,106.95287364753247,311.60845248121996,713.8343034217849,57.58814942299551,538.6575034955409,765.717559519955,129.53071971507046,279.8787925948251,856.8473909094051,995.5259772320289,323.6824620503268,0
451.3385932365709,339.4637502838204,333.95260480066804,916.1315132345466,583.4725011744241,143.43060678320163,565.2488027994806,850.5696541379556,695.7337090913599,416.95099823906725,952.0153831725738,905.2971349888791,746.9195672509202,856.5313855840294,503.7455785439591,190.51311454408105,702.3024072901767,648.08391036925,316.0731799921556,380.61115307086203,0
698.0756927303732,40.66135606818444,747.7672003563323,780.74671567604,849.5613621212984,954.0609059309083,157.62528482107663,732.755872883579,288.3973689501823,351.32744785705825,895.3040171332533,582.0776833184035,615.1296765575889,405.078826155985,128.00884905242484,792.96657772603,763.6913840133418,340.35410852281734,812.3622540230592,124.19548177664996,1
958.32073650599,82.260483372528,667.5452146375371,397.15252502987175,844.5798295021024,45.521761747213006,44.605073307142476,196.45940998000688,38.51349133404813,298.91344460473823,328.51709137197463,64.26781738783438,281.22185597220664,470.0212894471274,518.2957689282402,794.9918211503752,654.0490492501549,717.3447027690346,879.834499554048,289.6459188629428,1
538.6689476041994,762.1356745997994,248.90386842184697,5.9598549071504525,443.32830752304983,350.5658082088766,565.9680153349341,104.79496278829836,528.9500486787666,989.3068663959531,983.2273078188827,449.3557834480928,211.39619660681487,209.40871470985311,584.5582533872246,116.54624083498688,237.5835216621245,887.6048384625573,980.6269571232527,322.35250821711537,1
660.8115946797371,685.1128478335664,769.3743811906704,997.6030039674596,657.4006652019758,671.6665156914389,68.93471717772992,987.983626997205,398.3613177398406,626.4756776793656,91.62426863727447,930.9861124611664,289.6881058972698,262.1875551112856,704.2340464775339,848.3064878426659,228.74049909466854,889.6108286611906,878.5777274500847,931.626359350918,0
870.4999344785006,915.0819097799813,465.94176244376075,12.948785263086515,55.46146300383681,318.06613842156673,750.1858401840218,905.7717052013006,856.520243339047,840.7578877955008,506.9538190736671,544.0651211042111,174.85665016252884,210.04743298865912,232.05924312628446,637.7603365780544,725.1836811836838,9.662363499569393,146.19497309495523,782.1509296498901,1
715.4453006334624,316.66823842282156,913.401081520398,292.4486140192553,405.4871324801086,306.40952353729244,766.0855510753918,292.1485454653693,607.5136014948313,140.29169484865133,502.90348836056,575.9871316263759,630.7437111294272,288.68069889958514,293.13021887855695,743.678341881662,263.8473230209963,101.21232227139475,266.4582378781144,299.30441342009664,1
905.5152888165534,253.80949250550688,883.8442091671957,18.061449851366596,12.269636882785706,520.963854273212,713.306228424343,317.2529597098817,69.36239306525371,672.6564904094956,469.5256438856701,417.32093966760897,847.8097429399618,171.38407739509998,998.7631151433131,613.5942929605467,348.70885901441295,298.54057584762273,450.8491108817171,722.2257729090229,0
167.99935563339642,364.2147097193975,201.19086991411893,115.9048658273587,8.88465534337679,372.64899762203976,498.3827016844321,20.489707582448613,414.6945682646013,797.6491984749476,804.8341838194067,800.9417361834944,807.5939768254576,906.8464752146045,322.1989988944464,18.24936982002523,30.33514172157925,286.1557127936295,613.8224751596407,231.8093793664363,1
816.9877798763247,518.1319229745742,6.521310597668695,683.9001966785986,160.1508428673696,270.2853505860383,373.70250559314843,586.9009410609891,346.2093217434251,92.1118404544875,12.23584302319991,800.5892456215961,25.847350560660786,86.57584427081389,835.6088473997534,606.2370708164935,49.84185381463679,621.3899586751207,481.0665904002829,899.5685183634702,0
258.42255671603465,429.27630439285537,297.2028634928784,48.73336999642108,571.2538865096757,313.54161396005566,764.6462825142445,951.5082360447996,496.8577858185502,343.12941720633904,98.79920107826246,253.90852002334975,613.565491819324,553.8729252031931,210.26637633081958,654.6556293629292,645.4595629603875,230.85921721612135,239.87336607186904,12.322500355779976,1
727.1394903439086,786.8602090802576,53.49424763835364,312.08670620157454,241.38844270107595,331.63741414681016,229.22505736004794,589.8465521748611,815.0769518875494,334.34858923017595,981.8655914316614,241.49554660113935,793.1403558724044,58.73789819982211,932.419464425236,686.3378921869116,467.0678012698439,644.5091418195203,267.5191835237798,875.1116436687173,0
774.742040101403,888.6809856254837,845.7021247452701,146.49905968947684,803.5195491142127,86.12515364504736,25.936732831337793,332.91466256687943,460.6311828735925,157.66916031362166,906.0787085390675,329.7416239906973,813.6946350866014,378.5032376393116,487.377493023442,889.3846442106355,314.24068952397386,219.75062865717942,941.0132965704049,487.77239302807783,1
55.43159010911658,852.1949413389569,834.5184792359532,401.87802126878114,569.2331463117577,209.69524663769957,95.5593575300986,522.7860337833064,157.07723531932194,573.7935366638144,735.7571072219347,445.06081181527304,614.4811849131798,997.4595096346612,914.9844273035949,75.32693579727534,109.0865819319904,107.41725758363008,984.7184520788444,751.859399562696,0
416.2263438700242,540.5372275682687,295.17369591801025,14.133185644397916,83.64817197006114,375.61556744995295,399.04928541003693,638.0588784674597,533.0983758105239,457.5992776645097,850.4278690201255,114.9891848180592,549.4137058828703,365.7875786456829,976.3136495711645,892.1537762026658,192.64099795801604,876.8762643897278,125.88617284248804,609.2123877460405,0
74.71907569982928,80.58085191756214,797.9002142273249,601.2616274864811,73.29127885948783,659.1232003685587,871.6515789471373,49.280640609281164,309.82964928400315,304.11506087413164,80.37502106970452,868.0711138948976,369.6888127651833,197.6552126233726,902.2484138454432,893.3192701571193,675.4713272113958,364.1394895716934,383.47270328326385,991.2971021871098,0
237.58714757644316,385.86190200067296,426.8556848987447,820.2222927532598,189.6218889520741,430.33360625815476,928.1955180955005,39.10056846026211,370.4455891191002,112.96930478477141,214.09680811384513,802.0637321717601,162.2824195596012,243.01002514835267,44.225619989284425,795.0864477010534,195.66133470877023,838.615319520707,669.0285227023612,595.0769631014635,1
476.89212541645196,42.366397840530645,251.878491450652,461.15802497547185,269.30946001104263,996.7139158814631,87.47510241686385,333.61825421209136,919.8771963884712,460.01062132498913,821.1012250528323,606.7471930241809,458.77882070429354,535.7846514402089,732.9155644265956,451.46298110173313,636.2546298888183,259.8516040101367,240.8292890820962,565.2194246451375,0
315.8398045665205,45.236032064902346,520.9185555816731,258.60583312485863,357.7370417987654,857.432519980952,687.8541624185708,993.8142141000134,966.8066896982386,650.867382815597,15.423813912286866,70.47546091082535,350.1337373755681,263.00487384082294,202.51703751710082,456.1277910767115,757.7111570070484,898.3394680442796,128.84351868376675,569.5352371152735,1
96.9786095394618,309.82737836500905,258.1563477797092,897.6261757081296,235.66309330207312,318.2658307384884,776.6533120816896,122.48248171247755,517.1792503509458,348.85829625603304,842.9733039038201,947.745925448795,747.6390380932926,576.7602325749551,518.8828135973409,712.3017348659669,692.1900940611911,346.5478163764255,754.5173479154547,498.32202624935263,1
994.9924230935532,217.98418917273267,727.6847843805269,905.233789665514,868.0325258742614,643.2238347936475,58.38507293984674,420.1211547848459,351.9766636373445,946.9091989632159,117.07229114144569,591.3940907018145,224.0374808085408,680.5290901965909,301.0064366720451,586.5905626031879,507.9260098467498,338.31470674321463,849.6173284331525,560.8849391969059,1
758.9193237926254,553.6945194021914,517.817537399585,261.8909801031798,294.97564329004757,628.5191008829585,340.53417430240154,54.09282161013584,5.25260263528049,474.732774590228,660.4506348504678,92.49030683094428,805.1270098541862,709.5452860330179,827.6215444003092,141.356462111797,441.2337738089955,171.3284303904562,964.5940748132549,16.770621255119412,1
171.10752404725238,683.5389563218895,694.4023118325615,4.20192794236951,139.73039460230873,123.9229250174938,164.91066863164727,313.23843189867284,679.5521862900807,567.8860945763802,81.42419162339843,244.15167127230052,106.57832929212141,106.5876920305282,932.6489029270892,426.4461950029712,366.6131088770538,853.3281775367677,138.25892218953462,356.87345780871647,0
983.3608528175937,951.5669655459258,294.7363037199061,67.99521410472565,282.37367337788055,855.5008170160047,861.1412596914367,231.30939834180597,965.2264295826091,159.5537728047961,582.3579666676114,761.2679722172128,740.5526097894419,201.751077994622,716.8067074048855,845.8661282117699,111.36736566544359,724.0257364143013,556.4736377320216,24.843607008774637,1
961.0090563269963,502.2720940530497,38.17334614323631,411.5846394462764,509.1526436666911,947.930617085102,479.3027754206689,903.956310775042,131.9399062148011,615.5967543280163,828.9057064051073,570.9519831130042,647.1377346991671,82.69335249705834,212.04776711713612,903.3217274057033,57.959096411601905,990.7736796812961,836.9261739324529,928.9338956792205,1
37.093351647867536,144.25930619923443,243.79292920641882,820.2677916031379,888.0886858603997,736.4791893232789,694.40606678297,378.8980812244901,801.5065461396512,162.74350960179484,562.7871737998097,651.4311846396528,276.12344266409684,118.82754187105415,403.0436548137781,400.7649709009293,904.6551892058668,258.87212719032937,672.3175974258494,865.3499672610812,1
23.757045783436183,367.79027320755574,789.0800418725219,322.92465947733905,76.86439479006357,462.1988585119047,701.3062859268392,130.75455266003678,188.98489916605598,776.0763903758416,854.9776125448145,826.3113667364255,516.02232274793,218.01343610023162,593.1342698271363,355.6511891446018,494.0688664810264,438.4681681445534,828.4247725054546,571.2837459873688,1
302.43694936727826,372.1264402961999,356.24919233406206,177.63168404535224,449.2247327673036,959.0855176009858,477.07704188929023,513.739614306727,407.39607689958393,234.26654150049876,687.0325925726598,98.47447113381035,658.9419617648063,400.84830035005837,575.5364412647666,863.6964240007604,614.657948686822,385.72786182569155,309.3449313844627,306.5414869418199,1
613.3780095837509,968.60775654548,579.1205384002309,814.8230399612011,232.99073456854313,578.5379982000792,991.7546866571438,100.48909808464134,336.6286038293533,443.1962624001755,729.5961528458628,117.95771499035712,671.3423459464883,302.59134942042243,773.7240421492862,205.1981463081386,373.65226326981036,342.55893403692994,735.5208657680606,734.0411493955608,1
290.57895725340654,532.4794506079365,964.6223864997386,976.6555906073603,575.7850532355263,197.83651552229975,276.98729218803817,807.0222767077804,870.8685115781764,116.34410873243905,728.133599185722,897.8427113156239,161.455147109664,882.6407039344997,166.25513026558457,818.906354021406,98.85972559652679,937.8351271116671,651.8019828506565,147.2375446744568,1
43.829107637287315,487.8297635069855,984.928078989107,529.2618194345474,224.82819926301767,362.8161334366086,828.1998747622772,862.8571713022416,34.50140804619073,154.65400301641486,441.0095635055785,667.7103483325923,488.46486162498246,231.06831587233967,701.969334215736,256.89253986829385,657.9585721911859,358.828165619094,401.44956427764845,417.6442680928073,0
395.6220828784976,201.24464948296895,532.8992068049032,806.4714896685045,733.3515051002573,325.68489112524844,843.5977897832496,629.4103595862147,946.5794559291505,614.2658748473049,265.9635149949067,267.84003051525127,964.29614680304,584.952355651726,132.02904124438052,848.7818595111795,83.68131532049273,346.96553721905764,978.2374042355731,790.6337804185823,1
237.01782461017152,618.3161307697827,456.8220123189448,861.8345692260594,393.40092006683403,944.0761247292511,740.6423672518324,943.9878517735186,493.6992272840934,419.48836080368335,891.9161376651326,84.46517795013375,274.91319874538766,621.7063404837263,211.5415897279055,781.373425930408,609.8353525979263,636.0178768765758,267.5862374603156,464.89552397405777,1
898.4452569088791,399.8646328690141,25.93117369975195,622.0345327526373,475.4932445100577,200.5348924281266,56.80785520301945,897.4395347439806,416.32852958300424,476.89051672826145,540.0203217128634,432.0688060502551,547.7474537573225,528.8927046531109,483.9608047341469,235.74997940548215,784.3740801759403,70.07195883007856,764.1444537105531,586.0280475057298,0
641.3195945845391,564.1471044060755,590.708243585683,963.4580452141608,424.5850923259621,977.7117374627429,860.7386212314981,318.2183274874256,363.2954087316995,807.4372936325675,335.9842652412288,177.30936016056077,958.6074316461885,142.04803024394974,940.3850483292111,224.11944089184556,512.9871066940407,517.5325477108983,689.1060624392514,737.9618161867555,0
517.5294955025182,141.8587040818361,515.4842426693259,81.62569725520197,843.5273888274863,622.9232509581329,54.6040605539202,265.47015119067464,987.2802748757076,382.2334079634557,339.2259440207194,797.7083723207257,123.70034312248357,738.0647715522961,897.4099959654728,408.19067391005217,846.1080803863803,740.696999584763,357.87817347719096,540.0879964294663,0
304.2995844759295,953.1193617043436,514.076609198906,309.34008150231983,623.9049827250357,446.70504242811546,300.83131557598006,701.7171977295086,70.52014523365824,697.5529188207428,396.2211951606025,915.237226753387,167.08323729668817,266.3193189080329,212.85656336225856,962.4689628365086,283.6327042404484,372.8325575376972,155.72407623321737,636.7690543593087,1
626.327684875745,982.6529019746587,779.2694944017818,587.012749535194,748.8069310208018,800.99466957551,69.58045447943474,933.854432372654,741.7721678378789,256.6529722856985,496.8666276075071,268.66515484820405,564.0534720183233,768.6168649350317,381.1619906030689,514.6249970200312,487.24725298945515,26.00538825569554,235.42746436589857,54.81315351086591,1
371.45182322434056,62.029774180449415,274.33746049506334,167.67329275199117,531.0346936301006,536.8958552103102,217.5316995530868,253.30138502094556,378.3117645923156,557.8155993868028,569.8302488772844,470.66683315890714,739.4437293301878,155.47740876676008,761.0873316872044,194.65717304243057,296.03666365893224,751.674064342127,626.5654694319152,519.6121312250004,1
67.67598424484756,909.1603416915215,527.1392712329285,789.161011686759,183.2437675561157,410.708126088249,664.3229817045927,269.3130849960684,303.43239480189686,871.1661486183053,338.2864104208163,702.7924648537164,586.8056924951175,328.383356489498,725.5542927587255,260.97907829526235,20.03939615054817,234.9298093173071,662.8836165077678,747.8572244887301,0
866.167809965081,562.97725561466,823.2349150725925,679.9049507788617,864.8800650672484,114.92791227180876,871.0561396941619,891.6925135326591,698.3351767291612,378.73419902205086,763.6453727837716,775.1376392042569,826.8955156432996,555.1596052249707,627.4848308846427,532.0973819082842,285.7070623804504,383.1259927627749,296.881815329731,231.33101495759155,0
125.93887564612238,636.4026902570577,323.5891583019782,771.8250297557546,337.9379163294595,554.7740698291941,798.0278075772178,826.7196021386053,558.1291739174254,107.585796487224,671.8235880536581,987.13520039925,554.8192545745372,85.971415458165,92.14436923160396,368.59795177074596,270.8899054572494,89.11899557810644,318.4550748233818,878.6548198602025,1
94.07345884872565,817.9673264002404,787.5015125449962,752.1329432601302,714.872455401102,992.5714157103545,422.43206153576887,218.10674832887088,866.1991099724457,351.8483943683027,97.13476595141879,665.4871946554248,362.1099002568408,543.8573411387058,9.258660389976914,989.984366631236,635.0529742010644,654.4889506494629,143.66234512985665,641.1917783201641,1
422.693957202287,270.2443998201951,316.48617744412996,751.213645914946,373.67661458704515,222.23040590921806,87.42447823924937,633.08784693763,523.6889054473994,950.1547219607836,356.0021849456252,287.40090455753653,71.61794169307068,908.3826032430923,696.4467532523247,561.1411569888253,701.8472241848435,967.5168257747014,6.076631559447043,747.4727565619271,0
944.5611060768522,137.1274322556767,121.95972488444352,53.503442177953,796.5324736563337,776.9233891328204,420.0916607466452,769.2805680255807,498.00480252760315,596.5063300093459,958.0634196903835,137.4874177951958,650.3624210451043,672.611030889598,869.9492778976107,490.03206030078604,743.7955578732712,81.38860444629015,499.96138127681843,918.7417962246623,0
495.51883137604693,888.2413735592293,61.44241634704872,315.9215032940351,228.18069036383304,158.3237804188966,414.98674856131424,762.7785477313348,306.18430586565046,337.4490212893587,817.7034456860495,321.4836744617421,293.2194194163077,967.8557450718152,608.6017863669396,101.59186069311687,821.821800467091,788.3048003496815,998.3065623747384,243.28248560587585,0
97.90664458118403,364.5197006797188,792.462071892598,756.7893236915867,568.8001610922462,626.5842901363905,360.5102391061966,156.3333744840547,609.6985558503054,42.970442961862254,224.41152011617493,684.2665448246883,976.0690352440162,145.6156156594889,945.5619063824728,638.8296974538381,277.02703590262723,932.0314056030429,221.6876087173053,949.7070328911287,0
671.3378374468792,915.3087014550912,909.8243073711543,766.0053665681237,874.0909363476774,489.47002744926596,323.9764714639698,749.8532540728181,825.385447102417,429.15983770877233,700.3597015530414,262.90446346852735,211.36845416984872,605.4443229450256,390.8207169899215,845.9037951613273,419.3729386572364,963.400198911809,233.08525271064406,491.0133246482479,1
29.344016083758362,362.7172494540769,7.836182298762595,407.28520178425345,995.8748085120344,627.3828433437951,483.94761818346575,87.30205351593101,981.2061473395277,166.5901195709959,348.8820237400474,400.2671341330414,142.1589877573718,196.0896077044555,798.8234497419861,4.001666762867617,314.3126696257772,894.0219450691785,619.309482797137,533.6951184102243,1
238.2560636305071,319.43381223945255,417.9820381245073,581.0613042314491,865.513716314783,11.693865673035653,137.18959272778275,982.829216314994,859.5767665135643,55.637060191771056,49.728432798614605,664.4072005915499,262.0347723104537,241.4455376849024,512.497532379215,577.0339875857487,7.15157907362618,818.2707873346717,349.6624392096964,959.299759839217,0
187.7661042655697,991.6029178126344,320.1885012911565,451.442521707598,101.5078637291974,992.0081610895469,18.547956042563207,573.3873562129562,954.8036059806209,521.9648515491451,831.4360243464514,606.4454720874,203.53734753729626,433.0660112367366,777.501666995442,443.40110559155823,740.7952219285513,258.10685571072855,413.13229932475735,953.6776611823753,0
826.5277471713871,356.80139152062765,547.9682913028873,337.7102900514517,734.8455387985167,732.445756065871,770.9708436789938,976.9690241938365,702.2302952579888,268.8709801860103,263.3195748057713,176.4097202393914,203.35942045396305,655.8086702307171,858.821965339686,341.07360112367013,701.7175029339242,668.9946262963118,901.9509573370013,4.888074725407532,0
452.1783292843181,865.0129107837803,236.78818719162143,651.8418154343356,102.26808101966034,815.840477235628,380.91750006321,621.6782574652901,440.32778625797795,570.0923244170722,874.7064227443975,404.82077985631304,892.2226936831605,826.6642264340463,133.42691853817334,914.115004961798,936.9961529693554,219.1702666677372,36.32173662079041,401.51592208181796,1
561.1851412371115,940.9460522409139,899.6318586129032,71.45566923700596,712.1273520533125,363.5040987789242,556.5814262731218,317.2601519505985,1.5964752076044197,379.66388306411034,505.501403948747,290.0941548894181,731.3011640369632,662.6196348724816,668.7853921073118,341.4525149520906,686.4702128309219,638.965065358754,784.7847882924551,192.01544961352212,1
269.16848609513124,95.53031353549346,609.8762350705041,382.9851606477046,347.8260035770883,910.9963430139713,836.5386434747971,28.072800261582653,469.6802238616414,234.1931563551878,99.81892219294575,98.88108378350525,260.42408176978836,559.8308144922321,336.7804990944411,206.67642866701385,635.3401393273167,383.03002589622935,552.1393130355533,992.822436829176,1
150.10251666233887,863.7552439707099,66.76663107010472,84.804895518644,747.3908445630643,563.1899882268048,267.38493209832717,752.1766605322285,231.27344086208257,680.8826985955518,296.5625481526343,937.502081099363,171.67180394762306,93.63126388520094,421.80277046838523,870.8486990877064,304.5128905394042,428.4121133319593,825.898440031097,225.68645395696586,0
327.9267824047294,231.4105082824991,799.8192746881858,197.6202085366253,38.95070159195902,172.46834442148685,778.0708302115606,213.8511616443699,471.3900788894636,24.789625246001258,977.1048673016085,671.9682249254582,965.8949456562318,620.1075730557862,50.317157578172896,648.6993672729384,916.4758560191945,352.41108002769516,920.9918626306701,266.58094597251534,1
376.1109850968064,498.5043927652832,781.3140787381589,966.5228014976011,507.0948282625739,506.01235648263753,618.8771157896952,839.56605905314,470.7222443831416,252.7636050748885,178.67403815029903,940.1806876793636,969.6568994919865,200.60462299613403,371.3107314894508,589.5370318678227,871.021567370867,838.8754460373002,712.706081168158,814.8531106163078,1
930.387632851317,953.4324470757068,918.8223604644368,487.06527134061815,609.3632427665949,114.28852464191996,589.6045112320581,771.8521964204746,935.650633482573,116.99895418599704,611.9870734459445,414.811128265983,817.5221218929563,387.8227713089759,19.260220281299812,701.5340649425982,846.8010020976043,249.8920739554097,836.082990252322,121.21510446671657,1
857.637701950701,602.4613909918926,128.6720367828984,326.2102047060539,2.380341514830575,115.73223427808321,874.4606192538332,448.0332489917567,222.07329956988798,413.1760675821161,28.311855740661862,622.8891180382183,719.0274576741705,796.2987110604239,45.638408799051675,246.21464252011683,158.3345140379153,281.608195278822,616.4769101010949,23.650018902178438,1
839.2659461670568,244.2985803170875,536.218787937628,119.29494744142389,440.8048652306711,877.9986674728906,862.1624722791615,91.32990191812718,389.9643016236504,928.2878475493727,488.2395156510694,364.52759203628796,488.8066776056944,63.68080716766333,235.05140834852634,117.46744538657272,232.51869584864647,832.9438356699517,800.7541343514808,40.0700568988841,1
287.95457392893763,380.45738013980326,140.26696189515653,826.6500446589972,554.0759811831424,239.5851703948395,312.2350275316601,16.75410686509837,482.1885897379585,495.25781430955874,472.2327489870528,514.7645764818612,220.34082631728347,337.93692659683614,17.4208524321795,870.1561764091821,592.5283494064664,697.9660656395325,482.5636854015426,34.50635720623174,1
699.757187781176,857.5455149377293,164.61952721413965,467.88386239407333,709.1528312965736,787.7879424914685,118.98006838512177,107.27024856025058,338.52142348296957,250.9626764944687,399.9735207346109,117.90328221876867,21.90143212304796,447.2067310215439,658.5219391476554,853.7193654221146,597.222245404921,994.3537168448196,39.12118746056592,41.27584342667245,1
898.4977179366681,562.8579933216295,575.6391362134551,576.9550460995736,723.3357995203594,695.6036870247966,6.059121732669315,515.1097396964237,180.3726988171731,964.3386922030547,693.5202082443885,99.03948890780379,547.1393092982106,806.7139270702365,603.235447740491,629.8421727375702,711.9118867992494,911.5013050365387,221.99729847826077,996.9924336191115,1
610.9597608612834,385.9696802865601,596.561292688891,125.27336754009511,179.408809594532,340.273139559923,427.04106381148745,271.6307500167072,579.5522374770436,743.6506168244266,567.8312614172783,0.9306388807708288,970.5572765589093,695.0020457071195,734.8600222986505,877.0194581034165,458.39740460818456,88.74160944251574,478.9437243440527,305.450757544932,1
701.1585731807953,613.7119713794065,585.6306014194358,660.8795545141086,780.7594879262903,755.3029408044456,399.7145559569183,918.0487798384869,552.7895391428987,910.3373632986139,542.290866795935,593.5521205487695,552.9835724462063,802.4973477436642,602.7091852344593,607.6435218543285,547.5146190765533,235.6104593189583,533.2222811008504,78.77715922390661,0
379.530150179347,96.1911255334118,127.25660617644652,178.6938141422524,870.8046642817961,668.2343736978862,804.7456822441577,355.44205474707104,876.547733647744,447.53558992855216,110.88756681848334,385.1414767164687,300.457393547361,180.89548653151232,716.5506226873712,181.01653296682218,980.4152208860586,180.52983678803957,792.1479037692956,881.5879118822854,1
382.92242444422664,25.407799623686333,314.7330008198801,998.5008386098685,883.8870636313752,240.1675193290248,681.6725916689049,911.2876456105622,673.962144656978,49.997224338150346,978.2936011710033,823.4741661094419,787.8600599853472,767.0443462362692,692.4624870148291,194.0445083507678,629.1774017795445,10.3922689148378,990.1204542870615,115.04163985651394,0
815.475184586698,547.7653809062456,248.98982365642274,726.7758401241433,396.3135927273118,499.1792191693215,661.3474590326053,53.38988279584234,378.96803283383963,783.222143150765,331.9305799068604,415.9120666897994,362.67059224615497,613.647516222348,504.40637138449097,550.7830346756992,467.20198697331193,725.2931002692472,862.0908498121623,628.2298037338805,1
368.8165204099463,838.4539559478551,929.5034344240725,150.06977345736237,95.14484560034164,5.762589614657032,807.4228579406753,396.3461640348903,376.92332047799624,701.9953728690468,836.0056842380048,489.3550564538458,304.318059346352,502.23983834004184,694.3916347522938,550.2903536994326,70.23862449606666,100.16888616224217,841.2584432172812,96.95598580676001,1
296.2060666430073,695.0912219480026,809.1183968419119,128.35385696605383,826.0912404485989,184.40329988712045,285.3998500771567,680.0491128440025,70.64124747252232,226.86733443101082,126.96405773503716,680.6777456831481,420.425744965749,56.971026235694275,510.77589529400757,164.9382625777769,699.5426816184837,21.565866854063476,294.92145451447794,597.0487119424411,1
434.73482298151356,3.087877253523441,537.5209175760764,849.2684252296581,5.561623790776293,251.11359286744982,915.5404475717372,290.54972652351216,693.7791448846027,598.8242014282355,281.64608357709284,289.04474257545644,634.5961884859812,892.7713480166809,953.7091048135337,512.0333060414805,551.8748336815956,763.5592647272213,145.56141755852136,621.259051804929,0
938.3112928477987,143.94170356454072,954.4766158319097,976.5445505507987,652.3761167049547,580.5864334837626,702.4000595309517,751.6253776937543,921.7169865441779,685.3343666708597,606.6766970185537,905.7850679689409,696.9601420302395,48.227296327397525,92.05007659864772,168.359107951624,947.5341072601415,506.6983767822114,302.5092058049345,927.9326526491651,1
178.13435177047154,400.74831965551994,89.4558077471449,272.9609035157302,348.5539179147307,137.67467528765064,941.0735050237902,933.6232131747417,43.73418817477881,928.4948746882026,172.52153888695898,473.4630838325072,547.412972901166,370.50292228568037,89.70771669492595,762.8780373998327,342.62103286870695,475.05233936355205,817.5918860160981,166.9790138824725,1
260.8468484323441,282.8120018907947,295.2764644030742,385.9259059541461,971.8791530391497,215.74973499203588,1.562939722596135,215.97336596876048,232.26555967991447,51.3035822781176,923.6736011684017,249.07140220544977,936.9172159315629,549.5622141557701,965.5783772652497,751.3908575054544,259.340319039111,382.783955211537,28.53526036634546,239.8704670218894,0
52.203441591269325,149.3775005094613,979.3248549557217,745.5901379773077,586.2013457675365,14.890859861449224,175.1558946425915,625.7853327879316,813.6155101816331,576.91495693166,574.1840219829628,494.1246815289899,188.95037385337488,578.6061387342182,861.3584612979079,773.4377706342339,794.0961282241449,689.8437559596574,678.6994524704018,789.5649584802165,0
309.90041136551173,643.8682840471537,890.0138429772007,162.96910838837564,580.7006657342561,918.4078538888203,825.255514648679,204.16804864954784,660.2418154120605,918.9960415364761,275.3526848012948,499.1679711158038,184.23287780485788,87.38260039989842,369.6616076407606,787.6750478536219,719.9824014417696,767.8149451614513,747.6914635792508,569.002479979034,1
104.74402239649028,487.2250076025061,11.381095861936474,994.2303028834012,427.59968499453913,38.765292329481895,146.13862252414157,534.5787094303195,936.7016567921544,421.469521751722,417.15122847075116,579.5834685963418,978.8845771687376,615.2240698629683,585.2644449956076,257.291807271186,186.97549994645414,560.3655826493889,80.08900726229062,846.7204190527797,1
941.4439276648031,734.9266432958394,379.3002819160441,182.84465919173132,897.9061276428281,228.97367680464376,760.4447086845288,580.13327733132,66.89222017637375,972.2969394414799,47.93523326040938,186.79552947282906,614.3561392190585,455.753435585019,500.24486169270966,368.54766625664723,525.6443091309421,230.5245477909831,29.33245521819705,307.22069547783457,1
994.9657716532637,624.1144583062056,745.8198177192281,242.20154699999975,138.26940915435625,183.87721612826212,236.00311092158677,570.1682757422566,860.3975649570141,531.2208206099007,849.3266476522867,353.0090603423314,723.0023803782902,641.0537529862106,554.4890571282248,521.7637429337366,654.8518910064781,694.7364140438322,738.6606259735032,930.4218707887478,1
919.6161518108555,26.556644332341506,21.769787343969504,969.1194561049007,42.48736927903896,466.1519722404557,616.7749632094308,95.8559011676613,428.673301199618,794.1295271750839,50.443474997678315,330.63402171506164,419.53196133392726,904.988348208818,369.39280885205596,656.4754229737413,948.8244177917694,4.559670799897275,130.71168191666814,273.31091820871745,1
724.7740614164435,656.6379330380989,952.5484869339492,606.9233456089754,765.2159843572546,203.59273984099346,976.2423791746515,776.4713302889528,203.3290768154731,424.0027422594178,387.571522776724,179.00562939134858,134.77070043249094,605.9714832115338,747.9887710655124,539.0543778092313,971.2563024952465,276.01208088830384,406.4970935728393,104.29668084754984,0
933.0981446937335,402.64550198612983,611.4749577453186,960.425529141785,806.4062439577048,393.14385938533513,374.46647739127604,737.0848521859009,292.67835700172316,390.1764353220199,987.7140437414164,336.8642168889057,609.7212688999668,249.22292927396683,908.0132161318016,398.10514751067893,592.5183487280859,230.8174729581939,39.82388279653315,512.3990551530233,0
752.8977616924736,157.92354486625482,289.08509405486427,92.43988470812825,170.11907958809792,768.408389100692,154.03180575028796,725.6337334315205,738.4850960856825,153.85073758631984,365.06546002284057,698.0671459554737,980.2459597360748,384.540146108879,672.0704086546494,698.151121532217,469.17606497697784,521.9793876879916,343.87546215605215,87.17688851351856,0
777.3338039584514,606.5740142041416,698.5070002796172,92.59853650225524,859.2165586079083,131.1641121870676,947.1715086067812,504.8744356827155,651.6979898206949,78.28586224538758,652.0862325799226,243.63196709490055,356.70853516766874,785.1499274343107,593.183424831372,278.65714990889313,394.32082372796293,167.95304501649466,67.04948549529732,172.6203720801043,1
271.866194974947,943.1660113724577,906.4372051467658,663.1336691576381,322.99664289822573,351.0623832436708,800.9776754951887,288.4689123798497,953.3002445008927,744.0312153481306,631.9889734971496,115.11683090255131,742.5938642893301,21.000647081079848,328.3500961491023,990.5038625292432,615.9144076172668,88.51911231607934,606.302393256075,904.1094077241203,1
343.19186784339905,389.9127308558876,535.5840613804563,229.18661060723755,733.9062761508775,664.8338745022729,319.73422239250806,281.7716390378545,10.567444975582262,487.6691708682391,433.99751163925396,736.2003393971559,635.2019440931944,262.2294609183946,84.55076157248543,204.41936053454813,717.1917079740302,6.486731995200556,55.9128670542196,305.2937018291179,1
780.4184910605217,358.0910874362516,521.3689988616868,965.2174528549632,117.95877074790883,793.7672206534812,67.44848662319302,258.52638230536985,405.80415516537914,858.0896555184288,670.0332088942218,556.2946838186064,999.9992160832804,0.36862591022279734,833.827657747359,820.0637037560127,693.6505010119909,123.69763112862874,344.54257086768405,126.18513596853408,0
462.82669603702595,520.6451972335599,732.515406015115,588.1647218855178,401.65733656079215,384.2365971667425,105.11202679041176,394.68240925480035,22.957512921888522,208.58323534985712,686.6805431494676,581.4139287882987,546.9961723943259,566.3569795236357,58.25704224065087,404.9225787656331,873.5295948951905,626.9316083850364,977.2783026834418,28.019809859321843,1
417.42781663097475,382.9681089997925,55.30072756978477,737.3192305407837,476.6913383230945,745.6265958711409,958.7357727107936,785.517702590811,285.31020850720046,281.1449391562594,963.7948660204127,61.39281629578597,458.0986068676899,307.02492711276244,366.8279954459377,988.4857712458025,516.1779084216029,912.2436593387604,2.7409722167711648,159.37633539938435,1
762.4869976933164,430.2190826249873,284.95559085927636,748.5464566684186,308.29031716594943,336.868066404546,488.8646925066814,128.50582913198028,896.3944112522695,424.48112414153314,432.1045013096332,857.1706483654607,640.0504733977962,279.77996094098614,495.69467099949736,638.8594760434501,50.90302694278215,512.5934351033463,347.85009977737167,714.2841658180689,1
48.41521360896506,745.9705857322857,884.2220498621739,704.8129199607678,342.0344088889434,390.2365118433312,565.5209809959745,971.5429812241374,343.80002232714514,2.3624472085133075,24.4731507869973,121.99081029471037,182.49707572637564,291.8167303256829,982.5020967074328,196.72558952267016,180.71613714024448,553.0662477256438,244.45655183416858,486.6848088443467,0
404.05043921033035,926.134348478801,178.90801900522357,38.08004431425349,614.8506590007548,30.89043981955819,81.53856427636985,995.2414877697522,653.2476480126643,183.29048640392654,990.588947828254,918.6412069367757,121.50422410432427,554.0583249000712,527.5715788967051,581.4118779984165,29.75276954254513,263.16173568433976,332.1565488227258,646.0202841610437,0
685.9558597493647,340.8176285502035,485.32982703134564,910.0854733265944,157.55717999310892,835.8828045445098,291.559777363528,527.268697881054,271.44793783222497,702.4668884950087,939.7652973250065,138.79499231291592,508.3528793267771,655.6854769145119,604.8034867828937,139.9037161026454,607.4828413044168,737.0062155245909,863.4887108535822,122.0684318412688,1
964.0889063750099,382.0199524848419,356.34575987831187,348.371462985436,15.145627074000467,159.4678124482748,408.51119783503174,535.6119387846785,107.32536136968595,929.8218500847432,429.93859993028195,685.9914031714173,27.530097846622414,818.807692291228,589.1621328554974,37.294954946499374,938.0961447012331,994.9248750083216,219.047264632095,697.6184202792176,1
717.0306284564555,895.0296454213915,946.5249447172347,920.6995275618928,429.77716849344347,811.1699480396304,340.84500108632864,42.363260790739375,452.99288143935325,616.5198250879688,294.1878904826424,743.4727497597611,720.1759834708265,251.28843400618118,694.5851698312836,613.7236547947821,268.9917676938308,500.8717294433438,381.693992805876,961.9066439188748,1
350.4269688091646,163.91185785241592,381.22614251184393,23.993961341662427,750.7216832073815,26.51783350262793,177.33932518880624,168.21285315792667,836.6727824177503,851.4627802195421,552.5281864819339,348.43851286415793,983.9158633707181,975.295914060607,680.5446137216849,12.227151222609534,348.4216226879664,152.05606583896915,19.637151426303845,820.8178803162879,1
262.99932022338055,908.9528809745331,86.94319789858984,231.84318060892474,973.1275779767606,200.4989685864078,32.59244336759326,615.243140658136,101.5058355001669,784.132740278304,626.2339383569487,527.9203838725296,673.0369567796871,654.2237109560874,260.91925679164063,22.802424800641653,294.5365491608749,688.7309027666756,581.3739631390017,73.89044815366175,1
674.8238705453878,326.8789373916465,994.0155357914347,864.1532658135054,676.200637506907,805.980367243204,57.45020091005726,874.2344167402633,605.4658690882375,513.3589558823131,846.5072224181021,125.8391463700369,669.807255301645,512.1793308124729,619.0819044968586,899.1339506481007,989.0063214630276,970.5169982774265,544.3409613354115,209.24204310220318,0
963.1479348045542,907.5789502883807,836.1384132532363,280.671020193179,457.86188360286553,174.4427148031098,904.696344548826,408.14439969508965,985.463662173279,803.0497815841493,28.213151064981012,907.5803784080535,445.2677361152526,194.62302944623033,313.31904894311083,497.0684240663349,202.16243200300167,926.3257068347142,500.4743851409077,739.0873685588707,1
560.033801733407,835.2393271800516,921.0409009174078,408.95051049597896,262.95549746188465,739.5973413873437,644.3185193143878,894.7279353756455,780.5022777412844,939.4381397234749,249.3654019743924,441.97784204104505,851.5594989250721,619.0668436799492,375.34893089129974,492.3504431448794,502.3930184858948,465.4199680484786,591.0325225867422,11.793482236900022,1
346.1876746136431,240.8832871875719,350.3009080470716,329.7619572684061,114.25688211517449,811.5963588172178,831.6707947954527,293.1718062798132,650.6218828485715,760.9102098944965,951.3827656972554,858.5141338377678,114.55946157035125,520.2244181466408,159.81130805418374,873.8905308290776,733.4115429136268,94.67624651737039,965.8446731233947,908.4484896998837,1
659.3982476149287,910.6602892850287,167.32272288628914,52.705330620012816,99.72666046894597,65.31259851693716,255.6849104684601,342.7304524071025,130.11541110989333,542.2792167273985,748.9017884844685,312.07949511245283,435.3899472143419,502.09084040084815,397.0456008009702,843.2858897260052,664.3421344401718,156.9751446235925,567.5320499543276,919.4320981004538,1
628.4914195434669,579.6497963500091,838.7461674756446,398.0276734168539,19.99089976290569,837.8708059892315,999.6326987262116,280.5675932930788,426.6564454716124,43.8336405501113,806.5576074880059,912.4255903131129,676.8358478220405,189.69974511732812,806.0572619461954,426.0357978228478,506.33819444582895,776.1162370494908,819.392515633817,926.9324573590117,0
833.5218674747188,795.6569773330978,161.94498862403384,64.07395891110812,1.0620762157170782,67.94366273242613,285.51867029644995,582.5766930101502,902.8754833472594,163.18319667807657,872.1579303241424,639.8132653195482,51.15494155504796,979.2941828751195,540.9341652753558,332.8790465391592,876.7712086654714,710.2731061576782,377.0468401867716,461.0484731587396,1
342.39928284335997,80.2564973302643,620.9987046857422,788.2813119763507,861.0714730754731,771.7788560452818,715.7872924315533,933.2012740190993,60.066370494917805,334.63560041351025,758.0370609787936,939.8663639347818,46.649861314106865,144.46405323740785,437.11354571514494,640.8717126785848,701.0359455641874,888.5019537240732,527.3572759501359,494.5854044778655,0
905.3822954886499,885.6706435334157,698.3235385059306,573.7583477923706,183.21812880798217,182.836961078616,991.6903998823294,368.96119493632204,168.41075464626343,301.49919834999827,274.8835582704371,150.15223393491794,37.61444700262562,232.6917571353786,742.322780570329,373.00929368014647,266.287789615804,516.0291891598641,231.80092527373662,603.9019416553596,1
803.0005025929771,341.97614903623685,456.29860915050546,709.727054543545,905.9987768362059,143.66720884152517,551.1897641610703,243.15465455698393,16.450338418914967,518.0031931180382,612.7941355789844,509.039804847749,928.3393159074751,932.3359546624829,261.8209254293036,403.0216071803856,424.24216891461106,768.1039733030377,746.5007593110088,687.4470378879299,1
823.7240606592135,207.98746579874705,434.5366233349637,287.01091938423326,476.67738100944746,418.4313077929873,263.46218015871614,361.62490453347084,979.951767880119,702.9890500732306,986.2779213980928,573.1217893756408,824.9372389456418,360.029673787009,974.68815386634,226.68904054581384,227.48585477660987,381.1847292997397,850.3628251521052,816.083050889399,0
176.85020437281528,352.9197735898746,793.013859893568,76.37981737356282,852.8243119348522,927.1630506886177,297.57030496008474,167.85804238898118,295.9529903239555,452.3407025053483,149.99587910812807,194.86814548996944,560.2601890268511,297.24525124018555,539.9008424506013,736.7024641242599,97.73790686071693,227.00273196785625,403.15526467116126,542.2492425582366,1
460.4565727489276,769.1414050983217,228.79039504516885,959.0730473831576,352.92120008594196,754.7214797331599,694.395883272067,158.13083353265677,681.6516985749079,743.8669369269318,712.849584134917,510.6968660843749,333.31067021506743,940.7100925002999,360.7347052382207,180.49384625904685,258.06458942842147,576.5410988914741,890.8180676073476,952.2320461095264,1
692.409070762001,562.6089292828598,842.6031652953542,687.9522138755387,267.5495078429068,302.8315101853015,127.23803238244847,609.3285543849553,440.43606516174873,531.1311974423303,328.2657831109903,115.71793609244874,132.84949703757664,581.8159109925847,819.541158604209,530.0479993516926,327.74708087153715,373.01722353127855,328.0161761539485,918.4995675420148,0
346.45046767917944,634.9063651308292,166.69503966519528,986.2274749265375,979.6477964078991,232.91470062392628,473.12804874143364,251.4729001385212,344.1654272504332,453.7255027671192,257.05685028070644,596.4296665966373,467.3764907924953,615.8120287808482,583.6940789021138,862.354005542797,762.8041426259367,126.78794852289421,147.3452853513274,727.0727540806664,1
660.4513097496181,467.29221472098203,392.69601430859035,263.31816468333,860.9944874231888,435.43046808641174,176.50572444248448,107.1295499709225,856.2898688827045,445.55493135455805,327.4984168800301,805.8697598254558,782.0871351637461,848.9351270582489,208.85657189580832,564.513603403634,202.4217854121203,597.8689063305843,270.71316932616094,116.54130848805866,1
722.6676346497079,374.96791782227945,785.4067819128546,777.9646820833725,703.8020666240895,855.3288326527877,227.78725274878,686.0800251743906,393.16996113097247,699.7830524961496,555.4051180754823,116.52815834698471,85.65743476625487,152.24435489959376,188.5863569717332,102.77354748257817,617.3294657449727,770.3731929749044,20.387605836763136,998.4775523966496,1
240.28006513050914,805.9441570978455,208.20194920510716,348.23244726389737,56.12909462323579,650.359077220331,306.3769872394703,904.3160872236818,163.7902507835375,46.50982609475229,530.3314485541672,989.3046345458123,470.21437834592916,890.0252126824238,219.95902946963642,177.57336754788088,214.68971876283638,342.65414302577346,181.57404883720162,739.7621162812746,1
978.0370807893744,695.9070143422493,803.6326217878529,55.33501436342914,750.1662161779321,340.5940993944384,198.60477355415273,334.5422929247229,797.2463213777501,277.50043214154,68.24065235352583,292.3062737667238,716.3730087129064,868.9998108865744,69.658643845252,324.25189108751687,304.50268064954736,576.2414029637173,837.5047616878247,173.70238511080194,1
212.29595189772877,839.6930709944037,33.652633684453036,882.1239222925816,34.50671432154395,968.4098502995046,288.28126089606974,111.01715924467159,579.3065728546352,511.26569970058864,28.888175657785563,753.6641652299215,124.90926172898187,870.8069256478823,893.5150835989905,462.1659690947376,915.7095153817514,236.89340134812986,29.317084784270754,878.4463440075957,0
391.77619157229447,920.4690172190309,141.82884073642253,26.5138667086392,220.34764957481377,18.658487168703218,757.5692693113878,24.088662904579227,934.544670862997,232.22223894576754,331.9874679402908,836.6839331128873,192.6141040688315,99.21536943290243,537.8924702703631,479.3466033143431,814.2629256191724,915.7399529210518,487.799004912878,947.4520108746858,1
339.81475993353615,217.30888403631076,526.1916567297654,275.32377900631246,311.2798159245629,594.873745234311,741.0153141125596,953.1570281951975,831.5819691895173,973.4768916032972,330.9472872845105,782.3223424062286,576.9922340803796,294.29701355330985,803.7062557992356,453.1332312681889,462.30415279164737,779.5257622656532,109.16861798206834,912.5086978265056,0
976.9116510474965,668.732215676388,720.3664101477902,670.5871376190271,153.47849371736822,94.2349582073302,623.2484162387002,398.96417490189384,814.9276618423102,684.5101019890083,425.2672428846764,872.4198128004589,440.52117459414455,35.507836546369134,58.867159660247246,817.0524432061554,36.607652022425,443.4083442902352,181.68169991840443,122.57853389171491,1
980.1189292851565,689.0610488553909,184.65172955227195,467.23186709955786,54.37322485174345,941.3632480484221,733.5813607894969,820.9004863920339,372.98907013708174,30.167708108163495,313.78312543656904,684.8060491025302,408.9469721039626,176.81264590918545,873.9787986774677,126.01888446681042,633.0861116220469,42.45805318031637,739.6067985335819,111.42693593106334,0
574.5277294530391,522.5118247345467,987.90652046592,340.6243746817287,408.4878975903383,504.2953010588119,482.10856156367174,163.4596415432864,711.38395363311,400.3499844102957,611.2402191194333,531.0855093150109,0.7622560160872593,429.7676241646358,822.9492446349457,758.1955736732759,243.27839421614107,540.6198871573672,607.6305173939373,374.18216249200754,0
26.359007127362275,766.3803858972104,146.66133514670386,643.0341748057284,950.4848496387795,492.9843202973357,105.62624327991577,301.66321301798604,855.4000699028685,304.84224648308964,782.7397782562564,495.93117334692806,584.7043074154747,341.113074818394,457.3531033747558,100.48780504648647,426.19303962835073,715.0418517074112,15.907196614617147,373.4069616444834,1
543.1288907259741,431.4996129775147,623.5166310177672,442.6952779980017,53.26093135882726,212.41910534147647,159.6413357393628,556.8805348869188,321.3751521857104,329.7853079885583,711.5734237547448,316.27591632750165,840.6449096345096,840.3829515307809,841.9148363910359,659.4319391272911,418.67029934731295,955.0018450981897,337.1351479520222,306.5001018405058,0
700.9559437239118,684.1364333228507,346.6362802749616,154.90737746551332,322.380996432735,756.9970801777979,206.23118216454228,92.6664088861472,14.042959126374765,179.2579715709558,117.14825638960934,660.5330469179389,320.6614088894859,173.4740011904401,301.15540581412847,279.3975488582465,695.4302919822042,339.6512530789412,461.17550193455804,942.7919257911213,1
937.6268917029425,78.07404622936376,618.1563735999518,527.0242136835603,356.37239614584803,216.47767968190223,650.6465785737407,60.491031679334895,557.0791432447428,495.0716904839262,916.1866584593549,184.68368034456174,58.13609364879269,82.28355750653415,49.372235711472754,537.3968481471301,168.67185490257796,143.4116425408123,900.2259634631316,480.8057280389673,1
314.2628252621509,184.37298123292877,973.8311354515873,562.0448038909107,541.3027581777765,80.94268911699277,758.0720247647132,678.3141529606387,840.4975847297036,246.58951418537467,912.5051531733882,76.40974984323445,571.2518488627823,219.28412458449841,751.2189526803728,625.4490805155696,28.624128713904852,9.028463251328112,750.0033279246323,55.55887650741609,0
279.5439492750422,154.67597648724507,475.4328910229348,569.5494640886673,927.9634679262288,977.4783284326999,805.2550043039663,887.8764490689042,22.53230040712939,566.0046046288745,402.2533448143908,140.8114111401112,885.4577562957729,755.9894946097465,292.2362148202209,13.989564457143612,670.4802098913899,979.9223561782593,624.541542527021,548.2864394944878,1
890.1645398279164,38.65783346353358,511.0431090749197,707.7062749948722,638.4384161436682,171.47682377336037,760.9828905118495,153.6732036254088,968.7254445012875,214.02247984209777,637.8303067743142,128.21247647576905,352.437557879369,780.6088658694403,585.4215062874351,588.2086951771857,382.330308997306,797.5557425986415,56.63260190532571,610.465623255998,1
782.2059993284589,731.8859614052698,297.5578758995525,625.1660724053351,379.5897422874559,474.1880812903102,852.8430856449472,245.5950190574073,423.05438437507416,450.2384202825216,256.99037107415114,129.8261867147572,892.8341031180636,965.8548647539981,644.4024426137282,748.1467938564338,339.65767481236264,279.55289945596076,529.9782445110123,964.0598727681233,1
84.78383393210854,903.8609574600217,906.1129907617694,235.89357782387532,317.55282765339774,688.8973270807231,354.9871775952381,8.004058657249068,229.60224338874025,679.1142721700036,316.50732724544827,288.0651792944081,614.3746960812477,507.88416083269306,862.8409921165608,794.5970336200998,517.1213764300747,885.1243496032473,933.3235545665476,320.51584165001725,1
842.0603970125968,709.5943348440927,680.5144116377895,76.86568841523712,406.15902623038716,167.59428432313672,567.7175496646853,123.20039918157633,969.496711107206,271.42081099179717,870.169765395286,940.9500734101897,594.8048752212944,330.69527154413913,313.4881047033242,394.2774228363831,350.6699091045403,310.04387151602054,711.6763074460283,481.9719928784305,1
856.6290563809893,205.815666737602,369.3675120307912,724.0169887192257,568.3201875126271,478.7527072194302,963.1353647283779,699.1850478565257,812.9937398597297,21.323684286552293,605.1574181935468,553.2397786700662,471.19723780172205,329.6085660413601,205.76423681885814,852.3092975560354,840.1169915192218,326.4415409494561,875.879154266729,437.39310384947083,1
337.9359692790287,570.4878120061746,986.7162594306469,855.9247674857731,771.7917074804315,886.1536808146748,433.02513475985825,537.1977919629519,862.4406662140425,910.3513478119954,239.8546595919109,439.99267074457384,117.09391644446121,621.1871699582877,617.745318499263,765.0203719853264,552.2289110286422,829.9348144297579,688.8781706415023,467.02234183967084,1
652.1819350011693,278.18581352274055,868.2848738682355,430.0313742363975,535.9596583427627,772.5577930121548,358.6469376881769,733.083070317149,707.6917886950266,876.1318202198348,869.7034286891499,715.0666150661814,238.7740967422466,350.09690957013527,841.332307727206,271.6548021422558,806.3079545362564,91.80675052758758,730.9943326219535,29.990396069711988,0
618.1873260372089,374.6808876745984,945.3054337428435,253.8932871721923,923.5754403649651,824.365961550272,674.2223416394988,777.6726256586355,671.554588145197,247.2129754573187,75.14758330149863,457.05031095279736,739.1508547222451,478.4311744013188,67.41994733065127,357.075758781471,718.4067124584246,340.79461208055574,903.1482516216148,74.82609963097453,1
93.40515734170907,216.837209335904,593.1011224687331,289.0678763827431,537.4877144513757,154.17919203898413,452.550829718809,891.1095393118386,531.5869353572251,815.207890261569,265.82686282067823,72.08724682970447,743.1638687493222,883.07464062301,540.1721764768395,766.1500174360947,281.1312904419031,456.64910706372564,191.66203615693567,71.66065537500855,1
47.505733710436985,978.9972502193207,146.18110757533464,287.7094070150229,959.7206085251366,990.1508250646993,870.6598426432449,179.1714321080734,783.2938192154559,266.49000313378536,382.5662578958099,453.62712438377685,336.71223835284025,681.7719098401606,594.7407779055573,663.7517516077006,101.8955040973114,855.9074689775728,506.2237774139864,900.0248349464985,1
924.4102804181439,257.1332317940699,299.58703556391606,809.2612992235656,477.76461737653864,384.1054620459329,347.4982909458857,80.2460041444667,37.595045593049825,212.5227496176516,935.4928942123677,373.3508379731034,55.75010311642803,734.828992870621,264.86906308656796,15.303674602668016,516.3080673541662,812.6865702983549,190.2264854956014,528.6505242017204,1
986.4890971528505,525.241880353538,508.29386243888854,640.3405443985906,83.17160934696632,389.4376517385899,75.90486804389862,730.3581083219173,431.1234410749134,22.22406845339453,541.1497089181067,631.6038468121363,933.3680012683054,315.2908276830729,667.7510701260388,101.67834655938456,683.046183998689,169.78162547346454,485.7476700305277,478.9740002820292,0
443.0918510508314,483.6555892006993,356.9540795742859,145.31638835776616,504.3582349532345,610.066131747765,663.5366314513268,323.97190776516607,528.8842425094475,834.0314544817579,432.194665588295,414.2711329480635,260.9311925719666,314.35904585565635,239.1755295606548,887.5786093981375,436.7379848924928,425.6791291451772,233.36339406064977,247.62100893856166,1
244.3959610776043,797.6408293128682,356.2505851850525,414.37751827764845,372.19629088912245,345.63742937388474,852.6461548870235,847.8066073923289,673.6444338982216,43.40136956884733,818.3489274931625,350.77114001582487,247.19550510785592,850.7661369418071,143.29522833128772,926.1672984806256,595.6706111180221,661.6197771566672,245.52348765048626,102.73053533910704,1
959.5793293142164,560.5965192296367,585.5410497992574,184.84251117998429,595.1779515230211,269.05987753286786,116.44524032549964,180.52566525803792,401.6207603657963,324.16033645452967,292.7789830587719,416.5269768121933,85.52550243060297,780.7414722716989,945.6456151100926,264.9143543057263,637.6276707899457,312.10282794931965,851.9979585388961,290.6702589587894,0
744.8325436104657,638.9768771790555,935.7554323334539,313.61433024043174,122.15452968779728,904.511423134196,221.72087163076714,692.810928006204,426.1901039538848,35.46275110846053,547.2656964270606,777.703748872818,205.2641325033585,264.0237083144493,623.731571613872,599.9017062568199,310.2760631493473,256.5395295074654,755.6568329293276,285.11817654293094,0
118.09318729027008,577.6525971187376,58.08541175049975,764.7746699520495,41.67354699186055,625.8546346259377,557.9756503681125,731.0605014698236,181.0599764908173,36.812062620205424,369.73146867552197,473.9211699930502,110.74735499334342,576.3668402221678,330.8614866938542,43.55192221425808,264.80324464305295,901.0645504991388,656.5804753555564,980.3413310192306,1
214.68969419295058,741.3421407136649,459.0531918904652,870.8372009796067,118.17155328084917,19.116104772969432,779.8087524778451,936.7399944918565,228.95124386880394,231.03214600295786,496.8005986508047,629.8509711545671,100.48911630064494,266.3264494823586,230.2352981257425,435.06292506425194,420.64617345649646,775.535388882599,689.3964413782982,477.40786493751244,1
541.8253879521848,308.6740271010997,5.717994748947075,41.49154395564836,384.7058827965657,753.856719704439,950.8668837609621,928.3848545418964,595.9044267561471,192.5830097679445,608.015374948051,585.7271167411856,675.6779647477149,736.226229308419,224.701378175438,233.85441635332938,554.4247000345207,577.9439758696413,534.5504609695698,358.3974408326101,1
427.231731613557,479.9476019979062,769.6387433773848,985.9433884537641,230.1193789475856,42.54181575049631,984.909863420558,150.908698811552,807.6931236971795,855.5079454839685,342.63560449852747,412.8553829787347,866.3006689234509,407.30439367327585,834.844511903312,581.2269839126907,767.9403092243468,265.0593508285326,552.0333251461195,456.85036558188995,1
585.1392787543737,218.56852953513584,289.16546412786846,500.0004047406962,381.6112968072787,754.0973710367332,70.1585836973686,518.307448993988,161.87685549236141,746.0104328908825,911.2064570066459,663.0545426446186,950.556778458409,695.1717645517822,9.293101113588943,54.669138815838124,800.4315010937094,39.85673762469111,552.4453846930224,941.1980853129662,1
837.1236383796676,271.16894628712896,111.29468789484775,441.44939695187645,189.22514894606402,393.00559696642733,780.4852238357491,598.6502546762263,960.382610542003,484.9579210931406,74.30424360207677,911.8242095856816,709.6922059310186,250.98166334450767,235.79804980279872,826.6769899281669,46.86302969970158,980.4507896109887,474.80823948127284,741.0958975697674,1
994.0649979675925,738.57887513715,952.5156357380996,510.5052112345495,148.91209522281056,316.54463832980394,81.56098409681445,133.94501267137326,947.6308805108494,597.6758437281807,592.7073372311813,274.08418804784,833.5818033798062,724.1276704289102,715.5423709566641,34.377058648414675,93.1498433432717,679.2363631977114,357.99994033367824,975.8777646409015,1
266.30317310722495,593.6750482814455,481.64419940559986,924.4211955062719,793.2046939523024,629.3083340283391,619.1918184250895,166.49059324627004,57.18304055812562,778.0581268653085,495.19742677353094,522.4354460894527,77.11730518516357,361.64446517914206,258.1037755199692,362.99501905449785,171.50970235332065,721.8130426550119,979.3989199559854,292.50360537262475,1
786.7671069627706,673.0591205477057,277.2693857191,347.8410874091057,388.700358263128,400.2822434944272,905.5386754888614,492.42437975377385,623.3316472932728,183.33318180531256,654.587311448823,824.8476964861227,342.2122109744854,202.41125325747478,604.0237035551368,678.6006552854576,827.9755972542087,152.15334114354894,835.7982510850857,876.5301162922822,0
425.43603592161503,546.8132821330277,73.75279536532841,23.134811784833452,664.9363773923192,207.29128740111534,443.5332495119334,651.7884193388766,542.3212482669276,895.028696760643,964.5891134939588,642.2048361776349,796.7289374843182,426.4864729611717,299.0599341016124,760.6348868405389,412.2988391672339,774.3262754479387,912.8385501281231,753.6684605375942,1
380.8922219121137,643.9097071990506,517.4781400450659,18.404834404113224,947.3324147099153,462.95181355151925,226.0056882229411,840.247085526509,943.5750387755039,687.4876060602799,102.00025981051886,992.7532445053639,310.4521016916735,537.860853865696,683.8307788075979,135.9857031126479,144.585070355293,817.054211979934,971.0768514222443,783.8193740995115,0
869.0706758933684,171.49992805779635,926.0420909138616,980.225018661782,830.0025971119716,847.3001132420061,754.2224178952388,357.3107471172824,88.44035698916564,829.5351036800862,864.6506078973729,52.83458935522012,171.18912515024687,228.28408682152556,268.6506298936719,899.6009037839971,28.01774520467537,623.1453831874798,999.3425495940836,951.4256210406434,1
232.898683575097,60.90856504148378,329.2246592401831,324.17878656605615,555.119895183334,733.8251576865237,188.69500821170593,725.7323498083873,450.8344683519162,883.0850469201521,770.4606242316812,842.6347074581,975.3023679672284,453.92985350993473,324.7309857304145,478.4933748063429,53.75054391373546,105.1090935344372,823.7056419258698,978.5157566667453,1
742.8235217955869,248.74481718825726,654.4871561296226,419.5255150190056,883.6813665077211,363.03799507594357,911.5753824851877,467.8731418234744,816.2817100324519,122.58814681027108,3.1779444517303634,111.87216481580641,578.710492408445,829.9740675265566,407.8659273170629,771.8026486000656,931.6965247953281,122.68304902228944,493.019576001967,249.87394575630285,1
678.5412998851829,930.2313888326498,468.4403060071635,761.6466212408156,267.75334349928437,309.12461723223896,33.17418069671063,568.1983065192134,727.0721395172366,765.7398722150106,635.8749558892947,71.54802292279139,500.93134046473153,53.957411813409074,941.3394715535153,168.44723121811955,643.0352271979858,516.4944208474996,367.6339152240058,441.45497182024127,0
584.1011640761355,259.09898970839885,154.93934568948254,792.3479167832247,955.8223428308538,884.4362103170427,25.538580320882744,997.166974549292,856.7246948168598,249.07098651593464,156.3292616103483,128.61373562904953,985.9161395702198,897.5286641771784,94.91910657220414,142.28542452020844,253.98054853474062,965.61935912488,323.8555186902428,803.0307785930988,1
290.6462584425549,890.2468379581115,293.93142517106253,719.8704056668103,770.4368843368823,50.53470647861047,697.9588259887366,796.5553223213095,710.9105639571662,335.0626229490016,942.7680363393542,5.592545821788808,849.5653511984932,225.4644285907813,830.7791249276106,699.3569875246699,172.12883362622466,826.6189749079941,2.991710742588527,716.545985883403,0
770.5277111948554,82.56769459562452,218.05756618608098,268.22261427164915,626.8391430775421,717.3870925742985,888.5284673758066,725.4729514414225,746.62350337998,25.247700224810487,390.47204175860986,96.95218634544422,614.8553146429563,301.1795101339979,436.77546632852335,809.7280276336625,506.69024981216523,694.2122107446829,480.7320422685614,225.5274006831317,1
581.7698154375931,483.6259027406291,948.6096678079534,234.60375885993267,22.520779234127097,742.546341391505,994.0977915468291,234.57697910209774,78.33359841963295,94.260758359335,494.36161947859205,124.31238594969341,221.9201382045135,158.72794697439386,404.68415772148904,235.52094281765167,446.4452320152804,292.070602890651,483.24088307813395,122.1828294006282,1
826.2263835977574,602.4932763194378,51.52663574656869,666.07180484714,39.92109368024632,99.92893520699286,228.96964008125298,62.10579647057146,974.9549089623207,669.8838869312833,228.31193578426823,433.38438276689703,140.59065916744117,343.07808448364597,288.1435100150008,968.1086560224896,990.8718610549948,540.8437492777441,809.4192671726082,961.3716289706256,1
73.17839278035865,87.97526185204119,839.2247549112478,162.78694648432756,879.832543904799,56.44848228027188,506.49176451265134,757.202373202218,702.4425130436849,893.470150601896,948.958747072005,578.3118741658087,667.2522574694574,322.67287634140786,46.259061406468184,308.0800310289985,291.9652487958848,59.07152007749383,778.3550442027542,731.3698098006132,1
685.1033387337574,825.2842110749308,689.1486550773603,407.2067895995366,384.2095616761881,54.30320003360889,394.775309196575,490.99116394227235,940.7621300319372,929.8965538271699,525.0402943504446,959.9068790599357,915.2470592781151,336.52051447426334,109.62515233725611,25.739132400653062,193.10584554185382,782.1501284862164,856.9691469378723,517.661778622395,1
340.85025078903664,181.8991089519255,976.9724092195104,849.9607971644824,529.8305089336849,622.7155682592319,434.1434025819999,813.4456362109249,983.1272413562285,304.406493613621,388.1837144058298,703.2443780889378,201.7802393546998,556.7669091461801,84.85616643987792,611.4520666713771,971.0942022386816,253.03801441549857,811.6408109187777,494.1889183528705,1
9.441536552900253,526.7425891057236,511.3303775126501,810.8331571448489,987.248093222464,107.40330230084783,32.73142593540324,43.2401160017023,450.58330755598064,318.61632403636776,722.4921552073071,275.9733797937577,444.54701176179725,259.44191527798546,917.2137210948308,396.4122126902019,549.7109723016472,8.098382756950295,967.2195982864437,420.55557312479107,1
779.8345600233495,774.8728458759242,366.6619708600851,594.4784778314063,42.923170404494336,763.3905617257819,294.4746524357205,888.8995690828986,687.2966300781833,102.88163640197101,215.84859932425326,322.57417077445507,942.4720243644911,578.9864467358079,916.1078344954087,466.78992881915883,997.8359196447112,255.65969570611668,911.6090854919407,730.8802240591774,0
402.6480865710049,923.0177326216841,235.13719499041352,636.8737530486668,677.3037664271067,244.9478492560615,99.45752872533743,637.0781791622709,630.3919032140047,429.11208098320583,543.981065892986,16.350201225747597,27.01010148738636,745.181252028123,243.18181522215255,246.82066974691375,992.3613086489266,288.000007151999,99.30089794214902,720.4397770751257,1
901.4363361786606,409.59581410788735,571.3769190620274,524.1476470291923,786.8193251387007,224.58889783576464,940.2589755775409,476.0233140483645,610.7438180469286,674.565220991655,273.2978510751269,212.0968638709515,275.52086800803943,443.02836237773437,319.01595569617626,666.1649422959615,593.5802101859783,509.79534147757755,900.5485444334724,369.4221582283615,1
465.1436859616583,55.659714054914765,248.22264778515913,695.5675499805762,436.4677848458971,96.61019481717592,214.63136132883486,427.7453304489114,618.5707098715378,642.8386771120747,106.0101169248311,565.8895736236649,377.31358249733063,292.6793354409756,196.9385600933542,866.3098633747558,153.4083021436231,506.5019782987147,908.69474114012,630.7225716679384,1
16.991764191175207,540.1194256945731,344.9127077254024,999.2517814064886,406.8712255314383,572.3674090440156,883.1820124777391,767.1864435241346,374.8515847670073,73.10177847991505,441.53390751990383,356.43925677038766,500.5590719799864,694.7988628619923,222.4332690620202,125.67556515450251,337.36586911291886,923.6938154094042,344.3992672444082,411.24602953947107,1
742.723111312797,621.2054291236407,649.8409223244128,940.5383815041594,658.274643991365,522.6727637826896,649.3442699835795,637.4346943899266,125.44113739295015,80.07768897659584,864.2386190111436,190.19769237761096,767.2470700209687,795.3457449794687,244.38498705924238,666.3315298703756,375.4014290159763,191.50219549330882,697.9720943698303,603.399102658265,1
365.28538200673233,427.8335837181806,338.6617368237018,664.2204145190333,639.8373881347846,570.7511503325679,90.81652768968063,726.0692058198777,89.26126014610448,280.5541677701564,250.568643718569,364.88254654214336,639.8781893040556,716.9273018170716,35.66131809978834,612.0440363861777,452.2666180513855,941.0735320829526,298.61600325976724,422.0691196498343,1
286.2780737757721,372.64079224615455,977.098261517996,926.9456700271343,855.3678870981691,559.4973669545408,556.200551568,413.1976707582584,490.760819580899,820.7685527428193,486.12257046969023,428.70973211400076,163.41417597769913,985.2229002266794,222.13128879824052,641.3603574135485,374.03802522381733,77.63772214537634,144.63868769373477,641.3540902902582,1
680.1725261827792,711.9054038785166,76.99576874366853,268.9762029121021,786.1523830021508,385.11712468036876,680.6466161289635,131.73398571186456,523.1077102839397,730.2733404766279,94.32818450394376,362.5858099860544,756.5049085555348,583.8359958662903,980.5804478194167,410.8660386466949,870.3006530202638,230.64522175593248,449.44395473439505,67.08569210212289,0
615.1442825694546,819.3145747440872,379.0950006628373,792.7684700143298,938.9715610349089,625.3432318324328,166.89401792729853,956.5357113837324,229.2673801706162,178.80490804609994,275.6747763592561,858.8255926886937,842.3771781335334,58.28829383458489,16.50801997604967,308.0260007406108,259.8345565587993,0.36641287354355345,95.87495984029881,998.8481163026338,1
437.7690196120867,765.9196182036504,953.4093688100309,593.1731679480183,433.2532749950648,391.9159164413226,615.2300641418558,710.2500046789352,102.10713351530431,542.4850700112031,722.239308627341,389.6769783840994,836.6601757208675,376.2686240688358,805.3643847931019,782.8206886360957,854.3042577935231,11.887678324903895,650.0058260750837,179.58396703767366,0
657.0824246148308,73.08888318954044,224.48466905906716,438.17682215637166,219.0922309914548,841.2415298307424,486.34746328676823,613.9167149923564,989.4011028049167,706.7542259348472,339.8282231408273,177.35576289156973,757.3159940449776,455.5949970654556,380.84691818855475,618.1729565858864,63.42002649099365,783.1640265478233,963.2105985526672,69.98051063467192,1
672.3843549743171,711.6890233330504,676.0443352470174,417.79207774250494,793.0649241041419,203.63926006281218,565.320562412728,65.646165742825,414.3390150681695,452.18049704804577,122.35323465167225,443.0366023491518,304.328024507504,353.7739195762526,413.4197800603675,901.6767783323285,910.9456104922199,785.0280345638822,76.70013620095062,225.08190267088025,1
330.09718542919865,691.498611964612,318.6031563676619,725.4588920911779,39.12641536019612,516.8449601303531,470.94056021166654,960.7325089514217,855.398488307768,983.3536320983401,456.02694865093065,741.0560663026049,961.5456923714893,375.8791780057017,47.70572597233114,99.53687409961454,67.7184876327077,533.5509631848631,949.2782728958032,851.9522085044683,1
366.25693875069663,953.157214556497,294.2460681061112,186.11403650094226,923.6702799901287,795.9418898299535,920.0431712207868,36.37685368368104,991.2846476225096,134.2593062577403,812.263075114442,809.048161349141,567.0304522647526,159.95971176055522,558.2205966532878,798.1924057866348,331.3236074644368,409.2696819146978,450.0051218558835,442.9792152945472,1
8.986604176241864,338.2453036524532,667.0418256609502,545.6893113749996,487.3506803839861,268.42677762526665,989.4300380707901,587.9103016237431,195.5453169000856,879.467375746931,701.2608562058125,466.58507632044046,968.0575331709999,836.9405698786477,351.83712795242127,118.64145729001785,991.6034863183628,817.1217169120627,374.5380744731055,591.0451866462114,1
628.1226020092545,328.83907529105596,881.3044217746856,877.9595934767631,144.19109777787997,879.2403201232163,649.7668709406669,921.7657149424701,163.42918630947588,750.1289834745875,750.3267153598667,892.3803415036607,867.711286898346,987.7686833547618,532.7990647200728,42.116178115187196,219.16526656783952,872.821324509731,411.69322408934505,404.1425496827327,0
418.9207179810067,100.72597367708092,465.45425965332663,113.73307779847342,172.07099337363962,645.7484585531755,144.09466221071997,56.928319925103835,414.4297936832516,31.7221397161358,218.046501340332,181.7949539585988,479.3091849224937,84.26095160759628,638.0270513036197,756.6684186090312,309.26713775907865,684.1711024683943,587.1455400359304,133.19850381260568,1
580.1469164445897,745.0053003957804,964.2050494238124,588.5167389285737,880.6363618347206,769.5303475579177,950.2696740528788,41.51937166007868,459.77493961019434,241.36862615052036,543.5435220657996,501.4784309430298,490.5439234586447,288.31815214567035,419.9245784654102,285.5580506490799,753.0306124592745,362.6076252395105,550.4614529802994,802.6339214182747,1
494.54109669489566,577.5687339239732,116.01531942532984,86.99711294620738,680.5274286854794,155.30564227727183,254.4728932663911,428.6833118183916,814.9421698895196,499.80847088549984,974.0377837394251,189.20630736439702,924.5959933135869,507.91838737780273,929.7416687575287,953.9640656495097,80.36668967178129,282.8149822239542,93.96126182726839,21.126683898080923,0
520.7913384979707,341.58591428279874,192.48248187305495,557.9474623566994,438.0678031676273,179.43276371978055,939.8913302542471,39.25781499185188,143.8481407831723,358.07909705366,334.41269049637737,487.2473726212947,732.147434070799,519.1561053223899,966.6589553974106,860.3046852890121,405.5671013737092,786.0832656490978,356.85601591348626,195.63052924726477,0
975.3087508844322,201.83378797830864,401.22931323753164,365.8889121885791,357.2527525736222,916.8893986435189,120.01282955554859,865.8376030768883,754.3557560822028,265.04315810193833,22.88077684779555,948.9645041349105,243.7317799699956,227.2939670964279,432.1958225074626,196.71228840220368,547.0821229929263,571.4692876865546,354.05910286310973,373.6041732759129,0
776.1802467379091,16.49413375289366,632.3584198712567,254.48585870342188,199.2915499130502,293.54802787741505,300.65089186264214,751.7990106709601,522.6529303579655,358.66081119272644,613.0168910961028,348.494091709778,391.66567550039974,689.1511186669301,473.1089677822994,352.04327432766337,980.5959118887657,589.3001607106338,273.457445622435,322.57027557393593,1
578.3774682576842,137.12277598832833,760.2319254533264,969.9256204753344,829.4824274238177,875.3953528440778,277.79600998792995,704.0736178773224,167.19227561589167,855.0170744423361,129.50447571354695,842.7864017100875,271.51498972292376,941.1361287843237,30.35386034305776,902.4193689091702,873.7208140754287,281.5191524916568,868.4037551075977,785.0515806265079,1
881.8630606206021,474.39396322034213,236.1962705022005,259.8245129834539,491.5489610060232,251.4185383290277,377.16165536066103,132.14151865706148,255.18907872681817,234.1243662536062,414.6535077639989,664.5265332369237,12.750769535771699,877.0693168968486,994.6848614156896,891.2073536980706,848.9010847212688,29.35940362951395,516.1401751187942,234.77770456050496,0
312.3572421214169,951.5547019094928,488.8982417776858,540.1179129483291,702.4632943510877,337.27758524561324,325.0137267786172,777.1617216728605,415.0890286904948,663.7778686383276,600.9608482783594,942.0940240593827,350.7978021594388,632.4383935353321,646.3535017212791,645.6168176233102,840.055555436726,233.61710785090716,852.1320459795115,298.8403386917886,0
531.5617697997723,676.0883607703857,261.7680678064499,755.3263481574791,424.99604394731614,848.6687314319067,522.8197749901691,889.221192736884,611.5172860833687,265.82366625156016,321.94346220949757,329.7533765452323,81.09861957752851,658.1333217700083,123.2208943661246,147.7995967730491,961.1379862373406,578.7417748713493,650.4449704232577,950.907699370885,1
528.0507644491759,184.5464885291377,339.29243947413687,560.5096879430505,816.0095416293801,393.47046229599914,79.47191593435387,275.7681709182628,767.310260544037,662.6842554419967,288.3838028207979,860.4205309193552,652.358872084671,864.7254108974261,941.5869719600461,498.76728620965713,281.55067350347184,854.0045228208884,856.0692865472163,824.6054870129315,0
758.9452020919657,895.8170025148787,500.6832968546993,7.806556352693783,689.5538823072336,208.12826205545065,792.4304491432779,287.26281292390144,292.55036071600415,530.610895152425,726.14428821073,694.9857155912975,597.8531167551548,806.557025167288,770.8074294220738,275.32121035536085,68.47759212328542,816.2736957781889,774.7347713052518,17.513812694518236,0
923.5371755295688,183.28535318805993,194.66710664409692,227.559862192951,74.24720825564901,886.0983674398868,481.14896113103777,494.97225118703534,543.7875090954163,548.7198082496375,743.4423975445663,404.4191143791579,618.2153890767484,460.8452991622834,317.568241044416,398.57391063621094,5.196910867398596,802.2752116834979,553.0240519738262,833.8702644613757,1
687.222981589432,150.26587785156,641.5971702903714,594.6980941033752,193.99854150457975,211.20234498422352,84.03220864819494,79.53157888611895,262.1391313024788,966.473181777009,613.7380402602462,483.4888700802842,225.37871068238212,905.0537620135826,6.93705789689425,916.021607763037,169.2820709834485,817.2871189438961,512.0683234763565,895.6102209868432,1
116.0261323620526,467.35552449941144,19.63337386436692,873.5779316455661,744.193933421526,891.0715232125777,810.437828585246,131.70227889446485,323.22872687698447,108.74046298631812,252.2801774036536,201.43572451493597,350.6326270928619,291.9904098007222,911.8230468051836,342.9575678621658,751.417273389721,264.34331971744206,825.9760117448604,351.9476693423462,1
286.42561778138275,183.46176660400636,614.2659576300599,800.197061941743,529.647815228037,79.88469557780098,999.8931353230444,225.89164101672887,415.0975205470304,818.1313841131813,453.8236395435171,194.29731573349062,251.32293804319949,515.6795350171861,832.4538023669968,618.8072464684369,755.8933862858976,347.10799898338416,906.3335626006274,278.38042415324014,1
493.8805121467542,741.2896121260922,723.0244571985302,243.6145164861292,140.59013158908007,337.3487929527814,408.7704574854231,556.6984551147523,556.1439468288505,511.1552545050627,656.8361274355832,826.8663584099443,849.0222085942726,823.3625565496297,859.2725499176432,385.9256752268315,529.183068110459,382.66447627522706,187.7611573070177,596.5979313321719,0
207.1491588752399,884.6550450586216,824.411485195383,161.03878002381833,578.8781641746776,10.16920120828102,556.5597223362813,518.7929749469516,825.5097550470374,625.6643571426533,440.60207315424407,65.34424886426326,757.0798033802547,146.73220750934192,212.76535510453442,395.6177258670267,612.8454298481984,46.574437234009224,180.47152369254394,696.634009597195,1
681.5491665503632,934.1917379258725,701.9498909503135,564.792885368945,453.8479005156666,36.20217698030726,670.4449924832671,556.8574663021434,36.56809530381455,770.4988072288553,721.6249913935923,466.54118884714524,703.582088980069,742.290615474155,586.1897234516349,216.701224954038,249.50556751091491,669.3583966318622,139.02449168985055,43.770594018538446,1
906.9638165205326,170.91314318524496,273.8575574541904,581.5028364562903,380.60565010939905,174.45866592931668,608.5860595756083,98.79736950014151,173.58193330493154,754.9327730995738,402.9103780006106,273.6040251985076,578.5998806458874,1.3829832331392344,170.68951187071912,230.06198805572154,609.0110517798073,251.79509499675933,688.8831862587724,296.35545518724547,1
814.914020310174,902.9145437821339,188.01285352142617,486.66539507206505,188.1890528951462,730.7124889883052,266.70262930358047,693.2249953806271,27.018450595881703,5.481747695181616,508.5291092717,539.7661760247524,49.99538442957374,187.79605449043657,283.13173630915077,538.4851981156536,809.5833567997128,702.3708274509515,566.5698105637696,248.68857732296934,1
290.6305466365061,240.8581986452625,449.74610962339443,547.3304388544881,610.7618592729062,598.6530422087274,533.2177189124802,894.6502823671137,532.07458472394,304.2565793963365,997.6431344985621,629.3444224521536,993.224165604387,310.3289688213918,538.0552044758864,461.1923095643047,228.77834749777816,256.7173932946406,962.0597190597372,327.70109066999555,0
870.9520953730117,483.450722398953,839.0615978504159,633.5926787076496,857.3502704701615,218.97554366500538,246.71264438574337,612.7420948024749,282.02027644184625,916.0336787988771,488.6322231683866,198.33599314764382,568.2913672020273,598.4244194356811,931.3119630918732,208.8447975808797,815.2323186424286,908.1238676354006,857.04669222813,85.38627247636221,0
679.8429207112978,617.9512360037537,594.8515211164325,658.1058483995346,750.807408391751,550.2826548178649,445.7380379043662,670.882886961182,745.3683614729867,725.9780000692285,612.2870807491595,905.7342375743393,428.04697697327265,393.8512973253453,539.3232531872334,333.6352067803493,916.2804377652795,208.73173204800443,708.5122877332216,890.6005266466238,0
886.9677368670007,416.8341060176979,416.72176611232214,121.9694975365726,614.2910075270581,2.8254406536092347,410.69747291634906,598.9057522208155,303.0005144330118,835.4119711639594,423.8356996238578,353.3224026030076,170.4182902151139,146.38300767014258,623.881501734914,809.6994555682749,739.8007554016357,659.1709489869124,179.3146129584452,437.5208211707079,1
939.8010074515335,54.42577041880836,126.14147068755344,562.9173096793382,736.9091327011877,296.6569312342815,465.7263280564129,910.3665078781651,449.76617035236,125.90757919806583,838.7853462755218,883.4715569716568,917.2889667218335,289.3651137644967,666.3335806169841,239.33497855735985,56.38164593966422,974.9771919103882,895.0053255782692,442.32582126543605,0
467.9298256354697,937.6415987716254,334.6526283841207,489.1324194859015,431.1717003459776,73.79941899756493,315.67695894711846,563.000592690353,19.362633719539723,417.0308842217345,716.9144568738415,12.817764609071137,0.06571051552617391,711.4844271826629,442.24852829848027,516.985666501802,637.1631652992071,714.2378996748633,313.1547421682681,889.2090953900617,1
584.9646929600592,304.80954955454996,316.5724866763602,340.82047665153414,548.9075987121374,876.2679916752942,219.735715418235,320.3078203529587,411.3653111023555,621.8116701966303,808.2826527525189,35.761164929379305,283.00840818574534,107.3608032087654,307.0376919025617,93.801593321035,320.43905012007014,426.9083477187321,9.767696219541211,733.83161562076,1
933.4382893762944,547.8551516717507,813.9887882458303,353.129182477399,288.8539504359644,428.28322352358725,206.5168531077365,968.8372406042764,766.5244652844644,39.668260781736684,327.16314700059536,747.3365176581261,48.16620371921798,293.3473853312999,894.5713909248627,735.9311635659274,986.9475997779862,230.37996507947145,885.6437762067507,700.2834291306646,0
558.0856312887344,867.5590493037744,592.2679736091616,547.0057355255971,648.8070904380596,363.5175949865631,250.92227086787145,268.83547802521514,593.5671244634747,368.9436149783084,884.724928231394,914.1045333896028,499.8114795098786,224.49914979199013,47.24969768800946,988.9391446290214,13.506679009212208,523.023393967374,838.4073051206261,590.5389997214967,1
511.2097115562489,315.7276319787292,484.1207242511514,949.0591619085902,631.3544489309587,978.9161363670345,846.8148931388743,461.5989400802267,201.8482605230303,339.0885266159466,369.92659677410745,241.39142850881657,123.13610233013128,149.34517724647012,528.883065893468,131.22239004365665,238.8758110321939,67.6092103334739,458.05689084004916,429.65256941907705,1
985.948480980646,786.6267759177119,464.3924920525082,647.2163513216558,205.82960972929664,344.70897365822594,168.28624524926818,3.4390750123473035,924.3791812497952,853.69031934874,662.5418850193745,479.5907389336638,119.81105479151654,555.7568075993562,487.57671489517753,355.5663348775577,984.6456020982,499.6868903608791,471.80827318187045,647.7363574323734,1
576.6854684616515,352.422463034195,936.5421627174923,617.2089171736046,419.56899450228633,669.4856909383262,839.6742358713819,224.50750326017376,146.865977550632,901.3258169676188,846.0540792625407,512.5242018916944,972.9434480142779,760.151219303467,519.2016664355125,378.8489914362284,272.8098293982626,929.5808764660752,874.2250008790501,91.70499817712007,1
887.7965494773734,808.3876478027892,717.6864174691697,261.0875737215992,826.1593302539353,801.6411835346103,34.06051265109411,799.453104726266,672.6923077229735,84.49314051174639,716.5402477175945,946.2933990725114,713.4996250783178,226.90540467199594,26.164450583014087,365.3944030147941,663.772864653469,240.75235377912563,596.2508050332779,468.62144911269576,1
592.879084891541,404.7464969319222,195.13144789895998,71.75150259005092,524.0593715848381,685.3764804902531,953.9852132353486,202.8160910375577,890.1189632422845,983.6927321129319,730.4063369106937,788.4507400272616,650.1427040877095,723.640996646208,218.73607354908975,548.9718246076504,555.4349328010986,362.90483746920154,690.3703251506568,882.25703889654,1
906.9437487337295,703.1471424228495,4.672203855490609,284.37909025896636,456.86158654229183,248.56310521131542,55.235749177891094,294.60314620437555,243.78116661793769,592.1656596894444,736.1980964287081,995.6817342325527,843.6154331212185,834.2357384223864,795.4998387607545,391.47902564546513,351.9643958906308,463.9533160529723,826.1541543952147,857.9567951374154,0
922.0510185293783,376.6392124385753,883.6791626021054,417.09295175708405,549.2834440706724,17.724696210430825,293.87276769028506,555.094493093425,192.36965947449113,834.0179285825798,270.36380546224336,918.6768526179777,75.27796746712335,250.2690492578088,251.82400406365312,319.65521100246474,441.5804592577839,209.0411724612189,170.66178298488143,946.1819948359301,1
656.6467268199679,541.3633884901864,712.6822290220763,541.214174886476,1.8725169703499578,205.56428875250788,242.4511095220071,579.6728040161231,211.77686097645199,535.4122248250384,588.190789095613,529.4831331968882,680.9107983444889,187.28937078936414,47.73380414037109,52.83673288538171,668.8560503467077,651.9427906011457,270.50708906297336,173.2114128948945,1
210.0652325520085,963.2026179908569,691.8944588420783,225.573313584006,705.7491162878154,597.8059545725322,366.47779695404114,808.3259801161406,441.69344498854036,353.1726087113427,698.0542766396113,299.0466173224759,753.5878713334898,64.60132865203138,895.0513227855273,218.84313764905372,803.1294397398299,21.237544321065283,382.0110107839554,71.42778013839013,0
507.9783220581636,244.54468087597758,477.9079196172132,744.961152765377,351.47998025007644,847.8971292543858,440.1521857222315,493.21915102755906,163.23381637404287,980.2704841750439,76.14346987637344,660.8156954545767,339.8963781613731,742.27642261306,301.56441704767457,375.9414545049462,491.62558663673974,645.3629016288361,97.19968437972726,715.8590258597765,1
902.1642081842293,940.6420603059083,303.36968928316486,80.00856813118251,846.7446741822475,686.1738117105417,864.5375759785953,282.29748637862286,547.7533201050979,92.24852075920298,163.4358139693368,637.5082238671084,422.51899722029106,205.93310581203062,107.14466351140672,893.4962598242196,538.2484030888601,707.8300675750377,793.7099417802784,110.3733911789857,1
83.03486130913795,382.78802277242175,467.3513421583908,722.3555911225196,681.3129169084546,469.5262236993609,302.5721005195162,57.35861729526548,487.56808789300555,920.153513750858,385.12491572975995,294.19457209726005,888.5892682309518,960.791644333808,508.4971735643912,938.266898981403,152.4182092769275,553.3714418868277,567.8998957182633,519.4016621728096,1
88.26703283370041,907.0417152766399,230.0961346947772,59.24163856906106,723.7656459136937,484.6624810903156,719.5806954314929,564.1547389898559,132.3793048124755,190.51810468440323,261.33523152108705,561.1750168788659,112.16410017718236,578.4004419549962,915.6362799673697,37.31321554984268,500.3299492887849,499.29875884997864,946.2600749710077,815.8172874909516,0
6.633049106585687,661.0855037328621,19.88383701255603,865.3112906804063,138.27200198734323,506.8995521683003,887.3106114342438,104.41968019096615,52.42246665574479,213.11531107424497,647.6341499822048,464.23676020380776,458.49196136086834,286.59503203170556,876.399671477861,258.0888624191441,441.5826072610576,962.9871476394352,870.409262616659,352.80633604503333,0
438.8025007450942,912.4305224777685,781.1428701449472,756.3795904022048,211.72872488696038,293.21862237231556,178.33903177439248,267.4812128204478,72.71265900749913,518.9035721023205,10.664820862318125,831.3108300498935,644.8921401034543,817.8889817178836,116.00800396935529,753.2736420212418,452.13295335831083,92.79916044011883,558.2249186854425,650.1723815317978,1
684.8441092559444,929.8812830533866,157.54858485023138,911.7268634224589,833.5710963453142,676.7862570627145,620.1707652722298,207.94788563659017,866.4834839211948,197.22493587499224,703.7264486395086,533.9737096861813,233.83208850879888,601.0907814595695,822.7294733521827,360.0614498535424,137.7908767127326,700.1861163246537,717.9827957313285,316.00293913026564,0
112.84483836709991,862.0172059141871,207.94753629262453,659.5678074076302,696.9135764478903,161.69531627706024,129.3079532788167,581.9978857355536,30.37711667099763,219.11323002588347,708.22080559609,211.44267469136247,695.769208044344,633.4674279735162,310.3383045365954,379.78873978352755,769.9205941389622,107.67290470141366,103.57008849080052,504.271275922222,1
645.45417752239,826.845291573984,599.7223211774582,246.21544425866992,572.1522131644623,417.24349371401746,530.3798281324783,924.1320760958201,882.3778190568822,407.61151712394275,182.2914291898906,425.28343517925083,801.2573463758852,738.9875926831464,155.30302069336554,934.7522361558287,181.9605417693725,436.5433946642612,865.1333696065576,726.4237870310515,1
566.4147750688855,352.5244835800653,181.64994257152978,975.7255530208414,422.09284563695894,977.957650507363,66.58375322834631,488.56118910706357,222.1585674992489,854.5862992658717,419.96886332565185,677.3944850085322,718.2847539031554,106.00281313451899,953.1781108571886,17.57729000030961,602.2653162761125,598.5488983599073,98.6604282274649,519.6369541970033,0
717.4007101445369,642.0438284777973,612.2500732284988,691.2116014579659,532.3397869655262,955.1047021647346,766.2488852714561,902.7086065260656,414.1423502709817,345.00614355173786,430.5175260080144,231.35261881281377,699.0134689244967,620.312895325275,219.57114880253226,217.88731581844468,368.08256961485785,620.6490786227082,676.7015599025281,670.651546122254,1
225.18069300683828,814.7169779342975,966.7017730105485,132.74694807303368,510.7207263794306,834.5970484520633,956.0915789919404,725.7436682923494,262.5259595816177,180.11423670780547,536.8954712830307,404.68118365234307,645.4970827022413,78.48145642982173,519.3836208410024,438.3085645299326,92.42272922205174,453.1515184846372,795.3716137778503,612.594781961632,1
219.3698540438853,21.849596303492813,123.15006139772,662.8464406527866,769.6889789943124,502.45379458514117,689.3504024569372,559.000711219414,425.7879225233725,946.699272517426,351.53879982203296,798.541509034782,635.6906257154443,337.4755633233165,394.29410930422995,948.4298483768329,565.9809247933246,812.4094056439202,628.3135739421272,426.4566270097192,1
701.4050907776474,169.502142461591,253.59419921885285,999.737581310878,79.70610561932956,196.5872492852987,930.7819615088837,879.0175862233137,233.6229962885914,264.68245608997853,918.8985047496199,185.78275738649975,72.40600042117107,913.304727818024,873.8261380863104,973.7971944103103,630.1994613457405,384.1970823189511,664.6739876256107,208.68500382968935,0
112.02753277877197,263.1074255729622,656.4104776867514,175.22897993607646,450.7443130288582,299.6740075759909,589.5618251535233,794.0956159113501,204.49375552241722,929.5692665639039,821.6700581195267,276.25693441998465,533.7239870226146,83.80296670230314,454.9410120350329,313.99516822097905,840.4613440801068,563.3731187828051,202.80069218092945,425.0575228700054,1
930.6165597428168,201.6571507342484,694.2794917331424,693.4970947519748,425.54532063589625,114.42542113713994,757.8140715577048,99.64425809435073,463.9716449254997,676.7236027968698,945.5320593808215,836.2332521439167,258.0673055440156,623.4085444145263,173.92981110609495,400.6233613937849,646.3054501606942,119.60549908661311,469.3707550463617,886.3111036563198,1
320.69197941470816,159.94662268432168,600.4776324255539,841.792831420707,379.68151122537586,464.70390274714924,318.9251218363992,344.75869018612605,834.0837722283236,100.86570486115198,217.50351657723098,90.77514914978802,915.415926142797,985.1990687744499,708.9662936904374,310.33196208820914,720.6393205298541,338.65912983248126,984.0251761230403,786.9876294952746,1
386.04011858418494,700.0195278624471,951.2138572538751,802.4935301727546,17.724846666132944,838.0037801115475,58.339264612018994,761.110863213333,670.4450633137493,434.7172414921827,145.6441511749458,60.16060030203174,165.43553578828184,974.7695856007268,61.52022189061734,394.34645031970626,65.72923882607363,309.15676153139793,409.7470272792374,260.4428116693689,1
346.95331242254866,995.4057152545195,494.5279902964838,990.3404569575769,464.8449177005567,155.48955120255937,678.9285393666872,872.0474880168412,813.2678288292445,550.8574734766739,290.02958559633,974.0831811075603,24.127073075454476,721.0203816752855,567.7344336563165,633.5322496178412,380.3595206352829,372.08962459664264,837.0389788036754,313.20702365355066,0
319.7983862774909,611.6076426126913,79.79686971272015,277.781343015889,388.730534791339,410.83907205686234,31.37323035258199,910.3682739850631,921.542178485329,338.984194700479,62.77851813799828,908.5201801822673,278.9681083982043,657.6805739163774,673.2958705914494,961.9333688952056,538.3452392325414,308.30585399260633,949.2929721370402,855.7728161089774,0
840.5605878995956,176.14698041010934,810.4009438503683,893.0120260307154,82.8831572841906,410.57948951765064,785.4399640020973,86.10018627783178,540.585055474461,330.25408636539845,64.19281828289014,91.62383518650053,217.01421516575192,200.23147127254515,859.1257328702845,274.60981637274097,657.414586719819,600.5555031391464,916.8604331145767,696.2684434127121,1
779.3807396908315,960.4339690436708,403.42360362198826,998.6445819181226,913.5034375256008,143.85527946168986,179.04261173556247,88.35482530481131,824.962413098924,625.7162289565318,388.6121671796344,89.15128113486826,487.61538405083485,294.9638645083824,418.41841667518406,428.1654698199634,492.2140391417197,64.98478611756609,451.6087311015452,436.5521050599983,1
898.8943713279671,690.1676064492988,897.5100564109396,353.40287769668276,468.079259924047,870.7316966004638,990.7179586420214,760.2891796962624,882.455613948418,343.06738151084693,313.62493975266415,942.3877865299203,3.6152799033413174,27.063636048080042,433.0375524221438,818.7289234580464,510.1789985029532,903.0003354000379,549.234859909486,630.8666737856955,0
159.71750347713797,943.4969999550369,571.5085244505677,901.8019274109082,266.27730871445186,969.3907419096533,52.86092777873408,81.08271681911117,949.0918264326332,971.9865752768939,958.6717760106459,578.8860245353984,650.9984903628402,785.4006445249241,416.23486605155637,930.3310973118274,505.13719714957426,252.28303612162907,265.4812071905539,485.6547721746033,1
148.41176216587093,783.9979411384443,990.4484015773759,331.2517856205738,710.0034177804994,269.7732499468282,636.6076969930388,495.70642780833253,992.5773288287007,152.37766364402506,425.5667353638789,1.290270847585373,739.7454010150229,814.7877101237871,667.7761919262441,662.4639336301702,639.6762953731698,940.1119289298153,904.3099155127492,284.1732824083106,1
656.7083455412061,585.6171234805254,77.90156782467317,410.00839206834206,949.0595961010802,533.0696584341974,956.7557702806677,424.83906691464523,51.881667371489584,180.39304653993082,730.896166308561,476.6130313482447,81.10372844321967,596.3603396107819,103.90012835651541,565.439809262946,121.69582957184221,874.7002623952657,98.64160530636346,589.5413526331704,1
431.5779239850247,992.6997226498414,204.4492245368601,986.7294244874108,201.7180810248381,858.5335475750016,334.00883003146663,713.0827246221879,190.04811530661215,988.6098953603829,342.69863884487717,696.5373719115801,352.49945020996176,650.3282897066451,231.59613123449708,284.750210294619,194.2558485924837,111.3665805127253,970.3823369389244,575.5988109149297,1
201.66196692578708,696.842236720033,972.3066545160851,581.5705285308761,48.06773634716643,922.9742627323445,738.2511142402572,281.59695040488384,157.91668455756525,929.1466476100375,428.2308092508418,814.9629254158687,86.26318131793276,996.6122052873638,203.19358773273467,112.69352022958057,619.4953042549467,981.7164712326606,532.0752759964552,395.58542690488827,1
859.4878236572354,229.69532772125356,608.2766713879166,156.48742386804736,925.2035125505557,133.8437853919524,733.1523983414916,256.1148668245764,463.29055860753255,487.6464730197371,872.4484085858495,358.5474321520212,563.1440047464616,3.8712213597414946,216.91596018302727,140.45958978309037,819.7157377449666,452.3600073984988,281.21661295448973,358.5834857049681,1
550.5418748194893,640.4226916442008,269.7074664305722,566.0045837074093,833.277472823945,193.41148267123054,88.90016959483327,645.0335667343543,768.0250220606611,974.6363175275944,850.2947284575346,999.729028033003,645.708394695436,169.08280779942552,15.701178118509462,420.36350076750307,497.4724816922145,632.0665080679094,622.9623538635371,739.9527804610253,1
194.28754131627835,628.3447296130832,824.1392404318173,952.7964666930405,788.4092537027594,379.8745255413125,91.64207754499066,848.568170307478,928.2094181309856,883.4896152235306,197.62309298737603,536.3130705256503,979.6164078370493,645.165426539306,344.3001348734617,655.6738813992529,88.42553401114195,911.4869628846911,569.199776334126,760.7670767430454,1
836.4280391973405,348.8407544285489,278.0600497931675,579.7060309844863,848.5611103437172,680.3262303124119,59.152667516642275,467.4599070701172,257.32611049731725,212.22645208753488,746.9215685150449,893.6048049112047,472.6819869180764,642.2473255511642,257.734367765786,959.3355397913191,938.9277533372504,754.9145527190038,703.7077770622396,415.14951685575886,1
435.1533354726926,752.8867919974083,156.394112941309,564.1905929432562,224.12898816372285,752.0747932897674,278.13791838313995,673.2159860810423,590.4897407261234,74.38298195545833,49.440458202324564,289.35737328900814,64.82019731906219,430.2536864600296,187.7216716384682,509.9863013309562,793.1624682031331,392.90574220183663,330.2203166835268,317.981275582765,1
303.05665721929773,51.208822505448005,338.05966633815996,828.8870833317818,508.13609020009596,846.5512710400626,880.9219641706327,65.46242232262567,956.8854636225102,985.2932078209108,838.484445396669,323.8380737823404,260.8668377883848,427.8486619960561,43.803663939799954,689.7915129132166,164.02557961527754,146.9917465159869,436.1107172615051,60.56756934809216,1
790.9374860422841,134.34162737975697,282.25975738962984,679.2558559870616,349.15659551386557,834.2743211260176,639.2820874039619,781.5845714244657,219.3467911053827,695.7510891000769,913.3284404060407,770.795901789913,90.89480059448674,640.9006184609749,744.5967460310918,546.944964629627,881.9811669308742,536.625830292667,247.61919482760442,467.39361946948657,0
756.2995275008007,3.521712429540691,176.3617788145775,26.365533193979275,887.7917769197308,147.34789533352279,916.0075137114911,411.09394676763435,892.8036011412295,894.7432909567689,544.7848509002773,791.8389082057871,949.1963824366743,12.74188141144017,243.1117773935363,732.154429409971,54.594566075559904,23.71657015054385,841.2930275844902,988.4010034318325,1
958.6982535638176,359.2568099823636,282.2133514183063,539.0896642775251,476.7355481645955,163.40020393745337,458.59629992795516,885.7148581005188,424.1366966018,174.70404593472566,549.103985434787,191.32866891807598,508.44803666828966,622.4795208901488,843.1249123267701,833.1049864950079,38.217882696531035,605.3070263012726,158.4194448343833,974.8227024480459,0
688.8795682626668,286.01622063376175,117.30090840701013,45.32650706811325,25.49766585004365,416.4508434757983,364.2723335590381,965.9646502607421,411.40042748404915,558.1787264250803,294.542769897423,88.50679000656636,250.2198464265044,356.06805866258105,92.95737654638181,400.194573164526,351.88622193742003,970.9342323938732,825.045765118439,348.70351416492053,1
988.7192438836195,595.213141595402,303.8331253615696,506.31919170478255,846.6947258341395,817.8976544453922,268.79283815830115,927.312146825062,453.93926496788004,470.96183267492245,585.5445183406634,949.6104177932752,299.11156974770483,570.6432214131478,589.6392242494767,748.0081199319609,623.6833986901355,617.2285982922884,219.28721835072596,381.1174430314659,0
16.552859213801785,149.58996629530353,441.60254887311913,751.3336342219336,336.0892141980886,325.82384356521067,245.19184473540568,767.8490946365804,301.0460674777342,399.4458873847553,541.8108392742337,462.2216138393067,674.994530155157,109.15685031174127,438.71236242043574,168.95260764922614,763.5317757825545,30.14451963520004,982.7619235978343,937.0170712549411,1
801.2546359343884,312.3133404203744,810.0568896352949,454.87042834617597,227.93260915029,958.2498893216662,617.1235305433407,39.30629092604321,662.9014010527569,315.0350798742556,191.39190012260775,853.7695117631424,103.51406106689687,84.32634154658447,855.0649241037091,736.6928242768687,841.7595748799987,856.89807889141,547.9753023723908,749.8079533307234,0
745.7669331214944,68.00881171872686,624.2788665140124,886.1166266542734,358.13604256447496,650.5991035797844,167.83010887288384,861.4570222145919,440.5120218690042,700.0031420759801,333.86220778382267,844.3329269054459,581.922275644475,441.5065230066355,727.1832045313491,124.55250406690233,5.014717079532938,903.9714675226597,446.8482422781266,834.2636076792844,0
916.9727899554742,519.6936141647252,347.4691143358112,777.5909079781624,114.60515063807264,307.87675630900657,142.53520734279513,22.022173955922764,271.83343762246517,352.24742470325907,275.153040982663,377.04952921093894,394.6688571638924,762.9965317180468,508.56538939752926,637.5449503982538,603.1920840558744,648.0522558621657,395.8415079688159,305.76222127064955,1
459.3748397343837,487.87536332546597,417.07424390014927,730.3871092673372,260.91854643552705,608.6928579748115,917.8292897039668,207.35052409348842,974.3274908920006,902.5308967950938,143.63287041988914,205.30835112129674,191.65259091369768,305.8673443352722,786.5023567193598,225.14784837894598,739.1821066260053,63.12105386541123,95.35687214779864,677.7875291328038,1
882.1981904933228,168.58829535566088,248.5711087970719,948.8829768191644,290.92739813852654,127.08160286062964,560.5803494906986,162.06335048916952,608.0666477199638,216.6195865988473,415.4367100053745,280.29999747103216,171.74036976418571,218.69790757858553,138.5946078478242,23.839422452128332,821.6932083972582,962.5650093224522,283.29784357066654,445.0763626130705,1
787.4861700399721,385.1846348675105,329.17857580878587,627.4499314265947,589.392836699021,458.1646012349498,750.4966817925316,809.7435805990149,690.14133599435,898.8400153613422,424.36861524361757,349.57811408539317,376.6047359181017,605.2527220959158,234.778566873047,100.17171878731234,570.6329081882648,406.50653775340675,119.73160055450849,96.02577812637514,1
829.0652913780369,359.5259425569417,914.8440690005505,498.05464635437613,820.9564193537875,591.905586292829,861.0218007604319,903.8335536826816,187.71608085287028,668.6509766821313,515.9807051980977,599.1317698814179,200.8552488641012,226.31617669103932,102.29700279772347,348.4505844469823,980.2595425384004,694.3302729048672,661.8609092644142,726.8232154129457,1
254.04448901209088,975.2738550584074,629.3978035894866,66.02921583400789,861.1967165343588,772.7586583977329,792.7197990419749,961.7772674843327,451.4645488872556,817.0260202913848,977.0858678090722,616.8455158439648,465.96614085207534,853.5689161386053,485.93254070982294,533.8818529096403,636.525982022887,902.8001596844911,752.8483401184308,681.3365403049876,0
414.95771839107323,83.14057951807175,846.1195296866699,409.0359787484862,789.6873576448811,722.5717911420867,249.0404840613638,474.8075678351253,419.9110324262698,899.7656297817191,112.64443810060776,341.30627995685194,495.67371649907733,782.0581632767615,105.42919547567531,175.875051712431,633.5031514586537,837.2642737465702,156.8310062840478,951.8651313733718,1
975.1406632899879,684.1451197496301,876.7670570187762,444.0277416364866,10.446590490056806,331.1363359573501,685.3055131948889,516.920608857964,588.7221537994113,723.8989928604719,586.6894489097483,834.3649391120679,996.0647683181221,699.9314522638072,421.16298324899816,513.5402841245932,258.21395555715554,306.5109801785266,900.1381549000021,597.7892979535037,1
419.01132416371536,564.346896894729,462.12898697421934,889.0024937233408,149.17755131559096,609.0882019415819,364.38178344464364,668.8500896588937,67.23985879896865,973.3914944154162,21.49530516101372,99.33299061237445,989.1416047051054,540.6963954492621,53.64352059714494,407.65870007043515,721.4253002029967,227.76645078630986,863.2471964436506,881.7038137985243,1
706.2041540740861,256.74832681884607,797.9756652226358,548.3968981114733,715.032404520673,151.4153678875596,427.52779627092997,404.9302430787779,690.8800809047024,406.5120472445278,717.7303395558074,32.218789023452985,815.6688031158777,699.3096381313396,495.7138346649562,702.5358192647702,63.88084885099276,505.2386985110311,312.4460402361341,539.2695840069492,1
828.5305239429396,778.4550386432602,567.2188385568805,124.65558586422176,821.0976946286053,278.9199806439993,307.33525545867235,355.34980129935155,158.4345672977474,28.71968960139215,415.6249647282023,849.7671961164474,109.06094484181284,935.7465286164147,691.1622196281734,929.29525348533,52.943991091697114,395.67826773712744,446.96961492912345,177.0330097458711,0
967.3621474596081,154.97898967406877,223.016330816726,597.1701707060582,123.6179047971151,597.3482814625406,934.7718256966976,225.6252461885333,313.09656158411235,4.281126342768449,659.2579364748142,409.8999527422684,248.39200850495223,598.2156989449905,477.6257057686406,826.9716556102555,689.8101990592758,25.947576971564356,773.1432611284447,441.47878377448836,1
994.516642070762,190.34697308632087,15.629664967533152,763.2808291004071,642.8502247475811,865.9115548797846,465.98799096938404,640.0851330882548,290.99048017458165,864.984416647124,507.83345840456263,335.234446668689,464.7251655921276,82.9773399636038,203.3901168004617,215.52301535495988,450.41152070576015,386.18516708773876,582.4269766727473,588.7859328244945,1
693.2233093671146,991.5322296253366,901.5098593223825,731.1646994286831,991.5201000458335,555.9958801394081,711.8309998810842,135.95392681625907,872.6285893632622,29.846043127264245,857.9955552418678,880.7356702573866,10.213962180861014,478.4039642233274,635.9516319597585,992.5798238997507,310.0664889590876,13.944390604236911,336.30367980787946,177.9141011174451,1
962.6408460184966,191.07865001872625,626.2366470200709,492.01250136886466,413.3846049846892,935.2269899214489,0.1576881960971832,443.8090474298057,741.3686052596724,942.8605643847808,494.32310910080344,937.4885189946615,551.8590611091241,200.1903260650696,484.19082344607443,939.1305606098903,206.90538840604543,599.7963809603924,571.9940836275653,66.10323457467837,1
639.1648330374596,742.506893018808,418.5840299149347,308.0361738056337,887.1859532090575,957.682233892258,788.1744890470653,179.65001019438952,402.2952243559882,331.75243848044886,398.45150310280144,995.2815528165535,467.5717551254529,590.2656062697477,582.3882256238848,759.4912900528711,500.02426838527504,618.4908745551804,439.4127541094689,238.80139299095626,1
129.8019484296673,366.3612005694179,241.1203046231759,180.8621669439978,85.1446499886036,724.0059917968931,638.8160248587436,677.6032660052584,531.68162000831,608.0268222583443,349.49401846071015,627.7692838556395,244.9052813525435,961.9528152563373,762.5737837841839,76.91858506070959,901.653016402754,295.2612094916355,952.5507363784956,801.7073376247756,0
638.7880767001167,230.54656218955316,91.98109746299576,298.929779410849,388.7793807599442,786.6956944361406,378.4485842241793,456.52757416245225,589.2255074479051,22.40374198551265,644.6969160997683,397.5421536913353,34.33791004765763,477.2859482762263,968.653379383162,741.1526976251056,907.3546527163394,706.4302595847454,772.6205367241305,778.6471848997477,0
287.3442618648214,267.7013060868196,490.40518562647304,172.74404495521424,994.9351150755497,383.68511217051457,805.5167837236497,221.69554625034948,197.93126503046176,168.20733791977082,660.2488249929636,714.9562497031922,45.6263715084958,362.0834082856766,402.8445405823368,675.7619790354089,358.92936137301956,948.4998159121044,204.20362420936254,774.7629327259298,1
902.7283644289689,886.3368281531519,116.54554384045812,51.615277880985076,217.19068860357305,443.52222458073953,832.1439548927686,387.55846307133834,988.1938293554421,899.9524422181714,673.0701468070723,469.97634671278087,933.0810294041692,233.75367182470185,944.9301194178545,893.7041832229331,800.4963043387262,317.4996484068747,911.4773557956246,920.8323114294374,0
265.3602661222625,97.9276469988718,730.7937259209225,574.0097658833473,398.85436612266034,262.3338159204135,527.7819465064005,312.6476677621491,224.97459676129063,90.70042270850142,229.95786093008786,471.93875662050476,840.7938809997346,93.83306006319414,769.0374125216493,365.64666057891236,598.1454180054988,113.41685003958901,686.0787184689997,929.7188720629783,0
637.4073142454531,960.9511979352714,273.498651633445,226.32138354907173,781.0570993861335,112.84628812531972,889.9255534503307,850.9543640298522,385.269901023448,347.6635720118396,268.1787876802938,967.5579104114516,705.1024238241505,513.5604484512501,284.51038126667095,126.39087033894114,919.2939966423762,721.9795444527382,742.337475018028,419.529168214803,1
475.47021504221556,95.86912656160985,763.1434662283096,688.2334836897891,247.41235542589556,960.5439890144054,612.2322812649795,185.45848861843507,181.91310741481038,62.9005544322766,203.58082375840513,533.6763592650246,845.701158696343,441.37056304561116,782.786090178251,368.1564731870914,944.9535814443119,571.6561523118659,651.0395891484569,158.82799851525954,1
582.6017474986159,629.4651218011956,413.63630482890454,622.3005172115561,263.55152965849794,87.44138977838823,235.49613230570876,721.4377222221574,778.5896037011753,759.2281149860022,928.0576460710033,684.8608087045644,939.9543846160019,698.13855313697,91.72874849716572,298.7130757765173,528.9095238677592,711.736886332129,457.88237832006683,430.95085626960696,1
319.3096025808394,216.43793791010435,742.861204048061,574.4116838864636,735.424984247523,589.4770062572818,71.24681519876364,281.7141496405692,548.3914002512892,485.5303797615617,21.16761743807427,719.3596739345606,845.7385841206647,528.1987695970718,108.70150700690118,326.8979638931773,837.9106744221745,93.41564303580252,245.48367046450758,212.20474785609267,1
255.56816586228203,514.782842128888,418.1618302489608,336.9943228717679,660.3044871362132,111.47196823268845,579.4910331902142,562.9455069571204,363.2962126876632,623.3016759237067,546.015627711365,264.0194177533961,0.1242370223343281,744.9642102227273,32.685345561659254,447.09116950805605,497.2576008614655,497.0926775759655,976.0622035227665,607.5105612025037,1
795.0837388142244,544.0573370577392,129.38398249464566,905.9447086281756,795.5829987846956,353.764743308921,430.5815429096803,675.0527413695615,406.8174611312862,218.1693455396313,242.77074943509325,732.8709089548989,287.9706989596639,737.3320335768249,221.61958226231116,453.01107956016085,241.04658232414778,768.1096847761007,649.979822756281,492.7902473628293,1
92.99563068543048,516.1007682152516,549.1086937689789,600.3143028692084,967.945274204887,300.4817743301357,581.4959528662118,750.4453552023872,34.21675543391534,906.5399347485264,288.87132169860973,66.33849172055362,606.560429457319,616.6637800849946,122.29882753440835,150.0256449209303,822.6014656246679,633.4056978436075,245.861252375139,59.48453649690055,1
620.9141036934255,489.74524377590035,419.20860638983913,843.567884223655,412.2748744826312,686.979528924835,4.135355824988807,708.0334825642511,351.6928709381434,142.99617223894856,329.9487105529075,687.6750237387892,470.01385817134656,674.28431339181,222.12931002202873,978.2849182656154,21.307765375399246,315.30756450004526,193.28439933640672,697.20127081764,1
83.37458089318206,485.1114517643198,875.9181921037833,551.9056871495501,916.5215601271632,624.3301377616584,835.1967464444205,970.0871786512455,731.6070794024076,924.8422677318661,92.77385255923932,82.27631994814577,750.8965161951974,586.9065806625114,761.0285633020807,647.5455869673576,113.30316879469937,838.1673871911498,220.83678255073625,653.1405898580336,0
972.0221188673252,139.77959325819745,153.6332614269975,673.1492013810913,49.81332836164343,58.43819636215753,279.8542679051496,245.63192438855154,920.9100555365333,675.8456857798707,175.07916708565872,224.52591272951915,958.9740308551853,918.2408780829962,321.7212739402223,727.9687207496715,55.40950446717985,759.8067242715657,918.8542650679951,999.2758376131471,1
833.0049139779401,411.36126311014243,878.6447613535082,671.1729702379134,329.72765889985453,681.5700964170496,948.7972576444383,867.5942447427345,647.693262007175,954.480144619222,977.1157995690163,523.2437681980875,860.7267476689251,624.6333171753174,213.78196161275065,264.0476680524061,800.9134300589091,855.2426032631422,331.5428806429915,638.9459807896811,1
896.6210906802673,536.0572810746125,412.4275320642337,373.30429110424257,920.8909304984921,197.95538563938197,473.428657459275,124.31247907810894,142.72354088608395,773.392615970764,730.5627626871806,409.9353378853039,142.2412444665624,622.5309767694641,887.6873358947796,519.0185395570534,924.8821437378223,770.5764426227882,786.5394589100664,290.19826751568513,0
558.7785415724055,709.0234068367824,531.6132690498772,770.9566830506722,294.6647402094006,838.9752270467413,769.1124973116473,65.08466818549775,969.1086400329914,938.3597125582875,514.2888929823297,814.4880931590089,926.3152245060915,916.1804034900682,197.46402956412456,235.0541578918477,56.01706926533079,343.5056470026689,844.9871770626008,68.10617838179067,1
263.7107496407638,7.603152897647236,286.63206990004653,866.5242404919289,446.51230359738867,85.67768818856403,811.9342468185276,972.1062213574565,396.73261051240803,398.33436034571747,65.3451836994251,394.5516024224177,0.917413235776765,979.260327073696,553.4907761819564,490.63986014176174,232.97536966528153,388.0480423427081,873.9771821400999,797.793262286925,0
655.8169434987673,979.6038001290548,820.4850421768406,354.9398102401282,229.60198366879413,825.8801709474212,464.20267928590255,488.3773839647214,101.44289486201107,158.6984753234848,740.7802355199694,251.67426686843274,845.8024534362845,475.1912737666447,237.23257729976388,523.4776776594828,665.8092111291736,644.0905780881118,771.9187289272485,692.5133700595081,1
230.46611755798608,14.456777645987295,199.2088253541192,321.0133467028314,178.32115035101515,119.16036711158284,544.5735438580967,29.464339792142358,356.43407053552977,785.7614467514429,513.6102458109087,180.02470286198204,93.99079441813495,686.8833487526375,944.3103705887027,321.5185032109108,43.41611915413834,135.43003263435483,623.6635538450901,94.74871959048114,1
903.2415487885539,44.69948909157828,53.5903805650344,567.1236907061685,470.29631478496293,649.5653327834228,307.4929132689774,330.05226897334205,689.5919158037681,801.0926174403014,448.7140189871216,799.1839277915631,680.8960480608171,362.68265569213867,685.4354355840005,722.5047597601791,253.69747823524068,540.0633271558653,405.1379348669851,351.2829177759095,0
550.8253146562992,568.7364332473251,268.2537268665103,757.7654215424143,964.7752167145333,628.8790216851685,695.939953079858,410.64392875087964,231.07715204108615,514.1170675678301,981.6872684710452,959.2070306698739,293.25527250795614,577.0446932618474,814.8811989408695,964.5164366860553,427.4027631234023,607.1479016547405,801.3024255860806,330.04262512846816,0
103.82062318412989,87.00429579617885,708.5813205719636,598.0010634789876,181.57364197777926,315.36183265009464,188.30160697277498,724.6828489002494,555.6575706679876,9.88080741810371,848.4480709065248,135.1199609373549,225.2363248027115,390.77656387237516,602.8460316468729,923.7275103957005,859.4910912546939,716.1529994810561,622.2147937998436,737.9640978038896,1
874.7268618173563,401.3797986493686,876.7417522511874,195.31375348053314,72.68113498901808,501.73494966064715,843.5245885636649,46.34122010660469,558.6186903261772,981.2200491215743,49.1475890268197,571.5036706371498,13.445988222501315,355.5038007751335,15.85405091845482,647.7273139096123,544.3776941064988,447.5757092171441,979.2769936512647,475.1304820083054,1
57.30750469664769,607.4949938226591,481.26361419726425,325.0893617264674,763.0046948145773,837.3255753462247,25.159792205863507,912.5586917690325,58.580198065425584,543.1001036363449,335.9486549031047,482.74654897004643,389.8856337997044,874.2319991692916,244.3760705437097,820.638199080517,757.9331636656443,531.1970275305265,478.649763931376,183.64387913978487,1
466.1849693639267,139.78896223154214,604.2400704956748,94.502356640211,559.2353510361821,987.8348778348374,788.4615954200223,993.7214638860398,784.9041245333642,654.6262618037372,779.2633243123,321.92272682548395,197.00899179889208,465.1955362836534,9.713716013006968,666.5622509327882,370.777592788038,451.38191033631927,834.3636577839272,689.7551009218981,1
900.8387821279318,60.12518533767397,902.0827657669996,729.7634376649602,789.2662665716049,493.7048261300083,905.1550289926306,707.8867038826014,664.5289393020937,982.1173416592924,851.1745646539761,517.6738093330623,338.95162451124503,446.30130970757807,276.6087504992321,609.1075761929777,997.2764323156227,760.2838816631582,321.7429617147577,298.4830876800738,1
716.6428644994261,442.21447981666097,929.2079543387575,622.4786174677424,830.9053451013932,674.5070781223505,846.057827993808,924.5810167140404,389.2718899039669,459.91595209088564,823.7854658167175,649.2573233714609,410.89688670870186,797.6753488235355,750.3732402316618,498.30070270625214,582.1719244986214,325.65305128996556,852.5579050684299,370.3417548353502,0
727.1405487975446,30.88963253744581,699.7272088187033,650.7523412607502,292.55461604798813,940.2519544643491,940.4175581460472,231.02049581162953,372.54135030814405,185.0963507206569,162.15849290225358,357.9159359868402,90.7385510603823,960.3363940858686,814.8191085244907,364.9748399127555,909.9650570175985,282.0832932525581,876.7943267228703,90.39979683957111,1
484.83554888186563,658.6841320248087,127.67884276410102,191.55939944823962,432.95998441719416,879.7785329864288,196.88967395947253,521.36991336492,368.0767110850426,436.78003273558954,132.2974859591932,549.0831941293895,2.6808822958213074,957.6371307286756,938.5698749112421,394.0286554574142,869.7196144093904,646.7708534384303,354.3205145700812,474.3211890870972,0
770.3607544971092,612.8569905168683,703.9667897422659,142.98180736574994,345.10835979587597,383.99614828526376,614.8409709328196,196.81270057074275,83.67860677132688,137.3945320735479,349.3409235474586,473.7545625047814,375.4681120960622,120.76688655427581,165.57177746721385,698.2344295214025,829.3191318988661,534.3051303418949,99.94007957854889,510.4029052529723,1
197.3072267934759,79.29596606210099,200.23642324315094,47.88134080930395,566.7147681774865,630.152694459789,311.07389861422365,734.1592719658506,470.16181204857963,937.1559575881927,541.1603141065364,29.564346452566113,267.15629968610443,158.90361500688667,179.10024631990962,649.472409984333,796.4421684130184,307.60298025047894,672.9627873367607,834.6543147383519,1
119.26854849397472,540.3162364166492,367.6476096096748,710.8635863738151,213.32144112137706,397.9849549964275,813.1623398845561,447.9715423750579,137.92864834384156,991.6063881527156,927.0809072633488,314.1977074051051,727.7962989311454,300.9632731383727,535.8478065970705,315.7932790934107,164.65792743443762,586.6648532990997,91.77805977928854,967.8847268871004,1
287.4366910906333,918.2415490844795,794.2574894615583,740.0534329718953,405.4453602072845,157.41717263882427,883.7759848733343,529.257261548838,560.5922603396651,28.421583983731622,207.987026077053,830.9623339100068,328.72884098402034,923.8123893201823,105.26513119980285,545.9483799023566,612.5214838219829,772.9273819904097,860.7819409675207,952.0339258684143,1
287.933925999121,479.1768438265801,688.451168085658,142.35740912187012,950.9958404818998,877.6039369745027,824.1190796505066,629.9299036301354,689.6704124920675,326.98706842798043,155.89742707062638,956.7402913011034,71.23980933941687,699.8229203748009,617.2868124342076,465.1116521336154,753.9438084616509,818.930166545863,820.4082322211474,547.859197257891,0
579.5611917186584,642.932947785046,887.2973911405682,559.716094220497,376.51344040100787,813.1140063842223,4.043018856647818,896.4054607086832,598.3099528431338,125.81671583345111,561.2295114658477,530.2745523596813,50.45016440404226,639.4217053225924,179.75884698803347,691.8230900540303,791.213581152497,61.02763491924812,455.41886734062655,701.9886085914202,1
323.92796943412316,23.999291953342716,112.57007037043998,310.55145207668943,694.1596894618384,254.70143623189622,225.91942797084042,508.4763030061757,315.2427103935872,796.4777911648198,820.0752484720349,192.52165062527214,367.84408981996296,950.0183665560334,718.1796206803023,932.180258590532,480.85408980757904,280.6414511227686,764.3741758748862,783.7647147575602,1
773.8607227374544,682.9163787767598,261.8918640723601,519.8014955198846,820.2403168298139,669.8283523834353,489.35133270085197,97.36982715455866,518.4827503202955,271.38572186520224,278.31221254413055,625.4081628942657,111.00892245237203,763.7926753224751,584.054152689331,170.00649263929958,236.59892996504595,539.087563710641,682.9834077256078,761.9592507680189,1
437.8259940484257,894.0287327067913,354.4614420201588,987.9659044995944,231.15615350856743,837.098287224865,654.6777644124113,162.5889202320613,560.1298656715458,661.3160251225249,519.6966687252561,398.9115314328535,140.7429984064902,901.8693050677759,856.1167065754075,342.8508492121719,348.79840995082213,482.33058028115914,346.29679888815747,194.39725455443312,0
840.0762691723943,895.2087590966289,325.1060421094429,472.9879904765637,994.3383127929134,783.0938578860341,672.9932132601028,954.7819472208507,796.7776021658195,886.3904078752136,601.7028490372727,51.46695181649974,773.2154815186112,426.4396868516828,592.0888297853013,504.43540257614063,709.617383647425,686.5282641321024,605.9365141525092,615.9979988823682,0
930.169947466438,64.15693478145734,690.4022191916628,432.48288292153217,874.2980384341834,742.5923524937311,873.758851325306,790.3940512930717,850.3848390088363,799.0043998601327,38.58368812804469,688.4390797156989,22.597954263981592,78.42649624686837,428.0598912157545,593.4023159654189,914.1505034865442,896.6034751184052,993.2379179583045,868.7633134002996,1
829.6092449491599,169.585259093204,533.6039313877761,660.8812355168503,701.1582107229825,184.0507792248155,401.1691315767867,684.4839524854928,358.9826283333931,16.866870309556358,584.3282563334526,734.2450988518996,981.021444021107,776.2554230662957,34.006449226033794,462.58584293891823,809.5179917838138,136.21238116471645,413.98595283563054,312.0638114466902,1
208.6216648767011,238.05715603039502,846.781305065649,168.4179291174773,768.1628518377188,558.6630988001085,764.3709012398734,754.6609987678127,542.6430541123892,683.5067777127517,375.99244285598866,685.5664912603098,574.8312277203207,12.953769901017932,552.3724867735235,987.4966738897028,203.22002081865543,206.28780963445647,247.32061319517362,174.24850212633336,0
193.83637345783455,543.4864570016357,347.25692730373424,644.3554462438649,252.32759658619906,127.61120252545378,577.7559753970464,30.028252362800156,177.51081181994533,508.48020357328636,918.7066407499806,41.46322820532067,201.05090037001185,903.33041719893,360.7225722642563,561.8983066225231,711.4873203225349,910.057465298647,247.13350829790448,579.731471015506,1
651.2424173569541,224.48735223359728,318.4106659409632,372.36886126961576,647.8169209088311,399.5313412784466,320.2342028684203,248.4288280634368,396.1891681727253,609.3715918021218,498.2739720792917,439.9283816248497,30.318473126108138,345.206748958655,814.1536407547217,195.51995763073415,743.7770660702582,323.7176751628683,224.03071012207786,757.5482508222974,0
949.8524173385006,829.872888397407,683.0234980444509,379.72460219548555,169.86146365246725,484.11101593704984,398.50880833475287,494.98888401159036,295.7617598081639,669.3012398621632,611.9706095683233,180.6529642745114,456.52299862028946,964.9533104146369,176.13174626649774,893.097046058297,145.44088338439175,371.7492451781812,238.74132266315172,385.50808866248576,1
938.1866929502316,150.80787829595087,759.80390501021,664.7841648861539,989.7333245125365,672.9734587562299,424.5577767096902,477.95294164815607,789.9718811861582,513.5128447217197,665.5345049623114,251.8009505337263,111.71095915879525,461.82498905974387,549.5979416523157,720.0965716119113,990.755882887488,761.2372624017115,716.4689268179136,134.44614027613034,1
872.1953861487298,95.79186670506112,200.49610312927257,80.98234654914494,120.26484673931826,906.7579331107193,63.79511622502998,737.5812077839884,145.1471703532483,671.7174037867962,27.260145124953006,583.218849941813,112.22637116376444,98.58471751090725,79.3255966683799,617.1484328301043,203.14356888755958,802.0390438378986,251.7691992168466,557.1628780974441,1
72.73324601030906,435.67240117377816,403.78426836525483,236.26526391340008,605.5897324777633,159.65349631398652,106.13271839438987,642.1641634491936,989.5437296054195,115.17277508389856,934.4225217220072,387.4433122123735,368.8925954684561,669.4951085037113,891.1292748982345,983.143505647256,334.9867388444487,672.9428076097422,605.8925469114132,170.76592010295576,0
869.6843440215314,126.70229397495103,909.6937994732475,797.9081459681238,426.22024653097355,494.5823124354708,271.5529348323048,565.6660889124506,121.62530180409992,139.97741048543645,104.96105085447071,172.4293801855177,996.113309434948,387.7937543381205,634.2837418557981,400.8624265591704,560.0413470698396,786.183231398505,429.8768609860338,147.42974840138646,1
681.2122576231637,527.3244725517146,96.28142359078772,92.0211765736858,753.6461784050227,797.6888403217328,778.5421718281318,780.035513153358,244.46646707851227,571.2625414049443,973.5889774825464,298.8410115492314,339.0969798278236,503.7709664617065,958.9626302326365,768.7524383713131,602.1128866772069,270.67736231069205,925.8360645162018,43.49518445470968,0
771.5028380935777,719.9131650881153,175.16453119401086,578.8575424384104,274.2530769483893,458.5426283323645,929.9626829018944,695.1308740776943,351.65233824293284,340.19025953227566,391.6457762187635,308.1940131746962,773.6397547327854,618.4970691044874,958.1413657684975,523.8473313029069,437.9661203825841,245.52345617478431,743.4971300964163,743.5230829883383,0
827.4438900849328,663.7260216930557,471.6715817357523,484.54785345428655,145.50870753756152,774.83455980976,356.61341709688634,731.524492802897,907.0895671057431,376.23471497440374,972.4263957321732,546.1796068616604,20.643387497459088,238.56648266159897,257.74816266552415,155.23502237273757,794.6561708862006,805.6842576888188,244.21176067662685,649.5654865156332,1
333.35503023891346,842.8429709331634,715.4586798191599,446.81318532067206,145.39708134226294,63.740416246455325,330.52960306186617,347.3246224641231,298.73505441316985,835.0427658091743,51.389322141218166,264.2337845722892,527.6133634114005,567.4511712798321,498.845410908114,434.9760092087318,727.7402253469485,852.9205142480234,800.0533188182054,132.8878717668148,1
832.1976277998788,473.6818642596937,328.7195135383286,359.22493120452646,20.940781413242515,432.22255896140206,778.2653591222222,253.1947825334262,786.821000233739,85.263349900066,276.73430555376177,830.5640530719934,649.8387944245511,231.32866857684198,57.52003320015042,206.19617106448973,476.42376462239633,286.07021637650155,489.76562459995256,428.79232089296437,1
994.6733723588743,666.215322349399,198.54353237981005,787.016072897828,667.425875217353,35.45613918439372,45.233449971714855,100.64661892472348,808.9683700202753,654.8354840913082,413.64310835521025,89.12205408719754,145.25712941653234,133.6630222041707,293.69374255422355,533.2638477217313,659.979589110156,149.93241199547302,209.88037267926873,334.1921345531953,1
894.7402415661065,238.30070549331228,580.3753427842086,261.90140826723587,552.0037674499077,98.46878828152516,377.6139689760889,298.70580305459805,845.0351877310875,591.4043562900941,899.9089884809188,770.6981973158413,33.963737075769494,229.32160961724836,960.1879004807569,775.161438286411,316.7907675552771,391.96915667331456,369.6396098478998,243.88013037488355,0
477.6363616146343,22.674993690822266,41.1392321158407,245.39578772429238,236.42181023127705,856.0142179803119,367.0470105476553,719.646721120307,607.2445760522164,727.059081368733,291.949408680128,814.3319728878159,354.34843629461176,833.9425235382112,416.3184388596535,484.6499833934347,356.8201410706832,650.8107461774724,637.0155303651503,971.8108133751213,1
508.71491779147806,744.4313708265843,151.87497108656245,286.468426715986,934.7090210281914,100.1970223882932,384.4144520099176,428.38316069393665,769.7014603926616,369.63211891934486,847.4870014559013,75.39740329653411,469.69985310632165,781.3795138071057,122.76141750955671,559.7653034481001,961.9743993400882,54.39454580988734,513.1517143761171,447.2931309842502,1
276.37767280791036,137.862874252472,650.0901886921027,153.66903829944357,288.0294504427219,783.6427509711161,544.1901468939429,116.41454203414526,477.84683434107654,124.29324721684853,588.2394091659977,600.212640039346,887.1938864716428,501.9599902858927,402.07159996846843,713.9949561843493,805.8993756763801,137.81909948353456,873.3238581124734,629.9036858299415,1
183.663576790578,246.68999643257771,81.87681090363441,580.8418318436661,513.3560092416875,940.9172261567212,299.54956375483454,551.1051230568038,978.1057907176439,676.6996268196696,556.3112226314287,519.7440165252436,630.3617438736255,8.651311769214853,692.5971253225822,390.60201200746883,196.87185317274404,925.0070074879716,150.87991833770297,966.238793628018,0
638.9874867621921,109.75850519985863,618.9933917257626,730.9269527905409,843.8773460206237,903.8891174080253,904.3388738642758,760.5621802831002,814.178838701833,270.28847691795266,187.91782857359973,451.3574287659848,564.2858979245426,265.2583149176453,51.55915717630821,172.99912071039148,252.31984497807113,699.6161883374821,780.7644414440637,628.5549084354192,1
177.7397248218542,942.689975011015,813.4852388224682,758.9103267833624,682.3771536834721,534.6180380728415,344.43194433342126,509.8553444645574,786.4390199404695,996.0825474633532,296.3032000680967,738.6152962279785,535.8538031428203,771.9930572313438,0.405827166553574,252.7217921350371,10.842309471478684,800.8373719065625,307.11612775774864,329.16646532930514,1
731.2471858012403,241.8883131636048,744.7697965618433,105.19528979158399,747.493772848554,846.9896372945838,992.8642689173706,299.25050269624364,352.93250701005206,924.0766871594445,551.7293519187007,898.2801202751518,314.9419629634628,302.1556364184078,687.1548824382439,964.682746104952,579.4967511729873,269.62730438961825,318.0572652307022,733.0336030092764,0
528.9870803419589,974.1340472885925,170.74430800999906,391.47056437462913,736.2278514132466,243.28049960409038,428.31856510143297,177.0068881993303,425.9398645424729,464.3009824315082,186.42915021275675,334.2820990816886,750.9620677268766,414.919393510239,215.63666030466888,332.2158359533105,149.20614267188793,310.16090230653435,298.68808779115795,361.96279966650445,1
387.40804172174916,497.9943780846651,892.4736466329872,973.8034311793767,700.4734020982721,270.8698421850484,417.5046545422175,363.3348087018027,76.70775863112567,680.5344184281046,496.58514255324127,49.66335842313507,337.7480185030982,72.77919338040905,298.7281448777629,793.6659912891928,502.9794700050938,906.3390567180969,305.4390638182568,787.7856038099393,1
853.42731389353,51.11991914637848,121.41033992864392,72.3022192083863,83.31292416920822,16.784189596616315,803.8192053310979,626.5204597387681,830.0341819839617,205.95253681596515,484.0268793077324,909.9846395848372,446.7622016459636,220.09278936687383,313.4458865471685,328.1537010439891,807.2053422471503,748.3256530617742,407.2101082748083,205.0997696751118,1
738.8600982666806,851.3826463550085,29.391326816451624,874.8874639180821,772.0470938892848,9.733307052454343,405.4530735389453,304.85614989805543,894.8248951175314,3.028142266665812,913.3867821364898,936.5032400999866,445.4942110679631,822.4742193419767,347.6848732517921,584.0513213905164,558.2328816090339,185.20191313663892,544.9973413741224,306.851123074522,1
71.45812078783631,180.04484086665872,93.18923936186418,437.8631878497119,984.2310802541367,140.5775680761553,754.191841999601,148.81510187742708,81.9662344750327,597.6014784627147,922.2712881873165,557.7063197443391,327.4758789934503,451.3474617486297,104.18044594552755,158.50172780075587,78.88431265647088,913.4060655951123,308.4383760269241,196.61669322013287,1
816.8404111364976,900.7522173707322,844.9711905289247,195.07615190868333,605.8097088653735,4.252691784602525,227.3620993072316,218.00039280377936,963.9251718004649,919.9456614334401,230.47199499366434,814.3712407060527,758.9719373181242,782.6636310356482,474.5877881057569,833.3256818755732,411.5029550545808,64.6824217941534,333.1203726656422,338.991138282677,1
289.88781560391783,301.39113368279055,301.18515370339907,440.13986720188467,826.6927552159655,901.1451786841152,969.8649804743817,656.7457578460459,386.46749688670855,100.7557138290347,647.9992626428578,993.5853617703083,684.1474279680996,466.9835603706797,243.89474299872882,420.22574226495715,221.41944105210231,764.1260466331821,954.8900050508025,833.7047651867867,1
525.2299021635056,991.6455652511047,111.72018423987407,733.3797273469904,570.5503341941848,182.29027071890215,639.6066349229199,143.39721645402327,766.7551642989523,697.7341358928483,847.2711265445956,926.538686480753,402.2351755824841,444.1242484671255,596.8781867371829,687.7865651913344,39.43145464402198,905.4255789331035,410.9505020794848,988.5258113292347,1
930.4679609079011,232.13635752155716,529.1378648116513,812.5955757480839,618.0477424471117,36.12590078379696,601.3606752331817,631.9691474344465,267.3383426267444,514.6378173403428,108.12256424845302,707.9025879248903,197.87834127672966,515.7038872202643,717.5098133209706,188.33416676225457,398.8928348687756,281.3733713266924,679.4022933546914,427.45242930940907,0
518.9626673262709,270.8554654286035,614.2852336409841,759.0319674290139,826.8436836346873,459.6061338631946,885.1659419114543,24.846954950391464,957.5174540237653,183.38808641468464,883.3808697679085,686.3395340913735,297.394350645432,341.4455515893775,681.327643598547,616.590288376572,412.53704894576725,117.05086269044584,51.44006688930747,539.8286824635028,1
793.190593286641,337.6174983114968,812.3235439882336,809.7224432171573,793.5337565330474,313.09928389217976,103.0786192181059,380.38313659674316,800.1867391167356,553.8561860668405,762.0902974027181,503.6744121170512,618.0141841100158,282.64968425102575,321.4560549997186,541.5682117023852,287.34626441136356,552.0430493183932,976.7008188824846,256.31745359862043,1
192.1994534726108,180.50425390918144,454.4606023883071,582.0438881918604,825.5611574403204,347.4254731279862,403.29764857511975,106.03363934998855,362.6650287605124,581.2526597291768,118.50942292726752,844.8410568554365,324.97935071804187,958.6910024010605,37.64729543918366,858.5049829617699,695.263972363773,9.431450148836284,467.85950296352553,996.8583098047147,1
903.4892985545679,180.60565625813308,123.4646674892217,422.1524812484598,904.1671590280375,364.35966694237686,59.97802417013665,819.8021287773038,666.5653772332741,579.1180990905374,337.59570007487196,71.21737037952181,472.941011566002,739.8028284543798,328.7478974207244,484.99197512860735,793.5350228745918,574.7933512519045,820.3013717709191,337.94147029656096,1
887.3248405520635,239.40877596163435,30.482930836223666,568.2379883250298,44.77284033359163,176.06557692529367,76.32679733889903,237.4017977776054,3.7585758071336794,538.6878646205346,804.429817104186,805.8955707897306,185.44453530745153,385.2690314754279,591.8154475152359,388.0559830403081,190.98028398753564,85.75341776458811,456.34291940040373,724.9822206376246,1
370.8879956623812,858.798575090067,6.160200983106212,426.4785140095254,193.4711381097838,467.06011971954655,827.7856782095556,252.71885250338798,730.0749137834406,115.98723349831064,329.85673582203776,948.1341998653537,679.5180951827261,896.0803904209413,431.2764905355545,42.53003546176415,773.1470700639197,533.4947180900383,942.5721246473069,843.0380595762289,1
768.2942875780989,656.9739900342756,475.01850180895957,954.0395337719887,19.1611761185182,725.5475438153609,107.83365534176825,665.9853552522226,305.6742602198946,58.110617121382326,904.3136707585475,651.6174558021885,137.57106203149004,18.194018734708717,964.0166695878659,64.71019606115624,215.6834756583542,123.11342066571362,480.8369450101811,339.78066766216807,0
383.1656321507302,238.52100251740038,68.29182479942043,105.66548604275062,753.3809796078662,423.03432343070733,775.1761866365899,98.52090053893315,722.9200787566868,201.28992123435972,447.03791083019286,926.2343825012438,771.0334004220188,979.7511244186957,629.7826104093014,795.9715793736186,561.2839367794182,884.5150387368908,460.07368685225657,85.50470042097879,1
45.69346590967949,423.43526016904633,241.16939016848193,800.8322601014979,563.1989299446856,326.2305758806584,647.9813814832734,608.8647982190502,563.9051753280471,136.73422725927176,790.8055348719392,753.2714685076495,654.0864341613745,297.14019434602676,332.88410434530766,738.6429526569498,260.54275026294647,360.9051217898186,317.0558528760465,112.05219311697256,1
92.43372259099236,94.21935398971648,318.1093926879623,437.1710611086768,286.4859806685108,193.0235091911021,399.5023956302152,991.2177288013218,540.7590169432204,944.7955481634563,377.7068940098356,218.42274537894514,504.6549343106026,442.13666381701324,756.3197766015405,612.5641446650053,622.1162283081314,351.99034576052924,896.0194750519436,531.6489367811652,0
216.83625660987272,464.0011972654993,322.01778959267534,270.51000735412134,961.899068168392,728.1106884116414,305.87203211278523,188.84064723226444,102.22214594837776,666.1537810644317,626.309660119885,268.3379914538567,976.6205671516914,459.41659023296546,373.99448176920856,748.1361838197886,994.0106882001774,200.58221959125066,209.50605729967097,562.6525842952838,1
957.072910483533,540.7344368355136,277.84842392627564,695.5948556815597,992.8755810704345,42.30378611843777,731.364116297081,83.555236176032,490.2740487100675,571.5440959630678,52.98369300674,385.8766516238531,4.974069086284949,390.5448041416758,679.7183415798215,558.7994942453633,708.5249254979144,636.100717219064,675.4320593889897,584.0402431160311,1
687.9995376939887,640.5520815082538,868.379889372925,912.396528481485,511.2135601201645,94.8915853531307,692.9317204495354,709.4433844420819,687.0558541256253,396.69918119387637,278.56851268376994,425.4784060515159,577.762756300863,906.0159435636567,305.54792132552564,994.7505781865742,594.0522635714215,104.18746751283436,25.061279660186784,190.3452862890056,1
204.70057643990535,214.33925823261936,423.3287658273641,296.26754005776314,130.78843698031184,798.140116251611,251.82259114082473,321.9602305442318,542.7326960337128,15.530569591116095,253.42279173000992,233.04698406637547,137.08805269943613,715.0399750735822,560.1503527862209,557.6454246256219,823.0646490424011,858.3865506221065,672.920204022081,525.478309838741,1
112.43974309945071,575.8977021230726,597.6771280999202,961.142435934124,9.664378677067486,459.11307802506616,803.5488256307835,103.43760597642881,705.0789848393722,364.90161835300836,71.80956464317933,527.229239513545,142.03183055615153,924.0227564889937,23.82509760437712,650.191536516126,333.3173253346803,39.1162856292453,840.6907441345417,604.3244878433298,1
562.347170186593,139.38518087802342,417.96207544121734,307.88308886915615,291.28068208419336,282.7293648926636,482.52940751846177,705.9439754475321,398.83154797229923,153.50382431512878,802.2078916080884,128.55810342472319,440.3425628091957,479.3729603144479,784.3572746414283,741.9132829266367,644.4154600891748,110.284460041143,52.13631040155165,655.3278760616805,0
164.09408891949505,355.06991643241247,950.8991727410115,499.7766897890831,961.6324744782303,533.044148028966,725.3849680208061,896.4762763407028,785.152880434483,53.169978650747574,454.71619758387504,159.50447324143923,183.1976794776674,435.4059296934363,947.2123058836568,233.8463409576974,900.0239744003526,454.5045129245199,3.276058000071802,180.2961335051728,0
919.7910726462247,967.5388714394123,579.2803852764399,151.5572918066802,477.65456347156345,789.5576824014302,436.48685009637956,242.66931081067588,19.977414153205643,875.1130048252005,96.24618938219531,644.3139643933454,773.0610533006032,134.87636343158283,471.9482950033511,448.74091573243624,921.5122420587645,769.429290250928,716.4038483809707,890.5288492041072,1
4.253590713759525,502.9428568469532,455.14330419099093,894.5999274119142,865.0575805189519,929.6073081642339,724.2687485596192,195.23603788790746,72.88821659956912,355.53067916260215,577.6306946591009,993.5266696242065,413.5319767383672,964.2088044730657,3.639267789809275,542.5156758264138,394.2306789681675,960.5019729453277,973.8027106541056,40.67253621441091,1
661.8606749783902,71.0077923256669,218.01705230633505,151.83310431636409,909.459511795621,598.926851925158,769.3828430941718,168.916220289415,820.3734224893876,439.84526823062373,479.56806079451485,288.89797944389437,999.8636296217111,805.2177435178735,459.44903311039775,358.00054729767993,536.0774809523003,755.5439471067455,627.9998731673048,952.4375927293795,1
657.8143017300674,11.695623276609446,38.66898181571865,955.7504177490367,15.632756224642552,356.2043299351019,27.600515697446703,253.90481840974755,430.6362683295111,100.55032514164641,575.9797031896476,852.8751462892476,161.69733076712654,376.0510584939356,811.7729292514548,207.0005326887263,858.4023822210443,881.3276154955043,61.34903983216944,765.0364783837811,0
106.41817299979517,496.59364348535075,510.9346831460946,509.33198591370854,898.7184471541563,369.6462917297384,242.4977366539407,253.2372462985758,771.0939853781555,419.60677552132444,873.3274708969427,354.1298581368125,988.6659566611999,413.6046043178479,313.52183978103477,960.8622106667355,276.720849726814,157.09557807805984,672.7815890008902,581.3011222743864,1
577.555312940356,787.860621107112,987.2645273905158,285.14308098022735,371.3944124584583,460.8055533935984,248.62385294371236,223.81606789116248,416.3794289333763,843.5924750040555,69.55260691283304,729.2634157790641,163.67328985772622,808.2522762151334,745.4899591622446,262.68911927275553,976.016456232734,278.2231170412181,694.03338841347,193.18271006752187,0
58.33057516777495,727.5683747112693,788.1443105788807,980.0864910491108,831.1358556118553,482.41372157691177,937.1902926634074,899.2226653937704,145.39205134485132,720.1580068638475,75.92109519792977,717.5744415645735,541.3289400231547,802.8637579675543,782.8023856183555,571.2559158187681,572.3659049585191,721.2743223122177,16.98782410697841,371.55009849679055,0
88.9315663989969,426.26443020703397,216.20354040830503,925.2826103483362,338.3104745163014,272.4624752763211,208.26274500508558,38.89687303618028,406.01503778774696,427.6900880648534,832.3078842447441,524.318386412301,405.04563116188706,461.9895788590863,688.8035556076245,338.83110736451306,402.5124191103806,462.9935541997211,218.08312043282163,889.4592475558018,1
531.1551457748343,230.3777077430027,950.8137464971566,927.7111451734148,378.95222082047644,202.0507856843644,500.7097079494598,934.7345915166883,990.9923046973306,302.2059963622299,422.32261516415934,743.6139634575422,68.00760742726841,586.839379228832,814.3726926184797,527.781488243495,600.322621245871,944.3642428370267,51.91188520199263,982.5097326971523,0
257.4537560862148,91.63676771687112,440.901491682423,684.6923185268375,960.6736864477518,536.3389216521825,15.980323233814486,220.42724510614397,549.9217857721974,846.645624036339,152.16947330495688,480.7687866690891,770.9785028478607,209.55853837978933,199.64191597592185,758.2692468411433,834.927159241173,731.2435068354625,791.082808484214,988.4575577692503,1
365.4632574049738,150.20989911342275,123.03419073265853,91.07682100270442,822.5675450638389,706.7712006216751,426.32684109109164,111.85159970412151,409.8280215388486,508.5714002957183,355.56620067693143,911.849773937676,686.0911687828698,520.2904343942668,438.9338093226154,424.1807711829147,465.8643279937712,341.10233256078203,771.557313056076,721.9760484013253,1
576.2350644139184,248.12267320061687,548.1982492868125,476.82227667859036,346.3987803353662,250.86563291589303,604.4436470234175,296.7201411367033,296.79169454697876,656.2498106576821,899.3991518367286,168.8420440668088,69.14994438679223,178.74709589877435,991.2394988490425,651.0441800231803,430.22172043045003,743.5168119621948,190.01546888031007,285.30908315240566,0
517.1254000730314,287.2580315852702,24.55609792806368,732.5772703760733,908.6652582011651,247.3818247981936,348.13225286355976,985.0246739607651,776.7172768490432,568.656036108027,121.66723103180888,978.4696302342551,687.7571058520352,543.9889749471495,545.8866376257306,653.3095077419218,934.470688481442,966.2647039971912,762.4950673475498,630.4681055652431,0
160.90301597661417,822.2463822400429,90.95759313159112,734.4970019358362,362.442025074056,479.6247431343058,440.3045221120322,539.6217113088663,258.3541512639836,778.414899587852,66.05468623287358,537.8888476069902,377.6811637262005,407.90342880077725,774.6685130884455,645.4033649478366,240.32564240206798,2.10654384655784,354.6791848108922,529.7266817980576,0
607.9269774818819,486.65216889774024,318.0629881016319,257.41753019570734,696.5328114171233,319.57311960107836,514.5111823091931,415.1413666563223,856.7793382306062,693.0975613133344,181.59422518258927,564.7097568820226,630.6519142677997,555.552156084151,903.3954274532058,360.21647401958023,939.9935504238875,734.7255066144762,109.73546154746316,206.7754304460049,0
559.8266882909861,535.1526582896388,905.2215933067976,907.3636527239785,390.49546710796244,349.5501999177818,437.24402520616354,430.580136592324,442.2164141209871,145.5951450017301,137.13952986754052,779.2657955936513,963.7060085553591,234.8455664990139,331.3572939491737,965.476228926997,190.88281528326533,279.8956622146277,448.223263424764,318.49939663362017,1
936.6106631511446,569.2421345398973,235.3692936842313,131.42506101549634,751.9063951515463,265.05985139368204,441.82560107149595,341.56643380238603,205.64478102228168,701.071470933389,656.5641459456632,318.5426092883564,116.90024150890721,851.7227240859305,742.3070198622038,410.9558056549569,485.20598293419437,935.9796085526484,183.4794731960685,591.3953667303467,1
351.7186912178842,418.00623459792695,327.75635526630197,358.5526017208238,678.0703294754235,837.0495968362899,803.5562775955177,848.5410885477849,31.76758375076838,803.25314420777,806.236559316568,174.9983992155447,821.5189758730637,721.7143292682211,138.53839495564824,334.22238882750923,844.3554758531385,594.506147387643,798.2701849060875,957.1537397007465,1
708.4101674654579,326.62231869088833,231.4825887910209,604.6586409862992,662.0410063467078,346.8619749967322,5.01905420933324,332.2587745652301,118.86647713739029,355.50020016768644,382.6094581866203,961.9051337008,695.3155470630253,111.00583151649724,916.2713876031214,666.3205340779517,506.65059949459055,19.505027389933648,148.6311281835081,899.4244892072816,0
43.90112932530332,918.7397560489823,876.4997761313598,654.9875018746563,138.76982176644603,249.54510077424152,278.8399405065767,938.977008651447,354.168498146353,947.8589164459784,762.7486249858359,91.71821852257,270.3952066698407,587.0837821244321,777.8920799776203,209.8609008016069,101.08944672416764,542.5815799617693,565.9862110511402,950.9270732990385,0
265.1059083362197,272.19449659763274,212.23936609752414,74.69917046991404,571.2599259609864,181.62857584236292,668.3375917253117,320.3331620902227,803.6717560461723,42.091798624775414,349.94295263864274,303.1766089545829,808.347505547424,447.8962051310986,146.6209075315511,169.68407999196612,46.36637335908189,552.155421404446,65.11730283090877,538.5110962243322,1
268.6218614695054,287.363484852719,514.4692073083252,833.6417598008737,835.936577329684,281.1121691327997,703.9743511651166,412.70361536908996,931.4114932266742,446.79009057385656,485.44173391883805,995.1073820595961,829.5493674822047,205.29719167885108,621.045759951099,385.1413781455292,372.8389751814786,509.87312281005705,687.9783903290023,269.4591501488512,0
834.1049090383797,258.3186507076564,150.9619528635462,932.5978168528989,758.5199075599147,642.3881499456289,367.1469734007085,775.940525150684,80.42675795073939,168.52243750615537,270.0378572427355,393.9300237964202,886.3108739609695,249.48845447428158,978.015388914915,875.3012682064752,327.106866789575,138.5324345786433,275.86163503736384,532.4226035224365,0
77.53414248109137,57.362430405878406,475.55530559638424,742.4256689570991,709.0374544746504,21.239682767305812,759.9433474599828,212.41960917448367,911.9369111468332,95.89307967014105,668.8604298255739,363.08968682240095,811.7076363087372,548.5281629748588,888.3891553250386,906.8865323012772,258.93758561134126,741.8004421899535,620.4824216604331,634.5757686899674,0
575.1841921582197,266.0241747955061,663.2440986740152,967.0488283336598,644.1910088782657,884.5219211347605,879.1239827517276,317.68311661853255,400.1356739671589,818.5039731526527,688.2036774322494,636.6791768059642,956.7492397185878,94.48467054963194,54.2359547248582,18.47904997193872,926.9552252402212,965.953987005254,855.9708157501617,31.9365642505296,1
215.96926501331416,953.664810734931,465.21999210536137,785.4078475928991,963.8789019729192,26.296010214671984,623.3031167115415,12.251114089638747,418.8793085159963,775.8522097387462,837.6324337713602,617.269302483535,918.2282243146112,958.8450524101443,688.1978276965998,964.9020357641014,473.16362116065346,339.2858266163549,77.90603596908718,25.431173217236314,1
744.6517201037367,884.0363341053484,258.9806736352788,766.4834855649851,191.89123538669907,572.7955575273827,64.91602888623372,531.6490780455961,243.6296587709792,11.7348847795814,954.2944892156553,225.97105991104726,149.3921166094606,70.73826920618987,841.6454301590273,73.01465197863565,119.86660674040228,767.0080114209926,68.36184118529599,284.2440386309311,0
730.8190081077295,533.8627181696902,441.39952309704734,13.792062879869338,859.4549640172437,462.4495494089622,360.76719372707976,304.9981702557667,139.46666807343567,350.12053717140145,605.7254230620141,134.14653920346586,366.82148185508436,686.0433388492464,588.9837938968084,835.7826964562253,74.87713764496351,417.7506689559057,101.91621272599527,96.19336784645427,1
742.234924449894,442.0267384557778,993.5174419977262,375.6338726158365,831.7503490620895,716.9063648777668,281.9152819600118,300.0439719062278,345.1333776724952,737.2811860688112,228.5748494804608,606.9802983049232,323.36223872618586,503.06813002325856,51.133241285461594,945.9495589558021,837.1319039751572,972.1919661139419,146.13393632890592,429.9568255719687,1
594.8620746806117,722.8594468034221,323.29980995843846,691.838904279799,909.2849610865529,692.7500696699398,436.96835616867736,830.4724202275457,629.8294600657094,148.66482962681314,717.9309977071833,414.2651314905067,447.26882039927483,902.4968598093101,580.5288791240878,185.86767675537308,609.8006596833765,790.1265653587989,874.9183931016356,376.935346681601,0
777.1629307126547,139.23668666780154,741.9031136186727,606.2394997066241,370.8408510812593,32.45790663671577,680.2362543896187,656.1970635683434,981.7723631400789,575.5537863036509,772.3164694514512,956.1641496728238,63.82873864237648,148.41583699522275,556.2333447321085,515.8041113907918,230.59442152373532,28.731147075901852,386.40320768062554,194.08712451733433,0
708.4514572474977,969.0336907597273,276.0324202829384,721.6263912597154,754.4187189646977,402.52964757263567,835.3149945986223,318.8479286234973,398.50732396865675,158.18984736993602,274.5489265006917,955.4978988839559,44.997307282012564,222.1025392229834,300.9375625975461,306.8887749637017,778.9404540703935,298.88504049868516,230.50489307845567,600.5636770930017,1
225.57220320733208,985.5896209599848,594.4580573497933,93.01477190015962,783.6109693333404,443.65748231822346,310.101775234651,70.01864641666977,753.3705530673515,367.44833338759275,10.171449672202183,89.64761582204727,205.96209095026697,646.394082640228,962.0206978910335,117.8869255212418,223.87418800013313,860.9715061313435,731.8424794751003,458.5937022873705,1
544.6001413455091,93.2603995533442,827.0475059707504,681.1893184209114,943.5370725527646,348.1273519877701,925.1023906941032,469.2624416458815,148.05207334914218,776.0392987510512,49.00847127650698,83.592752567894,319.38633097529413,195.30809960573026,173.72075092848848,786.9361423621796,954.5213762733838,989.9831594188477,428.4236073546852,980.2820865174721,1
249.43359221160745,149.33334995106196,818.4599625329344,552.5910674396804,842.112713568797,243.16553620693327,132.3355985136293,38.69575859572372,642.516827902185,931.9796332419444,616.4162211054761,662.7680579515006,696.8330156268574,725.996524837589,808.9261720336262,919.5417563376269,895.7200661404614,901.0887060645616,778.7347754430649,336.7156559186017,1
789.8466077642814,391.65030739626525,585.8217243346576,136.27944026707206,653.3709736260173,259.7688890190205,129.80352343564726,446.38667957265943,614.9768132080861,832.222915918486,874.1121686043153,159.62627132976394,520.1004421893983,269.25996415302643,835.8053646227798,431.19483414476866,105.18555601620794,0.6761872590964613,365.6061063812349,156.55440180420766,0
414.7594405302172,915.9481925472192,558.1309484025256,809.6048698273478,940.9574559751936,866.6788273294436,831.3906719169441,565.6675332112612,890.5246474401956,143.68930763093067,112.04564495470426,248.12885407060836,829.5801077552261,422.34690625601587,164.77543009901353,987.424336950598,671.0837511322968,867.196855788815,313.7524764992915,652.7029046499612,1
742.736371180157,71.1497410057763,560.5737330502877,885.2243155592728,585.5172236121649,849.8485414022749,63.4288166560365,742.2712451100763,432.93464099549095,582.9278061057668,670.3960691586907,928.1149382575263,947.1355628834707,284.8875528734865,294.07080001990585,872.3685313340908,616.113766370667,798.711601410628,734.1838374226859,564.4342477834884,1
600.9988347441114,447.5576082640672,695.2336376288625,130.76061534128758,348.10877368306046,247.5646127122637,224.5359785830695,923.6925132079937,964.3088561200268,384.9333748231811,807.4965976553049,171.64804646287823,255.25423074439402,308.42437146216463,90.91912917198574,64.19763998584772,408.5393835082354,763.9517948957862,3.2970802678232713,996.41375376542,1
13.325258830672482,21.363319637217604,248.84896721251272,336.6242870716504,106.50127614113414,84.38187751629378,360.6015881050371,701.3490871456198,816.7716271616949,741.6958546322466,377.9141285016744,854.174109539924,957.709795391789,780.8974542958442,545.7424610620068,983.390025815131,826.819959202921,640.0901103764295,670.5727860175981,560.3728440858403,0
488.3131610195279,882.4155238623578,891.3647955202654,57.52870299897772,116.33108475116138,558.3055325556589,922.9078555320879,392.09738877332967,105.47742203802979,319.8826506066066,876.1464276682245,494.29677052535294,781.3406776845123,936.7213533254795,407.0899522208027,674.8226060055591,965.0899824896794,221.70820589293484,77.99482685062686,607.6720182465858,1
717.6513148511046,307.79127719621005,303.30944997360876,831.7474003264401,820.9647581725914,229.42806909713022,926.304888686352,324.5722076361574,530.2280911226635,676.6605833041131,258.0172217337371,913.3760316274764,464.8181065189205,365.7887849806415,324.28024846362547,315.38759466566455,1.33867152680045,173.7308377923229,427.35736399059164,156.51700093297893,1
879.8737815982067,702.0171138018136,941.3515122426833,865.8305163142521,172.32517046271235,459.61359537927683,272.9060433572955,962.3446682700576,801.5670723710372,926.6900416657454,183.90659663054643,440.6260086714705,438.3983284383084,432.4162560988496,256.1619289091549,528.9773702242552,263.57547028392315,69.18166466540032,451.3402775596621,727.3458292219383,1
853.570336330283,661.9216769399243,900.1446065649441,926.5554146402486,378.2967674576124,469.9139681473537,144.33591146414415,3.2740098574746135,745.8881382590592,820.6697106232822,66.85599193730074,838.902895730363,197.1826472662971,707.3486738862607,110.92830938379805,265.27380232403976,648.1363002378195,507.2847105278736,297.1220484554471,236.17545190654366,1
698.3619012397648,11.953533175908415,258.3964084824494,196.39180010708213,315.8296263328204,208.68043788036928,552.2724166415952,181.21785003009083,581.1904957538052,532.2153152624257,808.6259093158526,114.50228821742792,807.6161449962511,133.97742387731114,598.6615894437214,524.3211745801973,782.4449674855732,700.4738321070671,802.3557392407503,379.3627661895215,1
274.8626605508916,380.98141976045787,444.06313992283765,930.2607871408635,577.3514209191183,415.2467371347657,546.3104551490491,172.08520219005152,458.9277123045257,102.81318380767112,514.9065471912064,424.4193947134577,632.0695335668283,329.04219716429617,657.3856314706783,406.5865924411778,808.9792916022295,896.2190935547499,183.197622942742,911.8530215310151,1
390.5828925846668,912.5123070752358,792.435863450437,84.02518416895855,717.4801920104015,374.2743252855673,461.61333724948906,155.7570280736057,300.5824502573726,631.5152321505396,232.95091519745782,976.253888368293,92.13008813179147,205.80626140756152,75.29219123643871,553.4987591963705,195.23643551374758,116.94063615455119,236.37438237471287,511.2148428081333,1
246.90204870843112,563.0072632984555,391.49532520033915,230.76762117007056,153.00971005056175,766.3825769381928,403.76568993299844,480.6837636101557,719.0051433406938,661.5658745922406,768.495846794299,67.31016894938313,389.4624275385915,50.26422741489489,918.4457986337046,628.2609895649799,328.65420895647503,812.4823141380989,864.6954098468517,626.1802322438328,0
903.2112812539112,17.1283766903938,105.02405163387951,295.50714231241204,867.4403444378855,932.2146222358061,478.7093694452228,672.7276862490813,895.9290347995897,270.8757373543556,553.3967708905911,242.53456230250515,651.8059018529301,70.12791439194498,459.11370215356095,41.00826012514447,88.08334249504901,51.02073048207934,883.8046367345681,44.676663676310845,1
112.9648051480041,548.0891539012285,388.5565528984887,917.6021377467584,475.4273697136862,880.6596088712176,143.84518185383934,144.88334421604188,841.5906661877997,60.65490734758549,2.4209383109822236,223.4862200168114,116.36222210124902,532.2299643670676,685.1401776147158,635.4123425930565,879.4235241205994,406.76133749303455,302.3605427360527,442.73672283683464,1
370.8557086792682,746.791759873979,999.17292063162,789.0532066361648,839.5720377147527,959.4827858951214,924.0519591983227,899.871106332969,430.9785813244258,472.5658479261372,907.730431363101,417.63394858573344,242.12511010018113,718.0063934892445,670.7760824415362,566.7237316257108,385.97406979300564,448.7055885697832,327.3443859419806,40.91617527001801,0
731.7055805347652,632.5315962599221,126.83066891426297,192.9647148137348,622.2687817849016,945.9288489664665,273.01296548544826,155.72481119251603,875.2663259057372,232.20602950436464,249.31237514103023,754.1640506053934,384.7438396183887,460.42487894771887,816.927922662396,63.83423239586605,630.2029790655399,63.29685243538863,661.0161047796886,126.87113016703478,0
368.7495214733573,98.40651146198421,803.3762277576146,485.9171906628853,11.591925339686448,152.6928486905953,875.5226492715337,183.776802777997,332.024844465651,773.1779026307145,926.8207403802168,701.0396947266213,169.56148394597548,966.8913282741051,538.3923037929312,632.1381450882761,541.0982349277112,748.950202991957,503.2000607912951,340.091963243859,1
343.81275785010723,136.10891297144988,331.3521983749622,640.9719703668676,925.7603289228055,636.816619509234,614.344243489889,886.0089910158897,975.393130922429,537.7844501670376,758.0840597553237,415.9414904129936,349.6619532558063,167.19755247553246,395.696965482356,925.4137596746924,615.9069947099376,403.28646463719673,728.730646978023,163.1671206362344,1
889.5963310901913,703.9694215885874,302.05177037754885,645.8782483249523,610.9852318888454,564.9165969705188,519.4234507330518,374.8150722838249,337.5075190957105,473.1286597488026,913.1348412327395,659.9812103786825,116.89156798093536,650.9523140282805,388.9597029907752,783.0401488240116,655.6318947583254,505.47863661459405,843.5628225552921,164.12710075040172,1
595.5529778630236,310.1234238192554,42.10420139438376,734.323292790814,716.2958174963948,95.9041936160292,289.79244741874953,641.0510589292935,426.84456772540267,196.72194949719247,759.46029622201,57.87097688054232,452.2134843548129,155.35034183510575,43.884583402749364,263.47974075770577,670.845865752624,871.232214154764,560.5349837858274,595.3189837384219,1
158.8127087893322,989.3266599426111,974.1980689856232,921.3737719065219,715.9932038562029,629.0101170053922,893.36172324314,975.5588829082014,423.76163241898337,741.4867913912046,959.3769526998467,267.0189458092184,63.81022567934791,414.8050137788979,88.86033727220133,815.0852247701908,620.3251879525388,614.5952624162779,977.4159673128344,123.11070474455954,1
271.8169353558825,415.1566931502507,685.4567619068024,244.25709217724423,538.2238030091225,510.2213802153813,260.1397136596064,541.8811651225423,716.0199623394489,236.704080234727,645.1378366333448,183.12528312358523,625.1184293834913,169.56916398962673,23.60433995040967,283.3341794094254,691.8995235859265,468.1434622677898,793.2028568337148,290.0839019886126,1
107.27443452442742,91.54957276946207,619.0923839543743,877.4720535999465,919.1237092685013,984.2624175252574,545.8984699070479,631.4014663440865,608.5268466873056,594.3322126305018,538.0439267698448,957.7683840384406,244.33921478868191,243.84318160225138,373.349383710313,838.5527757723918,44.58442785718375,313.37704413867993,785.3569171042809,662.6110590799163,1
242.69383539128307,985.7484676677392,107.15974664085192,230.7086855096381,345.3297870525319,531.2109817174636,256.14733356749844,480.1647701475801,428.40228208273555,267.40547853936147,913.7997178114017,513.8082767569045,375.0074128972116,626.6364588839938,408.1582813281228,680.8804201004065,453.47393757447463,216.18392069167825,603.0603361812731,953.8859417500717,1
431.45088974246136,575.9820271340628,198.0308982254918,67.04439228502324,179.02298319545062,746.4087995035294,87.0511124701303,61.93847919247064,174.09097693697774,618.5381186082881,737.4810876163476,82.86666721612801,991.5284905761698,887.2215484052175,312.53899832262454,314.46984399595067,969.1338739435772,784.6779349545727,30.065999017364177,423.4089735715361,1
171.42012219322567,616.4474207310859,116.34806222016591,549.719610870063,390.6899784511595,224.99600834358236,388.9437797859423,154.31845757186545,257.23762002567054,295.77058838732853,432.22799944453004,901.6518800524155,426.1291675855913,828.9416782382826,450.41722597218967,426.22398595791213,862.8584933857419,657.4516464833074,529.0539245219308,728.1383386380508,1
98.57312686129171,884.2182223750783,109.20852010521432,381.82431922246565,864.1667585077233,52.59807151749107,499.24229428099966,350.50701955873654,217.11970313313554,997.5638325346687,403.3836968024966,993.1471300435928,724.6352519432979,513.1971062563176,854.8933206498433,74.10321328169167,501.92333385328226,526.4553568706749,92.04548751988561,802.3653463120477,0
227.27389167756053,804.393253652771,508.1435790081732,621.3567477938623,523.0441493007106,503.4225760331591,634.6890449539079,46.05353302053983,89.66583984058852,895.889105959353,840.6030819450941,387.63165118580645,294.50051628553143,599.0018666597805,99.24890956158362,935.3157521108101,597.4073795570876,352.9448156290268,265.0843622949054,753.9742732026672,1
396.11356810631594,59.58876211204678,10.302870847814226,989.2885754675295,459.6706509449978,222.33290054886146,70.49229400600466,563.710291043284,370.28479912014313,221.05132886393176,131.44207910448247,5.652401657934014,903.9582577591233,553.8338367528778,901.3435165877138,505.57026356423796,680.1109533867282,67.04830166528264,244.55773343344734,632.0559988488837,0
586.9365599296431,556.7638052001037,60.91131354477752,568.8890777957428,611.766824831361,804.4079534652653,609.4980479348432,357.6138340734778,859.7240226520163,483.0164077534049,749.6450083733437,638.7976056283098,114.57290110429297,583.9340323276838,911.713466150536,307.2372651062978,207.43267628850904,477.59078310617656,766.914557811258,362.75097242683574,0
233.4643320553569,390.53426650296285,735.8088862657327,455.90329122549633,345.43477592166283,482.51854651133283,66.14962003376735,345.84074204920466,439.39157997167655,788.9988880400668,392.4633477597221,603.0483937729307,181.8442442378252,103.56032665203796,806.452306187484,199.05030941189972,345.2836245177855,672.2548930624334,388.06176109552393,963.5954591891208,0
168.3023035464506,409.64911783774204,42.957755359414705,123.65734054710641,392.10898279345173,801.5371502412102,403.5820997798719,138.70317022981638,696.7617741528177,562.1543964237834,220.9840356246837,401.75078675218265,156.01870142225627,976.7956375306571,565.9022785558344,63.647188889594084,584.8651140280543,689.1903962106392,445.3381940887616,756.9844774081728,1
236.78326807110838,404.70930223888035,205.3438759299726,669.3275782356975,960.6130395957856,588.0372493724914,367.49106878824733,767.9175949765039,419.5192444772135,295.88716542479074,735.7491270217298,737.1168758880419,236.50043227418126,70.0269850445927,559.0827382840241,192.73593388798727,92.91361639218532,11.27577917743261,329.98956821883183,574.9455808746575,0
924.0229462779279,700.4635928892316,389.49057735763614,899.9292732666237,405.83758425575445,747.3865240628235,820.3602927424429,517.1214184555408,997.2799678128335,451.57822175255825,446.68781407052415,595.0435426926415,682.2686883991922,757.7032144082436,514.6418520617696,45.422311389431314,988.0028770764487,16.16688082565354,507.75923235269363,388.73399914497975,1
682.829611418867,259.2905926546112,692.1425266565659,525.3148727709076,232.4979494243524,82.07257446593974,983.1260914761403,767.9287942613902,696.5265933272975,879.2557463181224,954.3175950931616,369.2622966193939,40.358593104494965,715.9463626897513,447.5254446711723,745.8866552751305,65.19822223908733,208.36313283803054,296.0787029172673,366.68600281687094,1
545.6404984851728,557.3625155066642,184.7531595691888,318.1014560169439,352.4016112882872,447.7741953068024,785.7784018144674,533.0713583848616,471.70614035889736,245.93071219094475,100.8040019824431,847.0671965159165,722.4594928663116,231.070373045406,620.1602797465605,228.4786906495825,191.24239787576934,17.179798561714588,266.8265156483528,679.8647014713351,0
627.8317145226656,110.79925534619473,605.326604887651,522.370231760651,423.0503189526843,606.9778627717791,409.86358201186545,591.266493601619,154.85269121028844,899.0860023564826,463.58521629762686,749.3818601786908,720.322430080915,301.46887972167747,193.3277357072868,846.0299279605441,836.9330011604521,931.7757661748389,509.17766032201126,653.0576081118681,1
297.29870894374534,973.2650614827581,738.394421393364,851.4872504564034,423.762320868205,399.6229929387607,168.50279117421096,224.81385699739576,678.0390251076395,492.0618477095255,45.70747169221268,104.84313153796165,398.8596932995163,532.2091885767354,583.3783400395542,783.1862034928688,92.03755442162075,915.870350854164,336.5798434911713,840.2118572704433,1
235.64473580104607,816.3964378082334,77.15516829778069,360.99049024227526,481.077031928051,816.6290955153505,56.48113247366737,58.52670818306394,893.3104839899839,51.71010141661425,635.7589724427181,488.91727930230854,963.4685054739938,444.74854700007285,819.1082128358,680.5432098815929,771.5164681061901,654.6995061962632,418.6006915417312,116.9926475148656,1
922.2859838028602,319.6292887160545,529.7264442720106,190.64326891543027,100.54497811459251,753.3294596992378,128.29562865396525,33.00807281786222,71.00227963568429,456.6396305692007,964.528024429815,177.99025436796256,179.25739507531878,873.7943603594559,920.3010957653378,980.6592377720581,309.1635550163825,72.88873669309481,551.3982872688588,904.4739546524871,1
456.5452454779227,918.5062729939881,874.66286895703,197.32933377740892,936.1282090086343,350.2809690300307,662.1257761529251,784.0252406411346,378.9569741198415,445.3348849558584,946.6136492376397,580.410082383648,544.6060837427326,770.3001447829354,663.0517852992316,474.2077042845497,595.7763324929933,39.45627693841702,60.15885248260822,208.18248559309183,0
453.79459996868576,653.412156113195,322.9222884780638,486.1261046453176,786.0344486040613,150.2098193015088,0.5355447895993848,684.8382889842097,385.24373316410896,318.69601894455667,498.93177467795726,738.8864967489947,366.152121817375,210.698675257738,565.1286426437382,557.8345068203089,704.4968541917348,311.7400228067122,875.4119133558205,997.4003434192641,0
878.2309191152475,257.092221506497,341.09632125409684,800.0680516154739,466.80232102678656,545.3979536719398,486.5131831257422,652.291170774078,396.5903222412238,768.9917446313249,992.0523075334884,583.9401942952629,57.35238326152115,264.0869135936122,705.6845109349222,66.91961037337435,397.2651472319426,704.4423636634283,271.15380856506886,390.97572465674125,0
188.8352854457409,456.45745618389265,891.0913391020395,185.9768100272682,734.8351998472939,118.92031594260233,369.0692389287988,272.65142369874917,626.5354028658966,515.2692481444534,733.4004059348666,443.641306478688,185.38496248759395,553.1808357095805,912.0421640937054,795.7702193467394,311.36265690268436,883.6797980887765,964.4402674430784,542.7146579753118,0
335.456595056308,777.4971906586583,609.4471625833222,443.3858990193601,410.061646671402,128.62352459907166,761.120852702782,299.7025128771901,685.541766237338,596.9391297850859,825.5555854769502,5.571899963800697,693.057799413325,115.0165871959441,352.1867260576087,853.1624788999908,799.8554432183682,729.332011584549,200.99122552272408,363.66588796514986,1
134.84636207483692,764.0787931965344,6.936784208497082,964.7221637628206,305.7813218862644,301.6372953898941,417.8637523864818,179.87162674825407,336.8018629681103,294.2175980993972,732.8052954416735,63.22115833122388,21.353471460631045,41.77492964769236,723.609406901469,952.4265397311927,909.4642661445366,627.8844497825564,696.6312849333908,886.1770912123279,1
171.02007712685673,36.174735424172376,259.98807163906537,418.4048266799245,619.1307311802418,123.51878999401833,45.042520173634415,266.8477757783688,712.1399963762158,264.9911242958127,220.30885799108145,997.6468129522466,348.28783352696666,177.0253063391297,18.621352758373398,390.7705686802443,443.8074808053857,929.2096671962614,483.8568862355417,340.26091857636777,1
186.6480739548809,828.3548393498843,338.83572552366934,160.32429807381686,694.444297733356,143.1751478536698,690.0422475664409,140.58468498890298,963.7006380467337,330.869124797729,320.5379728467382,309.27933536311457,620.6868614865647,93.46051089750851,112.17139842530676,169.00447829836207,984.1120245381056,947.0163056060363,900.6922814021465,244.3237128769683,1
512.3779464041971,854.2396315746969,159.46650979340882,552.6915811069487,28.36123798453172,449.49370638432487,723.7120790369364,739.8242007920926,141.83820436482853,922.9398908026237,699.7034465894787,305.3199171898159,950.283386717702,604.518574618053,7.505787735297864,704.2273898635235,93.72892787035848,893.4829628366554,45.917655697317315,951.5051737343446,1
105.03473697092525,303.07224270748156,126.71830137412377,594.7541872148628,391.4582922955209,469.60881697350544,803.0829673495552,237.65278631928567,767.9908888977146,475.05964289130566,413.80975601496607,640.5952474645219,125.92113618482115,538.7447677163346,357.4714029838961,186.97995738636098,477.7325750090139,265.0164520233558,862.9968977332828,752.34015996742,1
388.42872094240533,44.4681854644634,55.788367560333896,733.7352117854032,224.21386255511365,426.7845077301662,186.1242225214309,940.7867633466783,296.9128248304691,577.4897597844385,754.711088462561,827.4544119260042,848.0448435047189,807.8178759185141,772.0330667668908,181.28092861292146,975.7494347873437,457.2596791040772,906.549697241735,188.15211809935718,0
499.4398888932259,231.26527104334872,835.8275960407395,84.47502453263833,44.5124002122449,693.9415479053373,969.44937193713,482.01273742101245,752.5500078711784,35.465810755495816,251.4494606972104,477.48294767197217,847.129120060453,138.84805128296017,414.8193385997062,611.3179656101287,153.69539641107266,905.5742460581607,347.38526538370564,730.6088723605664,1
841.7167443138909,645.3045545941818,377.42880135409786,680.3196642910794,650.7469870945021,950.3690537526345,253.38459054092866,719.5863611973194,549.7232929794883,716.9611410994753,752.4611628920646,572.6280865138127,666.9418982539191,102.22162589311812,257.20205417063056,965.5462232720869,546.1732402800558,846.5152444163264,776.6470125147522,843.6559309491867,1
71.4545507537796,658.6627100130871,34.41084376845816,328.54526293683205,971.4033117692562,701.0919527913292,953.0590526759845,647.0528153151439,589.965947691882,76.10096069213168,966.726858865572,367.9402148659334,454.221140853152,24.40526129906173,110.13775697659011,995.290134337063,839.9660545730273,495.94350253643995,472.7277182218146,578.5558123478162,1
442.2171844988336,936.3168108523595,213.15172447298124,621.042052439982,96.66364525981386,590.0315906145552,883.0023666927078,890.9548114662234,133.25732144348768,883.1099094492067,521.4312747386502,583.9820323735655,936.9249717076186,402.1638856183053,701.3549099528267,863.3729437590354,287.3013955460976,592.4066701472968,281.64110215500335,688.7581669080166,0
94.74976035879278,71.9909471378396,705.8372363044766,483.94551001921883,405.08763446417197,793.6495217776345,228.2538694040983,617.7346547126847,727.2631759656804,198.5774543370502,742.6085147729128,389.55443063867546,636.2708968997573,37.96886054297177,408.4647824167056,46.911894582321146,521.2816692008532,172.55845809928073,648.0905955558285,840.6132452335205,1
175.08111299247585,661.7978428324323,666.9916692592858,47.832094673766036,673.1687650227587,17.086265547491596,328.21873371146756,579.8973192583288,320.8047421989685,809.2323639612733,202.87664493993097,581.879725123165,754.570164638029,456.3766989120039,121.39393416395173,621.5703226322024,520.5819888028268,345.41201347113446,621.2646215425148,557.7749748272212,1
778.7859671102166,413.3682465949577,221.1234434557531,518.6992572861463,481.92800081639143,794.9708580729518,610.6575932221976,434.11094454658394,620.2479931031694,232.11742831436644,774.4872686525287,970.7646948334769,658.8174356713971,301.2027965754613,297.1432766202379,262.96250409065544,731.6434282848102,746.6735863470096,943.6078180165346,836.7776268556419,1
300.73546427023666,227.3712404468059,288.962674614358,336.4287775749296,678.7953504891651,675.6301654837131,567.2177712825464,430.7820904586469,152.41824418616378,507.8910422056742,373.27272193271443,8.371455809027207,735.4847169271956,130.3720292064846,779.8426797153394,453.0029234420557,500.2918651023979,384.46229393592523,961.6604349689687,30.212417110128897,1
639.836031976221,50.68510661075487,541.5627079608497,9.899697284116105,761.3815694903261,546.1163659640557,719.529376004218,962.8037738947445,336.62347974222416,305.1401985808798,562.3165686033489,492.56320893058967,972.4330048027555,892.2373488946018,182.73748617336682,45.095470606824506,478.54596987395735,799.2524357825081,757.7942498884537,703.078546959215,1
113.7739317422043,280.0859382110603,254.2577230715195,946.2190751830128,15.513908676289212,821.2630960310967,626.3795641310909,939.8271259068931,980.7422909402442,427.3118528885926,935.1721481917442,796.9755925671542,14.476273766499848,286.228891518289,238.83907888110377,200.58561048285728,525.913333087442,116.61404815804066,603.2192878288486,966.9758165711602,1
563.5793145808121,441.3872559593238,596.5844022887361,530.2858584856241,63.576569613330356,453.1836730661843,240.21081815001034,981.9739330142306,569.9872993812207,967.6177071397489,814.1988823712672,309.86279050359445,615.3103882669092,410.1413924169509,485.4660110430302,808.8697388433296,728.2086278863499,258.54764445332466,277.49796758239887,666.9166993684914,0
881.4708642526647,526.2332709178,165.30110709872858,429.4494691829495,763.0724890065904,519.5611112902664,26.41216400578317,61.13832797378171,836.635552255558,875.4936073490447,687.8788692982733,737.6466837409841,585.5545956149299,547.6918722805365,885.3466185696182,708.9076865464073,814.44068109107,387.4855128240452,870.4366830412351,187.55578361293956,0
658.3560772974663,877.8879368542403,630.4471362373131,727.9489469787393,16.63267045052319,978.5054972467123,614.5780060195999,412.9814609542559,230.00633446609731,90.32824253918659,968.0240992475105,765.7619734141738,429.02023080269794,692.0531439157547,546.0343362606145,828.5442778202091,949.7566535089438,114.11109505009487,681.999774412275,196.46853986915346,1
521.8619049382604,307.1472868232039,296.1925954417667,284.3673994756762,459.7961165539378,302.0134196215879,288.4995662783245,588.7390928942187,953.5778822571327,158.70211887143938,84.87786450195622,966.4398280097778,790.7813400877792,294.7731905952821,26.070022101871814,270.8428581274729,447.5849121848902,493.6700937260904,338.97266679858797,63.890871297722086,1
923.575987836709,907.0265752086282,373.9965186823072,680.6712600430222,1.125747094840257,853.4817184387477,212.78156788326908,675.0598311939069,480.9516996985453,383.3215094311195,463.4225099384678,809.2383283295885,871.1571163627109,764.9939496247181,894.9005558735342,17.830347369541254,408.16996653467197,716.8168652250166,978.9395128147125,769.683288969184,0
127.99005512358764,879.6235922957007,752.3279501662055,19.91059394181127,797.2356460005986,370.75197935969993,875.7383546710893,711.8607217102748,950.6196451083744,789.7685408566446,226.24596137824926,70.86421531161224,170.85130648411507,300.5226913820196,972.3297612007143,526.5265509050921,284.6297922955572,497.418347675758,479.9531153891036,142.48353001859226,0
815.1133886653718,558.0973701538304,524.5956621778558,569.8552390400631,106.06568458645671,960.1505663296676,307.3476048054493,221.22290081636342,412.6434942038075,625.7709393607563,849.9583199732806,739.2928752123734,59.35252402267932,254.7778633822253,282.5145687951932,485.46989676923226,881.2453492369038,932.222380487299,237.04033713317264,889.844792623778,1
9.867024041988582,123.91972556978092,283.4203059231848,845.6253540237294,299.7944642234027,411.1102631643666,117.72513347109381,809.054406860125,357.4471679155513,216.58274420354707,46.88764738769202,211.74427891352266,288.0467029506557,378.10795342335433,286.2376138550402,222.6231402485901,512.092847848292,136.83150695629453,937.8699304657284,177.41889408288358,1
848.7713502249337,71.31281927878086,954.5767816661097,361.25575618759956,856.1219729454001,411.1658911584779,469.4221430938589,640.9182964941974,837.6017114367634,677.6951444712296,913.5660079628669,801.6530762426514,807.8990653082215,808.004546906007,758.9710466709124,781.4059165049242,982.0243003968778,177.76880277548534,299.92554888192757,788.2756881017922,0
51.7578875417638,415.54629690156486,48.984243885437536,840.3900860883057,443.97422758482685,833.2129140335823,198.75587871409738,15.848188461709656,179.52609590332048,615.5797080163733,445.4932824222725,24.606360677532855,779.797269280757,308.8225263624438,737.58514060434,875.4795559587429,568.5268811943774,871.8194625245699,579.9363557250836,956.7147511025483,1
162.4326299734672,775.2168162632652,153.5544598109868,683.9527873995156,130.69367171581902,624.1028709623708,707.2435199572476,766.7638250454344,55.89580323016374,456.2648043428658,709.8329051180291,62.273612791624245,121.83230435967496,96.99708324723977,88.70851319087004,352.4446653169777,54.28056326420372,678.1129082809232,892.1392445304197,227.19274659374045,1
688.2441989413398,878.3727643159925,61.813827586177815,394.3949189624937,338.86574344354926,226.74773161807659,829.3691311688796,909.0091554744158,239.20944236707163,317.92354332999173,463.798762316715,138.02771054692897,60.47985896288821,366.7993175892088,62.296860092022065,419.83870594936633,999.0169976495303,807.3938032185443,784.1466387939753,152.05615936321203,1
507.90730921060447,131.84270599085625,265.4734200355848,565.6249366950472,867.6972478042436,587.5851294690773,997.4750017546377,353.7212074546695,45.58590190359424,985.9779984181408,304.77185832966023,619.0811745268643,905.2893044613986,459.8448724208751,859.6096655389143,636.4252821691219,119.97556619759698,975.5055259439958,228.47302474232967,125.78316536402102,0
15.50603789175553,666.4859373793256,438.0491330748599,650.5517967013519,642.7029840035337,150.15298252519506,483.88914799884674,903.900229405818,150.2742569027692,624.3044490114053,855.755309674671,717.2245076023469,707.6102050864349,338.77283541367933,484.5912756732558,897.564497962287,659.7501351762439,341.399010679169,457.7201682606673,739.0924945374516,0
256.15972350396265,44.216096573720606,964.812049401182,409.5445086436736,936.8214261508739,873.8006917389173,150.19559840381814,969.2013387567325,51.72251680862383,208.999176633462,504.7445501634359,723.9452749910218,469.6406933609254,435.3938249248086,73.66859587296537,455.7353764971911,246.25525443345919,51.47001318288069,480.81330737046426,923.6559266129466,1
399.2559029936329,470.3946971269487,417.0338371425467,165.33150661271512,551.8789713859344,615.1992728253878,84.03389047908038,421.58788364978494,424.10305465834676,826.059247553798,712.1572020671406,850.5182865797518,753.9541843041637,305.4622976621493,611.6202624714632,344.16848444189696,881.4013557179128,917.6475498967718,884.3023402107979,184.93496523461317,0
923.2290885570685,326.80214764223746,751.2028911784123,208.8269640620266,96.92861131425367,486.2148347164109,248.10407122268728,434.9544145981956,590.9568960110497,930.8911319189249,975.7061631766891,449.0454032315574,908.3818283257845,36.94341974625159,699.7170999333425,250.79329760206227,160.41630149761156,442.303162241524,585.7119743202333,654.1151225272438,0
647.6596077399665,395.23281941551323,227.39421092096745,178.80454165506532,771.2006133760523,81.20805742068949,372.4715485727831,904.7291041946835,725.7376958666969,422.5576177660399,91.1253215136958,670.6799710996265,897.0041202004539,812.7715315927147,848.797032981089,703.0930626700592,708.9311335806383,978.0093973341942,805.1519842303157,189.7168991435808,0
474.0856025200471,883.759084146778,466.4101214309484,765.0882326186381,176.28501720667634,387.34460975630645,250.21979491353963,189.55689338679827,734.8748066107584,782.216120324337,170.99091359738128,911.1713780414871,359.9430176770283,334.1031812159527,750.598183691784,668.2917013028884,220.29976281948694,499.6833731498992,33.64718485307472,898.1432513984861,0
659.2263006351768,393.89916284126656,909.1920364620868,497.231249303572,88.88828827191419,364.5347558405172,614.789075835599,845.6211747607529,514.5019122115312,833.3715477124235,449.04583221037433,152.14409235310023,292.83211941702035,762.4457391998452,468.26597650772004,991.8106036819596,865.15042729676,80.80755500626447,504.36134141711653,157.40088294127386,1
535.983246134782,548.3077866769174,107.42202453962967,462.1218459161304,442.75780388236075,68.79615872508337,941.6270031708309,440.93836706297304,618.6141718084847,854.875747045425,774.7469381426644,878.5929755303652,779.9593953882727,774.1108846006571,656.670594159792,0.552429025888368,509.4472906531082,43.78411252998815,661.2535277884158,496.6822871905029,0
839.5786328911196,560.1938484097464,165.94687290779808,243.16843191707792,559.4184885933689,981.0419107968268,37.58560538915179,940.5954795148573,329.26845921477013,792.4933001090615,282.28670925038836,118.22367065638117,101.18600992587601,510.41584788844085,612.9912471329419,974.6259399401356,673.573717841427,573.8624112269146,186.98879943081727,976.3052361245639,0
755.8525164188648,22.424097018234445,305.6678798497614,261.1387505972125,873.0536252035674,633.0676988647772,332.21855961687805,978.9968681615748,208.68930207021708,185.0229909557505,480.94894078764474,988.5122633405647,820.9362691640307,125.95241866668627,213.05639908520712,260.59172778881634,355.3655024745662,952.9271463593253,996.4552922769723,2.553938569624159,1
338.75667028038504,437.36990140258433,814.9849408233899,310.3032626215603,628.7884201382918,659.0586230652569,866.9508836091861,783.2495960475813,831.0032102149574,996.9266765534223,833.3602201014073,779.0603266090591,959.1173982499247,892.5070452194955,74.69914432070546,853.7843093283373,490.31801521904873,849.2861965442921,985.0251395703027,657.0106603727015,1
114.60798457342536,633.7897217552742,177.2151523481007,819.6497902422446,223.15995301070012,83.38140180007991,224.84411148431283,167.0723809548108,112.24241038746574,940.240346065978,297.37476626431913,684.5815356979514,576.755969800655,249.10541887572833,892.7825694751564,839.8762922558557,875.956025757222,657.3100522183203,455.5646290819067,478.49471913864215,0
653.7261992041567,372.71542014516166,684.7007782112232,404.5702505216929,626.1349573541065,408.3639004834304,15.612894118874344,938.48395959604,188.57198624557725,715.9160642713708,871.8601746087485,909.815620757512,402.75147449837056,821.9527075268508,990.7365731678384,853.552813680921,885.9567363977496,943.9808947698027,366.1812764056924,99.99359303401567,0
52.87288734650464,812.5770401317686,723.5777302303493,485.63846617233776,63.67138369256764,295.0586192472997,223.1171606219935,870.5968117803187,932.2056010858905,530.7247684012082,655.7863136024949,316.80793428156096,611.2039358121914,589.6284787043002,849.2291987840997,394.6524101445026,520.2494745197819,233.74024945871764,492.1401697413343,551.5409940893765,0
655.362404118952,318.5123233506215,545.7613922024206,176.15967482835825,355.91094468932795,697.2322388972768,424.2204665110595,118.67875111236181,744.1365164478593,859.6231740852024,452.33554178352955,635.7622644670028,702.4457352073742,328.87735263868944,72.24516534297688,36.1875912120132,872.1352231317803,371.1088984498502,776.7295400332478,943.5393559319109,1
766.5812728981984,849.7227631343835,236.9915704083513,763.8019204753806,458.9961270242694,712.3144927161014,817.8342424247645,658.7368732863893,555.1796859196551,217.82009394952252,700.7327031584487,885.0684799855859,265.771417267754,391.6308383839875,366.2124724979029,596.1539559945542,582.031361749587,806.7621178806477,912.7405887961892,330.7597726311202,1
21.58721299808919,546.6661152390187,24.66634213581176,974.0649451244751,431.4666750358789,176.1544424126834,48.47609342553027,765.2799797312082,59.103391179953,734.4640132293476,232.90627723949964,403.67498243963627,334.07127642131263,616.6267029231534,203.89879451615988,165.4196648585221,935.1106699647783,668.2182903990274,826.0694656327438,243.9347086333864,1
276.40909657926727,844.7169547247776,409.71653487505677,572.1156369367487,441.7624225024146,717.3453495103236,539.1560925315183,291.55120591113314,244.86179093872872,983.684557032001,553.621180099123,10.106254935814407,579.4537936137689,973.1033928196888,298.1168382157353,317.73978539231587,913.158626771976,330.3147078100358,720.9879626580279,521.5829107476858,1
518.6955598400369,370.43279583776257,150.9184371520643,153.94469198433447,214.80477455127013,956.0082282429056,848.147655100152,591.941957629156,932.8017597187328,638.4154260142126,44.18471766091625,151.78948728926056,991.5228933932954,393.7158937198795,528.475285719211,261.2367193902948,327.4386124467872,930.4496623129638,325.8256956497849,92.1268750809926,1
632.441331357415,959.9689061067645,802.4266025829853,256.1621466324209,320.0643678794042,618.5972503445051,351.3538669081541,448.3946404149478,348.33214657909394,679.0455635233279,802.4385617217189,151.9259139409177,288.98480343531907,77.06193377533377,713.7420159744494,78.33167859059532,639.9039174643746,486.2469509426019,838.564014613993,836.8972390689343,1
669.1789109712196,609.9747035703688,614.1852718402093,451.8693566046363,118.79092158189964,11.163419013255126,336.1431999886305,124.22894594948586,764.2242279057605,144.8780072703133,131.35509930317824,173.24792405012025,549.9192159168748,369.1831563777296,441.4571190003194,808.220662060753,179.22861748647577,650.0841843430476,872.6637054940774,556.3155401444914,1
182.13644650785054,743.7598909161997,959.151454590822,44.298039473377514,802.4800525592841,205.2284302913584,483.757803896942,126.67163280195537,924.2244439519607,768.2383586672478,27.8813677892108,603.8812816798365,132.67580399836498,171.38639764885232,799.0856497795832,732.4681985874472,728.3445174011791,425.4158762536424,951.6427650049294,666.6049402166789,1
702.836449968814,332.4677768798836,152.8966009849596,904.4851469337103,94.5904329394277,603.1093374695597,356.4825610094695,963.1304258493474,423.2264547254274,383.05699928174073,37.87760337799306,956.7148775318603,774.0641450064023,748.4891788629636,232.53696232279532,774.9459510359834,311.2682860331386,896.2323694867121,521.3139854622144,939.2582511273145,1
181.88874218187868,552.4063145245215,809.8461762254257,448.37858271211394,355.86338395007687,554.7282862946947,509.33692744904715,992.8466366863361,639.0846456860963,340.5447276678194,814.0176193052512,882.1732777854908,344.84607959543035,875.2038991937414,861.6750287505356,145.45295527660517,537.8960112835939,340.68279123497626,557.8036181563218,213.22140395693478,0
618.8942288277669,0.7151820117617946,806.0768184680356,36.12127174330526,544.2031259073905,61.81559714530294,251.99750326949032,331.8608346168449,564.4232463217343,34.146525855366264,112.46290456334307,820.2002832430546,294.26246685053314,947.3449342375354,673.4720219894967,14.64191128845249,121.26758922297299,950.4392022238071,89.07589693977991,683.2936264824206,0
518.6880224452482,815.5472004900779,741.924241138195,849.1205757576859,90.86576820249104,773.9450031850037,83.54197549987707,783.100836620504,996.2047858689504,465.0708765593127,841.9149549237679,500.64810465862973,288.3310113955598,332.06566113858736,144.58236687915627,637.3286478519269,250.82879468467823,975.0377248276004,706.8165701256938,157.89699312036177,1
532.026446832741,325.83893219386175,555.942118774124,854.5383416046396,491.32690482558917,697.9968253009012,396.5130436396579,16.066592706220128,650.9040827833547,919.3049299206805,554.859622632833,99.92339158760521,106.83615283003356,582.6386493940632,641.4412653939418,293.1272577815948,959.1696644505249,990.1088718289791,452.047961824837,842.6983715225467,1
718.1295006241844,815.8083451957302,111.81125941428948,352.9731434762947,591.9837163191571,876.882479583719,295.2041962074462,795.0257858241492,212.9698415890583,830.0858625538765,599.4741745622852,61.07716607341551,999.4038670324983,133.80978357451346,725.377397176975,34.25296309723347,99.27857306123178,183.745540550988,105.34256210060022,917.3911875205438,0
466.3683162528717,863.9409638108222,898.1976555549389,277.0929502791815,146.60750302278603,67.89364733546589,865.816059845493,648.9158052130526,590.0502734246975,43.32843408712872,705.8606329297809,103.74639811428443,737.8168942382506,302.507859194085,677.8472885383505,670.6070292039316,885.409299782358,569.0561168346379,689.4280745677069,51.31450594135656,1
966.6743640224922,252.23754519816322,293.7762513092058,39.525734323435536,958.3995142860053,228.00237434455028,477.10094004388316,215.91824309656283,891.8582813727503,906.7197206783353,174.4020643836497,631.0113352263269,306.3098030275461,621.0876801474622,853.2442472993664,50.44658876360442,239.12305546044686,901.6490719411261,512.9301470635942,21.438541680711243,0
475.934323244261,44.24160974796243,503.3243477237874,965.2543653043433,974.3079635133817,885.386693321199,738.405482438259,294.6855793166238,155.48811261969587,657.0417114610981,374.6649478800426,340.9922652580477,855.066865163075,37.97031393862904,917.3363586428005,21.6151744244748,628.8565836601472,766.5943699611895,916.2495610908171,424.198875470908,0
900.979234794059,454.18882680671004,669.0702637309196,318.63161071544533,206.37143405173086,202.0947381853111,403.814707913944,705.7536595870527,213.8961026200058,227.1843131881083,458.8801991112913,275.55995611393746,289.1669547209726,973.0283023307255,524.0110667858125,754.3841688112069,502.69201132356557,849.3042370871647,610.9073104256704,910.084244274931,1
655.1981739244352,739.3709752585994,820.5499757691848,790.0920026370844,95.9801486520695,305.1246435424816,532.5814060219241,553.473240493185,819.69211648021,157.86168131807256,652.7637069681897,435.14019346432974,286.63082428105537,92.44439768734236,375.7710748214544,872.1758794036647,94.27697637688148,136.28007464715887,314.9113868273938,479.4805006719113,1
232.26368294834953,257.1088368797023,117.08198154015581,642.0552096472315,376.61251914231406,892.7599832844492,344.51521056102575,83.55001754677482,31.756034868155147,184.8367256369685,878.266891895806,587.1963462304615,972.3652337407482,346.5130866936295,822.9231784888852,24.517282711974396,320.72672531573943,350.01134540939347,916.9316912065218,465.2792185035489,1
43.97150924474869,385.9172650953021,968.2376640609525,389.70507604614227,337.02140703510406,511.6598182557933,280.81745143765147,321.8351100472286,927.6691090451949,895.346192147412,878.3539822665191,914.8272228651988,196.899136172485,267.3831095493431,651.5353959332666,507.90317120523474,613.7051694084585,452.53294998222617,783.9263094387873,609.7716072644271,0
200.62286999073052,535.9646926377447,711.0870860519127,614.8491332474113,917.4606635435952,485.63606115994673,707.6473171843807,634.1554297351524,10.964110112799297,326.8760046893215,99.78429343742012,717.1673785861118,582.7890513513225,37.54474779997952,900.9902616085014,191.09664882034784,827.2743983023547,275.3594339088414,642.2710020068736,754.8296238620593,0
462.7982028317542,463.74132859375493,283.47510231311145,591.5285493751057,416.60354777198285,143.04117989884836,581.8592389156231,775.240747143397,250.43543230596865,703.4361091081973,94.74067501164795,37.11352492267006,6.885308128101286,744.6961588586961,122.68893044341867,769.9751981910234,238.27050786426673,876.644057109916,877.8949126420786,302.367942446897,1
700.9760236986035,565.6577241331441,452.0295325292957,548.3116780295233,191.16342754648642,159.56840808440708,90.55495753117005,35.428655096141235,874.8147319121096,42.868321969527386,399.81581785719277,521.2514038523929,213.0888693478471,216.71068234823355,268.1632023679595,131.99750620182792,934.8629495922648,344.198834142178,525.7486505585459,458.23305471096654,1
280.0006656556677,762.0353970896359,479.94185058776816,385.26981760947297,335.5349446958047,770.9850625406675,44.84184642617595,271.61140735779253,322.65475594477977,599.2828098605021,5.706393142068222,726.932171283949,57.18121337055781,915.4017436205559,420.3028312592111,605.7823162221732,369.93657154429917,873.703969453219,67.14053194230219,669.8743438781695,1
406.7196300728629,374.1954506580284,756.0892699705312,402.7160660282009,609.6096495572212,356.9629430155539,16.553392358652275,385.49415662899867,119.47473825240395,36.66151834919085,439.8446171975813,652.4013850601419,659.1107340506999,278.8063000518326,495.70243554808116,418.44076663171205,914.8830196411304,116.93192066108948,73.25141810870839,51.68053898518543,1
585.073958796489,460.64844569011564,936.47367678119,392.1123427947619,368.6165375299272,50.952275292585504,931.8801886914948,366.83800360664867,829.146335717527,95.02409620781027,725.1556308906057,120.53949650768192,520.2726205079033,81.64251818568302,17.07418061329513,398.9187673532713,682.7087822245942,961.4458166794141,575.8426686040203,283.7728731008482,1
15.48236657979707,673.6607380910724,867.9083909290194,680.9842562524799,82.69601899581558,782.1405508088794,428.7320328257341,107.00698341074045,627.8548248909108,653.2484564187105,783.3664205318653,372.1528172438018,952.9345748780297,450.9319826237187,735.2130887573383,550.0042624091914,144.84108443992005,91.15663701654475,282.12351325961004,707.7623942010372,1
499.8789793122894,160.29493972848928,4.7602264440674835,753.8948060070603,133.80262062787074,523.6158430387939,191.1315784550669,871.712741568349,288.93497349318733,809.4596791520368,727.8960186145633,814.2792508087797,758.9146361950357,276.9102296054828,373.2278194767045,7.533940863111432,983.8434164717528,322.45107826944377,835.9639540757049,569.56980983058,1
337.27685516675734,841.7311252761804,865.1540222804549,950.8989262934925,808.7012651467694,648.0141872618123,445.28305048600834,75.74408523570908,408.0498553207655,178.47020223464182,879.4430078959739,205.8738746208818,948.0639636835991,121.39388490648417,207.8234753700575,737.7381469757879,94.47251335363238,276.4628418206562,737.9795038804559,405.4742162412068,1
108.97907304782262,209.36987913914862,182.62280683783928,134.624579677712,520.0868517528744,994.1390654680094,129.77296067123555,314.0009256502958,382.6412089685082,28.1186662450027,649.3947207326538,748.5855126839539,216.38027019045848,590.6860940863234,422.7147539060977,356.5529785549861,226.51686665969805,866.8986211344804,885.8582773955171,180.85881330402177,1
695.730212195394,60.27262615383822,851.3604788328312,100.97919277558887,110.3439965735693,516.2553423419652,178.00331416049963,330.9185996606754,391.05987769515735,0.03757555886851893,807.0639940826754,85.82934002266018,499.02872760685466,507.73358378081633,474.6524280586942,667.6849635432778,489.44228907210595,648.2273757574158,122.38372919114715,869.4468892764904,1
480.1420069270339,935.8274100955764,399.90116037919034,590.419284784648,192.14518772895906,944.091532344353,135.82105968822268,418.71876130524623,38.09797035959805,768.2057397914416,131.0662499736158,211.16318532983937,362.46431292145587,632.0994955880584,646.1977991794597,659.5319239415633,679.2360494136614,876.4576817932427,203.97691543775431,345.4220039481397,1
487.2503948860567,701.5275894112697,335.6248711025641,967.5010134757396,774.7969162898745,681.6047031979818,87.03970533453109,841.334856155973,625.2120072980588,251.61577041848682,185.8568744240805,295.5591659648763,746.9979288121215,110.1944487377241,75.87078472336506,725.223952637371,659.7628826346624,298.81295200664704,754.1399393620809,591.5765359287536,1
925.6242258866071,171.5057240149327,758.0556411819392,964.5059305352526,139.29527403210173,689.994212363508,827.573310942646,454.19042520800923,14.9378420870665,600.751360049684,5.936229356397593,476.0377347938759,453.36966760982034,157.6433914181471,647.9941507869972,59.5653727757749,557.6295263558411,765.5864724314507,930.742625171642,489.8612202911079,1
98.69342692723471,897.8708168148673,541.3115589413841,36.90512057392592,451.2903260474843,350.52034797735223,213.23388528591968,926.3678227710163,494.9847438520061,589.0669741952214,982.1985102644285,596.3736079500422,724.9965435841833,188.48229629434,793.6097643534372,982.7785862473479,584.4761929763998,330.4852407092822,573.4515141910609,968.6050790906162,0
553.9318924675941,868.4206580508987,107.300929059566,163.26300578825447,386.77704613136785,704.87378566513,271.5707976137397,500.03519904754944,554.4423350516978,546.1659033389597,263.2421320203946,464.7262138322352,578.1323024990338,568.241914396662,862.9147171107874,154.33206507350982,269.38907824176295,391.613175745126,574.244709235417,13.602240373256414,0
716.8285252051111,369.6716478786036,659.148342978929,703.8732723694375,484.0903871958412,167.74043327103482,643.8091733073912,665.9733584820553,513.2759129106812,199.2275522168102,255.389767027277,728.889893463756,2.984010099421619,20.600930361164394,269.5752333555891,731.2472802141256,693.9157421975356,832.0520665041197,667.9416102182087,846.4916771900117,1
921.5562507556799,116.2966595216235,633.5459587373158,605.2798277061081,212.24059335307388,440.3521449149116,79.51926731045845,779.0909455066351,677.9314324152148,91.35740577669394,915.1541931079062,176.50869024458825,164.84014011807457,910.3139474633244,382.1625994358556,481.2572775439865,725.9366745171561,22.318720536547932,723.0263132101599,882.4074734439163,1
869.5243498703298,454.02397655077675,126.13716036772638,585.6355007319769,111.00686404299998,201.0149961230766,424.8332286244024,625.6435176857063,71.07714236620488,271.33433422395615,939.9860929710277,443.7637546306412,829.5461071647994,461.44797063526653,415.9122829871085,437.5172922188433,446.66651876171295,180.35770264689566,97.22234911843918,464.4058627074985,1
596.380592922764,395.49940140167286,730.6528451921155,662.127980105813,116.07148167380332,823.7562843959519,428.7576363760668,843.7208200829048,524.197330196411,416.26980648456026,42.571419092810814,825.848624674552,135.89989698231776,403.74044428397184,304.3084554581566,324.8334372293061,490.4091486487535,119.12752480674715,965.8979167218956,938.4225700718466,1
552.134472676952,832.0100062802893,35.84866588547708,367.4038528477448,379.14167930976816,805.9066210820448,652.9859647727768,2.8985064262586624,425.29705263353725,824.9948098128385,757.1803307307795,889.243740827478,360.7853204839138,942.3442457150654,642.1861915044623,927.3731444354639,915.3963783912818,986.1154163397649,386.13233294841297,515.7412509178015,1
473.62393873035455,268.08801596561983,867.1138283671921,573.3415156816014,110.37087098422226,873.1153766093286,573.1585613463292,1.7340234565710322,23.85714803546801,860.2844591833583,904.4904853477261,172.85334467836788,12.666570849306446,567.4695392881682,897.4335899524016,312.04242875223997,955.1981302363537,333.2825055026806,374.433201275341,744.6512596217325,1
856.7789072797029,432.5699483789507,0.6821187217141977,733.945501119875,546.1189246443778,107.80810899469073,883.8198785000533,482.40486852064004,538.0901307316085,365.15097711270386,617.0818798421917,768.0841718615604,451.64473611807097,271.9866359122459,563.9793161084388,802.3571873725142,147.02815253132218,37.78258264867751,101.51099633504323,841.447715323675,1
690.0810050379919,973.2193849992259,247.4309204948528,517.7603444364685,37.636985905258435,775.3537681381683,353.07880913586274,725.0613227410671,174.30748328762357,379.9960192374341,7.906490929306287,826.1965144224744,70.42535193270261,986.5849908072024,122.90459980694656,492.29337606287436,681.306726107333,899.3972969604473,689.3356949994601,680.4660950915779,1
673.8382444008287,244.58284310537314,932.0490062081462,465.0406223441138,914.8011255821638,925.4881839512948,698.0628672479453,610.4648414699329,525.228664095077,896.6705885645239,47.86142029012686,133.9249745721056,157.50836308210813,639.3095948496851,827.7587512990921,981.2722405358855,841.7300349549506,64.40420293057825,211.87932538455024,251.5197279427077,0
863.1104498722367,603.5634228000686,874.270558781209,884.3638181044635,678.3684968632059,619.2530141546848,298.34815818524163,534.9567217658146,223.0743606715092,999.0269668448889,504.7095776903258,430.3161003745447,359.5250025486117,973.422068793851,918.2903608982574,393.25361504160117,888.3231826800557,134.4549792398678,278.20750056705947,692.7041073307743,0
518.3112261550107,824.2086742343151,769.2762023057869,701.1039846020315,270.2815335496652,284.5253904596533,949.3428836383113,957.1062251125833,553.2518284062461,870.6081992559959,320.1352238267401,782.4126656677043,247.3352828099238,518.6927098860775,697.7554482834288,540.096934942282,516.2205865926868,746.174164803091,488.3979941634321,854.0047173599161,0
836.2112644481234,701.6674242439243,619.6658736132239,66.56366667893276,670.9945814901733,615.851369317989,128.21319941710274,231.19816108035053,262.35210407452905,574.9653948184574,630.4559327457445,913.44504815119,902.6187744231398,220.15104316147404,476.95633959867234,587.9586065992648,314.2254248484685,497.4301805830845,673.2255718889073,672.815451618136,1
449.2384431330059,97.4679602964157,513.5276934851325,389.95493340647715,431.787709817243,529.3098616133433,546.2518271761005,259.65103237106337,521.9583328379338,628.6981364637459,101.98542141221556,997.1964017246706,505.12674979667906,79.76362149593984,115.17703120811163,34.82397810862459,154.945352797768,382.4553325561837,795.1579691522367,824.4207661499978,1
546.769294104513,758.2491335561259,385.7265523980451,888.0437203386374,999.7053043836809,156.62576879233137,685.1997678263568,148.8108393466402,177.67766328756284,69.3934576825035,815.9756219061052,220.35441063877025,702.3662130188553,480.3282585524932,182.026065799637,863.1684038952621,821.5866319027914,604.7922766276964,326.48368165861984,50.78217319331901,1
206.61746719974073,727.7084664473474,270.90257700329914,986.9792279277566,835.9801336259607,612.2313974162341,791.0662424584724,958.8734011683731,720.7419206180534,459.416911999722,491.84624176777714,653.5838247086125,764.4379888424188,619.0808378775006,631.5812302623037,705.1424392589222,23.180015445067426,528.3907228213477,982.4018192570716,28.42560226451385,0
386.39189939666466,104.52906249425776,332.1481852348724,860.2795782311242,640.7761894674071,555.2474706532439,675.3362682077649,212.69877746590493,430.9705018333361,445.45644538453945,529.9357586196023,80.18973312660005,952.5511442918223,899.0180864432407,512.841506898456,948.2324106392346,533.9340440758947,685.8650272637923,119.69283948460652,662.843139236544,1
308.70752048075457,916.0638550336059,73.98381105859453,480.02455687582943,131.13564267220423,235.4809573445379,944.0203308921529,922.8577428947228,348.7160910677273,237.67053516530456,515.6861997752675,664.6962202655582,278.39848519734676,269.84508733545067,190.371317930083,246.64461657770843,21.76571216541001,325.82712178909225,79.3504601024605,874.2771778104592,1
475.28395585833636,950.3598433945947,934.7399684354036,624.6112113535524,371.692353647853,963.8435868604694,337.27400018013907,428.8625259014642,724.2050725043091,531.7260860789427,60.227983836835584,71.09400973045376,130.40252481305902,550.0348917487453,856.3763183798013,515.8367722876194,621.7640899336865,419.2185747562054,298.36222446819727,30.84796123098532,0
209.99775825929268,532.6913770793526,78.26651738320511,124.33584980684309,490.332788882315,941.851003038017,229.69783563871238,114.99735168531922,227.78053355155802,894.0688170520597,251.56519377107412,617.2261810079062,953.0025482597337,832.418033180474,843.8034720696776,227.3320862094449,621.7383214168976,900.7250489618301,765.1469135836613,299.74240606208235,0
738.5369092545732,572.2980364489773,954.6420782963115,550.6275477265002,197.61327886891266,151.13384673355202,341.6735849510619,712.283951007563,847.6103061972846,693.5978676399449,308.2443963300336,274.64111342341937,676.3823752026481,195.55652902780096,415.48524550498513,41.76026869764049,791.3754729900745,270.6329236390974,968.1889872657667,413.66735613096915,1
212.63427953465896,132.40294314819045,135.84505393339563,892.4835087851359,103.29454109783865,760.9390974926843,812.0488823471874,652.5216652520472,719.3703569904519,462.84054941991025,984.7514954220678,751.8521655420498,291.14477380610526,56.03758845111173,710.9646112727713,981.8935505983062,865.3720092509394,102.75867643797987,739.6542361862431,127.95776467880471,0
238.86639651279606,366.52710211683683,435.81085216605675,581.5556042332063,562.8331855118475,246.20114220597898,752.5138813626758,823.0923400612497,705.9975039053517,333.4846177457582,703.4414072953083,394.1989315263719,996.2589007172414,889.1874833053688,698.3780853843082,741.9628897465751,180.63036895670027,456.25831579259426,740.3019871927829,603.0303037188776,0
992.9669397019436,159.56459291261848,329.17182908066724,147.3232737073572,476.4587065792882,20.905568575881883,565.2925519691656,374.3926555649867,979.7644122387785,473.58558942889164,597.054907025578,948.1113699026959,761.5136373359945,227.33812782530794,278.1284831710231,145.15779627561344,520.9597189717239,822.4330708146865,948.8819960480122,91.49544540726684,1
355.7674143860223,855.2554884284224,965.3769794827634,307.7122748019163,642.6316573947926,411.45423297912765,95.89189234270468,15.728077828720766,377.2229568924353,150.9580858024059,646.9702483398391,601.5274301581985,356.1611981407291,859.5113232007504,701.890870505116,352.43945851521687,848.6581582990192,732.134995999799,626.9540931697513,607.8250902780151,1
463.4738041912426,652.7340921331262,724.3919749752356,993.4504341497237,961.8320999072695,503.58429245815415,207.49177783126171,459.5323485064029,760.9014553661852,817.9611722870502,432.7544399031775,325.71029508568705,937.6627640727881,386.23828627299395,926.6336299129816,592.206935303221,580.1575977519074,457.3241550170436,291.61685272945505,615.3999234984796,0
580.194652248012,809.1135052277699,101.3076753706077,680.1109816140631,146.05738022566695,470.33403633990775,15.532104966198613,107.17815486532267,502.7327803330982,902.0657688914993,350.2664062394133,947.0664557476446,975.9777431933777,829.9009584752108,891.0723448251525,556.4964687996286,620.2433677916532,905.368274584416,704.2552119636002,806.1480943240742,0
456.324602112263,6.360957929727018,200.27231939471645,146.84101412637318,603.1544633143677,626.294905701656,35.466190734802616,610.0451624451828,250.62326253657042,366.3975516209739,365.4592345574121,452.75815895898296,763.9425438547495,696.3003191590534,577.155467654622,80.68520919436605,385.21557833703014,967.1342970395606,222.7219379131218,590.3889275754041,1
601.1009048972339,118.79015446004493,105.4925018521442,122.81537095634654,380.27829141601745,246.1183086627784,72.68400394134767,654.5987634763147,410.4561720442398,729.563071315052,241.22415468834234,43.42544268615145,295.1558022685418,388.45759538593006,558.2396586795519,958.0935997213909,7.9620985437051095,445.86777562965676,601.3453020671595,835.4401199556729,1
14.073064104530687,322.2446777313378,788.1326201715059,510.96189374659707,60.615721031484156,77.00289968912955,659.8368849820063,453.2852452673981,787.7010015679176,884.7260831808316,988.0444087900696,589.6894418041828,551.0184950470593,911.2504075447583,496.01154166179975,977.9599559734305,223.35924136035678,362.69273490694275,688.3884808437596,95.99580841596833,1
200.59110332776197,954.8487601065544,44.53886183806155,591.5545457578003,873.6907455510213,637.9482594824733,680.6021642687663,555.702158143825,641.8274549640288,881.2362967256568,252.68780263888303,916.8325594849499,451.45987875787586,453.2468755638637,837.4663725704487,641.7830834396559,750.9671810711429,878.1544101377306,198.28727481624918,984.3964932461683,0
409.86753558087275,494.7562227810292,364.7627891317904,118.69465550916658,2.7235480095928466,166.8638839664891,779.1890372307482,344.9526068242198,842.6922939974745,341.4191578709691,4.937133182469022,229.5907981046851,425.37321452154464,961.3142842599066,713.4155290393694,995.475115872189,66.04417741380419,326.1205231357265,363.35963407981654,183.2072180243589,1
557.66660202129,56.0722596058344,807.4752421227792,729.0843479201002,749.5022336844022,394.2245648150253,311.32136387728946,68.70178180104224,422.9007552937549,38.15936476385606,632.5188919913652,462.58662778856973,685.2317522412426,9.656289974950827,323.0421668742143,245.34517129447153,583.751938897177,921.1883687917011,365.23131262323403,538.40060524741,1
628.6332881444246,652.8261231883898,591.9116244798593,89.57127581086344,728.2140614198163,179.85979073051206,245.0209924263619,240.70431960899853,678.2372048010396,965.9339771315663,428.6091818406075,935.4955961357753,484.92575221643074,965.1759657775259,152.34695986957536,801.6836504252253,553.6160412392949,322.84934593956604,817.8541049066365,894.7094360166182,1
839.4642810473085,909.7885710767772,807.6672545825681,68.44021493990316,441.6833206603109,32.63305021324137,223.7706814969147,704.832132060173,549.8228726656149,999.6300013430712,802.2323619048856,732.334389029895,850.8209202028064,540.991099989281,351.60605601791497,914.4249960890174,866.9332843704192,895.2943333063143,559.0743371583884,267.8088920464019,1
640.5734456987728,297.8754692455867,961.7458652939736,534.3780728631059,63.92765165802072,725.8020344496816,586.2821075717295,165.4010114464447,391.7024453667074,416.5614262634586,152.16679768905306,282.99843481562283,262.457118864433,615.3991736323517,74.91989050960967,608.792414906213,564.8290692972378,801.8196788434832,947.805947897182,608.2041923356471,1
718.7490815481116,529.5807516362003,625.3860604984126,370.204837561157,841.1533907835426,60.00480604883174,179.53235981520055,465.22140176770245,644.9849133265636,397.86114965012973,560.442582704499,286.5486823885265,440.56587202236943,287.17496090326955,943.6836387563836,873.3354717661325,616.3282480522681,378.0544376237903,87.23409007029947,144.87940351603322,0
548.0877307153069,811.0799574046232,467.5724224097891,735.490987421288,53.30192415567014,333.82721796090556,636.6410410129478,550.075273200622,500.32904370041865,230.01806795967317,688.0444576641862,844.9950060387199,162.28345017344992,777.862083526528,420.55188370109244,422.9994054377559,318.86393142200586,842.467568053765,916.5077143675761,622.7876150959029,1
575.4846994078874,212.82341966889595,775.3618962097667,592.7047218010488,158.2865401265703,391.83097241750096,605.5340509255232,673.5629882778514,853.3203736991344,998.0915953462301,265.8687835412774,242.75070628757135,40.7376230215597,350.5790317947388,908.8999279038726,652.1240125243553,329.969320761302,86.69026310192562,732.8498412855548,916.8436618867901,0
825.7859880476182,222.59849021756418,955.7986811457495,144.25863810684336,892.6804332305791,534.5201589660263,465.8993036554864,12.64931538470504,810.1173586901605,987.9797704361243,452.09707220337935,410.4372562357974,609.1871930780635,427.26811224429986,832.8958920082821,671.2739129489851,26.110805055496566,157.7212573022202,512.031160845348,45.20460145950666,1
94.70016384217195,330.6653733319715,160.29931516169782,231.04043720354207,38.258807793818185,216.7376300383015,675.2414196718935,50.06473364624353,745.0395235324048,364.5741081116623,819.9230284365927,291.6268218581228,932.9845736861673,47.92594781083581,711.8075054118274,708.0729387258785,839.9103898222573,989.998997090106,696.0229605356366,967.1360395404373,1
13.488630677768732,551.2898529356405,22.50707886486103,455.95157492695824,771.610696960845,873.1449382465692,98.35867013707234,358.22036431381264,472.7138634553714,499.72596283826033,396.7592743904862,246.5029565949378,300.6044325671744,119.02531168644937,35.05415733512196,881.3725062551808,601.038819680309,211.06335828463995,381.1217459832288,548.2397726580472,1
661.7605663530023,861.7712229190287,652.8124119708436,802.8868437068749,193.55401623200942,376.1163662146124,192.51998724803454,714.702057593191,374.54218488314825,128.0342956899331,397.06775207905775,987.5488120995101,119.43123948377566,187.98194541880042,987.0408770065914,17.27315449580258,975.9760701611392,532.9128815515631,755.7897865934236,151.76136597237434,0
938.0098150531047,243.34554278921917,322.9577801475716,393.1488928197042,255.4573408786024,947.6333874009506,504.8119527879309,498.80350782755403,634.9558773772925,603.5321238448264,8.031304686527019,818.886968913996,968.4669882407372,955.4983057609988,341.96625819554936,542.3062345130887,107.78289328995983,113.03103372876322,570.9684829989264,447.72535610159724,1
14.71658106432805,354.9660676965645,342.37772234449557,379.96183875252956,783.0460256997148,979.3370950578292,737.3294512918002,772.2853632525581,489.3967372387319,710.5753242764342,169.91800278960824,368.74916903923605,9.987831885270083,160.04267899569192,399.3737933990615,763.4785254685609,300.0875197471838,947.2875619850734,500.5410116623741,269.6196360342605,1
999.9387614969197,223.53563911958872,998.5218374599609,807.9541671107578,926.5154889358708,117.46849956258221,396.9380580538203,15.90269975694547,707.1380827511113,487.60525791953734,397.8439392300386,409.54817829701926,559.3931849055153,330.069347890435,43.671126948669034,322.27382101653336,817.9046764317447,501.8211412810216,106.76745768226826,393.5310518854579,1
991.078147570281,891.0128387589398,926.7021718886956,431.59184341103696,187.2656431433327,857.3693141178607,36.81162249622516,84.93962746020934,201.9442846539089,298.53943626803925,370.9653718470206,75.37282003909218,546.2335509582076,469.9951752196562,141.447299727117,243.5461445270868,696.6932872600612,699.8916136955858,306.31050261731264,84.81124519436378,1
171.8759384037095,8.774388939115308,267.1019786278143,424.2653606699107,549.0270301240264,645.6073838347884,369.42210445409364,909.5932567515746,143.0482195286158,409.0508784812339,432.9245233287159,790.0090338608236,832.3253705963539,849.5833961236534,910.2632216456607,935.3636884597391,947.0142496539577,711.9833360819084,925.8955394101563,980.3108287813624,0
252.66955034901972,464.20175744236406,541.2202141656262,751.3567702399642,423.9678166585185,43.9772288981849,601.4984234223565,844.6945205493472,39.845421456756625,588.6108274268231,635.3097745853814,400.7058144363138,973.0910201322413,980.009874878342,853.6700292804263,866.8444519511625,347.2526242686127,27.17703658503845,334.29312814109426,79.35989517166753,0
716.9873147956283,827.5219702190633,971.3737347433708,761.7109537045734,7.69672922634701,119.617764428952,974.7343865427696,41.53964197108806,855.907307813271,765.4673967989745,132.52529932760183,159.5126061882488,936.858724202417,933.3157623084438,271.92155084234236,568.1672461703533,943.6909850186059,400.4619189882197,947.7377375754504,752.910920673016,1
111.48660078764495,537.6190290922585,257.6869614106668,409.4741047116701,868.7278285318193,414.9084370039825,729.3027295191945,262.14770069558733,143.381343426759,541.6180695355536,787.9946975938453,65.85189540825142,171.4720393828101,778.5105974247945,504.832143445797,674.6013006719277,832.378029831336,145.32251907401283,181.8645432909679,145.14941697231453,1
726.3640774779442,686.2148324452396,0.5609489954271352,772.2843717965294,448.1720698047326,903.4532336369266,94.10700175008502,803.8191280440872,427.41493696693067,219.85765875445372,989.9979768997132,245.8136572625421,415.4191092385717,411.4285472208743,534.9586714971609,194.21390473327426,73.5374974622397,940.3798249180128,711.4121454968803,236.26104690781403,1
192.1807443806246,931.1045096583713,393.8368856195342,107.42911282021228,728.147306341309,599.3499412758483,88.08394344611648,730.5061549901362,877.3861952004098,46.654797258055105,844.6039839044099,860.4458446521114,11.91561544779718,342.88648486762986,744.6088664679072,103.72333139293232,514.6285246614027,926.5331664196694,260.713317400083,417.3731608678153,0
817.8764063559299,501.7220654157446,82.91547624013518,592.5733901461256,479.7556659375782,884.5186655035266,661.1293489403399,110.05238499877667,928.4258736360534,690.7314980044289,501.95148654930955,338.26846931034595,506.8678851784953,125.97329518716383,810.4230020949904,522.4829832878559,416.18539675275855,436.5544145582033,479.8366079814356,588.2775153359681,1
982.8106538955072,531.5698427615381,244.51495699482507,834.4585712390227,267.7767462008264,690.6746721123849,760.9676545485038,110.38593008957353,192.64813431195338,916.9114909325999,682.5301257998472,427.9188827592846,890.138756892356,637.4766550066385,215.2750496657011,14.713208069351392,779.0326386781771,294.68624437548243,187.22737533253598,105.3072239095515,1
14.950783757146645,184.2562280093065,466.82343037636355,998.3849601646385,363.790367481019,902.6194912936552,567.2047095898879,268.5103560009292,601.1835617430125,573.9513622594296,815.5126968486776,778.6193102106839,522.7747586445316,229.27251548400352,190.4257348539331,533.2782399081441,451.8970297382405,461.88210639791794,554.8509864079874,762.8527217002709,1
435.1236638604152,370.90710749033997,31.860040291176837,26.193405416821356,736.3862920582133,238.81505427581408,420.9394541855067,272.4485207675266,543.9024588386977,868.2201290763004,156.94616437012033,48.15227397252742,776.8583525182178,905.7650976627718,235.4749943177814,56.23272260562118,958.9031851089059,707.2653332900566,914.5414776256438,996.5119095670198,1
522.5124159988302,343.25029182111876,317.8820507905561,939.5867779990898,689.36276362963,174.2897495193928,285.5431565351746,801.9142308465871,497.47815065210324,483.688681245959,852.3211576716591,764.2443979360838,299.94224930905733,254.75915711410457,382.0033301368041,961.0181084171347,892.9007965596691,622.6263621107628,760.951874812353,127.96815985875354,1
807.7389686377093,676.5221777328144,476.50080469103517,671.6426419851075,777.045329758331,252.01146036144252,834.1232907299096,885.5930214007226,774.9644317061532,470.1247158712993,871.0857764973892,516.4700613955864,284.01530637457597,46.151731558346064,734.1024486963437,459.78823663860123,614.365361902988,775.0627831195127,828.7798676868333,130.11501901067913,0
495.63145684600187,134.40678686965225,189.08284669317686,251.59201035701295,392.1646916769691,162.32895354499632,257.45679398558065,343.14831370308406,78.81990278465467,376.9346004332767,631.5325884277602,149.5637407527065,706.0599480049727,462.2842517675932,254.39654971772774,451.8446066020161,454.95847134358115,982.8691646788457,237.20553258468203,240.58893224300115,1
464.8945206646935,800.8606675427054,711.2361193486565,831.4156960533459,656.8082308783105,188.38866982831826,519.3764934865361,846.9557834939442,924.971774341913,588.9038851897591,604.8287306325719,55.27237234352312,217.70931187334054,907.6217016055317,534.6759376357655,9.467000835925221,47.80014921513076,382.7227595515445,819.2004687100616,881.7732547958344,1
839.7943793706568,418.761276675776,18.03380457597936,942.5398032807499,676.3108218535299,518.4028658914303,923.9287224994035,136.5579874647105,930.4586887962178,100.48292316232066,668.8035534506375,776.0056516712634,551.9781422246293,604.8868689552156,583.619152657856,414.3081605312493,131.0866090218623,553.9945835409055,352.4111261299371,932.741461736003,1
781.9717730593551,448.30282201488455,309.22744361961554,677.53470492772,593.2829470664684,493.2010236653893,994.581014470664,297.70721833297944,742.9770668384703,250.50225335072807,540.6272972895886,809.7669786063366,166.90960034108414,454.25592209083266,339.45351097063826,854.4151700034312,896.6002165729165,723.3010007119447,961.9998777490332,509.5002394234207,1
307.9647935771369,246.07792235699665,17.71071911125166,256.70730745392535,58.813108664175886,412.2100335877954,676.9477958989196,934.0774324393841,510.04238436852455,543.166907607387,505.64597886029117,408.17232462117215,710.411761010671,924.8410927077244,420.69052960185303,458.2303756332768,742.6700475970615,847.9059016108791,791.4556076254015,586.0399283551258,1
17.85120575889443,434.99638947722565,598.3713608464774,87.91897440474838,486.8217947515824,810.6465428720641,653.4965428207632,468.64629568152117,858.247627998279,856.3099340780639,705.1633771842936,507.6992865172333,899.3912604260244,262.1914629331247,278.03428438138076,525.5133175124852,755.0339908228657,172.29619048152978,169.64491175203412,423.30292455480014,1
491.2424572107904,87.91235345876325,406.46692469870015,987.0537815019328,411.00980783648475,937.4260034470083,473.24357461547595,522.7227314691563,962.0788338045339,320.57998783026665,636.435548991733,376.1004568088798,353.46277455953134,327.6429407690361,60.84493593616003,117.2560892993727,346.10030166812686,593.446817166406,312.00341612951155,958.5059379747381,1
662.8912161145054,8.172942997732413,819.0006023667357,383.24576174451744,104.43059272040134,776.8691254597281,16.62050813449212,484.88481383044314,229.79549135944666,498.9526901579957,234.97976007270572,892.5945524949827,390.748967297601,180.07127824467918,292.59441998179835,744.8447737202681,590.9432699667805,513.2154288858441,622.6264680892331,826.911721789047,1
786.570616086853,605.2979797475214,730.0022340621516,143.31414187744474,393.31147814622756,792.3571992867509,452.7092436907434,402.75140477676774,285.59984461412114,77.24423247832223,463.03787486861023,486.70321631353875,580.1938608831719,881.1650098580371,86.2446551816899,425.93198564243914,149.86470879196568,9.45723776338847,765.3296654767834,405.77985851865606,1
185.26264611036913,57.77212725854619,318.5194477963713,188.93476335074678,986.7324589058635,293.0176611508762,726.2262253851558,853.4219317316866,614.7704289874418,369.1715013132767,64.14834512421686,349.3620287667967,480.61090254231067,556.3829044287495,740.9313238926741,483.02359982551735,110.27356251549314,373.71457206930137,295.9710430931409,234.58899739025762,0
337.21957380978563,869.770778987224,357.7956081097005,846.810516629552,458.0873124895529,227.8294333674048,728.2933426472608,270.17627256407604,397.7986711594925,789.92626599043,436.0895017040691,297.67410594710765,487.5258617096361,374.4404719502623,941.5758724349395,300.6783954165437,840.4973217750627,357.9431311344665,940.9946571404097,393.17014389095283,0
101.99764234749675,557.9322281798817,454.6534142075176,647.720094386988,480.65763147453487,250.78710098991186,631.7219702382051,927.1621139691556,243.5817722750443,450.68278561964894,877.9611047826752,420.3433274356152,483.35533192841086,575.995616793962,95.0285079354496,229.9681048818476,550.2471830351359,825.9009796484653,229.1525422034688,193.1031934894746,1
713.9877312204727,502.0762388094726,556.4009370135803,624.1277434600174,671.2625136261581,926.9634465139417,55.83840441250232,837.0661990359595,675.700944382514,179.0440868919475,442.2761557297974,962.4937229740997,1.344215116210301,796.0179201158942,699.9173053723597,825.2484348695496,627.0846819847955,429.26223073508476,660.4377811163871,21.287318223469743,0
717.0875621136547,397.4698325927922,954.5104197504226,346.61288891751985,255.72376628911087,779.5608671304658,377.1529566038383,466.60128753252707,242.65901927442545,441.84616838331135,96.6358918503174,431.08655669311815,621.9415288778987,782.0219623597144,73.96783836459642,650.448188402493,763.3249156010205,349.48110224526107,88.18849926893823,122.25546238471364,1
823.213215803831,971.7764161203787,903.4533088440908,233.94735454666395,768.1590867425563,57.731215493412094,797.0279418341348,885.3818100006637,495.7265781335679,456.577036503978,254.26824884720534,16.238855651248496,295.8497611240416,913.2592849204799,323.10097119794835,186.92017854804743,8.77169399653399,513.9118069753688,969.3586491627373,931.2565514631787,1
14.788946477838238,752.9998627625699,312.9576263715428,661.7475599321408,483.8495672205574,733.3567849891474,97.70104272910807,435.36573991999796,780.0874226417284,787.5334890679992,147.11668272220723,275.0510752445787,999.1980102843635,718.5963285515334,365.22257737625597,14.275095919417446,309.024260326513,895.7597707196038,480.9192108771592,188.82771010966027,1
716.0804054283665,63.22818352478387,903.7780237147995,896.1693333844651,985.2148269935648,866.5789318834944,143.3503156608046,90.59283776930549,988.0240077566331,500.09503857331583,728.9994484060329,76.70216737249036,215.5484269434369,459.71828533379124,41.693933401351856,657.6149136926879,464.12527261426186,464.34334571350587,588.6508620563372,483.9492060396089,1
489.04674802115164,670.8407255674239,120.54589773704782,853.1271903494228,74.56446030984709,341.49333596358866,266.19459476479335,563.6249899799448,305.91929058537994,1.1570285517890078,858.1168182738427,328.54352613369343,362.3193114819766,924.6681731135521,608.8054885929655,545.829941677251,942.3814390724709,305.5195417262768,875.0739619688464,965.3468259295665,1
20.22758620058307,491.94764411636584,930.158113410328,732.592465006488,957.4541920291528,414.5720371989573,686.1238759282239,430.2437005763461,97.2172075837906,923.337486184182,695.2085019226746,919.4546917142045,997.3815737938204,128.1480406000567,75.96717516881546,618.6292505309191,837.170918580006,691.458677938615,280.52422067291883,339.1246059759997,1
599.6103341097594,719.3695898026363,453.86655714896426,58.1916016593017,691.1331781302923,382.2434551511552,528.8980182339784,852.2972208772511,201.07028483705514,862.8079119433386,284.43471433779865,576.406139656888,631.1151064483217,555.2129982014776,394.3628440266408,114.67825441602875,41.96191857564291,122.68671274321275,423.415803341737,317.16586980183627,1
196.919376105132,214.5185383745557,611.7511139954602,314.9371565925091,906.2249067053792,887.7593301000019,120.06084876136892,339.1038623702419,780.6262272606311,944.8465564943177,792.5811227621984,869.5479150320512,320.2267669118507,75.82767626640252,274.73985292935623,506.371407459672,943.5617866252268,744.5015392887782,250.96780341660886,622.2435918027063,1
652.2639340658707,790.5689645923221,310.10950694297514,32.942362221558554,830.3442203912059,616.2012492684588,540.7405813097864,456.4031548413655,264.60617613439007,119.2204249205685,107.47077353139566,22.206009397774174,192.0185443038791,800.345831748615,936.0936474640872,384.2982627583987,102.05256801685181,376.24700289158983,457.17369484829794,534.5029763367835,0
983.6018021704189,796.4115352743247,816.0827434939009,364.20707970333586,753.3877595393393,425.7560625437119,350.77031327679674,90.52104366139824,767.5205367735706,497.6620790318852,425.4686900465813,386.24724626821285,305.7595301855017,564.8516236145817,538.4903796067463,105.02780253431499,590.156787311566,60.856609294213996,791.0699432947839,342.8012418065174,1
950.2873560522979,149.77911313962366,739.7956425842885,274.21888750670473,771.8355631305552,369.7899403916767,876.1445782863838,701.6291178217843,968.9631271603962,19.178723306067845,208.37721216693083,727.06735675035,921.8043722775582,595.0651546580265,379.33967592652516,121.71904511856124,102.21916098321503,488.7706970071143,117.80224188158816,71.08807536652594,1
242.94702410157953,169.9596742674322,877.8704523218754,527.128563232072,255.4217395694287,999.110937720809,932.7227603441736,227.93750304515092,703.2981884612428,9.263262966194063,738.2950192863309,214.47874984185844,381.74946486900154,64.60885941935801,373.1143913758133,689.0592784490788,552.3066395953437,203.52602266702624,282.6937692065842,786.9872820945566,1
190.78000801103877,605.445608633264,971.8625714425426,435.53038971938554,947.2809358953316,363.9861610224955,351.0856879375649,142.1989557441371,382.99607942805346,971.3328948950782,621.8227265116819,953.5719682494064,830.5810249014489,249.55435012924931,900.9644864810498,870.2595097736345,372.68079077223257,701.4273887197024,81.28643245938572,89.15472868420781,0
167.87591670099033,170.80076180523963,695.51784913631,192.10183771554347,533.9966500829042,838.582952945841,21.322672083506134,341.39098094919143,296.9321208380631,909.7317533402153,627.4308633347283,326.99662207460244,585.2847549276792,51.7226124783583,573.0525110488729,193.08814826723952,649.8099750994685,590.6651782592545,770.6722814139376,593.7769101144486,1
870.2589484945544,38.31738088836334,588.9041939409254,644.6834499394766,232.37932515181737,139.05675726205158,749.0029889377442,788.753848103113,656.3956355312105,652.2468284549192,75.85896669610736,474.4261435399688,830.7467776533807,0.7745145669780795,5.725579595475705,717.0731307210017,47.111356818371306,548.5738413741462,545.3530030583864,883.6020479411432,1
395.0298951160127,175.34650604916447,835.6275509014528,728.8987431545114,251.85558940347684,923.9493631895511,2.437183677764243,127.28172889121991,762.1020322137559,251.36926434381868,331.02251433875296,82.40843206303184,662.5953836791801,93.882317087989,946.9466983556745,646.5237616791322,557.6766830730857,731.3401559138451,421.6143166996359,538.3711087532948,0
752.3437756120122,949.6518030884944,196.1385817933563,895.979504104368,24.9642542281846,65.08333559073432,308.6496323361655,377.3100055230102,240.33920904269678,578.7023888424263,688.2773088929797,198.93235457674862,320.49449348064985,239.39151907310796,972.2856324719658,102.5412272370777,1.6567512629546144,244.99483616143903,710.0317810727355,903.7009147097274,0
20.2297906396387,229.53787838799587,684.7697221664474,628.8853380790159,210.91299547032415,269.54270129691884,764.3257689430169,774.3494271186379,646.334597803194,429.21138529670145,849.4083115068987,701.6911030820751,700.8680484781006,575.3293656194398,806.1088245997546,786.2500351418485,730.4846080676108,859.8993586239055,835.883901206426,754.8197580312211,0
905.0945418283935,737.9100699493828,232.42371790805328,523.3854038262102,192.59496166520262,768.7209513634493,170.97203495744273,380.6754307118946,182.84214676645428,230.46001281882656,258.6574039651458,57.7408940146984,704.8541154600737,584.2470993328719,436.75074324043385,222.0139644409842,178.3957804413605,508.6344491446172,827.9106499020485,493.1640608852622,1
212.203591137329,869.4118734080007,785.1726770767,297.97976574716944,632.8386431710635,989.6755952135054,9.636847754395216,395.6847781300612,208.11151006695573,199.573050507588,119.79171867872596,490.6409700182288,226.83241274426814,877.7754709267508,115.82640209850426,169.7940282789394,190.46132413019822,53.39061400308343,636.8664298311262,609.1378856324781,1
919.7218677739361,720.2883068906627,900.3351088574364,249.68175023050443,270.16889180246153,428.50746356293513,492.22967923673014,900.0152461077023,22.416753455524074,615.3049671939061,333.3128571226371,960.0713828484439,730.7580489342242,456.78680613638545,208.4981906157345,965.7817034164113,509.22839283218656,861.3533658330929,898.8604855022937,402.03772245603886,1
605.6122467149193,485.17258004594345,820.528052113051,944.7787250359466,362.96788370086483,909.8035011805839,212.34337841428996,299.0871783775062,448.324850526488,314.2012243134673,72.54444251588255,423.15374590237775,268.82505964124914,253.9686116050526,29.693197631837755,9.456354330839023,885.0834194843115,948.4948291730627,267.4301564755641,963.308945201048,1
236.00900545582837,271.0650625229606,407.8602294685473,722.6791532397634,494.97565366750695,738.0272178247843,513.046366836889,478.8947743617602,861.2425516362349,884.415360850942,107.34753686905407,558.5232107755529,177.32851636122214,364.82311412583834,63.34136576629068,981.5428235630084,487.6304373529413,20.654279539242815,249.58348755463422,616.0295594747835,1
756.5880964465061,15.927663878230858,98.61219352543338,738.3087426540767,322.7598574738697,350.5775768232664,662.0761836576188,181.11995157950577,78.8338537773432,779.2978128873954,169.94322848743215,487.18864765344983,784.1997514129299,229.41182728182764,400.8829506396456,376.36818304803734,626.8575857223924,985.0429525618299,529.675048312447,601.0066272880763,1
337.8971166506646,161.17519677641369,990.0048013860152,507.5219436933569,424.3167738338636,228.2477502781478,404.81546092412293,258.7405961901679,103.06999988840082,693.1828961404835,394.21544293052926,681.1864005294645,997.4555027904531,191.47710977623,57.204423089738164,611.4456926439408,285.2952067549349,943.7809866864446,870.6892297182596,92.06058775164871,1
639.8056551476608,959.9550648438832,930.8074633117938,930.9880936125991,150.83416516188862,753.6474260504566,485.7320846533156,619.1811159735267,649.1871107391282,462.5564209438271,501.739143111389,141.59186071260353,863.7275797942873,45.97288649092279,800.2409661409581,723.5655383077379,518.2181193378483,342.50232790210634,615.3230791888881,925.7476451547832,0
492.30364698658303,977.1618973351033,691.3153052936549,183.13220095398353,6.7419688957710555,233.50818949253582,550.1738939512832,735.8791674759773,873.6690401149558,605.1448407384014,973.6652956893747,59.238896040943125,553.8631476320164,642.1583284569099,377.57302225242404,812.0982420391557,948.8263103820217,378.4131220104656,740.6422841915902,309.1866868686247,1
286.1990868449438,804.4455985333276,774.8305786808484,232.39959665217248,336.9825479152194,429.40746922603944,745.2223689829092,249.87611604332082,733.5619493095263,955.3067807241202,377.3714073746792,75.82381355124512,60.91823562711085,579.0758409821249,460.23361150115727,9.304080659844338,404.8408155899703,476.0164548761063,625.305414111655,350.4654309001147,1
712.8766562652849,937.2118224406339,498.4314364868303,891.1243540446012,766.7251232358118,109.70777930440623,289.28736441711436,488.4539612531421,40.030076399391604,437.4304763811582,901.1261408588025,596.4749595364507,936.9133284097159,510.7113438879471,310.65294765609394,603.8952120254734,313.2749994313928,278.60551765102537,444.43450108240245,603.7939203819537,1
197.9275348565761,845.7372021937672,896.5923681107328,389.5266911656855,817.825241443805,653.0515581313227,64.5529926389209,886.7238606358309,541.0629297801141,823.480194790247,933.3616660976145,536.8313947336715,687.1532904143363,981.9017690225386,638.3202796272384,888.893303349916,684.5519480198213,652.1580735386391,772.020857151339,204.4260918483215,0
333.2727518694825,78.67561062206008,107.9617250072441,204.16142020302163,329.4931818165423,792.9714696416395,807.8647386953202,619.0217742895969,608.4944434354345,302.92887482898476,263.4674876843971,118.70048598789384,739.4640833162786,458.13506994447096,467.63575838695914,381.92830914339095,797.48371869929,70.49629695854864,486.6059455608432,615.4195704920585,1
363.08352142971955,859.2399895236123,162.54577679684422,124.19948704011009,889.8133681838485,605.5188363846447,858.7231403388298,24.08335902828607,715.1005711754897,152.52250479869534,884.808750712719,799.0657013719119,44.984352101824385,892.8585225271444,376.8612253119049,779.6644772534721,198.09273203257948,182.7597608223609,365.9014140803184,151.52869961559034,1
607.3297405276709,802.5499857649086,381.6651789790173,815.2778554009001,784.4499323172031,441.5881362973504,651.743478526135,844.3443142905061,205.08611711302837,677.6225474971308,909.5015265750109,314.9623203169747,141.81282274315444,731.0278438865059,916.276145156309,604.9598857969261,550.2933270763956,265.87123143610233,22.706354589937195,675.8710782791189,0
737.7674941941708,470.49399861043196,722.8154733799679,347.76304424751436,756.1453791882785,499.1056773983602,89.41450914656602,410.0628307348139,978.2103726450849,689.2170234972259,731.4224724588042,231.25862986539258,98.34431403199817,578.6522836848417,21.148272826773006,185.65436975794148,770.3773663058553,950.8030184769623,509.00031951341794,784.2802364812692,1
353.7785759284952,2.5902431378345137,842.9259255776335,753.7599066548303,383.8367592126049,439.6147384843786,509.57624480204447,165.74061262895745,247.77637538544295,212.76954264333924,870.2321623200515,245.18062346557412,722.1349777808819,100.1739622670903,187.62365329992582,48.3723056370291,81.79306923698071,209.91881563228264,909.2950667648977,751.6437685095501,1
589.8411342180713,79.72677945175988,938.4996538085668,230.94194120201718,682.0616870604799,204.53976246682615,59.49550126370362,662.0848174397847,277.17321407519256,365.136096802807,723.4232559933985,264.6281263884318,123.59329279400532,547.7782576824557,28.27931197875211,392.0697345884683,941.0126084386638,582.6159136186044,419.0936649839453,366.88058594755347,1
901.0845269248349,421.70820444783055,715.0842105864155,397.7849323658057,258.41610199457244,789.0142763640674,853.8882948614096,141.48044564792917,580.6438959598551,652.416580357758,610.845573750003,151.28444643506933,681.7344013208068,269.3164063986202,763.4149462025227,931.5871579896725,802.3673009719522,671.0103431374207,100.32828699054642,856.731091851527,1
478.98385410160637,69.83817357232802,951.2127000899156,572.7711057635822,643.9009630861682,965.4341504357449,79.13709453450957,652.0599151142603,350.55211467400727,189.43162635630406,621.1769447097289,714.4765503721305,861.5567579982725,511.27318406107304,368.83364698737455,332.51994803519693,995.6554722600725,717.5265716486356,19.976705998621558,555.8237611078052,1
29.969018478267493,572.718075523996,52.84000712112669,700.4435769876187,625.0179988888553,380.5260855644755,313.8797811947279,614.5661356041788,564.8676487785032,510.52590485401606,965.4582798379527,553.680526429472,627.9315846209219,356.0620020703039,650.5150386444072,160.21439713349906,495.56484874222616,734.1125200870205,716.8184612406617,16.933791682655407,0
561.89305666808,838.1831057866607,381.86689706158575,189.33173637763778,0.14285751283171777,974.6103691998219,301.26860970558954,879.2963726058007,101.74788438442451,440.6550995581284,975.3013389123226,991.4862839013537,147.145887483217,313.87278636510496,426.8344148434692,291.1059244000378,850.0604314486926,805.1003179720718,593.224528890356,848.886481922551,0
582.6504293907666,253.10038881266627,369.39692361862694,13.767717408245339,81.48590858394422,660.5628378378897,274.4940536876549,534.5246305185963,887.3129332667164,257.46105159325504,41.60354948819545,222.82129063797873,725.6061598123247,535.2520148170108,858.0949247612991,170.13454606615207,600.5305291268836,49.077488548329384,245.1892765771837,489.94207682255774,0
406.59001407971505,537.4308172923263,24.14383850382118,449.0005813329041,750.0066629399175,8.735994323879837,764.6131738244519,754.3775540063639,7.968280218898727,264.3795270876451,902.7512523012902,486.7977670852238,181.3496270052025,322.0576390607046,773.8110647654514,508.86240579399765,297.95038570782384,749.5107314921305,738.4215043293334,756.7565714584448,0
903.8039820126268,918.014596591908,364.5741215895165,375.6675050489924,502.24178315486466,159.2886509570547,949.6504982797421,8.033869060530275,438.9179306818197,552.4265024404931,376.9610907545213,763.5780123145662,520.9318533995284,743.8221191450947,804.9047665416061,411.4942772998534,994.126279396597,181.39945244350542,929.6153350486985,775.2959230756109,1
271.103632958701,961.4249002265868,906.3296694722399,355.44232108759377,469.3808857820881,432.88139897440857,929.9293568902567,678.3848340643376,193.5927466092623,623.2646174637296,282.56199192093254,253.2735336115336,887.524716760598,785.3018439191505,871.0659463543172,108.22162251657952,116.28536018434066,960.86696134337,770.6212526398406,116.47980456274809,0
191.6067035484329,844.1713774045476,452.79545780832007,662.0248131982412,835.1512206080491,40.44477524342138,920.6963393721365,280.87884882525225,189.64911664365724,552.4242932459591,759.5258393586885,467.12843493701126,887.3494033436563,224.14913691689208,294.8182641772896,759.7651773750928,392.4715849353849,173.23752485723253,345.75659786942026,533.5469833741121,1
189.66371826432103,552.5381891629632,549.4232848437656,212.24701009246814,977.8073028852291,945.0089581370603,454.8196091385882,576.5512652982771,739.3715679357224,566.307231841878,761.0906148409949,92.2280750757527,301.87888809965267,278.16222424127966,289.04040307130373,983.5671317589916,890.9691178296183,999.1736508693115,692.5777438987207,392.63830730398985,1
501.8801340679885,985.2739343467997,419.30173642455304,79.22101244286273,27.451556639994546,614.981447230724,296.96790060868517,853.076019524962,747.7221505932223,469.59849020360787,17.3749548808374,813.1454107238671,102.74592395689075,842.9454454045965,834.205920628733,949.2263959774295,71.3304054477254,210.2808762902496,573.7905508355703,546.9338211278533,0
204.43782955467427,224.44887619892805,531.2638819496791,134.49363976240647,964.7525135688486,259.4059729449537,823.3059023586383,129.41778020815065,960.5241928214125,569.5647327138734,857.273811528379,670.979284250648,979.9716118199799,445.2202288505738,73.32014953656108,409.07409532960247,189.29355760906563,816.4996474205876,730.1927324526157,189.3684432913745,1
995.4446895185093,106.00657271786406,731.1790560289984,188.3033837805318,536.9740669254422,603.8047115883479,695.5693223130324,457.47704574516376,6.416412035978647,226.0155896299383,960.1519564331397,720.5959264081265,188.82255198132103,171.3441430170718,595.2524562180934,154.07263707214636,792.6005807824954,845.808631358959,291.7706370195071,607.187343268486,1
707.5516521165086,925.4777570137039,467.32981478826684,145.03764393587525,74.63531634850895,355.8766126151416,575.0966926245643,95.92426822102162,296.58733285612135,64.56875095966952,324.85645952726315,857.6106076103192,548.4934586405577,992.3375577407812,421.3154733321629,271.98150895572905,264.944681985928,6.78824663301858,572.2375436938056,403.1903739923888,1
257.5722789937378,951.8292372533165,891.1708467346684,872.1289391549274,999.1093908113467,654.89840437753,274.8653744899523,447.03888650610634,530.4594666284536,222.9980678248855,76.72063713607801,530.5725219132111,380.6142730276193,710.1885082093639,664.3810788493098,809.3604902141706,633.137182063294,264.1276467066487,817.6559105027558,759.1468987585835,1
806.3818970771451,622.5327081148745,648.9146480801445,813.7622249496295,169.99222744963538,305.91121587837245,503.25863882728316,98.12945971239462,301.3625212343116,812.799300533769,564.7259758476858,621.6645040924925,394.6210134306497,747.4741790779776,584.7718786511371,671.5630087261673,422.0926879560603,793.3409522270308,602.0264911669975,737.4420085213765,1
147.42321401120407,515.6625262335438,232.365959435468,112.57373681296734,790.0567012558885,903.8052585993178,656.6799193380017,895.6336291292527,903.1241732184985,420.60227855180966,32.30440221025932,976.7862335145049,737.3350167552306,122.09478987499067,696.3314875149498,341.42105575749457,282.5115661952826,33.86550112445019,152.45683398525856,623.4887096091187,0
147.6467735046173,806.8233138680557,818.2610566436497,245.9140939962595,710.9647477643755,682.4498450011171,352.9778855598161,410.4608412135139,553.0909980629297,757.8825027763809,605.6899655026425,300.47697526373196,803.1131461500985,229.07938461826492,181.04939697394528,936.367544652124,739.8652032458913,254.39897708987036,480.4372512088955,603.3373935108955,1
601.2117353855582,956.6043924384292,394.1100268541673,285.5649349764823,43.275464041002905,987.0936310372263,24.986994089619905,209.64895365162596,704.0851517310808,198.86760974962604,354.1219980652395,242.68501248863515,293.24815907762616,225.49704797806925,229.76397389828574,839.5987730840108,148.46826376356427,604.0124750372696,613.7674765021745,891.6958868525959,1
798.5987707860921,945.3365412245917,406.66334762697676,172.97283221511506,407.6406933720754,559.278085087,501.05761136863424,792.0510513918265,554.8524269462191,695.7119709672,584.0344094635763,119.09841559926993,485.9177981983769,401.7094898755417,962.2388386769177,637.1865803938906,489.7328795184226,42.718004196140356,117.69207277205518,21.02943575780314,0
717.308665764465,407.2102893465893,714.6755300086711,608.7521079998368,841.1043586654147,563.7041971313394,369.72344191018226,984.6104679614797,12.784786136980975,28.07358107757829,904.0575560880067,927.8271106092172,188.91015359872554,36.482349921879155,739.6293516084162,134.06909305919933,774.8788767461722,406.28961546728584,879.9822838390289,71.76737739406269,0
487.84133453590516,979.4581858908224,396.2366119227735,628.5964978901234,951.714752627667,849.755853179108,853.0911667088776,716.7599619976129,590.2938590237119,612.651292361785,68.8123197294337,701.8937035131986,401.2399054465924,282.6807693299209,274.7807640431973,275.2325892858839,227.6387760121198,220.1470396631271,830.1756694335227,61.41751802995188,1
552.3589857463776,820.2344726564467,816.1108103750939,39.47731791715192,309.5990534221058,786.5710515163847,456.1542127853192,905.2459749159709,139.90454052889177,480.92507906233817,851.2953498154385,462.08278647050173,669.5425555697974,520.3536953528615,898.0657952625851,94.12564205181972,97.58506834075942,308.8155006983223,926.9962550080186,900.7148933452446,0
990.0857273208915,880.2523159948834,285.6118778112292,445.9237256585671,354.029439621631,928.2109343082294,554.9652149635033,526.9809545553325,317.25788811152654,278.62291162065003,263.361942525655,210.6220835754814,522.7733883404177,221.1293621710897,605.9826555729918,94.39720703360166,1.20203488044468,780.764778451707,687.5502532205805,700.0598965714537,1
681.8990763967598,143.76227489100413,555.4143371417039,193.9652022177738,488.4390394047927,333.936867091732,426.3397904019094,47.21127195979824,173.59904535359482,555.6633280916246,172.5108682072668,184.1407098233333,608.7985320568602,393.7953355904974,763.1097148433035,941.1555198369033,261.4921971220806,251.45234146031936,597.1364145053961,309.33456106751123,1
73.86444119469215,160.13087885245636,130.85607719125414,996.7285263650834,575.450051701088,776.1369751369896,639.3195177967225,247.77904912334992,957.6231955862609,751.6644361608656,57.67431066902673,243.86401003835357,833.6490819618139,322.11260971352084,988.8697155903795,47.567481923360354,340.28968271195924,671.0119174891739,503.42672448134874,354.7637560706085,0
727.8464803817961,156.2199623540953,524.98823815973,326.46397704846754,438.2721051556764,606.8806525032205,284.31608284901466,471.0630490743273,690.9465738695952,245.2758968191384,453.4801248969454,519.7612213251678,894.3081952582411,576.7821237288211,611.6580667317264,174.5000695138863,78.15815620078249,912.980142778152,554.7217856779422,125.43010752695838,1
214.13939740896626,610.3550778485784,791.9222204327497,263.08759051069853,963.5127469821432,295.5994191390238,325.6502632382847,856.1109218061149,566.8458376896482,78.45682414334254,536.4858412784986,551.6982828260926,120.42375136934902,432.69507305697607,288.3914920369748,404.8072141345841,97.59391829817399,870.058772907372,160.2852253725907,445.74004574206907,1
36.64448214115335,452.8183847359162,963.2693422079027,730.6306283752514,202.68993893567412,843.8661934656832,994.4282447472203,951.7095053681679,571.5241069476449,299.8180283301543,648.7537468100984,313.84803688674157,691.1719714692175,513.4471096811458,628.2189586530011,962.4843212763485,725.9358721440253,637.6923012331607,496.48059329298223,252.04354047286014,0
185.8991444939042,352.49154895550197,724.3831669685587,965.2635389592876,165.77813097780424,120.59064749869064,403.9415728565207,891.2740653815742,773.7486547543392,230.87866919243461,297.0921682255604,70.75645304084566,795.5699783922659,924.1501864760301,397.72979765364147,111.72296774087354,609.1576388911333,382.3833634403014,338.3388079617148,844.1531072007502,1
764.0346279947421,828.4188363713736,758.0155332892505,306.39964823320474,765.0641975679781,532.7213289343309,90.17371579897349,112.46699052570708,946.18906291116,275.9411400423303,707.6647588570356,26.493707781315322,349.77137117772696,701.4703057301977,648.3834069822689,246.6219654812367,849.3421720733063,932.5192689204259,756.254245583839,105.82437238564447,1
153.76106425105408,814.5322807975307,501.71835843154724,565.8612980774571,770.1291747171173,230.94148744720832,931.7973818891246,824.7631305468102,726.5430358009506,246.23581512320558,470.87984295413264,213.7780588314351,451.5722144536944,771.3297476785211,550.7241901946387,165.22744038589633,813.9972599366884,765.4819229744908,926.6510377718812,967.16999759967,1
847.7639594016696,731.2945135240791,416.6785936518392,431.0332010131791,605.4926200680925,610.9502677325405,239.39164457361696,907.0152541590311,483.036517430686,264.6833470488922,824.6712877383021,671.2329140314037,498.3797054474244,390.3975618684674,15.678664143351838,54.24362492870283,914.8830147864032,504.3559779379987,272.1476902527887,332.2254549006587,1
234.57315506315402,71.61132972368966,881.7305722894056,897.3723578321983,251.6057764845112,223.10550812517116,579.5316857741778,526.5604965986007,746.0119279962162,653.8221647040888,228.82064476398588,180.7317484674823,785.4275842418635,206.42577899005877,376.41617550031725,334.1453396715888,606.414288147504,784.640970999711,328.6013292121579,984.3326638763374,1
193.58680279225715,16.537884592704998,665.0048196672913,570.9036885558575,19.84968509891416,402.440158700886,667.8318354801837,308.51312158248425,363.1632748443492,335.1688873400319,297.991905634529,684.1477921286153,870.2597380272921,708.9103625878956,680.4068457219564,596.5603819127177,171.48563980330866,542.0008029952423,223.9935777034522,233.43601500268474,1
712.9677361671842,927.3915166575013,90.26083629223025,130.9772806288738,91.43164379903801,480.8312946482025,922.9684248555627,76.79767446646446,408.70155561404465,707.0265650189097,217.51496553281302,914.8148431779782,437.03466340547624,269.8743988093384,233.49290805896229,944.0933540174688,607.1849864801945,726.7776851567237,657.5716618455472,330.6085976490608,1
886.8826096117867,76.23664224479975,472.17637803545233,380.03098709470294,861.5267578161637,104.92434881374169,951.1530934932656,1.5273319656879947,444.0641262243442,142.45216078472257,550.9406035861152,900.7336018829237,687.056853419555,362.86102870794355,774.9692812602126,389.58103342451346,355.9528594536082,560.2455756922923,182.180440592023,975.8544880104324,1
141.77870707353622,554.474220946052,102.54068792380234,7.371257072466553,949.2323033539365,670.8106357138479,353.5955239848797,439.4644066612613,209.48070412312393,966.700437444315,88.27301373817863,517.609853233468,485.599666467327,48.62396755969478,667.7780471147568,771.2352872340604,999.3095631460416,681.1662888469282,733.4134522538101,405.3283006954076,1
590.8005195268033,258.17685686799786,810.7003032490119,469.9736836487358,809.3176102543874,401.58516578733395,841.767199890635,642.6311810016214,699.7408113525189,253.20358268660158,454.74265018783035,618.6651148543683,83.78909236203302,595.4146272024195,800.3833858688048,419.9187150210244,766.912979429704,766.3110523506982,450.70889181879994,577.6520007561962,0
544.7560471955944,314.5150159720448,301.5337220644161,6.773328878205365,472.06336598881114,683.9347977650617,760.748281494033,57.255722551727615,938.5555717467101,946.8035567674382,557.7198102244605,118.24426126472964,317.69282904286547,515.1490697051757,973.6949551976203,65.70920183683837,617.9292483377279,795.0807304960274,426.35263911344015,7.371559544133155,0
112.12911344324161,361.9801821629277,858.6805827959747,878.8992726783888,912.8194737411,75.80984482546482,593.5735217321496,655.0769572765183,415.1610721768703,668.6474664990503,825.133862015216,655.2095071106426,261.31751664544,286.5694277626475,959.1914201110316,411.7193551446,151.51185674017353,351.6548537587135,264.24119618519137,498.8698363642877,0
491.3412629288768,558.5566457523302,91.24456913725665,478.88109081922545,605.1215732294714,88.0373834642666,204.279329662981,89.29383249262057,905.0373564632797,782.1359345930217,457.0575598256863,461.0859341251074,328.7617335705113,716.7484694485405,799.3364947544388,336.7417937899537,690.5476588180654,739.6650967725384,405.65101844575844,937.9653994476785,1
989.7266157743445,607.1564387288884,959.9391329897471,341.4782088597127,643.0143886546377,855.6455278878749,501.91397386385074,946.7819104245392,23.128509921161,784.8940340166183,411.4807968142603,974.308871656014,231.26302202866756,400.1803713680239,715.2386345568066,897.3715204363625,334.04486587172244,834.4556439561474,497.90921123857225,299.66836686614926,0
594.387184529325,910.8756561541738,510.9692251708915,602.6234844477973,14.967765833483138,906.8182765884427,271.5486147427939,179.27802042669748,929.6295184446282,80.09408032322519,931.6647715269905,599.1247419826999,211.06791099739175,806.4667173259785,131.12463455720845,482.6909517925544,490.86932613609827,553.8093637280742,342.25530922045357,236.6141464141185,1
441.84367256640434,731.3155654202828,288.22856495149205,523.4126621940167,698.4251248560623,560.7319651649068,290.16458280799264,628.6791115214006,199.96875778377841,455.4000466496887,821.619103448361,518.7085260145567,893.7030551684986,417.1365400674733,551.161303896309,67.95532027174822,74.56799220820986,272.7264449688721,219.94572894017995,312.30060897244493,1
694.5810965753822,437.02437112719514,166.02057880266486,711.0237949146689,130.66962678610906,180.49243501818844,58.98922496629921,376.3442713818328,400.5558541572961,880.0536971711952,164.61628607838264,164.62354886095642,528.1168526799172,294.4313212312617,727.9040753472361,477.2170625022093,505.3619797686986,835.6207355556672,642.438644415669,325.28265299458246,1
366.71802918196227,383.10518495659164,378.4841154140637,737.9613224016891,508.09539330951606,726.7155389571499,26.791357811270288,666.6180177461589,625.3718084013296,186.65155585274985,430.17195295048816,438.1763111870527,923.249234837116,324.0198749728578,560.5313512075847,907.2178969362636,710.0753765990926,376.20860501716555,260.70024834986793,141.14553749966373,1
578.8806736363107,531.7726266564987,767.7759640251617,432.30737600351875,467.60776985760486,971.2047068019209,693.5812814323493,913.0041020613207,411.36349747474287,237.724560848665,301.8401140536221,80.79760654894197,614.9718256529862,391.3596841457364,144.01059114405746,181.3900497129025,689.9177637660638,423.71655054909564,539.6828722696941,875.9236060994999,1
719.3300164392523,97.39703866070393,92.76199312958788,387.02624641698856,315.69466389668065,767.9550952409005,452.4760385597284,41.65644152515702,464.2471380711627,996.6515233019417,445.5855870377262,365.14808749087933,973.6265880237211,881.72195936824,102.92400085849074,648.9495563785955,456.6026982505136,639.7086347024324,174.32794023758413,146.28802364228542,1
315.01569074052105,182.20932729075568,971.6551511353565,455.30605982431206,965.0292776125472,603.8278031483434,794.3614115477735,153.71465833097952,417.2394933987326,332.95848465458045,637.1908537374203,49.79564196027864,527.6311934527064,721.900769594396,45.10763151312103,298.1954405453973,63.63626049603255,371.29868724813963,900.2224480910013,500.63784839918293,1
789.118881127863,168.55092344268286,778.1143070459597,987.4619547549621,820.1767535640479,139.45243554330634,899.3562520559657,990.3792534569694,57.092930858981816,990.1985932366148,456.3878663697567,760.2831380220167,178.84408896586058,966.0331485300037,611.9639016990094,84.27580260570922,7.2450095185064844,554.4546100727273,270.5681498782786,333.23082325302846,0
59.07611280474179,717.2336258686835,509.16153839802325,953.8861301475389,917.9615796361907,940.0165993824336,466.4769679153566,338.4212152947821,689.4099416461033,757.5440756518523,439.5898099142728,660.2854591692371,786.4997079193184,210.03144298095256,21.66361549396967,656.5298936852392,286.7839752043334,673.266822161943,88.41138244201908,369.93289349396355,1
440.7255996636903,388.4939854228534,28.135584687553727,229.05341439014936,824.9370329497555,273.7270232690606,813.868849334243,921.1812321420668,906.6106209548342,536.6928903931012,389.9277579095338,847.7359423576855,769.7030534220469,95.15059412492299,366.6940289847962,927.0541583035722,733.6760482054689,677.6675262753153,826.3574849854514,634.2658093165135,0
225.87616366561713,937.0437729295129,213.76737133152858,453.78243273364507,942.5178914781359,708.746141425877,714.1961222771653,931.4475867545372,842.1585451284362,445.388827119782,330.4309807146045,883.8643448786135,975.9401897392268,785.7013872007578,36.71097739438211,544.1799307335583,169.0407582748461,305.7969314327359,297.99072913741276,754.5916017575926,1
637.4761836383882,478.41221313318925,676.18905211801,59.15310770358928,337.5932364857216,618.9638551979846,937.9445661445095,261.56772158780217,381.9788288611017,291.9167187149246,791.692280392725,379.22073084483833,786.3547579958221,391.1566509236658,177.1239865230313,236.1948955387455,451.5021851941362,963.3429425094964,126.82521744164876,650.6137543041551,1
710.0343862555619,898.9947437462826,599.2065566703724,288.3833393051798,184.9814374822536,490.7605146090721,192.1544753174721,831.054967341613,549.0998159205103,644.558730500954,699.6630895288381,107.59277907090802,983.0328993609187,772.570779845044,402.91357709828077,637.1119942352005,516.7055582442796,717.5354993585139,983.9013942294634,284.5775646116233,1
295.1582408654163,785.1420413359136,854.7785479305801,831.8623169090907,555.0277839619455,773.606030302789,882.1287011747851,375.83674797178656,612.0342276677219,988.2619634009807,107.56864803098254,967.5188004139513,873.3019133399845,383.8435653975052,978.9705513418593,150.9711134937508,58.06218622963999,361.1168434490685,493.2536557145282,440.80902953732925,0
951.4834354861707,492.63284180334574,43.00819193837502,421.28866797572704,268.45627637535387,83.96621266358606,329.2917953793851,310.81570926050307,183.22880327798842,370.8569521476929,967.982768288571,496.92604176968,904.474196821912,783.6214960695547,624.0598098460054,687.4475968074462,859.9338924182406,136.8371661446991,313.43969740203283,99.47925424876425,1
692.0516439756699,503.90851449924656,904.7275557412307,151.27068320770042,38.47722083941141,454.43859268724606,698.7963913262348,753.9317895587136,156.4060426099215,85.17818711427128,923.3667592434017,829.8366254073309,209.2298628395094,931.1229963623213,592.5123963610075,401.68118807374077,807.3308281234831,268.36208111214887,19.912267615348146,935.7700396698684,0
641.4074900534636,590.870415602845,410.5263129371569,689.4305143052501,216.22939522613592,436.51055383308193,545.8133195849458,672.142204238792,57.21546751377349,652.9761283514516,879.5673207437894,397.7510452684323,326.0252144975754,460.97237564866646,570.1299194579445,622.3779862555194,662.7808351916635,731.9139798861662,374.69194975992036,169.62234576099044,1
992.1024366083304,19.878025420892897,498.48350393228645,706.3006417221877,138.34697047884603,998.0084520553437,393.7084532704487,519.0002417673245,882.2513971349946,555.3133602437379,309.65469765437535,264.82196863425014,857.0911761689209,241.09898133341656,341.7104759447941,682.0490191045947,973.5358587100341,664.0291692883181,13.307487688710818,463.77665088892707,1
577.1999146617998,392.4673162872453,803.1065804824933,966.4717196999317,753.2775653913259,867.3273825157216,680.608287249795,388.11248017128764,286.86023509390657,811.1279512580056,919.9353583190937,364.6086672376364,996.6747617505063,154.82598917233105,664.1987467359018,478.8598939061616,840.2498636609745,570.9019839671134,383.20406446044854,633.1454539007831,1
764.9663847952239,486.90717053269236,25.730205926686956,385.2794195575285,75.3225634636665,170.30861733282464,227.8842920245473,54.566197332015506,801.6038393981407,428.6125517605417,160.8154491734477,978.2623919007314,161.23006796498197,357.0054306159154,865.4474358510631,394.66104234607155,115.22544309147132,564.6032878998899,236.30193765234586,299.29697746332937,0
892.81214524297,375.3572494729028,776.1820432715821,293.58877427910346,592.1727596395792,28.80007379154592,468.93505390255865,333.3597180916481,416.21969549107354,458.6568379273992,683.4199849990747,157.91662881349544,503.22406091760996,108.03047717295611,872.7601690584418,319.21968440294256,972.4272841041881,137.05040973865678,283.40789212398266,648.7838096213003,0
438.5920871782024,756.4177283021099,985.2144971123059,314.7877613778668,637.8571085940508,975.2951454239969,871.8676127432022,358.83874467189526,590.8737661172598,926.2865789558258,959.6719061629326,221.82957054992548,733.8770458875628,990.6414785922735,71.21898099083867,714.3067716337099,922.3967841770723,777.45176391144,691.4259174538391,319.85388830797865,1
831.4269785324196,897.7245762365826,978.9756806698408,618.5391477581846,333.352967216184,369.95583926918016,883.873625041273,603.2004096367345,920.1521008647243,265.08505169077046,226.71205204474498,366.02413151630543,481.4362355254961,288.27391794417036,733.3512381545607,704.8300218602851,649.3742132905638,569.9432053807144,421.0939469716597,193.8689009191863,0
195.0512996666185,414.0784572351941,845.8094437296751,834.9887976362411,902.397354048252,387.6153256540166,313.33177005375336,382.5246821848308,237.88505633022626,12.76400542551437,731.3778835229557,442.169788733361,18.19742514494882,448.95250243494723,521.2755118966843,805.3623644306041,837.1207113123759,647.0311213919424,694.35176306156,280.58543869594433,1
775.2402397123473,188.9413822875283,270.9583062397085,70.22612753433289,741.4542108425725,13.358695624336224,210.84574175790925,306.3262361316023,399.9730704545601,260.05989688703926,15.50342259712556,257.76652807032775,661.72626615872,544.4447491019415,802.072603865743,201.85487982396222,393.75427942693295,543.5288679175154,795.0357716854322,412.4448824916785,1
20.64621624931029,667.9699112063452,294.6683566531767,284.42117532483036,929.5288476927569,321.6762400021742,238.91885767566313,778.8859475736516,774.6598922102477,772.4450484837765,639.0881952565207,712.5146639332929,164.9154116885624,832.1571478364568,705.6789582265025,815.0245232018718,393.67322534329895,963.2738955778094,427.5231110964185,578.9022600846399,0
746.7860939369136,788.8466186980442,636.0694706164137,668.1823853460105,126.18093014729848,291.01989220792456,72.24508910981609,606.7244634309159,961.7419989157247,979.0824226062061,443.500143858518,632.7677290664691,146.34589068263205,545.4650033284286,525.9324291884801,195.27670101434347,655.32470955331,542.4913910085063,710.6568711168472,178.41819155300564,1
250.0766764090011,232.6566779286774,321.59519622727396,75.59728463183323,117.26223446263006,496.74568801407895,457.9390853780595,165.38149273494975,747.2475233202595,33.108611253647055,903.7248658222073,999.8303575878947,995.756283621831,998.4974374284342,975.9948082945267,119.64349125760587,800.0583185525244,858.551956000884,442.78754193967296,523.4331905501236,0
464.5663656360265,250.727867620824,850.5393475706566,286.7415177010336,868.4583334888681,634.676004654288,193.55275728368537,572.0916319214436,993.8255024914204,282.5410237004654,561.8531838139955,996.6883489620598,39.66553883722723,374.9802555758376,138.76929793862658,329.83623873394083,322.0983249118089,1.9556380159119202,850.8245568673659,225.99746984608205,1
783.0332358617857,488.9797931162043,131.6042516048205,756.2370743783684,323.35366277743714,778.4125115401247,284.5640558941528,834.1303304873486,600.2996400728637,821.7485490717371,471.5337169509842,531.6962290664337,949.5576151710817,593.966184673352,92.82493710898665,706.5105671305023,741.2064568123994,679.3890573693568,370.60300499317447,171.70499897841162,1
908.839052561519,201.33531609174605,435.1755999205006,926.6966441676229,176.13958620338255,179.66899905635336,148.22612587105476,662.0121181986746,812.7744628003305,220.33343296337793,34.25444588809923,942.9974722715095,904.0111686324886,755.7923534261442,252.7440645928577,670.4862263101581,918.5752456225434,127.65594325527275,487.7245105930689,478.2433462607495,1
685.2977098296434,126.68899389870292,223.0766782684356,792.8540742108202,588.7914271595841,928.6164434377281,602.3962626621403,593.3253435549411,131.88876690531004,562.955268517475,945.3401641021519,323.4677781214105,370.7158637994363,828.2312973253358,940.3032727654445,38.06557934726806,981.9234783939849,435.6571330380385,864.0656483715875,511.3473282456048,0
256.17039257496623,795.4364273545158,645.0378889655096,476.6070518410711,336.65749518696276,710.9189712042563,344.395640619083,657.937131369178,641.7099386155562,538.9726343932431,576.6841159591764,561.54727579214,63.20231636326557,551.7392003907188,858.1875289954802,898.7005193755277,522.0729354701767,171.33510032860798,183.79785363719458,834.5259963390623,0
595.991559797158,501.07719174033383,869.3643053245612,540.458505250486,823.2144765608709,336.84137571226637,410.32596144089473,330.2906481605194,216.86267420624372,20.03755739648916,490.4665130279565,569.5475927471699,734.5429912990452,701.4556246095594,895.6967092010145,714.1980938436866,632.653945648592,754.6279549336374,650.3044455184137,733.2622541244223,0
216.19195954267002,881.2805302923274,875.591449025189,267.90678858658043,152.11431891627726,591.0642993868946,251.31444233185996,193.52006221346153,64.02005467825833,810.2570181418471,973.3353713174827,55.258874909883346,10.976177553025712,114.50919649362402,707.8631328686105,517.7145016529972,994.0954013630574,469.12568466629244,479.34838666292023,611.4120088907898,1
945.6366703217873,919.4641912708747,387.82965339817986,709.5357203203566,594.5446714600829,119.87731389042567,16.709433514903505,847.4878633111706,632.0760898642798,869.9854736880797,8.006746695118583,835.0014599949573,427.7815553444066,212.6942026258708,775.1820371221147,638.8457070542772,710.615288668876,487.1971677905033,79.13229609284078,404.86155896122835,0
856.7166286913704,217.52003572553315,250.4836907028346,352.2425508878662,268.92499304816107,346.8950790347436,34.18709933191588,657.5758761984468,896.9594567660215,608.6465195959046,343.13875608425116,938.2471882806395,236.78844930510812,527.9784590205085,456.7472011857896,284.6222381452885,777.4659990918235,24.699513434454534,854.2430738388102,64.79271939780095,1
482.5601744739972,928.7424674169446,146.76388826419506,563.1758063575331,369.5822225540969,620.3285797988191,15.224189797300003,326.3647508563323,482.7565430931078,351.7346805934165,230.2988562281253,278.1901464865041,258.27404636447835,799.1752151624933,881.9809931809855,541.2377110916675,112.55752775295203,434.98495055144303,283.871416468525,235.91124315090795,0
868.1849678760518,850.1852815418991,332.8096969265513,830.1221847851053,861.2432582740477,511.3718921171919,590.4789766667404,775.9850343516738,706.6197667470343,56.149152379918576,15.752534622392456,904.7190934841949,532.2065335324997,558.951002110094,826.9025095219849,168.7471219082115,220.27889036701742,259.2356791109897,38.37971080096947,994.6597693352011,0
703.3676704660719,618.9217387996524,923.3625750986264,662.5957833673505,778.4907654039359,398.7128388775987,508.8463085693159,672.9602758363449,2.923423701195693,971.332456186211,404.0845277495224,645.848525625318,472.3365483674775,136.96717706682583,392.7108775400837,839.6266531478681,560.2037544875253,919.7912492604306,808.5059197066532,89.22013426592201,1
860.9355877750424,866.1743483599581,99.12208647544452,866.2104460397851,474.6881246485052,757.1799348396479,404.2774537497482,28.04812341429319,88.66353539146421,767.4807697163004,456.2928433589004,523.3084876679615,681.4152378276336,260.2309758776268,159.02540195084336,98.15235566274893,40.11918007233406,594.5073472423959,688.8656382743894,90.43236075542538,1
849.5529939791084,125.64063551213789,246.0864990915087,364.3769748333754,69.08952048526096,50.78675810577271,146.30632649496545,426.0625316907183,581.8417996533204,529.4294114058994,60.658191900760386,893.6002429556696,414.62426277971787,793.0568753188853,192.87029677305955,374.97009380673506,112.48605097922737,443.8375444356922,213.43152916430108,860.0158958608938,1
491.3226714846909,761.9923731455374,679.7953376306147,982.2891332921463,342.5567288279442,576.618699462886,581.4011534443962,906.429935941626,809.4761739116632,307.8010703005495,799.7116947603378,474.1013743741763,779.4393645159836,671.2782767460592,900.2686308927633,408.53153190753187,328.7744124340909,609.998753700117,69.64675007774757,941.114493634395,0
897.7175270709321,365.13849159990355,968.6121318825466,433.2096950120766,588.4729555146397,505.6078784606359,163.40349789183472,578.7038887007242,625.6163076957384,773.3268607789967,542.1004435695456,989.6914060310176,922.1748906637822,301.18266046873754,116.83648491413511,53.24855553517971,139.2513313131599,49.06719761767464,729.4840414383524,669.4221499268316,1
430.8122933813567,626.2972026390281,2.2363744106289607,320.37725475888436,630.9162434798112,142.85001853765377,601.4263898711881,941.6336352647833,851.037577853866,502.9699234427779,493.7437852599973,931.2200086932647,304.0670178438566,487.8990359819049,905.6897480957148,47.126119468224424,713.8509485798245,90.92735628185333,648.785091896421,477.63336950919324,0
454.09260759143086,562.058070862116,755.9066773163131,951.3780111460019,238.3000959492133,881.6560394604036,54.85198392149782,511.9838003896468,377.3135695076253,920.3197956270681,157.91227596292967,96.52924648985962,960.9894111138892,328.72545033915543,156.1952797417939,385.5803458310912,106.53891737575205,505.81514146651574,517.7527592242652,237.55479935772595,1
