feat_0,feat_1,feat_2,feat_3,feat_4,feat_5,feat_6,feat_7,feat_8,feat_9,feat_10,feat_11,feat_12,feat_13,feat_14,feat_15,feat_16,feat_17,feat_18,feat_19,label
221.9931710897395,870.7323061773764,206.7191553394264,918.6109079379215,488.4111887948291,611.7438629026457,765.9078564803156,518.4179878729433,296.80050157622196,187.72122866125162,80.74126876487486,738.44029619897,441.3092228959531,158.3098677126512,879.9370312012788,274.08646199222466,414.2350190810513,296.079932733648,628.7879088794833,579.837810189545,1
599.9291966249875,265.81911753550725,284.6858806413638,253.58820577378748,327.5639476887341,144.16430065342044,165.6128612012676,963.9305290679418,960.2267152856938,188.4146555959352,24.306561629486968,204.55554637995067,699.8436141265574,779.5145855555297,22.93309243908148,577.662858129756,1.642172716045276,515.4726119053935,639.7951761308572,985.6244028041889,1
259.09759641110577,802.4968852628703,870.4830870014831,922.7496139456699,2.2142125324435824,469.4883717575773,981.4687376060104,398.9448039028505,813.7324775869181,546.4564979724778,770.8540871402245,484.931074988458,29.111563672717722,86.52568840220509,111.45381237802331,251.24511169054765,964.915292526365,631.7660527377454,816.6602026153619,566.0819960927563,0
635.356205581893,811.9023911804106,926.6826152438744,912.6267637037831,824.8107204385254,94.20273217732267,361.04841846380907,35.50903176033027,546.3583485408069,796.1427208560042,51.14280310134711,188.6677357931079,365.4777679121648,244.29086695790835,795.087472921032,352.0949357663685,638.8776820603654,493.41505189675973,583.4997437200566,939.2993519648516,0
943.5400820158795,111.69242718357143,843.5549661102237,346.02815175595236,100.82727286264515,383.40906606711525,510.3547973392479,961.1030819651298,371.51261532800726,12.36941160035765,859.7068869881915,111.11074954036526,478.33904398678493,849.9800323861936,514.7379670006791,446.6078279223132,800.4764207505697,20.391378448150643,572.6186488077992,411.38361577937656,1
985.1367976958045,801.4015304110701,53.96210214514685,190.47777345550264,452.4188458169754,702.9420771179782,332.0481495356774,359.9831951713076,921.470565959177,953.6305057273471,407.6857286771436,898.5711548847232,330.25325195950626,82.73856907998767,526.7175654585914,660.8443909583854,892.9842943552984,965.1575470143406,769.9326768913147,759.0991182893259,0
710.0490473544384,701.5528325813724,767.3313811177834,974.349478885644,373.71451739596927,83.05444303844489,239.64043961222492,221.48276004299515,363.59979680410606,810.3142321123518,60.096169866349804,449.74355789655607,813.1705274833449,264.2383745406488,63.40098197336863,242.1076722559349,85.0704617502156,807.777435347352,170.25007563808214,195.3446255624387,0
814.6420115578603,810.2855291824957,589.3738782337425,914.734340117462,59.82163675463459,964.9966402703323,570.9752168558058,302.5181125003943,825.7058264983507,659.4172803533213,986.5014414033959,107.48953357509893,580.9185276333953,472.82815505728684,652.2707859877006,241.85905409742915,31.130063418406074,544.2323527461857,364.71017879238497,892.3332752985107,0
459.3455947586442,418.65410003689954,632.9055407909672,527.1788329465622,961.2111401741153,789.0101145562437,496.6955091225945,211.1410008942378,603.9841410962836,748.5758105548178,755.8638312606142,993.5040079326673,218.4977813400989,425.6373335349867,423.8496028052227,318.64643768233134,365.33301893440307,477.9413101045564,542.0904090770084,265.23024662679796,1
134.3637278523586,301.8860977327299,136.48009382127512,317.70020335258965,679.1826808710911,601.3411558953883,997.225466562922,560.9145898101519,548.726197093181,642.3495401552221,726.789370633576,615.8135395184953,588.5000649730712,605.0043134902023,354.78546069796135,777.3819946285142,604.6033142332834,309.2307714734772,245.63099854416072,71.26598409496776,1
347.7291676671326,12.848073980403552,165.64182663829652,60.36643241777773,278.1559338871165,348.3319943390111,591.2223113896565,775.0131300361086,624.7544671623864,159.6809333223338,893.7626532322869,730.5912660067021,497.7680192642012,643.6402193909942,509.4750943074225,168.20815801861323,641.4647725378318,988.1677629628269,770.3293631175915,181.48120911945608,0
119.76902075848305,930.3418429877427,910.0974329622917,749.1846596104322,760.5315404167414,142.8757978793307,811.9441915574243,192.279295775475,154.7451095413378,407.07895652146965,0.38289436747096506,845.5178161638098,161.13245334394065,739.2507348926605,582.9108159234137,770.2600029714612,599.993166737686,961.467485846172,379.7783894182173,497.0103500750551,0
338.33864897286327,742.7507415175312,300.4958697734392,798.7862745666682,85.9497793298083,235.66363766517262,438.1688926061602,126.0458531287345,203.03198078781682,841.5427418631351,372.43245491648514,218.68172945765642,846.1328224507653,575.3746650591521,633.7164772906705,888.9285436761162,713.9590589682182,265.1126682511451,9.708308333148619,549.4634595289905,1
707.5262252919963,805.694609640023,190.6563341982922,634.2142760246358,938.5529341093901,258.1863842453116,292.4804596307673,425.6440120392254,571.1786015957308,990.0555533230705,588.1996127046236,887.8993969629735,656.2112790440649,472.7788741100068,305.54852972650536,350.17957809669645,777.13429224723,177.50904732011364,137.93535839611238,213.04496429445163,1
668.9134401421513,371.4049470154468,206.50267858283067,330.70440320800185,81.62956241513852,436.535553469772,811.2159825331954,445.7924611906908,447.3101539932597,27.528463477695997,278.97767207434623,75.17049988664238,47.738377113599185,863.58557985111,714.317590312161,830.4377003762411,132.90579639419553,365.286459545027,913.2175423158179,433.3878909876069,1
925.6518130836788,961.3680761314508,6.608107989574563,432.93058551338083,583.1126288435887,348.82757222309647,376.03201790479613,355.8215761577984,231.0328751730122,26.037244426359464,731.1839998682425,998.5157672628341,38.34193016002463,859.0982169530527,544.3049309704545,19.51995882318325,68.81640857365579,525.4494810774902,104.5602064421326,295.9974276602575,1
274.83440401180405,970.6057075617613,469.66648493816933,285.18106427047496,938.2420933421521,966.7266688364797,719.3998828358722,136.8790323208824,889.8989854429452,441.26029355469865,786.1273781970614,721.4887283519693,653.1640777505398,766.9731326309766,811.8302554393781,461.6615406840934,484.62060798629534,97.38624473422608,370.86276645231754,886.1342928279523,1
220.27202611951347,748.9151191794551,806.6296651536667,196.56782979436173,764.6026501940553,657.3462627480451,975.4592111041408,388.2931496534537,756.7499962216881,843.9536221560056,379.0726428075412,223.68807739861342,368.2424018259176,652.8298804275759,257.3873511452943,858.4989326905194,295.19148045824863,764.0346656612197,321.04373598552047,504.3224141263659,0
874.1837203856632,485.3966730675299,624.1885124530137,342.8080361137673,468.57350278758446,61.414021493359506,519.7664884520466,449.1541446297965,298.98286145862573,172.8771069336196,340.6637209165282,294.8505223087852,362.5376958201626,808.7540609599789,895.5995601408931,915.0333224225769,421.5556209897613,898.4475119819726,587.0775927218112,996.6110999167729,0
124.26283961828378,756.8315587776802,588.2685699028393,514.5660203091754,758.2155945995202,833.2817242174076,831.0878277385972,344.11893928019344,380.67705732339266,595.2851275298433,42.87194516336823,814.7052771678095,586.0231012050868,443.504721482604,638.1348746177439,955.3515775390413,804.2111501038745,656.1496917280327,207.54234112530114,971.7360181200004,1
387.11374679552534,905.2363086662365,501.05462379987586,672.4082824575307,887.4029722158654,58.38575478314723,294.7466449489732,177.693587280222,46.56562373269713,341.80828077061244,915.4007348491934,252.716278752683,113.03781858891348,941.8449367718151,493.3109905124969,471.7910210361883,687.8467561330039,817.084827655466,226.90730721217645,202.35285442910822,0
424.4987807759587,847.5929486783616,927.1214033544181,190.40336327223983,689.4592060239353,445.86867991152667,878.1102797423763,295.6111011730682,270.20384847136114,21.931894908752913,871.3508804839094,166.05977983615406,278.53119786035484,246.33119610449995,922.0521803674396,81.62815976425408,336.6584447104107,680.4350314668172,165.5651560032738,577.6585047527149,0
424.65707981586155,13.140081523351776,606.6028879772036,346.9168821812806,211.52689505945844,975.1500287274009,838.9822105081447,448.70930890674975,321.2490423026746,14.097884116019754,728.0698421857733,266.32354982668926,511.68995257350946,626.0190715120957,752.9059938083902,158.1461740862665,91.31661156147975,774.0671493923287,51.45793153382539,406.6173259678242,0
36.02349506840796,207.78884719084002,189.39770163401383,839.9008217165376,742.941723285633,244.67622059424886,586.1680949531992,494.5988123368151,91.16169080056102,357.8175734883817,750.7009864882975,128.7675352661406,239.90068029797774,356.4244417945589,4.021782407716112,773.4535179753902,395.09182980869474,638.6667019464843,526.0342792060804,779.3678982934827,1
658.8451837938138,398.75712332682633,123.66162251652891,424.0061663628677,5.287650017404277,78.16590847055905,829.808402863943,516.7691661110141,788.944895790029,739.1109057664793,527.7993576896583,727.2954759517709,943.822912511179,948.4260912305764,254.43145441429215,908.3838797223393,471.0257124637389,208.3833139929948,410.14770059459914,583.9311165207918,1
888.9993554420076,903.374234226432,559.7753752415349,807.1614872922298,529.1153595962533,95.07706410043781,435.73865057021555,699.1663706733699,754.5476523045006,677.85352435856,2.104848701460993,682.3374728362215,980.0212481483484,213.00386173336204,713.216989608461,197.68911719883886,766.4892895181451,935.7969561592147,208.20116627245156,829.340621289375,0
299.2536353491866,880.7049995923031,31.774887479954273,755.2307097680161,215.36179960192493,366.88694364204275,157.70894776201928,807.4310226172427,201.0538597345054,354.5788906713093,365.597760057475,267.5229041664744,223.9226206245887,747.6101281451273,577.3827155992553,773.8629792084442,156.95556248956265,545.0644413785326,79.705132066611,98.41149553940586,1
431.97226237138796,592.249845860918,716.6423945633572,568.2886008526806,77.0507900942935,376.8962543863842,737.9274286622641,950.5511854343067,905.3266060170487,491.5903034837521,935.5260853260619,251.38327823283845,616.9181474195013,762.8187096958497,1.6787689092433444,82.12009040304314,321.1789088764324,216.34980393293958,174.75749052605715,551.8404259465821,1
639.6287112027514,485.0272468756095,699.5586797138039,318.1689154948444,365.9709824290286,132.99612306597274,216.9440102673399,486.81452610544227,826.4051782292203,473.55178063941395,883.1765820246616,936.9671393067433,771.4579192326469,779.0135349519337,14.64380310050073,692.8559486659069,34.32036527144788,754.8746057554171,424.93001700421394,83.64082849284105,0
930.4388753250722,185.20717928212693,960.3849033875318,784.0689877825939,922.6937236816897,626.0065958254272,351.7796032589069,699.12090821147,460.48584270485196,734.6345269796897,953.7510175312837,56.74264812504226,165.55631776981028,430.35821751380234,27.448514864242824,359.6028234339862,423.1780436580066,174.52871626694179,41.98823377757621,635.0958756290458,1
237.01044259636285,700.0004078324299,416.80600086337824,898.063631580873,297.8851268384299,540.7770785563972,284.9945604401376,948.5777249222824,277.76782917302853,676.2385286612235,354.365362528401,683.4897200933505,619.8783133849381,772.9925150818439,626.2507292301286,456.10056789760847,450.57201464852056,156.35950597639103,117.55810682133061,154.74598471370004,1
929.5333096696447,670.457969514708,904.8610107099665,614.6949375583335,212.81212452735267,12.508678515450677,533.6786787627776,972.9953582373042,793.6977487574749,68.9255832829494,363.92270604578016,133.39466388959374,270.4180961487477,677.6194513616779,325.6472885585699,509.44725426324254,289.250113276927,409.6824249368033,377.82555969026635,583.4185382368494,0
78.94453728685369,993.6109278764425,135.7349237370119,53.81591084377612,910.0306297374963,365.1288379915032,4.473425495092775,250.8696810371144,808.3413089981617,742.8193025084377,645.1438661286618,825.6441520619726,472.8253652365921,918.9020672089847,269.65340965085403,496.6450735670228,829.3798606234255,543.8484300170655,239.84205844226793,333.6523049437071,1
860.530646521499,528.9953018157813,345.771060282964,624.0206539638866,148.01202939785696,741.3745227105511,363.87694191834265,516.729480885077,346.66795923760264,857.2866175131786,176.5346257378747,869.1241443899027,661.8477816145172,181.57346768852523,156.6020782092773,259.73159359047435,443.66618015176505,944.1883604194308,784.6037313985447,288.04790798394953,0
475.7061656097876,42.48648746386141,776.0360643371536,714.7609067105402,642.2221935784738,603.0270407083584,74.50836427174411,523.9796263130855,600.8071170261532,619.3824714887725,897.6475327087362,330.23468096049214,244.27538992874642,437.9939989175643,617.2030693534641,851.6159900193536,743.2813413749367,517.6172166644741,389.6336331226339,746.4423502866897,0
370.6227617705822,424.3058042683111,18.360688779885503,507.761476661556,204.9473834067983,966.3490204232643,92.47621603517852,41.61923211424401,517.1031740060944,983.4575024643462,273.94570310953935,133.0731668807188,90.53856705035234,3.4843192024166525,615.7124566561833,353.23699961419044,820.0075392134119,221.6967314652153,547.9999798548296,54.39783250482388,1
322.9010572335552,907.536398301619,603.4247947943225,463.7392058691132,931.1566567766025,349.4068092651691,72.45871992711317,455.2456025950534,589.1385892379942,799.4951298007004,368.39501622976167,519.7155336357574,888.565801002641,632.89997354635,273.6063538539064,931.6266340797214,569.7258578046706,837.9508782022135,806.5096483868606,671.665543334677,0
298.93141442208923,653.1284841913282,115.3798351096238,669.8308510547411,525.1694119814449,322.94893104593547,442.3088971002055,285.06618671157304,469.91153149957097,426.0554552920034,492.1874269427836,26.914243979591078,108.53908530102507,853.9070543659134,175.79495661911537,310.6681521529151,695.6305857365192,384.958188369276,403.8896431857884,37.95831312666853,1
434.5850283711347,570.7279897347498,441.4995470182994,381.59757708112704,172.9586827441776,387.21627575569585,50.82141169182008,283.1761150172162,8.367361744776481,163.15087270542838,65.25159019095506,928.4498142129369,528.0542421548591,229.2817385819651,615.4377060688342,262.3800178345053,648.7258817916963,514.914512728625,396.0976140942334,904.6790710041067,1
685.042312380268,946.7980061080153,272.8914032707763,383.80729742246933,669.9393902464337,622.7053727434242,271.82068206906587,95.06553295247689,828.5430594432162,339.11037377693754,1.1729586431145078,692.4072248429248,330.8248269089814,731.8345170167494,120.1277800211783,257.26302240641905,912.6270364806202,612.5529947665633,405.4724315330461,856.9618394051527,1
673.0181388963649,179.23235727763642,270.83882851624054,880.5266554458041,936.662684692217,702.3209660799887,532.0698746503908,910.7413297700058,660.3435782516186,939.5195146878324,705.2943963213394,216.9852806720648,876.380620415997,535.0939663224967,341.73341155120517,232.67125384165854,271.0017715327128,543.4548861719603,46.44168367162471,364.4253356120991,1
255.18161945958562,97.23202830178302,502.68618375017036,355.7743560173902,878.1816127594143,526.7167984205586,145.83224239855397,77.45257515133486,568.6438235684668,779.4139981668063,410.1410652926529,534.7351825867182,806.3800562134763,651.6679081365223,607.3147775796077,893.6244469416793,164.61459932799738,172.7612854006273,944.80257306134,807.2783810932181,1
976.7607918050952,525.8328535793014,424.9799770179429,953.5867812462062,620.86039561506,416.7067942049244,434.3583962577063,478.791849414424,60.32034514385365,156.7181939696074,634.7541392595685,689.6764767182459,883.9939229737482,574.4348962670367,147.07076358056113,688.5401626025024,161.33879780538564,531.8646799295431,201.66961609554136,276.32578830525557,1
870.6149368407702,554.4455257245744,748.0959677825658,152.10084214991826,445.9118626165378,392.4325376257812,976.7093797164481,741.3356955258853,823.0099537383567,680.5352857904879,67.10996999705343,783.3120801932097,725.5433240828253,698.9384801541519,427.70551365492827,272.4461451950544,494.3232215517085,406.04836054880053,105.95217027035497,772.5817999279438,1
661.9299135854519,150.5177072453525,613.0328401424923,949.8286221642943,532.4771182970127,44.860822547849736,967.0515579196218,649.0421742972696,480.3915784697125,953.3726257754282,445.7848339722408,214.00799311948217,3.6020320578317166,795.0350648021279,148.31211000659306,796.953172076784,81.30788761506392,633.391776382595,23.43763399002574,720.803630275586,0
14.020862597497352,896.7370644602778,588.065513394617,792.8244989272889,923.9591989883328,578.3962946695218,550.6052399635282,928.3359230900097,691.4748070298812,792.4611326613269,506.42580576567565,994.2442530482722,562.5639010576898,141.02000060702468,40.8057088494187,841.6065201494571,92.14899523162113,586.8003474533649,499.0139655893554,814.577500417953,1
369.607044598686,165.43323450179636,178.59406824271963,117.48430799918242,519.3102305961064,71.16801691584573,420.5862884409376,230.6826438092907,142.23838984828896,730.8940335391836,798.5299180812585,741.0110958557264,394.6774279364177,473.8751999538438,719.0025235632571,643.1235350719433,534.3663502046757,239.58889080118496,251.38514753378016,550.2558468786566,1
788.4872555979374,377.16484116962965,562.8445974107426,989.2459921570295,356.2376167505199,793.4569246976079,585.8957279846411,388.05398756696053,510.086076592842,67.67670770168554,585.9378936584149,832.535828595315,68.61852804824053,647.0027864356599,50.95959821681384,113.0721522718422,626.3424068737182,534.6838936776971,189.41713339814015,344.16908720754645,1
113.70262509574624,691.0715118020734,680.2856090229452,962.1083361673528,688.2414041462182,917.8657232923366,802.7433590624368,582.3759539283118,541.5008793567033,98.88758593230496,172.5603449374171,603.596292487155,379.1477519815619,117.95498928735348,809.282206434085,371.1945389004616,71.15710646801432,105.3579843319613,59.02707762616466,217.20946392545804,1
553.6397455628725,503.2717813255988,200.17441357015298,126.73680217235616,473.3373832911062,621.017551298726,489.06192812475746,508.03018220068816,919.9458031922416,838.3967176214563,747.5581500157496,396.2950221540372,570.5873461033832,726.6106273201106,437.29284544641456,47.169802954657,665.7231323325583,869.6006841631853,310.3937293746838,790.5930946436218,0
716.2461489862848,643.8098336926286,32.45853437480217,14.522009957436577,508.6307180003656,534.4263060106483,111.02339193941901,971.9533653742752,237.55810896098174,761.5335028550883,415.7789420520682,451.7518859663368,819.7729233389011,973.271138458083,42.25194828037393,741.3912914073176,650.6493884680204,538.2320566747223,384.2406727485603,498.58638950727277,1
272.4564438361433,933.0188870721503,133.8479917662404,152.8697158108828,708.4075182482079,465.3449800810923,634.8212162463954,612.6711813988758,718.514290700955,142.56803621136106,703.0829093300142,330.02674826396594,691.970036617254,350.63498179087105,825.1697029522134,846.3798002679616,634.7072547332205,266.9592080157309,407.9376128909947,362.5905585318241,1
182.02758805153917,66.49302138586621,621.7177238570509,451.1324704410461,67.11322108688766,629.9213054231026,598.5840189263705,524.0612037231614,110.21338191710939,466.495668840453,505.424426911288,119.31155845490993,250.92402117616487,997.2396725903322,974.5015812696652,894.4216451160382,490.4361546815774,731.9391380840979,106.1126094507735,426.9616224707814,0
697.3270668573782,308.8358995345915,842.99482485063,794.9045331325617,282.0482417791192,44.13502447556405,626.3460018482842,234.16744590132544,750.0495897943222,561.098552015828,866.5985254397191,74.85229211718669,443.6944043857321,857.0750226601594,822.9222220428402,833.5880127501241,78.03053963627049,478.6842284081816,595.7791000163284,539.5248396296091,0
11.456650627226118,769.6392764583842,742.2980631726199,494.1798102945514,149.10196538880749,171.53694264121987,10.188654525792318,550.1907802147598,702.6245931199622,671.0662745876099,527.5074793774608,420.2439078319135,704.3862101166586,550.8157301528835,588.1006849733352,94.66922114068498,977.9009062516926,20.109545394549897,658.892530363451,712.7925892649203,1
403.08204727823096,711.1569869797637,960.40805311605,735.3487901217813,794.8011978718143,216.4784390778647,607.468737685217,216.4874494327186,640.1614932644492,848.780741008242,385.28275568679385,216.87059538387754,903.2379822493209,268.5148554420568,297.9244456455278,985.0749424080298,946.8151972054212,843.5173582864749,123.7339382453081,783.3360097797562,0
416.27804297419436,423.16975858783354,281.14829164152565,287.91985272238975,202.04535919546075,328.1975562097951,56.21934556700769,398.7544314875193,508.1404668907289,994.6304441439344,192.32704980689763,692.2047453417906,264.1760258021865,311.87330469031957,932.5111841385633,555.3182577460482,842.5367793267784,966.1185113400836,551.7258103789131,850.9414014816988,0
926.2599733049068,422.4181328772397,110.94708684502585,482.00940650261083,296.7378668429848,863.2785565365579,945.8891051777914,46.06455972456991,464.5159170657235,215.12940582230843,480.45106275530134,79.23843679125497,324.0429951573396,109.98032293246163,410.35545812409066,54.73751254421255,676.8423503224975,917.6668298229946,885.0076757642648,499.6546556488465,0
105.4839791589256,814.5441568989302,537.9095546033358,189.98571841221124,641.702840271934,796.269849898785,313.0405755132932,727.0115198767685,333.8154188537641,771.6248451601679,578.4673199766553,848.7781210777657,260.0773357235265,764.2045010021902,289.18324086979754,475.33995202918567,877.8598739105519,683.9763216607497,828.258346518707,609.9010854810583,1
613.0042838754739,934.3948324031729,222.02105213377067,827.8671267870982,621.4089099948893,865.6818864428744,980.89409742897,281.9979959939554,902.2951645928703,197.88957000569673,393.82067678354815,969.2550969597949,170.9098370906581,306.56893775422225,909.0311244855586,381.9725101223619,525.0825276163037,261.9938682356076,501.5275632627435,518.6759851491753,1
966.8608241360307,437.0033477482274,987.8902894585965,421.34891512679883,111.87093055751195,622.0846772137953,578.5455279610921,804.2865661843433,577.8784743682984,823.5872707882464,554.951633679077,842.3844425760607,510.053047650569,524.7242529441775,518.2521667844269,790.4156182537351,464.83507173639003,192.54657398527985,676.4767633045236,899.9140083648347,1
137.91167268713812,249.37572904677918,399.7636595662127,146.62313511235138,765.1049383605216,754.802101754847,469.54181598620335,929.2132869528282,902.284785782749,818.2427235624145,661.5321779555372,958.4606058322714,765.1063152941109,858.9101613631792,486.8209918718539,939.0209114241871,790.0465134379975,504.725580966527,871.1922208050006,141.34565103880158,1
405.0008945563076,564.5659220771322,821.5071054177641,827.2227949943315,370.11708954442423,555.5997697129501,440.80670948114584,261.77232675305663,138.79201892426508,535.0718902213889,692.7724026688174,712.780904383012,803.6153860507866,736.2364808941185,449.6533400556194,149.23324712474118,538.9659297776565,403.6139379540242,14.894548286699226,913.4659049102087,1
612.0631573070829,838.0399445286306,503.4129130155828,113.45955427361609,279.0484703445859,664.3878561184508,923.1399319224408,622.7505859172562,911.9808373344171,887.4846393697749,264.4200453488369,181.04232623195315,667.9734981099383,764.0470558767638,555.1739252322875,798.451605753802,969.8210978873466,170.36241076898773,478.33125477949034,103.55382587111761,1
330.9557916014876,85.39692117846187,757.7369170222535,582.9457774847124,708.9705076418949,518.8383061026066,20.782461793579454,207.98058980261814,457.57187571072745,171.76757189768054,825.8485939290006,12.731533996550471,327.14067550377035,504.49248760933597,450.2617860292296,240.74433517925408,951.7063443784681,638.1065625649841,125.05569805597938,958.6348928368747,0
46.75902760766881,685.4842709200964,986.6969298884451,683.5603795253925,518.8437877256104,176.4803753887947,569.110641023265,736.8557339858684,98.94637329895295,798.9329026527661,613.4079407089055,67.62422483035158,797.9702852235093,606.9316144298612,818.5357477754352,199.92338835120427,319.36812745166577,912.8825568271234,937.3489948311229,971.6111890788654,0
22.870133129412107,428.2301691044628,960.8060488193045,659.106103071805,468.88614837829437,143.86468572175804,505.74094240078995,775.9213067293545,582.2754430782687,399.6584554813225,999.8646178658074,129.91129256907828,868.7470367140361,176.9141085542052,266.04424448970553,881.5671575754097,296.0256604506286,210.05972353021141,234.37032737776863,962.2121372617231,1
943.4144697415746,734.5816378019762,552.9456063515705,985.2753744783362,654.003198513553,483.07928514122443,866.1540263377094,607.6182442059745,513.798048415705,657.4178429229445,258.7115099798394,83.8097395303986,714.0084796829212,520.8141437618748,453.88428382900526,862.2725523387347,840.3504763532313,290.5781114908228,447.4637352453735,691.4309172957602,1
556.620388616481,738.2521664122102,64.20513052398834,735.8791623939707,259.43970658847627,128.00948841451276,348.65780000832035,651.0847190320573,549.4206347468023,17.63555104272252,369.6350331003615,159.82438167883194,632.2238802811776,245.1745037262807,244.3542631195731,638.8424375435782,371.24049723884366,699.6165553079599,428.15136833687575,422.8445288514542,1
374.9478677109898,526.9310622460684,975.114610648204,376.126216417309,53.44880598310109,167.58243265465555,387.41753145574796,864.1442993023985,393.37894846298303,825.3643645659306,268.679240880624,725.4400977582902,174.35309545650003,849.0341463967426,646.9500236794386,513.0102585539977,992.8700434104364,655.5213814471539,982.5945768770694,628.4278554653189,0
942.9740550686776,690.5851221340896,544.7051067156134,372.04740780732357,398.3944188315754,431.9778379556143,155.8385415412502,534.5732540455012,997.8143551721914,668.327104772566,37.41733589854568,255.40578833372285,853.5061514419998,578.7508448432768,107.63849793944813,513.5228350147183,217.0460401555806,940.2800435911593,676.4599997660993,509.864261095756,0
728.2936122532137,510.1362902730223,370.54468774659875,662.6309003540526,280.87770195720697,652.4275368613175,800.5125131739757,799.810423708232,230.5182240512349,470.7449917097528,921.4926221493947,142.63596893298524,182.87317904462964,149.61182269092376,22.149869824439783,301.85938950760226,443.150547238515,967.9210276977253,266.44357348005855,892.4876783811914,0
494.81330632173024,236.23567518679266,366.553064505725,718.5884135796374,365.0432301094991,428.2743252250245,420.28657199033546,639.5944397099396,904.4511869064937,4.070033724066557,556.0347108494499,871.0938390076833,133.63262210385983,34.883874917351235,958.3506440989603,794.9988520782406,755.3815050857427,73.32576011759461,569.0349120643552,575.3140802964953,1
216.33475013787262,846.0404667387861,611.5802674854967,734.1899211456179,953.4309300497101,604.8803381791164,766.9269235679413,231.7931344626174,185.07181300244858,130.29835970031922,534.719413611547,142.10738570239124,231.1486667671474,579.6396867322773,757.1194687264996,952.9647541686512,875.4940767880872,770.5435723388933,654.3928166705398,676.9936828865162,0
588.1227662977834,1.0918366645898958,785.2336986380452,366.5653487442163,795.9990480684716,988.0752656097064,334.75494428975503,931.8836465866517,771.3936570064523,274.11634819008947,311.838247282194,852.4010581632301,143.34955580015907,802.5276203289915,229.17119507745886,272.3526058332808,699.75465522949,892.702834750128,754.1458841296239,900.9081959121596,0
901.0008793240077,531.6243157788499,599.7376579494405,302.5145921037642,439.23299953007,143.28005311451696,616.9641765228859,984.0537758456107,151.71375095293283,681.5941030315216,601.456430699275,655.9598678610405,831.6053009357496,742.1745226800987,276.89241588981594,450.4165538654301,579.1939643021741,246.66338089537265,526.5155686297688,455.52162244671143,1
735.8670986748127,58.56350252970366,213.46071533922483,52.23604498454271,150.43949160869607,660.0505416747411,264.8290899868578,419.56876715518496,959.1679917979264,356.72544053149056,329.3986472399972,660.4108011341903,231.67384965332693,959.410357357454,575.9147089441391,865.9992423725041,663.5086277803844,28.59790680210139,901.0598044424601,20.34357909290252,1
707.1746514926206,541.2418361217813,619.5870122090722,715.5314923394081,374.03851840550175,87.35577762834656,652.5781444333724,866.3040275848649,672.5275944690718,426.0819345087393,525.3470178859868,612.632482694348,518.1443949310856,14.927822796700795,170.15541749913177,74.72310093757717,289.0007381624417,319.14472444536335,238.29870450724755,901.820205018629,1
746.408682634936,10.076332149176249,195.9333139731252,948.5725154404446,547.5418486772255,515.2052825305615,523.4459979412354,970.6688753483119,934.0931445069534,677.4182814399264,542.0133996436715,780.4125156037027,262.18219137930987,717.7887110204839,437.8949395361467,95.12513070967177,283.0561973662783,748.1683353414709,357.4959014355151,724.6813659305745,0
559.1676013126909,988.6072117240425,400.9555746217964,686.940130457262,397.17637471433466,88.18361521319606,847.8072566248568,10.081139130926342,753.8012698862434,767.146429882431,331.52458652853113,229.80917656561294,633.0395940082574,411.0794764293184,838.9042796256641,736.2010177379766,524.5780137195201,332.28627467831495,875.4391192115147,442.7415478418949,1
612.3859034562279,385.17122518696345,757.1438619728659,775.7895540132138,612.3318809159525,442.18706793561137,842.0650109132763,798.9290305392071,231.26715236594774,913.9565312679209,837.4208694518621,831.6993761797295,646.3169549288962,758.0727864351229,750.7576224655829,127.22337649785764,370.67762988651407,817.2040566406558,828.8482441391118,521.2118763107676,0
287.413551636889,889.1141353870687,118.27215489020193,59.95527535152767,760.8160162120469,676.9338688555191,652.4898059621261,872.4939726682003,437.46693765098075,605.9036585405324,839.6255603768988,712.0500639577996,986.1087243357009,795.0541452414516,248.7521081320768,192.45990230593668,958.7926260508154,848.9777847351605,939.8589956827379,237.8571198326611,1
703.7836370847435,94.65506699769955,947.9810446499623,523.8360132422189,401.07347957815654,780.3077857873328,924.3644659341256,680.4031998947073,134.97261370743362,32.46918690421619,963.2415208330316,695.6992720090371,486.0156413700115,291.8147126868652,406.4394486379934,294.2708555888728,732.9424236568248,311.7454524849729,194.4863233720019,218.07997878394002,1
423.15657409519423,925.5185153920977,646.7664103626338,317.8877508443978,378.5693963703208,863.4781027632555,411.8711331706374,293.98057299794414,686.6707863693999,388.3826729804829,769.8871869271259,231.91562973749768,576.6947269867159,830.7576514566713,832.3400870910831,72.30474518045327,1.3045475223097958,37.32022397036039,820.8911648950252,577.3786423743844,1
288.4748978986034,605.485934514601,351.32585837758944,986.9451933269576,397.1259828199711,546.6724362159812,780.9013404775181,241.56811737356543,575.4099103256759,357.6346913493902,481.6349658387081,655.6747534603529,572.5096207096033,414.7641118312352,302.11853659336776,348.61340648958594,355.010745110548,220.41930008070287,674.3018335209498,426.3639813989173,1
352.1567681254846,414.231530643866,428.90639504140546,287.5288654870223,391.74979559554646,611.081768924257,891.7508320781261,289.7550520827753,192.14222000421998,158.24191523749397,32.09949597335826,899.1101446390628,689.7494066303254,78.39146387821516,724.0056161761814,353.50104324441503,568.5397151309837,343.3359209210547,471.05834743773056,896.6617081417213,1
826.2445821015058,379.8863650889351,391.3161790714834,149.77551093716067,567.7601735687704,114.38042080751632,880.3177139527055,865.6148111137118,823.2352747901093,28.119763477166828,299.49508206228194,226.99694712803165,410.9672150134275,949.5613758133888,777.5354575103047,528.4573665067171,993.4914374760734,61.28736447820027,452.9914254789933,351.31059147910935,1
820.4551347721781,486.174072101754,441.0898781538827,149.1720681779386,793.8233863918966,964.0027952066707,785.8428497425718,975.540334578115,184.3410126959385,627.61653722581,440.82137199461266,36.61658578053994,779.222080994661,174.83676057486818,925.193716646042,224.53909252423142,260.97083001174394,970.1899213555217,304.02925709377325,847.8170805356806,0
740.5168067036689,865.9940523894028,71.86140866281376,472.6832141979322,385.88891832323327,657.5171002331991,908.1832808811417,605.8220005136035,834.7345486769018,883.2113357862453,477.3606082842904,417.8594809955816,475.38020723499795,307.33200940312076,185.78085664173648,748.1498893321125,946.3673602042816,513.4000572114876,335.9949007626532,113.81955252376375,1
640.7012025910689,176.55915198492488,788.1379929640269,437.3376920281583,334.2326981844591,646.3674509608612,874.7996780899263,819.1998047407677,949.1749678716847,677.5436663101003,883.0328627651927,401.1910205997491,728.7932222579572,869.4361001871279,46.36071045924839,740.8858370881065,798.3802744631141,348.86431019162467,321.56427783533036,982.8749435508173,1
637.0283036633698,306.71854243307683,187.29050752683395,719.0563063330436,94.64267870173792,120.92632297498795,619.3539981764795,522.2272470217632,44.71920251566974,525.3610631640155,933.9081121624272,636.54442289596,804.0076447477076,904.4598281665299,475.98847639827954,727.3128918382965,582.2024070614577,881.9081009824913,606.6641554552065,809.8490002923606,0
704.7918530241751,227.01427254828656,440.5778772410629,855.1054719497054,444.37645029674565,373.38245228551534,941.9024196457799,523.7872418861377,825.0861836113392,336.4101416199078,224.3557750798304,395.96661637202567,143.39462170401706,731.510719496535,654.5815272310987,685.9835402282205,120.08227429940288,997.5189079515645,798.2655730616191,984.1627913553144,0
133.42064685818323,263.73583718718805,851.9306478397411,567.5939581209441,154.51653587044845,855.6099609762482,676.4250789061537,785.0412970267176,218.79902635079162,212.06998846026903,966.2079324877417,69.29376036297963,483.1504388849196,351.2287674234523,852.1144028963986,209.4964213501871,274.4764409860875,141.6703354780201,142.9389523489345,231.93347676581232,1
12.160368166254653,207.30445721688952,106.0793742676931,293.2525003512051,445.36919502727136,852.1424391729626,814.867810921795,850.0830583777705,381.0455984811945,437.22497938722285,116.22333992998179,857.9101682459611,928.9828407278626,231.87980465941126,190.61492291788062,57.5634393314145,216.05356838779855,960.5200920615714,891.6719178690463,176.76076157354925,1
392.3968209943595,179.92702489139302,198.5153030275687,489.8129311577377,49.38791015570643,812.5428658818229,250.3734773608064,865.087744431465,228.8164436952387,705.6432242515024,509.0002925263568,444.7227337270727,644.7290405083536,525.9569412787694,991.0624077267568,541.3545723538231,470.535185682593,517.3594881604166,145.53206914371563,868.3373279166746,1
95.30398011690689,41.9141013644061,418.73895668002615,438.89674390149924,983.467698318086,251.97262066800096,119.5188918602057,789.1280073481823,270.8735549787673,559.8862729312274,423.2457125080885,90.3169225586885,123.76227062165457,225.38313550405786,267.16064642944417,744.0046151066325,206.35157073795983,218.01321904305982,190.59659389734895,623.2826369189531,1
325.7949956631395,315.7285385927094,183.1242831550085,67.28360929675348,48.820641121692375,963.772674747214,61.502065420935395,248.06709159093555,817.948085381293,107.02588993465267,454.91081398872757,293.2592614708693,389.6221092695967,459.0666204804166,410.37036436245944,78.01179681075665,432.6959720590352,798.7161885998768,497.0774725038648,859.8930170570975,1
56.026459029628995,178.24316067252633,41.53354495413486,109.33716488655799,326.45101830122,637.9775029119529,37.25792413573359,989.432690185638,431.88376437949773,250.58078008799734,356.1146141622602,58.217325728931236,195.38290959082528,556.0541726327134,65.7450277465239,510.0297762329825,454.78553368657515,715.6034540837887,877.3968388514096,921.6812828985742,1
723.6202762747421,410.24163370642776,585.823623241563,399.21782300421614,72.03651610450146,656.1947306250544,408.0108839054731,47.489376762616885,97.27389841744483,582.7556274106714,895.2894288779314,881.5667807826479,919.5000986439829,668.6224950442653,804.5942014064367,474.65710745950963,807.509364902746,988.1620417954064,498.5019967670766,121.31382100502974,0
649.7827030604947,875.8333863293589,637.079451276609,721.1251345114541,651.6199628945043,20.22127263635842,95.60540368270587,892.6984120867811,997.6782871612996,827.279209525997,669.279765488895,348.55975734028965,211.04878964778317,978.3578369888976,788.7249994160928,316.92961118259024,878.4758856847366,490.2967106433357,526.2100893997973,403.43823454994185,1
783.9603852815328,458.9886355010012,618.1133803480993,635.2896131553977,571.7792243993849,9.2322102631468,458.1246684112209,89.02964599043383,959.8566006008374,580.1588162019518,359.6793840951259,717.3025684837621,933.1666900273293,622.5091230483616,258.0018994576682,476.8571389311293,234.22191131920155,30.051204660725638,157.45587426197827,240.88152277280062,1
549.3287723661595,152.22241016432235,234.1865983100502,116.01114468551022,40.94984345724284,927.7578976075383,58.05727083308654,727.4675077642179,815.5128196368486,816.8628669510842,109.7298843277823,175.94073228817285,17.997819576162755,860.5106329237851,884.2648037961153,941.086466587963,935.6653058961554,705.642933737774,220.94262242776176,944.2733542959305,1
280.5301455107194,868.3870781879677,708.5794000230258,662.631401496241,822.4557652572562,455.8623470655452,786.2322192884325,839.008812438834,408.7036009481173,620.4911660151568,251.91119059975753,785.8019938831069,354.58140361609156,510.1990845492239,368.41146071695397,987.7574576784275,11.356855161126834,265.5534518094722,756.6491272151794,678.6941058855646,1
672.8514283185934,376.44025765856406,353.1606764150616,81.976696804412,586.2810431823258,173.8207918982131,247.57968853669632,123.34150028007763,165.20271116576703,475.22688706783566,114.3330534619339,748.6506004689508,412.7706391967972,845.4388622009178,783.4732811352993,895.5266072271324,715.4430850586731,676.0769604854733,585.2130845738726,2.419087514020757,1
162.84003113460565,449.18966555442455,54.027241236777044,763.5270255433668,100.51531289993387,316.87269093309334,129.30404853054932,749.3990006940858,142.52356420782763,848.1625866170174,155.1086180910859,498.2884912215019,250.62058771154682,771.8921201638735,423.9223938792187,361.08095610065294,798.4635921005761,945.2604324901562,202.82974031562662,228.16687860691476,1
82.13412534901421,553.3498520606612,948.6506340323151,467.83866386017127,310.44755281944236,261.84080620421224,84.25038305618082,835.7132306966749,569.8851453172872,832.0179626720663,311.8173871651322,889.1198484419461,90.84990668520831,238.93422215591252,725.4873718689331,270.36762980913585,35.99110313850051,964.6358843893778,952.6332653031842,788.766980047554,0
352.2365278115283,264.175837408202,629.7381807952075,398.84373302155564,92.05156748188537,178.97867609515706,708.8956461414888,285.116931989002,595.8867388589915,424.25787751885434,490.63817335597315,626.1703456445537,362.8681218582671,634.9973534572408,799.7617902570358,354.1852637956409,41.65022577862132,481.9223563200554,54.48583313919231,472.79586816286576,1
759.5308755440844,246.56054472572308,446.18474351443973,345.19724748281976,105.90350965535134,133.1777173075107,922.4157259754604,438.3105144019608,36.92002826405138,538.5811645854072,514.7616507842238,487.47311759553025,107.5957613676034,995.9360456630517,706.7241305427928,179.8259964854677,635.8529671797643,267.3610199536467,394.0512722049553,270.235370501256,1
177.607911576942,494.552171125897,466.73332814302927,943.5244576646695,695.923379925648,760.6787211600908,198.4754342922892,384.8294165188171,845.8222139814784,354.9443983350084,600.4937884012377,332.1559235098165,571.4393802336281,265.9641740515101,772.3192029496684,40.56516218370876,150.0246886688593,657.2073170767222,481.6370282041217,212.53420213083186,1
209.57790390121068,596.6347395516736,712.4208529231158,929.2921121449535,394.3396638359429,427.63697843176465,49.416106030409466,725.0804176899369,971.8580673028932,691.3558900330985,91.54905116127398,124.947698130222,904.398433701549,845.1051464022895,32.3841180539709,286.75419962646674,30.559580229611917,407.5720057535607,0.4902563095408041,646.3746483978932,1
380.39583776645367,309.89314247515364,542.8677646862182,653.9015081963296,151.72301514160247,690.2190952239132,878.9828011745935,474.89324077029215,303.7218177147537,208.27786981075326,152.9845854460463,233.99660483686336,159.55853416560095,704.6363118655503,948.1201621584617,705.2874456909125,791.0868273195796,894.6834348969669,33.34057851787075,754.5092392189147,0
107.4174542204045,964.5658904002399,372.13376756596983,363.550954930519,514.3475797912506,288.8123861895899,791.8335084239031,837.0876188394427,447.61332782927786,775.9226456301947,553.5044165592342,872.3068916403847,258.49999153024373,775.5976221467732,85.60882190977415,448.3492254657869,401.02362081481425,448.79326394074457,133.75817237808207,105.19039837937815,1
628.651146016789,861.7676307049131,861.8074313508039,126.09632531240189,91.50405104824522,166.0895895079233,501.3934169475679,565.1994352594239,153.55597964641464,632.1087982121356,334.06091870269825,786.814110407213,527.7851721923613,523.9960709727711,440.3625885092666,334.7470670006097,352.7819748433356,263.49026631718885,595.6004481352605,188.63009406634822,1
49.95223383077807,827.6485328297167,533.4333019150519,822.4113275144398,596.0901607353084,766.6494444391807,660.8339173600974,615.5055441827534,683.7137182640396,415.52906345520546,249.8419014238037,270.9371747580814,260.5595817192428,742.9265679800347,971.2962843077237,85.54034193620863,701.3397791853613,246.9559713318268,4.83245785561659,654.9743296889925,1
86.34165073654488,311.67018044350283,227.7389340552448,280.1929283900307,228.38928178003513,908.0860443486632,641.3443095715838,457.5184013937286,232.913980292909,638.8973201686672,105.08159907751713,677.6073282887859,590.7207500420786,2.7989302647430936,680.3215946017872,450.55276389428434,169.17499453997442,81.39010204643515,571.0700402955698,810.7204531220417,1
329.49340088167935,630.9587242908478,296.72347246800246,975.0267301382698,776.567550440693,750.7411951574838,300.1994621267986,414.50472910821776,694.7365133265313,903.8174002418403,10.836201221980591,633.8912996577753,790.7498196347082,95.07452271702022,902.8018679647099,544.0620426463732,419.73466448011686,762.083342172203,395.8805490890004,793.802792343939,0
848.9023127397279,968.9943581715744,352.31956968308486,95.28383517201966,767.8046113814878,18.880766236900158,762.0279013449468,836.7488063439912,920.5694896114607,29.514652921246665,888.2400215304845,988.328750034081,123.63229341657677,483.96365233338133,368.06398300164545,863.4481478695825,82.85671174508946,469.3728023502468,28.589596482029854,930.9296789855566,1
443.67132341771367,717.5456400921942,28.877216713114052,200.32175248632066,628.5467373846573,269.5871388022938,905.968144362328,944.1983484662069,163.94591344354504,969.9737221549868,919.6750887596316,466.07323641356356,324.7218814263557,578.9543938567706,622.2617439739411,9.860377341444737,629.216970900565,483.7161201168306,815.6296981204744,813.4846039131322,1
707.0812397376149,667.6235455960299,911.663909732123,512.0956938801806,627.8094571470484,906.8625526745515,931.889606311507,494.3070062784416,139.1561582015537,642.5394366760142,487.96117397129535,173.5207043666771,227.04683809044212,62.330253722401864,801.7939802793284,480.7969794463324,57.01500051405717,268.822092808921,944.9874217467582,51.32816729743483,1
698.7095937108509,69.35287295695503,838.7306974038424,618.8619197895448,808.6903936935529,187.7364988421487,329.09156835521134,589.251493157379,121.64186416802458,611.7035226304857,293.4218965502515,98.11383151159735,128.0999398996625,360.07756509199675,947.6987117174615,626.0632113370496,155.82884160468546,404.07752532510654,991.2555326412445,842.7288546804035,1
736.4901494507264,429.43497179422474,201.08280909096743,807.3550260137976,567.2616512641023,141.47683400679534,653.0881678842751,512.7529144838223,183.138159366649,903.5278482187294,562.1609025489364,253.0047092696912,717.0915046351957,702.1771885783838,582.42945622171,225.85320727629343,969.3790384390034,626.6581371645352,741.4455216232877,987.2553624760379,1
132.44152948683686,706.4165313422307,158.9485080687152,683.3633134602062,404.51254398490534,264.42621750362815,753.5377962839457,529.3395291097669,142.2423285960247,87.46194654116357,771.1786162974252,419.0933712958862,276.802074652825,207.88348367186526,476.22252945651087,216.2771114377534,929.0691710949037,446.57410150555853,556.1412565209334,1.5162421379281144,1
592.7723252672849,35.8882860383638,425.0621169928276,190.1096403025325,392.35156213567444,655.9188819292698,926.606884524615,467.61328972361594,4.531882145890287,786.51758970558,294.31681361012176,901.8996254965916,330.4850591424515,976.2847914616333,233.10340214098912,379.1155632803034,360.9616367198032,596.1931506974539,958.7083143886683,121.99675899729812,1
205.00884827618682,396.7122462601812,262.1502861076734,384.74739306830764,917.8916713125366,351.66900951967364,390.0167345967834,84.3848810382134,37.08520943384408,497.5757538873028,388.74528267648833,664.7282689918086,786.5429469658922,247.0308525958832,362.5198413118724,999.7022080630155,25.177389778621382,625.9985942806412,403.01719879223475,546.0083941318244,1
123.13508808633577,926.0880094177802,837.5306474345768,565.2297486738454,542.9132761200478,479.41955514178346,930.6119949682051,155.81165561129507,68.57648276869588,875.4199373941233,851.3693581603209,813.7834474536943,572.1981902540575,963.3419242927998,450.7400550337802,586.1230173974975,881.5601052135015,53.915580736032865,952.6180077609938,207.26114085352765,1
693.2186967693576,177.5872266325126,200.06924615502686,664.2425042493885,307.3487210026279,670.8928995904704,790.0646724433528,975.6462938702858,244.3564255489121,168.58012453168857,33.41211159226132,659.8266719535882,909.2422618192302,673.7038486014308,219.05330933416855,696.3055568058204,755.8788448748326,386.3584002517352,26.521039139393853,300.7717141665853,1
800.9592830464318,765.2237381522649,484.614646396646,494.79883833145,626.9488012047273,520.6059929798118,523.6282642832782,332.5400208019211,806.9765144661459,49.74592671742517,338.10743542101005,508.82134818014856,553.8619604128884,831.463390940824,722.4401225553183,169.92355963238748,76.91201259315072,28.93234905554931,877.7295487462998,394.5828093781266,1
461.6918455488378,723.5980758675736,694.7708000334247,566.6217464398044,504.88020055152236,175.60951319357144,39.39496004363152,194.01800538357804,999.0639275195655,299.77328164304197,689.0706468949862,234.16759130861686,599.6501530866063,162.878491848645,713.633878605677,92.88864560773058,365.2703073275592,470.82197743906204,591.0717576428519,363.72532856450624,1
399.2569061308605,815.2399899887696,155.2718393390311,567.8226863375633,342.48871206062415,402.30317308767684,729.9006201125048,444.09434788668733,651.5282014404139,265.85554921177066,837.2716369834213,782.4378509375532,407.5202263633575,368.953204243733,356.1992169580027,577.0889727447586,78.21501888253945,284.4021287015199,915.2241576800994,407.3911848645827,1
811.4116695494201,312.71656235725544,323.99733476561676,581.2694869653267,27.68533943586671,503.14968920782655,80.34843180429341,486.1910608471596,823.3968441579788,460.61221989079735,158.31851854768286,518.8813018436956,949.5564307151174,569.689546429906,963.119845193057,747.9300477730737,422.70930036311705,274.33695077940854,831.1447681120562,260.83463598612235,1
250.77279097321426,958.7360137672276,245.46842933963953,95.21956582941449,93.33764387136934,126.75397511087539,852.9937490854528,749.3339534251642,663.8474230446559,469.32308052696794,825.7065099598589,690.4785305650984,991.5070420346975,362.73883944860773,101.12107004987747,231.32190486753512,404.63351197102304,450.3635144133955,876.5992689493073,842.1806619553181,1
483.78380122657904,841.6610706627503,402.324402043176,141.72058225177176,566.0662769908375,921.9710224523228,339.1066479543807,619.3592852492563,9.631272499969533,455.7914992744233,890.4901801079387,89.40760302510876,155.1874842786163,132.1353447388033,598.8128188301177,768.571135547279,13.683454722486776,310.14546141923995,756.763724149416,634.7760454009217,1
269.2773916347366,597.0926070809687,612.5484280874975,745.1753651641687,958.3617608552188,377.15294338145645,592.4978925664853,687.2627457084419,952.6526472855627,448.40893365157854,714.7823979215851,971.004631475499,717.7034304446158,160.13968118037147,979.2446730569018,486.64134321637044,420.37934698806924,402.23465261831416,990.5820676417916,802.5873103443702,1
493.4930163488798,574.8660961413459,950.8193661128344,400.8856301863758,900.7067536894202,241.27885716822772,500.83475762086624,269.96404742828315,279.99824888986103,499.40762398913506,620.5047355313699,298.6424541580526,212.0680870243119,922.6951701828164,259.06776114322025,229.76153614672913,195.5033095141755,848.9987098959557,474.24955954158264,358.4130078146347,0
149.3677600873481,186.7413023427976,608.1036328640338,820.9974071861518,575.9217571101966,477.0390915453665,222.11686035753453,488.3882333117588,214.7344056184628,378.52982391172196,469.89141040266094,92.64659288783005,704.5989574594696,300.36660930879276,807.4898346456594,14.472605530882587,79.36435502753692,700.7638762533635,391.7735060065247,34.73342229374276,1
75.02243187629986,471.8693546712982,105.1782727779076,52.59683482177169,315.8341175613104,574.9046656371437,291.16668853813866,16.597757677380475,922.6597408268651,733.1349290464809,102.93795444172538,187.16245646396257,875.2382361096201,608.0746904879978,735.9896640560722,211.55608519182712,434.1791315416391,368.27819948478435,628.3564903094383,239.30291704317318,1
250.15714522366395,16.02287942463243,536.7545876541809,399.1502991517608,48.37238436393021,482.2281825373842,429.27621765097933,217.6429306297284,473.9330701432494,525.6899730688192,22.417476378250534,724.8136502957827,727.9042521392543,134.0370488532694,969.9804618568835,675.3837994475743,811.0213039638937,868.9328453227279,380.8045464078057,55.66931811543074,0
976.7610363013252,136.0106826222831,666.315266682304,270.7403552862918,246.4973270763089,218.08228110508486,41.992828508080834,973.3675530554626,817.3217862846916,890.6786722113211,287.74875016108194,877.2121515476604,275.20550608690274,798.8414742009712,314.3565379455776,156.51364028143422,7.614040578161396,637.4212382193075,180.13185080108195,208.39660487324429,0
762.2121462926982,913.9740164047066,933.4672361009196,341.181713412796,880.1430135619124,669.313805262719,117.51711991116065,232.15303874598658,731.9489375904677,487.5919859848301,540.2757497784397,787.5997089902959,728.2918940708128,203.7125725922634,607.0331294496443,583.3509493284795,269.0022819156347,956.3269836282155,57.19659679341993,781.6601258515796,0
832.6665840417126,900.1369406205226,222.91739108865116,652.0809387569615,331.1803250681231,204.62997543722605,366.4455493493488,815.5800380540215,251.401475806292,585.202069190235,706.750223715116,848.919590138248,356.03281583888656,99.42336310856126,656.3536973856545,63.16484011529533,150.91006012778308,317.6373900550551,67.64840031864527,903.2446798239946,1
798.4044129323539,44.37471491519995,105.82066518455424,330.99837660140827,120.14777112205755,768.7984918539872,254.95318686769753,252.7707268623488,386.7155950576824,53.78828779516831,165.6850136384428,970.0315390481921,173.09491255827382,937.1865542497625,145.0380301901173,432.7040190374014,374.2874983138812,53.82712757467889,772.3509914523898,656.7973642988476,1
841.9665587461387,524.0488508673575,575.1792861962603,738.4969744385105,100.11286512911654,23.52228908574294,427.78823235918753,590.0858817205128,31.186752578337252,763.53022695418,144.5638785291591,828.303849616043,39.85342820835092,944.6672516442133,153.1775398796167,330.0159957125315,582.6056958999667,112.3160551105692,942.7493003123625,831.2800667638227,1
457.96255319541723,80.43091391864321,605.8071030272257,456.40091313792266,122.7283524268279,555.0169969342817,460.764831753242,473.95457697887855,694.1906646015503,222.84795034462846,237.59148461968383,197.6240386424245,347.78239373450805,860.2915773237455,28.6189818378072,621.1367884673955,431.0870619932399,962.6910406715396,277.2580168068433,192.08661307954577,0
689.5670907837992,803.2026985062906,724.875143571055,577.4115600529907,803.8363593777506,266.08910527492725,527.2680797949403,290.03880082214226,428.92127678063963,42.141004640795956,697.1347792712951,438.0195211810155,391.5633132680867,990.2211079376815,875.522992708267,507.33802128025496,680.4532878111305,75.3515263102652,98.50389724716003,358.0737351479729,1
930.1582521182779,362.42267881432764,521.925181518118,769.7406819155616,797.0025538063359,88.58849457851625,310.497722721212,15.850250422639544,668.9222912295427,326.6034305073587,867.1676369483545,288.8904265652823,541.8017598020057,124.00700748984228,593.5440053943489,967.4731325662102,911.7674676695386,990.7931523138585,721.4477232224247,956.3479338813303,0
292.5470140155403,753.6744300907051,986.511871386191,141.63592261524914,348.0404887110057,654.4456934634213,605.6691393202764,645.1752695354035,985.7010250469446,366.06271771379176,261.54258608939216,604.5358318344104,228.05889316795756,820.8230479871211,584.6216613345772,41.14311821721684,464.0705275559196,728.4516516654993,387.7279284623755,335.3528347907838,0
155.09356245144866,734.2041208936436,719.7876119002952,451.08504052733844,92.13640733171869,237.55755456411987,359.31883543608035,367.90453778414457,546.5121336141399,136.6811697021506,401.62710084514373,703.7996243286951,963.182084855185,569.306637222931,425.68045901956975,220.0812079445035,519.7956065894159,117.70468735849104,262.63949239589266,240.76987528447324,1
487.40814121901553,334.6578815030321,948.9229756971686,573.0060777285893,769.2493481619028,459.3074453114269,406.3386027856002,277.8568520338749,594.9161052798149,252.40127793629296,882.9845934059399,5.556528175830189,542.7967789670713,801.1818803172232,685.4369563348619,709.9880806475543,353.8814387311382,229.59114894584022,955.3382513898534,875.5758529065868,1
122.82871587695942,275.9232003127012,6.017004580432972,346.2173335064306,384.22141724868476,367.8272442150332,554.0489061368077,568.0556571551139,681.6834496163937,37.24200610056827,475.24350986972274,459.9476271229027,414.80560334397063,258.43329119396475,696.391355552113,961.2754473906895,853.2918740473722,533.7358111521065,373.2650542029534,152.40558706749496,1
428.1200998821922,257.7971773471683,588.8987467684964,330.775368642296,139.58640190227035,821.1832833499029,543.9558826466225,60.064720149439424,143.82601129365725,438.8750920424449,19.613220245067286,189.95067862522163,706.0498403498584,176.78888882767873,762.4281352740508,53.50233990049702,302.0534839822987,422.98101891050686,732.2514289367458,560.9531508227243,1
142.8141154176069,578.2387190585758,55.334999669230946,37.909264482581136,785.1802250203535,188.8263807322459,666.3949910667061,915.9500823719131,951.9923525587043,606.7793839972276,149.10806541664311,637.3480004641442,498.97060168484063,360.8824222458421,800.1018823196133,584.1697801103232,257.8505454185284,183.70433910776418,794.1204843710633,92.5062624930466,1
359.12167488244427,315.50730806339357,578.2458905146965,528.3143401170169,952.7439763876819,598.4932145890974,311.52438739631094,767.8932448266089,795.5545186691184,573.2006912346136,629.8303765886693,335.48360053998294,604.5195749855354,618.5805104179232,330.86725083068325,791.7546553522039,397.2073131135192,539.1218950061489,612.3203054056297,191.0777547419633,1
910.9039951578649,768.056783398477,969.1312780333052,626.7405323701665,664.0170096100223,361.64487458759544,33.638394375768875,485.0992742718856,59.33212579129121,688.7330334838346,137.95000062915187,636.3978551345252,358.2135027607958,434.6028297695267,362.40559508615746,243.1715378383944,675.7216888958862,427.78096822581205,972.8360137604726,748.7707303758017,0
143.62288589802242,817.8534411274096,738.8016966951435,646.6953788445593,963.1497126073793,886.3485881013114,197.74879581681125,640.6668808043142,813.1397568304681,41.053886477567694,778.3238545386292,248.05314142880786,400.88626822673837,323.5279798320202,403.21589144933887,276.3548496063374,360.64741346232165,231.49827390454203,111.27960390220582,46.91931616425427,1
271.6212033108301,535.9542148606796,517.3994997992796,604.5697607313642,815.1293512989466,376.25109111089625,753.8076115958894,891.4508309584277,455.1574630269516,996.1650482621958,396.94729544768626,32.74211466390498,656.6371838413547,940.1507068351666,481.0983218621809,949.1512775719906,236.15663394455345,43.56459409927138,787.3405868343654,749.1079124867572,1
123.06231694920766,324.66418558942456,746.0698433214767,964.4717984123484,426.8706193013205,831.2135338824916,367.8149014813066,956.6467408868649,304.1180291897455,311.3582806869705,55.32580031911927,511.22733581141864,286.271929973928,127.00006390231466,592.0400014837805,681.4135461306192,573.8391427916102,894.8907209027199,569.5733655197284,325.1803678988914,0
977.3842664185254,824.7507690016863,529.1334349308374,611.5784212326744,346.0613509926911,650.6981142222576,857.2597290878613,804.3895054739236,437.63356828438083,884.1234873103889,249.67472419399272,590.1806389041853,313.91716157523155,134.70722356366005,868.1904707367252,763.0559331066609,578.8921293720913,212.06783979074183,520.1341843128913,711.7338044790505,1
622.2226219861653,647.1376487013127,592.5770621943273,836.4841745965334,342.4767821713155,187.03963853273908,688.5693936928081,617.9757619578003,33.576953561732516,290.6000419952266,828.9945063452892,496.29674018663394,473.54236245502256,327.33301562622506,762.1549913960066,842.6938602744021,121.27239910856824,352.35550639429414,514.4485194819365,37.79016362983245,1
372.13079686909134,839.6323265724103,628.351162956387,106.7039341375805,462.50695855567756,663.3664363088632,535.7763247182081,171.13427329823418,466.0993105888823,962.909138042176,672.2653514168109,881.6436308365677,767.419815551427,548.2234154987087,609.006359061978,630.3262348448498,519.6528300085338,913.2229195607704,991.6529934369269,293.2179742483395,0
964.1834266748708,921.2586546157592,810.8108550242471,861.521286825473,115.24623867284667,966.8421055449356,901.0826150157903,288.82793172384714,836.2483426118497,286.86119422478475,879.9442216277367,811.894310784337,133.17409474747487,477.36438209809353,175.10764832340087,465.54482800611174,978.1905200158694,860.9811246664339,556.7409299818181,943.5749992686649,0
995.493704026313,736.5174645646205,87.07265065044045,126.08730526847268,799.4676505757056,673.4605289741108,427.1448765491356,618.9329239520123,674.8741046729224,963.0800601989293,56.66244598777737,812.2297100208891,746.0044326403319,601.3883141109478,741.7960620484424,489.0641749269774,363.7786497715806,575.9311916119381,435.26113820266244,240.22485617677935,1
906.8463813875093,629.5704803424812,633.8839502717952,622.8824461212109,51.225382059089775,272.4441592227974,330.32032678735965,663.0045216972674,581.4719219164355,914.1450954094006,902.1988558516807,56.066461223986394,961.1072948837334,555.1167407571517,811.767208076921,273.1347412921057,105.25301272336152,529.8276069132593,42.08692617719345,542.6367385118201,0
760.4866002479619,484.9688264934924,776.3890220405232,605.184538322996,311.1454317275847,564.1673536301095,515.8827668971129,711.2676684358524,451.55114660815366,495.4973447475166,875.7572082203003,929.1889821575102,84.86263035648689,6.408692499130897,300.9876413510356,541.4756498420561,354.2688877254048,752.2414896723559,811.3170047216413,52.29999848212963,0
973.9057661307829,712.2007745628732,138.4992002147707,820.0648703986258,443.31018458164215,38.29196376765043,420.08691276910236,669.6062241336655,788.9179035698667,433.58063289014393,315.6429172539234,184.5891972403607,241.29325265413493,269.4391706957918,765.7508696033702,758.5652455505967,43.90802965077923,745.0675774547743,13.922671056745273,132.64531083242127,0
25.425331227502234,358.73300691750956,393.48836243596895,402.29183894783915,788.3219476713375,77.66910561146135,155.99913323379621,120.68307519023568,567.4223476103847,98.83273979070006,679.4630724148244,708.4813051354002,491.31550428047564,333.30865935619914,181.96456002673966,677.3710047453095,300.0903576891398,571.3455898572678,227.96251182415506,278.7562968048704,1
836.7563439463167,748.4449208597872,570.1316976538205,191.68199179891033,496.3486217863299,942.5625075397234,297.4678797102364,33.15454547019381,245.62795764757684,422.1894275328658,99.01356432741326,288.6360879572286,426.53598599890444,743.1370333478641,360.4100389698276,484.53179524761947,245.22214688216982,725.2825701747817,446.1184411735797,733.3572356308092,0
708.4617367431034,674.2236769739745,409.72860417123434,853.8294190204947,913.844158638267,30.230147561815524,678.8633769557601,938.8217080780432,157.7385363372058,993.5387595421745,289.5478210971031,403.83754796704983,362.33872571130433,265.9395144224035,150.7377842502169,701.9910257619206,872.8751653005529,809.9794071227782,775.8861007092448,142.6811644565701,0
794.7032427245745,25.713493632550268,769.4034915437852,985.6547817780624,25.194848943175806,341.9304144257193,43.430069862773536,366.19536446950787,681.8249556738656,34.51102360181446,620.2604158679434,327.57201317199383,529.0730612696543,330.28343648702383,725.832120524759,624.0466058180672,756.9419296000133,633.9825361980336,234.80658813777256,692.1468742401876,0
525.2234043066701,586.0653744772894,939.3306508030015,78.36891060106954,459.3604315368289,333.78679928326494,335.74776024444594,777.0759048889835,695.6039525753589,968.6808458859311,231.599239512687,515.6277310260031,716.953681077869,540.3236705799098,523.8201053348968,518.6495976597243,941.7890491002618,524.6787911515818,14.211241666466146,802.243489712089,0
557.6933267372588,143.2099199066994,412.35931804258644,879.2857752794297,166.21773185845657,494.9298036430474,810.1287690967347,780.3426294489482,630.8701437179693,321.6716487081511,51.78001124761289,589.1669550192031,549.8253384956299,785.798521461462,461.25658010147606,626.6319941268101,348.1895226164129,28.83268580966847,50.93571865121538,811.5794111865745,1
539.0737980393293,424.53628928843347,52.80791541550056,358.1687614572957,761.8087951045384,897.7085761142298,124.18709059926026,428.94514303738384,622.0997748943851,959.9955342236611,880.1326339951746,894.0356255333529,47.2702654212277,12.09008992780447,431.43610213498295,968.6237263569933,479.5196065644214,348.25541532297854,397.03497288739896,453.7683345630095,1
766.3472777585871,256.3986128231851,391.4815625511104,359.028731391014,406.1920245689894,511.0862566682605,801.6614521898441,836.1650091062362,546.1174272872041,320.8017048093228,27.384919189879398,13.880572058845186,254.24734739608434,408.26445805488265,673.935538028426,11.303107200821616,468.991763126825,571.4305518796996,572.8640724006879,206.18093093975475,1
336.08394870866533,790.2065846395021,800.019318455601,538.814359020587,859.423684098276,643.0398874487944,448.61842826178986,247.65182943035313,251.19045963462284,683.141554194136,215.36914933848607,157.09599962671905,495.61425865226437,650.2900111746786,932.9198081976671,434.2859223064077,186.49607073752193,964.5023936707635,325.2561051456815,334.06286555586416,0
723.995384632964,432.43885626945075,154.37855992125426,905.5315926573578,803.1710561396211,805.7674703766387,369.1361528674758,953.853228212296,835.3953122447897,305.2057943460822,555.1162705380209,974.5079819289457,331.3655601044775,48.250936449151126,557.0714870337968,855.647143806625,722.5207316768589,415.6014110456395,598.5394957171249,353.3612474742525,1
654.7436072790176,360.88249390534344,355.1358324769185,775.6990448111404,805.1882741817427,629.386818325863,376.85410761088735,405.4148847581052,82.95035564579811,853.1545991884391,852.324228659079,983.3151200218509,349.6809837206084,716.5205231513978,841.8056779914398,388.9645655489065,493.32638391785434,157.95327156280248,269.3191346506675,691.9496623021831,1
297.55753489354976,5.885074239877941,845.4456963970964,847.7943527311401,38.91714982631378,448.2283100415927,72.7492353748479,738.1883374913397,242.10056728371555,756.8279652847272,449.9882440312876,795.3785821916705,597.6515043943231,598.618905347946,825.6352768642658,301.1980872455749,2.2148326549649155,197.92384757617654,762.2808233792408,887.4329579179426,1
593.4632678105559,901.8541553354256,346.01001487434246,209.10236934006642,859.3301116764483,950.0533858740199,839.0920447599511,530.1118758355296,740.8826198408906,262.5896796240745,370.4949761240195,640.9321140979437,684.9904889513083,289.287768952904,333.16316604000275,519.5399794881438,551.6306095717564,710.1003130909619,980.0175308606754,16.08510998020507,1
418.6008651832066,335.5729377577531,7.700109663434596,525.0977716459165,354.4660311202551,933.3749144284125,59.71724786135712,356.6755235021747,720.8983944210648,83.46820168972668,778.4839297088212,246.92691764174103,335.04655156984387,502.18189726358867,841.3699834102196,741.0233792300982,928.0793948405018,792.1630739035802,520.0021386045036,608.4985443388276,1
237.34545894356907,413.5819261597897,850.8597795688029,227.24520609753807,277.4655341966864,718.9599845558198,612.1418124737445,222.64423369155716,136.79703423218336,98.9564467651537,994.1252154166226,36.73506553926775,222.98869261840372,44.01620137187723,377.986793833312,364.444848299175,724.0337754385332,919.3043491818645,75.88875831511032,187.8369147082136,0
943.3035267013511,721.8763725183834,485.2230298447706,386.75262083161056,753.4541203039336,108.38338641478329,445.18696698134386,144.06446458655918,387.2790245278539,487.50315267367563,527.0745178798023,401.4450128892606,845.8678779649539,748.3796156002797,670.4242216886153,14.686830230193571,819.8206959507728,905.0120463808538,228.51981249115062,883.4844579085358,0
17.611457432284983,885.0866888793565,250.96629398158322,847.1266051778659,957.8473713600641,799.1782810863074,61.02911518769139,470.12524919166685,437.3321132044446,417.74024980125756,879.173791334252,491.07905965727684,675.9771508834289,61.63774574501923,297.50832786790636,424.8911576273745,688.7193097936658,49.033919420082064,88.77249564198341,286.66205403056546,1
70.34877919324967,791.3280059400817,976.440604657673,755.0974281231969,78.22902351578365,846.8841088251132,738.410508117754,928.299870866123,37.9923684890563,265.7912918808911,172.07876412241006,19.343090654359685,725.6549507469002,897.4637147033789,345.1206328025428,974.4189413657821,187.5962499268602,390.54458718227113,76.01484094709599,170.72264642855694,1
268.21201588649444,828.2263991539689,616.7099047812711,892.4021317138917,79.87342732088831,893.716725218801,96.10430029289729,526.3561136887698,576.6763745259603,420.5283866727892,417.52548700639557,183.34188000870088,978.5274742108819,678.8037915406437,98.52241455223265,263.982761691529,205.6863212262795,305.95184124533824,258.8225499255556,44.83795194609452,1
52.8546970582483,149.2063897934385,978.7350656394134,954.1772571854078,711.938424263242,923.4963774842562,905.6610633729887,832.3614649455424,807.843084772038,109.12814630659152,661.9892390036547,94.3986829854484,773.0472359758444,357.387763290148,589.5706258820336,798.7610910105802,279.3410536563672,290.8978109824475,12.484013237387126,89.41313913927051,1
146.64234796028143,138.97790564931424,788.347300016189,545.1561481597447,627.54561431872,56.83069214731684,321.72911397786584,701.5907515845807,681.3636176984993,617.8065562972574,100.83763580357552,884.9671909000372,99.26659722050412,455.14603124311105,653.2962467524395,221.00141968179344,810.7019800246984,429.3854818858991,659.4664454894499,746.295263886344,1
169.49052261281705,107.77928451064156,771.8628218847259,896.0404571297935,675.3195454219517,549.1972575138786,719.0411418077374,325.1224927640404,886.3465985090342,309.7011432379275,637.7594355447914,359.7784723156802,156.63841587628136,951.3080752979732,374.491547182227,101.82077238284893,463.9185760829733,203.09504798196855,505.66855280290633,64.95001582287784,1
544.2310864797821,756.0278554337026,467.30498388485165,478.51879665182094,114.43583328362583,880.5141640194735,4.295499752695386,719.5863489909675,202.6807623340059,466.0806915572989,322.4467445420969,886.7909315618609,767.5459036415754,568.6133887187365,437.2709938898085,885.3665961837487,729.7699646604025,387.68779152257207,924.4712847478994,638.3895768921831,1
828.4324256968009,544.1618232019927,7.896769700702411,173.6843958395311,99.59197910286565,785.4202761819494,535.5846129777339,842.5291930076164,698.3704746473431,683.0700814288007,819.4736287261915,398.26596405016403,703.255932514138,620.842488329004,971.9121425659401,532.4405118009803,799.1697050005824,594.7162217567018,405.08596650816344,219.1647067892958,1
65.14536574623409,161.9508211778934,945.1522982080273,641.1376119523994,718.1135978114654,731.180726236088,482.4645920896102,182.21823418442284,430.22890777637514,557.0198077907233,277.032819480294,803.0087983639999,936.8483972884708,353.7570666068336,107.82798532020222,965.0046550078184,99.73847460194362,7.066798847768174,987.2296881728189,309.41703678599816,1
576.3559205075132,745.3633118596856,100.49342545087858,90.39315345387067,582.8547882194736,656.5278217154713,739.2682596720391,567.5920740473766,123.39804299391011,982.8111742729309,554.1775375948899,727.2722919796995,15.773168352032684,232.6432069447276,558.2364386926075,404.53359268534473,461.06699974180145,446.3953535700795,252.01303622666072,244.41442464324493,1
610.7814004551963,620.2529784306575,704.5240833524783,793.9777609050898,404.58423876522085,387.31641345830525,854.2034588465443,700.0148490356147,60.79349993697836,831.3366432045211,71.84283184208573,498.46953906530456,816.1164457107194,872.0467428578959,62.368898205261814,593.9619981723744,913.3469392846531,498.26915041263885,407.3672084853321,540.0387941921392,1
938.0621996865223,350.3222603285492,287.63368099456596,682.3875508498286,379.34804912731136,365.78099051240207,256.6511890649518,302.0648191010157,33.139832258613836,114.58333522874898,473.11326085715945,190.6647798310621,470.77235072739234,0.6829629458641184,102.46502023199145,103.63969405726137,895.6761340127252,57.88705048011189,272.3366440357102,797.8687654166887,1
656.4646755033154,403.9133782075456,219.06896552995548,31.335427962628447,283.94505813246286,226.44864073146366,967.529808882856,324.752258346384,251.97826115053246,589.8917609342157,159.26838586775017,894.2397254654626,90.9157191917227,398.6430500621682,925.7814616220451,102.73076182001573,590.8892683134799,427.843821381081,66.84832349869485,794.1205338045728,1
152.9834171978598,132.5425739752205,964.9215708565581,498.97435337387896,56.00032241902486,600.7741856270111,642.1907411502964,479.8057106718193,891.2606607977602,800.9262940238726,321.82524445551684,926.0762127498095,193.1585239814436,456.9123887960953,465.8527685833649,784.4565038465896,867.7220438452887,686.0877920864691,164.5621493827072,330.8436213394349,0
279.61123155384826,947.9980230927437,286.3500561869148,621.6364590823297,482.95574731798297,307.187486556889,389.7461453100496,29.317299940985976,373.2616626586862,249.43429033295828,497.1630224061985,693.8650151666402,177.23301858656671,78.89125500585514,634.8183198421394,112.70343773369451,245.2916528232152,570.0444552516818,939.791945915544,473.9818825812204,1
52.93109204650936,809.5017931660611,435.6031576210052,453.83390976246864,914.4792982033067,485.8064231864844,550.4395901797319,589.0691356623416,469.87582291076956,623.716014470505,217.7719087510982,590.3584878204825,766.9578604644918,498.8024727420864,9.349834086197717,465.4586263666843,318.123856219678,832.790594298058,907.2602493652278,652.1812232913966,0
640.8421140275481,373.3082742870677,595.1583309754169,798.5619298893263,576.8214672690245,976.9101014569517,931.1056995367003,251.12715176867928,576.0375221253756,627.7228691624396,318.91541309931995,967.4143531322875,268.9495705118554,650.9129423425298,647.8286365947565,818.3268638854064,448.265135644524,446.81760537430813,21.922926205970693,393.4605113617965,1
674.9523314289761,407.75400606160207,11.65261679974483,906.3267648801952,916.4246911272082,470.6072656199693,878.5150762482099,35.20847252456416,678.1051628367674,225.78723932038213,306.4935315519993,730.8561083329297,884.6245043433381,928.3074478154908,470.31941173329784,778.8101599722404,821.122053355601,742.3287441658234,667.2214413008244,377.7147722947123,1
919.5449128419156,119.99814566348188,538.2885730389426,390.27395852947467,146.3966929999424,208.3760035466923,474.645979369151,176.3994786902209,528.2190401685874,535.4409198688609,233.88138862737452,952.4985977631607,323.2889773964087,525.5447582355534,267.58134008913527,315.1406632993756,963.1116251719831,131.68675313584387,494.65495263304325,288.8884822673393,1
395.0629561343537,88.44422844669208,704.1081608470436,696.9745451576262,416.44195706772894,318.55511591947885,970.6988388758415,189.29989754868294,700.2941040703258,547.9533120304742,691.0142871332395,701.2836873752982,615.0656292256969,567.5306384673481,905.5243803752977,654.8855171778958,161.59863277314258,424.0776550406765,753.1352707856255,182.83453673551475,1
486.4787984137968,162.00756432576767,415.9782486037918,143.94007576883695,433.76484230022163,768.4100462425313,39.20809260887215,52.953978883129025,607.45006967199,371.44559823484633,977.3229011621286,558.0910538472713,659.9140686578661,359.89424354677504,340.5188162923358,315.50358584107687,314.6588220895843,689.8605389479667,668.7920712351407,208.14650122500612,1
617.3408794443056,230.19273284918862,935.3948137280568,168.43429275769518,155.07388112591724,942.5845945972935,558.4853598550733,724.4694620721915,731.8684444006782,977.1356412089618,425.70125811499395,880.6436683424487,537.7402665562756,760.4828840639835,639.695194394721,380.5139265450399,747.6300468852018,613.9071587658004,749.0762096160787,65.83463216707852,0
452.79739138675603,350.27988305536684,854.9298257852973,56.891895959809816,323.1248967253697,690.5480605349096,18.628543314168077,752.8200767875177,340.22239033489956,286.8100243951106,522.976066775141,949.5100061166768,430.82516899904,501.8864292402364,920.8760381619223,321.43068111236295,869.7033530157823,201.5030066673782,739.2116781380876,946.4456149191319,1
98.11060546758466,737.2111702982054,266.6694921731404,160.5804574260742,629.5841730826363,717.2654342981785,208.27382881814927,640.0081817808172,485.0211331153906,93.95307088895477,285.0396458279004,399.45397117072235,972.2466885312367,693.032169408226,98.3647658582325,148.3084355464642,335.3975714735895,210.04759143509898,939.2990849291343,728.7047054460442,1
640.3950858820974,191.3006858311166,531.0093226709319,307.6946288693089,116.61730848980089,812.4245356110351,331.1110233891653,133.99649877799857,230.80388942194375,944.5251529521045,993.286663010224,460.99523898669247,125.82525350368145,271.2389958020813,509.72235551542377,258.5072671532582,671.4708990325851,673.1999695202368,796.7412836362543,773.0239835218374,0
912.936564292445,846.5526778918949,819.5207417464767,668.4281721651904,160.39272694805794,729.0855095807929,811.0702593204884,606.518029395948,445.2639254557792,223.1032696722861,823.865250289644,797.413327284328,415.6772841639529,964.4841982057467,172.8781960232081,885.6674799958505,182.75856503583043,43.170760505513826,751.2510639648425,975.8096204409792,1
898.4738398203247,87.54041552845815,837.8473534833064,383.24388073604285,854.4898211284464,770.308639344203,724.1146187219803,268.99592708475575,258.6735055043324,654.2470115833048,312.77602823067565,157.7705664040454,873.3018647088234,280.8599260274758,914.3574321923015,185.7556778580256,553.8639133621691,605.6652862199318,366.18944831645973,144.30073049082026,0
249.19308319265775,188.70507009577952,302.7528082682037,120.66383454986385,114.7086038361641,3.865041834353433,473.01576554724886,37.48500275178224,668.5706693214759,491.127558509548,823.612435676065,517.4500023706445,472.6065686779726,562.5885025601451,967.5932510104445,941.9374071969094,144.32406284943355,898.4417154389585,825.4252300734606,904.6806647110822,0
471.42414853653537,949.2927583281551,341.68938358700893,583.3954338322183,195.43379189531805,58.766331245616364,534.2149831122874,64.29744040776941,576.6719914618611,291.7193389047579,497.1538037403566,621.7420253113705,346.0408802202305,742.4568578454192,782.5223169732963,645.0490770708097,736.4461695752851,836.1232796243746,924.5508328947401,334.1718171667591,0
474.2088191617847,393.0276209226047,779.4950999999134,879.019975035809,389.67557553614773,785.2893270333802,566.0089327158494,610.9981793868482,176.43927229880373,738.4922835379042,718.2100037866736,210.03100039988365,479.13651008060975,191.42571442195432,985.8456520930803,578.8345121871539,832.6537782961243,433.71743401984753,19.30255211208598,740.7326024695667,1
674.5214903648173,980.9155575006926,627.9240009038854,430.90127183803884,995.4322770199807,147.14125138795308,612.8410235896737,626.6389807489657,632.4294760023934,131.22481397913876,647.878928954895,821.280806966121,18.903099814936763,586.5623680340733,934.9221107769783,853.8829779368275,991.5060333835222,919.1428727353107,843.4473785355933,960.1837691415657,0
343.9594859403724,168.90378460626198,666.6988175848571,739.7147627987822,240.24331440897328,440.6557997518097,260.99363442775257,195.81644468790572,517.601969047046,495.8985098902405,594.0189431891497,803.0457768763509,963.4721025147644,327.79166376282956,17.756880809913444,740.0653826387851,891.279610354071,720.664661763323,626.9442415551877,419.47457588520143,0
912.2600966443115,137.82296033111663,81.66109405825239,806.5381180226691,457.2836947651794,277.15466635824725,249.50081670264746,708.942357886739,424.536794714337,383.2498836452,2.874233820319705,887.9845822206594,474.86337563611414,28.596833296652523,538.0652766096075,602.1323153399477,652.0213171843911,790.8523325944304,831.5657177871391,283.5409379663363,1
414.60123712746946,873.500248538443,759.56953156081,674.9015799856841,471.8284996760962,421.0078105223545,405.98477516519495,494.0980503837884,819.3570042970722,525.5348515330738,249.45728117390254,419.04118666501586,731.5436338256739,444.1985224237276,181.41818775193053,175.70795718226086,914.0172368043415,574.7143074414505,394.96809593133753,79.70299617901676,0
691.3264535089633,849.4950226577089,383.3343757641242,732.6634082523332,882.9694922749878,990.8472591412248,121.28519050701492,133.1548790420304,0.48024341054864195,316.2716932756384,646.0574761256955,20.110472677449586,569.6187412776777,546.3728575674392,494.1641121020168,727.6106488836912,602.0712598495649,545.397829555794,457.21428700322764,127.81103869004018,1
829.3381523588034,251.7341600306887,47.38142793360278,899.0045305517426,764.645627608235,956.4587439222147,869.193454037022,805.6497710760416,840.3154042088362,711.7205014763849,132.4098369355642,748.23705707629,999.979148477846,127.18080751468008,626.7117598264358,581.7206079094117,14.436244505204865,589.4979162525589,447.58081902405587,752.9219019905262,1
393.84294164787946,823.7652351234177,401.6270639871414,20.256251308936378,59.04295889713207,398.681495828459,959.4209286966825,95.32508057131417,549.255290400892,436.178799618132,544.8387408992849,665.3653238347738,632.631748317521,374.28564626029805,685.7159328228516,559.3679854806144,986.966451248244,458.1417068868797,141.96433493347214,592.4247375961183,1
986.0828194964255,793.0380893782399,113.02647051711124,355.9934674159344,110.42213619071417,388.3145166001565,817.4627021904141,375.14743156517363,99.12241655258424,714.1117979989011,761.7692118820411,646.3386854493822,181.52683953783333,327.8555183752274,556.0296270514727,287.6894360387612,350.7878975158357,521.7096790393148,854.27621472247,887.0529184316142,1
633.285476882456,580.891975986108,622.8150820655974,549.0278318951113,24.391897629289616,26.469134596020293,215.8367037104657,472.31238412394714,237.25495669995865,856.6557000856083,74.64043430099576,746.2614913660682,473.58193838499153,431.954483877193,544.5490680472294,45.2799720469943,114.72967329165672,951.8945710856824,733.4232029476738,645.57680592861,0
765.2255539323189,884.3052368035762,123.12607016339827,412.8220678712511,818.7289530559473,117.73316365615871,209.0707089479843,269.7160129423335,464.68108142437137,968.4547026139776,436.3546282694902,748.1272276499074,80.03439030994298,887.0123091962298,294.1435254519016,200.15624463432047,526.6466625527377,724.2910364755711,660.6303969992734,197.30596361975105,1
322.804765660373,197.58621931873245,900.0408637815174,262.98708744801434,667.2046006031863,314.8923174672703,26.928997106556942,967.7567510577021,132.9641075241077,319.8086067808643,943.6003954474371,836.5279990578751,912.0310997407628,551.6336877567896,442.89629725849244,583.7673608544974,84.7101709665844,931.1554293501855,982.4994218892755,927.1636806229974,0
35.71243763210774,469.7799145114788,847.6874594224445,973.553077897377,738.8499490174066,665.8485471280995,817.7216511050476,496.9586542295766,750.7517775408851,531.405909297129,702.8038123046572,431.08100136516504,478.0206913316779,460.2368616546134,192.2821965642989,80.09766069265511,981.6338357283388,766.1056430323667,788.6634949963816,660.4264525211464,0
393.87408494910983,229.23651531802312,802.5273757466801,55.19280312653696,100.70021979433186,666.2893528293154,313.4654286500493,696.3154752324186,629.6357691077953,610.4077366716818,133.9356481227051,626.2530250465694,115.11417432554715,394.04713669201044,402.71481752145957,457.384047642025,438.19153533419865,695.3157830223425,206.68515445761238,332.85811079479976,0
271.0818878318758,64.56848863370901,521.2126039919598,452.0811618795059,884.689945093158,90.01798156417328,836.2260894940955,868.7668272479026,756.6456983019406,935.2921499250014,457.64977993108425,225.69930238508528,59.23176418368592,976.1214176764869,749.4944320962837,417.00686078044913,581.6574373204052,92.94221218075526,179.88136748324834,206.70505485528557,1
260.95670632681475,447.4525102951368,920.045273101974,625.8607386544867,805.7673793838419,822.0898218349444,875.3623027320629,240.74636380931537,877.4475830580333,180.586557597201,667.429934984197,827.8047876062549,214.82881158637502,565.5422748537545,493.7236518253343,390.4248876351093,546.9838281559363,995.2779700923877,99.83999260653398,564.3680323108637,0
507.9849733089914,456.31494379659654,821.9452518217023,780.8324684046611,603.1276168767923,587.689255542412,165.84126601528948,934.5198616783608,749.4609066302966,623.6086592604369,997.6169311016656,141.31131486417647,202.32674822806308,734.2289960911855,168.78817111272082,399.0386086890263,607.6589294948366,60.28635294571749,686.0047574820245,40.38562729851891,1
375.0716155226801,329.22901609927214,16.70392171854118,198.01444759733621,911.4048197371933,551.9583599721007,457.20189535102685,553.7198971633884,646.5021478558756,189.786900129429,905.4212017783715,249.38667726645957,311.0414900779005,710.9885843813988,391.1335189062415,121.22050251124905,980.9515565724353,82.12618021426321,900.1224340096755,724.3854792968276,1
306.6071764379369,846.5652432451615,567.7559683465039,961.1539394602195,592.412535355604,613.882061340239,390.52928526903986,911.2311125911348,539.5616769183302,442.0043809900821,336.9552252437772,305.93407687128104,763.5014193349389,596.8898317049452,63.501999885009596,321.5097277882373,731.4302696827208,121.12688201274979,907.7121062129778,716.4883656451589,1
219.8576081941709,978.59785907664,595.295604820147,359.20889265158974,987.9771196828817,991.3375916666054,957.770527489773,244.08229448184494,338.8980274639505,176.72512089223736,887.0698635553699,649.972486561535,130.82993564449208,61.94446317793367,215.204303043802,461.60417305851774,191.52948718704943,896.8996428542359,504.8281398266916,934.5699854891425,0
116.69947054158014,795.5570724682547,840.501427025019,627.0108911733226,892.1555913197922,764.2636436706626,929.0019206260829,763.8088171185395,570.5532035571952,65.83320816206361,362.2488472879021,439.8091577174087,59.38424644847806,427.4656131605672,292.3055262952111,342.4554182006743,65.82980804193261,617.9128250939219,336.8621527289886,580.0185475483819,1
102.15069454715342,892.2114744990199,340.9172693354648,821.1133059581051,112.68822858235572,775.9867215921338,883.1283556540182,507.5901172360048,206.26610973249703,766.2916563884543,84.02024804977215,215.4427144953216,117.85071791308444,740.3651839144436,468.5152048153357,303.86696325261096,795.7853248636654,960.2776327476826,696.4292530178909,567.4992982228772,0
1.1139962561331762,452.5447972661992,414.453938433049,682.4401232762738,357.33566932151814,411.7092163366268,37.622562099250636,60.684560111980424,256.16709638732596,414.5397914619229,496.80367052371435,708.3478211438962,910.7380001302153,907.3694556607896,674.058962223224,743.3788633934123,862.9770771661706,646.1419691168113,575.2454155209433,596.1472007194917,1
461.8343532060717,688.9073627446618,928.1542974245151,250.64630980923351,329.74984988272524,752.6399131341476,666.6930375990652,24.616782033109242,651.5367364355058,941.7902809439169,882.6293918560176,198.4189528297079,42.58136915116128,713.998272410975,576.6544577013279,19.808101679072877,113.31584943632845,414.60854803280125,393.0442347414107,637.53241518355,0
574.5162245769594,944.4665166063181,650.0483134407422,756.8878456744006,779.1293178708446,523.8644113086524,24.114052211040125,445.1168507404396,765.3446413992076,892.1399716710943,784.8027603116568,414.20037396235534,827.7953005139067,966.7640673850251,521.442370443019,573.1505793864445,296.9922049478795,302.3945881949202,587.8226594580727,26.030895769764474,1
718.1032817072403,197.31048402639917,770.1333565830773,161.44122489407752,852.7309366499051,493.58498653956593,649.115275316203,440.784469571047,786.1835142066504,138.0121295868888,132.36557480404286,174.17783677288912,400.55345739441907,94.47133196603174,248.88765327360485,796.6966273303362,144.1995734904481,892.2138878275728,884.4601497280682,726.2347601344798,0
312.25992065701456,495.64104695816957,850.4836155039363,923.4258208487695,696.7119967300142,296.9080122578314,699.7870550386701,901.9287613116165,272.6846036564293,824.6947720371791,651.567043687831,715.839381594335,766.2451319827456,113.62077461865661,382.3612289597812,21.862975534184926,471.5851556702656,836.9159728181957,631.5339530306129,402.9224406526871,0
622.2921465859872,531.454014871361,60.57498596366384,509.9518802081543,753.3329441633374,468.88099001326276,586.4971377763616,610.9627797975461,696.3574783725232,753.0899942799239,950.7119179403028,133.98376634833355,402.97904612524883,793.9349125877667,569.3884014597883,967.2373895958758,627.5486233016633,583.1908318328329,440.8403786467472,497.19577556413117,1
855.8189944572734,936.3882939065875,724.7270161912942,990.7084699158936,999.7187467952537,677.1967738199221,157.83170488283616,386.7357812391497,11.934674668893862,754.7750806410751,815.3280849903591,361.1635536690698,322.48639726623685,437.32738583161444,716.8756795320526,782.0973896061321,524.7708846987559,658.3200671638373,759.6868183572174,411.6693454284394,0
383.4691385941398,61.919936130089056,146.14680818146041,558.6387998274424,489.8319139771865,519.594436373691,621.0240980698712,322.9513298793744,667.7694576034512,769.2088760566241,688.6833546296331,525.3718415565992,744.5740589330303,363.7872030958518,598.8591724091967,754.9377927394994,836.9669499850532,198.52820426940943,54.2379289351268,99.40539801795556,1
693.928780242803,188.0180504979382,90.22402767466575,719.9677907886643,30.2933120638178,466.4314223024599,7.8908027516843005,375.2045573414441,585.406513655212,635.2325617480732,126.55896366425101,8.557985811877721,462.19581324856915,302.1971277454741,265.84089237225004,16.2397339240683,737.3713179549477,30.185206820451114,536.3268142258756,880.0897954749651,1
916.9069303160451,24.54951876790723,81.73229932435333,806.383132591473,418.4005576341279,918.0195515697849,829.3634162155499,316.5455359663477,869.331879818996,16.156187170212498,358.2137886056542,345.3394499047162,496.7011604560071,549.9754320698434,848.3819341672967,54.35610317565498,540.9594015545938,819.3354397453551,514.1550970045555,871.5213652824028,0
880.5135865952061,307.59852103162865,876.2435834356806,202.66954755327095,792.7375791074202,292.3574799061819,825.2895242850739,910.9689919914915,768.0198468792055,14.2722510543164,40.99447790857491,995.2925046363847,400.7159705318538,284.9203269678394,453.4311136635193,122.49732243064982,692.417188964989,760.6228587815465,916.4298233463953,366.0459971037718,0
147.48119239724232,335.87293547244803,286.9040770724766,375.63403143091614,876.0426841237571,915.1392974912555,311.6906806899082,9.109271337201076,995.5394160835606,897.1688918421166,774.1873282517658,291.3809137715221,581.6179515878189,280.69350636587933,869.8729633279305,658.1397823095464,173.68832028837267,379.1563459468927,96.16537231822042,473.59323985697444,1
644.5999704703363,886.9205334083147,37.93819836588042,309.5398889493017,681.7216123184314,425.67193029818793,362.63981950383084,240.0008405313383,311.66689683251815,190.36073050115365,863.0212711124158,928.238167313862,24.853146820847716,727.2283508550009,764.5700850052835,683.829492518016,801.4743872272,935.2689263753883,119.89679297548939,712.5937974023394,0
511.3146748305819,452.09608308260493,984.5784185288433,469.1433122557839,779.1725947074572,660.1632438110429,903.5077653035705,547.6086940313564,37.23774457660678,690.7498341090898,681.2994460842853,250.48292982090004,657.3935838686577,93.90305034034586,987.5691467260921,543.5967582066271,574.985003887219,709.0651412801461,60.40753296938384,353.2491534956475,0
603.0477520269849,193.92270344031994,704.3898080981271,249.9286030789215,193.76805771006067,20.07931618093284,122.1772858873329,772.9497145487719,212.6995579029619,801.0269439273542,931.7414479900772,962.6471984818,280.9808004238938,954.3606737868007,672.9975136316039,60.780575461723885,13.128219520335493,988.5092923813799,976.2219766028365,319.5682358667653,0
811.7505628781214,459.8602031511977,228.17468895537752,786.4124894756263,65.11670877059895,812.4413506492328,547.3487437720707,735.2182165037889,622.8585318806153,902.4862448700228,624.7273705854692,736.9628523169145,552.0336457805643,824.6895322722866,923.5551028036655,410.65405961842396,849.5830017747263,52.27903231301578,937.3480495148985,969.5088575234919,1
353.9253329870781,409.4021846209306,820.7657110048384,129.81334297223546,651.0730447016899,994.7089493993294,732.2521545672439,763.6428380886107,767.2991652541273,506.4739884100211,739.7417963414066,735.8440636722903,47.818823635398914,716.8472171965185,197.96965975300475,955.8325653443808,516.2280480641084,670.0184778365028,342.4626311626674,650.3713253913749,0
607.031377708111,215.28490623747666,890.438156651555,202.40493010822513,83.23266629857507,735.0428975602007,83.31155587801852,914.9974447207868,667.5275507717926,107.44587332955969,993.838540523765,58.626519745054836,358.5191036631984,138.5152004619129,74.47823639840479,514.46752942404,798.4424671436417,272.73217318109664,611.1196822956558,850.9577327056186,1
988.1268630211948,901.5774089237547,704.3526864454542,506.0852486297871,708.4349847704049,172.36346123942204,488.03598939398654,781.9840739177395,253.9340318714647,39.661039502747684,517.8017709190584,514.7874180003812,230.8953568804092,927.6353021207556,709.8868729755844,93.84902030987219,240.892132019083,534.9217790168208,508.2221989862169,521.0193810067792,0
438.0488519310824,471.99715451987777,610.4644627825651,222.4155524758321,863.5507755747909,42.60430525342007,586.80224227301,825.4287010494638,965.979289746181,564.6195491467834,227.0681033362193,460.75821917868245,524.3729443540217,272.3098430571218,235.57881064213692,210.36935875831242,994.0797094688429,577.3428818802581,282.1816392454799,865.3984313217547,1
480.4957342640241,500.8979582100864,827.1423464878351,351.5659408355325,988.5608817621064,135.36851918543437,222.02988738177953,29.677746888116864,806.6130822075107,865.9815104969003,962.4855514244114,635.0138890521572,294.0947036019477,683.5841585631185,767.6771673067599,912.1009693832344,734.6551680021133,549.9293248839421,864.7841786048936,10.702870558965017,0
255.44049732870144,290.5065907620075,428.5046267419931,649.0751750257849,75.89903163631439,546.9892791728313,785.208334059222,329.91295062034254,932.7415462049391,74.67658149753098,917.627578997258,418.91303131346535,670.3759440263811,455.8370837989244,943.6696560066764,577.1757391160852,255.26482247408632,149.68498623791737,531.0236375204141,665.8776997777464,1
842.504764477069,465.1593219642155,717.7682540181662,992.3085301932016,903.858113352782,424.1679818393072,607.7426670100593,58.90461770221045,191.0386207670174,818.5876218762573,695.7102231621718,428.41084021960273,358.01428879674756,636.3172830332494,498.9567092962588,657.6489944524346,160.35434337576183,433.4837420977652,783.4216830415859,674.3535036574019,1
34.02363909734096,295.27026579244466,944.5735942818283,483.3896512624544,539.5649415382835,231.8503379685992,252.69002182839162,106.1078768576178,806.9906401995631,703.270231394762,832.5849762030829,529.6705137565757,734.4886786863475,568.3360242310379,38.130847118933886,232.92169604294898,791.7608078900768,528.3475135020395,676.13192631108,243.77274335705812,0
888.0566956669137,964.8805832515102,85.45579268580371,348.7371773073592,493.56070345935234,489.97154426214576,328.4033133101524,772.0247377063656,716.2894355962702,673.6481821672436,132.17384187220216,215.02929178147124,918.3622945607352,294.93120785643544,811.2797621764344,174.2815750793114,601.6076767295435,455.14272060164217,678.5996871191786,973.1704431843015,1
222.92605864926918,632.0692755997136,879.3369200751634,720.2177940352673,235.35353560664018,543.2650162975496,176.30226673115544,964.24376557819,919.4219406228117,381.8503970086743,586.6867847915729,706.215870172558,434.4953802761846,658.0436811359265,911.3233517431615,652.8384730259763,455.4443076717668,632.9368871517688,627.0188506710585,96.45828013308366,0
134.69600416359594,794.2018130140956,397.36437243695246,89.53016683589232,331.7914816194304,516.1021026191222,657.7886645911643,445.44533676712405,240.7894294661025,732.8279260886391,335.9736511336923,611.8434117157461,476.217777615496,43.12307618449929,227.71480239745966,996.5076910892832,656.2133773529904,182.9088330018136,806.164619947818,177.3927242860186,1
334.9554511462266,215.5182547487341,439.2054551975787,620.8643594707629,540.063184435005,210.99319718390652,788.7642084364062,223.13806946834902,653.2549966250755,927.0720407387978,988.1721341032224,431.5296665927432,542.2883232996819,151.0691521525408,547.4466223766514,846.0695921506393,827.3265301153701,660.9245168954667,547.852197615274,206.90726983493568,1
584.9769257711816,177.80734086262774,527.4215580583146,107.99453268010228,568.0664440628806,170.21476355079125,574.9803448360146,829.1349874346508,197.443101220531,974.4467335259058,130.44814134958648,935.5021441226099,197.81281235367354,811.4566752507326,563.2930793252502,414.03017372966946,547.483437839079,803.1017847835432,449.71152564579654,292.8529876620812,0
162.9024437911354,111.3674156887603,734.2544544422523,489.94071784535544,178.7250828923399,961.94935174033,396.38208259177355,409.37439588257007,603.3234573103866,137.44496961885488,230.32186723130076,451.16249064611816,694.6596824724137,239.40922424365897,963.2114998241458,215.96024922460765,982.3583548057869,14.795421074969894,548.1011115441231,838.5519070435707,1
310.4058355079302,749.24648395904,351.1881343610895,351.19949124034,335.81000965208216,562.9501541768316,833.653321390815,295.2944564546062,412.9335409692385,955.3119773312586,283.0234887561368,780.6328375365067,462.81634867354506,815.2563520920581,692.2120379135126,628.6046069586938,138.13654489652882,723.4937673590609,88.852627593076,507.71959158972925,1
946.0384376018814,789.8642610618219,662.8343179508661,64.09726605203836,957.2834471628048,526.6131780187167,913.9918002017993,802.3557473897072,846.5874551100347,163.29285647822456,570.7872795646039,163.07435328547592,210.30991412634825,182.30554885283158,314.006356479774,419.46460775032546,868.3083654246541,171.42551786549353,747.4074977562259,886.1616010487783,1
895.3385861437899,949.2667231256094,649.622055319671,403.14276559595754,967.7913148390287,145.15956159950005,890.4550752144462,911.6209840065773,182.4063435957318,692.2727920041775,652.9961163455235,796.9847623983004,246.51812188539412,362.21564094194804,622.3439587647387,368.88084187161763,878.4374607719087,498.09544245787293,809.8347415168054,510.4644759075565,0
596.6515374730665,230.27968221273343,377.7572448340968,263.4829389880841,398.1119612682116,598.9806798315528,685.0010633782417,861.7660409471374,988.3571306474445,258.7371121585695,499.3026259808059,156.70631389738963,775.3508118368704,171.76995091621905,157.9251721487933,236.766700360861,928.231490468133,240.473513439713,966.7337335544792,172.87405275464073,1
947.4807303499607,996.5551805491332,72.32539684824634,564.0595896515763,387.07661866770684,930.1813381365159,176.75030266355995,753.62504128616,664.3041503614731,543.1334539473398,154.05999935211278,846.9219239490571,208.78955574811974,280.79150990562385,161.50665551789066,586.3428843563128,690.1146170159069,158.44218498164363,950.0565026238971,676.6418164030846,1
502.96226561935066,538.5738067265231,702.1678011155757,120.8757150097589,84.81442840827158,345.0891164223808,199.91414092088223,505.03255500491105,322.4885132335287,402.79591885329415,908.4681519885357,716.8676691132337,844.2402004615877,587.9759524492006,644.4424370593982,222.70153652591762,471.9669185450629,534.5274049001721,973.9257826779434,340.2033788815496,1
569.2057721918721,67.83649781840528,46.0371054409594,641.0991530436756,521.4972072062936,792.320343930534,787.2121057430204,832.5852984541503,447.0386426198906,490.2991352532473,307.67855620894215,163.9015425288767,305.96862666199866,819.8873987430446,487.566513896721,800.9612756421238,980.4498008792186,454.8627749754238,370.24029569941985,733.8968082895224,1
445.31650482663133,647.6725744876289,498.2303096001812,263.12379147078946,248.21278530178935,799.5018412907165,109.56842968338975,762.8813195340864,905.1168401667984,620.0965849584817,892.4424215192973,438.2826031419811,932.2046050894375,476.7185905632214,38.46689667962788,713.8450804831874,282.3199061341769,537.3404710409471,453.9609765355286,296.1033690128468,1
486.6368048208254,376.8450373433144,806.6477227665883,257.41819022789434,852.7911811346418,860.7786129960377,248.74775097608472,622.46623121247,345.6365657651591,374.4860069444186,279.48351142703666,349.9580223018468,181.49339806313446,836.064487033273,427.21089293523517,983.848523946055,811.013443789358,17.09884753619617,778.3389517408945,729.4459332194868,1
117.71922181732918,150.30133637527564,348.9279169648658,398.2818906397142,747.7030349749674,364.4452101710544,48.239064919565976,356.27574111056225,320.8127003502107,592.995943998305,358.3913100900792,615.5742096247671,57.37080217278867,278.4436109177941,476.91282061620166,181.28455969436362,493.9125331988198,125.19462062532682,276.4197025568411,712.7675597346696,1
510.3882381829932,764.4202359783371,727.206336182201,833.2257066069307,892.1340725194464,357.8033902639564,310.4695178840364,789.2892071874622,815.0777106116884,2.4705845040730035,20.878929311346937,819.6627497302594,690.6531647173346,774.300115773868,871.8029590278992,979.1659028020063,749.4032012171076,556.1414883615377,720.2531450911381,135.24393355940822,1
948.996332669106,826.4790938924762,379.6370754523075,96.30558832855063,401.54724850236676,650.2089535254163,885.7084059034127,639.3013174572301,652.6661247295172,745.3044941192089,974.1188980783309,732.1461082729282,609.1172113500844,63.71070800771628,504.7351792799765,628.8060614000523,457.60054074413813,254.75171998920655,273.78577571290197,770.0271780950306,1
724.1464038779837,144.24465550103716,95.96434561271738,271.60947698174095,622.9632558172658,116.43561254324742,759.9155478528626,553.7491328535457,239.76174076198765,531.4888425403227,764.7551027103351,372.4307934420369,66.9335807544974,719.651743076091,133.19602281108877,852.8257265739898,282.2555327735817,936.7293082749776,34.329583395165116,929.959531438857,0
945.8269402063454,560.9370757571231,590.3846674283909,396.2005319082866,294.7551362197468,632.5115551775428,945.6251984463503,569.9750917801009,578.5333523882829,398.56637927112246,875.7176010465091,326.33692737224993,295.1418262666361,573.7188208773567,531.3475148292998,353.76865093015317,586.0096401881746,412.92239314579325,289.43806792933134,934.0511842554421,1
941.3286842164096,512.9366367245631,592.3687407821575,951.8011590132426,834.0591281221583,968.2402537125458,240.75476578287436,890.2780252482966,251.78971525279746,143.12966665467007,469.41811764611975,306.49145263040157,559.6578303398651,984.9327259152644,1.0474407162371913,940.4694566717069,512.6099519522221,238.98799253109038,389.19388712370574,335.9050725968681,1
842.5937345916158,162.68768025024295,562.7174047523101,542.9812471258703,498.4560633848889,946.8113268324573,519.0814812586565,807.6312143528827,917.2684276410338,961.0713032709937,75.88287132636961,863.0924118938192,820.2946300808378,411.2231915089242,199.4854544376149,722.337141761499,91.87761608830847,157.57830118318006,250.73651672139974,132.68265264065326,1
17.96778361456475,337.2532105660103,792.5346099627907,853.9990068423732,667.2491131835773,322.82122295998926,542.8411351927085,879.0701829257001,484.76425825614143,151.9081410327474,68.78476335508698,671.4629511314162,164.10938238759576,939.1766826801625,445.63821480939527,282.22080968006156,175.96877297576685,371.29561099901764,896.8515187050745,222.8359341007906,1
370.9788945015777,185.4147454844388,157.95952749584052,382.9033306816292,301.7781886456854,317.0082800483557,237.66416953023017,39.40859826902121,170.87122354828722,993.4631916179801,608.5103176907387,499.3214581949369,634.7924675559622,555.1109870763593,294.06265423393006,880.1537153609096,956.5890681721673,23.664257365520246,8.082545436576382,765.7576649318753,1
292.6864810697126,713.8996379977689,636.9614882396224,439.12048105155776,133.51134108481776,671.8142742134153,397.4832828153853,378.10751031064507,369.1408079197398,927.3888184115793,169.88048342947948,476.38325605492673,457.49115614551704,62.67514700969834,245.4539585059209,181.80465612814257,690.7173334472084,621.7999370139379,763.1744851242712,716.0882043793897,0
903.2628635231241,113.75742724662219,400.84040249461907,671.3526382440267,781.6059143488884,945.8311066912639,662.3531311042904,282.8644224105579,543.2936929629448,639.398419904287,161.87095651130068,478.78680605531366,328.1634477134229,709.3373420158299,464.8684529533157,844.4211902840309,659.8105278685543,14.639348327317725,540.3963100787455,79.93414904615503,1
483.88313834965714,62.268718270789506,4.438811641315432,763.079719778546,940.216467742629,634.9051558226997,909.3458117693136,949.5699552908761,423.8878101112593,933.5060422938956,214.30640617659424,635.427807675019,350.80544827786287,237.46774894396262,841.6443538991686,908.0687476284573,567.6162444550637,189.33394798624016,685.7906358251493,780.7998371996991,1
650.4832352688601,205.71069018574616,661.628135536549,70.17110677359872,388.80857730877193,605.8942399825755,186.71158252266486,379.2249547226686,430.96693812891493,455.3214137605784,49.69170902697451,974.9064506951297,820.4777181267687,994.324790161482,426.7075020442025,950.3718701559139,599.2137642316703,31.259296695908656,966.0376224710134,287.81555997174115,1
8.2004719516795,490.39860957205707,226.63088531120678,53.19575401054044,781.5165881376612,951.7992416039974,985.7674600644397,677.359300396021,679.7164678781102,828.8045416735863,644.4251977345889,734.5618644167902,774.2127059076076,988.2683842276172,985.0372138462628,222.56391073567838,880.0845517499913,690.7770897728478,747.6667700339389,66.88160734905057,1
811.5580322202877,258.7429226221474,392.230046265294,716.4609782082188,673.1249355464961,606.2093875591654,248.74166739929726,898.6579233509885,494.15783802751565,899.5154188378889,947.925843563612,251.76034829851267,388.43692033525514,698.5104760418935,774.6177478431883,656.8530705294684,327.39077016849495,601.1745765726259,995.1261145719558,367.78613733735443,0
67.20015510403299,798.5306917250035,792.527351179781,953.8608078599182,365.2604797254183,53.9724592767733,651.3369406385146,431.15183444643935,758.2318577565065,143.2653690493224,301.64494549108565,7.92937024820406,983.0196068699755,194.20036595248703,76.31766860936528,144.2250790813454,212.47462874187795,19.612159761306145,950.0698612731522,54.433338493831144,1
46.91643997119333,82.72830058869374,451.9262968241582,447.02781374881584,707.3927977952925,847.1406572356904,38.07325320509458,618.5917256088874,165.64327083402196,105.2555689654986,271.54979689038447,925.8043428167491,412.9138286610471,269.0521419817007,604.7299313644086,54.07565893003707,201.85625047752055,274.81251847653687,168.49608147198037,172.58282530591885,1
486.6165957295616,129.81860927976996,452.5033855000802,423.29230395589354,128.05677435739238,425.9485635589947,30.46493130346284,210.08025581278844,674.0583280917758,766.0708185862923,973.6315044764902,221.89426086952224,304.7094141893083,91.48676587090976,370.9714325484118,595.2345582240001,914.6105287274828,73.02152356014969,842.0463259734018,777.9299052075736,1
122.39689542268495,470.97393451534964,389.5331613297998,979.9865919671473,344.1385477247837,451.6852954481624,661.8247929942394,434.28835428368563,102.22602692217386,431.49275873946624,199.14466889810058,494.8458122644093,948.5691139693554,438.5734133292991,761.7576318488857,77.5227531451993,774.5719094780637,671.7442166205677,278.8581931267922,533.4866087011446,1
305.3402270166875,596.2871583489975,190.40989634701623,51.91003511093029,460.1088705526919,923.3341869259439,366.3244424027225,141.60597560562272,804.773170918719,675.1778575028454,29.633459997966405,579.1675210058405,524.3453321621347,924.5148129812227,200.5472474771044,104.40699663846742,276.2323040632312,826.5078110897302,121.40343329304082,930.4880318990322,1
715.2906487509904,28.209665304172905,956.0759319383274,884.3843987279649,470.305017409033,919.6286149432664,74.226313665546,153.2437630036706,378.8498789254021,299.10868390842404,793.4003375616783,880.1536844532415,818.2881187801818,338.23707711533115,459.24284195522426,493.4844479379245,737.0361003324184,371.9858939065458,309.204049516719,939.9061945464763,1
868.0314851977769,266.0039064785601,50.33333419819619,798.7896823932372,135.12950415986646,226.05897133963114,292.2794703092938,880.4950631398297,82.4160269607771,850.0037633975795,954.4486442799199,687.5054948272784,506.64624764961087,451.7683940315318,118.05530164183709,118.37623633594629,978.6375951063627,920.4804912257398,245.8323284631253,98.73905860978138,0
321.18833195918774,488.0919195988404,983.079973150419,6.180856874127838,151.1092135855807,940.6733281258774,513.0371187279814,104.93301473635196,723.5419670520524,568.0178938799887,595.8970832372074,679.0473583479712,456.0511926335582,831.3125434907575,173.85654611344194,993.1145258142147,102.02532361071759,873.0280772071367,510.0775166262429,316.13675733606493,0
436.34214114531943,981.4724469855474,785.4403122051637,233.54871698819014,660.3696178440495,77.84181932445766,403.5413794861217,162.28656872207182,26.972619131283793,567.9431019969919,135.66457088628724,629.0149697194516,898.3095496117645,434.0824688038287,851.9562764399699,811.6121670820951,624.5339813362858,144.5409761801537,972.182421177199,756.902599497488,1
280.9072068557551,609.1207087715047,79.90837113011528,442.9523375135921,305.61215389301424,222.33154816236234,980.2624646396828,134.85160910146232,563.0712545340106,415.50466018501874,550.4331484547903,629.152925074855,340.6119700040113,335.3657919204682,822.1806205938205,839.5048458872545,104.34170419030741,541.0405659819794,425.5141740609585,178.13490235637798,1
262.9973620010564,971.9107769626148,350.9947954107363,658.0839913416632,122.80444201315433,196.4040567241896,157.8615753098014,682.4365265772558,753.7416558680521,957.9663790130023,986.3015868145903,844.9182932788275,310.9447553323148,14.813040118986208,905.5448828009289,278.18240296895846,597.8575256384588,672.5957095532673,404.83744791780293,463.4724713772873,1
697.3945147888662,459.73324990661314,182.41704092188272,483.58121410944244,748.9060131168243,643.0195394055096,418.612094371884,889.7724177980992,481.8066046022091,595.03810736619,285.3301143614396,169.29713769761022,898.6239896927198,604.913303044894,932.5551056185782,603.9799869703661,383.4718068802818,277.13283122429897,487.29715627681793,480.86644648527897,1
591.8925514213587,249.67042614591605,647.2566519961182,636.8462611881689,25.084325096480732,404.4819877877355,255.8504575851227,923.9288279496157,417.3213855483493,546.7253013765682,79.99051178315707,349.18510283658776,941.3051424694431,482.6337792858725,52.48002986792788,616.3431562794104,379.5338434405376,992.9070091921661,956.2906005163838,543.0015692822537,0
670.8459096220124,21.976453768600244,457.6119411135489,484.192401177294,257.65467296949043,509.20765184851626,500.5617676569151,526.46131115081,822.7241356916982,973.2109937514715,765.1955923828796,359.53329451089513,337.15734072210455,788.3701479520842,886.5916800275905,369.75885982245205,459.86585860932536,482.48387088377007,44.4777123801523,965.4577945119879,1
188.41568418432698,359.8552251909767,226.4874592330458,328.75243068073456,65.01741015143669,219.58757994191402,848.5516149526387,560.0910458241946,246.39816715653873,331.8609332729465,902.2922885421485,218.62864943776316,917.7419443207923,978.4600880039475,535.0099888819268,363.64783662388635,584.7622609443862,809.7037022322393,489.05981385917283,327.60345261741975,1
713.5034520442063,714.2172738517794,315.24008508316706,200.94620954618335,745.723869126373,841.4456646688725,299.23169535662277,282.9574952992481,550.8790612890523,190.61451996716028,409.8975730049768,923.198341169724,578.2421812388525,806.259768082601,105.93607851303133,208.12430743025624,231.41650427370018,26.106133300045297,286.6357942902388,34.74014079047294,1
710.8108578158691,369.81299895331364,260.6704100487163,773.2185658694596,585.1534373680716,534.5712498893669,349.6812966357048,848.4463228331797,171.8770662545792,902.9300496427732,729.8726719371155,300.5033110392827,559.1569005959701,443.0473600797762,589.7612322999927,354.5144637501784,631.973272053608,734.0496786266066,938.1557118140714,162.02097862434596,0
251.4890432662954,795.0907132748911,253.8987501374812,913.6739302543707,243.97179660896705,57.59281886504586,18.868596295707697,85.31760073286354,732.9502702188037,219.41450956330698,983.8418103659977,254.29106849278094,376.20871643217646,569.8615280815259,491.05800194827873,726.8319543235618,599.9360251563313,173.95530806651772,391.537510359645,908.0944748328145,1
502.5175335522345,894.2916332885653,892.7009757140106,79.24376867538541,117.82333199018314,974.0847412387812,659.6843459784236,72.00393858969589,486.5348768117826,7.853832489909562,191.90778359443505,510.2263719893323,768.4430093557585,407.6454274436431,440.37732460198606,854.2866497260012,132.96052744619936,809.1809853039452,917.4813068455803,325.91752126843596,0
433.1068202551556,274.75291017731706,919.2339152083927,104.0554155117015,774.3233086236327,857.652830450149,177.73056622598205,391.61262124696896,84.88178749751808,357.2629014348896,163.16551855212913,913.3528782408781,813.1963988755421,310.91341659928105,270.40719819804457,402.9510725115578,667.1016362062114,372.3741961237017,79.3099605895654,81.37574184041362,1
678.4956631220882,863.130758713563,400.55990677368624,283.5305752792665,110.30579551448838,832.9308782543226,863.9071776747916,895.239707478273,473.49131765783704,264.1815801895443,54.11892052699041,904.3125208891688,598.0078528586678,49.318146871904055,168.38190855307022,731.4261274662773,433.44174565435577,170.0217923317767,949.4864675159841,619.324509443987,1
385.8265432886132,336.71464992229437,155.71778483205756,374.05502176823416,467.0598427685089,518.5093885790563,680.1801485213921,970.3195128354674,41.014739887087146,397.40077851865783,843.162520776609,249.8711720027481,583.3000092668824,162.39396041009357,373.8574273457671,343.9899054153013,105.83902130961064,310.9178569075882,636.7903830781748,387.20881661037185,1
592.2268272758209,606.8171428156234,933.7254344499667,218.5226831281013,844.7156591247586,820.3471822195495,666.9487098892687,348.8764008406563,841.4483873235581,803.1081385548707,574.5655176887307,980.1873123226968,27.396600083888444,132.6740830191656,788.5107263911093,995.5097855188404,479.16309646360247,485.23542242262386,860.8764846425927,385.9301723038004,0
329.57829218238055,415.2921899373904,417.56603381747357,730.3079393287755,527.7421303202295,691.1282789477058,730.7299384228063,105.48405418013895,239.97004304132207,341.09196958224896,944.1701709170783,325.0789057789889,674.3889741718774,671.6104047724453,680.1322553167173,642.4964990682811,183.29557522005447,932.9098294479265,801.2842834818424,931.4853319981185,0
531.1905052358665,440.4308471102242,543.3772234788333,267.2411975621851,573.3819854490171,141.39939706292392,215.41474519719716,111.6401427298107,691.509936332408,80.51198211692956,80.27976118665315,981.8651826849743,343.310058251346,986.1774168015298,547.8683623649548,952.7380868549195,718.8937285002064,965.0637193601906,697.919553312073,341.5626328701038,0
751.5691111082551,671.4494406519015,160.87990944224273,972.2874442775573,570.4561008929545,395.08456870738473,712.7646012363876,159.04499962324914,919.0793948994333,356.19502748034193,335.2919940281446,732.3654321101017,177.28311867485147,91.09510557403522,111.29931700285556,33.32805952899698,831.8472450161164,687.5113199301115,633.8281730787526,455.9893700692995,1
112.20166486048966,183.052930688953,837.8804167548191,201.72552941809664,300.88853423853055,437.20254380601443,749.4211457497801,907.5075950590042,119.98619966288426,96.59920140469336,995.7565092489299,790.1170784594308,972.8703606757828,89.68658815348407,604.8918380800096,342.55535606143184,781.2306783556252,651.4330963778326,30.837215715314393,747.5620788051277,1
837.2993985103597,741.6505413133802,730.4061619808506,17.450968148185808,959.16703617252,41.188318677498394,166.62520946162584,659.1027499851858,361.5856004492373,874.939715811981,325.82215282042716,84.36342208659298,887.9466755114961,834.6582859321362,933.2670076364723,941.1715229411458,677.3460524758264,784.4313293127283,604.7850959879466,386.1357233506195,0
105.56036309717554,774.5318806009602,588.6434394081112,776.1270230622123,354.2987059889658,424.3905839209107,642.1841502652572,522.7055451132132,733.4655179570099,405.2775455911798,170.38912174662713,299.050675453138,379.3303654498056,241.8768335193616,137.4292054235169,296.0113182626175,197.475883645319,607.593461800953,536.0966115965679,404.03567543443285,1
982.7202012249635,797.5820580732233,856.2418316561427,654.3463314588975,281.5621653903865,158.66227518734544,483.81845646413956,765.3456215860599,191.4704332460322,30.626762807502427,929.3734313839603,866.6449283560925,996.429406989119,616.4781275877854,990.4555430602784,756.2414145034949,410.2997634215307,602.622700623886,953.717958181789,776.3859414241449,0
691.7028816065463,115.08656150057817,33.55992879699687,681.4271828179998,864.8048665506519,703.1267522699949,426.43690830144953,46.79104965534009,276.35759878260444,435.6292846934432,253.54259082107467,974.4657005122821,236.76972210685076,726.619088607348,724.110357226571,391.33802601328625,142.5437692502842,99.74646058938008,555.3373310026474,221.62230249383896,1
900.1281298088776,338.5973148004107,509.9970836415869,308.1093877484097,719.1237918342164,521.5999093170454,712.9473932683916,338.4581845061998,466.3594207167104,538.1265683685788,627.8452665562627,252.17869253020285,739.5199239594039,577.4824544684108,941.6391713367748,106.48720428014369,837.2736614446691,0.1468096603828295,986.056663504176,263.53498238727127,1
927.8367960500985,527.6233591523211,287.3543202096905,236.2281952794195,611.4902011616336,504.1401809957516,892.163742939519,191.8780980474314,11.508627091405653,347.3375499633702,776.6479888848298,504.4614546477473,272.4377653689026,261.2213707065655,286.4004487635978,408.7685062165267,188.42131122364037,863.0263233409256,426.04336649266804,341.99473606385965,0
845.6085857013807,151.21741925934862,699.8520941021281,433.61645832684457,781.2017717083851,241.77179976638652,571.2016948175522,403.45183039981015,707.9079827913419,303.74890359252515,143.66746585782974,782.3994259567805,838.8679007782691,280.0704847917491,800.0681952619258,104.27907825775596,224.10883687992512,431.65192787020646,725.1948269305193,727.6937631448129,1
825.9570416956817,488.21961553437154,450.91719398280094,977.7081504060378,168.10277920563166,471.0059442290684,997.7373443274099,341.12414354558786,115.8630308330102,332.756729398059,319.77334597294504,781.4643441824912,287.67979862706017,334.26607527095774,30.965542822615433,7.3720472452838415,62.661833750024876,866.2585090812529,215.17052556446404,297.5459568536665,0
681.0795273457087,556.0032544200157,381.30912124546603,388.4982359084006,883.0143255143535,356.7564594108712,991.6559393407592,372.5108045284893,65.22655358727559,667.8200860568645,186.1408868686214,491.16468752828337,86.07608057879001,421.1722013704574,716.9423396629122,779.8439330519585,719.1432552161232,750.3553217973626,183.0855479108786,599.9839571405254,0
574.3453130077454,282.7549681992742,643.9737874159924,674.7456316395932,979.9777845393788,153.27363649875258,805.4974974910726,563.2887768434097,346.45491938555085,906.8871178054575,100.07263319757531,334.3710737256158,473.3902455022014,898.905746408083,210.36548965100698,472.7581121860271,906.1399613319064,126.95695712984411,657.7246576877016,632.4435618224453,1
511.5799281213238,909.5466689648324,116.00497111170394,872.14996726148,187.624165564932,446.9354043351632,927.7618185743904,826.9230925928225,148.35359222931353,872.713421279101,979.9867073777215,580.5426546827296,465.80106140468513,726.2789342742107,766.0330533643294,244.5274859579629,856.4776119274158,359.38591292651756,290.2494834307501,439.0919770155817,1
247.96480701425884,772.2288662279384,617.4272291184295,136.03647587372214,267.5594024722957,206.78921394797746,309.743307931947,791.5002264883578,57.32006227472153,944.9637879416756,595.8584061693198,128.89901374571545,643.4059196839853,34.30364574134526,658.771446454041,515.1080102355415,687.7133402909229,992.3571593563422,696.8472604029039,850.1156875419194,0
445.33032193015174,11.691433466942346,542.6196048629333,614.235121028195,303.7141322575081,399.47117281183864,653.8672860918324,740.6710333557721,655.979134245209,92.43343905344604,868.616911059684,627.6638013324045,444.773197098286,231.64626612278715,283.6674124037177,798.2569126665444,294.60188093618535,260.9006009524063,761.6051242851327,518.4580759802978,1
127.63679762275781,188.86534215710515,12.606467056075488,872.5092039977428,312.7562629024393,883.7930631744041,475.23694999996303,90.3863505072282,934.3286054884871,139.47709920561303,583.3597134159239,966.8961244252133,39.16860795754806,160.90845162289125,266.88071496254884,297.7055157889919,712.6941919976196,610.8808169389051,220.11079601454497,426.1059693480924,1
570.5434832696951,22.00030686571608,171.3553423660351,798.9834640494604,821.3140008786557,887.8651354557055,86.8154361403608,158.30289478605584,546.048718610437,114.86889128587185,124.16743802543884,398.241089786884,299.38033223987304,624.504846229635,341.01185396599897,205.35403054909895,76.11573866296072,933.7195024220712,219.6665124281576,577.3242329022593,0
290.29482499736645,613.2867851225957,427.77966042199864,182.53559166956467,275.5007493088293,17.10283128006662,97.25721833247259,631.6838839930025,39.748727641230495,696.1250081268663,774.0361867190858,381.8320303847246,147.63506083963108,837.4963137448993,450.082868436503,267.0219785617486,513.5660502339632,227.03087664778798,181.0119426334691,883.1047097411816,1
935.5772320358996,6.717833372834603,80.73717559038917,79.58549792023739,264.0088638098639,46.23399990812904,570.4410571708291,781.2280971504684,82.0803168902573,841.0518536716509,312.1204261598655,555.4531572529745,82.7286252578252,521.123168076509,466.70080090535737,275.142668121512,505.4185161408541,810.5757767586641,376.5819984079278,179.12998904900778,0
454.12010611873035,398.26642270447275,669.9661385692418,774.0512536827907,379.6607923142565,255.76974831759313,535.3360233102622,530.7993349429889,73.58387492441054,939.5315429738931,727.1772753020427,767.467725887872,717.4322384579959,647.9477471964024,615.1071739717214,350.1613708932071,455.81555996307833,267.8420781089652,383.22218945693464,68.3372886657162,1
379.95869198242826,1.4803383309048845,241.23464868338706,358.55724183120185,278.1327296795668,973.9385682665902,76.61122036358825,241.8286012170149,733.9959632241261,68.96960205054114,157.2681957962344,393.6983333441171,608.2273489963573,263.70143895434586,601.0299150811195,597.1650205376129,426.32843385499154,286.1579959341024,201.06332022750095,466.7869370772759,1
248.059044328257,39.13917244496445,434.88363197118605,799.8079595085021,913.4661282096318,465.32915291027786,617.4790160485503,42.97475980871768,96.0041762365884,384.2499593055384,401.67500322368,479.7493141643387,904.0727033274351,5.150207208439506,547.4476731203575,32.94475005540421,87.47428195483342,699.6380504865407,23.708441861436835,630.3698400103792,1
322.3766666103133,460.1975549809748,602.8282763879243,249.09227303192728,156.97837106400024,845.176896859449,379.57005984548687,800.6844479157812,568.671614539846,742.8489295165899,258.84498911330513,839.5999525900796,614.6295326536103,173.8520119924629,712.7240879676618,199.9161722251932,471.07467191483533,412.0556705142332,328.94286122066904,827.0024975680402,1
283.01843638635313,407.0304875838361,813.0962231038106,442.1921573297307,637.3398301503066,466.61316530099504,521.7611702485021,159.944713593851,812.3861186974027,689.0389107387937,576.1291068603097,263.61505712549905,478.6250691512314,217.00498940909497,242.8744209363962,9.327691789627446,854.1175487834994,967.8622858904462,967.0070615539987,348.6657565031265,0
831.7363197904988,296.3440283191132,940.2587060000544,915.6873825781935,298.3188759293861,655.0024245635125,692.877312842996,21.066680829193718,772.5163863515206,890.8522986213445,581.8905142815884,651.863293013896,99.1534403873926,447.79153565754916,46.229844521864514,906.4409483180061,546.6149515002346,716.8278427901636,742.79553961991,733.3487550591499,0
386.5636510203746,649.0694050399923,1.758144377600357,224.8238458095042,312.23197198896213,720.8628094814602,240.94553871620207,911.4916320991822,518.0097779971329,316.15139736898647,666.587106840788,895.9883238728424,542.9442905898717,625.2987510191853,915.2688020014456,646.5963955389495,913.9749582545403,878.9657428175352,146.8852993834867,916.0096341533778,1
957.518629992264,858.1952679094867,100.42877974127128,286.02192322486354,939.9584708972296,803.1556234549896,100.26255241492154,444.05911067856454,449.6323127483246,181.65968681235157,304.80493266792155,385.8411020445074,880.051648810501,950.1835582484063,843.9887844739511,595.5611312897126,583.258415782444,159.5900635657711,529.1386129798265,58.36794887957375,1
311.68293220923636,357.36058505774184,54.572755272193184,750.9889258885574,633.1232226507889,605.6725768566138,474.0723267186702,780.7605245026078,884.4626323963258,673.4286043384855,579.2859782688413,86.60073924710288,291.7138369958832,613.3900805938789,225.40932685006788,305.736395917017,261.3257417313263,813.9240694105092,44.10277696155151,602.2378150511831,1
12.713989428268846,382.21620345271543,615.2075451273532,90.63527237800683,414.5903741349076,897.9461706998358,113.85542621277811,81.22824960691733,366.8051207062212,543.8232905911851,70.5035493798103,214.37737904691411,780.4674465882819,497.0916401540556,494.9083386377232,980.0202313079703,450.39327078203263,657.1203877212251,732.8528661864568,687.8261356414096,1
829.8626822551381,708.3438867830231,165.89404538035458,92.16606616763023,22.942108100416082,911.1751954828225,373.9169108959817,656.7761816424393,483.8471844209038,85.36519177433333,531.2517304899179,957.0438678897474,269.0635335066286,330.92892778201497,211.19930251453854,367.7272361426447,939.3581688595917,610.3423295650089,641.530931961059,206.42040502625025,1
251.33513644945305,151.77714078963368,463.33803714244624,977.2999009319296,266.62555846139014,534.1486760344834,522.1042689187893,917.432692158454,937.630391881369,529.8189581950481,684.9617843301806,977.9163768911855,957.9507054786578,625.4057467260004,568.1963960389576,463.62929723135227,538.7103609264539,487.92933242087486,584.1781917990357,656.4435860631132,1
255.0401955613325,673.0157544397011,921.103451559805,577.9015544452503,494.9616410951211,640.6731985561597,610.1495570519244,155.02871853300627,137.08210583944236,454.2573753651715,986.2751202502327,681.4344382210733,127.08782535326301,150.87341308534397,871.068244034084,489.72475733303753,390.33092620178246,884.2164084170236,572.5022077639762,990.22647821625,0
849.1654209827569,494.6442828276582,803.764288832417,935.6267569074645,491.1814379156847,758.7101240873671,420.23178631067924,618.3231934363083,344.6764523752607,613.0365181233793,808.5164890846598,750.9862376812188,185.09576157120355,433.83576191307185,460.7344226750993,264.01350013462996,272.4538475064724,31.14957914875671,770.9965700039049,990.9544562434276,1
81.62863720794078,84.32415304627028,51.158921140749605,847.0842766730202,53.64194354001928,297.8127444958096,639.1336668390284,281.83593543064313,732.2677816299685,838.1741574788488,974.518306521067,84.95864810169861,856.3271625329937,738.5591789597352,807.9386879631976,854.3352571132001,791.5459349794218,339.1734638758772,905.7764835193844,166.5650004773518,1
845.8708560552175,491.26706582620295,89.80746893779623,25.587026151907665,935.9468532549598,727.1254591244145,498.1321584660451,276.38836686348424,348.21412778114546,772.733175512635,347.6841875790483,797.5956134891388,404.3997222158819,817.5251308672772,174.61085713752823,567.198457702506,504.7174519196615,338.0451691905847,651.6296923105251,265.3324352094345,1
881.0015405491313,401.2095319693059,136.01120279484923,18.630773910125463,706.613256592365,619.1235038223249,746.3647974759581,330.64723001124764,860.0177673340156,248.91340114593285,323.0468696023612,537.7162543287923,740.5229107196354,808.6606049814146,907.5781485740779,16.002416397092766,694.9401151915604,24.599607100506795,973.9395276012922,1.0228191174249668,1
996.4988774883559,201.0773068863282,683.7480113145258,462.01766162058635,816.8962345095348,187.87283466304083,410.72217331185277,138.54859659670493,78.88217776170092,521.5904817138515,166.01961781881514,374.2326506942747,525.0266645709737,363.4155360005389,709.2727897280027,558.8665996956572,75.93108737745247,423.6077244330738,66.45129441562436,418.9551585274276,1
617.4071334753766,731.943263025468,798.4864143519235,582.3041824678348,273.5183150268102,175.90901231075583,118.41043877772162,804.5069899593075,685.8079842075057,783.9199643452292,690.5410428803631,829.4734311311889,646.4953383789876,996.5015051422332,897.4805319052005,146.57985859056578,933.1347609800649,460.11664998400505,346.00985483459704,470.48632192836936,0
802.3685742238475,615.142371623815,247.41025903542933,870.9033249049855,975.5745367616447,964.6182218517733,539.1472948448389,843.6268293677517,407.6078063527867,109.02134811832542,357.9222733583469,487.9706017161848,244.28931215280159,878.0281276369864,562.858212432164,269.56318694831197,853.5509991087906,903.3985555532038,997.2285375421196,829.3189912334363,0
698.9849735793007,284.88379005246003,606.0934845342806,282.570756006134,346.0421435969607,639.1797858366012,39.477510421243814,467.77795854328485,64.9767090553951,340.39060873108383,632.939465354179,632.3340142575138,910.6957163406611,389.87271418309,311.7873256655814,68.35888846859083,305.130739047388,361.12388925257756,899.9940047400369,112.37720458573908,1
855.4068456768115,729.704457468703,998.0367863068288,922.2246546804505,435.6354097279276,907.7750061374733,9.86292140027989,439.06675146858765,283.470839586459,987.8519686448942,190.19735716841757,199.17784624176537,646.3690844946838,773.1487796355844,141.06529551642456,634.7783033955183,469.4510368214437,829.3628406712511,50.59812575538436,232.79520517089892,0
70.10391690004836,477.8436345368128,126.4439770301674,201.290128412016,228.42814527607624,252.00147217508217,586.5921638980933,668.4119145788361,700.9467979499173,381.8744658254958,807.8984594649635,646.5086516357483,841.7346951332795,580.8230201126735,736.8963781335426,873.7836859399686,675.8009632318433,102.57691668319835,533.4980219736015,688.1013121456724,1
222.34938144500094,809.0591415156277,908.221346491168,544.9887635264851,774.3142403580616,275.36440200581956,328.74777390419564,668.5655985109496,401.0436793143188,3.29305513827427,168.18409369637578,544.8377876362938,131.16266665029875,210.95147830205818,429.07235035003833,104.34375098234972,732.0323300832619,145.0085171214305,32.468801744535256,662.6868712824229,1
254.6004844390155,980.4754525618766,615.8678808949082,452.7895083812742,829.2052817625002,735.8167173999117,105.43070354665873,751.0018403081266,879.5123359529492,133.80252715607986,56.31744273827422,458.96376333530833,240.27164138147205,218.52258574596706,877.9127825185924,390.9091247635641,404.9775538551166,354.42732127677147,377.3539652731278,379.8245203430871,1
826.1654852223194,323.20153078319913,268.12742997886176,972.4237548783742,747.1841253536547,548.1665387692261,74.29666786291445,924.1729948320831,240.5630669234764,332.11996980450544,495.88173128665534,95.52118813957333,664.7381163905374,606.6032659715156,985.7848451334612,205.01131160669416,305.30125552610554,940.8379749076,223.67914866559846,425.8396659194719,0
746.1126497130393,598.8715757698392,557.4178869190317,293.3153679022962,155.70950521269623,204.67462384174405,228.15601894306127,372.28098802593536,390.82349625807,699.3076505564921,225.27552293505016,393.9913161516689,995.1249694425404,298.3956880805225,519.5303353714971,797.6199670157544,129.4275947029332,797.4809331929015,991.7987384620353,357.90457559059064,0
947.4650279474578,12.335461022131454,453.1127254189995,199.81344043595638,721.1918232648854,135.1291510333431,280.76438187084506,301.1399140338386,558.9721373318832,381.99592990411645,740.0121893185867,385.1812561366619,586.8685790672217,986.6028908248173,381.75494979316227,528.1405174127917,579.5477549159714,577.5809442201736,207.90041792799119,849.208662698178,1
817.2817218348529,91.0941835771697,959.6110406197455,587.5247769818556,295.2886321499695,714.3323049137401,287.9801733265479,242.45857093118383,376.5225831993965,683.2186644769274,5.793383326448964,260.4006166271365,805.2950145399811,284.31376490623995,985.7493768284087,316.22039971353945,760.7881841592357,737.5120005906615,610.7140517055436,881.8656365206424,0
649.1572485520825,560.4536107981276,102.02731212545413,742.4276994998849,446.96503770373886,218.86916674453815,188.6341768061679,601.7179042313792,560.577618233531,662.7347008806413,278.39316666180633,182.0370580629904,466.96931166235925,37.509401934628706,86.24542537911472,244.291354733566,141.8803278286228,206.4370397723291,143.34598218061723,194.87068201835044,1
814.3855683277102,968.2609622115339,211.7462577251571,27.022818828610685,919.4314246717447,715.5399599125769,28.944021764949923,124.2357963037669,625.7106207496915,608.7262809633211,42.78272599123589,279.95945043039774,374.1538830014229,128.3820408646369,908.4118300014311,702.8032569646131,754.6911165425548,619.0683964508542,693.698759921075,180.3501097982566,1
778.4551607058409,661.4165875519834,465.1076501886033,954.6245964946507,95.7863144850527,189.50304529181417,674.1925390300803,238.75129973585442,911.6721095260656,924.016300695851,344.20430108843925,530.0042124228851,90.12428303544607,826.146328585924,807.5306816753796,639.1308144295185,289.1530761191401,803.6078843672792,806.960296419815,285.14802453145694,0
794.7402415125689,636.4874284033783,621.2114139137259,249.56007660471235,49.763244497920134,174.5462885395581,641.4969779423346,50.6314483994722,158.47860098704413,849.9935087014036,238.8390665802478,274.0903521198915,311.6599045134617,829.889363199223,276.84704922304246,889.679784277757,396.4730338629738,870.2163534196285,964.6202704034664,499.8468066916208,0
848.4641626751733,156.99665999579605,724.7063840535674,44.262268393891134,746.213828456355,888.9382979685961,963.6044995900116,592.8090467683279,304.88603225075406,335.2310619171869,439.1735361706992,51.74928525700351,589.6728891266589,718.165394432324,793.491020570831,337.4686058055645,126.18977831835775,945.0535915205918,480.77231752696747,773.3466103523991,0
632.0094384443889,291.6285335242382,230.00429799035317,967.5982650853656,346.52341793124674,222.6383664349153,722.7481462156063,402.3644278976113,321.8029750313939,452.2513667054856,378.69932382276306,612.3231940755855,25.57816581332817,442.0917878730686,144.4041388914612,272.99642279469504,800.0837707085477,950.4267127074781,656.4910776435197,46.72186043317272,0
578.6103263110075,558.3794377703022,535.8994981131357,112.36012699106101,900.512122274384,920.555484768708,72.33111170343986,407.7954990828683,490.53860227025893,136.96910833742203,677.9052722217749,892.0963724294202,732.4537703147925,138.22591287222397,128.03374550883484,991.8045724945895,435.7429275412574,441.9716514478615,511.49030373317163,106.09723871786846,1
538.3317173077899,859.181931018329,553.4499724533514,429.45393749239923,362.5661797676687,833.5015091466851,312.6814891851603,180.29967846000494,488.61785792413235,131.79336227841443,39.48979899218852,320.73134842025087,4.7975669809684485,500.15300624761096,868.3729362717559,17.773901847296436,859.0186056801604,617.6503662199384,210.84166032627328,24.1745318504919,1
489.1470917771259,956.9976730590716,439.07468143601113,570.3377772897779,758.9122553412487,257.25685554942737,589.5944824622966,974.8521091610302,838.554061805825,606.5410065902163,452.0730935497005,987.3486261578547,134.35802561105527,584.2104759384355,142.27303426247738,409.5888703823799,339.3179927064888,360.66687636047357,220.17043121796442,182.42937478852463,1
765.7011306577687,203.2052230404817,205.34694008258614,675.0139094558348,871.7918499761845,299.4632404144917,114.18991227848119,770.8437000380252,340.5394288301571,959.781194361282,921.9957247125977,455.2517621656463,226.53210132400093,615.1914775702837,277.11230034097025,324.6369665411949,394.95379383386074,123.47018401261545,737.4326507894401,697.0605955398053,1
84.40183200666085,63.382688147380904,604.2249693732648,608.0840881625486,953.948344512282,918.6674177765149,132.776504764346,235.64807395735943,872.2006651189549,531.9805699040477,588.3888532678372,881.3162977110262,103.5114230062113,281.7271368894707,32.66693895402395,978.4790968332513,757.6699557644079,685.3114563257767,286.45979567816613,319.2054960512728,1
332.4089427508643,775.6091141192097,763.6255679928353,35.90300984632111,782.9701544666144,633.3507926098087,299.583133190707,356.0621732771275,768.3651447660751,712.924628990249,430.1836865071336,207.1722160853726,652.2091597429531,224.91346077732143,687.4486996083356,530.5540077064122,997.8282347177902,448.72813177769035,754.3589805322973,335.23466784479115,1
551.320992820372,80.64644238737317,75.4070371860921,444.17106799958,526.0798056535369,713.4077477302332,279.91114801770357,399.7096616187956,21.983182373240705,155.08423765199652,434.2951234577029,318.668177448735,279.4158511709094,444.0638189225633,607.2565654377923,175.69160503684878,889.840603273809,136.20011687212408,899.9040113692331,189.15813589705255,1
226.61957713872692,884.4939069499602,883.6606577587498,488.4275624010339,114.93355290962748,595.4618551556921,778.3440718677376,702.7541034386273,55.16886172312119,26.25938948290807,297.00572350176657,462.94453185006614,339.5776010264935,512.5521106639447,931.8245460003985,121.3864439928497,529.3462266236476,934.5425697235337,278.72048587501587,635.1692007931911,0
37.46956435167026,149.96825777852507,146.0086307020485,784.8217234984513,758.1982420144951,225.7805688798571,707.0390646714328,557.3408798049131,410.60883739647767,927.3341597183183,817.4663356194527,145.86846337384952,53.59337079355553,515.2024266615616,861.99316997284,224.63208687031923,696.1215245322152,448.17077177457855,656.2732248946345,837.6386927497226,1
659.1795663134003,894.4038234497293,369.8303415426065,964.791058846942,69.0433456284697,98.38028830865464,156.9323618825267,816.7448740574832,872.4847413571737,408.5498784248085,370.079984198183,558.7255419155886,970.3296598746217,193.45636925349686,521.2360563183397,910.0213958841176,898.5432852239318,374.1658450541251,609.2878326838479,483.03248488646267,1
981.6694264872428,518.3325537473614,997.7485866972823,48.21146349726779,249.9796128929872,870.0636414881498,270.9216203942609,244.52083856200957,884.687066381543,555.6552563656604,246.7689170074059,321.25849037375167,855.8670581271002,163.99315128639836,214.49215121831156,824.3837698095585,116.85118006305295,301.80611449142094,40.08472527492346,801.6376203764928,0
347.65164170604845,915.0145516427996,621.2713646886168,482.1790999027845,546.9566073596035,669.1310294370725,739.1340269069234,175.73505325726956,934.8002201895403,637.1630621456434,136.20605429079856,275.5387769631914,958.9039810573794,600.0482557134421,407.7379731833299,51.893174226181,13.00773793217347,857.6956345316634,860.8301827288054,375.42155533871403,0
571.8024898772425,914.0815695637814,830.4562521880705,283.0561338332085,768.3182953121245,851.5186916203379,313.41227912245927,88.76452780741684,211.06828753472251,30.279837383323628,482.2304394925756,653.0122228818858,725.7834944327085,807.999810495982,84.4523045638731,340.6445736124735,703.0529162922771,572.0507355335922,451.0855900924432,619.387482151315,0
725.9308657620284,799.1858483372157,824.8322150360106,735.292202422677,204.09534463494506,96.04524352577803,123.030077958319,372.97680987257166,441.5379915263876,140.02454415415488,191.66917993332743,559.0426110456585,690.7976142634693,50.0428897759958,107.62228667402285,981.840670526191,398.2362296267342,603.4518606376819,716.7181403135378,372.0635545909435,0
130.36120545063358,713.0096731368634,450.5177772890505,765.9323759263821,866.8808316150934,679.1661435156976,992.1864041202009,206.54426605764996,380.2121827223783,115.79178521029154,968.2604910717258,662.4110981514299,949.1173676329141,950.080581358569,849.7018922845507,573.6045995218133,803.2200759288731,579.3448011861096,892.4572569952212,138.46501119605736,1
213.224198917904,400.8502853453023,644.2598765105943,861.4329418667426,300.08379886344574,459.55433517333336,13.638605749311417,318.0893364943683,683.8792997857048,172.52180721938225,755.3270749513391,555.0403491243053,375.8890944985177,67.67003588452847,629.2788221519636,493.97442569661087,934.0422389683976,297.361371245137,777.7241781952226,132.04892875347375,1
53.75779709377149,431.6524469873505,956.1474672280423,409.11423544749493,196.7958929370669,404.9236567128769,941.6563805749279,196.275636166805,474.25748505200227,527.8193390882974,842.6645424042025,969.0572259351819,162.97921418485438,468.5553224905902,629.0270221921023,197.8936405422418,595.3797729088566,165.26183012666428,452.2906104348003,809.2031756449506,1
84.14877906339102,881.7735658534385,808.1291382308124,645.6924672938779,322.905803697503,21.222712749458527,342.8961765104107,492.5507874833973,150.75834579650228,708.5764942628241,577.7306903656881,437.67762594317594,51.49392140960529,202.5638918635062,371.49481632820147,189.90935828730926,354.2226629874568,88.89060600445342,404.42675127347104,98.2470813288594,1
114.23812727879634,978.3638617687398,71.67794202005462,290.80111376988447,538.9230441030887,554.4310524407803,535.8382863524539,925.0878633100051,298.64273419586783,992.324407327361,463.05526893385985,666.3243675098776,679.3899594619734,632.3595007960932,104.64747569856459,561.3527491771613,874.6744214245017,997.9725272191629,32.65809939801012,855.5827961835992,0
82.02338580790925,736.9814654797972,463.2186425185412,347.7697226117542,744.551660913802,312.5861397567452,740.2496267541101,554.6415825725936,354.870736399571,582.5551038255143,607.850091096947,724.0329646114857,948.1714042787243,517.5173473264277,125.80238250375054,970.911034045672,602.8817166141636,552.2895299064687,642.8880713679299,207.78300172160834,1
658.6961057224846,383.26665762367594,897.0066908636924,338.78939964195473,482.869072075432,17.986820919881687,289.66310905888037,190.12441510102497,545.3604056067612,901.8553135031084,248.676567569301,524.2705633395261,98.96136003754997,947.1049967582998,900.4751938076948,618.7469551658552,205.87138162224883,858.4260925615205,220.52664233505058,879.5428439419425,0
183.4775027034332,279.77177298414114,463.77966207014856,538.4449273915014,718.535080240559,639.343150316779,870.9993514093817,62.55367426202507,910.8173545155379,366.8561283282178,258.2837749319767,917.1332053458976,41.46779787336396,442.93261562163434,556.0662380212145,429.02714074611737,35.48480626381523,815.9679921118509,373.99413286410277,604.3671277148414,0
345.7999293096996,146.323392451021,554.2134117180304,752.942318823603,831.3824902254316,321.18642871645454,817.5116076977652,136.20100494054788,166.69410669542907,136.25879382197115,253.55043104789786,250.62889215430772,526.4414125335302,409.39625307938843,854.582208249717,715.3839415697828,560.7555508069212,460.3747167909994,551.0284695226751,956.7175406771444,1
823.3209645708787,586.5144019552097,311.61445521649944,463.9961982160482,621.5283570277596,452.60617180274176,892.7367412698953,244.37818953559787,391.76439437944276,73.16158076052382,211.48165599248446,700.1596983706476,653.632329814124,250.21752848949518,396.97330856831906,248.45958903468667,761.1854340192527,83.9046114720704,359.1368189920067,603.5178591489666,1
863.7287315425041,143.72764330732358,589.7788055123515,29.07396848444721,402.59402850266457,826.6940403332518,789.8017376777157,521.1684053175776,661.8104630298312,794.7451587306164,2.916088734606248,650.5786474698173,116.8550337116857,413.3311264132322,826.3078252023606,940.4591749186632,820.632692937049,539.4718188370329,72.94726046572907,465.674848461176,0
104.32753525539029,583.9452183855898,434.66559081277154,619.888186171097,932.5545387622035,895.3329813381812,372.7057302885233,58.05323211138713,614.9509639808413,535.000108552571,230.03537839430422,582.4801071712544,449.6588698076317,838.4875200152474,565.6906397208094,731.2351456098762,258.2333020224053,827.0988329484865,838.3747928510064,963.106096797455,0
114.72334264155981,892.2770753324272,976.8793164629759,828.8028320452465,936.153674322086,880.5162486163335,830.8751996447678,736.6001522270062,865.5590490104466,245.44135603463423,864.8749539244416,440.86331237092844,601.9473482877472,548.8714717750572,952.7467402494697,877.462049413666,855.4333268527987,187.56552942216663,472.6923184890505,457.3875511401091,1
351.647238040306,614.5928905969332,255.3113378166554,245.9284001335498,830.9067333740269,530.4320274524034,65.77919048389114,888.5720844310724,686.4303579036767,789.5683686668872,980.620624364806,140.12757639130956,700.5068361233928,656.8773496499315,829.0171045514444,438.2843525226505,392.8309573720077,883.1568033505055,52.917938271333284,628.1444303705955,0
411.79549887690104,153.43792569579938,761.8607781964911,1.422605432809143,41.77302581903852,719.0899831570132,418.8351077131132,386.73829471799314,240.49843323636787,117.49156462875332,234.28318642994205,425.0445209224442,675.1163012255456,665.1969280487593,31.729822118861662,903.7911910504587,18.249581761641707,924.1437102362341,772.9457636084945,699.376057249856,0
986.4923483511328,51.8474252756187,621.3667070099127,90.1021094236516,99.21625959291858,126.32449554758173,558.6391480869893,75.04710068876308,641.5415939527352,870.9779944240888,770.5170915243765,61.46970557348275,3.3182481380655826,595.985437694941,335.4705386281981,42.32693251944897,383.8982632859541,464.0253298097764,925.0858856526265,410.6191143680381,0
978.0618820359443,432.4354230343781,396.00745801255,362.7411929386357,7.9807411061917355,142.54724192506484,286.5014675103582,746.1765655846685,249.31009110565927,352.33185525823797,808.9035630137704,772.591517539595,271.91276129365707,769.7176532311769,845.9582844065608,836.4279811606453,218.54857411224305,149.3966043677114,991.10718032136,816.3469425379305,1
138.75951183313583,161.43752247529554,680.3057868492386,97.43430123100183,110.9858662371399,788.1234480718304,956.9712746757158,908.0003964697912,958.0618371472608,542.4711842407173,796.2586177431916,201.54932833648763,970.977456674205,685.3747204836433,453.1240363107767,781.9132864546096,526.9369581415103,224.52013738520094,237.08117402531127,304.8661715937738,1
712.0774712943406,623.9363045114269,54.7761641141824,308.1088202930461,912.6751715145953,33.54679854725007,165.13373506275332,600.0106824914269,530.0401848611789,858.9295758252483,217.13583385429146,307.0493772828804,755.7821975024033,752.1340756489461,995.0217733941417,321.2697548040304,160.7935851346557,921.6254163035836,303.35122331499053,185.4415956036276,0
440.5105746553043,222.4097681181648,488.06970945829806,693.2914261233002,983.554001832985,905.0622054003493,508.94789669906817,646.2814861617156,13.086065802543345,117.31936814309596,880.1379967949459,353.0405493603079,852.6254699209286,545.5953325506349,61.822948867646275,766.1710124307524,655.977168697683,104.1972940192818,989.8176801123421,454.2353443418949,1
666.5683251114173,826.8642431007166,37.21097006513063,819.2295905430361,959.589911481219,206.32055405645178,862.3626155389896,281.68015551741433,374.84042613184874,524.2309180440095,157.66408392588983,621.4714730515476,548.6656386556373,710.7707098108997,951.2747411185852,301.9161418302566,555.7374791677931,726.4325599023266,267.392296495522,201.3999981387171,1
896.5419720504889,960.2271408833934,126.90729056387151,259.75354764193503,702.9205616887423,36.96013326710401,396.9694219890082,51.32693099021823,394.7858383827678,444.41935077455383,0.5098496642059747,151.26499735795264,966.4314581878094,978.3304705266213,260.1019401942312,18.046766299996463,453.145902227624,403.2995034451062,870.1307797186912,68.19340958600317,1
481.6201266781299,71.86303667232741,565.4432165752723,408.4088066543564,443.53057779034975,145.22243783635113,190.20162500293648,987.2534132909751,480.94582048301226,77.03738116976145,31.51542266288898,573.8771698554519,368.43760406935957,395.56592116620135,901.7714477428402,815.9586883445132,222.69557796797457,785.0156538497936,365.8045740160899,174.69319697997787,0
227.72751179547413,583.8081281973336,916.9478693922224,233.90626465920516,874.2437443647219,866.7463256215558,146.74349906089913,615.0762832696659,413.10192274564395,391.3559680474972,583.3621380596203,284.7455533327121,419.98089592162523,411.38819862734465,679.6119154416333,813.1362903546337,602.5926330557301,190.7164814883907,441.59893380039216,653.7974482414949,1
874.3493353663351,155.19019928341604,972.8307282128051,541.085838540696,633.6360559279959,472.59865096113043,723.115835989002,540.2105104012895,555.0786615726105,475.6769260874559,986.4642272777361,498.74554637934676,73.40567420142618,75.98681001858476,650.6272483163993,738.049580179674,248.61494318553312,164.47456638765635,946.7559194026621,761.1074841476881,1
242.45325478279034,164.77594481768833,568.0393675527837,177.80159282641117,903.400792779557,323.75639009715275,286.9252140819991,580.8922636016324,543.6001075900456,643.9806138401613,607.0125854242913,93.51411495961327,300.8733220583908,14.737527463284827,217.2574576100591,4.448898253141542,40.51083559362978,271.21828207674736,401.05688038915366,2.8268031813206695,1
815.5982817367271,935.2872361958667,700.0594197848287,207.37430704876414,539.1470267523408,111.53674356511034,105.62933163956079,828.0822478312346,147.32769427375482,232.988969551316,431.2043046196912,806.3104051435895,621.0064127205387,981.6780991812304,464.6399198953821,154.3138096607578,213.15192949701668,666.4606823094113,928.8798951935571,151.1133898375948,0
876.4649260983794,972.0430306902153,428.8514679919203,72.62825245611593,146.49760123901677,881.6519669789623,396.025190222041,746.3451925199827,312.31428905397627,851.3606230697119,246.1041605235683,36.30065816391803,889.9091644007232,44.02104653952832,744.2551630226556,554.9876947574951,11.054684287521432,27.2446670694112,771.6669326294543,932.6175063727768,1
687.5791615245449,564.4531585434677,206.27748598312888,898.8997453787847,897.6242452437127,959.1068918789425,226.89305794627245,767.1561297698922,618.39767128515,659.6584879113367,494.69038105720585,614.729781339268,43.87333413187622,307.0052744582368,26.10696739643348,534.6827615515897,749.7985350060144,327.4854880620915,683.7598362043427,721.9615181240523,1
496.9741779573614,774.261527914431,319.57095886373656,694.8689137240226,157.2559646290529,23.470591194500678,683.1111565564299,49.24284857773986,386.7903944916205,557.8583255244745,720.8528212900088,593.4011077833769,277.5192926992065,426.64577550338566,338.79207507145946,993.4888221358644,5.161170205399412,338.81049612412505,971.0920174757139,547.1834197243395,1
479.9708128486889,645.9295230468954,863.3122555519132,16.116680981502874,637.6822616673711,317.6909719353358,411.20258966404754,725.7321170347453,707.3704262942233,861.7011083305842,490.3675994249158,908.9940196996597,162.3945886905166,99.7505768330369,59.312562015959024,720.6685032284469,727.7625338545358,354.05763775429676,13.895379287748755,164.03782025315638,1
506.25278647402274,829.5655597993493,807.1234120378252,977.2159982941861,377.9719238260659,851.3943054222697,729.8379156458403,712.6696738859508,797.8642539495191,433.9114564677571,699.2462975049255,682.1761547664679,492.2030508191475,346.60446460954233,128.20534479153545,646.8570645517249,733.7565270538006,688.1003202912806,650.9319488384423,767.7183777173295,0
54.737489514621316,664.7409021741692,676.5262692508646,29.80886944518457,73.59800918899661,436.7987191050351,277.97094529001,670.6550139171371,49.657682321210814,56.278346320094094,863.5188733605993,481.76653775658826,290.1179235819058,56.22498813855836,718.108461847633,426.0739187646088,387.85597435995953,113.30327472636148,786.5621512479123,547.9322047030523,1
911.5790208544638,829.0039378172095,814.6728204472649,126.51977673141424,118.96696892958136,384.95274597636666,170.37102937665804,361.66987466503576,267.9751597534733,414.7426276414976,110.78541980802082,697.5508346671913,60.430454235236965,805.6951845044491,892.3551950673822,911.3602696531946,807.9382879546376,557.1461546580241,487.4021506454679,433.36954282623594,0
167.64807025973494,272.6790481417503,694.4360278933807,296.9435605108363,420.14835327696153,307.6466184109572,874.2225188278252,13.511010283897452,509.735918434987,682.0610690863625,724.9315799693455,700.330765630613,124.28587889445375,485.3662169170856,187.18229199158654,510.59122119192034,132.80374354732749,688.3415720062578,900.5983632620461,17.491809111698565,0
671.6495178726238,768.9809509054721,556.1496521197646,403.08814421648054,68.11219567247406,217.37570143453456,573.5084143644582,159.93211831968534,795.9820816671315,653.7530933056457,888.838698976281,525.2089939825079,136.09873808942663,530.0395169440545,861.2919577544135,96.72444821498904,664.9831003276022,494.33518461660066,775.8333412053579,590.5363843521399,1
300.1519873175352,322.31070147265007,716.434605980471,831.4799132067213,727.2766067736295,689.6564175460393,215.64276390929336,832.8539802742711,484.07714006732283,34.82591150102454,716.0906815599213,984.1379537942646,194.91171813577336,335.150061016389,868.4173212923847,299.2106837396062,370.2777600359194,764.2565118831028,822.9452481709612,501.2653042934726,0
355.8569411039019,762.7427199761421,992.8930743367022,848.7947618999883,608.4417777512181,66.24194770801917,152.2631442015734,94.27186467325232,933.1109914990709,397.2649435731149,889.369853443287,534.38145243388,276.9938354717163,261.34245565910874,513.4548777236822,278.57464456443694,930.9693449664084,884.356664339021,825.6009354247815,336.8686626541758,0
559.3256702225623,12.766020617767326,561.7532611977107,149.91017139102559,646.5251276524365,112.6054394489523,405.8593859499602,378.35734988161306,100.77292748814348,92.71273597114194,578.9808671150037,540.2059185059494,925.3874796476618,135.25434065872886,785.3278008073239,976.0607054573816,413.68366556733537,124.65496685195421,136.45225501915448,820.6540495849432,1
201.05960311790926,648.7468097789174,756.5471617098609,605.5756519786629,144.2725921060427,772.645221557251,328.9661146831793,663.332979948865,931.0390053475533,979.8383161767733,2.4784259284701404,884.07416769725,156.3777407335324,775.0583468280205,251.62415860385136,141.5754275408705,369.37854731581245,946.2816854760385,21.45388713104801,152.5340004482718,0
780.1143662370988,79.21576947518393,704.7537883109179,720.1592391361862,674.9538595158047,887.5240575114221,479.1886874671344,70.52848440777825,146.99716358270143,510.5600787246827,625.8026542558521,108.25356857371293,80.29194836290299,868.0563890903744,370.7748582587396,959.8389011170194,490.33990588170485,214.91605582936126,961.7178429213146,769.1262481444996,1
502.1009212451452,665.1826080810038,545.8580659544073,690.2205012142683,457.6188490388082,39.46668759411409,744.8878552691538,930.2817892386956,325.58543197166324,481.645877467218,456.5809363902962,914.9804197032054,960.705601733367,986.507395178095,96.50385789392757,477.5737380257875,728.1593342161506,76.42907023941048,306.8126273324185,352.46062310915795,1
331.9843350332966,132.68182589083756,399.39242658915174,230.03446244297766,204.01135565868367,105.64643823767594,450.28446042632334,714.4112100307728,137.72012735213602,584.5642830258407,424.9537098707166,186.98668918192118,186.40007293257932,984.0246872723976,422.08836252284885,837.606520769714,413.9489632936169,586.9883675586001,585.9958701084506,409.3876820490893,1
750.5074429280991,597.6877665757949,7.42424743807335,304.144191531355,232.10896145709802,159.76199634667776,743.0256920690623,717.0311624141601,107.89381472778992,303.1830501277687,489.95942489037145,91.27508627055214,554.7776053890443,681.452109415727,639.6107486716041,213.9626650077442,90.27379143484293,823.4422572248601,174.3516171541195,234.41105158236775,1
302.0528263526073,112.75225892763319,747.2276966701709,192.50035905947004,659.750536214673,13.33337292956205,847.0205320825806,98.06940218803672,473.17701781515996,512.8256614887935,218.86064271649752,433.31015320023727,532.577317726145,37.16739469706853,681.371415357881,55.92764683166851,942.5069356434769,306.5214873696351,9.812814436528928,861.4888847376985,1
803.2018514293442,21.363679251396928,440.0484538838,866.2648798600973,927.1203800133994,674.4733773690381,191.9338882588859,699.6836583069404,194.64623593168906,483.47129229514263,607.2513397656481,386.7968940598334,78.08692263691486,184.87290153040547,598.1123100579367,601.3574479586097,951.0465655012785,259.83720778179196,412.68427770991866,181.62908965842206,1
903.4596702174351,732.4315913220775,785.5534147328797,506.9415860503295,80.84437389491671,996.4516132825547,639.9500888787045,550.0739522918772,509.33160543145226,864.7337953922256,739.3138511850062,342.62189392993434,268.23668277937054,445.75710462693485,700.8268490310817,515.0089679665157,472.37527048710115,349.56471918405543,491.78771384692334,869.4146896112034,1
85.07970691197508,312.0134449859151,476.35122374312834,251.71900278527616,434.33564360909105,897.0560425512822,828.3617475740559,536.5434637215776,552.4062218890477,127.51243234072662,702.7753761529661,175.57282557693011,57.913707464480325,846.3161670955117,81.54180000127775,360.8805589050937,971.919986141079,815.3660951413906,246.49813113361296,276.7991139754482,1
24.259403496828646,52.92096549304559,58.46839170988905,505.4903094796547,787.6035683885207,380.81440004127455,734.4093316547496,214.08096522283748,110.28139193795161,817.5504967597244,330.263045430316,436.4144840931879,144.9735448747752,352.72379794687623,298.15477933623424,645.6252242495201,64.07342167098429,228.69705114098238,499.6388203308041,821.2958658764604,1
695.0715945911134,332.057115753251,876.338153073969,743.868413390078,329.82369963016777,125.47696120774532,392.5706749856572,271.17626340520894,131.99415312388263,22.044778661425845,605.410463135487,288.9630728595067,351.91119734354027,697.5375256743481,44.958473681040886,718.9574022751932,378.68006016211797,122.82184433942601,857.613049860661,243.63659213587928,1
170.98879859938899,298.47413621725036,735.0011176267623,152.4886337536845,811.8695840775082,128.80047636229276,145.60201736225687,870.4197004946775,459.12110588875765,784.13775315176,887.2136225512461,546.1671130265214,82.09232937149402,901.9515278596198,463.0574824136322,296.2080582413542,91.92053994107962,654.001329849697,872.7078217478551,338.5774466426438,0
119.99752332380764,222.72494873699554,204.6489789929956,744.0337735345124,20.477034442658805,763.1051153945973,653.939202840239,249.82903798483713,627.7483739757515,655.9222031060407,747.9189534545168,249.12700996462178,615.8135569754332,191.54225816665326,920.3892016031314,622.9995261382445,761.795241993635,297.63794152143777,670.2675357785945,704.778664859313,1
696.1578264259956,267.34046223624017,625.9833452515306,935.851959224566,896.4171594983214,192.51524185268985,886.37476233568,205.42738786720648,970.8046450717156,736.4041020381494,848.2234838569705,757.7680160092694,381.7049420284867,862.2349952595666,210.17531743964014,686.4620355443118,919.7407215996816,368.9599719331044,347.0260851021103,558.3509899582792,1
530.4083424399926,516.3116220349249,411.17130660965194,963.5526118770048,381.7623461881239,918.0950946800832,238.0121181460958,528.8967101720516,524.556848696557,140.78937621430043,313.6045390359512,385.28442828006024,134.72480673019172,239.25116356444886,361.6623091354,761.7986220135882,327.9201421056512,160.03860619243903,597.5624090637849,947.7031316240237,1
538.172093804886,894.8634872478483,896.7756335686104,877.9100226339704,488.64280226750947,533.2951653633288,39.99205752176815,213.38934873252967,236.98643435975163,291.63704712634143,760.4667200061214,472.6357732463637,428.6936912796272,698.4465416224909,7.48770663748799,75.50112302073109,767.9127739961656,242.45348524787514,148.85153252754534,831.8038121746364,1
312.7624102008867,846.0689660884223,597.7197224015667,19.393716070197353,833.4295831342096,405.949244946461,957.303474590872,161.77259682873924,6.782558711213027,507.45196883773167,912.5142184343133,53.38867078086251,387.96993442167326,389.1422996868935,639.141721702375,690.7805087559486,128.06837773620794,316.5960993974989,190.47285823743886,737.5480736295507,1
989.2108135466306,697.9847689564624,687.3904416002636,927.8067378155226,104.56482462732619,123.37649323140687,819.8283458488255,354.5731151131046,386.4889778590399,905.3468396529546,572.090394695552,388.2170184360042,720.6332581744566,737.5828272244806,199.95847926639166,120.79768507976596,804.2690095423369,593.0451784949877,823.9453098613018,176.83604436250621,0
793.2705907914777,256.3473800587758,945.9743348442529,340.2170785014942,356.55325227718606,917.8749506026137,711.7435736055879,758.8624937683362,177.4205771066686,467.96089266346905,60.92544571998027,841.9315948408899,678.3556690704035,206.20195633661766,408.9894340789976,78.25834455909475,765.9721034389878,786.606319550848,798.2887258824081,748.0513043861156,0
293.4483515281404,343.61449134608233,119.91943290271556,401.52409374928254,806.8711762774091,586.1151824396355,36.40997063610285,209.83836607934614,981.9044399673521,953.1011516494332,723.569618539924,703.637436399535,320.9295653669142,730.0978924782495,207.63287040410373,970.4665608026219,269.7112781152022,100.73933972535175,980.2373648889887,813.1070120946891,1
945.5583366969236,28.14174242196177,48.18962948377137,207.18866767042343,408.83897580633766,589.6309756888286,166.35694121243404,751.5297995419733,624.2961757420121,973.6683023394344,535.9699455157379,78.93012752100026,153.46932018190296,645.6825161390115,247.88974156593324,432.07150216504476,854.397757783947,674.2267415756112,603.8094518995888,129.5666260627386,1
668.6239787560588,180.74316343422515,420.11804886618387,959.2637964617215,866.7501970230436,723.2774279235861,920.987078688367,928.6811922798514,276.438467425551,375.19465470846916,154.55413153324514,546.8796561858791,186.26998139720786,143.16796637219076,549.7992604890503,825.2874215166242,721.8776651460274,28.97052307409831,302.8257951791492,331.61251721450856,1
767.5056847904772,84.17733370518154,965.2412324359507,283.59507364665524,92.73807355879859,723.3631152752761,130.0531642380277,150.14097674505,302.7960260359679,54.05475949288352,732.6566158383932,682.2113194952966,31.78120132716078,130.67735015493886,299.5391155546646,54.223820758024786,412.5856251939646,245.55275425007738,429.82510548977837,647.800674074962,1
537.5971570274321,762.9037666595972,401.24516361778126,185.96617866803143,607.2458205852377,318.76465801114284,913.2626808798332,226.27407957942825,731.1176821284793,491.3760333245183,856.481152646173,577.0414591626495,536.9556490397295,551.3487945538093,189.37476720799796,313.0790301175489,3.6070292382769376,18.889796891365606,720.6021459296468,487.6837752957012,1
494.16276943666116,428.79501920766427,243.5429126325498,40.469468990768085,570.577704189366,325.47975722174107,438.17226783981835,906.1914473496927,528.5237170952684,627.642206353881,859.0199931108415,740.2703019035141,894.1386684037092,473.1008812039875,975.4380448252095,504.70689291178195,711.910872572212,188.5179190766223,552.6547952299502,100.43021052797319,1
674.1557753022968,110.29062983341187,100.03026067642551,392.41109650958464,657.5224730296402,628.1105183587255,486.3320768784326,306.62175374042846,44.61085100408513,749.9082966402897,390.6791907871695,28.13977962217018,143.28084773079942,535.2732306739885,82.4755086642347,875.0893952653346,721.4886531961728,687.2298396404681,227.23720992696684,402.7493408633808,1
991.6371918962353,356.66087321464556,877.7726783885436,983.3650710344352,732.7373191176677,409.8518759040203,415.18973733264687,759.3593115916043,746.3367025018033,674.4708590108488,534.187197577864,738.743186846553,252.18681267644183,64.29175689472277,758.6575153575006,77.09450787335071,756.5594866795502,817.314099821351,660.0232010245857,669.9708857348286,0
697.5890891683631,204.5218576830007,958.7782180328003,216.8059821264713,298.168627303689,915.6756358857971,919.7956486784054,258.194929742234,344.89270561135567,473.25955641633476,54.08749906822818,990.7708190777821,686.232314822415,949.7217216036156,453.0591337748828,596.0447822221709,585.5173158606402,629.1335464010366,684.3096737857201,967.9849429403424,0
994.4659199424776,632.1719731795569,52.955851732448764,1.666087079303491,842.9015324941662,427.776341026904,448.4997885777363,241.45020851616894,347.18419951186985,175.47823138764295,170.53951284512115,262.8098953630773,741.1344983079046,148.36180466980886,225.0299683746819,993.9329040558542,195.9952555744795,835.2838985398549,836.6510869336465,30.447043019163345,0
887.7750690792138,690.1966517041255,382.68983752675155,219.43556361681127,463.3750026117755,826.5128247274612,962.7226891463963,237.78602600272492,930.8208008213807,330.3277211036446,620.3197728556136,285.4698049951808,288.7037491390639,616.5079685785755,961.4382014180759,782.8993284365416,117.94429599383582,710.9803259451137,838.0578893247604,7.818186490525014,0
127.8743948636717,757.0513115034805,978.3034698720194,410.3535264045305,155.76307278082047,340.84002570193815,777.048964138053,440.7470563406387,410.1898084272464,204.08684036707814,32.27690325011512,146.34977638119418,773.1734447607157,833.7229429721104,76.14258726557787,45.581761705134724,841.9912929943798,703.7747033110244,749.1612442346807,458.273828937155,0
31.457677697958374,291.21041964814833,987.7609151361125,993.2524899062909,994.5668132388187,932.1267499186265,594.6889810190178,716.893475122837,725.723044124148,51.70353953151074,570.7007517078549,45.884482229028855,518.0737681241557,192.50610581866135,618.3387480466787,103.63222880219692,533.8986408287833,759.9882962819773,798.216482591028,78.1735318146567,0
865.8957103850921,978.9900746586294,527.1456014250407,268.6096688820708,914.941713659934,551.2803698729817,809.218182740354,817.0136799877757,876.6934801573265,926.540044600356,382.7001583320626,819.9416901943827,310.09083626666467,441.9420876104535,636.9544906337183,907.5936879153433,852.8371805109585,949.049372449478,232.70687749271525,950.9276497434005,0
417.5462263647912,87.83520492333552,104.41511056970754,392.40910436790335,212.66262870976493,633.0803807921995,564.4404219708422,23.953935324047325,911.5464856482441,846.170833498685,717.2352509749359,377.3236761677693,55.54072322062653,11.179912670915337,338.2016960947569,123.97581119796708,370.8022525424023,193.75338537747567,589.4347999887763,962.1327711264175,1
482.56175120765874,953.4671484695566,499.71626599230876,295.67498821814297,682.7352029412002,411.53951027843783,449.4103351320878,233.52469456371927,945.8963482282929,48.288657030327144,735.846594730739,275.24863911894073,228.72268087571857,938.4942344451202,334.48916119893613,190.06063791379012,523.1007571252561,222.14135241993617,684.1428805355082,696.0611964842424,1
623.1936204825436,820.5804254406348,226.74219356106784,378.6034385633171,556.7603851126925,433.8627929913467,445.347849443714,171.79379900454649,151.8671090568168,946.141501934237,763.6201137661843,634.0383647235581,22.842158883253028,76.4569070281208,258.5601378026243,206.21208652011524,490.4707089914805,876.6482565290675,913.8774795165823,323.39298335097277,0
442.01966857900845,268.9894023467515,547.2523777484288,263.0561955265209,570.398309968092,341.77370591297773,657.2996490700189,933.3301465815481,604.3106112927279,308.980242134512,98.74799223990816,971.7895908600378,101.39511966645831,787.9778714217955,433.63201630496695,394.5068594667107,341.4301992970518,808.202766077407,468.0327019501113,165.56720868427576,0
904.1552034772657,831.4506447894745,802.0126070316688,184.34417942786507,495.30739006096803,565.9955778375111,240.91287097738922,479.1181890958097,802.5531496704548,865.1408860575181,619.6375563213765,687.1978355062502,175.65005395312429,410.8493643036417,719.9562122190721,211.27138725163664,201.3857265583171,785.3107334826879,827.6784086767066,907.848979855241,0
102.09719728086597,445.9865854964008,680.4707790997284,425.8170019774096,778.5187428266485,407.14087881655024,385.1001758920741,49.85869235236873,286.50091888440335,571.8782286059529,38.37017700207601,30.413723310644958,500.3696994321287,695.6673521098331,144.8946069700172,266.9631147475835,645.0560387574993,582.0009076761929,426.8895090412248,984.3226376023954,1
969.1717526029162,94.13921458375285,209.0668585896407,124.78877159996892,771.0905797766757,747.8581368030507,365.6325888038886,388.95888911090225,439.20726657090603,642.9689990735662,765.7196291786386,993.0866654289836,29.516529914888736,958.6716382246894,338.5462642044984,43.95745027630949,354.09160440815646,670.0242846625814,426.05811173242415,33.25122360246535,1
404.6613477616997,472.2234483196643,7.5079890209341915,675.1735327394821,826.5251847917248,85.12225719236832,867.6023485162399,819.0075239014474,702.3565876737877,275.00503680618516,649.0039116375989,917.1945911785416,693.2205881032405,235.443203140673,989.7968760731309,396.0205407598093,577.9062511070074,87.78887579856665,459.9212804354211,12.998899403449782,1
637.6116025287796,952.9623699140698,366.39739474384345,787.7722569336985,871.3400436691595,164.29371176531316,176.4839812258008,774.7821242992054,43.180804855025286,486.84342410866765,741.3432820206067,700.5905588664667,654.3290254698853,177.06686086402567,732.592318148898,267.85715660993304,584.0535371746678,157.3229502482616,513.8694509724257,591.7616475230037,1
658.0058503371397,133.65005778549576,517.2647677632343,902.7955548869079,734.2854340617604,572.3437581655012,547.276350600025,234.3814722122608,342.8007733279633,464.3365327690524,59.178717807520265,78.94858788570747,914.8501590967335,993.1684683842371,180.66207188383055,603.2238443682523,672.9815330074131,237.74966007129495,350.34727213639604,499.3370860876738,1
394.9146627623107,705.4347921105556,818.8037776820804,607.5949325909523,291.6352724930172,673.966062733744,697.630282846209,490.315897964292,423.7065619810102,494.41617229735715,979.1156951592648,457.8046422286858,68.00810165162562,109.34343534287017,924.9289287552667,763.4129346400073,281.4545881377336,209.4998536074403,838.4260531933063,985.3583866274113,1
313.19097130347404,586.1948831434117,771.8902543802319,343.7559296389613,81.04487449247311,384.1280590694265,661.2366502992537,777.9174740769222,397.99715103418674,481.52366023502515,344.0674967596099,138.36262873119665,203.68607410069163,437.05042788060643,812.4264338359051,905.1377598202472,244.02799298217525,146.72518408601675,177.2183913288513,131.31572389634206,1
427.344690578956,677.4060660764227,819.5157710366595,752.3102776729753,907.7765592043883,715.7528296762964,975.7621779510927,121.46677599383627,852.7851389210628,330.2746011538213,293.31929259635604,28.233469872502305,595.8276433206407,623.8695120543055,396.05354758424227,423.42680932969233,646.3995756107489,796.4570775271688,380.18682046620165,347.3348911156412,0
498.1740213171245,892.7615517338667,389.1279537683846,119.55138288767742,901.8332426677717,14.851299241608773,283.16628518746336,368.0424219147502,998.1689645363269,928.9478572517993,982.0997913940289,178.69157333936215,964.0957741723473,578.2860124648072,748.2817807680908,650.8451592549959,204.7597480156611,986.9875482020634,172.47667151396874,638.9845867141012,0
364.0810501191289,58.58902635008156,438.57600083696747,95.88446291857889,88.39463699589555,137.40061749287602,397.54601982216565,916.3766645530121,976.5108934951445,863.3704287082112,37.915530137148544,291.34780393400615,892.3510365542226,789.8890019814116,287.1499156884285,105.56505219830514,155.0470047151037,49.19803673376577,259.92829869412327,242.78444032537672,1
660.5250002538885,180.08038454352538,904.7957126954327,626.7531354698305,680.9155482997147,425.6983206389108,369.3875150623754,716.129740633323,575.5581894936073,184.8222060108936,929.9755017651981,805.0149224343153,200.9896524719823,295.1065414379791,306.1277671887855,545.4260163525018,598.347303669632,541.4660612941806,180.18158539368133,440.46152302061034,0
81.9795817235327,113.52487010537293,161.4673547274823,397.0106654840968,68.30641621371025,646.4258603007823,49.50699465021502,498.1692259677349,193.67659791330348,434.57545542848675,169.63463179056637,516.0418252317282,260.1806057010617,918.9551038299422,356.0663565709499,671.3983588638569,55.37477626838705,793.0585054477701,327.64157167593845,901.2047252829811,1
915.7272547375845,349.84878050592016,974.4078689193763,635.9356033398951,187.87761411148597,20.979054864594172,348.6997349049578,721.1222419637727,230.46488181880653,356.4054918633861,363.01459938523004,809.2907020885872,201.41763574227446,509.1517610429063,879.399691030569,392.81313197888454,83.524295839842,630.7250761540639,976.6080441249484,717.918176644855,0
838.9750617753118,664.759350476721,159.24696653232772,429.07907759028063,319.23442246294564,538.8306464330913,757.4783784042,254.52459829027651,730.6214113363264,311.6851435780773,47.34043573659841,878.873454787755,588.8659897204615,265.1835620042934,191.44803354354545,635.2201847007013,508.2072900364806,156.43721983700465,534.6034635923447,193.28124583226125,1
217.3669237312409,30.204360344910807,220.7262813770242,212.62571841134704,614.0999667232943,802.5310409968541,896.6461834734129,178.45887394437366,306.98826719965257,157.5789249589512,239.03672068009075,10.847343745588045,853.4534837110348,230.73815055389736,941.3763780919853,690.1746182081017,969.15893852206,232.53843883035864,838.710015821623,388.58146405510143,1
146.6292323601235,253.19188508480462,875.8752603518643,52.673135467884435,160.20396356868082,38.29615017144017,507.5887867601644,755.4081941804075,987.5723217984591,141.87371792807423,662.0932985391162,713.9955719120507,812.400017191926,750.2646990011997,283.57966909896703,242.96062638293202,670.202598177387,696.7481427891964,525.3697066435639,96.77348932226538,0
372.01700264312854,354.188091548767,982.8066266092266,444.1607987654561,283.45222744902554,906.0774568237391,217.76601362912984,646.4746234211366,146.79402758708105,337.0828169079104,526.9853771615841,93.29845075957688,536.9246917327263,420.652342999029,484.9881042998355,488.5290420342988,180.42046188437422,387.91029873529794,614.9171010234999,208.55208771344536,1
896.6091872215609,435.8368608136788,991.740147707312,609.860484760039,146.45604109719847,769.396433721418,840.1563057813661,936.4807701024937,686.6518398956808,167.96358133733736,618.9931489904368,548.8545233244879,839.8680808177771,985.9117636842398,979.1086947655973,925.790436485057,130.5726794619515,984.3923090289171,913.391582981947,675.8130971333346,0
863.2395558827774,936.9333389519703,967.5591647475852,98.32139664089613,428.6613627422724,138.79041804040625,880.5776850309289,476.8556495637838,306.10138361820816,167.52203765202344,266.8914244604459,903.5791006653158,398.060173368242,41.348965398993464,580.7268508619615,932.1393593900211,189.19456023795667,824.2315384050729,946.4999053807587,304.51313260235344,0
605.0603661305373,619.2808995791746,928.194300685986,183.58533637322904,706.0325761973,384.0305869368693,320.9551067667581,367.51783332859776,656.3495924979792,815.1686700187709,608.2694002622175,631.9605767618402,884.5355095764993,919.3831180001009,762.0655371208852,658.4446317966905,956.9252001959975,294.58673985395336,739.6439593508336,743.9935441099252,1
949.2342756594226,789.0543667156514,832.1847940610671,835.3816792162656,793.8539834335741,22.09671046450479,243.95975814877568,796.206738424051,765.0059647528292,600.7236108090057,974.1447256819033,800.1639868387516,792.0302692151217,852.4934235462738,707.4949639975239,586.882357044545,404.980284670047,372.1460026987943,622.3980300686117,588.8596228096238,0
720.845280765299,994.9711041557069,33.125297476484846,555.528214589169,238.9101786223279,50.13283717178718,302.9724036452229,701.8765361302495,622.5915371571961,257.69656049047705,285.13672481297334,5.493796046015853,442.86063695550416,421.94600835968976,711.7023875538906,339.47831088315706,78.09225361314309,759.0896775248219,912.1856457117842,433.4330108469509,1
180.25313741961557,326.8409133480861,990.4189496959023,501.6950259410835,978.6291764181485,485.6924842462621,413.176006606757,380.05428530718945,31.416399932786774,233.0071304766095,464.1889254555506,610.6600272689285,918.6697990575886,514.9044494415116,820.6412486861541,79.86582088131166,203.0000392183019,875.140200114718,710.2524462101528,844.7592980815351,0
26.50440706267887,535.7204179461716,949.5431492329914,543.3640289747932,962.1834671338041,475.61447723019313,39.99806893973379,682.0080795379188,205.49757014512338,490.5103732723832,614.4226728683454,647.5276265481518,669.7355928147097,624.150765014843,173.51608263762762,830.6338318143818,746.0347121364639,843.7216103289641,978.1971136744925,137.18646098598265,0
684.3319079561669,681.2908919227998,949.9606231210164,614.6703274347823,493.3388003817728,494.8983420117881,585.8923722596732,587.8786881803209,788.0611132402257,201.01614788691757,393.48058205997484,71.35388909552009,798.7405510791441,657.697372216114,257.37917994238,595.8988597058684,774.9656619429862,696.0430513123223,915.2056063981375,737.9768418434888,0
778.3546913259158,782.477677360999,422.0488152347417,121.69919850073008,938.7188991800026,175.17776206764802,904.2850669896064,483.56442176441436,723.3724686188268,224.1844913712582,248.31940785780915,881.6805404123082,684.6406321305528,114.25966496615436,724.2011164380278,752.4744993368112,301.90734202568916,674.9217481785103,848.6834279528917,899.0066487903096,0
897.9110254947294,964.5265797496681,421.40962391436267,991.7234930623403,412.7027284094247,714.7568918784017,436.90456237712317,591.2408890125819,196.4303286947936,222.68676715917712,978.3841655409057,511.76537182743596,919.0840050724047,617.4991931514576,259.5520860220843,904.4287114942381,744.8274294536905,7.3444791663390685,348.41384081061875,260.36655740447026,1
295.8349868052477,373.47614639344727,344.2572474057073,742.712149792835,889.8140568636238,497.95270120251735,873.272454253351,725.1223350607426,308.54997618991086,231.9981104639669,443.86072149612863,717.706938562859,893.3684849460764,444.8551779486115,686.1718285577509,745.5111089043174,470.300069912809,127.56954834351231,22.43517166763509,319.5058955439697,1
556.5523228146036,427.66636140740735,419.0477559754822,35.533347566303995,904.4655142126181,513.3872301261056,910.3895718494567,709.2220751686007,150.33328348086616,260.89508985482513,571.7495813588582,201.67708724721288,298.66828791482845,340.2937372596745,908.8350219184064,91.28499689270741,993.0760427775289,250.70961910892208,124.37231412996985,903.7491668001389,1
261.3083683634062,88.50512854603821,269.7995713875364,411.63576813256753,962.8902602760713,610.721449027891,850.3333630390606,278.34724969306126,236.09039974359314,130.4813378832641,25.04211241286336,450.6929141036268,207.60531248104007,370.0655513321669,855.0114675381038,293.7303881087144,72.68532246735104,323.90396302089295,94.20906000675267,664.5470103094344,1
241.5008945169118,8.12317666693807,634.9652639211622,255.83103811659714,714.0490420630921,389.38643756289747,720.4002553325597,80.78951583422922,634.1850712480292,283.3003197430597,349.34116645271683,379.2598078241536,274.57027217754603,650.9209880608571,403.6328361975039,252.04451437448017,653.083710422075,210.85273569353313,604.660402611184,579.2804798819037,1
255.41787249909086,722.3973653064237,707.6476825177666,411.7836390914904,290.83821179237725,474.71208552329637,826.4251194761039,863.1987504830192,817.3512530316873,559.1756909756821,936.7507588201335,204.31382030073874,220.10587995697617,368.04658078250105,413.44115352340293,465.5958024798368,563.5954478162655,967.9586561882405,332.05883430499097,466.38130510232446,0
635.9154620544015,773.1113383709769,338.40131037908907,536.2335370755101,533.9002301122564,63.74115112980672,216.59294566412424,233.5341179433278,610.5613930315415,939.4913476581471,156.90264846209445,573.2753890981826,559.3006773225128,170.56369700232955,661.1988521949661,265.00728970751317,856.4282613114783,773.9704131892099,290.41916344747875,393.3893351792684,0
433.3916197072347,281.6623785769393,448.8349353913007,600.8647648484065,14.280468874459107,980.0142081721094,420.65379314749674,845.774214026313,831.0747868252014,291.10157221089025,103.30852791922452,586.4497364466932,896.9819002561885,167.4375142008432,468.7103757970321,759.4437594147591,386.80659748929804,801.7445299131114,966.556579910933,700.5200831241494,0
365.86368660740044,744.1001406959135,696.1521972433001,865.1775775312545,593.1613956362396,684.1133242029249,291.1840379979146,689.9910114011396,145.1575769941773,568.9965118591917,850.4163830804849,416.7206686255814,261.7667778751761,14.559265807438827,742.35858854119,372.5570974967392,375.93858287697225,837.8985826956693,386.37120988565886,733.1985768312076,0
662.8801475759781,536.1796673308941,125.05322540147246,272.76272167648705,902.8678467229165,170.47886760576114,690.0245293436311,9.18689016987162,731.0617321251599,517.0567920575187,418.9638103472527,427.3885340716496,692.7369569686075,817.1501790232388,301.35962379084737,624.682398035638,266.7972988831758,87.13166640441028,48.283139279303725,845.2398531588245,1
9.051296523750253,779.8841446442449,442.9257021635287,605.108758043729,492.8642074709466,557.268895941338,52.76367965968676,244.95049148230973,115.86173896652896,285.4433984665896,261.8965517359205,850.6922685092537,437.87969965088513,850.4899089455557,295.84216027875823,550.9507337354485,898.8631344542905,534.3088111046119,198.6565287507537,774.6897123989836,1
995.0792726129667,88.85289466499002,137.63954479450757,334.3509067734013,28.6048797933367,651.7293527898265,257.4903223811613,33.895390599046785,633.5967613648745,600.5367037235045,671.4271559398267,778.3823873402584,320.44867603201277,132.9820403743529,175.13682226611405,917.1488952941207,598.976007489947,784.0117860094949,952.5535596411835,14.821256603396504,0
512.597697177188,600.4130768091676,201.47672796073445,778.8206979767555,334.8963606747648,296.8302505454269,768.7959422625827,949.0162626343334,123.6615792664898,650.0766917854359,973.7203095092347,966.0431242569017,505.10176175158597,649.7607139817063,701.1192512489482,448.77202760640364,744.361007898224,384.6152925693347,305.42735168178035,15.238036852049719,1
777.9860868268074,161.58923498572076,743.5363486091514,18.780595045719384,962.6628062601361,816.4110266079741,365.99113365204704,80.92733276138897,327.81756076450176,480.17561000070555,42.73986018343467,918.5799394332191,588.1447197828763,13.414303957285266,758.2959243504378,875.4951542735454,950.3213179672251,5.489385207324671,906.1473810440549,183.6028679385191,1
276.9045391856852,924.2095139564934,980.9354551556801,146.62215705637684,847.6457843724528,143.38650577327738,478.65413267993864,571.402879680877,392.42156280375775,64.17820615989433,162.46430900443954,14.338877519510241,435.52609352915283,911.728526530213,418.90312191114697,621.1063484361042,888.7483245687393,417.7447540644136,602.3480249987277,509.6890874292439,1
878.9702503867577,837.207589078928,330.9465402718398,538.4131566990521,185.77465787535763,949.680433590213,164.76620123846564,692.3473172739178,62.61708583397163,754.8842247670322,833.2379767833006,502.9643350059407,954.0652289021673,170.87454120789502,160.0052983542649,879.5772395660609,218.9644101109899,772.9385438871396,979.108615831775,762.7267966550521,0
145.56678715362813,747.5395632989616,882.2066942792125,409.88083798389675,96.8219609977764,486.1919543070119,192.19648146930612,814.1801338778615,441.04324835960483,710.5020897912475,283.0961279763339,873.2125837447575,591.0306043169867,335.612391274236,505.95908728443294,743.3494930284138,856.7942003410753,42.97436890059825,959.8148314734566,808.0543355030967,1
661.9304966051766,398.4911004831091,503.15358900816085,796.9017147990947,448.4480579264417,644.9445724937252,590.1811018794202,783.442770934976,686.3082860069226,617.5701847294364,799.6577014201883,319.9033439809534,934.3220615014486,226.23863173668835,587.1732567595853,602.5217071790232,679.6094113633787,98.53079903182027,220.70455153585556,324.5519583981833,1
852.0108667398965,690.004976964852,585.5857237142799,532.5727806422146,131.19403315182888,566.2006155695816,210.6697119698787,501.13204184227646,5.011802760627515,121.0833185749719,845.6370098153111,682.2441049808779,934.6215808815818,264.112429544524,72.84369031136518,823.4272055279105,282.3360360504079,448.5145868123537,309.1931606763254,685.9578295964742,1
307.7683587969831,280.11387699553524,353.7053968041647,370.2523235276588,301.04550883728143,116.63820553834037,401.9632051928087,108.09326582578038,829.2610498250438,821.4633971995268,13.514435312934502,873.177244567203,787.3782805738423,544.8762335032875,584.5552984572952,430.4771028021498,29.78146704304463,803.8635032028669,7.041513261086263,24.312244753521227,0
23.561218517824667,378.7648413521565,556.3930986102283,787.9360727148495,439.5696820572956,864.353943592876,622.9946072870191,558.1300139342214,834.2533904216326,950.2463053829073,845.2366113653362,26.638802031687003,76.89567591883706,640.9393214733509,912.0471973950374,115.39763334785592,647.3932550787135,813.2663332932716,750.2264239214021,155.30535980268834,0
754.0783353414013,270.31438903529516,116.85227838630452,147.12475452390981,113.66056327427532,763.0076149555979,743.6374208294644,211.81744338594953,613.4115522700058,447.08575524446235,49.580735971539,131.8683146436198,19.455325344512776,147.7367737186872,624.9295050365538,476.27959053191915,296.5374270000871,663.6707145029588,3.4494978117104447,709.6678305085152,1
946.6429952758567,117.60016323307343,974.1089409707063,618.0899676135838,284.61861361876396,775.027317833712,464.1740240896777,631.6112663820886,32.38787212294103,539.2978863711551,374.50471649058727,429.5382038903476,619.9204773000606,677.7309956202964,467.1349481738095,15.95174460540938,364.8924868930603,861.1998777761103,850.147104983604,78.06302750289285,0
532.2983006672255,431.71786387376454,955.2511100458979,393.64663307902146,580.4301883613159,483.6547151757233,869.0499547581994,791.843400721823,80.46158188247776,422.2344975883755,464.201886157889,333.27018693035717,817.380634489625,310.82289033903663,56.94915644766119,797.350317104135,351.07301707879526,959.8132585672113,499.238167457527,253.8172375052884,0
862.4995737885305,814.4932473785128,337.4378319198747,786.2343850787789,348.38769235555145,536.6915952104923,280.26141420142625,535.8462837001375,505.3506341830012,804.0421600027255,100.40651444189186,377.9606572643706,428.1360989816068,756.3789476172852,957.5822862170243,786.1561975240485,720.5632959270705,751.4676959365196,845.5300007934638,912.9479334961137,0
606.4102027849135,928.1754668126255,347.7821924767369,991.382725143045,435.9912312264085,263.01414823176003,531.9228626994741,382.9871532595659,265.28985760776703,242.91545687521233,751.5028268873491,117.48406835005399,844.7738245204059,524.5140056966637,503.9264612048223,443.6796567752921,427.7336145447384,568.625041925482,216.9842470580171,324.2036061194484,1
905.7146738413535,746.5632389962333,943.6628793602326,690.7775397492243,543.9832862619826,275.1152979319413,202.09273570080222,347.2369119067876,976.6972759943772,24.312765168984065,850.1799270239361,437.82618093722624,193.30102104116676,677.8832717296247,44.13306657016358,60.115493647922904,566.2479648912326,314.4475751508363,402.42664427331584,647.7538354744053,1
719.214489173315,817.8154748079729,216.22999108989626,461.6562744518996,578.9823805225395,413.3591895270394,462.54610135061705,88.30414065256942,601.1517966783824,762.7203161748337,932.3934547395213,961.3118647156417,350.1091303884055,214.88670801588316,15.273957890413858,443.8100980656042,508.3771353731604,827.804088276037,132.08750546985604,122.64344878814381,0
73.65728430682361,560.7050261017865,665.0797998804298,167.9653669906257,711.7930436641561,416.4976932106489,681.0311881810212,792.6502999817745,276.225553625848,837.0228317938742,874.7677029676031,699.5280301242306,404.03623011601167,482.04933216724356,755.9535052532676,999.0660800315275,735.767372741884,94.38886942197445,709.6840680212697,604.8454039365624,1
534.255671282267,462.12861166189657,977.7433832184063,115.82600085439255,487.9199604952839,787.4348457707158,526.7893019857509,928.7556102064879,915.6245241516459,300.66694198060605,404.9234261936473,651.691571999023,874.8840832973685,347.8765652854012,8.908412615697191,355.2844432440476,638.1736664523488,857.868564977124,564.3844185545291,443.79341327907326,0
745.8658350095004,241.88796678880465,637.090791592242,2.429555244077175,369.34049080190925,858.3053298762968,655.9038965277125,88.9860075546618,33.199934912145345,799.7213291362942,424.2964336423042,550.4584783573101,724.2006346818699,551.3541774099846,783.100952447602,848.2484958292343,888.3387466849823,427.64907955697487,794.5871435120177,17.106495633252507,1
272.81636442988236,19.222343928316565,349.6152432503346,129.50520315862656,110.79125534056811,265.93931536325465,290.3235758027266,789.2166973402702,508.4892430318321,742.1860636407447,941.1294383108207,471.88060084016604,992.9868889647888,111.89147570975288,98.36542930354008,404.5008430068391,356.3951184094646,631.1207707921996,877.0006489064087,763.6317951962366,1
753.7778396147279,423.81634400723,426.4785873659058,216.78209599678243,557.734758730353,713.0256599815132,333.79139168413195,793.6158412919086,528.4708826888269,851.6283147291533,445.1195350136753,442.87626392240867,910.5902422096575,423.8370426341127,854.3852421905581,173.13901011843348,472.11448244957364,591.6750213701999,295.56544053979906,121.96165329078046,1
519.6362467462181,980.7241317124565,731.4775899024734,37.3021883470378,192.12840359478844,489.93604216183286,38.491350320812856,450.33063564365773,499.98946058214597,614.8398716272185,228.59148505766458,319.09966674480285,966.0207802101664,543.0937071003219,319.8890497142196,815.1910211555901,513.4716088126218,742.4149911852179,869.419489543868,704.9755000254056,0
508.3145699193098,463.7727878585185,346.55954372866995,671.5004117500138,157.13784443795288,446.54031966275545,180.55841010169993,79.16516933738794,314.91950474967524,232.6769231929764,716.0079055059953,13.342081135823026,974.3144449125772,508.30940022725355,139.97646770378637,49.23391660099985,525.5942840040576,64.22385502186812,226.26620418706057,955.9247992022734,1
148.5192864482303,342.42491792971816,703.9530143423419,557.6296052049155,521.4584512464218,856.8447251316705,658.7759237335769,294.2241238811739,631.7299165392553,361.8709369188707,53.367406205075184,874.759251839057,905.7287754101607,903.7254147492431,666.8663014792088,447.17469167619197,225.23747817540186,514.0815494358176,618.1539330407302,374.1045169969854,1
373.5647048815611,400.88189002105554,100.79584739061464,786.4995241436128,605.6811465031545,992.2357992942282,643.3681940336542,197.87312150140468,762.0284395251374,832.9218347480942,281.93320998495295,125.53365604876554,837.3196795885169,397.5944793883912,785.6896844223251,808.2621587684691,755.3068070859348,726.1647385600271,300.3413768240816,658.2474421204114,1
434.2641834765428,849.5507323768155,546.2858178802474,869.2868576405323,4.180688913138386,700.359120103362,180.72731852317003,438.3763753896036,519.1538570667764,587.4148482103641,373.4865449730599,1.242055384815255,306.34460916328544,430.4649522772539,240.29954671641661,999.6813427570014,450.78801102764055,221.94791461463726,164.147547357708,505.83922332306685,1
886.9958719813834,148.25324952977226,33.187348263764015,203.21871720741314,788.7703974893813,663.1222769731953,352.0905724114005,274.0857169811357,746.4387171133317,240.1600914960621,804.5468666901832,113.89607888454101,55.421787378510224,113.76170063236613,527.6952410670366,480.87423816232365,935.0872067521639,132.63667684987445,41.664243039904015,756.9546847681547,1
386.2991535034743,607.5754395806789,679.0988015926266,189.18205662233234,401.2760142649179,374.3463139097284,219.8920155643811,599.1595090778895,698.941652216613,362.5112715982819,781.9510685181841,296.31372118287936,757.5236631837892,562.479540377,993.6516009312877,112.8459764560834,318.5889096955838,922.5318578334924,314.90063948795654,479.05756619226315,0
959.2826502338,639.1596410814143,429.57356709893634,747.1654900125841,201.4787047019565,669.9688582037857,731.335919565563,21.66515738201824,261.0195577946992,454.33828856078793,851.7252995996477,28.8955534885601,72.48344126169704,30.449636534337856,910.155055763997,320.0028995737571,897.1878673734241,675.2052369222899,398.8746546076224,772.5466799165533,0
878.2628790378708,674.6022985844992,573.9656068303474,510.16691416316786,560.4760435363704,59.031297701024556,761.6394544281244,717.6717903112717,624.091550735758,784.2407281397151,293.79089983479054,577.0626852154556,236.21191784803474,127.02297066963686,164.51092845172576,234.99563439960315,953.2660875640108,511.33826863719577,811.12098454874,846.5584028365264,0
928.8418517677526,471.6949108001035,842.5712680541486,101.62178871221306,984.6246689284842,202.83784693116857,845.1110136549784,485.95385886176365,856.5189790536426,196.77416960710337,592.8441596348576,273.7743956102141,889.5649304860416,248.21976854761053,641.4226401188334,471.94032988896026,488.4807382636307,504.797736377394,614.0482371579145,455.15839554867233,0
280.5558049528807,831.2522837972466,404.00759911494646,856.307497075773,739.4411702913088,704.4316337560443,514.5294189931864,314.4042081677798,404.4941715171787,524.3093039430397,631.9129479238978,834.345409176441,397.85295568670773,943.536673670569,173.72064472439496,142.29958775750117,824.3656555551355,246.82954416458747,735.4024862874579,226.6394272321547,1
207.24887521264878,124.36428446512515,939.0917810294688,474.11617128254045,550.177764619653,334.0906333298013,529.4751022877069,34.32872377552387,935.9646825578626,233.99145995581384,167.98031015953873,853.3905588580217,4.547919502989606,208.556656066746,867.8201747247438,442.55340172388316,671.11940148488,280.11078023588453,652.9908074907812,60.26995635533672,1
355.9868556294833,208.36157342906736,255.0477515489259,846.8963427509238,248.98727973108592,128.23143324205287,129.8976575776326,539.4881474458027,410.4606959401883,741.7004682107286,782.724959776788,795.1430892062903,75.14638750571623,106.04560679656826,13.680758196438546,529.5084784243021,702.1415598255229,774.3280844324157,139.16787857884128,296.7928465867352,1
173.0153924264114,114.30230178780809,259.90137657591595,635.613658886756,367.2858763693344,402.2811522820279,806.303623945153,785.1833548041417,649.1854348846514,968.010779358439,957.6214342945217,816.2408225661966,873.4319810560546,595.2429300089124,401.4752284281149,647.4673161439308,96.1801006456865,711.6661875860917,95.92765323532349,863.5445799279049,1
817.2700777970954,710.7101972061473,761.4850081331202,86.09022274811883,101.36528275390799,655.2131071783497,402.9875677862981,322.6503326274759,826.5702944324354,266.8295382916117,408.05303698470516,386.28039129366164,557.943578040658,624.6740897596874,846.482479654801,898.9253462544301,647.3037216477047,630.6580271331469,815.1865689170403,112.86217483251981,0
668.8192607357994,996.0430377354514,789.0927376091738,535.6102242521059,865.1854347485297,875.43708674086,374.0562563031378,498.97703544405437,528.7768589331524,823.309871132268,996.6040865749437,958.5829512557378,943.37022680488,845.7230242024958,992.7835461503863,485.9021757830252,807.2543972519616,189.13637420928075,933.3485767487153,530.3702529745813,1
832.1665752767981,265.6637534885895,695.2461070251751,40.41478315147518,303.4064026782757,342.16650154189097,914.1519107863854,881.0854798797778,806.8120922862718,10.702429196299379,169.77168592905068,519.502112134058,982.1161433382738,771.8246101965673,471.21088955069604,671.0215239248579,577.6935756153792,993.9143506404856,649.8789600565361,777.4155603621929,0
737.9328525850549,537.1340669188088,156.04682795297808,202.097321289903,371.6774688079213,656.2137851544998,159.4742506232415,999.9417283143803,714.2845887142132,797.4347674023883,556.9354320491223,657.7331455659164,28.51015673897539,862.9275094956289,138.93932280744247,678.046105222637,991.3551408403125,628.8549293137855,680.235339924405,131.8558183508275,1
95.0378504502749,54.98609356857875,143.8401051816023,916.3775359077879,610.2130717480911,484.9958580687562,475.60197052789243,692.1226915207254,742.9044086398098,240.0429011927835,460.7121750945351,20.80441171283931,460.4791329431864,793.3247044106547,746.9562842999147,190.75247034248133,565.2442079982061,965.5165511631491,978.7629729666089,87.32459413667203,1
616.0955604205002,898.114397359746,397.7277440608761,984.2007594001938,615.704110108141,935.6313334096783,372.24679353897716,898.8833321803239,639.3502103295224,906.359348538188,832.1557789284017,304.19179080777417,819.2830173258508,434.22188488326975,175.59265314755856,796.6149123560169,425.0698146995865,372.96622217955564,575.4041067262888,182.99505314121046,1
751.8482626919996,868.1503691842677,606.2303057455467,918.6778227714885,687.9930838250865,854.8256250104178,553.9818035118503,92.58765533569103,704.8767886552628,82.70137950052326,160.95626544199348,507.9368955576242,202.67730808914396,444.94623737064353,382.93278940980434,166.70951037703918,610.3065304141281,152.7414072793366,462.68202759344376,780.6570342552924,1
345.7938981120504,117.73226087709543,617.4783857516445,620.8160694737402,434.32719929200556,381.7518325072311,926.3341285460344,673.9110688516068,289.1267307817582,289.4524810099386,58.92714728394277,443.2517108974282,28.444640910879503,241.9874127202455,529.6587051598958,831.5870109746543,572.5401556039121,299.6350184651242,818.3474253226784,517.4630176452913,1
166.03778289322412,479.70926598071975,724.0944787814283,732.2511867639219,147.96913772149978,964.2564654852965,454.5173407020583,455.25326763368525,677.0871192151375,819.3819684002196,586.5718135018925,483.1919185380442,433.5487973747638,455.8040863208871,937.7019768358066,958.7995050167154,50.81621155183025,165.98188621933164,309.4526512247282,807.1532116579303,1
543.3733499833338,615.319567944006,875.2652540322209,892.0480182897985,565.4999947233114,239.02635674946927,383.48886823956605,267.68488515940845,526.7432494922276,194.4165810441223,326.8183460126896,940.9944726196253,47.36211624543951,951.2149328284992,543.4517569262347,374.468638648084,679.7856760937791,93.9765392100561,992.6508157356687,70.92909204760089,1
398.87359696491933,247.66221979058102,111.30139545479922,789.870399613467,192.58975543236488,243.31893393659877,63.361271612312976,250.8910334072174,379.79261625837734,229.5872884299137,557.1661910768954,37.981001262686775,806.3096313298769,161.651927286083,908.5712093036627,71.01757789270613,73.49415551218198,958.2087539578719,483.5160234978816,311.8045600424768,0
109.03553118488696,557.3335668445229,487.53869923934377,485.57363766115816,271.64059250529414,614.5052241374841,159.83563924780154,529.1151806898507,503.94363131251043,827.8493495735692,119.05348096078173,882.3917121328778,947.0553619417278,176.37574686022927,163.95215882461255,36.79457265727104,337.32304947721116,463.4683315847267,994.7592197953819,912.864505205103,1
325.99496232455806,597.1920401293055,594.272981981936,701.0724397869136,121.13945873726828,5.1014119019634485,380.38628558618626,729.101311186443,197.03511571243527,634.9169174940009,355.24668708564576,64.66318882277233,158.77971248411671,450.54363381511007,914.7470304002368,309.5054559592241,994.1989841167898,84.84429189124121,569.142979146864,256.6467562037041,1
832.8847791481869,833.567944753441,438.7259020183046,218.57444521022938,642.5342221818431,424.1333987387431,907.6678684739653,293.57441840259446,601.954488252281,229.70569632309667,779.7406795458918,162.00819762843554,772.410761952281,345.4968661119806,332.7665840715972,830.9055137751334,931.3594762468041,245.05246478353348,926.2949147605319,265.86340611076366,1
674.3250321615101,888.5491943415567,111.11052590177172,358.1408786188117,443.80598899083776,474.899884988659,103.40283681287255,47.10834153139698,656.7898359178251,859.345272631291,574.0583040366341,637.544030738755,949.5750009004453,87.29171318208063,408.05366520758093,938.577039761407,944.5957696187423,815.4953757156381,583.8939908608223,437.08323146742276,0
556.9772135596763,945.1429835902358,744.9450965674298,784.9028752991844,783.7569011237019,75.03670050047661,854.571282170444,263.2418824224669,784.1315718039791,568.1566002613156,496.465165130695,448.73838668932143,805.0366246535222,168.3262137204453,521.4180699555648,275.55140422508254,270.0668114603004,576.4315623288653,307.98713316149883,500.59482715888447,0
992.2840171735033,273.75340319845895,355.4861724888723,217.72022565037108,964.2719893622583,55.198047447402644,963.399014838683,151.00691575201907,590.1015271258316,831.9443657393252,506.98878309987504,139.64938243908043,186.6753245917797,65.95279343063521,244.11074010566526,57.168422759074524,501.16137842865373,435.3366970155601,499.5145142784547,274.6373852047296,1
15.882606073349237,701.3827090325289,428.80123636771015,687.7310393988301,327.13064125068115,992.3434142008805,390.6956880950697,915.7930339533702,188.89192095726594,295.23282496070345,903.4625985278392,24.672011568473316,39.44742615696517,347.2804991005839,872.254396393186,952.2826694823232,122.99621090751755,402.06720779224383,761.3544665120578,255.1020189919311,1
477.2084871629926,839.5543538280194,345.0301755698427,169.74061605894374,731.3926609352228,926.8327568591334,786.616295767721,662.4429313739682,40.40486076983674,372.2228356837343,921.918207127946,80.2372612523342,787.0045420428773,750.2280421934659,132.29891041351493,414.51009788435834,627.5190096931485,505.1841626614964,231.076453305454,850.4387370113694,1
179.5247673952386,571.8079912741679,884.2618476539603,265.21325540284704,224.4860309338037,908.110987945852,408.2105472998263,357.0666475210966,243.40390201547456,694.1603886578387,952.7024222828911,919.1430674730501,737.9409523830715,246.76815665028928,657.0523531191303,160.76665026485136,187.1121934167095,814.7651401089005,642.5556837359469,409.32879278623835,0
810.8726721850213,298.2757608151746,860.9574604370192,245.31890598457795,108.06747695833185,219.63489220020728,327.9569204093302,879.942713174941,747.940266047918,830.1661002920494,252.95044612025976,196.96317680707608,596.0833478135384,872.3300912235145,161.30082391153056,732.6025657088459,955.4490980957767,656.5180880560486,540.3038922134929,547.8324673044946,0
225.64034828979396,817.1232217769368,410.76345108529597,348.097393782293,757.3191114023035,851.8922656417031,590.9603806470598,306.834098687127,904.9773546077267,715.2065068189788,756.7434012317475,776.119121636444,99.7013309905972,721.2815481394174,559.792362443823,42.037455749223575,983.710348432364,584.6974989133397,805.8662343370896,128.6016797308066,1
537.5759152875893,906.264601940602,563.5141701587736,664.981687668758,917.988661613732,663.6987558745363,299.93696980870396,556.7827350447727,142.2930273015157,581.3829898549475,625.3416171097801,15.576299947833938,305.7711254284312,178.2647688008626,393.4057611019237,827.7158288088925,943.3778949875077,943.0523435883046,49.845628964058086,196.2957388759724,0
15.834253347697281,8.890876222605538,44.60839924201721,441.9549218128275,549.0750271883728,456.0618072483172,908.8775250885111,871.98378572582,624.0926143621735,283.52076089393995,494.15484536319843,405.88559151182744,422.6094598703904,382.3563609352278,310.63205431671395,7.766225423231021,604.809138134008,750.3577224095797,921.2096361178311,631.3357170789475,1
529.8145832468201,554.3569566520356,969.3293328379546,818.9881219848959,150.03179388444576,361.145746824292,676.6497111757054,477.842040045716,155.20897388477007,674.6716195694884,785.2626860519114,898.3854097496408,357.6492303202198,320.80668440037243,260.04065197243233,614.0359882260979,59.605237176217685,292.88869927101945,658.4828824597313,81.29617456096095,1
29.727588762143654,114.13214638933955,307.1973072114066,883.8676253233012,150.7526776340835,418.46168104644386,49.68276937635818,626.3665875318892,723.144900785271,38.819382944360605,953.7764878561635,632.2281216832132,301.1744588683238,971.546863775039,724.3457000032155,611.1896921743123,296.5440544003914,638.8960349071554,500.19013207821496,440.463307978443,1
289.5543629555834,359.2312125830436,131.47675282492855,86.96868825484117,842.2044297134789,503.2676548897198,260.1248497791767,808.2049938456303,36.579885693267315,845.122637833441,115.0796931269713,338.8488836577289,870.980718308701,235.57096233634732,952.7618354646335,213.19639098745492,397.70195407683053,855.6925169845715,874.5984476035648,799.0017863431129,1
103.37435135218487,910.3964725522459,86.23984445536492,787.8886253598571,556.6432411018864,955.4559952710679,790.4708441652293,77.6667419374808,111.71892560393626,183.25724869039527,200.12624085994347,51.19419315443685,431.1596196071735,635.0491486028059,920.6602307744926,362.77607920496115,897.0971464394073,218.25942752909322,43.043795516621294,68.60460226186704,1
47.95460153653907,658.7363772553196,996.4483900527716,927.437636408176,289.3102271893916,700.7502473611078,336.33102871739186,11.503410123833824,129.8996245238755,328.95704380478696,733.3725497458978,629.4503908530407,504.4025261743277,431.2563285410522,54.59552994498951,478.2179130709083,45.54500858908972,506.3706098001327,908.9854930810869,227.59561412042672,1
715.1515659666804,838.4299553074585,335.13360272064705,812.738754231882,393.04604169255566,131.8851186597766,599.5177498024485,2.6620946663008516,681.6735640937302,365.7662755373633,864.5609729365331,938.9216659140336,151.52480609307338,629.037785437607,713.1087529101012,231.91500822016297,881.1337138776273,705.3551401839267,782.1449640721561,598.8055314453954,0
74.4113400009685,117.07894861302415,741.9860834108975,42.65649674465766,805.310687020182,227.7596219849749,735.8457131059996,26.96791660789288,604.1436979298521,828.5563458425099,926.030375964538,687.1418043920713,866.76164804237,342.8918760453117,887.4934326248623,196.25739146754339,869.7220937943808,390.4297227489031,645.177883516788,74.01061311641999,1
183.85401768671673,890.235036589945,812.8797424632561,746.0951348906797,554.6376905233122,801.4023432324371,414.2996964781974,860.2647328201439,425.33267755715764,820.4261292921778,568.7079431685972,207.87949683728735,287.46956721256777,979.2977219339405,706.8012277292315,349.57489814520113,26.863893908977698,459.58866613806003,425.4002705421418,845.8339219105677,1
40.085191082853136,999.2408255384795,69.7482600860856,682.1008901900261,317.22701831566127,791.4760743187655,636.2915052878342,156.44759891926995,79.07709185202361,31.38467777701337,646.4185454421495,853.6495464353691,224.87097952442747,65.18594233286368,453.732913028377,996.6185549453774,163.7457797672549,981.3035795469139,636.6569949573399,212.7313341639866,1
631.5899167739102,199.26223523477492,454.5078771676071,833.0125356132336,976.9337467542052,700.3834540081614,324.79084066893927,824.3294323005799,237.32408779215163,712.7423227701526,361.3466140893119,736.9704260801485,880.641342909054,646.6156666976511,191.72922644951962,221.41888068696747,472.4068686463,99.01507568331125,159.9165148236916,32.27987632013629,1
238.145543275031,472.00605050775334,30.01986343834673,751.9292170276918,72.8409359496156,613.2462028938618,957.3584643452655,879.1436632189848,990.7980904175487,386.96285100347694,301.99650642140807,810.1598800708141,324.2736309346954,631.1224407690203,31.48627817858585,622.3043548379021,425.7006635889724,657.7091840999423,677.3102002257032,930.413466528556,1
583.9810642577891,972.5233842418752,803.0789999888681,851.8684239362963,330.06209739292825,311.67537034019267,214.0578954908462,921.8044022014635,157.01821123738813,716.8041532729932,566.3037874584826,28.077351378770878,164.2432752263625,986.5681574744646,247.4938880301213,106.40623302760699,700.875196912229,143.67207478796706,648.6711043729138,615.4466173528555,1
57.653741239929836,622.9233998114613,344.0696669998919,332.89367768138476,144.49587344956504,226.74099210218756,479.0110076656058,104.07443802420757,75.98436742201986,164.219665144425,902.6551529156627,4.603547801439567,223.93218257341974,899.5772311165257,30.694425209358833,556.7612582708416,314.87701195762696,487.45923433646834,591.2183548083515,528.2630303692845,1
602.317146178365,607.1452404171546,361.89964808861043,473.6484396338611,185.03347563288165,314.0937853451255,134.72997612807225,938.0775631156102,957.1007844231558,114.7347240413592,132.9076118286776,443.0451358935259,836.8954015109122,437.7066001554789,578.0569028633703,673.5658559742216,262.64175745707985,734.5014355508549,789.4460737192046,203.3372766420346,0
198.28229128304397,885.5310382042246,593.9772683498595,874.4905061591166,71.77698335348803,362.49247899216886,306.7088430222916,170.1304229741587,414.54102707320095,630.9697985135477,21.743547059220326,537.2043334279292,432.22567420490185,71.95375392082859,801.2945412110196,555.1399744956335,941.9738104696123,750.9112889738103,913.9179051457846,508.70489456945455,0
910.7999520118293,534.9918438136834,431.4269057210721,454.5786845644306,101.94094686559608,120.10518933647496,32.59908280592172,159.9900356411843,33.63773048065,894.8235639394297,810.3382144370277,155.14471344836912,127.58838093554259,269.9312039161068,662.4315433116675,769.3862331603426,476.8429258995072,557.3632210741378,923.9121141250902,521.9819473294144,1
40.81680909657448,8.863461892019476,657.3711921611431,800.850145005591,615.9780505923902,50.83831498399771,133.4211538435338,387.57606379653674,465.6618949758219,360.40279505163363,765.8348599457482,759.0976367089906,360.86925998521855,343.39209156053863,349.15101113348015,815.8928482471462,196.8910704519037,651.5650665696259,835.7804848996664,231.0991014684016,1
750.7056394640647,599.3207335301851,256.49262960815787,927.0261223393852,672.779471375622,49.278433340345316,918.1733372687361,23.2881813338347,274.3401306506783,275.54591079647486,797.4623088996041,239.03144624450036,726.4596265390376,684.775542837421,610.1944314872813,695.2192819791966,116.15575833326042,442.2323800768319,93.54764188197728,816.4006779986578,1
889.018081817551,439.01874178412993,472.3849055363444,955.9002672922528,182.84217693815597,37.717301901250664,152.03308731887589,591.9442686206944,50.176292872069816,8.040095006990322,956.3794405616749,905.3138687247539,282.31243639596835,850.6565281185439,850.2923041117762,928.7097465776989,95.2642928102152,862.5776241471661,891.372436701095,764.8170357108708,0
522.7544097799293,179.03776505196856,654.6344250113603,906.584388869574,138.73116243725082,67.76057294864235,941.9061236524966,158.23607964591636,8.637890049163932,971.6051563871982,345.25343234538576,525.8908177196662,456.93198026716533,847.9008863723783,287.70074366531173,361.2524410707726,749.429135503933,169.2150390987749,356.1562067103453,710.2534491562164,1
884.5247882696993,456.1007043626202,717.0768297575308,760.6990280527609,196.80240642799518,625.0210148943796,939.9548073705582,613.4217757986527,413.7820457525518,302.6671995494336,82.16492304851941,472.59933135113283,489.3509637487052,433.5773099272456,19.022865903444487,126.94436680976395,214.26758480553622,75.99148883194961,743.3410058024247,209.52836436025245,1
170.07475338750388,172.80752222118423,945.1923556054998,308.39213444901327,944.8099373110833,319.0899424281928,809.7313979580292,122.20568824090617,465.25071723722266,435.93394201634084,118.19558244683436,191.86290238129556,288.03328085899113,94.75777552870912,143.5532203601667,739.222839060857,864.6162322134542,383.9332169841416,326.37305064073854,624.1022212716325,1
467.160887406337,937.9783795411142,576.3391919809238,708.5659171108423,362.5334876693564,557.114789683044,919.4417347685811,733.5031565610053,581.1216263005743,989.6056463439662,739.745287168243,552.4427978803427,414.76954911694975,652.1732444408444,143.0566955924385,749.3746650645428,864.7721364011065,639.5185210199962,898.3308578620755,729.608782160825,0
709.7272789107692,491.57809387153696,212.05997344577386,126.36814651646522,969.614104419623,490.7216141367089,123.44653616981316,316.04572062587175,759.8261101974573,260.5457912305206,338.9555894049739,261.6899865177357,757.1003258174685,523.7083547338384,746.4664013424008,462.12040676845965,711.2026877886723,464.4745286371481,303.0287817309828,972.6407025563489,1
283.42085307185636,431.1459816510328,675.3819452191602,930.3366414869919,660.9559508053089,94.62414388674812,191.5095480030907,328.3643634787772,873.3941535606887,527.9346120042355,885.8014630566256,251.77469576149014,810.8195337407743,102.83651463317112,917.8679548252122,621.8885451882112,582.0501404753028,147.21225052100473,702.9289574577008,580.5503900798678,1
984.9064633282071,36.79123714241817,717.5763209490465,412.0939861889591,379.29403511597724,271.2280731088617,433.74525074550144,664.7906085677083,124.87353110383992,783.9250178229628,908.7088008144724,284.3516948137623,902.7878127273101,385.43118315869,286.7125884746231,134.8349815686557,989.1869370035662,470.4815206279164,286.48155882216895,312.2946992142814,0
194.0900999134504,510.3953541354179,932.4363046491758,712.827687689592,505.651596398751,859.9536447963513,864.7917697630995,939.076140236104,588.292682630247,423.9868081000241,75.12547394637836,218.73452584430365,51.48292048318459,604.1835279615665,247.27912947536058,906.7833007903374,234.23879967933226,224.65635946550776,502.5363676065615,904.2347946965881,1
813.2870538751713,103.09616906610619,295.34393600701435,607.4082192632329,875.4230660049291,223.74869981356827,289.73366223744,894.2462031333922,242.68073606738628,502.89333603532594,728.278959512971,581.4965123880635,669.0177406608964,307.5815877129778,77.20917955543149,473.30442478547076,390.4927678620081,671.41498290546,454.72598074755143,606.8954963486111,1
286.19662254230474,466.2044421195485,179.3267256507667,99.31726997965096,204.6192759349178,68.51562214736917,330.0726525645644,127.06259216882788,985.9388068610688,785.9876047871511,998.525955000582,497.5823931298915,564.83127179098,591.6531574353794,907.2331369302916,725.2771001999448,590.103147003197,255.27913762050713,181.52717219613203,991.8914021276163,1
981.9886411587242,219.98301891388317,15.827825124929307,822.7717834720456,906.7076594823496,801.8352055602509,369.9269460086437,705.1297689434699,451.5773427871865,972.8725359374879,857.4366139905795,699.4484962871284,563.3705774134505,241.88113353953023,883.9002672243246,313.62712746962376,165.2415018828518,522.6831860269609,300.74483166601715,948.2971371456327,1
917.9314233238279,539.6232069746507,482.0978021378791,210.77121690768496,922.2910479922045,166.65722209439872,767.3564905374454,502.39524705657556,593.7009483663848,629.9975164178861,607.7520650125022,509.02493685231553,59.234328293104156,119.33303238396087,940.1820807455503,813.1658291955729,158.28995366370546,468.93503750505005,205.58683134751908,908.750557253566,1
462.5802074267896,540.0190885682898,480.08517612971093,729.8911273809977,516.3194066924218,712.6056489684178,235.9134666267293,844.1340820623063,134.81287904732875,255.5161975919521,891.1709438964406,618.3459675301483,609.6109529860037,792.3410371882646,230.22742736591363,906.2512491578765,745.0212409766971,481.321198270959,216.0538560455475,463.643278206148,1
86.46198780353942,142.69216980811515,71.25868884052822,94.36243855809612,703.3978131663215,634.1559429657,659.8832985543096,475.440951094127,270.4776026868495,139.52653378760073,122.15390703293738,377.6350967326741,862.2935606859999,697.791280378237,251.9639020228258,59.23627459928815,482.1398622436369,452.6729943077138,571.5620132120662,697.3037638161107,1
579.7357322325635,264.04176477722643,736.4804911814526,617.0756434827617,308.8853165616605,339.6975285461767,999.1773803629331,125.81532937584828,685.5634116263208,255.10245687276756,815.0011392296989,470.32386300924446,303.1886423873916,689.8367524514991,763.5838487882394,911.9618161914366,96.76203807774364,859.0835057389965,702.876171147559,466.80815965032826,0
413.16397962592254,86.87856336571065,309.02835061320775,791.7452012967126,951.8130308552044,561.5610990607751,725.7635398667526,364.8963156189643,190.82538663248027,525.9002162585671,765.1349402428364,747.3374724420215,25.876452333032706,570.6191808724691,748.9464330044436,71.27456550102318,574.2290044295247,666.5302817027126,863.8927437105181,959.9853155719869,1
728.0147854824626,171.18828276856502,142.67802484910297,418.46769970639076,600.6242365724519,581.9585665953182,967.098982141597,166.7267928243601,610.5938074318459,574.0957098614044,343.8662686846924,839.7215051417055,748.3079454303283,609.4697419590345,406.1287567720203,41.961983954605486,667.1841730235806,410.1395878104714,581.7822349132869,981.383446214264,1
931.117229386852,879.6915656896782,287.3428649153111,258.6331609355869,150.53542482787296,734.5715250936452,461.3987754775831,51.62147469868983,86.48125209945867,348.16108854523566,435.47703946520267,458.62023417301975,620.0131757426124,75.51256294703256,254.4027886858713,413.1995691361382,616.1187598584146,938.0249759468227,684.9114790776255,954.2720600736276,0
705.0049304527331,359.9093438230644,580.785881024807,310.92863809787974,965.9908530091266,203.8672276530158,525.9183392111298,140.8587948038117,200.03710078849258,234.92958675519472,648.3344256804027,917.5587165690642,214.21872873274094,408.94746927226487,56.39058255086138,737.3199517985438,514.4103003488608,647.4646690422295,289.04361678197097,236.56362572397362,0
446.32537356256165,582.1585747221139,16.853988466560498,112.79768789898415,7.477805994972386,172.75877385484628,747.3712444189547,823.9767996028345,840.2407459947709,12.978269863930358,57.51995305895885,275.04610925271436,625.9029250743798,413.769791411285,897.8139815484745,757.1960674945508,670.3355552792614,996.1558443244453,854.0077363886694,566.242612831969,0
971.8962090348969,231.46410521403027,833.4720634254584,845.263989704795,996.0596426090533,945.5381652703935,613.9463508609197,814.3335123928346,833.3257748834394,565.452423617466,538.0485988489737,952.1768640290389,233.3681411586993,682.895198207851,323.8037248821328,413.46415051356433,288.9609270814467,964.2875555002882,555.5597242599242,507.9803931754103,0
825.4317732255804,106.36754813251214,69.39503113397095,856.7942849495382,799.7081883156601,206.52737847498472,622.5705843654123,569.0431482157485,539.2633243087749,388.1930700428905,776.0874777776348,251.8392416407228,564.0956837755699,658.5998289472329,518.4009215637222,794.3126967136817,538.412056823501,115.15512842680253,633.7416834753087,758.8947500689353,1
243.80454041184774,186.52588992504027,773.0285670546454,770.1448936110696,83.46099005280738,276.90987850181904,870.1139079034707,137.29963860057936,925.3967292551745,695.4722283770967,907.9820835506451,728.6182039740911,896.5459267808607,671.8827448928117,975.2931237183096,827.5486379407677,241.28213637046358,775.1004782857503,359.7010156432717,426.0615558158476,0
515.6410470359999,479.6101215562216,481.6648495577571,989.4778607352823,916.4550678835343,912.8848130643369,738.5235102884761,720.1992202349255,511.86797049368147,919.2755485041096,558.6611494459034,412.3377213842723,786.2293987281722,559.783890062195,0.6422919646278391,386.14182827997223,372.2991442344793,822.2531665485313,802.4896281058052,913.5437897960492,0
291.72190771163406,251.79910236853243,448.2385309457485,677.6000736079161,379.5280242786342,113.09306546555831,684.7656711066554,19.331511583717486,231.64047857253388,602.4312538138518,486.0082383925387,399.36019416915036,408.67472293681016,431.9492862620823,895.6368658619278,491.0540576365193,402.36152696741743,470.87134178303626,763.8082848663628,553.2219117501669,1
952.6234281379042,922.1322838225626,359.3984788018964,103.1619677993545,672.6752914733704,337.3149101119179,647.7265230857813,619.2025579354382,180.32051079354494,380.0767105353885,678.7648070183104,892.0106968414341,997.2353029038452,779.8283951462046,910.592660082666,138.15719081120636,410.24514087157195,939.0299779331889,222.07275537402626,260.84179683154906,0
601.966144228641,181.2328834068886,310.5785676248186,97.45881366889064,6.429091375641738,288.43537045249644,925.222637234798,274.3178729214944,229.1015596037802,95.21420690445615,356.3620077485307,389.5288430643118,499.38289982106045,310.22999868718847,371.82415661923295,577.6455615429345,292.3839400801933,410.68551115247476,988.7045112873279,16.185795808993486,1
261.5677126923649,833.8173112470499,17.057343594113263,80.43399270382045,666.1946976215143,107.41117737641093,631.2493077874454,821.8577322228472,305.9645987681138,568.9083109873022,78.29660780542325,237.3766734779892,997.9688613805641,133.2913508725424,348.422537894012,464.3767872785809,207.77269432493006,331.11242042854195,30.14512781662382,364.87523301802514,1
890.6048300527573,736.1615117148486,653.8710758570282,480.1754168948603,262.35657232199196,926.2797228597702,316.9283032620683,449.7782353104694,341.6203608925823,143.56898814021224,234.33043105906958,66.17800981420562,710.8595991828703,709.421337145409,169.83817433688608,940.0023970205549,966.1797638357199,650.1074243959501,966.495537799067,300.4193895496986,0
176.08618868882152,462.55346784480054,840.0429196442836,128.58744754443097,183.35520913314497,397.96840946781043,833.7526150799225,977.4196959245911,871.315957037954,773.8286299761149,907.4879880611575,502.52898746383136,898.7736930366365,941.9190208377374,469.95628910739396,888.8143497792661,408.01369692353416,864.4603838632516,52.668105356012404,713.2903758609289,0
340.6264056054283,692.768437932299,667.6365091784636,685.8993084117354,645.3835143879567,461.87242960259647,524.6118051859642,479.05361602265305,742.1065623756898,747.0171332446795,947.1640817953655,244.6177525473435,43.70209175469641,827.8986130387918,107.2073581983699,193.35659088441238,405.65080825147993,368.1619194211252,436.08549351836945,325.5427675532817,1
204.00157160650411,148.56925284534105,842.6990499835844,889.1605989109573,56.08306749176006,951.6608158985334,764.3800898483303,319.900186638602,734.3969434568296,598.1293021576486,683.9284811088689,716.9458311185628,136.52753373164296,139.50380733861735,82.88533360755478,667.3208085333447,504.41625118785015,990.1037958074133,254.08746969342587,509.75439691161716,0
525.3068297079212,68.41289637664482,338.2954102850103,99.80901667941777,361.80018439689275,373.58594204029725,41.899699335480435,805.4171492529696,380.6442253391018,494.24338856716474,206.13821669944355,576.1085036605235,507.2549563554104,838.7748195963158,605.0804591043246,876.0095487356721,665.112110719524,693.0902036916401,445.4806700534311,781.0451500823893,1
341.4883709293293,110.25153081717521,231.9874356672632,911.3469883237444,668.5434525955047,984.2297396448099,52.22159150841988,776.3748627176183,823.0505423736048,106.79112810070546,799.2142890933744,106.7866099368735,666.7285782277127,143.16805150859057,76.16721093493307,936.0373100262811,106.8926667762602,360.88582342490736,615.0400023364705,651.4706269534338,1
984.8456209551975,648.2781383445234,828.0863255853957,330.57104776600977,379.26241722201746,394.66310437065164,987.9654613541168,722.5069258552479,901.6963575774467,349.08712304735235,380.1000666121594,695.3860507115662,878.718308650392,148.6190335371339,946.7978848918933,168.09725081158143,977.1850063339044,184.07449149174104,448.3523134191794,382.76768671684613,1
778.9872126117222,892.9476370095439,447.4069484551557,654.3149364785645,625.2117219971301,653.535410381713,736.8500100056092,448.90936049018694,728.4952805665298,296.5484691106454,810.4961436721543,293.23245561585765,473.50981477379185,879.2723887139739,701.5245342208715,839.6300380386442,165.5267206743215,160.15380883373254,525.4538119927308,828.9071479789345,1
715.6277866629929,878.4329123370682,886.984685726067,967.4348106909779,42.300680980382424,775.8524163819002,447.1340289732061,300.62972051839563,793.7818277539986,556.4438903745886,803.8843039757318,893.1865617045744,585.912603625726,25.126825258353634,248.0567993791132,258.2988306487288,479.8146773358697,162.890052967688,900.8686126030364,360.9916715017305,1
263.14926929381335,748.6166547474302,625.8173195543644,713.4990308873928,701.6758787826479,553.7365214713401,232.96562426641597,741.441888859958,620.6622979103025,359.3137509290814,76.15900087109961,935.4676024433719,981.2176383169646,375.26403377340836,85.82174773160101,384.3335474958135,592.0658985500538,244.62359377932196,102.93274835952182,0.8547897970442309,1
144.736068830681,521.8328294432285,442.47225921277624,130.81138420750415,520.9205659463835,219.4639965018308,680.7291231362128,428.7201565996819,469.81221838006036,229.12027332908013,815.0391158293313,39.15815072449791,523.3645037990934,64.42916130576859,410.2982763213703,298.1156917613541,472.0256535678056,164.66687253025125,365.5024815488491,313.37122242653726,1
111.30435725138932,763.7303144134452,407.8038902792434,497.68377016770904,585.6527949121706,291.06389965077716,818.2946611784382,938.6570391146533,210.31595507103506,843.0125464555806,912.4292121853698,101.67319266576702,291.71274377463874,677.4257223268264,867.6333544910099,149.60104180255595,999.9295512052439,39.465304102700436,510.4899008921694,405.2889231257015,1
121.55470332436835,991.7162007547089,946.935404053906,381.17439454784727,254.1865020072569,243.80752912139315,238.30727318297207,544.1266442795261,91.46805176337524,446.7814713160877,417.21424379696583,946.0480594503975,952.8119340517396,525.4211652131179,940.381053297343,490.4000366658181,48.89530600653125,265.88509141201564,238.49341611481555,85.37687338095223,1
295.85356984666777,277.9151433445189,647.8603003617525,607.1207148721045,751.6352076148601,431.99054701753823,527.2364780467226,893.2739324663539,857.9910807378857,363.42571200372606,112.307219410263,745.0621187009709,368.04767021281435,92.94080438013364,422.64183193650507,614.6619807132249,838.317159614983,785.5990111399076,177.6946771874307,642.5427148133808,0
738.0110110230505,722.0224704935629,684.457015999939,8.381707763530756,794.2014591853329,92.95136175703178,193.39768752356977,364.0475144641663,454.4553587840161,516.9005445848417,27.36691978318384,53.086735243216275,219.8451579423244,211.63452815103824,271.67428807983606,475.13074475121,471.1844105124451,167.05954185172834,481.6902508671239,253.5592201263679,1
594.0512465338386,62.697327615419795,440.40398073598453,597.810612593246,702.3741942174494,177.39669919646906,305.17450466700234,762.0717563142834,601.6755437844997,875.0247097351184,937.7963197335977,979.6423328103873,50.81852121347552,489.49475856421077,430.81457892044926,482.6268161556142,281.1476505282735,405.0623960545429,391.27235109018045,455.5959598269329,1
687.6958987890262,491.6482091088954,471.42526330525914,597.8206826234901,53.89726068074652,612.5945659640375,665.6655999345535,965.8029440780896,610.9975447750851,876.0489355226961,595.0860582853182,885.0966709110417,256.31855976368723,377.63484417292995,723.235835026776,536.2466774550953,127.43607430849902,568.0038767325002,111.18323754490878,593.0066001367126,1
352.6800675321601,808.6697919604367,488.11360464354317,169.19207822416348,545.9998937033814,25.7655279011475,708.2011713067185,157.57336099871833,6.7243484374165385,248.9596123821174,203.03096222142636,159.46382201210753,536.0261385673207,712.7073802255012,476.7732846053089,72.70193473742903,115.31832040907197,140.19671628555486,737.3521664843752,737.8261509540424,1
927.2404042397561,309.2657533035461,256.3828850008555,338.57236512788756,976.8073533713139,557.8738261410905,603.1849569565774,210.8542714350522,623.7448158965112,427.4504630019862,110.16338397736037,457.5078307924577,196.01370174601263,687.0155750722786,632.1970425784403,326.7770173252237,181.27442386608172,130.83975892932654,552.1680892185763,499.93942628488264,1
44.347842147649644,606.9727550448523,480.394793501141,53.77833782815045,783.7950513878062,977.1728925416808,228.89388248434128,419.0661664157458,485.62696820454454,413.3782735338051,4.769752716243358,370.012089801132,902.178532617519,468.95602733718965,730.8430601871781,543.0082640158472,752.4995450881581,959.6939666759181,658.9934886373512,587.9813474098647,0
950.0300912618305,851.1798108436735,490.13071683642926,79.43045006864047,279.0737632623474,435.0729896778127,577.571205826092,700.204981702054,984.3313516498633,83.06321894311719,56.544702047168215,37.88136198230107,469.73465579605624,72.36372943316339,310.50530350222596,248.1242605223195,228.97489277147577,645.8462901363639,86.82608774517763,700.216833054044,0
243.4998280472398,455.1156378195466,640.573258987105,526.4997008492408,681.4046291463776,127.07166889617483,835.2081946544563,136.56221957515103,865.0968687045668,329.7229946666164,864.5158401349604,556.9366993773614,348.4656114494077,517.8083244279502,186.41784684263786,60.79493642420608,970.0461120080755,772.6941880203352,52.6360735399527,174.47677335932298,0
984.6845144549178,646.4281352297547,211.71296059499744,180.68571315170678,270.78696206371734,402.88763892536684,186.61238854076367,575.1953444707942,998.7736636535869,428.5841874501909,792.217913916045,519.6500590093561,836.7037935192177,493.8706083317057,157.64818362883094,789.0576386232677,564.8771845207343,419.49135590851205,486.9186870846478,628.6324226539627,1
538.5098869890552,683.5850389376883,819.950067841854,585.2887066224562,936.7184479138208,620.4824609955425,556.605186239426,169.12106401636396,239.08718395511065,601.4354477848855,935.7276091799503,662.811776953217,451.63999208516515,146.7896466494568,502.0646282649134,642.3499397301663,504.7822209813021,563.7866118797226,199.29383968214532,774.6413081581924,0
370.804629795227,472.68586093461937,111.87410811359044,966.0776520195272,51.40129371149615,268.8268371456132,864.4987408095211,147.07787416023666,796.4093613297249,571.7407658967938,259.1335885920519,367.99325208950404,833.7430015687448,131.65106728279753,873.3932467051388,532.2592199952663,531.5768985982012,417.57622870668456,658.003108995783,285.027096270026,1
247.4988316650083,583.8167049023155,926.2017789195777,197.334182501668,38.78275284696975,106.69179676107676,709.7306876984912,611.4460088169394,65.59982009478871,546.8520020864473,605.1247255265237,868.705531579827,305.67850841166586,538.5949170334682,326.9238594100766,109.36668574856512,425.06598509132886,826.1413842348461,416.31454832794503,985.1123288900783,0
758.4683133553252,24.133990248235037,526.86739855874,26.43689794365145,274.99136552752447,669.0851894448973,755.8461336141218,374.73894184652437,687.2018002675939,618.0703602221427,331.2150009150394,214.9784199297282,19.728793713682858,882.9744733951203,161.55073727987602,131.3417434884301,163.05254023115344,452.0049742972816,154.81168272509817,189.75928337440385,1
898.9027595009026,836.8275628372661,203.13096812205123,843.9922393440992,458.84436779266844,107.02180101387026,197.1768962532371,601.6688595551674,923.2025016247916,806.6104320166816,933.139435201698,788.3320154567765,566.0523865129181,758.9038862175992,566.028891517313,896.1055759011199,944.2927750399774,282.7179164606748,537.4731217971774,17.758091973292146,1
190.35977965594807,553.4266949943532,858.5396824634737,481.7493511358415,620.2257160816416,841.4886962058764,91.86218543096092,689.5809132261696,509.76468075609995,763.6107266320225,835.5729333272675,845.534731750772,575.8302758274821,373.60998539037394,104.1879478329748,107.32707300788834,649.0950315970341,489.6197573157395,674.9210490688433,843.5730064485739,1
938.6520220061892,554.4710178250571,909.7413972126412,819.5862039350529,910.3897330980641,228.1760695854522,240.83837764275572,388.2576894488987,500.2643425961324,335.8691972008293,802.6182356250658,161.34642258699017,155.3271414772921,820.6859630047817,444.99991496786885,146.6312520526406,592.6825871208406,29.89759470633413,914.161609781697,418.72876751853437,1
221.6236527800145,77.26536783708815,127.93829150838376,198.06337864918345,21.34313997891013,60.465801460118705,133.36238268451882,321.1267053506558,826.9734662404941,573.2418248886946,813.7718628628767,261.5637359058103,610.0981101768884,873.8669121194374,890.7699312986479,582.2792568323456,592.0532020602675,937.7629165833475,4.224343719713586,514.6502548951132,0
525.1559071332839,55.519322605363406,428.83192891327957,112.534617785933,576.9387460936381,43.136405436463356,251.91031385690522,531.7847398423055,190.50418544149684,855.224777353627,986.2557954612779,286.69210505437405,10.269857620584633,559.4165643844954,644.1802088072324,99.82938349217297,129.869069754029,167.66763057298252,858.129388643295,584.4935094036335,1
156.03149848147856,28.633644160665828,659.2503376138031,298.8347524639038,87.44679111078536,386.4777555001798,339.14651624671956,805.4148898524151,280.57836017190476,629.1922948435397,989.8092334220815,314.6608394689939,625.2302172574256,780.5158050153832,76.08867041263467,482.0061994895616,83.3474541405278,566.7983491552088,444.321491696392,505.7773010184833,1
12.267308006356114,988.1380934229904,894.9507835436054,608.274930192193,607.9462381328411,41.18442984723758,999.3924955151851,854.6790276753951,769.1433266442245,669.1642234417513,180.1367007616831,561.4709940633236,246.74003073991045,541.3958212705861,772.4047644891048,152.59291043320377,588.8946033482528,808.2494249635885,9.18375690619655,592.8738626358295,0
133.17411438065264,718.2508893368625,483.7221813237766,430.113427114883,694.3704516987449,897.7405739629701,932.7715043049096,358.76745307807045,398.40731232204143,750.003262275382,5.168764892626743,170.25703242778212,393.68884266417956,72.07308410196289,558.4420912025114,604.2173332746617,472.1813210082463,987.9133612800904,707.7254266953316,87.87375226528593,0
67.58152817912988,749.9949460584832,768.9937879832129,594.8231041969142,657.3624200781226,466.5189454385081,494.10784513714236,615.7997931095558,844.3697104749626,579.9116277592977,114.36115081485465,831.06208991353,389.3344534107144,588.4366849035962,4.602370096635333,912.6777550696299,888.0345413701908,778.2870073031511,231.18261542118768,285.0646015605024,0
250.2019956243956,145.3098295006634,895.772731634692,263.3346019055943,361.5150915130172,152.72134974995265,433.61754190875024,793.0430046078665,435.9546447821152,863.5254792524929,397.6337213565627,917.7017426435581,697.8476611994781,675.4633126545908,225.68926918291453,764.5213938099155,902.691725540551,818.1844742432464,422.352665490999,628.4146469321697,0
303.2398792366042,96.21190214181219,465.29520722250305,802.2473638808634,231.28676487721867,849.9022693581759,667.3015702806701,303.2728248871507,898.3954324854859,413.1006336913826,857.6428353098128,624.5921069818382,489.7841973588595,851.4356510252766,696.3635790998509,305.56104114617466,598.2578738735284,978.6033466031711,339.7219797351364,372.1199725219245,0
500.2695232921819,900.3418563493383,346.09739833096563,190.99292784866086,115.65799525083654,716.7677291341339,246.33826469279052,520.5741326127823,902.3565037885559,155.59000704060756,305.9177629503469,247.5001931895978,429.86242565679476,61.68411764084658,27.714928831965025,143.93893139074865,662.1159375890321,334.01881479509154,280.94785637381904,810.6370981740313,1
53.83374335566338,274.49033271787073,363.07586508658716,997.8084903834351,792.3540380143926,720.3826919080493,286.28141869152324,764.6111107355722,694.210185562284,395.22845152408803,232.9010177319043,842.5337457682352,407.70298326362797,874.7859102704922,746.2301706908911,909.2167973663121,847.7441170978401,556.394999696742,110.67537895485846,522.3656953502327,1
523.0725216531611,846.4874344297795,931.0203379681,376.05781580840915,938.9162257258453,538.4107115096889,73.31011258530273,405.51943833877556,385.44895057667475,148.55281377634998,229.40631458103445,541.6323852811405,434.2319911943366,105.48924026498207,892.8577812710585,40.82772313037941,161.5334095220128,853.5139889546233,93.00329462634194,448.92488523344065,0
667.4627142460931,465.8263212398631,810.3639650932134,318.3772902465166,914.936874203752,848.4051451471165,292.0720959759322,692.0232509860663,517.0287039111346,530.6035626495624,109.86286810367774,802.5737278400823,409.3402822073714,657.6453635245574,312.7607029579549,35.29939986932451,2.80564614043044,240.52016150421818,253.81560801721326,549.7905973759763,1
562.1276455264907,629.6357831206273,292.155195191107,229.60248908833668,924.8202524587749,994.4739050613323,342.69278996781804,230.01757285345238,489.17456329700417,26.810727271599056,996.8736302088662,944.4623681274178,674.9023721078448,482.73862585219075,785.2747673050868,712.5348486908761,645.8840172995527,545.1822915340305,845.4862546005484,882.7157393081915,1
768.1489089631663,452.2443912822949,111.67418220757652,750.914372656954,670.3296250084782,729.8524798010493,642.8709890078986,202.4982048887082,895.1628002100318,959.0652391706598,379.21308984740875,925.087282746406,169.7909343152113,226.44297635923283,440.0104289584448,200.91956938164935,92.19435696717926,525.5702469596706,835.7406132276147,964.5973307178522,1
650.4927387040401,894.6348263670884,670.4583964143734,36.739547795233804,650.2864258978335,214.43731154604663,662.7656124597961,602.028942669352,834.4184149756704,537.6107939011741,918.0265136809332,797.9481383415617,78.92683959228974,295.30524049845405,872.3209593520148,758.8052554692226,759.2758271960099,298.4954106490648,644.662559450783,820.263559383547,1
124.44458219989096,464.8657996122103,529.797224692971,543.1747873138261,966.8267633167118,304.1527475622372,507.84306855413007,175.41669686081528,534.80732596488,145.89399240853595,77.86407927800387,667.042772581737,439.37421735477744,85.80100934094214,139.89198396534852,563.0091062138765,355.9982890102217,335.73021159876623,791.6229694644662,807.3659416926282,1
466.98705615281864,10.061828655381412,708.8459580104582,553.2436782621292,874.223602128213,342.1948432977062,298.574764134653,4.781775107370101,203.43997454444684,929.8842202498431,863.3199321918678,556.361938017737,697.7245190390443,694.3130026479577,672.8052811408603,104.58254275722956,570.4223639746409,713.9667951192301,93.09124760932785,764.7937320720021,0
694.7448882714921,748.7546539736962,405.47843723818687,801.1223171437181,739.0854417761963,15.729311604612551,217.3402110732986,698.7809511782543,342.649595369004,782.5742910217987,777.1750541481667,627.2691026044298,991.470180232916,10.72530933419591,845.9621399432607,569.4508213134859,813.3767033131971,362.86010578924765,632.7379018903389,291.03069587047435,1
821.690021157145,102.27396085977614,770.3077665145246,842.1800534244304,301.84662421834565,547.1068012256917,77.8639158515283,914.2252287391954,749.7369535930823,463.0002368326778,763.39237036938,371.3781476964517,469.283574353842,609.103373283959,243.59364586805188,374.04328386410623,256.5593670250661,484.8057384276019,420.5332995624868,420.4407914500471,0
865.426045681283,98.64603675059136,501.76709499982854,855.9467945615802,953.9103803901702,844.8256126900301,679.8522174393,924.2843686573996,581.5198159233715,983.195811415675,370.7928902985258,630.0218665286264,97.99912635574259,466.4557569898784,448.18388132194264,87.35735960652514,494.53967741247175,593.7304598524157,313.0125029751034,816.0530110975784,0
315.5287230825192,620.7789040082201,390.7987754037483,235.8447024285033,910.6148785560092,246.66949879648547,288.11362325894163,424.8488986958223,975.1741894328059,890.6113176526483,677.9643047393649,640.5282246959529,578.2946609499704,46.47882435420003,788.171468375715,189.47519927236223,509.69247280446837,659.2392064328952,727.1753893241813,907.1144441166775,1
146.31263201350632,697.3500967596325,683.7315049532634,561.4368645918074,576.6311706633342,46.1293913096893,48.565803628430324,311.48489351081696,730.057214908211,646.6892669721035,776.3150096641714,393.07702714273796,610.7328141702599,873.4729704013366,853.1465448868648,725.1817605431729,725.9505666706708,462.5412826064862,338.39925902359425,192.92955966127923,1
256.4317927230656,356.99380970671615,213.25159352142364,893.5075853299323,288.62135347074445,131.1559775402986,924.724063962961,435.6245601201005,172.51674517158222,456.23332397936787,774.3896290647505,724.4224253349845,490.0944522789234,391.50378818924224,161.0314565342058,863.4636710433635,734.4005791742702,136.98945271691187,150.09105626809514,240.69947210301956,1
493.9741076845966,936.2348269082461,249.50870597616503,647.6503875467214,709.9085270650435,654.3693826281959,265.57735854129004,916.1087685032282,96.34486557239575,956.1336191758965,701.9087808779591,248.84120088718785,890.5927984328199,67.75288624471276,456.45627004906277,909.1396822772148,55.42423237057048,572.0929943481235,87.95939025931554,137.10008172491305,1
856.9347487426807,892.2376782889204,606.4714784974497,118.83141861907964,253.2257516003096,371.8641307158277,979.5093584320716,535.3288664706635,721.9926401007489,71.45323343973298,424.7880895775242,660.6675059959337,92.43099185388249,264.2317695171561,674.7094016865738,544.0261755833211,989.9079732688217,887.9769155018082,259.76021157624405,911.5110367272598,0
958.2034189439861,739.9840012467617,84.6293129701785,417.65367490992776,858.557160584794,724.676519188197,490.856300353509,445.88822348439095,679.1342441556337,204.02436815005254,2.9980584678109823,640.3841639807121,517.1666091050241,668.1552879177584,757.9943634503389,867.3809216519712,900.6218191409539,71.77439849951173,978.7216969330811,831.8362164505122,1
159.76828626828532,205.32912547180248,566.4550201809514,164.31576725770404,18.987934212363665,912.832625912728,629.6245825421494,115.21028010912804,367.1211831700373,839.2369435950059,980.6698160396993,308.84664735908683,113.15084056102553,943.8526187440805,668.9635046848095,858.4604068397318,43.03378176427508,973.5343386475231,202.13988965934692,990.9891734777766,0
113.38499414344017,638.5644277398642,348.82666514894703,626.7499352029598,200.06307597415852,226.57109206147285,361.37957326455273,380.4486026637209,140.8038823046085,341.7216140420231,664.5597000999036,979.7981078429422,348.65044262237643,97.86731981617058,81.696634059931,436.5274205912438,628.0338187230097,728.9521735759989,798.8020123269085,737.1742992486252,1
797.2611552935992,425.4556102629504,765.659550871534,299.4698497470696,684.9110495378471,539.527308066206,875.1126601234561,591.8114803526929,188.74232779161204,13.483688923063507,343.4268805493292,668.9691056813584,932.5779985720407,960.9099189585071,35.6285539017801,83.37048509389378,781.7113763630357,213.33767344557975,945.3537290359645,189.25265617164177,1
617.8173493605022,831.6592192504173,790.0037608206401,271.1071807043048,436.5947534373493,500.30325247889004,314.1833877041015,133.1707681250648,86.85347577700864,541.7164102958229,788.5029161309923,879.7889003214988,459.84526099350995,823.3542682447578,941.1745164973241,526.168361776528,77.32433953683181,497.9299666663691,373.4026307817394,710.6792323958133,1
431.9648588278696,662.6835527208378,857.9363574506663,158.32224729670153,765.8493338223686,645.5461986170449,464.76540046642634,35.898911219896526,423.814917478312,438.1905800047565,649.8623590157591,142.8302272238733,409.8073416343461,772.3623394367769,151.68246638626238,986.3258295268603,100.01484207664424,53.06894800168571,25.72369301200439,306.00346311344185,1
519.2491102293324,300.5477357625963,753.9178779043616,270.80012649130623,954.3551127210358,681.6918067668091,887.1616286584383,504.54255757635127,116.26211291663869,93.98108185228138,511.1110216747001,321.33994838821303,286.80475657506645,587.8257180468302,705.8557876512791,338.78177699139457,782.7934296898258,9.008849822866093,739.2953382742724,432.5638664406619,1
504.1457994229075,551.3029969342106,744.0916394447743,519.378728308882,725.7921595687365,265.7768357214811,519.1487789548908,637.9603581713045,868.1469060002748,91.5859248647446,9.917567060139909,438.9851406005545,974.7371628230873,245.5189000917678,691.4621912000555,121.65402184251906,246.0167488544196,620.4288444212951,367.0988894505328,362.43995762221573,0
371.29321727432716,954.9259379007102,370.27605890088864,636.0217680378552,970.0142045110701,373.7165728896551,321.90768477739505,473.09383397821637,365.19814017756204,257.1927332438285,265.03224645969146,572.708266710447,189.09494878971665,622.2832477166354,321.1384330273387,395.0505607647584,330.3157832126492,543.0961737379614,663.3263335932094,26.008828966232798,1
963.6849391756759,257.6261444638163,800.851036239711,829.3883145959398,526.4471548630877,270.91305538380675,338.9109987257275,957.6898475144849,309.10760788511146,878.275997121484,665.8998476813191,230.59540645258159,370.7034602778102,90.06409011666072,73.97572095454463,528.3582289618375,686.5100810522559,616.3841885499029,413.23944403796554,168.67304550949856,0
968.6807229379626,19.823789747588915,292.32279335605114,180.7744280580933,348.9383187968058,223.18782338389641,682.5658294768342,481.2488935108895,335.41225944052866,330.58623387334717,682.3214354768342,916.9774487679696,279.31807201178304,191.88162522534557,849.3992343109927,184.10682123083367,411.00116018971664,954.7443083586697,707.3705349376737,229.56730275374494,0
593.7791090243702,690.712527016038,733.90094642075,466.7042081491959,166.28121015119478,480.6610959798347,882.3587611970834,713.263081130667,305.0086388546844,409.68200000547915,425.4995498664985,911.1991203453573,453.5911517122573,687.0996972741198,930.4588000072146,158.27194918864785,613.3533336655207,264.7402263304771,834.0365718677517,554.7640641796024,1
270.36625410519787,487.83378925787326,258.661797172272,495.48067057286835,286.4434534978921,65.97479968723086,231.46432584531507,286.22926617189034,724.5893733332645,412.34055594423535,398.6776753851804,318.0938579204126,151.75759717470848,515.4995575658272,719.8750529982565,981.6451508510764,211.17142605199456,380.9046856446483,99.45634678984305,193.8414452479703,1
151.46325917516367,996.085212473387,277.0022908915292,706.9607462116372,303.1334751629773,270.2263463265112,475.9149720566754,820.8740124586546,357.9989909135549,676.1938677497694,794.1509926474337,977.3280232587638,245.54672936943024,151.8261345158799,194.33682420248,449.16811172189307,946.0643239543089,172.26095425614741,942.0977763927665,859.9526821635997,1
423.18574877974766,33.090504711162815,366.38648781821234,165.38350576802253,135.99493696753916,459.50058678483254,372.5797319783288,656.641276378811,345.50078851977605,919.6261959128703,152.32116676593066,720.9433330588816,393.06235155380955,170.19185664392066,417.1883096212989,369.4558160612499,963.1520994304944,594.5237632413074,102.3520709073712,914.1910028269656,1
151.2582942388666,681.5813931499655,489.3950999248626,737.7122178113236,648.3516627433393,249.39194786083794,935.4086046643056,134.15253088354729,34.33552960526476,65.45890014504863,861.2098704593958,728.8849873567292,283.01272119948885,213.3004978369224,817.2837056230256,161.0044790279903,433.6571459499469,890.4713271152907,331.67926227755873,673.846619110057,0
519.1573964956178,994.2104779886618,195.23170671094203,951.8114042186954,199.2306890592206,611.9068655393714,434.1146838282154,467.2215415019756,764.9715312210565,410.37436466651167,155.00342345098127,180.89208800109492,413.75047893325024,338.0294468953814,85.62724730603965,886.6715505904026,514.7314954789807,754.1348650469758,784.3068135205594,105.31950306601767,1
71.72959051473904,863.3594273046441,649.3827557359317,460.44053285342466,461.8068827642136,287.1986213248945,721.5080965913494,88.66396361622108,239.64534393812852,440.9281884685202,665.8528702783465,18.533268529411618,304.87143871525825,425.45028365302295,377.44669704074727,815.4373950394989,976.0370444872106,156.76678571947545,287.0760203534526,114.8185569961866,1
613.5767111422937,544.4676987850171,939.8468204339969,162.2565135217592,721.7124320110318,491.32771335895234,845.2969747162824,652.7513826023894,680.6577911131159,149.15583449482372,838.0363380527069,567.5992915160133,662.5418954425426,269.0284956170904,673.6612092195179,915.206070751309,139.22590529651634,896.639504705344,203.09355866594692,512.4316218819989,0
838.4306601426765,231.29619892891228,373.3758546633522,59.8401536263139,332.3038513123964,809.9350942653591,285.6898582094058,451.1969685253142,705.6537974001151,3.526873355829352,413.9229927364087,536.274606763441,542.3056315918658,458.7607445130993,450.6807323525888,626.7893405669528,740.5556383414427,734.2757926106444,437.7355853638762,672.2171981949098,0
21.941989951760664,983.4416287915727,190.23352099731872,560.178259459881,316.1411080383007,457.63221434990766,195.90256942497132,432.0068102370358,763.915262736194,933.9185608332641,80.85769661291509,409.49326681448906,362.37678253189733,499.6017823069985,981.3905227905291,482.51849632819443,443.6120938872299,499.41371274769983,287.2855533598853,679.8888309139104,1
743.9594122773012,932.9048950486865,293.83688909289873,616.2016222677796,109.33251679897671,567.2769827694825,388.62026322796737,529.8629144450358,427.43040239500453,82.66799555668636,562.3590132948354,991.1365575366519,103.3415140564361,680.9632064706194,160.8493153733278,428.08507235985536,523.0974937717098,865.1453993079142,628.0523408457477,590.3503008150647,0
813.4201398342733,256.47248152599025,553.7888827937751,545.0660564842048,772.1447300709582,569.8974012945889,932.3139039157701,567.8127320152119,238.40702576712346,893.4515174002735,115.88997696692971,855.1545079173313,968.4883066709317,381.58821339677564,306.36970502084824,430.34131701511535,349.56196154048024,848.5156611415681,89.81506786010041,211.30446932330182,0
848.9554775677685,228.91012339983274,0.4346454635332231,685.3115837599426,216.58338163414615,222.69530365998412,814.9113536438894,907.6683913958057,223.8241078072013,295.7314994185196,811.7164283028809,508.9195031962377,146.00849484099865,999.7392735328305,297.672004193394,49.464551927282606,664.7404129451569,934.8477613125929,782.189140667845,887.1570860834582,0
149.3210290274255,182.44618689408176,571.7158205959854,826.8737142496987,999.2708699473148,199.85607818769446,364.3842410065812,350.5781721790803,244.87413890275522,129.43131428519084,287.01663649526176,769.4999184824884,133.19478177879506,431.5741301300862,131.08544892169306,947.8462807597926,214.99550188895887,866.1076189943506,126.19066395692869,657.4933715214489,0
236.15714661879895,824.202956772497,409.0375364320653,214.18081966732416,688.546625500196,764.8911340292526,608.4330562996295,655.6208157503164,444.53843976650995,514.3788140902129,722.3981806687907,294.0226198157756,371.33669266931525,409.8697042459488,122.18164982826674,203.80746908282433,15.690227784876388,651.5220255361412,107.01113224534686,512.3940697329239,1
904.3113357011048,308.1200109262531,604.3698540093153,886.2265099068721,986.7781184666936,360.54847844030127,629.076878238251,427.18579961350434,219.88807668485666,775.8160890034472,138.56007162350548,433.35923651997064,433.68043168718583,654.5583151929999,963.5473157808428,848.2792868155598,450.8273556114939,179.93636888268904,901.1443700985031,348.88193795282376,1
636.4674040655697,871.442498043962,197.5284659072939,478.3875588975598,842.4235145967352,343.02355649361414,385.0416715358951,776.8994076709636,757.6112021974295,590.7814885366654,980.8871022754801,692.3773064461968,91.48091421307902,429.2264130728739,999.9394121219466,460.3419521553811,302.3714809701032,971.1169414616618,40.81008220375093,861.7830694851939,0
819.2279436519012,154.39944437925445,854.9356609196636,307.470613396028,513.7069123986658,0.539417675179843,823.0200741563287,555.6781674945204,986.619861405458,243.02555448504782,911.576987917874,629.5292709210038,469.08558237033174,54.18282340984093,497.9183328028488,162.10988711648633,800.9139832132261,249.1263515676151,229.71703082977012,920.6820316865113,1
650.9257260833072,725.7229375227388,159.20219224112708,307.8333479987925,384.35006853017495,492.7592462550917,513.303674591434,68.76027811539431,647.1383400852088,58.62933595545705,10.795390445755393,114.36083928140894,342.330909331513,476.93303160211485,833.0152901608805,660.7701254240826,495.5840259487557,584.7596803047156,914.7400909045047,687.2575506383284,1
79.89022870953866,591.8305026430386,500.5774014866183,482.7464347679414,293.95223365353996,827.1198350251237,752.9506609327507,408.95556882910375,480.9105213046364,795.1579466142863,537.3617925555089,794.7963274937711,253.56232082039043,14.28751685132168,530.1055059022333,482.6926187420767,338.94838880906565,522.3556085372509,219.94326835836642,2.3614788758855587,1
361.76389170711343,603.047748676679,277.0127008180144,208.83643649874418,158.3169259387015,914.845059507848,132.69096178201545,560.548066556562,120.58545951665234,372.0060144594842,256.96184407788655,850.3241688500391,909.9038892996033,872.3195770861167,105.21184433395747,100.34336145752599,567.7687512372248,34.39320060187112,725.8765277260238,997.9860083226092,1
518.9309281207052,781.1892961631942,110.59268075174589,600.9335505644768,643.4971565252018,429.439982012576,331.6268885076175,486.2854575087485,494.20533270020275,394.00002159341443,351.0638750014403,760.8292688217829,713.8368944257455,4.4023602920357785,661.0029336505885,1.8469273199738234,570.595710970589,934.7773644353489,280.88389397744686,356.81925409920103,0
16.40799989082442,841.0351135664694,882.2255443079077,796.3154813198497,537.6818659716989,187.5085893421682,829.5861317368691,739.1561895190127,952.4077050505067,555.3217935069989,481.3049345659295,722.3193893864952,762.2149889583571,252.01957544099508,987.6270771302728,6.793137660413784,98.25336445468847,81.42717234531105,822.3264892462264,888.6701753469675,1
748.7652589490325,618.3214152449979,609.6251649204937,813.0088847334474,326.08979693937454,565.775648722862,870.3369318110349,33.86013570969837,928.1528603142237,12.313609420600224,347.0846274082354,399.08220058479014,390.44112394971376,401.7608715722878,984.9407877234388,242.44030694913664,946.2613364576503,343.7873691254543,999.8311993355559,889.7313194267435,1
904.9216204218193,681.7314962747937,677.5054005504209,897.4380093875376,863.1533230792301,987.7853173504069,409.821992019348,427.05921951450534,256.94590729324926,735.5075856129403,510.21394011853994,865.4897337512177,92.80264498064261,946.08575030211,343.5573508270227,68.70293946464045,854.889118037409,631.2861720715932,894.4298906297016,909.8136182106032,0
84.81057609058462,562.5183883533515,644.5136121979103,981.6175072186456,24.2417033612079,988.1941764437277,194.75915910927677,710.4611710732551,427.99996496895955,880.2629149387318,891.5141980518767,62.751008544503776,879.6528291892671,185.84378709683236,352.8187787387714,161.22102834624974,514.1780378886721,477.814486785999,815.9729871105675,965.5974494388154,1
449.1131249536142,612.7933412798571,816.044822633122,386.2667276055186,58.98897553432203,433.18078401392654,784.9176104289071,825.4662076520966,757.4398903747148,336.8765442583148,491.72884357053283,606.4101468880848,299.83756225397195,35.91650352793152,624.4042492084277,449.08145876686257,329.53238249319327,591.024496466049,874.3479316663203,64.75342945272445,0
91.68767228864428,473.83718636088014,89.92520998959364,831.77805392266,825.4185213478607,436.4189082850274,720.118423652454,739.3212721511821,522.0815228844813,257.67532820828467,593.9750275145157,580.5926800194463,93.0242879295895,643.9985677779282,251.7107737641302,88.60596199532932,779.79161230106,190.89837242197783,734.9792433004759,569.1872911492245,1
882.6100163885773,409.948730660443,688.2428474794909,437.7587532500208,175.85239347559678,161.4771971228849,206.04141803659292,158.19463120597922,432.40136482977664,696.4176653942884,532.8171869580101,232.3009226192958,805.5261823755309,104.59298742004609,832.80045624137,370.3346711948099,148.4460993403056,644.0857607960507,856.1822037788363,92.980446290446,0
745.916234973896,72.1701081081908,823.5641881763758,397.1459592963493,943.6322820727001,895.9080760541533,362.6710960094507,983.3412618104411,194.17059105679647,737.323097441738,413.00881077552464,54.61749854036479,679.5189939726405,837.2588287274928,141.70537572732056,447.99719378343383,523.345750778038,898.4878986467916,912.2610810192898,682.656533561365,0
260.81606848150875,112.93440469277638,693.4428329795071,862.4630947145298,401.8498089674062,714.825697970498,797.989398434554,62.75811288365352,841.7185965212497,419.0446771311238,470.2279668447007,100.22138677876823,83.43986576790408,157.8792991501118,622.1380862134915,895.6165269273396,942.6001220532589,681.4316906703923,80.92967039602073,672.5978051615286,0
297.4180464066588,154.35054933095515,65.72383305406626,373.2936469889335,53.0680509309076,273.10244400137964,440.1200101513297,331.33407094651466,964.4795491106172,731.9440421252234,396.0511745336305,759.7217331452905,537.1431960664893,733.7237038219604,736.7785912732329,912.7985136611666,604.1802461597944,956.4070720702538,132.3324415086966,358.91708139593936,0
345.49321332668046,906.9455568743454,956.274283772132,178.41347730115453,760.3070438676749,993.1635009116792,718.1111416565512,619.2045865062967,499.06949816994086,128.62551847090398,639.2479284644227,939.4923199841975,683.9084630912913,565.2464177450549,870.367677381537,719.6531879469364,672.4043430977546,374.68619872418094,709.4112806279351,710.6781153044499,1
388.46482745510866,899.5594314946312,925.1138488156804,264.6667006248912,983.7587433532583,910.9058180309094,86.88047207351313,426.8956047084167,871.3405803558986,959.7163076712365,316.0516458022932,718.2256308274052,771.780260291301,563.3597314433318,848.6753922000012,201.77252652114518,634.4424889309813,596.7924496227835,383.3036199953699,429.2478755074387,0
924.9683681860603,405.1181626798076,313.84729786512713,881.5366939626098,602.1443236691283,343.4021666778618,87.44401949219028,956.7219312674181,107.67008215739149,284.61999381130386,379.21645233021815,164.56900084083316,935.043397226555,437.46928512199446,225.9584070011875,767.0151394798735,871.1875032114768,865.8533048594416,333.99479269416497,226.5277294130662,0
208.83438731052283,660.174145061387,835.2682610962449,818.8521230309734,504.4904249338852,986.9207744788793,779.1634931729388,614.9239945807528,415.99393791783257,954.5762486808857,110.69064654183691,556.0420231001926,295.7786617288387,882.177809919551,443.1991814293605,419.72108060925297,27.862303028841183,289.278701292168,946.2513718963239,288.0889019569544,1
583.0804873055723,466.69257204834827,643.5797055731813,66.61148707002029,2.505203870301953,330.21242404748784,620.9821601706666,874.2929916221698,479.2846620652833,765.701384035196,940.9899984464195,447.07078178839896,695.5879822427781,72.9857035329795,640.4714895588074,456.3224280176178,841.0711822686883,431.3278499852867,419.90058318593117,882.1369280309049,1
950.3808210763667,360.6923308107509,615.7404577310658,137.74485348827625,250.49271733635248,727.25613868324,898.0316211647253,616.6731099224705,608.5352542185358,946.7115116207794,988.6467783151198,404.77732745177855,192.55227471422808,705.5323285402162,201.48526327967886,177.08442973790594,670.6607525006784,760.429458438646,162.4488387659201,725.4702162570146,0
953.0030197921361,547.7919509481177,879.3079000445877,541.664461600931,434.9869144179633,70.29794891029539,695.4868039475948,692.5605168835824,941.9540963135772,455.1291903745951,602.0817523112693,768.9875370628174,848.7450499837764,527.5804681188663,784.7282896536201,844.3290802391634,455.34166185114134,829.6074536040377,470.7548826509497,215.56762959293985,0
789.5030514799339,345.9612529757241,808.8404429688893,897.6044556839759,959.6949659927743,999.0445850512928,257.29550368541754,360.0222568304642,384.9122961136463,533.8830491511449,87.46421809086957,334.5423633641894,893.2214586764765,815.6462785580701,811.9173961226924,653.070017277707,313.4517504780557,874.8639879996666,384.0719336175898,482.5789893423984,0
131.98179517286758,321.384758147957,406.62071999031645,589.9176235875647,551.5052404826396,842.8728749701758,447.0005673461425,982.8027228813737,323.3094494113534,131.45590084530602,609.4363459854802,514.1564787000201,686.5217211261638,816.1151015419747,725.6032068450662,612.8104152969872,887.2836168248351,540.5774805318994,0.8191070475316309,579.4039219644087,1
400.0595790179928,555.0170255571414,149.34430625791384,145.51564307691967,634.5328198437552,908.814801510618,673.474023062399,220.48289012547738,271.45868951752584,381.18319889891626,154.62670458716897,894.6320380930213,852.1866180782814,937.045427023452,701.7908214474118,685.2858967672828,42.86091651202884,189.66834319984937,201.86083055238646,684.2167413445236,1
808.2379649777218,174.15254169367077,180.16038221231446,661.1043170558296,687.5278264483321,224.3403596183099,767.8430693149161,804.8704785612839,37.59578200550562,495.11095540579385,491.1307941751567,552.4008933030035,940.1923792331924,928.5527860228007,457.490727937924,970.2923735378188,125.00245735805238,193.96292789932346,982.3448679157094,412.77945044505503,1
10.394901425925696,697.7669001715996,718.4851618473122,214.33975306551233,277.3642358503291,155.8622902369957,786.5696138272386,14.426393031944485,400.0787477871565,306.09555984498047,897.5883211873471,732.0486615190774,741.1793838434317,200.45725848179185,708.3286479780904,271.98662331966585,787.7059858154213,877.1872518081863,673.2137455287499,883.2461873256003,0
209.17225224287995,122.33255056096893,144.97718980371067,852.9103864131018,728.4584021677227,498.6403572205208,5.863627584150377,62.509886162929405,875.4497646395331,696.3311385536032,766.7546265326068,19.816542807644666,457.0042092122011,854.0244113279886,515.0655683599593,770.3734766277962,697.2445044442018,556.7984190674529,79.7163035852818,350.0923376165963,1
784.82583101522,762.929484233158,173.40097284365507,31.33431676711829,897.2627515258088,62.23455176954329,190.113766684891,785.4199077319827,454.5663375963652,795.1077494461751,733.479772790941,430.031426966073,555.0897845265974,481.6304377987771,717.974693114873,844.0371850430872,473.1531950493174,193.16888411086953,130.8833840933049,21.532349430728903,1
516.4609430922616,91.86166207972445,942.2157191220824,86.44083747659693,889.4635788843655,132.035996843912,377.7733469683542,683.9190749256584,666.0624695612943,921.6689053057904,206.46991417770244,318.6120625594836,427.968193338031,475.0536323666421,676.1632666868105,263.5940603815018,285.12766825827794,890.0889336975549,608.7598573900341,440.8528710937626,0
631.3779631258719,267.70924005407346,68.89846383672726,869.1961915716176,774.199107323252,508.8007289591707,960.1172718350947,972.9548903612355,627.7010211725886,87.19712490914699,500.0989426896912,50.16747513787245,112.58483767264038,611.0072085973447,736.4170251662574,20.132526718953713,30.193601932254953,180.32922076759615,816.5199413856831,873.5553663562494,1
336.24941817150835,315.1991202079323,262.47659895073525,617.8819430468487,536.4623996608284,953.7451212615675,569.6370029433876,428.49114807451673,355.94682987524027,180.68820280240283,38.91398490232212,183.6021945893246,382.025673342957,682.2349167627765,537.645942392537,784.0508190267141,8.173603220614002,444.81941759557344,430.97977777281284,45.2947132627568,1
594.6185888728104,14.320149314366759,156.38773563422546,717.19740163455,493.22974737319413,774.6812466614928,741.0880685333673,127.61050782401662,580.9611252809378,651.247663909919,154.1624547895325,194.73510105325198,142.01919271417708,561.4037505531624,326.74689228955964,356.7676625001943,742.2473346841027,888.0816736869504,979.8705616463633,433.5152227058128,0
627.6770369547329,122.38780586900721,194.42540806781483,28.712019725424256,12.879991351700593,530.5547773926235,111.47277863787075,387.35784811036956,700.7994208900699,482.7311625533957,931.3797459947684,800.4454556191297,616.7707590673098,784.233904358662,269.9057022679766,836.0090393289107,138.59918101545875,501.5811562159287,377.3412064935083,557.0214651108794,1
227.02215824406525,565.7626864735035,312.3249455498355,850.6433649219296,884.8925948200558,290.1695993501059,73.75460899913256,936.2356302867483,303.75343405873343,178.7693793380648,372.36642683776387,385.6611763418458,619.916955767604,617.4401188503551,93.29422665402787,932.3440756983005,485.7338711018877,711.3817181353567,591.6405480933928,195.9772862686434,1
394.14102264615514,225.38809879238565,388.89702768797883,635.9173268464592,482.58472318481074,644.9757699172811,858.0201755073464,353.5199509192065,222.76701603190162,258.1971852108073,518.9457409269014,906.4964772773527,66.62997319614882,894.8604795016066,854.4137996170033,370.88045605893205,606.0554956700795,274.1558203589579,834.0774078627693,806.3434085759241,1
90.34244493638832,7.071487335623572,548.0594603651855,194.43783809235848,711.631612095433,554.4341475687718,526.2187617037915,503.2203911363268,796.0554616056523,326.8744161961805,145.47390322843435,448.66669829766715,704.5214264673655,37.56104865825749,196.956630688077,859.6708449545155,452.19448612564537,501.3927713407812,775.8250672534509,792.227518750202,1
179.08668005230876,366.75862207802965,383.45754075201745,900.1973459538156,2.0956524897957074,476.8388885967468,250.78917288298243,659.1484875144216,382.8330913342075,711.1471449047561,840.737196465784,207.44377094836042,518.7615237470894,200.40018953663653,155.81840949708803,446.281245132622,341.61193244448407,317.2178509030044,186.83742692594464,635.0664555174219,1
77.52506477915644,355.2873822302093,370.79134169569863,650.0662073778761,3.6973529062976906,406.8256674690569,922.3006887923166,499.45439700458314,797.9258974395257,974.9528545395428,968.8109042485971,853.8278465729913,692.9179384339459,83.02877128435182,316.14004739236003,561.7192080359129,861.5492786595116,295.2798951955462,888.983910938063,141.097712442535,1
181.0129731377781,266.1881349169495,415.02656081289945,496.63420992748473,849.1984552722356,236.3654063571541,919.6448206069225,901.7103706740725,531.1903798650831,434.9159422954465,313.18963322130077,516.8321981013306,25.428469093473737,995.127067212746,980.7329152705937,242.08484689984954,122.00732054806451,386.6906612415792,155.19330752785189,836.4954498634067,1
44.238586067381625,856.8587707016932,425.40210014876044,168.8060022344119,242.75682352898053,570.8074788188223,297.43066607115276,379.71936486958714,247.2118386288945,738.0045974021283,742.0187348632103,536.8197185422559,301.22703284047657,197.39472062988582,216.80503822707487,715.2838222772032,158.0727223646855,342.1716189051536,199.31893140060996,857.0050122938484,1
44.868869759106204,904.8472173368243,755.2789159367492,962.9994407194698,861.1304863249796,416.43560195063765,51.27638252464439,675.1671311350639,670.1154452215694,481.0582639843424,517.3330354462913,470.84912831017255,646.0126089712179,964.901018690139,496.85686218951884,40.15252580117834,767.2565121157664,253.42207016283723,897.2056385582591,603.0195179481136,1
63.18559693668679,958.0364243706128,288.9691356660714,347.5442038977232,296.67395189297065,635.5947110530892,131.01714529860476,979.8721016976857,848.966840283253,969.6588190005898,432.5390573334973,258.12995527258806,754.789595067109,254.2098914551476,446.5346322908214,829.6062386516228,719.8309160746145,130.1016711255537,168.12598869966823,502.84862630537975,1
279.89055151934383,392.55733059239964,538.5379970442073,179.0876750194321,218.65132023043088,945.3969644020052,808.293772805722,930.3745457636203,816.8308078828992,228.19621639007548,890.8116510777742,472.42402697015905,199.93098457440428,623.7305252947613,60.44871767504889,786.6042959217547,193.22191453813798,480.4281926803602,640.3180618358766,464.1976100328693,1
174.94245760178362,776.2293243054459,106.53356857431251,446.2577100969073,17.92740003280113,29.23945592953958,157.12382529362569,267.355939724047,580.0410754121924,87.42541000837933,556.2513895196871,885.9151192378287,762.2501364459591,255.58970515492786,288.07345625229743,126.5906783676316,987.8208918120328,52.76225405732227,918.719444689778,944.9378577977623,1
259.9597500465405,7.318915169432283,870.8325523745907,523.7041691296085,780.0617490141964,72.58813522683138,587.6144394848991,692.486282807692,249.67493802442587,947.5265586297019,343.0889623056634,595.7148774863603,267.5926692870778,639.1259419063606,482.5516470328222,710.3676748189322,997.5234624424716,493.27499347374214,817.9131828242497,542.4577604952167,1
423.3623625610392,693.2562540424708,837.7933840181811,857.6885847375352,504.41559298966143,524.1291148917221,150.70924757083947,171.27963559069025,630.7353105705425,418.1947617802645,476.3646198981699,412.905537987435,516.1795012722265,35.105489756642406,756.5237670520814,990.1134193418803,296.4948850508742,24.365944240404392,425.92012963108937,840.7247118446992,1
387.0458025556639,877.2338393083952,732.9777691935676,396.61837793491327,343.5206890492717,321.25353569150315,933.1095842866598,399.201951271468,231.54052500730958,99.33878875426328,670.4376982104086,554.9878594902004,136.88200635528958,963.660582159785,38.33390498822664,138.01834537859958,534.5250814915288,41.52589465040357,531.9850885706878,6.93641695316316,1
460.03497612452213,641.9679470031851,436.12315069590045,290.66312718965736,434.54449798516094,750.9488958520076,874.4505415611932,196.86292528594774,673.5082489893499,51.040478811351434,759.5123327581058,136.92097406084892,798.1580839734169,18.557941232899665,802.3827838689364,602.6985128220894,575.5589741630586,536.9887138759522,946.7575516276037,96.5191554377296,1
175.19929087347953,183.92187579552078,483.6584184575173,889.8856179311051,748.0366020567159,193.47489661078032,331.9397831699864,232.1380389316654,858.4682382573061,235.03733816488602,855.4510198127706,927.0026949939976,445.84172639516316,347.47339775420903,684.9127916129224,141.44761220482272,531.1405168205611,395.6176092236117,259.2693931820413,255.86041244416847,1
352.33694845190934,181.28564999913522,761.5471062677042,769.4298137079609,516.8958069871669,319.0604762823095,189.7909161414848,144.72742583936582,190.95361853929072,258.99918505708877,522.8102667396563,273.6434533306045,371.68794118258506,642.7298965080918,945.4367864196762,112.78499139421838,5.010928766988942,698.0245416021796,108.52230834485177,302.12597286783836,0
157.59209686929952,749.6094193808173,804.2156815718705,780.5589366220665,752.8843172438908,800.5313745226548,164.56814027992726,1.0792277544253714,177.79469141273773,363.65105701780334,645.0296195477155,923.5276170965174,271.36053919828964,530.8837810009213,19.704747705967307,585.6689007739333,149.63539239865187,261.05432894537927,628.4607611678937,9.139668968936032,1
603.0107975341493,881.3460128957606,989.5988182602473,994.6336049686496,756.7620400203972,108.01391353449542,798.4848748360714,821.764248503905,233.24825934749816,22.14173316704926,325.45719895775926,521.8385755939981,757.23171378956,248.17216632820515,196.36152308010855,501.39982393720015,405.54522673990954,603.8836745676516,686.6163666108646,315.3292539753283,0
818.9407894091308,806.8083948354008,31.565141327106193,401.072644218567,12.36185747589824,892.2135267198875,342.06159483402797,997.0766823655295,366.7075169732393,509.4648714329995,459.5017502214108,548.3448663347092,566.1727286301103,815.1727561584513,308.84845590477727,915.1173399737183,788.3506254176951,716.4144510886975,316.5428533072007,545.6045043977759,1
43.486352106591355,983.8084260336157,454.9328693512002,548.2542480079177,338.45568031664254,708.1632765663488,598.8094339608112,263.8503861937278,770.0004490791608,580.540811954348,979.5055968107641,91.24179458230897,429.69382381100286,572.1874110576333,107.42264134569734,942.9732581438712,593.6020915836825,455.54066174962406,480.7896016543876,820.0735655947307,1
87.76303021826936,985.8324677653408,915.9017982759673,7.003729587439778,766.7213246637181,714.7285178130599,491.1543303604374,48.76562888986247,288.07855552715233,946.5197647675352,413.8760318587638,772.2748626718048,102.41160914058345,638.1432623577633,790.0231232351814,326.49304672595116,185.6133508866473,180.63559034397858,64.26630733838567,332.58445089561883,1
68.19319517508282,668.1719466362533,737.0286257975911,422.9178793320698,538.4709271327442,907.7316831829771,3.8733482070533176,908.2203122142614,578.262389340914,12.55183404280591,392.42469022586135,85.29484078482253,385.2580910306916,191.20653490964145,18.798736680331828,882.9766427538481,657.0814989113787,418.917985112364,991.119426429784,485.5868009910637,1
926.2656318910417,798.3288797790466,790.3942526398498,504.54659491050955,229.78880562185878,142.5683598847085,454.4031476421948,988.8012876763723,28.81583069218985,251.44458914920352,804.1745848570496,6.3347089921576005,842.9076529515957,883.3167269005672,27.172942260748954,420.88430842045364,572.2765654413557,138.53212953413086,86.52264782575058,929.1048751513742,1
112.95576918670325,379.84874117381594,167.04425695643988,364.20936379615034,308.7197522089307,579.2983640566873,2.426579941760987,825.3154586702698,792.8931199945757,868.7919320625405,531.5476551887011,194.5786935564493,826.8534595590612,492.8235711547315,625.8029806901701,285.5516730691949,422.92476713701456,741.7387478258075,841.9178036763335,730.6892893978231,1
88.22297504497234,91.38262342917936,247.2343816639976,633.3687021165266,427.8624349703922,848.6666650952966,999.9358207691946,883.2231711035495,21.859678997534495,430.913386473131,181.28027090029798,956.0424693681244,320.1677210068965,74.60048279574538,528.2789509838864,392.44317410703223,182.63064496330273,237.3815039591647,633.44205961598,448.1866273725719,1
716.5982373701328,337.8979863186569,406.8994900232611,611.0790112583286,677.0903193180195,228.42178607006247,901.1224361193501,36.63516600561933,978.1901033638261,710.7131598667183,195.64635621931225,456.3320659045167,389.44642327763233,785.5604604958415,101.13199350157586,75.3477698600482,494.06372984326543,174.91089398330305,436.87161547981356,131.07883405045084,1
849.1374541615666,461.59975818467205,835.5857246350753,544.8515473773507,489.60961825841076,448.6181539152245,206.22470250063762,224.0361549261862,862.429416027164,853.5006960393075,576.8572839307425,486.30763189195824,353.30271227329814,963.6354450905984,954.759505672565,138.71822284772838,63.62390211509683,296.8590091757758,915.2883307915289,787.6647821182071,1
429.3911499323595,343.4452579060241,967.7863649755825,607.3303351242107,475.72948216183596,362.37690286038435,59.33783257744041,909.1292991257029,254.39694473575568,843.2114959200059,775.5859289463265,665.2312701045269,786.1168770373546,717.5530869998702,124.69898550436942,974.8894613828049,525.2363790498972,321.8625033362643,852.6759404122319,352.54740726767085,1
742.844808588099,556.2746251203533,387.80301500235794,998.0410567559519,896.7979368912836,985.8716420969982,867.0354636160303,942.638166096615,373.7600930386912,802.3166823013825,912.0179863314173,552.7469853369003,541.8623153490861,244.5969641625081,326.69987068987115,766.5598032909951,562.4500325751942,767.0047345919141,666.5520253886127,982.7626516198166,0
381.5151472483331,956.8504631802913,393.7067065024061,454.5904416239841,35.58766180715167,978.3433095572966,818.8088296056751,444.8464542179946,538.2038379055413,347.0556114491368,775.7629062288115,816.821298134135,839.2995164779959,347.51446630720415,580.5146527816601,511.6439489543789,726.9782817709572,274.9916788135738,335.37694301079534,20.112393700754794,1
902.9939229178511,674.0660209479768,524.812049317462,584.7441509940581,792.270876841045,504.00496282278993,21.82593843404046,694.4052963017228,241.9824683626134,358.5015983614278,920.1390834147433,167.76988409917882,738.793597518963,369.34205876734126,975.821410244376,335.3333609040068,513.6628955409191,192.73130309792285,489.6826483605351,185.99313846891076,1
77.68867418171766,951.9706147271564,169.5627352997785,716.8861411838836,771.6522097314622,492.9034156164578,195.4720386974651,981.2961849391436,477.592237713933,402.5000632231028,485.16282576276393,960.2437381664683,315.334526110571,932.5003106439169,729.1489374031426,161.04791598199265,828.5125767218518,901.1163940950754,702.9205270180269,589.4221277938195,1
121.76465235974887,697.988676146144,402.59900726976826,810.738767533361,563.9779342013089,735.4938926384698,826.4811289897243,939.0439626521908,193.12274286133214,565.4175873189173,865.2373061206025,319.0235048937099,660.6802786634088,367.62910470878097,926.2164207510369,702.9072314547283,250.86793293412967,395.64178503581,103.24301190428797,489.9531320120526,1
718.0568680931561,574.295633501609,128.57432636786382,874.0474996683312,836.428385306586,168.5171058600222,599.9759026810809,462.98237084940206,952.9353022376541,945.4983889365722,766.0757357868478,132.76150192233771,291.84604029165416,924.4082191670386,796.2228653395624,997.5041562377623,523.6521107180679,355.7128195168207,371.9507112922965,204.59067939059605,1
417.26242991289433,364.66854570662974,274.81699868995327,15.261536012016851,422.417709982723,108.76617245922482,703.9677936218125,156.29536734091408,62.33495587113991,831.0955877288437,483.05921096313256,891.8848155113537,128.28439949838665,92.00193313462279,980.886309108287,301.8710017900019,881.2242662032115,661.4864986710093,360.66592164905575,757.3585484510704,1
516.9833072165851,176.63533432892407,332.342046043712,844.7007099219735,805.8239686312323,238.9535429189866,451.8783930666357,930.2022885957598,593.7258654153841,926.2322394004634,757.6544021757725,803.2850373336269,713.9901411332777,833.6985658105328,558.3380979681282,749.2484889738658,971.7301192673939,388.77050032351957,712.4618569320414,321.7717154305344,1
169.23587459214306,547.3120402992889,793.108951611938,440.8104601596333,379.8574319148211,386.98822409107146,936.4134399934981,614.0477141884168,394.18307548417863,99.65943721269966,993.8984085708823,448.5539937452094,22.387676703260027,882.7719460762075,262.5684107321109,547.9689831051227,133.33713598770615,204.22498530336998,524.4549328191847,972.5792422550403,1
91.9451282932644,729.8092980975853,55.11544990962736,741.6941955821732,538.0835330659759,484.67492725145365,713.6506785567811,314.39965760758224,219.4752245044609,954.161844390108,216.72690563477028,360.1022829592196,311.8565445289171,736.1054979455778,882.7618617666624,511.4652135970568,991.8541534642997,481.6219822848818,595.9591774337451,861.7597988943908,1
662.7863314607113,503.2176463426069,207.21192058766158,21.638581451895345,480.0000615425223,683.0427083047734,690.8544240606357,820.2717287192122,863.416870418793,612.5122331951497,129.33474283160896,708.9795393834089,267.26967933340205,522.9154753968007,638.3069671763246,98.48063761387138,958.7860855075347,145.28969098805732,549.340245246824,159.75413226364367,1
85.68179233148565,350.44886554476915,641.2658173321952,567.1431296974121,315.2538245350898,466.17422011108476,889.8628792024092,145.1538027502388,878.1428892410778,480.9169368349543,292.2278609816933,791.1742426813191,773.9961872662076,5.312212926284698,867.1089223139104,748.8473222569914,919.5142784142621,489.7423072864547,523.3152782583329,107.02011143926815,1
330.84806943867363,131.14505130778832,195.89730483155864,596.3019965173428,980.6639311570825,942.7948073470096,16.422874225009544,309.0635662679375,188.81313671869648,46.92693021620753,894.6873961417236,611.1603291481036,161.51694349913626,132.26749479001643,320.6244072441236,835.3279235957671,235.23963518176893,168.4844109827639,101.83357804311154,314.69474809798504,1
77.63788534400673,158.6369453507118,835.0992694183409,566.0864983086618,471.5254494953258,556.3392778730924,261.8456690452214,134.32671533321917,478.5410297551166,975.3031478246852,655.9057917157544,56.77477995877156,376.9396831495788,378.2936117864784,364.54946417508495,276.46220832503076,979.7648429411063,163.3669347172303,499.68801532868844,38.353349059130124,1
519.5776694118821,542.2264165452925,6.299276946684085,651.5606553308014,319.01588925457725,149.57649843778708,937.2714131878394,719.0944875117068,766.4149016882936,506.3627955673354,958.7932207515432,105.53246885870304,368.8980857249511,48.048669561206125,887.4770288414101,636.0672135623979,667.2971650401905,896.9904375652113,112.71860362786768,268.3688465185575,0
52.59325551173066,184.5236633535381,660.4673451613099,588.9651227844034,581.941342496442,248.87311841120152,750.7577496704932,441.35805468329534,755.001667702084,534.5654026269033,29.00211944255304,292.00946365318515,323.60422411143065,306.01193346515566,966.8594568426425,951.6863620749747,752.5022210097669,372.25041942535864,720.3733029976696,953.0705059646959,1
783.9746493251241,4.633280661873074,112.80647029640589,392.26696434878016,853.2354029569863,973.9368203774717,520.8453017499712,122.06926000968733,239.58947043155078,236.75635346057123,500.04148331426444,554.9108559514623,622.6310355337774,452.76637178122314,978.6669525741767,298.48071910469633,48.10014901974002,692.6452315761024,796.9789630352501,711.9428404335154,1
594.4450352783019,387.5026319835515,757.9496386843653,657.354438911458,421.7807271491789,182.65074054786788,97.75416115825576,683.651110883366,59.23583320621173,797.4976041383411,697.7471753397181,665.1888510294606,756.6974795798525,412.60046607574776,448.8442634771219,986.3959422016136,489.04442251319944,272.19837897022137,506.3917652046126,734.4958232841338,1
34.72428688401696,749.8628245504293,638.9850156924275,485.1070280648124,685.1846398159802,39.49233472137315,982.7257182968345,175.99682957579031,435.8156031200113,256.88587394714193,996.299656690284,498.9702231952333,446.2394023731557,624.966697805363,966.2838195769474,256.71753813392826,64.75633832900584,107.24060617817499,477.64882316877265,815.9500631082825,1
733.0014273301775,614.7561066183598,371.63975577598865,606.7910190846382,597.2764177842117,838.0451741612991,702.9102197104114,753.0402377313732,641.610328255259,385.8379373515205,201.1301921258942,763.7764443730495,776.2915830544716,676.4210157676753,267.95610456008177,233.71675087958587,709.3024509038331,886.3937617165801,348.8231590937847,112.24888122994359,0
84.31094642947534,631.5342476427903,980.9575366997304,340.9055153186783,668.987529140508,574.1298137636195,741.2942380218424,417.3045453305325,774.4851208170777,105.84543378693756,82.71133663425888,636.6478446715939,432.89426599642354,112.39544186088312,966.1228010859363,725.6828511333778,593.0198356485116,550.6386500474819,677.2558992759074,241.30622988761473,1
782.7069074550054,396.5010137095245,171.82686188949447,666.0909292864632,156.13554894747926,99.0650763988219,279.0572520450053,136.96496487006726,682.9267925358739,119.87442738042053,149.24279626317082,996.1793143063184,193.10104187168054,597.9458163104821,694.6373153761816,298.3811485039271,300.50142992140314,658.7033166313402,749.4194203578869,19.540317495704397,1
43.91988747974751,247.3532567210659,728.0165306691724,159.73437152393822,862.0820692440647,999.3907999402466,462.2257096809699,423.8165109293843,422.9631090112329,921.7034983334595,494.78244268604453,604.0751141437072,775.3685418475545,920.0776053746571,822.4081873606397,221.83777252206994,420.87852224650015,237.45286799007027,793.4192270750212,785.5089235238569,1
893.1733782063278,729.5466123479839,754.995987898872,488.82480068700863,783.2376284308187,966.5084854802897,15.122095711566752,847.769610585145,649.1026383229558,579.9213619932822,495.65793887433716,318.34459483259303,768.1050269494508,913.8506002137544,589.3911646176401,456.86620329905804,951.7345411406573,255.50436843508905,50.58995237254316,629.1744850343656,1
684.9774124042152,804.6981579331913,768.9492852819094,954.1942159980039,725.5430891655465,742.7070987569414,146.85189229318084,624.9379539081041,696.7406308092977,844.0766799280277,254.6872466975445,100.88283263771358,611.8489883307903,87.80159278728938,980.4594575647649,234.27097515769935,789.7949837792462,874.8671513689983,286.9522248086113,836.4326194311353,0
593.2765505586777,413.59740525803056,450.04884421492176,315.4045490872388,22.525643045254284,998.5571942580042,799.6497839339236,774.8615029243873,883.0147773689963,295.7412778936478,746.3101018329509,70.02326700749384,281.67829883540816,869.9396147565714,388.3318348808852,262.0172071505364,717.1239977030497,738.2864802846768,451.40010690078293,805.5664917766454,0
736.7322808807143,453.8892784752736,912.4251015888374,895.6277682712525,316.7784864217148,896.3861819758389,727.1087112950486,499.29925933060525,982.3183089326897,690.0779994048314,205.8061265796841,256.60290438086565,644.1286044607207,73.03057640725442,759.8161260682535,211.98317091447748,153.2249954653322,497.1471585746392,953.5520534806657,895.2503739008653,0
48.57545138371422,467.52622781654253,435.29238822616355,261.4316537939854,391.8910113847592,122.0112029844349,435.97205351127434,547.0361886236567,524.6547577105669,769.1828389325025,368.8465121518165,132.3110412773715,527.1942984417142,768.7316892335924,959.8477044963237,50.193936918610625,822.4784807111787,369.5426401809293,543.401723374368,763.9124793646088,1
387.18304813305804,984.2712375582001,714.0511199606657,216.09025940990512,79.0940116351807,543.302612455983,431.5677645550121,444.3601397355911,655.4223451544133,748.6654137263886,575.681099475225,339.7588431469084,47.81157674187686,382.05120784427913,852.3449598868316,930.1460950793294,744.2145087541094,840.7890159206737,259.7206596155147,106.80667579768144,0
386.42190241713394,63.953957976109145,526.927514833047,887.2216107849786,696.0676717011944,297.26018536940114,650.2443244023298,702.1918276377161,529.1857247239047,655.9646715737916,960.578928460262,734.429919649021,865.562687006029,28.003496929363656,29.427114905827057,469.06004532589697,901.2117212665057,20.646971083473908,586.3720804469424,90.13108878486287,1
552.5623464892434,434.36846343133993,739.8163796000184,532.9907233393254,392.0903919248009,877.1358079689795,66.09933639847499,844.0611870234228,181.2587926377781,680.298157422631,584.3779404781594,827.0693917637013,869.5724173520488,797.1116022419646,700.6576622646191,86.47176854487459,515.8742276054115,824.4931251392968,120.34168514761478,858.9997836510183,0
269.9541034291618,113.42565991349952,476.0539168786113,756.5324967440871,586.1344991822091,298.13595659916723,496.7567618242688,588.6069955992837,928.3441126403573,591.1578518458493,192.7097359729375,526.8044497423322,591.5834253152967,376.15679989202033,518.5988025863173,812.7397788578379,206.47907711270452,427.22590370081457,307.3150217145395,154.03154204130897,1
537.6370453460214,65.96245817457414,801.6362128367408,59.839466778619624,785.7650148264296,962.478878052063,638.2682130061659,454.20252203891744,276.79751553730557,117.43233151479093,754.4970843252146,90.20766372430478,674.6153481808636,7.2678015497903425,769.8761581437574,965.073205212255,408.6561081581498,951.9510852901687,634.576191236943,156.34973250084207,0
647.522323795883,770.9140544187363,4.26837547531167,219.98781508937137,485.8028482569483,515.201559223127,770.0427532000117,465.966154948242,626.0211911083218,973.4818529301057,806.9996809547848,952.8895191899329,369.0390747717861,814.1864264523838,386.18160831082236,372.01193340759306,854.9201151074872,942.5412988203875,617.6855331402232,931.7946728145348,0
205.21497076791206,126.8853087850459,447.8843889780676,655.4543425496163,202.81122792338547,163.30924609505627,992.7845378087574,757.8611363450378,903.937756575832,48.54378029358997,325.27692739856695,713.5165276908657,752.2855917472999,774.5521510645596,533.6304723322988,516.7757569967542,78.62997329760424,575.8809606970207,998.9770879727023,780.949824248627,1
161.2246420651472,230.17918248977998,316.74006813104086,502.6459645357729,234.91215899113504,548.4534453838918,393.016866882558,541.477345830716,127.57619674967535,41.07159860093712,62.92626291988312,639.9714925476616,768.3424239806069,885.1468817885676,334.09431954397326,997.4458064278899,324.3980035118026,555.6525804260688,408.82506238378403,306.70419096727795,1
643.1373436467464,845.4612248743406,835.718930276282,519.4916083395888,315.49722419272786,426.9093494517663,163.94260021650663,134.48441342715344,899.0725097470774,172.89294301501323,68.37921164819083,183.79626887574864,762.3020421449243,493.62574162453353,105.3672198782466,330.74426008245905,193.6641930884625,172.06206403852897,544.1617941553852,507.94803980228255,1
775.0385575012366,495.5200017016026,836.1160259004349,214.59535848570232,911.3372682477287,944.4285070251466,352.87407511030267,301.9780382418298,737.5065302356109,79.87777518188733,182.74738642236642,351.5811903059299,463.7684806326827,390.85877042178487,836.7046677987909,98.69784266388093,489.61815238968796,569.0922337969758,978.6726599494035,985.5296359326176,0
667.3445680653701,145.63139928246883,28.073499544972734,955.4274976900557,274.4885900766364,951.1060661577309,164.42505200297265,512.0506479933892,139.13858361883268,498.0432511862304,765.0853596365203,785.6610833293377,650.6497647040901,951.6722517545775,302.2940645142561,650.3427091852661,370.0336242318014,940.369530376285,137.7085227220327,247.9830698331088,0
341.7921387288787,150.45731085424308,552.5512754192677,946.7412792592052,146.0906754070629,939.6804389266243,956.8510909066054,777.3477591391712,658.2651964793216,981.9752676278374,677.4386623058386,713.8778763210902,619.0968797061347,739.3131111200147,453.4128761765965,797.3144499608973,233.86239008673715,680.3952217982827,742.2203215734693,806.653960305896,0
97.24826666020093,850.0772148122542,891.9286962279319,552.4364945299591,977.8940111851317,149.72379189809092,700.5982102611483,146.13208802408138,937.633793569487,449.14880065727294,557.5162269062401,258.5406010762121,464.8029930459842,636.4159545503164,612.1589859676665,331.3850437515563,623.7421678729316,112.45403431759571,174.0559268584505,21.471224197307293,1
592.6851951822896,894.1463267155722,174.75898406674705,552.1213003140166,358.33251491609764,80.72246852745013,969.8088388179642,420.0751846773043,904.564761693525,653.899801444083,751.0230424957101,475.52383371130423,980.9080127174026,409.23633431831144,427.271186354534,975.8023840744528,843.7149573739022,377.49075332637983,503.18971810841026,534.317792710836,1
832.0768431286169,470.44830083572066,549.817079814242,818.1776875098979,912.3480468150311,970.4807438175642,542.5749619382917,869.7329182696476,62.43106026385337,37.63787720682077,131.14680856659876,812.8870074973687,213.24503070165002,143.34718500764097,676.6497846560447,271.3503089918643,724.6416453230153,878.3566888257941,342.0039540475248,64.59642645412333,0
170.0820640133185,829.1292361855443,249.4185234094637,625.7435355111306,454.5064292730179,132.46827464358768,995.4449665741347,109.73758739169747,737.4245020915815,629.4060688286881,800.6888302783058,513.9112265557167,330.7599699430089,927.7967244244167,619.9779568346129,443.8610971801612,284.8519743799102,534.5762061018067,110.8525800071476,641.5542884260218,1
655.4845366061109,872.1919116286019,121.85692039829866,995.5765560259553,953.8501868357338,156.9129066992845,876.3643020405217,525.2340552118824,675.3087807548748,32.2716045557988,415.16936697700635,306.37610412079164,812.7972103550171,155.10543916519936,119.94811005470207,466.6382549032876,172.47879364012186,712.6136037835394,240.3854468386446,155.2121659291994,1
882.1880090030921,415.3249606267652,549.6434036542157,486.59886870893075,370.97298222378214,490.24090150859513,957.5488537930322,829.8008170732115,259.44774865920505,726.0778337939009,149.8231172900645,853.3743454164005,83.37945576900574,560.0528759072208,13.84132881473521,41.77612076323489,920.5440324497525,88.27185740480314,525.3312701355918,979.4348728904566,1
869.2372186498072,396.4869300049991,99.95182499012112,902.4048094457929,760.1449658222471,263.9777128749274,572.9340272143409,117.27328085935518,103.82255807394446,619.2006770817696,468.8210247885144,418.595359577183,503.17637506078626,428.4577524995435,692.395907860796,664.9859725941193,856.9550904374624,887.234633251416,563.6030683966684,832.4963616786872,0
299.94175859420847,1.7888777907538733,77.57000451248774,723.4416674304485,899.6022830717386,981.01609867072,860.1642391530174,953.3235667760093,508.15700867935686,454.44678687013584,462.3288916786732,556.6959465513169,882.5502545818473,104.74939027276776,902.0703683268457,455.21573995601415,434.8436186375987,692.7035863714173,170.6215053494662,51.568286845255386,1
580.8485517188778,74.36319597025154,707.3205450991826,829.0441871928607,809.4435766146016,707.9830050864819,320.2250480374046,631.1193226703801,12.565297727715086,280.7657111935148,832.8052901696334,343.6821918520951,895.6106159654187,31.26621797004059,863.7142945866485,252.80760142413294,808.8797903053594,801.22216067768,887.7721981403729,273.6715207934286,0
592.4084544614774,548.8770018826898,737.7142902003937,265.8677817074806,207.10606335804314,368.4785699232345,841.3520317490437,347.69299677913455,469.23247619257904,79.05463496975807,525.1455806644868,445.1423976538964,989.4665079683648,102.0784588211191,697.7717343882226,86.9430129035832,998.3294888252993,677.1615376688553,906.4384149158255,693.722920826629,0
124.01145176650485,363.2467486820741,790.2496193711446,676.9074039416201,654.581223892784,403.39160656562024,840.3598743614176,740.2994915674719,214.59229516957413,194.1000971260578,702.124346886964,54.734892292095935,864.3552399081226,36.92743211351623,22.98909786574599,318.79740194512385,118.04571098937677,519.3966122604829,2.3865086255429047,897.8820730438861,1
360.2466335854,143.51698309857298,186.3740096396266,832.584841450204,450.88634005969186,701.3319745229205,181.35867756243061,846.5517708342226,35.45062105199259,731.7152731946521,499.4474741155743,83.02033277368825,527.6196333867864,916.1428201362539,3.3600190687480547,498.5717673752341,127.8166992280615,888.1310861743088,47.92596161519802,215.29484672899147,0
774.5416719934128,535.3393783005431,858.7957540527909,542.4974914028917,316.4954360069286,876.7038840216252,70.33616925656861,731.8834812936399,553.2199888173438,788.3588341514671,780.1944937193487,76.96005277546647,658.4941302862998,89.37347270833051,896.5585428803329,125.59451653023868,554.4673741709499,234.9626048755301,455.308017414006,120.60232109918823,1
877.6685319214762,733.8358070232598,653.3018272031424,292.6805169109673,388.9783922716397,244.46777424310807,977.3219004112763,180.06908090570616,944.003849686687,959.175187832802,357.8555326936217,1.489534676558768,200.11802622440246,482.3725603838129,525.7750383552523,877.0556142683185,29.48593463796867,693.7209521301235,30.50085896185639,755.8628090025572,0
676.1932277939912,384.79198402045154,902.1012424154148,178.1948401857989,516.784702984158,263.7229214247556,145.97736413259145,499.0307744748632,873.5704284570126,619.9035777276948,955.9925131060445,369.47072294557046,660.9570669714844,358.11024637251563,264.28322804882276,877.3724713901718,424.06036608176447,397.5009334311623,346.7414581073861,474.8271843123194,0
531.2453523120809,500.60202556024,312.039907805266,619.6220299724205,619.4803351030258,287.76497052942386,503.44079056012225,810.7233958834876,529.3875324675604,911.8253384091033,729.7512857908443,436.1661971041293,183.6195919581579,996.1926100526143,703.601423763542,475.1496943971373,644.9374967205125,280.34721756306124,233.29146494335484,472.196380670844,1
10.607372441318486,346.5198813356179,76.55430974520583,203.87862610227924,171.47198244338702,899.0376623153908,645.8748602716099,830.4334499393433,266.0622394954955,258.7915376172577,412.55895120693043,326.11529692843965,820.2847948436478,229.09692089744215,385.44376968628546,45.31450687353833,968.2004041353644,753.1705444664557,743.0127888344099,48.784217713869424,1
698.6334382603435,986.0811826759211,611.6838424128852,83.61781792770884,970.4593571661788,810.0122987564528,348.30061990178206,98.77228383114289,517.5316614215113,961.7028354102631,990.3418019879736,980.9424841746238,288.98929930460315,946.5695122555778,38.78709521204593,780.7597249019236,777.145169102737,770.3068368729656,701.740652210805,790.9213121469148,0
214.3728706374657,152.21540782559862,815.3616645209544,945.777148924371,314.8310178082504,732.9108159712652,628.7028777278395,520.6487873453689,990.8153464938607,528.830518100448,379.5154256875091,600.3951015115381,686.1204994960906,54.564632470788574,808.6169485364959,216.6857307832779,484.0733184215018,611.0937927247027,997.6518851086042,73.91856822408339,0
706.7631363836317,668.2594632137464,747.4497195348642,273.3534987050646,447.91604698389676,125.03095427358856,690.2580344591531,739.4754725947223,355.92011988315875,869.5398746049464,506.05108261591835,911.7896803684415,699.9157084354983,846.2002679097842,363.41328119885884,781.1552145280335,625.3503232257843,737.4291284617252,685.3446958844269,691.1661542966784,0
6.750950528675692,570.9752483255428,886.2023645940483,334.7388041216216,174.73226059062253,147.64072109904757,554.8032584895964,158.25210843128113,828.0356661032303,949.1395088493011,183.62203190939886,860.1372453853481,628.7829882451397,216.2068109881119,595.0999716819917,845.134826465493,732.0574148338508,693.0172266829322,793.7304936457281,970.112134057678,0
169.04462030011658,883.3274116193655,62.542600833077614,66.07566203944192,106.93560910542888,479.8328590507138,279.12424955943106,40.69463730518075,423.0171358908232,186.74560605861367,554.9092076309008,330.61183940056804,371.7751016167262,945.8720755548463,727.1522947352385,583.544200013246,256.6139915944775,63.61775405286474,443.1200100005659,249.256383151384,1
343.29175162457517,948.4646545325357,141.58163737177887,410.62662797385366,370.2066044851036,130.0354579033427,311.6100311213882,379.5491999270337,677.2770985503464,400.6982558969684,121.53330072853619,250.32706195729892,786.0820543147083,132.374086702427,810.4778723625487,73.87195477161212,511.54425593287624,149.08158099829504,763.8060881526649,444.3743655428998,1
956.572548799082,755.6385054063495,343.4192893905271,685.177618834855,818.2895349353762,806.809114406151,205.53144589718153,807.052508986106,520.7146482021955,755.1758205476835,655.7688105605913,105.9241721617662,895.6900152346429,272.646759742469,870.8885516821824,255.2344875593433,134.343213218323,473.7828864393835,960.5577826058733,200.5171436665163,1
726.1322717079728,615.3597981991524,936.2602081555463,329.05527055334727,646.7706645257946,340.40714560891297,414.7345272910642,996.6284573011297,70.90185398634286,419.97271617766177,748.0128901966841,372.5534447641693,450.9759865667852,684.866193706395,522.7052227192094,543.7302175475506,484.18968813329576,979.044059703304,996.4939546598696,761.5984909483773,0
405.2556166595369,670.5717839737406,413.6324755030194,148.86939468469805,742.092408898341,764.5174833196021,88.33918795067875,322.13304196389356,3.350344043951292,428.06855468397896,298.7962374575546,997.2840021636671,286.1069645271507,855.0857887936818,951.6726392104642,958.9788809509016,175.05154000679346,850.2605836166019,509.93000544424683,388.8931396137092,0
379.1726125781546,349.7225456070153,406.96358202816606,774.598144018057,10.148929139938922,448.11223640584205,954.5124954704437,741.9882088713537,632.998137120383,423.1986200785466,400.4165166175294,137.9485387031284,448.51784143937124,810.5023491336206,929.1344382744104,277.9888864447235,2.006501129857896,13.786624351951883,833.5003431875572,199.69353035025193,1
87.8834108517933,555.4505413578531,969.834007083173,523.5615247157801,489.1592779649032,624.4696248595791,106.19053113226717,644.3029444373271,418.5823442047465,364.21760103920366,406.9830753384016,221.11409575949637,507.2003989859415,990.2693645641749,131.84995722970595,220.42672425180686,928.8445541496783,814.0995864329923,934.2467348667454,844.0823137190987,0
992.9765050806162,740.0873925660524,955.7554448126334,211.27678301210983,389.9447440868988,535.6091876972993,361.4332702005504,125.7147035175652,34.00657238731719,936.9376321642815,450.27917611422396,744.6408491919678,336.4860721076972,509.4250180409757,353.7442044294264,750.6230181239218,620.9051549923005,627.8202902468273,734.2815329849998,2.7785807847703348,0
546.4091935611389,899.9298986024063,201.718388766148,899.1147833633594,248.99256179532802,169.3128829696543,986.0831359692328,738.592725121452,64.64620749909366,783.6112937736815,586.6703846610637,533.4719894962453,910.0592348947869,797.4754500000662,816.0771747213952,92.82863321948764,993.2984714343512,360.7046280425983,88.36948517718346,112.98812110735335,1
557.7486049914173,305.95080928958527,616.4853686648296,516.5278978671793,568.8083157617555,523.7319184644507,39.190658383485236,77.12980300449657,565.7712585930897,652.5969490124776,655.1788999465113,637.1052445245336,518.9019767120185,352.88744898437596,311.9444285058395,185.32288183154122,503.2087697462274,523.8933964778081,705.4542254501775,841.1363688042212,1
717.4013182228503,389.3113644984388,83.29417221058111,289.6060077412155,93.9202363970707,160.85899681614134,183.18043709248312,788.4805050236525,695.6425452139117,687.3206301706878,548.622041586712,804.3597052929568,569.1063641309879,98.85687233306773,138.55084263752337,211.09547261076324,661.080235433215,576.6598329032246,576.3517808868276,204.53900871103858,1
291.06795158719933,226.65321876053235,952.8238067282094,534.8289586237191,441.2935432134577,826.6099531952661,935.8773264652381,953.0184178073577,389.3976419373609,348.20700715282294,89.68791080351757,990.0769781388146,534.7607976059815,279.7008686710576,34.16629783865499,180.92298646647131,241.07701106986877,569.869480986363,649.8543156642571,112.51590913860154,0
27.240826422670672,577.4064921324892,754.0920733939248,613.3109358190732,440.72728383635774,532.3410655772395,760.5422587108899,199.98717886177187,34.70155662241903,764.1272192334505,549.1236961088007,812.8085051970049,941.9331975670168,769.6209607234279,271.1980532104572,338.40917565899883,476.82014939874597,60.06822830997272,899.8420989659189,98.21325467179143,1
203.4324678694831,389.3153303976825,278.8703351692844,324.3173833301918,245.01476580389937,396.8900673259943,708.4505720441921,817.8449343074585,24.515517594771886,352.7121592697445,352.1171491016092,655.3239544632596,313.6841965200311,715.2777001402043,875.165677073749,805.110921381402,478.4784103463644,858.3466520286414,623.67810228307,478.97455023654146,1
782.0837317891431,946.8253617351086,225.34887050257467,264.5906436123655,818.2488996838,937.4130760862454,386.8032160728886,324.26209181019925,421.1976045485988,552.2067359212919,650.2565166914264,679.1515275626424,580.7491834664453,372.5498488875447,197.02311951088947,395.58528625331144,532.9638138499075,570.5292610244745,303.89873977191763,878.5736005015962,1
886.0174443299745,322.4651842400584,403.11715336350437,417.0205428355214,397.208724513202,980.4330630297674,670.8215291727123,335.7519880987693,372.51480179143147,823.392775583421,154.63524564353648,979.4896517626016,10.952488167236707,831.2529381853712,817.3219702064716,80.38459238608931,284.10481786944683,242.10272827206992,991.8919046815026,5.229366899973442,1
479.68280967048827,0.5909837838118381,959.6592334645759,622.4227718242879,339.4178254808241,598.969086873445,866.2595305470537,382.6043355568889,264.9257098819389,597.2497695650611,991.0388416835775,289.65877509087,208.2635037070233,15.197683308334042,888.990660206764,539.3666853808745,946.2857197692874,789.7361355130473,385.81420472320826,461.75875179981875,0
855.5062368211329,477.53821718375036,330.10530648416017,910.9446216339959,462.50534777779217,359.29189920423676,170.35767870089424,399.9406654136914,982.0810834812611,97.2186370809045,628.3478930215962,379.0199909077213,69.7057798174947,76.2609085805256,105.67513785081395,478.99693876075213,702.2111519283794,492.79469000275344,950.1695185330675,537.0348789134281,1
654.854657497292,243.18336485901472,114.48809634598456,911.7470946118807,304.0230828573954,985.1299345270749,915.8831947609738,105.2660447788455,478.54874374334975,76.66907939637701,615.6275480573919,727.2923980019292,682.4607572481236,684.6411137707145,594.4948765181317,42.62220129093875,906.5357847536642,384.4103158372427,563.3831505190608,154.78642937418573,1
491.1376651605402,630.5394103550659,553.0061676708555,770.5681795792648,351.11824007100137,78.10689441893793,368.79728803955703,218.4132717187771,854.7917430832382,46.84444662710452,486.2573034669925,22.838785239387317,19.69509981302253,939.8859336938671,169.14965391290215,89.83614247984795,48.26299869993689,299.6938956825314,311.2794410727083,491.80933739445663,1
547.6472617603723,605.0031555738202,50.82318590889135,380.16748847965033,868.9827301583866,735.4114651744545,219.50460126134342,65.49612655497161,799.8280854784799,331.21389896583196,930.5676446111436,599.6065153785564,514.7245158007684,357.25290525553646,219.44536701850026,571.6961391859999,299.41929243149735,580.0043663954991,94.94073878109688,490.42382206571466,1
269.5627339648059,81.09304771684145,527.1037223121248,990.8728222576337,340.9711765088744,851.943878191156,444.7148417385569,320.7461258598435,586.3801944017964,970.1128074382425,240.94242464531823,679.9065000648161,108.29454697701213,758.8828520048467,728.9008549176705,767.9048777998187,441.7693132630354,563.7164151951099,120.42945063392152,382.3949084294193,1
489.51098048350127,656.304081230589,685.7613959715815,105.46825924659176,292.2107046614545,435.3735131619475,268.9088177807263,686.0640978754138,756.9565064448526,731.7721412320561,392.242925914125,566.6619388444592,292.6137487305177,345.6076037751514,468.05377757318746,857.0471616846069,844.4582504314545,129.5342771869582,867.3682004633897,611.5492589164686,1
287.90444587197794,148.7541668397079,441.5555959833766,326.65636885183426,477.1648650446326,845.522372604106,625.3652161832109,717.3252306823389,144.63166409565565,304.3813724394494,920.688348765569,153.88121786082021,415.43347424279875,76.95090634896073,581.4555394481431,68.87075972715051,222.01969977395143,587.8924882476207,361.2775200975054,3.627153211310241,1
191.88976273043156,646.5492170198157,936.7759356456031,790.1416808748809,109.20024399293493,50.758198655788675,352.833624519569,856.5879074398497,305.0180601658332,614.7544567803872,135.22708939516926,611.1205152988309,467.2134190251377,211.57555753351122,363.2906450195622,478.5607799634558,225.2670257007282,373.63837980503035,863.7810294516288,434.7613603938959,1
902.9621942122074,415.87063803861025,226.64794077180906,912.8812811722715,752.1876497230015,581.3817463345798,703.3198893004427,580.2907690286404,193.3626502886906,161.1082594906338,563.7237943783858,269.3335078729788,581.3412306233814,114.87906893200605,403.3007528418662,60.25283941925896,278.12263361699684,447.43450876298175,823.1601616049941,846.2192261547561,1
724.9895503597112,971.9252913314257,878.2475745223736,175.09073042516044,918.9313157470356,201.05825218540218,595.8424178551596,342.915955296622,851.1081151735308,921.7727038390487,907.3318920097156,916.8733807974578,462.07452996207866,83.79104691756089,335.82433818743584,727.9210459226421,951.5016785594397,803.7033389928891,862.6007948371554,349.61975612863995,0
2.569960730813281,374.8494068771654,115.84955029279709,259.62396311751144,99.70549355117953,503.67198919346015,554.2821953539728,565.140194180496,232.39622874275744,40.43699157662473,38.9850906917969,399.52041053047236,358.4618315248618,775.4896346057408,843.3598345273846,533.3346697642771,570.5076225027,860.2372505823029,746.7056418859876,342.73063457858854,1
833.6511225495163,827.8452258946306,660.1192136787287,761.8346758385144,525.3986741120085,634.7954192495644,25.95997326105859,295.9776142451861,259.6762091750533,436.2143246906558,354.9053725493728,593.8522059247259,73.27729707299902,902.6199279760754,320.4917951387486,309.0271225314126,203.00538299226056,580.4256415659066,882.6096945426465,946.8354661272541,0
196.2913271553246,140.85775346619923,572.9634903260201,187.89866462853433,320.0587395924378,309.4463102103041,997.4138570762794,698.9821593916555,24.415486001729935,922.8367029910129,610.2726408641214,463.9294244091936,517.7685734037564,319.35546429013107,713.1656288022355,494.0349491346383,591.4850570033658,730.8065251775121,732.4661180143415,119.3113699890701,0
814.9489870732198,49.412902351086196,19.676870936245592,608.7479112662244,898.1182413882887,606.4451301242597,506.3881797958146,237.80690726506072,290.05581177069575,526.5980636822126,152.24461745893348,332.77043807092986,746.9259624091118,277.87546009065466,469.6479326303208,8.604657484816647,46.59643396246382,383.79707120399075,705.0753674672743,232.58056729892562,1
404.407563277096,618.3469588956569,828.6420698831106,71.5838840748092,855.1019276829945,842.9497490813387,512.0248885578209,177.60392109684298,708.1858929066875,360.5814638880479,647.3184571759401,443.8193679589778,176.71949937470742,558.9203864818218,418.24978214090527,635.527006658744,419.09137384482085,536.2257243203039,583.9929897088974,981.3418241591694,0
501.5567139167615,185.40230484997,488.2511431396406,682.2152948290662,422.25263194117844,68.47288286552622,320.93838790014695,475.0768106841843,985.3855745023526,288.6620625837598,825.8823759872658,121.69168604403724,859.5071533705055,600.1567550269926,939.2817992811687,535.2700394870867,397.88290403240654,741.3034148892889,275.76313753339156,138.1892303624459,0
437.93209754532705,148.03938124747128,739.6436136870532,39.46180115518671,230.44574310158183,89.41115549272327,988.8177758550524,469.01033588797867,518.0054626665776,395.71479483644566,342.8925997734402,139.4382931231297,31.656361978133262,749.3177079661232,879.8453856330993,525.6662998353894,518.2608943906387,557.0532182108516,78.37918388101606,199.77092305360634,1
512.5233804338997,89.59716217957103,271.53074705188106,365.58751429139255,986.6497859124989,645.0410753539056,732.0647039224194,596.73700823754,894.828973971696,191.3844604493754,739.7148968653871,519.3051571657815,445.5570295612935,295.7150601801196,977.9489435000143,764.9021396959173,915.4782118170767,622.0623162011159,544.7593477419396,378.29583586435155,1
969.0901782476119,334.49108629755267,73.31918259895032,568.6281632348246,910.3954938497787,226.71161553013584,442.1794839848591,285.4319179454057,139.27937621662855,386.7779559897227,230.16922832679475,746.3924891891235,54.300047941589604,591.9623879889358,250.61284514129855,855.7601901567083,238.96199455666724,971.0716448595965,342.58135036166436,274.51428728168736,0
454.7866966331815,701.1654248732991,790.3884851650772,566.5510815539246,70.20279616158953,790.7739008033728,939.2471092036452,296.84061329667753,85.25441281926483,820.3902318871109,489.9067589163986,853.6041938265794,467.7841119176017,455.869525513491,915.1279964193945,659.1814295988847,147.4793605831495,368.6127983853859,459.93153498161854,866.4217596082927,1
250.2825251662022,254.71429351697407,594.6746104817204,700.4866647622072,913.4241592517703,929.4895492891524,447.6651689209661,716.6901951169287,858.7190824392833,118.35432633005716,325.1256955984262,721.8065952621487,11.704189297612189,52.16613780200452,964.7372534569847,132.77258018127569,976.6659675114146,112.60055823129666,709.4168728724964,159.36993328889537,1
934.1930461994846,88.03757688027314,793.345128120014,799.1865163228872,761.9900777352125,30.693717549456046,207.59862855586354,124.16392389080477,521.1697765610973,641.3969458130244,336.0002170530524,626.3204008235999,950.8349259208084,263.69562106287947,156.22818702821806,772.9888002713719,639.6998792468714,254.43708030217826,431.96118244459205,178.30405818654137,1
606.5080056303356,859.478406386601,298.925657018288,546.2850710503445,507.60511343762914,38.536956933000965,249.2789063413835,473.7647023819821,551.489758375166,405.1405921223565,525.7125506383974,161.42007174822115,170.72922759755627,617.9490672876119,226.11704080648065,716.4799590594079,293.64591761189575,846.5337622451248,676.8571089186124,385.72905866971973,0
18.987666126682345,1.2063135492929034,561.3085738050557,336.197975299134,590.3204372898085,847.3065027867152,267.6312423237617,489.574315816996,638.891365232656,115.70526147604187,164.71188766046717,25.613362211618586,941.2631858403224,812.1448207482725,167.75960049679972,564.045987969352,396.0547064963488,590.8429958150375,83.27190730199663,983.8241131147356,1
827.7481500489359,419.8306707466567,520.0360996312704,438.24825097224,365.8167615635265,320.20084331586105,736.8656447897325,696.8796777802515,613.0659364754204,779.672190867732,358.3630016754742,95.70318911655595,766.8973713176088,773.562681802335,751.7688478877632,50.028110248963586,659.9960714385603,488.1444480507098,271.23991018613793,643.4733575770582,1
484.2903787576247,919.774107839443,309.39129430928045,844.8004376627403,691.7318946578747,192.60289664932907,234.4679103570678,483.00051398117995,638.9163209772225,207.84608968851947,372.03369148128695,956.7380749954463,995.9340376095853,983.107721904187,218.64886940877258,483.2313779291435,501.7916810896964,870.6817422464414,738.2457140595365,955.346942115087,0
163.86377042013078,247.19700246646127,605.0497138181385,386.18591642490117,102.6727120019515,350.9672401618641,236.7389006775822,393.0106162188033,381.3817957935094,396.21946333726453,925.5817419695985,920.7692666622094,756.9571177661511,233.17488308706936,48.13679845227248,472.0415777216842,197.17262215126817,125.03034538510138,331.8797765468718,710.6184762972902,1
10.563905212510495,306.0110681823344,327.9644829812286,372.4781224474919,797.1819188371044,501.32422820024146,701.7423037787264,532.1829401208311,42.69412534203176,189.35276301867364,515.7288444636913,107.73650559694148,626.4725730524592,964.2292503636749,213.85253792981663,415.5476952224857,298.4710294377627,725.3394232165035,765.4225645498664,474.85134118830484,1
785.6394998644187,81.39391980169852,284.59862802107074,761.7814609870939,670.0290569819064,494.39814661752166,637.3299888983556,626.3822224185978,946.6123828225204,78.96245023231153,373.32680798757855,582.8845812973082,996.9693668346434,109.2861905540784,934.9926675685994,442.27326463162433,118.81308287783764,971.4006345606232,220.62073152045338,579.3484730690582,0
317.48892410699926,826.279923721908,842.3651751721479,769.4816962894675,797.2967336026453,752.3078678200227,776.0375794381847,174.0262851396075,98.85811487197238,955.5025688767957,649.7937310831912,363.85049740626596,569.1887329203702,644.6932802473241,906.9710595344677,14.261914706654277,185.31962470520637,860.0837257117862,627.0417680014965,941.2077894190936,0
208.86568566823527,431.2481605932742,628.5619741472392,674.1556496480408,94.71424702987052,439.08620931454936,847.4263618262107,131.43081717818595,969.8121862342538,255.6054151643452,956.4000993692542,438.3706801892947,809.4807290448816,809.3532300303083,284.9691222700974,185.0245603700349,870.5504383430731,706.0940628290158,678.2749798583312,410.7410676249734,0
554.2893683039407,425.2061913166465,890.688638943726,54.51029690617348,221.76924990961578,932.7597206816577,94.15618700414407,115.19068405155575,86.2813677125831,272.7635856202226,887.3582930852792,900.8039440296848,909.4789693378882,617.6424902575982,944.9198359209395,407.09128702217237,292.66127358259206,483.0679717797962,275.88454754673177,353.4016859623674,1
447.61897229008906,685.4591617843424,197.13062915566815,568.0270487132533,478.6026299827789,952.1417435815765,849.9085205655109,978.0594199873464,759.0960895361945,422.0442651867613,263.32835990801175,389.360486375253,796.9558103567749,504.6330097552595,79.60624754056411,697.9997965841735,658.9756300621946,670.2173829119373,958.9286107787284,411.64351648981034,1
235.91170113291815,529.5848461566358,955.5446140710428,572.6929847690087,725.6301033637808,847.5472410397012,398.8377298119451,463.2846781135006,107.56074124801096,160.39530378242927,232.9750872089533,909.8404550658345,475.04742694938085,487.9214542366652,75.62764111941989,891.8626257174059,612.5635194659249,463.87780440518753,108.17317441969654,333.21551433551855,1
444.9150672030816,492.34523158224863,554.8354889734103,804.7093345861882,763.2711929502673,452.4246739408633,117.95460931660784,850.107900566782,288.28244009538395,111.35905992238382,220.41764056714686,935.7835708244008,417.55161852896185,670.0888207176728,256.9019981505375,844.4880118955541,912.0273499658234,914.7999509588195,413.55107348186016,462.85760434339585,0
344.8262187725517,919.2762362571722,295.9882165298898,0.6384616711656577,658.1653730835737,609.9911259663589,856.1874121865239,445.84665202419706,595.6247111699587,744.8379911967714,748.7067174278476,823.7114900264089,984.1472047684887,153.9629753493147,229.08812981587135,438.1034672804225,933.8311158879469,369.27673112579265,310.7354580852045,250.13555793147856,1
756.3746913501891,288.5867529662465,124.82842650478531,663.2420512515457,448.53942131396764,300.4300870272508,366.30884606168945,636.7343702331208,359.4035920427362,128.45750479188632,200.90143889194923,246.67816109927443,553.4560628780611,470.9640320453805,80.02588612637939,456.94877416176615,32.331047654963974,441.34301608919566,37.07418486699643,838.5887756168032,1
753.9311292949415,817.7393044505562,900.5423494129142,459.29042711863923,817.0218399914976,909.8059863369315,819.7243862306475,626.2677243180102,159.3743884200005,42.89294452962989,962.9718017701185,519.2502621516765,173.33723180222026,801.300780062362,339.53850763840177,404.0542703943476,405.44708496690487,89.92451979330818,198.84899489589714,295.48397089591606,1
139.27144188502595,759.4677796407339,339.38629283782507,432.1148865675112,293.1356331192175,650.9030225598773,664.9118239913817,484.4394656736585,327.3619398981569,228.2440833247612,827.8744888483193,577.3073426054211,314.26240553742946,478.6307050508932,735.1285263705571,652.4188493098255,153.98858575638297,686.4966527220272,296.03034391461745,889.0051584158919,1
394.3048064449811,718.7172305489706,766.7620030830835,897.6023726500654,616.0860398176801,733.6433483085276,358.2256068657158,103.88300102564241,809.8009917354314,759.6265479891341,929.9339045270284,499.9464501196377,299.0247657562707,441.44437407809045,377.3296850469522,93.8058860386014,87.32300707126394,804.8441392664424,976.7470430318137,354.3434271855803,0
330.38579920897604,713.6058166951942,807.8478721293395,533.4668856352769,914.8630964886008,882.2189605832174,180.48832450151576,294.1539557561671,564.2265272021782,781.9859405237701,121.79867618794616,81.62328191516566,791.9075579795913,319.65581322619164,982.6701219815941,769.7453783920168,436.21036548679416,633.2139619272289,865.5304881695139,407.1543177365546,0
968.2646594610619,286.19223454269047,203.76695673577194,423.22963402711076,638.4723499408722,206.56111622298633,99.29480681139147,63.273240455639645,861.0273870841835,581.0622980399463,342.8353943290562,821.636286730774,687.272083527748,125.0106229339425,524.363466247763,280.7386539889797,297.61624068761427,640.9399482380695,980.0049554035221,694.069404539811,1
253.0649942779375,599.2098532070562,783.6717356058756,228.2844668771744,881.9793033558589,852.8185328679875,202.43426283495558,146.91787856201267,169.12797357635523,785.0298190613103,666.3222735779068,798.9294505593207,816.9465597930802,735.2857506158576,613.6805090387844,177.25534017767407,466.5381245689012,309.45867488047674,593.7859520990543,615.3620705444397,1
678.7069807814526,964.6895365200277,789.560512145549,392.8192783771992,420.28964065205656,582.7156397917745,430.4176569978332,285.8616569317225,40.46029164964493,410.14533477133716,848.6888147481416,820.6766987493999,37.92429023562383,605.3425416298487,344.59160229975106,591.1868331567787,274.3700708182181,346.8961739157477,380.6484223611442,851.7525485578764,1
340.1276559209149,426.3907549797903,689.7479955354823,988.2683472190602,730.8022353203809,770.4647198092396,402.7638054971069,309.46681315793643,672.4961599373819,661.3716995349429,223.43943746302364,393.8297169521716,924.137875454956,309.51738166390675,799.8642088874914,501.5946703508174,468.86183843716276,609.1704825699261,320.7527323181546,147.20927638886693,0
665.4312664632336,571.9088515286933,532.0062404549467,406.18241405988977,453.32374800868,612.1213998145669,301.7097915222412,746.5281184736506,728.1195239418317,895.8076892862132,415.48172378203463,125.78447177068675,90.70334818723013,722.683677652928,864.0738629112501,270.09567158779066,506.8308374716877,742.9639465756654,541.8280625974385,571.5008888305075,0
838.7134731279302,148.4941040461797,61.14554594544408,690.6244671652152,810.5620381554385,683.8242421595826,454.68074559719105,612.1676624227302,999.9570309131419,621.7548309069847,98.84243633669243,887.9979287838671,266.04404113596814,731.0760498596551,332.103933746008,993.1545407687474,979.5270502732548,997.4368512522009,481.0209697362887,535.3886949076175,0
264.0471657239648,598.7617848525407,565.385884299135,498.0114356034504,758.8338189308463,925.151741650681,723.4891342165133,140.4713216499982,359.95710626672826,767.8939188449739,52.71998625300112,696.5911622829454,568.9493090296762,657.2399944078409,305.17808327070173,416.1447444897933,398.6864585620493,509.5715528759271,732.5892294636996,933.3057758946261,1
294.2553960283526,576.9349204255979,173.66596653154664,97.76620971258698,427.35202723827524,892.6365379961665,205.6118720515576,933.1773053698538,277.0116498709817,870.804107824079,221.20203251827763,725.7793958253854,56.973787708924476,972.4397859830124,151.244495928465,289.0331075573105,971.0366455998382,197.63715968594596,37.046259899050746,236.89552215911246,1
286.7603409661174,10.840294639705705,221.05296580790923,939.9160347886063,907.6524083071752,893.2303343532144,182.7005786806102,581.0051633886918,445.7726830943195,664.2128550432424,286.01570133873975,560.4505680745558,302.28080377603305,28.153935671292317,508.89203784115165,542.9340557974451,794.1427009320984,874.7979228383983,218.30104922151472,797.6119547223717,0
625.079555522474,673.1867603400674,136.4624150259579,895.4130444381545,87.38616563533886,443.135442604491,898.4078110879829,999.0372204092821,429.7514628659218,438.9374163518832,729.8654870856982,181.4224100504761,759.884075078828,293.15953240276735,886.3071337081944,659.1601413679584,905.2938986813933,872.1521334048462,384.1510767438099,402.5680852268593,0
237.2156933549484,336.93891267091135,885.5774559522704,949.1121948241741,369.17564941368744,554.8464486038058,794.5694265391483,918.7367787081214,82.38101056898839,512.8760202919135,659.6949338797172,840.0720883580265,33.72829004599309,457.24053911573617,408.1211485094878,769.4394665756224,217.79834442895017,568.0940295309719,616.9041364113668,82.27918587019545,0
146.47914692339324,708.4394141669338,568.2115402137442,267.77594664506734,830.9433679417047,491.99206229209756,186.44031875497856,974.8886770390401,84.29378374829233,363.39956430698226,617.0483966228608,780.1169903848827,205.47964046622025,313.7886142856683,791.9456556230859,349.8590370964472,75.3087819896996,198.14660422514686,992.9196797565767,844.8680881137834,1
139.68337796214715,281.6933153855462,819.9894967684278,77.33972724721583,121.21061426654245,90.75410362596092,33.468363491829464,786.0179685002007,474.2018071739198,796.4643128610138,794.6108195528476,483.23170473679534,401.75231167947743,35.342798541889934,641.821149289764,497.9103520840085,672.3332282248746,554.3577259367777,733.244827130967,850.5574536537205,1
892.7416388310811,262.6750882637494,285.4591342859618,735.6639836416075,792.8060984540191,308.34312437284274,195.68564008721424,759.9545404784745,29.596317861834365,585.86092658207,937.7647922364204,352.6667981043229,771.0415577270946,681.5890231841527,613.2995769458634,773.4352846194522,128.10033587955593,435.97042846082314,692.6354024803643,211.34955680501412,1
150.4455213107946,582.7037372659854,841.8155957538302,232.15139814535857,901.4332810710623,660.1611282649834,150.089486019786,406.833783588617,503.89353752444566,770.5082719383968,48.576215022629874,254.5334563866728,739.9567466155429,681.7169232530331,53.56454162734414,937.9649856184134,119.77572182653296,950.879096004994,728.5744145220557,997.2146677634397,0
839.2356318436767,985.8709947764536,862.8117483729552,566.6188218159181,307.78776158194376,923.8879783018833,997.4564368189044,290.58643816469123,701.6385111786358,227.67874014905755,842.5187988170183,923.9539774210297,68.77951590097776,658.47781865801,671.0332435093937,38.45022811296328,234.365676711625,319.8218859088274,436.2822709744958,462.8034512151576,1
258.06571204640994,416.5253845958582,921.5300575199107,399.15038181627506,726.1459713326249,187.639401292245,46.46367972789511,375.79259341679136,794.3567135349269,205.316518420249,198.6224185051515,440.52262039476375,899.5842802923675,528.1358045030477,894.339956248894,461.13956147046895,499.95655857956956,359.07068207026725,334.08536954917645,487.1949628647766,1
341.389333245766,737.2200746342176,344.2698151204214,821.5920493167109,701.4007456576444,419.49429827992446,630.3268287689579,576.4297173772266,56.312071817587125,266.20146726875095,108.85171611015632,525.0269190133987,542.5872281559645,382.9085901259508,274.6744698674789,669.2681165227482,443.5797979595719,695.2047326781012,648.6787770507698,719.0563989337171,1
470.02771575866666,3.6787932558792757,713.0011046505282,644.902239625118,883.2899193054988,519.8281354579525,713.6266621846416,737.3451352844713,950.3172519997357,731.0316811597216,912.3827939203393,89.5838368058709,383.8705264396339,923.7955285870584,228.11348721404855,780.6522626462115,794.5985880321688,862.7003388795138,92.34120382289358,497.01299836296084,0
864.3220405555219,453.7701771164683,700.7782633027684,957.6908378552521,32.250147224893276,416.3372101985074,891.0166952179944,606.0409060674624,112.25757438451144,519.1543861550629,30.907605369167925,328.12854200113264,8.650204149197705,776.0497100903119,928.7417329940962,271.8753831316013,759.306865627509,27.219605129485956,797.1804500025114,730.9251211200426,1
519.3167812521333,854.7177658574941,655.7209648316464,941.9087387252066,843.0954315583606,616.8095493382101,909.8744696367992,459.0652618308494,801.469321352366,817.9921264530742,677.1816561067042,14.385825571253452,134.56746096079476,91.32838884286288,488.6018237336601,573.5173644256038,936.1723619124016,559.8766244884039,574.1761668354688,144.2242056979506,0
53.65668032171955,207.37043358433948,816.8317862423868,240.15141828434227,939.5647508102902,301.5248396952569,249.49499410752952,199.64646979870105,976.0824310093045,272.44078371487154,148.8515633948322,617.7458177523645,759.1647372021155,176.13457017438483,597.7783809794912,206.28495704184402,742.9983630310646,70.37934813062441,329.93783070784,417.6116159709723,1
941.3802502634851,24.511714452929656,745.6865588941855,936.2462937205206,339.31942870879675,237.70916401775733,758.5908710703723,666.2770980401526,22.21475416460439,297.5970369035242,996.1025222168253,804.4085083544782,806.17178128588,468.3928902186306,546.108844997644,541.5992111567953,740.4342618230428,665.3632618552915,373.8746855850171,475.05536229464275,0
778.0435139782112,446.7174565080645,808.2945232704309,424.86762044069746,988.4100035096797,921.8559359823191,477.7130277591989,841.6796202075928,606.8432542998934,5.773994010924266,23.420669703879128,113.97450168142286,374.8950686978455,693.8177993118094,160.71423086260995,205.2980339768752,880.5899991327079,525.204954175468,992.8698477155897,894.9010708950237,0
393.1131786884361,692.5457094857385,329.6118559677058,865.7528986922689,80.78550569575171,655.2850617462924,447.4491768608787,527.4788584780076,547.2620626324565,92.86171180365432,409.4618912582034,725.5313737135981,597.8417303195926,815.156747247227,569.6312490413285,881.9739645444822,754.5979794530319,974.1255656716411,411.2781718253314,902.2496848884407,0
497.72564494741056,743.0141124213872,380.08586781486906,924.0754841587064,233.94648202264545,530.1459749062606,628.6677041447953,142.46988127941995,792.3215232994514,239.163553093101,679.1368409473606,851.9079975277804,864.612384758555,867.243689058312,221.85364655392746,37.43131168805169,155.58561507801662,766.6430515182274,21.34264087561233,442.959261484635,0
580.4354837175667,206.29399006840077,556.2186052515157,922.9438030204172,929.1873819848736,500.95671512277187,486.7869851855264,329.74277418895616,836.7267844151485,444.5954862430386,557.6237192477499,245.25143969280128,596.5356306849236,507.76759868995333,81.17831473057069,218.6908976550672,362.12410343614386,877.5353249536665,311.90054234345564,724.6894886786775,0
55.348979528537456,291.68097755457836,69.51378432704092,45.3997907926903,638.5535890232451,299.5394650379801,754.5948285032674,690.30625140998,439.06750157097815,796.1297565660681,964.7350030828553,906.6392734454369,102.01642487966845,615.5430710361754,6.131892373477221,304.7542957376874,571.3483762414454,858.0080658409037,11.620598656714943,795.108000116131,1
305.8896384300244,852.9018551157277,36.61025141311747,882.0994611628686,350.8272732318766,542.2917065178382,122.6020858536937,146.6699407236788,492.79237687345847,220.13766094993926,232.81466245850902,374.7825351183327,621.0803866042261,602.2630169508484,896.8619385589342,381.7112339232421,767.3621044929309,259.72992823943963,119.34134098620264,731.3362471015246,1
692.2064469103055,772.9129732777625,266.9180121420122,455.5465405027356,189.60804182422342,275.9171524726988,749.6738111352319,375.13140031858694,430.5387368375481,440.59647564752237,618.3975334865374,898.3627984973037,789.5665914550503,454.3001766317214,225.86486649410108,271.04081600739005,371.08797505102973,955.9525644225916,758.974382917801,462.0618470237883,0
607.8341724880765,77.7922004953252,539.5674305084705,893.3913789011185,501.9320144071581,891.2621854445969,733.7773283422216,805.9947903635353,963.7394712580302,876.9365448232943,156.55836815405988,635.0742266328772,181.95115926773386,300.5081826445659,236.3860596183278,559.4837306458868,549.2994592169388,315.3578281174014,957.1955530217134,426.6836957472212,1
703.4180731341191,1.7959510593257288,631.5130407222018,56.35485464233603,618.2339148121238,555.4164485078986,759.6741760278293,425.15506784361514,129.13451927070264,281.40522638178567,167.45235675902558,150.71801322974798,800.4169536806904,336.78330375405307,14.36120066018276,17.32561893191853,785.3717757521447,588.9231935738985,367.44035677522726,956.9207227239377,1
731.0039968549474,55.857940070535015,354.9772762560862,662.3427689737595,1.0957261870897517,733.5857033311506,607.074096656584,851.1244164857944,822.5829910061137,453.29193715722806,6.596572262054345,260.2324593461501,764.7851285976391,23.792162595567934,700.0669041114227,266.09340873202206,563.9820257463839,429.40747957800164,426.64050895341876,970.0128418868625,1
628.5773601921196,790.70333880287,549.178209828204,644.3414984044025,944.1251244689306,835.2067599671069,727.0204871366423,813.2034621105655,652.9570789193305,788.4391085814401,811.1190918458215,826.5289853964869,539.5920544778136,919.9429346345458,894.7305882426939,314.564318979406,242.687173140702,928.2545604319795,419.052904899593,278.6094059965427,0
846.4832920323475,816.6284875063683,835.7655192637302,906.3145540977828,676.4109309343207,292.53134012928905,557.7558223050687,7.236778128913324,877.2455502784067,90.86837086780686,278.7486149399946,972.0156025888205,503.39332204722353,184.82438150880455,868.9194363760575,813.8665586946247,506.70436976880626,150.38305388678074,644.5147462166564,998.2214810646492,1
406.0785929811063,18.043462635302543,65.38161917924357,93.87983480871054,212.88438895677064,671.9249198044334,312.36976036260455,298.0121757046836,285.04785645939234,606.3536067979636,402.4589345437233,785.2121677132388,995.2697368236113,276.7002970002574,27.186158820116212,169.71163633275344,90.76148797621374,733.2906442785857,476.4464943202166,997.7114910483654,1
388.02093436884275,910.8520922237865,447.4988741101826,648.1502125470957,499.96626501071074,863.4707186956015,353.7765005838649,329.08309169311156,726.188212347049,648.3463399255301,864.1687500741996,586.133731890424,71.25570796399138,827.4029227372552,249.37829847289515,211.65067778320767,28.65061835496563,838.0788796490334,878.8863796641505,630.7208116588859,0
469.02269067099536,509.76578277503535,717.0095919818258,13.047450348791735,927.1073781098856,509.6672390613517,640.4810393382982,280.6930232121696,861.484034298289,400.03744168714115,479.42109911342044,567.8976376666582,597.7377947782021,717.4443260787756,835.2782544926695,97.7730039341096,201.73077655331028,802.3443340814083,612.1253250988495,658.9069259422231,0
347.2545410844651,683.11847362242,104.26911697309005,409.0723033407868,639.4003108756269,665.7235330558432,553.2849931133619,951.2949383092581,902.5504511379822,102.72679565268572,185.16820019122193,836.6799628681714,328.00374873733807,567.841470614927,792.8557038964683,306.9429363919958,484.13698202408517,864.1992993523544,907.5715013867346,251.78170392029443,1
230.49974165761066,906.4227767916519,704.7356355438989,912.3942573953407,447.15652478303656,377.0292139601732,998.0345003593308,485.6603853287169,340.13391437700204,218.15637844101065,850.6620943314442,610.7556105891858,190.40218643018926,242.32123076960798,644.1567682397093,455.0728821500919,441.14558538358204,162.44614937976266,973.6326562641236,233.82703053886655,1
364.2607690927836,352.95460222167196,484.0205424962098,893.6286771490173,752.9321908938138,673.1419908768686,376.350998719031,102.11935430522855,651.0438413582789,546.7531030471323,181.5118796427442,600.7281934793187,201.90576568710227,439.4940079643801,757.7097068469444,24.1083778423421,536.925988751397,577.7451887015549,660.0717709262794,399.9821446561888,1
995.0775876600579,543.6379155207751,326.573303622389,645.4924334480615,698.1337684978554,255.63216568461766,514.9847487123234,971.5468806369214,244.5142790814747,872.2950062426886,247.53900938156116,276.20773333159707,963.0731867757261,137.48964787911777,881.0135139352029,468.63679157821724,913.0493309966398,617.7021904053918,553.7695993995602,43.21262777271539,0
566.8197283361825,561.1179152857999,141.83704726937873,942.3003271242412,464.9316309171948,280.8525556501621,147.08402082888307,91.60838985861407,753.0719269203896,234.0907576515593,244.59920722504813,550.4153260817202,578.3718318660679,373.5708417642205,961.1655122424172,818.7910133944579,366.36723624521505,638.2046747689564,563.8966063004204,708.9332767862996,1
685.3358246507945,968.2192648351008,143.66072034917832,191.58420266513943,982.3139844374185,789.3423345779655,733.9157157908918,115.47532185018206,795.4632429559398,425.55304731011745,161.24544582638634,586.4089886502829,770.8097885817737,451.49096032022874,561.772353862026,513.7217427794277,915.4472410228279,415.9749251682593,447.4836752237814,904.2652598777017,1
593.8388200548736,395.138108466633,648.4191964865876,406.7787077974115,939.8556336600899,310.3619683844341,454.40234253506463,584.9631428794269,508.2695500569493,665.7027704809361,725.2998592807106,949.009494397618,609.0999985345002,4.794530630003679,214.50281465004707,422.8437224948066,855.6253597030169,76.56696165492637,431.16615359855695,42.46692193382762,1
933.972229841362,567.8048506429204,922.1025769677701,126.4884345557894,778.6335596824223,673.0263040920644,588.1081854172329,952.9136285010995,866.731169512794,707.7361403934589,571.5133988169555,256.114093743033,146.424676464464,77.60433789301725,154.08866045107894,530.3695008587097,79.05468111748092,608.9895078715093,715.6449594651183,66.72981004095813,0
520.3269546652502,862.3336221093867,96.13228705330357,468.77376642551314,677.1230258546206,306.3136180255839,415.1952563446146,51.96825616144552,942.0759079427324,969.6425119171996,683.3346733412521,345.97605070431104,47.33196005342955,692.1044389071048,9.377846794951239,260.7629936475295,933.2495014696183,85.9178793870602,399.28632908139394,994.9477336882404,1
414.7090956431029,708.717810681918,421.0959893255691,360.54320195293934,388.9661748544722,21.74196772849224,59.94143511316852,220.9838425102062,549.1568787253547,583.6973726314502,804.3036590973752,627.5689435719644,95.21479130773525,879.7161623775853,233.75878873383505,161.93008815297495,918.205059985336,633.7468654972732,34.84706822935924,354.2984886517998,1
940.7230389905911,359.1595692781463,664.5654379966329,67.1726041679116,895.8488237360638,27.668566143159488,197.0934440082891,771.3260490761198,297.5278615283352,357.46121171202293,684.2730154259885,264.77981525277283,435.2852307617389,170.4806718855022,47.094514005648904,330.99260391739705,906.446492980893,59.074865972177925,602.2364819105796,203.30734055199295,1
287.1203943273013,822.0124011705781,866.0965867534304,646.2956234417117,686.2481644051197,992.7666271044076,173.11047754447338,820.4962811514574,460.2718613029142,932.7100920855984,201.53589544105088,336.36736853335003,777.0484845888668,378.1180837161031,160.06562159275506,199.99196233140992,369.40002113962225,228.96282447993786,913.190792393847,438.88319480529935,1
897.3502196551935,786.0288880151471,808.2564285990752,950.199760774528,188.78962600032057,146.4150286201673,216.37799100252863,14.079978776957546,635.7927248362782,927.7750455979564,702.2692201416501,620.2942200700226,651.4702060842137,677.235244025015,90.47137259720695,427.3021163228401,448.6699663041286,359.80262460160907,645.7265237693553,229.16904154663231,0
360.92322779970175,174.72083607963884,951.7550401817417,35.61091841193043,589.5348472571501,820.6239897629544,552.8657351007871,708.4550132289812,620.5155207178799,618.0844110993563,592.5767433273666,244.11942251523888,677.6082733684767,699.3914985587526,538.0972918403659,887.0098060480686,623.3834850834429,30.64380731058347,989.47984593846,788.05240644516,1
942.033320530268,582.4588775511813,603.5752902012841,793.918181833196,755.7311334773233,623.9631574477868,885.2118957947415,893.397236729058,811.1135142674095,484.3634266539792,105.4198285323129,901.8903760267823,270.2940519228712,487.1353936186781,722.0035383390303,930.6287050688861,352.42580266524214,159.47542244315093,698.2639172940152,111.91177957420861,1
550.3535649697372,625.5480042796897,172.2126541051887,588.3293257398412,304.86428290293975,865.4879003990193,657.1412810439856,859.6183446411361,402.4881598749014,464.0416586528534,447.8328617785426,744.5682402013322,515.2910876791694,725.1791421071871,549.0681305532519,15.295447787516125,141.26097660207003,366.4767985577088,397.448966483983,742.1363774435058,1
849.4438032738726,545.2153580637322,360.118450844383,3.258910090282119,718.2304265200216,374.64338216536953,647.4984255914272,356.618139561912,937.390216465084,673.0234224481562,495.5136036967621,853.9230198655005,387.397002061737,280.6199813463011,263.654557171049,274.8757658887965,239.40040442242662,742.0992363108821,441.574753483569,140.25731557843923,0
512.1497136052507,520.308217954555,242.22028920798965,353.0566939075505,48.389005372246665,59.07183078124378,68.15154405238533,516.5367481604842,676.995216574295,667.3435759934571,53.30422498643828,614.9085312373529,339.5851393715552,279.8607843032612,743.8416592547483,401.1511877436691,279.2561983041458,289.24142259795724,940.4955741568355,395.96273445603805,1
638.1890096145369,889.5639045428059,242.87515285028448,922.3430891758094,113.71472974194785,679.6043191932447,82.4749705155392,588.7549523578716,72.58089347559071,150.63123749350248,253.8032077714235,359.47839939342174,426.1811090651778,465.72220977934074,246.14975781127023,719.7549023030515,361.7803767158784,447.57871627883617,770.4367447654843,980.3871728824914,1
430.6910838013096,531.4538835286128,288.1523756038473,886.7073344391216,763.6871617975867,861.9006787048053,331.682540712292,749.4338303677985,505.81369376220687,983.0449877279387,407.24256978067143,561.310217281101,897.4632074833938,417.50678670177297,536.9580859522252,270.7402929019656,805.9712694706644,597.2381505844627,836.751090478722,759.7671208192986,1
755.1767584048428,329.34405598426497,594.7676347204173,172.46327606504752,384.18309792698847,713.7206181999386,363.15994374608584,819.4280317101625,965.3962931142158,132.23131510097707,530.469081223402,278.929815970679,65.27595969341027,635.5909104276841,258.1573515674025,71.89272569005422,498.90923413624864,205.05560750249728,985.61132050101,279.90475364422764,1
9.101448236755626,447.3364988321753,832.041403891873,289.1377510811129,919.1256412816504,521.3331875319531,445.66431503234503,239.40158149196256,444.52467752519277,459.4333332808453,924.1151317268915,90.53907143979434,383.0292682185601,330.65889552451233,890.0558685256157,666.5063413984669,424.52517270569956,629.3967047917522,132.66314779646103,587.7123020359882,1
719.8227940492345,534.3187847950626,478.79912799113924,927.1617655531603,508.90131503303036,310.0605930090694,283.32619185954286,479.38831913219593,513.7000065809133,843.0774324526739,984.1653487766733,311.8816697382767,417.91471750969436,37.94729687535603,711.3965285121533,852.6806482973702,664.3602166062036,19.25725728775063,309.2624210222782,54.00431670602368,1
411.3127555461116,286.1257386645836,766.223051656903,217.30699825591137,136.32231636124646,677.8501414764202,934.8987024519535,366.801423023405,170.46936637579947,691.594336864307,941.1449472973,974.5958844133148,268.2393826139541,654.7721971113904,0.17883858386325002,228.12266782180157,755.2788546633109,939.370349691524,961.4237663702435,334.7106458394121,0
460.0523207652577,237.9127630048332,284.17852480401217,20.14992706012142,411.06655710856745,625.3233191887673,684.6305195322939,739.0054982690124,4.1069734035202865,530.8710370144337,325.0912635859229,75.11554077853533,245.27407936772127,686.9940420577092,273.13207241970883,477.8700098929358,808.5114481849818,899.7659996109048,770.6171566405675,990.9734431632628,0
273.04479917314086,65.36057020900631,640.2461156982966,982.1408200395217,586.8086869372376,716.7532481507246,431.29957252048445,973.5628188916893,76.73482615673888,537.696117103243,0.1153203075857645,696.0468474539314,205.92979194231776,931.6924593188747,19.420198638012252,65.68399312249052,495.40710289611866,455.4694955702364,762.8591874323889,76.04817252415386,1
728.64505189157,195.60013269572306,859.4713662232272,64.38984141141557,490.4988273035514,786.0309869660703,957.6850365643398,37.37370268423212,521.5705832100155,956.8270226587847,524.2552419032625,899.9616561572404,102.81991363660225,597.9364478056275,512.1028073004505,988.593387568889,105.63547772656601,250.8314376605847,723.4768855926674,209.4043913211031,1
286.62057380747973,134.7821818885705,916.4381559252985,453.2773635202129,69.00499179568276,974.2834897199003,89.84130868240881,610.843227061285,883.8386437773308,399.6449095545206,827.4143545029815,760.8869433689725,814.4359436388153,119.42071083739658,28.336278756001644,180.5210337716042,299.0729749324508,352.43394049514563,982.7157353086378,365.61514639858285,1
378.97300666555566,380.3977075697518,746.5664574262277,159.53816385599674,308.41526577135926,792.4624425922018,792.7423916293266,26.01134337327593,24.64772464862175,724.1332497178803,74.60874854081867,632.7579827766652,382.86938967854576,228.90872282182616,279.6796137293257,178.70434648998744,981.3302766093809,770.4400179790965,487.2829861429274,845.1345718270838,0
17.517223649984093,154.81683745917263,780.779583486431,173.26011194124246,748.9316433447433,602.5669039569523,482.18541677887225,167.59610672958613,172.54314208707143,481.65278259132873,743.1113900240895,68.26327184619751,508.6448978365784,572.2465225061807,246.7484967678314,947.6380834940933,466.5294555927911,311.2903939133297,533.5024578285199,673.7780992289302,1
443.296196099624,477.0064299718675,522.6694588084188,525.8393607555365,24.662536529068912,9.87275761846329,773.0130791793994,31.9861398852469,693.2291393394893,564.6293430717154,479.6974335147989,321.2914786757112,214.39368641483892,873.6169087673119,911.5373848515619,365.8545934320968,131.95030866620672,353.57889128321204,417.2936566511056,922.5471813377068,1
522.3204724302153,233.38557896061684,110.9147525381594,314.9979097572746,221.12677156542514,492.3154713518946,852.580833156256,456.5511737493351,923.8393059251321,609.4275727029694,984.1497513341926,556.081743550884,200.11286958983433,568.254620641497,189.17479017651561,465.06291333920404,393.0586130868363,473.57994972866493,910.9188444817198,420.2878106472213,1
363.3608920331313,342.3609573957529,257.8565744660001,131.8101207446255,365.15866880856527,396.44291580687553,15.075326419286439,917.9177284159981,778.0868076552593,865.3284148101657,234.2244735445971,618.2382809862299,773.6704226525918,559.2506186417888,671.9440695859381,361.35995163244894,679.9379326355272,265.60582972455694,995.8431578023904,858.0038615192879,1
88.77685914003308,977.9666742714188,641.7995172316408,476.66122558496016,677.2263582871068,546.7326082478457,344.16662740327484,673.9585405504628,953.8393425324407,231.59688579156702,29.397828791911664,363.31328842579626,47.54209434138157,252.45944901091877,214.59454733209827,530.523267253522,697.0026363449421,994.4234704743893,196.01206607380084,525.5604923477481,0
244.6248954007728,564.0468587878001,271.2386173947019,613.3125121088069,175.142899911523,212.35739267793596,870.3114855259979,516.2895486458715,461.06002390446844,952.6889929285152,28.215872634260506,61.21172804847286,140.45411041152022,178.89103492585014,20.36359534879184,905.3251481979715,145.2942291225663,402.6352248834452,732.6424466007954,757.6296504401408,1
988.4346046300277,749.4765232837134,99.33155706881647,910.1889894467366,15.982327080544367,920.3721104116793,393.9734712067422,352.22320062128364,477.64202045907575,369.2464179299385,853.0209833347443,992.9391898570473,688.1631175273347,910.5480615593146,270.38332077799066,257.8462008988955,796.2365031418137,327.26708592346966,163.3232040019642,16.053190238350833,1
881.1380802868207,707.5306328717126,185.1780264946984,365.95407158431016,132.3505723347157,975.6179156485497,362.3078619624531,806.3408167644453,242.76724673044848,672.5516682320641,924.0514784520744,208.78803478806483,409.9198946638831,44.79907869993993,965.0779961176228,907.6993582446505,939.6075275583044,627.1548297441205,149.67754649595432,133.0016946025655,1
904.4260497532492,999.9712110208063,838.4845956600644,215.5537528064909,405.503776337527,263.0301957464578,388.37074642468673,347.9355870653521,131.75521686374137,955.3055433318191,713.1369465393049,777.8939880258686,923.3756569989332,540.1997024200068,593.0925203723723,23.547388994521246,981.1945469444205,119.62665553780205,583.9301520269756,834.6869572467862,1
342.95793615582437,602.8294227762347,751.6426366734343,90.96626561112242,426.9945122235904,401.3345539787294,969.6168868725649,957.1439454365878,324.12777057309216,264.4021329932963,264.93391604418946,456.11289969456635,751.6205840965694,395.9384160131898,19.396063288005582,818.7282166099067,424.19978932503045,745.0976172321322,397.0734233548049,529.2196430021044,0
582.0429702413234,132.20133042846695,922.2276743465733,776.9996957288481,869.484382494201,431.57850799120587,7.668681396740706,959.9385806980622,308.93036578382936,391.3821585955073,432.0850362512212,811.6126317806874,206.03815286323223,795.6002208568967,246.54413918062534,40.46901482333698,149.5490560217524,133.1733426895253,584.8185889815175,758.5654196862213,1
573.8874911175453,901.9527418034353,865.430399966432,967.7085777434867,9.327029892444383,280.10928336415253,787.5906513911826,268.64731551350184,967.8770204021297,531.5852440930797,87.1738487968483,338.49594353110103,569.7861806010674,815.5064653418666,805.5754234389185,516.0448564933205,755.5120876373861,183.59470085497676,62.300912889037164,905.8424312018902,1
46.372095138829565,365.36831516006686,606.1286527368653,284.8385096077625,366.536504776517,844.7372733600656,857.8019855981546,475.97936168297105,385.8306663967689,183.1196246047121,621.0943451546736,391.07731096612554,496.9971677829806,720.2466981952975,635.8930837199425,311.31571941691215,596.8245502960094,507.60018267948084,183.4811024962979,181.3529115652741,1
55.21912499637094,107.3263573331319,18.78430911921636,881.3924920145715,673.3857222443564,910.4919518728768,372.8233768664019,809.0280116598809,785.8145241412346,744.9174036907305,844.0531638945475,458.46718429142175,715.0849859131515,336.15723354072014,864.6298609546079,963.1662204363112,920.7101203899074,35.187585089024424,901.8131448627449,218.75700301661615,1
342.32088278001527,173.93782754330422,832.418141340291,669.8069412594747,823.3864385928464,491.6685037900627,983.4978475493432,420.72005817784253,784.3870480247241,56.84351905209939,884.0839568415392,849.3372181626327,814.133956135253,69.54350470849025,264.65556968442826,630.1211796972295,581.7777671189264,21.120771703836418,79.68244042027806,499.2393892606598,1
435.56517420702846,322.9013020865802,159.5184397264505,967.7764650215909,170.2158913621752,741.0024810964829,308.8066331244924,574.2158699731784,226.35100392157526,579.2782637545147,992.5131747935902,727.0037636706113,506.887380942064,572.2796213869584,880.3937164790198,438.4664510863604,125.11020930994454,446.7840564626373,144.10034389685998,794.6205506957242,1
229.2897599007281,460.9121969624703,96.20005411488542,668.0382852896496,553.0283809296345,783.5477342047217,409.52763085777866,420.37656811684775,189.59659235022565,202.4073979286507,298.14627270270813,398.0470347053672,970.9927507758867,685.2540478039318,492.68159133266875,98.02238640210392,10.711115117995384,26.487427155266086,538.8756917293513,907.3796924341764,1
271.08076069928654,917.861103891273,104.33963150673442,76.04791187311011,884.3927947742596,833.5181773203047,869.302871224431,747.7072962339763,582.0521722411149,978.8964717442166,947.2586521318423,589.9544128926017,262.1453507125527,51.06964379160339,876.9822120264736,673.4090455978952,960.0945449348307,646.0521793736949,897.1144028016428,628.3089742959646,1
455.185707500145,957.1837965248271,592.7082605663468,413.9613639261741,449.8105504643475,803.8461232204356,126.91059672186178,67.45326712046484,857.2968943853435,970.9967109993999,911.1878470541382,343.0912669472946,773.0996490359582,491.96275839360317,642.0586558918543,643.2466064905437,70.15290070741997,507.1300081651563,448.64111480294724,620.6422387666339,1
354.1255836506246,382.1552248575811,792.5202256097078,873.3149214620628,73.76849123021667,192.0439091296936,747.8700086037949,815.0547733766563,664.3526806780698,283.9361430713285,111.21304887594808,322.58463047216145,914.4941386489676,499.3174913732889,136.3397172955384,493.84594077689525,693.8528826225003,424.10428384396835,369.1795470064092,463.79784059067055,1
637.1603607027184,969.9897004090777,189.85839930101855,501.04309206832374,496.8089282496579,680.1740955718213,276.2431089896928,294.70113315023605,805.9078216760734,283.15489045789064,223.9209391525946,550.8807311563852,20.567139772073475,402.3724772850551,180.54390734200942,532.1155987312013,580.4036469041296,639.8607540564606,910.7477756716186,862.1615082835253,1
858.7708541723422,266.0940311516635,509.8043669078133,137.50452231920406,685.054495478782,992.0675166688002,159.9850455009576,362.742950718926,501.29914278155195,215.8423820808546,934.6701711986528,212.0685737981608,598.3534395467524,877.5769125965936,459.46475589608247,233.58670253987168,975.3894226737447,107.73590254764287,111.83800955176815,554.7040703439759,1
835.9201255355142,174.57352003734394,297.12127859758056,479.8206289356938,16.8842250906277,382.2426456971221,565.5818004099326,329.9112686385285,89.84225045663008,804.3976883928947,295.45781494983214,404.18260598570777,85.16413027953385,274.5056834153914,71.82561203355931,405.8243306850742,238.80128625526476,992.3106795342052,746.4242555109782,659.5640462019114,0
337.31566198001116,440.7977789223927,373.2690022377815,564.1613269415099,309.90556082805523,382.0434763335107,369.4776184449563,916.2540074846847,448.57414639101336,34.49423233473159,119.43790677543309,667.1212248623308,987.650410267504,488.8827102062688,90.9572628194919,874.5261952033945,866.8266900528263,399.0533324188843,105.84456322341818,648.7233414656962,1
955.1448072568289,816.8131254838817,847.4542757245301,126.06604086126794,846.7384670991676,368.24992757029094,997.4609498016029,143.84167331411868,479.328032848947,955.6181840092513,78.97361810643334,888.1259530685631,818.865658997341,141.89224351978058,626.9870710242159,830.6194963995871,349.95487621755285,851.6628459083939,171.89452124317617,185.16555315736395,0
579.2252455527366,238.19186148627037,382.28855827860366,500.278789257815,843.9424701392986,18.525548812378446,149.07058999309365,31.243839831623156,337.07210876333227,8.397459772182426,911.4926781811744,743.3219231133544,200.10982140732958,667.278011190066,890.5814692233669,529.1443817207119,745.4325280959112,674.5526379857099,114.60124566043383,868.4639635695384,1
234.9194044742775,318.2268146709569,428.95636956397755,355.6768947271429,795.451086190763,354.2695517349601,652.2203794969937,761.3748764689711,113.3879533969293,474.29447833167694,355.49693028710936,782.5566962758451,764.8599589898114,806.2902774425675,181.76685271946081,422.57997301832484,737.8103531654962,955.2798626290662,407.74354286330583,957.2555992473619,0
809.7364732957029,798.7970143815238,684.5278763991699,877.0985208820802,772.0108795803378,802.3703018682245,672.2937079626131,895.1379870317666,806.1009671017379,405.8857296963,807.0832016970274,699.3750726252216,111.24375091453831,693.853047933906,173.43553754617568,276.6699663760612,9.478504228162986,620.4725222221896,24.025002464164945,76.06014964200259,0
19.26540831497503,44.55981717628832,597.02166174856,246.42008627062984,450.18954527809495,510.84678901985126,53.44108969871919,68.11620341904556,11.898577588622118,313.28045921700476,664.6056446463996,826.7501331812347,794.9656251420892,895.9823040344887,827.3440291199422,300.566859539662,924.2550666524413,297.9010729211451,326.91766397553425,33.815332056453705,1
693.4680169376136,733.0286967542174,606.3194206149021,320.8980315620599,827.8882319448197,359.50261727199506,648.5856656846091,240.1022122209271,103.56338239575113,192.18287457137194,244.48855002786684,425.39361279950305,662.9839841602226,77.92610330732464,492.08926835834035,325.7042458848541,984.2147318599216,767.0141654381428,797.3111722653607,449.8862522787703,0
730.7797801723374,256.41687867072494,982.3067915409487,187.2650123070292,200.8718252056888,770.0753273472186,193.00135585288947,466.6021046794441,715.2703856841389,938.7415727057498,746.3527777158931,154.9781472349243,397.7081273048897,915.9894142766863,452.5155764017329,805.6781970187543,776.2884197627599,196.8381901382802,392.770136552971,252.2796065449101,1
620.0046118394512,465.7711069247523,633.7163448832308,309.42453224708777,416.7180811532337,324.9674588409478,587.1580240142048,579.8190058048804,996.9611685469507,815.5947802441971,914.6991908673535,913.9872405832278,341.2696617369433,404.50667167491594,949.2954611581353,766.5759011848445,612.2212838617537,93.05240550048077,27.01478686975156,222.26219617294583,1
557.8757498569548,673.2403680119893,266.08179293891743,696.9975152009268,541.5378161022542,62.74561385950583,483.87381076984724,872.0005233304022,200.17187468350994,582.2071434182133,134.59315513232352,985.1018730904109,264.30052263521907,301.8543625755683,244.94766121769996,570.4504812862284,306.464895208628,802.5814153133642,577.1966679213442,496.868166682908,0
875.0782063958522,187.50423835423325,871.4631490139564,979.3661047599993,578.5203406041952,18.395913807220165,527.758020840237,644.1293044431533,977.2940392210478,154.52728984166453,969.4607598741756,841.8127558560078,451.93751908012945,564.413149914462,263.6646541814844,335.9545763437489,564.3669088604656,857.186373578979,805.91165951187,132.08885619008558,0
104.71982235538002,852.6866308852069,864.3050712516855,373.1020303836746,207.4291868205418,398.6049135052757,382.6907865585514,860.4657179848763,281.6554680454255,762.9854232711505,314.7649033536839,942.385499223898,430.09599412644815,580.863537492383,346.38355112529916,113.5070121985191,326.1833799480537,637.1604808230006,857.112723284502,55.33671116371652,0
957.9801474897401,369.30588498195306,179.88755673107693,382.2593312593816,494.78648787724467,563.2511607424442,61.02551319932359,634.5784421655495,984.0440369635488,441.5915739198316,601.7966549277638,173.6545224978342,699.771209022201,370.1147173187265,892.8706139658204,730.8496143399843,637.7744967858664,346.4492501799215,693.6821938201895,564.416791552451,1
917.8431458357961,134.6659926753978,605.7723048205868,870.6205398142141,44.074715777412734,278.7277944356963,889.4303560035565,418.5353026994879,879.7473048663196,877.4246212127146,789.7593226630681,891.2743577705764,971.4911314417932,394.2451236304518,513.547077777297,689.9267898481793,785.6878384194073,289.4520689082127,377.6201501624606,392.23359884092946,1
424.0079581576441,610.7472704982935,802.7667435032662,973.3537842898102,449.32786485199426,296.37907118751906,694.2706445983333,241.25263605240664,509.8817553913477,395.2690371773565,553.8081427220868,310.32815299903626,720.0578334066352,571.1717587326028,158.86485131334328,145.555870607741,427.1224719977461,116.23967828812276,754.5191451387235,395.7312206999437,1
586.7525062406057,229.39184695125448,718.8841303389462,939.1667368361162,25.187888122871648,607.3066889183418,546.8082511144006,310.43188766777484,345.36118231570237,981.4440144720198,885.8646935210272,686.6834981596223,876.2149820225578,74.05056699495648,809.7954246497808,34.76530216785045,418.2628418719512,536.7868894198851,784.2716424403119,829.0535937959968,0
799.0319100400355,394.65766464612204,632.9263057250508,649.6824827699298,676.2786861999009,603.9860099387412,180.53444575010613,226.0744635702613,821.209301947091,594.4251748368732,812.3980671468695,106.6956435436508,627.7305240546655,613.1956490024578,966.1431896025616,590.3241319499681,301.46439534607873,218.19068610830783,946.4779772138324,751.6282405684894,1
616.717569609195,675.6188474593791,679.6167612536464,825.7504650273585,360.9071983980927,551.4411196991641,356.58092347324157,300.4123986808157,319.9628490591553,690.1860090046443,549.0637582700977,538.1843277284928,405.7416051397085,785.5227246925152,191.21160288598495,81.50433242505828,338.38538903527837,410.0501393341027,191.31113536840593,391.45148837058076,1
119.12224361721857,596.3529576633877,329.11579577971827,804.0063806142945,780.8369951170913,843.6369001739166,142.68815731576856,273.62690711073077,755.6504610722199,642.7324370369405,198.7265378244303,170.38435640379933,308.802190790083,262.0026121796821,194.66907811696854,618.1075438940644,92.07806471276636,119.84887858124782,571.0235083355429,483.170962799903,1
748.601920756583,861.8473941042893,840.7552389957066,658.7273455149121,950.558909577513,935.5099610316429,872.4538157306093,405.8143170005151,421.5142821043456,718.6901744914078,428.5991872385422,502.5329836611164,366.79701398602396,768.6754875818643,119.05853672709266,320.9508332863965,221.59177331567614,669.4365575354843,329.6929682810202,897.4543656741528,0
298.5218761456061,603.3383364460925,30.82185950102223,131.39956541000143,994.1527597401721,738.1988215111658,759.5523297405356,424.6110488694781,642.7014384958421,907.9272471623082,956.3449241131647,677.5714416887191,745.0299668262279,469.66874063990184,326.94948914629754,981.3049545730793,343.06672985208195,820.3199940279595,296.09723766968375,594.5940621736437,1
171.10860585816067,525.782731434403,250.89165440506844,557.4365129154304,342.3484545299399,754.5801137144475,654.7587829013714,444.7785871836526,37.346172981338796,19.101939689891157,187.49770390187615,718.8098224404786,957.119720552343,974.7857629815637,561.6514237212749,421.8285110008312,12.704345414969787,452.1478715712133,475.779988084691,666.9576605370856,1
83.40964489594171,390.645500023137,593.1586321763672,719.9325597992723,470.8437890115779,119.10018410289803,435.91469632405114,730.5651459033943,951.8370812946245,397.1226306802713,65.66313301705407,150.20575671011994,932.3734789873489,400.0757195503205,501.32980834300446,518.248621901673,59.68998654236912,663.254404888868,210.79880459487777,90.51247555567376,1
942.3205833891882,474.3363793194916,177.01764158351773,309.8045786729778,572.6252973572921,619.5140305329612,621.405880815393,304.09309408322684,374.3521419104862,592.6569874609321,230.48847723519327,841.372607872178,433.64931655853235,53.29631730312245,615.1587730640883,788.7164119668566,59.81478196557644,945.3670132853927,659.7500123155495,319.10449555733356,0
666.7471855589182,976.3278167814583,253.59799215846724,877.761976334729,5.328435930293085,987.8092426693007,334.97295371710044,635.0029369514234,581.8124571785526,340.8009945459494,332.17454878999064,131.84728387991217,626.9976789368151,812.1517158479735,944.0472865923488,802.9821038940767,353.8848680211023,112.28577506300353,12.853614542671643,125.124134887876,1
766.1884785639375,797.9077790910063,158.08423397466353,310.72800625101485,434.7724558289402,834.529926304403,37.39355659064714,423.72341308014063,114.64115160971389,860.4494567619115,505.37273717336797,426.5161650322783,611.376749722353,565.1709135508775,925.3243403005986,135.32647732456772,367.68150874605675,285.08534512151783,990.8321735924787,500.7404564068265,1
370.4991008625167,828.2278199409741,929.2738455585692,261.22133457529264,539.436088540847,716.8208953364989,65.36741494379694,605.4401201753857,935.8281861996433,742.5325815709988,570.5228265438343,71.58024428633058,434.304680413107,387.6404290725992,51.08719327944999,965.7946972335112,879.7138014565379,465.745566208698,973.068604713981,206.7104695040659,0
60.67194040290935,196.9970921822507,654.2258765430778,609.208436216647,534.5911747663741,189.39014280111533,787.1463316132437,732.9649853451724,97.7325239643828,840.2348249789989,892.4754800787707,76.31169866994736,353.3652260014709,990.0816250881676,406.21116250600465,873.4679506089565,564.4827464145935,753.3238313524123,517.9244427124312,244.62547584136217,0
45.04888030555642,33.70581015869656,923.1552486712994,575.3114337289105,557.4333761790801,590.638603315183,47.33279685054015,350.9124485893422,790.0642495633143,889.8657757108128,358.38678523806414,90.69172071005815,326.5336068933935,798.8269026179794,377.84048743003206,156.9850306924093,94.66219155631306,384.4922978200732,987.8093070569151,544.0997443332425,1
618.8459165047674,620.0434212576749,31.383546033626253,448.33679751942634,414.8656917574763,230.66540020151427,823.8579241749945,343.87454374410186,28.96464262605758,287.2177350027599,302.0641985304775,705.6456061564701,41.30400060382067,669.013610450381,382.70946484958955,992.3615008938825,422.9560915703081,137.32048306088694,616.3509142742989,159.94930084264547,1
975.1246006638661,32.33413351435455,376.61708031419596,664.7560698228359,855.8529867824616,314.6540253620551,220.7174216464477,833.7975468782347,129.12522551284445,507.6262864965697,932.8242457759237,803.228465078178,842.8321321714894,54.054975839873954,60.06246970895723,301.3739572185428,614.7697291618682,941.0745007815207,26.28268942130074,935.346137044334,0
582.4999891187629,87.19109407257663,515.0678930303117,346.61313234062374,556.5899780734431,575.3029169586622,96.6799275982816,331.8645382180134,786.7943463068945,388.720181224087,279.0651207835763,556.9942200613663,106.34997171392801,33.377134393251296,979.736106256464,757.777314006664,667.7421017355459,218.2483540416764,473.90893247923805,673.5890063967823,1
145.40786567041718,232.44124093422025,734.0230821992077,401.46518888145135,835.5103249126826,239.2684732144148,473.70194949654723,703.9070277822216,615.9630764073477,857.2376120828886,791.0542315147621,455.336732553261,794.0546993010408,415.1780821333049,865.1488422430102,89.75280562596654,376.3167585526889,918.9904244106972,752.2886191583224,324.31821701326055,0
936.6375983593398,303.64626464364267,185.59896170623358,817.0415807512028,588.5432398940936,589.5863839343025,386.90190690243685,741.3269244186693,952.1779639205271,202.2104696305873,263.49410526748864,502.21404391961886,294.9106304709267,589.6313977708995,129.5076096051928,922.058572427414,348.7114098513151,135.5899762685282,677.357286905456,752.8530710468077,1
523.8074883365047,792.9802731007703,50.14349445249544,491.09464628189994,547.5428931501995,888.7830534888434,219.56532208889968,400.8547793482779,472.18359537196307,76.94592799320799,734.5333364248911,458.9055046847713,117.2984077262471,469.58529041546905,298.3277455369767,148.65003820855262,954.02580155058,876.5248401086379,961.398960769096,171.26281172947978,1
985.244166755675,703.9514404844213,554.6208131590787,997.5487520384175,815.0237675752508,225.48305612984788,634.8123822842542,977.6694024306748,954.7660791284625,305.41314651974574,965.8916164154889,684.2220362795961,451.75038644888457,402.3723553388489,585.2100545293226,286.186274347607,540.9323566973502,950.6471279050446,391.66324032094155,324.43735090049665,0
90.29928911406682,542.3812236670013,905.9160911881226,997.4465243582025,111.26893756715562,183.4887061274243,742.386848362647,786.6874555340142,647.8853268018449,616.5504723898517,105.6344341820582,274.3128311632581,0.6436543539274364,517.8736765747993,804.6095837450739,765.3591550275079,676.5434629879945,353.4853156805059,438.2070677576554,364.573903812448,1
702.2180698606047,673.3464595338783,645.6068614314297,791.4210205938692,975.2328254383654,851.2880246846528,269.4738408361136,894.19382801466,634.3294331545255,916.7908724954499,876.4967164575971,746.0658202713771,917.6050133281569,78.7430558983383,460.3479726867651,334.88915455646105,823.9169039566015,666.1740391297243,224.32107622877396,177.49566299941932,0
591.085160159208,879.9684287715427,495.3934436377293,247.03774112724764,962.1775200690861,165.58405454185421,568.2705771812549,247.0536445381053,345.17036107824725,472.56474561493445,917.5122315363272,446.13629679538303,848.4755882093565,568.0897505560589,712.1543726864243,521.1374986910573,684.0459455979664,781.995735072467,817.545711882037,833.6982555571999,0
74.14943624380999,375.67294952483775,826.6917730628696,511.7239731815698,554.1532972455896,11.281469898765328,824.2833928935636,595.9540474831741,984.3864619102914,5.877150037844503,14.857499324302248,821.5880863094701,837.2634389907583,785.2748823740098,218.05532075910273,142.95237192489807,479.53704450068903,404.58656103412426,522.727308789304,456.95277991575523,1
546.3285482611456,677.2847444724653,533.699503907769,210.52826147805348,490.4375569103475,327.43873821920334,873.8038350613579,302.81637906946247,581.5877780269408,943.5794013409928,706.0562905704586,478.1406330735818,58.59550763351295,713.308415238738,444.35221962651116,349.5359611679215,890.8915463070854,978.7034436727287,167.77517901252736,213.55688222358603,0
421.5655622822381,4.6461770749515185,153.52238426843746,442.05253125883314,772.8434435966096,101.61741486982356,664.2667222097547,452.60704801908594,244.24729948611235,607.3954177090984,880.5281566108315,822.0835497506562,286.8109457179143,751.0060142771096,823.5909794743941,964.8206037427848,643.8615568808026,496.2215195349363,856.1964325653557,748.3644752379818,1
641.3357286152013,467.0642897965396,870.3736732804524,953.5009300251062,185.98225290905822,980.2220330342722,939.5430471673521,791.903062275587,795.2719477755279,485.30764573380856,904.9343099811716,890.1647438767568,684.0608101616326,200.97847801659265,956.7207476300885,714.0350000164223,917.3590729120535,589.7529497937,434.8861139961313,299.5905025959442,0
61.35292842189133,784.8669791312929,199.98437943707316,863.0217606923693,205.9130111930333,683.3105934904289,790.5386613913627,434.5002382769381,281.04067164833515,961.2567346200894,501.2846878017941,544.968728505851,694.565256970202,158.42459986019276,625.9915730379713,933.4418896430008,748.906980727368,107.41781276636075,990.695765333684,595.6181726777303,1
241.25112557919692,738.5206450669955,463.8434192765187,680.5312051512881,505.3970508300678,559.2885944416848,508.51910520782815,136.21668656530295,520.7414552999721,407.53558788565994,287.22800367904676,108.63456171078467,284.227500589635,2.9433860015848357,102.81475450432664,13.026527512209896,131.79505038822847,334.39830359795354,37.54645067103102,878.5526562531187,1
150.2130129053565,78.55725782425249,542.4392418766552,861.6393857175915,27.681692734955575,206.34756141170286,280.3456450104391,867.58417687045,427.44677228612795,558.1155102608998,161.7673915250829,480.0684258846725,467.76073382971384,129.44243067670203,786.2850932757391,436.9455969882558,353.08441169237426,621.3440129966693,229.80883656099283,577.6687419284156,1
649.6115422388684,183.58084715624236,202.61950787252192,161.74507690069862,469.9483365232494,195.5396092558953,318.2594149720912,300.12331814899306,896.3538831336791,423.2083691669115,282.20719273627594,666.3400497213037,737.3861452097619,270.88070550194607,1.6690842751564405,795.637832547055,422.4644615284691,214.90753718263954,154.0887234626579,365.32403046327863,1
878.5974241608928,341.28511953173967,191.77169075586443,442.4580496824517,551.6854365454265,540.0688326561269,907.2996449592254,246.4548585932348,145.20882070224516,466.64432872116066,839.7059667453475,957.1733259867876,943.9654215550996,343.21894049803,55.20620580774316,111.31474860257862,77.74189657327013,14.340842455385028,47.914246896327505,511.29869005682013,1
806.0762049634781,645.82691518321,645.5572998876166,981.344305594559,180.19869070047156,501.41029575193505,165.84258046135102,883.324524042789,783.3403440999186,672.7536726496177,152.34848841161642,90.81915721082045,232.69514023482884,90.74006240978305,572.7988831006875,977.1350191362346,119.88061623334356,427.90555578329594,448.880344698104,647.7456538491148,1
781.9011150531177,411.59040895150355,892.168496423224,811.8760182496736,718.1132694975056,826.5271248749231,884.0202890929156,142.91120096694056,27.841080914883133,925.8611949377406,62.5041088471715,525.784221453582,62.30081867106241,375.55560476787633,876.3427945229981,926.5558152146247,923.2680093198566,364.12176766386096,324.6874030187734,290.3412474218155,1
337.57399617373653,635.4568274476719,985.0045806742013,49.54912358834673,758.4959338372195,813.5468665857886,514.449045148696,764.6548759986638,816.8567113727096,410.4341412052157,498.7173289752418,988.0318175821063,338.3294627984955,458.81168903642134,820.5361364809132,183.80995439525194,243.4711221618877,436.3258612844128,316.87731241260076,748.9534591699968,1
125.12137195385587,544.6224756907384,341.49031905582206,513.5862944595143,516.0996122018707,512.5674889375132,482.89564606524726,682.35880605293,72.44297805795985,789.6196767021703,990.4109701908296,899.5578303868849,576.7221179436978,654.1994124173525,654.0025286292962,719.3335978377571,812.8272977492725,420.21652335443304,542.399186673868,806.8149005380317,1
662.6226683212413,846.6745181825273,838.3994780090204,84.67811838844486,103.03149745580198,550.2380144591193,657.5548192006881,833.3214273875973,300.3417399561843,279.69281062855464,926.7725798083917,81.36480487497589,463.7136256886043,469.62624155707846,414.44673207596725,114.72107943335608,585.2305269257531,949.422635375773,440.58741607814613,121.72781355832663,0
621.6865607152694,234.7685834457407,881.4437827601381,990.7963003159623,43.72139134499076,385.2012496517023,86.83817806462469,799.9086985592468,267.5100136239418,243.68603384287235,639.6629094253003,367.28662513846086,411.05745868056584,144.12465651202234,992.8823158031621,420.9945678032847,888.4313605459529,588.9671909776108,133.0305669720685,315.9418787802517,0
626.1580275020815,551.9383339623989,921.682158650803,135.57059109646818,135.4053779076627,79.55372861069765,665.4895972474873,750.1806591780321,466.59317916369656,984.9857468890142,510.64263122254073,264.0967873300247,499.64991458700894,727.3786345416108,426.59751779236245,791.9741849059686,986.0820347639687,483.9488131261364,900.7471932601202,900.581742989864,0
477.8090240513754,823.1418835015568,571.4025353607632,746.2919188852536,905.1964338557619,646.0650672729645,322.1789968648083,799.3624868629998,980.875521764903,886.6763664363654,506.78862208386664,183.53238966000185,282.3607408678389,738.7438294159394,614.1136758750035,27.203640981104616,575.4223663816175,459.55295162433583,442.7370797171887,216.6120143250906,1
98.4197988535721,614.5387752705838,402.34609960108247,658.2507330119863,129.3270668114641,900.2804482946735,513.4183132354499,989.143077827049,390.4973233582635,283.07098366545836,406.92175219022977,958.3101675742846,520.2693877076757,660.0318041782747,930.3152855224369,799.5163065446905,118.40243229083714,977.931384702805,861.764239399165,635.540893495962,0
452.20050985378543,94.06079900327735,668.8956356921635,246.61451778934162,6.01127733721718,10.562314425919816,511.7653228018615,788.9582476305005,538.3179737310439,232.09307778612887,632.0813715390625,819.0760422279097,168.64873477902165,142.36916893663255,767.6364508232693,133.33328661663955,793.1260360022962,68.49954199170894,217.25766681248203,837.5531296264381,1
250.66596578144197,773.8729393370678,374.4569357426203,218.99356091109524,213.32113982720912,442.59315053358927,806.1541558881946,556.1237687158471,710.6229444084399,341.72041308823367,180.24950649144301,485.1539157616344,646.8470300951755,820.3277788151813,731.3690781619475,133.85225431637872,678.1436145734398,71.29694834812051,515.3035912000389,507.8783430063133,1
390.9380794937493,887.4543683417756,86.8588679953185,6.434248815034516,399.5511734923847,662.576503900796,788.472354634207,908.4654729538235,192.75805096106836,738.0558246612128,41.898438264921126,246.31061551960286,214.03582645356923,184.86750006421903,515.7685795387068,120.70819061031735,897.9821828711226,780.1964362064472,634.7777053707651,313.22233166477275,1
563.5653371390132,858.5166782733439,680.3251517070664,370.1112101918862,628.2596025260856,659.1084347301494,899.123909684512,25.08512610584901,306.2446458155842,773.1656851806996,412.975140214803,865.9442922006282,299.52902989531117,456.77687844167536,373.4588701529712,206.5533188514034,477.5018381566838,8.55312268154984,710.0416016304803,749.7134622434181,1
186.14518355286057,942.7687730278057,516.3651780306233,409.19876149963176,869.4833463774802,570.9645953028345,284.32483017422663,82.670667594681,188.05993878578653,79.17865241171451,319.63720497082005,301.48232029531783,223.07327780534268,942.0296492850302,355.7672622967616,476.235748566722,193.41664715594675,738.8507337463124,786.7401886788338,180.36985929727223,1
569.4051636534908,398.5786673765131,658.2016465022093,860.2944870360777,977.8660184297572,426.4956739325465,877.5613902188067,892.6962612362872,751.3002686475339,699.2724671290073,923.90290742869,448.11988602924544,989.2402401520375,796.2875561770312,148.9173672115577,63.075667905535646,949.0027519570111,469.08696553174536,103.78645431687494,18.98567456365019,1
566.6131503825881,359.08950578357354,965.8722524930895,479.2711834410803,63.84665844823567,738.7815730163419,702.8456472812603,119.27169721768016,838.7164082709788,175.49277815268073,416.72442784826814,686.6816139860489,145.65474611374162,455.7126062094842,951.8187669645417,808.6137357349618,275.9115760801519,326.95172869299836,36.2168556340654,138.76678065623815,1
131.16494370014863,555.6627448043429,472.1052168111698,522.1433814766502,21.080204870995377,795.9881722126386,316.832902944891,163.24772316559987,275.88285358782196,775.7424036711716,198.4837154075557,512.6474507608209,341.4996241418894,259.0458907878706,814.3661632491793,523.2610299181531,824.1394604483596,744.2922479981623,282.0462265296929,480.42474720343506,1
589.3318827838361,432.4604902468251,919.5029175238898,672.9765221915684,701.861324790157,540.400473892105,126.39285462183037,658.9742058426227,653.4661588261938,64.79145546604393,503.6382585576896,121.32517347170102,368.271347012871,670.1026985534713,852.2701364930288,882.133971804631,173.6681302085863,398.1974296439288,606.301664000679,527.503217760487,1
160.2780430397487,203.39569167818317,341.74869074787193,4.490595788559371,56.9915786485855,43.94560826781202,264.40707028181555,648.5640804721892,590.361918390822,759.1775045978297,276.95658575930184,620.4280794606406,493.06234730715005,683.591014448013,161.52478501468016,423.9463398119493,558.884742314829,503.72638130247674,782.0281562392493,57.372872014863184,1
782.4503897390736,570.2867987637427,384.54058455737203,205.7594395913438,412.0609230267729,539.9564015832613,52.05562931947594,949.9011931997801,911.1548928810523,988.3278084576748,404.7534746258479,195.31580537038639,81.30909626345783,109.29091233924892,541.4308214902622,460.2071251297678,613.6499642187823,593.595112297506,968.963149732692,189.98125011533108,0
712.4342560854504,769.1369756907409,269.47128598894477,178.54944272210426,770.0072225507655,563.7332099673458,916.6558413899978,703.3749859249216,8.958203652039586,241.02136447766597,711.6611156151408,704.4837104006086,571.8836061684857,744.8627620952182,919.9745699583843,1.1828046667388126,191.65227593701584,738.7326921250724,109.27680745618729,462.2553069050651,1
188.02338134531826,451.17001244628983,780.5989295385633,552.3111703464248,183.20650848747044,273.9900351470452,956.8568748516947,319.1859374436966,211.5186850284233,314.5053163313012,975.406639618391,70.68241267089725,389.4328246579419,803.0981434692953,472.33943477840614,811.3794731932253,266.07003024953525,265.72403468658524,249.40163327425157,195.36731284618548,1
280.0157828797775,854.8453882231507,698.787783882477,441.9278480753526,80.54829829409394,334.00004365188084,803.6504307292676,742.9020268584414,955.0654343769169,274.73730363304185,300.10136979696057,400.1973839651208,513.8173925602382,24.907728195506685,222.58348605960677,749.7193343063495,481.7193815130638,165.63425319543222,49.71323641145975,622.570689442218,1
297.0901357134693,27.04036617433381,906.6689287213394,790.3661765736057,648.1113178199001,367.0697152999309,310.597236776828,226.11985439421457,363.3095475105582,271.954916168449,293.92771133914806,896.8833097083625,330.97448115219373,65.35882488947631,959.233805718538,518.8886090925049,799.0180460301347,883.2518955061776,370.3037103850998,249.9767247838496,0
98.82908579951133,27.158393368405086,526.7204477103021,254.82428605965833,612.9289604579403,537.6749873202804,915.8477400159654,7.621069365956856,515.9172260072955,137.83614648341913,511.87357510450795,332.35468289398193,71.36322272512707,677.0971032584571,33.045239029730226,229.25476342206153,134.84930758927504,481.46909903915935,819.0047157014765,143.42987874383294,1
188.92610856117653,44.33305266890453,966.443777252944,240.93142993985816,493.6412258748937,241.8302866139792,500.1783335922948,980.1139827647154,39.65267393913241,221.19833086769515,725.088101241904,52.98937088768951,329.27490965038044,16.544457163418123,237.36103785781503,902.4890959158677,298.9835199864018,750.1650770505383,751.0367843839642,22.230833460633036,0
494.95958495321236,393.73443718032155,736.7694068416968,128.7473542835409,858.7599213130421,781.967355048316,435.22731675712913,517.4513231769613,984.3237342418028,338.9379579991771,746.7218403335535,655.7308759552903,72.3846976722009,537.0771368219043,266.9151821597671,326.3048978401899,868.1416494598183,636.3628251871828,466.4801275631728,608.9762065165127,0
384.81059687905093,902.3342472642887,806.1908972297105,814.909997749584,473.12810234034094,44.81283991096796,219.93131370758556,781.4919383465594,762.3689509693456,13.205163534199094,801.8557927550679,647.6776306980437,195.37798059937316,99.69737940053491,344.796566612014,407.0933283065272,797.9452231252958,401.0623583924172,600.146252706677,589.778269831595,1
224.15204955766964,739.4407902321315,798.1622907070532,342.295948740392,576.9369923020053,345.1791549500438,582.6286754468315,585.7032108443362,585.206217139826,142.5723353962991,248.7708892950673,886.5909794532698,524.1012689003883,289.0187568326804,568.3096782037717,900.3566624524349,358.82009849204064,260.954696452136,379.42588755568175,302.41698855094967,1
517.4421252975743,428.083902917575,977.1469900942589,39.10748184219659,959.044552810801,373.6803784766405,103.17332525800072,405.8125945333239,482.7158144121476,496.2473188795141,416.78818717807684,247.66267787390595,191.4674312973198,836.3858821106406,894.9865147216777,344.41763921061295,327.5759448092866,96.00418866203265,14.878842038004713,240.3900027682647,1
16.422264893453775,189.9027046768168,566.1685323219432,924.0362183672532,633.1655981241679,888.527419120809,41.812935217295234,390.87697246730903,52.93746169352187,477.30148540644245,81.49511078976923,33.86794578807306,216.75787801276357,69.44505604781304,614.4166133912846,92.84041559333967,179.74334277966219,590.5781236760994,839.5964661143773,109.55140650641681,1
24.54838792645564,799.644088429294,38.169116546055704,421.69712481171564,802.5701608452418,452.15286512939576,45.60197086037554,692.1838104667534,133.93183562760603,170.78338693979933,921.958291521836,967.2445174654579,500.02108050965245,68.91721991077482,452.9142531049618,953.9888622194816,39.797820466093704,336.1568962393027,742.1212489995918,713.4268009913968,1
722.5701670293172,229.32678621151481,393.43952983830286,183.17777736613505,410.827684720335,597.3698055947477,549.3301194388547,805.8039212067456,636.5946449867088,192.44354388395024,463.4028979140277,392.3491425995661,274.8700283912109,650.1657667662574,631.6677651648346,360.83977043203777,543.664353141451,581.9891088753197,767.7976379020068,959.1279576295402,1
181.6021294244071,872.0802106373673,576.8576492763993,361.39280928900484,80.89312723193487,905.1809264393054,184.94495767207042,789.3845591593515,187.39993494411357,208.59194415831496,813.4776773977228,365.26062750174395,788.6688166578932,207.41816129080848,961.0352716037293,603.7120035237801,260.91076631753407,737.689108056636,999.850264401825,134.06975462280934,1
150.76137886583263,456.65498589252763,264.65508026756424,489.8851508104617,496.273684893112,539.4182708593383,113.97899709300651,88.6704913970584,201.80773348236247,632.1125367941829,11.228252641562463,136.32716091181373,940.6523491773909,411.03632684743565,816.8993559324829,389.12271442432325,96.15666953638879,980.0541300565613,728.3433458419034,213.16425821932262,0
147.01615748710006,445.1996897630727,898.7454673827749,497.8370530732583,476.19042176354264,962.2084114396255,690.9686675709132,514.0716696159941,664.690224171516,615.5603191191299,26.722743813044513,362.7985985750961,794.0861598677636,375.8533517024266,363.9699109260962,272.49515760047325,451.51774155641414,281.4305279037441,842.53045706955,143.1723442441779,1
295.4336201648383,782.8805652658815,963.4732924695553,811.9913519928352,116.16426008857972,580.8656554544032,589.5327589048677,570.7835963374943,540.5842761702529,376.0357964433021,273.7356423162055,61.422962571688444,574.881658642144,267.4547112662605,876.8750069694581,940.0255560738003,851.0680531255762,867.8347969147153,166.66277845947542,116.44514619328994,0
588.23925283911,541.3146714124591,70.05023229586371,366.16672757171455,140.16415362556222,502.80582934806364,573.2635302077449,180.26157610879656,557.0997454516025,156.44815715843163,656.926472249103,551.3692960404129,555.0860645109868,923.3571791185219,968.5113627355047,76.46243937103203,424.5402884263602,243.0811230163512,362.84554510706903,941.3766312435738,1
744.1705957693684,950.2049322964657,913.7835592027493,116.23879303691653,14.230501945834861,305.49063081572194,557.0293402882506,622.2140096290259,696.8782917939299,306.80816358965643,786.2348386100914,400.16558885956533,966.6204931667137,247.2000568010505,990.9960081362477,650.518711824313,422.4224268787392,190.29467368711428,347.4834949013409,158.4692493584977,1
819.3647759299953,927.0157640285091,430.2672107509827,822.6119606226694,133.03552453927193,336.1224297004014,515.688181653307,261.3318121470741,645.1384304150724,455.22138408047783,708.9126061883916,193.4492169252081,81.7558585246021,190.8612182927112,310.3091518614135,629.6510145964722,355.84558411834666,737.1418982718304,839.7131970529086,543.7341897636143,0
495.66288924729463,240.27103658251713,656.5273508632297,954.4961051119133,648.6513223234076,239.84128752087685,830.2700196912286,120.67179238434944,968.3266892716499,473.24293270549,818.7039506032742,385.43762212067156,91.94734491095635,829.7489849746854,829.2393188583067,33.340096671126254,197.78106925572436,30.82818556734135,460.64802402080363,614.6642604480188,1
147.29713268160106,578.19848938695,332.8695054647528,236.452380200453,73.39982065656659,756.8722703593833,220.14253145986774,916.9354826647182,611.254315519655,535.3614512589193,294.14032085250165,953.1277293946235,272.78519056110486,519.341354726884,843.4700832573124,75.38086934640586,654.4202846139892,645.1092554663235,982.8515365980036,303.1849238597498,1
106.28185602781437,374.7429167841846,672.6855497407272,276.98534721175196,863.6922996784016,331.0799631962076,940.1897954549127,143.47708554196913,568.6774715919526,954.4457404177658,797.366273874988,681.8429119243568,291.1149111352488,923.8898103671729,367.0053208671791,376.3521162288207,560.216636825375,708.2968535042867,917.0600705581745,106.49960464469466,0
352.02726160884714,623.4084834952666,426.9281573303961,155.9222742857006,261.3308397940748,499.1871379764442,724.8926117412637,828.4373435980535,916.5383999236487,915.3971281672763,985.5571258762466,726.2342402204958,114.39309846357781,742.5813650550276,961.8649319411252,419.069052956909,481.62017361195075,939.1704425790977,73.38122159011684,303.0787216461673,0
897.4444169692624,456.7808446806302,872.789083368047,166.34727239934756,577.7570498720321,515.2108548401209,325.95533536095,84.20467451743951,652.2143796898836,653.5271045854778,858.0656162627528,161.90783169778388,560.6645332923795,329.8245696396345,971.4654325690196,431.7353861963392,44.07426867793962,903.0710305271422,704.2454829610964,840.4971875329483,0
431.9889401045732,401.11387600873337,11.23829120280373,876.9814842714436,472.24498776152967,499.2430978455097,136.63455039123008,808.8894311197795,666.123429474539,968.6452552047527,573.4793310517281,577.0743527862425,559.2633027725499,994.1323936630366,232.3645840210289,478.5171723531859,671.4974776685531,97.9501514461617,425.21275595393706,579.4088781343363,1
642.5022662953633,643.2414185165047,896.8796449830768,901.5421925717203,971.6966454934958,346.211678959617,898.5440889454876,253.64103797283954,870.4877992015029,127.04787799157668,436.34512949773443,400.63527079300263,931.4364773646026,681.2905822943728,583.2281556265921,145.6107448297126,241.80341203521428,590.9269585131592,776.8080704908857,837.2259183692794,0
426.84144706184446,638.4911346894498,314.69998078449566,494.8880702854871,136.22971489213754,838.0002028513528,120.36405654441518,554.3531820863614,691.280070295384,308.5167758694378,656.3652324455699,493.5446543616628,413.70736015033503,605.204247477757,512.0798423088788,821.1033106669203,567.0567838269559,160.71786986731806,564.6342102426584,137.42010646468427,1
294.2925926653561,933.307214107842,994.7364451740686,874.5087632819578,665.8152209033503,188.19966285924573,539.8862030049554,341.33790060652245,296.66238821113546,92.073337882988,278.5664300073271,115.90942542775994,54.25673442955392,590.4377974394938,848.7692512138356,319.5608812773885,660.612970657256,673.9776429227755,497.5090449072944,553.4006003094888,0
859.1609884431193,589.8276570353864,227.6165628537422,973.8805118075887,119.68196525354836,798.4648200493482,674.4434361299426,549.4907953470182,652.3609473374033,579.9660379606759,194.37430899378828,890.728331118991,166.3550140493494,558.4954747583337,763.0038869510171,79.89740882810004,216.94195998988363,364.0997498300128,400.49977417702866,40.6419532533141,1
483.9783556681708,576.3296310736282,592.7888351076983,52.395929009229846,475.1609676823804,990.3682288973499,155.68624434709199,121.70740865261376,993.1617933768972,185.5481109846876,138.27023986434804,433.258642617266,215.0883590124968,387.03872305158916,322.1392221911893,123.40670520087626,811.9738219120308,539.2469540725339,764.435518987974,764.7519319389999,1
50.34598704829607,728.6748942735071,698.9727874045533,826.4711267491653,314.96346291373254,84.35829004380047,429.89402960986854,158.3989149313041,242.29432698052221,79.5362767637956,39.52293926511275,128.6379147259358,290.3944530361608,242.72478092098382,137.25393732766955,334.10756274908715,559.4074329359486,301.14685419477615,999.8144818237446,119.83565814278518,1
998.1020019941011,263.9132239824477,965.9932705169355,968.1585518554099,377.73365909627256,692.9035611097715,857.2569739748583,416.8003777790216,510.27362108614636,788.5121103841409,691.6980415480072,921.6220976110785,112.72161506440604,785.7688099802166,104.77391131212421,860.5692765018996,345.3086702818403,131.3942317529597,706.1628803887909,759.1008003536532,1
601.1325376878889,242.76290950833,983.9961627943155,832.6458015757322,136.860932042147,560.7045901772314,264.5228181926279,908.5898872846835,366.35141201449795,959.9932735311937,987.3586664547879,665.579326695433,264.6938895563702,415.09197728997003,407.0647738971294,91.20360501076175,894.0357859908358,452.28623612576115,127.13315785573398,638.7383458341247,0
257.49479998318805,993.9219579272346,416.52913934310163,903.1728160616984,311.04706217401156,177.07241908729677,686.2556507962257,783.7130549074336,109.3372040902535,479.99166950174197,13.00030384827644,861.5968703449279,472.2149177498399,515.2167883086208,746.4559358370875,464.279225551557,75.38708903344393,942.5272067650067,774.6631303759278,690.4093039448982,0
373.1692348494577,208.45782682143675,507.0107303139365,593.1118306316081,885.8037647249533,138.22205696487677,477.99405025916286,385.12757814380285,304.02387423348256,385.3854638349623,704.725165007069,200.3177237180548,523.7858332674687,987.8527003001336,587.0719036620643,968.6377518866124,713.3762911917065,178.91176347638583,818.808267443901,476.07184258567645,1
546.5690805382486,699.3364651012769,556.0182105165119,804.5557565762855,90.87894219315473,822.567032589433,729.5906936333648,910.8038508716105,98.2607919609465,61.510181779793285,8.11404647078473,803.8157088387042,480.75045697921314,11.847286294248804,994.6060544597105,383.22757380969296,399.83524983333507,82.35203986862871,347.5941121162718,907.3557768449374,1
240.13822973094423,281.98416317220665,387.67149703877726,322.50271381666016,268.0532421426298,979.509671825049,591.4363556699682,241.7070024633562,780.0053744561208,111.70637042896814,879.1139471904551,779.7962739324236,964.1879459096103,679.2745132388937,38.68033639534963,185.33741364770128,839.0147752609986,467.47823000399325,258.6813131422091,311.91273312893776,1
332.2148294794871,507.2464013566119,573.7371317103757,358.37910720771583,977.7143435799039,985.0505011358237,945.1606122417229,852.7906079235022,755.1921438749988,224.55025367080216,841.3693476073594,154.65701394710473,168.92722871081045,71.8873973808396,209.69225509101287,98.5109183943722,90.54596706420648,385.6472389834035,829.498403547192,426.43618079207033,1
713.1255427971834,772.4223611156617,316.2396622240077,95.74635819420918,448.8824002431313,532.9910189675984,640.6389685246763,360.28317407321964,406.3793624415125,977.7726268145132,690.9364226933671,43.82644244540368,353.06400101297487,518.3637398027981,663.1724745308818,29.93635376326642,357.5669170014212,403.75304136394396,970.0998222415325,509.61091850907303,1
952.1527340640986,730.4632005254468,457.2021046139788,660.0026807119722,643.164240702329,532.4193464279474,131.59436949977376,959.4468072172016,905.109767267495,862.0539717158289,98.76749939969642,689.1295605443026,914.4626700224762,658.5409660888017,735.1585170115554,564.4513001077542,659.2589619191118,807.6825124536819,172.33789515584252,452.7432404000271,0
878.1499609948099,458.8169783490496,165.92332482452088,649.520672687368,957.9356182845962,730.2559893127042,705.7500077755008,112.74865966709868,595.8401729306903,900.5711269205698,156.00197147046825,290.14785469631875,321.3942117759971,197.0660428308768,143.38728926797694,512.9745583485052,142.52951402034842,150.62584206520435,173.38653410280725,347.45676311847615,1
80.96533287905505,399.20084771710395,143.73981032614313,782.1805085209459,725.3039154539448,731.4546625369703,215.61812993474393,462.71439498681667,467.4352335833507,898.5292924141511,844.0467618011788,90.60104308644812,739.2490729174442,953.8230797410152,499.3822079401462,150.7009977298056,896.8677988512403,893.997521298704,944.2807448978348,680.1604626716525,1
750.8522473637809,577.0076497223162,337.238648662904,740.303879215578,288.57786932690846,886.5055977237012,81.68753047361466,73.41332945676938,615.0546880479503,607.2683373471829,456.47207820279857,448.8452713945277,50.01362639295648,839.2649857849999,651.6600450965633,715.5565088026522,937.0421160297639,461.91418114404934,249.0726435984869,13.754067742159371,1
58.132796552296305,383.3450479158612,908.5887724355895,978.9598874738701,48.33926098986696,407.6970393490657,393.5517115185151,686.1156677763836,478.39773078231565,935.0559396178838,475.4662038924479,620.122941500256,375.1897824215632,324.9593314762662,828.818045001184,14.074517872370018,754.8800384699316,617.1534991294641,52.94406063484558,134.8594940302513,0
674.275793498501,34.76539021002134,826.1753004483244,116.07199340619634,427.41181158032225,559.8820491184163,676.9921423259601,871.2370876329289,624.4648467650941,93.73492962911433,584.7633166445627,715.0583483244474,283.7840363910062,505.6885735715916,914.3314542027807,701.1492323368652,779.4934907636405,23.35600799609572,962.2027566362744,74.67948873441543,1
771.2873068392985,494.65803814278297,32.52389998109295,299.3645536217925,946.7748201855678,536.5350479547357,632.4448229927937,540.012718898747,880.5939920047313,348.19828800546117,527.7858920888871,85.2426098336917,719.1529988125703,821.7834792136547,348.68461717348265,556.4791754074322,369.28519361932655,555.53475638887,306.14955445973567,976.009228670043,1
715.1838757907836,226.54690325204962,356.74970060677936,792.5906542362995,525.832779230536,238.12234035136225,508.90474656949294,87.39005902665853,422.16435573365,104.25927563383075,703.3297684074431,64.51714610890569,691.4854726248099,901.6539520681199,21.817426608921497,547.9881933066748,358.8731747263619,432.609272835114,38.36983081538814,45.28432806274518,1
207.12601107653384,615.9035172800235,150.70165570366112,452.1172264311012,422.0151670496323,699.2862149739282,139.03110361946813,682.2996992777072,818.8875081469487,407.4275799196639,126.28816131474163,272.73077920555556,429.53722763127143,663.655757589415,594.350106802762,445.9737178329528,174.4849785317437,0.43737761518725105,83.18449691494412,116.54772842957573,1
881.0744755850558,198.6830203462928,223.2292117894904,446.60167524930694,792.216070893976,184.92532951327945,352.33304199083193,720.6588126602171,510.04829258620634,135.74311976449738,643.1898010185087,6.078822781453774,394.425335854697,509.0591333250232,616.8118875316521,219.72262614142946,632.2853410607487,982.6129815957329,566.0386139062618,818.7681443947052,0
368.89240414651323,334.9692397137328,462.6628027486148,89.8886220498043,710.6028552330678,253.07577059085418,377.70501211655505,108.94634183550866,733.9236242562728,770.411127940094,801.9575384103762,676.9404002782115,853.7347864624219,932.3026144357707,995.6376236121246,36.648181909371246,69.42973519539942,427.1319607683624,745.3264181961632,447.603099494102,1
493.5042512766218,386.0097647200368,716.3486309897793,743.6310832972653,986.7935131583552,893.3669105748013,868.9497284329931,663.2005863087663,276.1883178617115,618.5024163064614,862.1016812312814,386.2234141139131,622.5012891409315,653.2385249451328,689.6401237142377,523.2795759543035,445.7608793854667,897.7314767803128,948.7417472676859,537.2254946029002,0
473.03576741059493,598.8015642643533,657.273623069164,148.09121961846262,862.456421513176,902.9047335100481,555.7557475321491,774.486517460572,496.818854061978,386.53054968895316,70.18063233156468,709.858756502432,921.8293223856374,193.57366821824573,672.434477588196,113.99239511588544,600.8335120038836,996.9891482636486,391.9132646043747,589.6149344795449,0
545.8974285681121,587.9132668809353,68.76394664418083,579.5816930774189,598.0348609249911,155.01914901261136,704.661427480241,981.0697012287907,210.3333554771647,504.15427216231933,784.2643933925649,202.53907302510044,406.5416563340036,203.50262019625387,783.0699323108238,917.474328343453,706.0283558363118,865.2261201283019,726.507831010225,802.550796159819,1
637.6665279841296,719.8788585095075,740.9449219054957,838.2221633491857,419.9762080562491,791.3036611538768,710.4353013223227,199.04818164135486,491.69623034514944,364.16057506654977,772.2218725353772,758.3900799910343,192.11137755019047,356.19701448413707,53.30122811335769,190.07408598255037,240.26059729349015,230.38371166936534,429.35201183082796,960.4737441526808,1
323.779599394734,772.7313523807284,486.5828231363899,50.20762383906163,891.0832481873617,313.28493049052264,649.2651610866266,12.58436972147081,733.6572263039584,898.1321477820634,992.5156863656925,430.8895283221664,431.7504360594795,579.4548947522721,424.6683397716677,153.0285829424055,276.4228510305368,957.7702376101928,418.3366187738603,381.5380525063927,0
647.694054444416,217.7213464679798,285.2787861886865,903.5147138217137,77.58228477391616,906.1686422804532,274.7440335504114,318.28522319124653,985.1197185066476,28.56474773679296,152.0602509083938,801.2079243127611,762.9425747365237,642.5233119577963,184.61347063870846,503.62180270501557,759.8670713072877,308.9062830925846,928.3160563637155,213.0670125656866,1
412.8073176401329,683.1399655038767,453.997874138395,609.1256433376092,36.02823114528875,853.3568596971555,666.9626166334697,831.7383635739689,468.97322835950496,406.0784877067612,915.1950300899242,873.5390506219682,288.10323724008623,455.9098375560904,514.4436601688265,207.81500252346996,34.10847224507651,301.98774080776025,636.9473594503677,680.730369733646,1
387.90347585643894,549.9068135714913,588.4430180342821,593.4567012288868,737.9388909296985,54.944700346122424,512.1124712569464,35.905486476694,500.004934929838,859.738649903978,164.25483361678218,817.9670037617946,813.1612065147049,340.73685585740077,743.5819761938411,844.8242658747514,971.553752799997,939.1907167724485,779.4111411853488,871.3855414929706,0
866.2061146053085,140.8943218287263,563.0158127942958,354.44941846362286,969.8884724825014,767.5657921820115,203.21255117940683,670.0230894249946,626.99715010916,460.71327462584213,996.2488952490994,142.90838524536332,361.59651255894664,704.9557431803772,510.1224553484568,365.64398619249937,502.82515812496996,892.0349286681995,253.3725623000176,614.8216266247035,0
87.4343544209989,570.3157235134963,955.8080084278917,320.68181478719515,47.57795157017453,1.804402068100508,706.4611034396379,334.966906761723,209.38462709674377,848.0299032545961,535.3671156971637,663.8294509334756,958.0240253299431,136.10998760320226,986.9493012180873,573.8839196645142,737.6492261903499,530.4431746258775,127.57437710190023,335.5365031275844,0
782.7264552753244,639.7808129070019,274.16769248060757,482.8836907553877,194.2098987721297,817.9536088245078,135.52871307553482,208.54501087204392,150.14887204189463,747.504128947656,863.755066506899,112.33922050068779,317.2052422166848,643.3086365862105,975.0685337003121,690.5929791421903,151.89618307902043,495.21355783032317,279.665395131885,377.842475229334,1
785.3125021031839,820.6417108255621,262.5450186205569,817.575236402698,506.1323730960632,886.7956218147019,766.0194879561096,606.7262681870774,980.0658492769373,76.44449877004466,10.739720569638788,689.2452640845169,79.57250166700747,382.0776066756254,598.0081045516839,840.1255296613624,827.6351655908295,42.17651400267874,996.7150612285153,783.1479362345273,1
295.10703528463245,381.2035376127122,702.5228746189478,149.60586199108795,782.9019877770875,150.76548779566124,96.47684256181522,350.5986015246743,686.5204046879599,47.07696520393212,491.9184140734578,674.9871999054408,986.2859984418515,46.25658951192624,861.5677988371235,501.24715997818805,354.0866839898108,822.7252966032123,283.8880719208866,85.1466543120546,0
487.97769815923897,278.5122237189693,564.42216661832,786.8859838664546,23.226117923202505,460.1323568469949,823.0146765937764,619.7432972202943,260.4730755660286,55.40720543386246,205.6102245935999,960.5877729377759,618.8422582066778,187.8158942387702,669.7145987195198,174.81697495675985,27.834120697862176,927.2246795320825,711.2184869983284,627.7283458778057,0
7.018035618653884,519.41528060087,310.78996929887546,874.6316574071759,704.5600358222803,147.93348085133852,146.92822750309654,68.22766680927883,389.76502561214176,181.46871929537423,249.6147258990439,823.1088038235258,700.9673704489292,189.75104720636716,146.81870583397904,610.4655502415303,274.6042609048689,981.8373842591297,792.034691726888,166.45836024736926,0
222.553172295035,278.2778570909764,733.5730022979856,305.9072386620451,168.49861135569043,531.1007837823535,650.616449093156,789.2844571600568,201.40710664902593,252.77454996092897,663.1583118217627,948.1873178501176,329.60231407422145,235.21281403037574,673.1608155023289,164.82118662201472,150.27810907766604,66.427826974634,945.4966002857756,258.83916556221743,1
594.644771568771,522.5817908794854,157.76477399881728,134.97948901039248,89.42794092367112,736.7843406451643,997.9525326748948,635.2676889896971,242.68336329965612,268.1086325406276,330.85400429131164,343.20188123636143,536.311610641784,802.3466613242275,112.88878400723323,200.44191006493372,170.43001541571147,939.3868253113912,638.0828680486585,972.5038755596189,0
689.7426858443736,975.7702346945014,307.6550397667651,935.5622527889202,664.3272656277641,394.6559107400764,590.8372130480002,64.91677463322453,291.9341075627897,460.7302293727573,121.53843463028757,225.88190311764134,696.486708481063,585.7834031864049,691.6492275255672,51.25661127771597,358.7939130615909,146.2700867943223,874.4816843510677,787.7449643521092,1
267.2229161059422,952.1392101956584,107.92761970795317,706.7602085048278,261.0889081379828,311.78776006709273,165.64242779742222,931.1523924067174,70.38947911623782,802.882396251614,220.08047522350705,253.21424321357898,959.7759792531258,237.45897148625116,392.3631334423774,350.32330973849525,970.078018353292,529.4367540044432,863.679100160485,152.48706749387097,1
683.0687578685709,158.55079190550882,2.166411664483947,782.4284390634253,958.0771290827664,399.55684931070215,837.4542266354525,421.9762490794954,273.83790735856763,890.5475931918555,389.88883750625956,615.5020174207787,35.04297401008638,29.188158375119787,882.7996260599508,8.49284542383355,451.9769656771313,381.4189521514454,943.8392621522639,52.573272129027075,1
867.1362591164003,163.3346126282973,433.55423211706466,802.5429135917897,854.928866674162,423.64288169411657,856.831045360964,66.79323376886914,35.449202165889204,994.3088821179521,695.419703250033,977.3813029454918,875.8091402592008,836.2707806623391,578.5517326841762,885.4347055079626,732.0015266206278,270.19865556732157,138.69000618431193,991.8647208875377,1
786.7315690003774,231.37471147333744,893.3257634203635,17.409764668819715,888.1272417063591,661.8218887050424,937.8989025202819,812.318584720367,641.3719355572744,545.1007162635995,20.52432722230013,109.51327869619621,205.82506223220497,179.48727517767495,36.529294803332554,135.6747819583425,235.89254134242609,318.1973983224937,409.8859913520888,575.878248943562,1
867.4058765366273,872.2766162705393,367.12538342648395,821.4312130522303,932.9374845145417,131.90428487315842,311.5906208592954,598.1154186193286,618.4116516964937,153.55857949108741,39.63338465756938,985.26100169538,969.7273102919595,778.7706928296695,355.2878270624324,463.08767733271304,539.0442342772332,978.3905566423332,861.1089339701294,113.63343755341926,0
920.518922630497,93.20282621256094,871.8568830697836,205.83180123708487,386.20587678976915,507.31267253621894,72.23122084844458,456.3505922771396,50.057281212516735,933.2825874363941,345.65877662698784,251.3540685601182,36.79616181343681,346.1987215543878,504.89073025562726,869.5745705983038,648.8040146724082,136.32665133903265,964.9245495761407,539.2196085711082,1
857.0566307631401,333.0849758875256,84.760546206333,801.8338331482099,23.10782025382785,728.8979096967328,102.22188877062155,318.27045853966416,925.3443375049095,517.6333917889544,361.3580651966084,654.9080783007922,364.3426914034671,959.5951400600136,306.71050310003454,726.6408117560305,77.55312268521052,997.0316286818905,734.2967310874208,662.1416400637878,0
78.47979489196754,856.3012807727054,709.6729749747798,635.514125886736,841.9546420963674,831.3850005280578,485.360812850872,921.9728172028208,185.60090982702692,788.983456491057,220.2635478879651,402.7977661442065,575.069440221203,133.20194226390225,867.5074418160661,249.97182846120003,709.9836085722213,646.2296055320237,656.7029566845349,31.437778120226746,1
345.38988738804886,62.41302257847947,438.35231297009034,791.5011894858975,41.7425756161649,615.4144328654012,897.9743043231415,567.651810377779,808.694117020924,668.3101429926137,155.6805745728329,199.23922324478184,263.45015435588857,670.4089991718783,508.1259238853607,318.7550457303993,600.1999887437264,222.8863048426204,412.8360267890635,6.917142883026917,1
134.8768096103855,36.08492358979753,486.94619353142554,167.93758562147408,940.3369578346908,353.40896549075507,452.1761053914456,400.92328770279795,841.1874168928778,930.4059464925623,467.01914043095195,261.96389692737574,808.494654150468,716.107409338062,677.5040527225192,263.72897292964836,742.8072491046703,392.0354355947897,138.63632302038098,602.7054033190011,1
548.1076034860565,383.1622235277254,803.2824726932251,55.58463278580261,989.3579338318457,603.9909577129944,442.2386635632177,595.5149169569419,620.8541824348422,497.03361858631456,345.0419155691209,172.79087983676078,252.70038560890262,32.75148428022179,307.30826004441934,159.73950070328547,607.3240449238942,473.6081115232261,133.2154083262932,904.0596031498158,1
248.24752215004364,862.2176442220408,499.96855818441543,878.793383799988,409.9623045116763,285.70629127925497,748.8653541346869,947.3334953789043,83.64635860579884,882.6148818020267,390.4349363740279,663.7216383273653,458.49285202564914,487.1792648970921,779.1986972485518,79.91913561781494,796.4181155326396,53.52741173013153,618.5631859680794,851.9324561719769,1
829.5915262852333,216.29722742508463,562.09720187768,424.27503217284556,248.39738415494728,315.3938602694617,898.661711619547,553.4064531002495,970.0182319368785,14.021828353917186,42.09433703745624,477.2283187406177,465.46826733011403,580.798901804655,875.0606327351321,147.8674507194545,665.033624596566,413.5824201214955,762.7365633203016,534.148926340184,1
473.06964179542,982.7659027962258,721.7007567396116,921.7903067753549,789.6228695167086,620.9226110519793,828.9477450936586,653.7817535469327,395.9452088660439,871.533751512792,145.35415361227322,933.8919641748242,568.9311237208041,2.9414537608024593,177.2343762279962,81.16781766517344,754.1034009407639,983.4106273633265,396.50620280301376,645.0886368622411,0
988.1438479777989,600.4266518637124,627.9601839414715,101.4275435420574,857.7733077703514,364.31320656792275,721.6263884696151,229.68154596216195,175.44463994780645,951.4572559273638,323.9797956294671,646.0262976565734,749.8360772315043,412.18729759854887,222.67360263931124,194.9846176171095,738.1017146093516,436.2476463174263,293.48592949212104,829.5414840709395,1
884.5364383657015,631.7368948834675,83.93966333449887,254.1558258485117,497.70600198568525,677.3575654738924,13.803843148756823,917.9838333268272,651.8720234500003,170.16227772991056,878.8382660244571,87.8842106473342,532.9799555472337,730.6094985701435,311.1652927867979,537.2225437322207,278.16238628636313,903.786938251909,839.3439789838886,909.967234316092,0
951.9325883846096,526.8212952931168,709.2246840524218,250.29593140945994,474.73162011131143,330.3242793307202,963.5780883611847,751.5461884715122,459.308826850893,667.1069715332457,382.32855860022585,607.683748891514,612.9997411672911,829.9416055639042,259.092269166877,375.268540732566,601.6155356942605,984.2824042321419,419.33145744391896,204.80418711320092,0
289.83608786725824,29.100497080578712,440.25026276466906,225.69654711952714,618.9011494233775,294.10677697064,634.578750247267,40.983537733230605,935.4739796416225,603.3551168922185,501.8124583954761,581.3091190675344,689.3415895897145,940.4476284932095,359.7916048319103,627.1412307557939,242.0485951810232,381.9142695780225,854.1246752246534,354.6967823615418,1
127.35672052680313,29.86558275128315,948.7520720796615,599.1198488423522,673.0096412247257,584.9924154641965,534.9796412897924,210.90345583586588,251.85901856363412,734.2010797668637,520.2719485116999,706.4552257427719,166.6960933062124,576.6900771693298,234.38538818414534,133.1729066411681,481.45950221012714,922.148024814362,726.2113740919672,662.2642454752394,0
146.2413460832248,907.404987102397,505.6570857611451,660.7594468054683,24.322405332356745,616.3328314605699,685.1405493593311,300.7993671406073,170.83683768498258,887.9084870230524,403.4771202879088,189.65943603795344,978.4542399232014,304.3572421183958,354.6347466359636,624.6227876409304,236.50011711194475,782.2630139449054,859.5868003584537,29.074021931108863,0
527.9798724504561,991.5036421287779,439.1278385586718,539.80354315359,89.13637022812115,972.402939292537,17.164927055351775,666.604206289778,432.57374235510594,249.5256516288329,584.9997166603843,719.2785722340398,250.98674571687408,53.9232931844289,459.9669738168509,825.0817346171632,428.4030130135967,397.9307387268503,324.0408713563002,614.3399791145634,1
332.5424229341041,516.2353301243678,16.634681128173344,203.473482138943,819.4082338018918,707.2864697416942,298.37171567460774,444.6568004591771,475.2338379468245,201.66671770518863,548.4896345762761,974.9777651475404,782.8391498388285,256.35596908745373,429.7370026766344,702.7358111913642,544.6590690936986,440.56918110054136,162.03637841429963,781.3620479860857,1
280.4739181760412,980.1176717782041,163.7507192485964,391.26558089549303,686.803653050189,622.9388137256414,136.028637051949,190.80931086169605,992.527722665892,265.8885460512207,400.3248753787688,38.258298264235655,582.8195586225407,166.00687135561887,422.1075552828906,669.0818267498427,93.41701237180344,686.3187195085693,511.16170412200256,891.8115523214742,1
252.9581537690013,845.1566047963081,109.61913230002041,287.61019785327636,338.7528402209834,579.3084523178206,151.25747507683275,939.4143216762398,706.3670243832111,849.4389633145429,705.4245229388765,6.744169962236035,157.51139464973284,965.982592452521,212.7063637223501,387.72461056900954,508.8264865359429,37.47827942278581,238.15165388438476,377.38160684578105,1
971.6870139204389,965.9223678005225,387.9047222466545,798.6282988419761,156.91604858628105,508.0336688027076,271.0095372386724,855.3479099676807,843.0603498684088,832.5093809528773,195.4243599458906,544.2627706023653,175.23689096159444,325.9503855030765,214.95622395400414,882.6515611180413,348.3091344476009,795.9034040987797,204.29494843652586,877.9530057443077,0
945.8844936903749,112.33528865066533,928.1083624530394,707.5643519602206,766.8225900159324,179.8028199073788,458.35969790970444,727.0232510477227,869.2889985476955,211.5919468061489,25.410812210901135,754.8556737205449,680.871156376454,625.8369541229386,49.16059927932781,136.42098002617553,40.6575690720995,22.30658069431812,851.3959714165048,862.2210445472225,1
890.6210538984661,75.54375523916124,618.560202741171,993.7200972222807,511.0158801456418,241.8836754595458,163.60779456855667,61.54810948800238,588.0362816332263,294.1598668378865,893.3855273883413,970.727212377882,476.72899418731186,941.6981122568743,216.36213806475857,956.5629105329026,716.0456823858328,698.9571212375644,891.2560689084685,244.47187191742782,0
594.2128298728976,486.17575752115596,860.5962314735526,356.51938376418315,552.8123972401328,281.1308720092054,918.3944990291794,612.1945833494023,659.1179751191917,911.256908211092,791.577444771172,353.96113413406016,19.60906576582877,463.2006257592619,457.20547073396136,386.8091032738591,359.19694156311533,334.86816775641483,881.519021926802,314.92835216739854,1
230.43833230826826,108.92449723240416,822.9849230625035,777.3609574314743,715.9558760942356,486.5435392722256,374.30059495710975,604.7133210351076,675.9047113565396,463.0553478731888,539.7605448794056,240.44327421545185,699.6091701335042,867.5259783401528,901.3002024895009,389.7467720308041,298.0747845833813,562.486454102378,300.6243214172696,729.3855870561972,1
67.49856306540458,118.229125996681,278.0710608638883,940.096634827343,628.0460940460194,732.2038866676512,62.35110707912883,448.68896697049144,124.2057821659136,858.0476904052842,341.08723275082065,296.3634656847926,294.8892351580903,624.927750728374,596.30171646135,405.58454314973415,680.4220133975612,593.0193252915657,68.0547754792874,784.0143306832819,1
661.2399385865043,199.40405112054194,257.42386083400925,40.83356932629512,38.60998973950003,382.2978946048499,899.1338494941396,254.4526707723159,934.4397573471473,576.620298576725,658.9212744549491,589.2950907472165,15.157500090743126,109.08085682333024,702.2670561208886,309.77395046516,556.1312643141291,499.0677913818932,704.768088073294,600.8731331874405,1
524.1102890459417,195.13023726996613,515.5854629487853,72.6458930234416,143.61591953227716,682.1506385638013,916.4659368285162,627.6522843998567,397.0696748333101,28.69513552016112,928.9402684829535,313.44580234382045,546.5371008814493,241.27107039991836,184.3119036327956,202.0918544267444,901.4639239616819,928.9001955263053,327.93700156612135,417.63643007726756,0
38.138603093129,903.0742584760281,724.0028984108534,688.5992583679814,4.924328113111831,676.4412926380469,318.23395259521993,337.3142143295523,560.7791936269786,979.2794858886615,513.7909546116032,361.31818071193857,396.5595342116488,371.5202479334159,244.6391472810585,538.6689201288332,204.8043186898967,816.5024471536303,121.94760090409562,290.95005365724916,0
738.5001376745597,568.4628680375557,144.6313990211572,987.4717792646945,604.5076227383896,774.3738259683093,514.4691652234236,837.6340829905539,290.3134209596265,869.3617585129797,686.8227083047412,651.5622570920439,731.0888164500192,80.59070889972165,396.5770323767604,57.37237131025707,593.8380063734626,568.7899930211615,422.20981469002675,97.52000395424699,1
935.4085101193682,779.9085912208694,606.4191003639685,887.3218764565362,676.4615664266346,274.4856137931408,619.1251226043454,571.181140543573,326.48220430574,860.3213076735615,225.61451348564944,550.6441391963888,351.83496057109943,790.0649472969965,744.8081800040222,673.5967987469952,228.70411005590952,557.2137113549943,548.2014493831211,858.0980473058084,0
675.5434790021978,177.65788333638878,954.3415115204639,329.3015640568223,829.7406854387021,715.3783144708585,889.430647313722,37.42503020586041,918.0556699089091,745.9187070344376,39.872598085887056,394.4426076043695,244.74659620102545,572.4843321266087,727.09069946681,700.3067351131588,594.2901983467793,390.77002251895345,908.9355267849269,616.6156906488332,0
388.3217530816888,904.8817995826234,110.86709958402041,177.08007572339503,557.2032284016371,717.5033163319217,8.201553068835853,198.0518603550031,11.177145457845983,701.8085959691723,969.351732827802,482.82604321466437,639.2369519469557,668.5212717318152,967.8385644791601,369.6371347496181,8.817774348067742,428.98124558376196,633.2243165455147,162.04645356877768,1
396.99911142111944,688.4189457693258,828.3669922934147,351.10614203022914,375.3417271244599,838.049169044867,715.4758780474378,239.3892734609513,768.5608442946918,883.7953623657979,255.21151045362635,426.243579765907,101.27938356128551,689.3902988843192,85.58059696975417,553.5310134105621,354.28033873669904,56.235350656802964,98.40584073268266,449.67056240125123,1
12.918055403299267,36.3600685482911,379.3473655210726,1.1898050519026926,594.2140833628416,369.63610933598255,459.30029376714333,928.9599266554026,583.0660053370932,880.2635061787718,504.47675078128185,821.9477704338158,401.83414452514586,238.41266177720055,367.3751549118104,586.1207280454663,151.93430469697554,434.200806712105,596.3191769767643,377.7554949439046,1
876.4759983114695,514.6442985936093,17.805233393956122,179.0324856745924,115.28686357027873,391.08116406533264,967.5557463460581,666.3513560605812,371.1970627837836,731.075653980178,462.8979523740957,417.8152452403998,380.5431205718186,698.7179539940513,46.212176493391595,252.42958730443044,7.723408057738745,818.6889096795218,305.31359861677856,976.2211502215333,0
324.150472734158,75.27681344310366,754.6196780463714,53.7015919381727,178.12813030431286,75.15523812035019,764.6251211641885,832.3328940014912,491.4027318805747,504.17544014163565,349.2847921854469,579.6655043224416,891.0853653395244,859.9661686027529,374.72548754127354,810.267471140504,7.84862520762053,681.0409698877387,932.5633512810333,61.57197554166905,0
468.1498931134814,504.51674383127585,613.0289657251473,494.52905905010635,772.589556203435,938.6488363933698,933.5521004207565,111.11507859334291,137.76980495210023,413.3299412357897,162.50880030028392,892.3831905247605,581.6460870067046,153.49044551995073,231.56534486168923,789.3460099505214,420.0105790299138,413.30104043510306,930.9687120161581,520.7065028124276,1
357.2567707775677,796.8803531137953,69.03497116191248,717.5911709852768,702.904107796459,236.44575573739235,81.36118527838931,511.22440413643176,8.22637570628737,55.529175491140116,754.0895406068023,235.64009122956764,995.5439710512511,479.7104907528234,90.79397716066995,832.3720651095573,698.758357682344,339.73467338221974,699.6916832093415,519.8453861733735,1
743.831367538276,604.1626886413458,860.4009738742329,435.43242197224663,597.4958068499258,871.6649484739846,185.3063385936754,164.4374687193214,359.62715453718033,944.3156011889142,331.7440838950422,746.1364079655907,926.8936372022798,795.563552603816,471.18402474861057,151.43102261753393,336.6313566087377,521.2812846726222,329.53643414516944,363.50778725380485,0
811.6516434638667,227.23458987574162,958.7863269628716,957.327348709496,903.0819935359671,8.704076812368955,945.6114462283082,901.7138209120243,924.5903556800572,221.54937384493311,142.1785215470458,449.27745643005545,750.9639063301204,464.905388759554,412.62254531845247,765.7371806251301,98.38771925602153,189.9143829783312,45.25959300795268,389.1469915787092,1
384.7303034681299,14.526402355260926,787.5959477417716,557.4836637935892,424.9605168965356,445.1904761011738,636.8086330122593,524.4313325738835,783.5498173467581,434.2364586243894,569.6413401222671,466.98943984019,802.46231636381,910.4487941605795,107.25378534359086,594.0005371813777,150.7680154102615,775.5228153908554,737.8986140766087,739.3289965956305,0
357.35693772391863,364.49770667045436,127.44922728816776,759.4657714221299,118.09665152022674,583.2195780003339,633.6413786116981,472.8187509906331,853.0440331092602,138.22857369087615,973.7557997248393,105.61865494382772,358.91418761914105,352.9806005595955,69.98843908533958,771.8079021299558,907.7810730404381,42.35674582704829,767.8303382586001,857.9363387940143,1
271.9661651436718,844.4178482829366,430.35175907704803,971.5167869760662,267.26762764207155,925.6682520698641,13.362710466957694,17.494727426808133,179.4577386076104,566.4252528610544,529.9907026829891,495.8822194625138,483.505339628075,184.5647253877202,218.56491252259946,923.0892273934876,19.271874096334574,283.9163108372047,603.0794618572248,316.56235344469377,1
755.5168974987632,66.72130520641161,814.563733601024,387.76510667584984,707.662544374422,310.7925273333977,741.4529490271743,556.4398147941015,493.186216123589,526.3512917495962,416.6597091666825,112.58515025982163,969.7066874639416,966.83573162913,930.6876093683222,602.276753699647,183.66794455285373,441.8380135429585,551.306945557927,83.63064792945174,1
456.6669061666758,694.5351681727957,887.3625624678996,65.41547947601234,803.777515140846,193.16093146235946,141.4788509733539,817.6409976239943,996.7973154325787,692.6893557472889,979.2284042583894,116.56458888391963,798.7058633546588,269.9067889610164,656.479360355436,322.1362848182296,543.5377019577381,796.4288789653449,572.5447341803145,712.5072321257763,0
912.3628972449487,591.347062370316,782.3037798872234,383.69678015962296,847.1239425336979,849.8101168315563,513.2678194538673,184.54683565081487,199.6258914201775,588.323162940496,195.82148706058987,167.26048177971742,838.9618471826722,663.8368043147126,343.5764048064728,923.2725040827049,816.8075478220359,841.4013759574959,220.19051725180017,464.76843585242466,0
191.3658948451956,827.2554723567353,991.8610209999073,961.2577789733199,672.6724326566418,28.86896022629426,966.7221534857351,747.2687468311985,555.7508648607526,687.4041040020875,529.2924898300997,591.1213068107934,312.3129979491722,282.2721835680839,47.794806635321095,861.8972774089091,662.2101443296011,101.02029562706049,617.5957696958927,962.5095280949037,1
492.1330775561775,876.2993022719701,637.9502714985138,697.8081274413331,908.0202051778223,546.3859364057811,963.9842154451949,95.29908370714723,913.2950184172352,892.9633153231118,921.9178227536079,31.768170571043086,731.6330993550365,190.060958865244,116.37189340768239,745.0192004224442,426.9005901929007,779.2437085896529,846.5649988216861,307.4424701482509,0
739.2975450887876,690.6723474403685,998.9327271031683,989.905758124101,692.9142186658614,848.6943211201074,47.5749789456471,99.66977350126017,484.3829756718633,116.8234110359333,983.214500713237,665.8457160314521,405.53948460451494,609.8179887253424,268.3826419274749,220.9115584198451,967.5339160639826,428.29459408207083,151.17656207975406,566.4389311584165,0
729.4055360560336,772.9146978827366,335.1717889351061,547.1455064797294,362.01150712660166,72.53100333250717,676.8513785331285,197.1465981516395,610.4943523764166,896.0660990470927,456.05003317537086,479.6148598013934,252.85572286690828,211.70521313910228,701.729133274875,895.9351831532788,227.92694885206387,78.00332262474885,167.76334555938755,61.10947535300348,1
319.327634069533,431.87263562123013,517.4410581492148,149.4136059495623,275.424437408502,49.67262824268881,805.3591765683096,62.60496142108707,356.62263123692605,805.900230095661,490.4378004858292,155.17235135468377,636.086066848282,868.0197815918559,406.9234562162131,651.8234526295438,78.31101744898893,386.1201530526214,324.006383753774,879.1810481132168,1
854.9031889586535,326.359821354133,646.8996661503536,463.99961174080926,441.79771951823244,510.7376585160155,412.92373399752194,314.29285792166473,323.73242596041007,298.42113056963495,208.85087911777777,284.76824155233993,87.4933523703233,98.54215056976379,612.2473451048511,510.1894925821444,839.4166495997323,776.6562085219035,443.756968218733,576.1165354977014,0
246.5015985263208,157.09551225984308,792.2556688778352,396.57693441080164,48.12185534942104,724.1302390680448,483.3380106983406,882.4612028830328,33.110043571193074,476.21234843833383,157.66707239313226,732.2592098151341,519.6256046270073,332.05196617545,346.43614692850565,91.31765917521673,690.8580341100184,183.5186978801794,653.9785325947076,475.070051174467,1
618.388869054184,397.3139165112559,391.1655528127288,880.635020545282,591.7184915162046,878.7996572043584,680.4132131179325,581.9624019216874,875.3484349940902,651.0632442789472,879.1117513496334,623.7783854519972,275.81718208810446,852.8669513108827,712.2555826571069,355.76617368773276,305.7381764333763,348.85576770860547,719.93088348889,409.9008251372589,1
457.1237939851766,931.0366560368274,987.3246091762551,609.0843172294084,851.2927038741801,433.77411259060375,332.11878870932424,950.5904996811527,565.5336839671949,351.3958096204579,937.6446555301462,144.96206978525748,951.9806403937404,298.9587906138507,758.5814896002526,87.05207868693554,135.1562218008563,537.5541107411661,31.253702679358895,801.0424927402507,0
381.94937993139075,452.54160511009155,465.467802790787,443.77102238187604,498.76418901574806,188.89491815096838,491.8799172155235,234.52327834156407,228.06335719986015,520.2242066541435,973.1432968267198,816.2103908425895,938.8363918973445,386.2098229890354,91.21451996346586,976.7137819820548,656.9414891679291,745.8298235260045,716.3049365995046,657.2530975678623,0
47.463739191737744,150.35989899002178,809.1008933604963,470.1446077907947,900.1159695904881,462.22444629797644,811.0241430325873,907.9950307431798,436.7633793860162,309.4828584026843,802.7630650544951,379.75129547512444,677.7863287339138,292.21292446780313,154.88721239023306,932.8582773382577,895.3352053412333,750.8549830719812,838.4431882954199,695.3254711807072,0
347.29203747667015,177.20695073106896,996.3894051929112,308.7607555417742,106.52847965622492,610.7030842741767,756.1319222097192,140.6382510564602,887.9634036330835,21.038682768953265,8.91350682713654,840.6220329326118,879.5578427729438,726.5437725149283,129.78390101613468,893.37999736599,567.7340210684348,781.0053205878467,446.8654593829899,767.895413023705,0
831.6017389831362,259.4930385829302,143.29474951874133,796.5487396867237,458.8599135888428,931.8255506682883,451.5526458428113,968.402278619552,761.3482283272066,829.4848624890003,767.7842352795747,620.0920405314007,368.89363453713185,990.0134056357181,979.6787035727702,907.5822819190812,445.7615209628897,360.18539332023715,357.5920610423922,545.8451109761608,1
971.483255787321,897.7100937869986,899.0732593524859,701.7127335352732,225.3005548351833,164.5726913960972,654.6488813116073,737.457603824783,327.30898802854733,249.37364252118087,373.0477555096983,26.509412489356453,862.9585154993821,865.0340292846944,910.6285036736681,260.8896094921155,830.0049577694942,459.3141661120519,473.94689911718325,489.2736367567645,0
97.48812682868957,163.81846027085456,606.4998156168195,485.6232809149712,847.4094505549015,186.65712819933177,655.6212818880257,948.5874181928567,181.28168911686794,950.3684867988176,30.767965291684796,162.60972192455625,326.1676956669048,522.5688866903073,8.788416603321192,230.04989640414396,867.1640133612774,245.06404882510535,929.6229388894644,450.24090739112364,1
496.8207906797648,124.88214088175032,688.302606803087,948.0716700275468,108.84066903272449,650.2199917740934,53.723074010589954,483.9075541958424,590.3870210063849,304.51970542206,1.2716749901825475,147.3015971719587,374.12190395108036,158.74746307992348,331.40068194002856,856.9048647076039,511.0505376946882,701.356139438765,484.1527039418447,940.7738176650087,0
827.6090028533998,435.50932382308906,36.326415363342136,208.7578281662832,153.81332594192355,86.7076599437896,594.5396853707712,839.0047709300446,679.271250668923,478.248877778491,261.1097871597525,609.5492639709965,902.360156048842,114.36624856024258,512.8214460247477,508.626751912397,786.5926116505594,853.8804328412231,366.2145682790742,620.1083971453277,0
47.9923116149551,604.6071193028089,303.5979491335561,28.123832523410442,649.6029505768403,491.2251224496612,632.317279566395,790.6312304366949,964.1016263290521,793.9995420797882,477.5916768648869,22.472010484538174,137.87072140307765,530.4989749528922,351.5942301291469,325.7512844149657,906.5144542541013,46.24780496452752,539.9212176111414,68.98982017553057,1
313.07665437329666,116.54763453287376,294.1738532224607,569.267241653046,760.8087025476589,104.09397742929471,596.0152649266012,732.1583037014801,282.88422069719655,916.2139849430097,755.0179655080175,851.5726976896717,580.305199797154,867.2501086424786,707.9611591743485,582.5560621849324,15.893684600538748,39.79650763796017,601.2872691205484,113.59262243930579,1
730.0471307060249,276.12394667183946,781.1616139814367,374.9654882951767,621.7281500060153,838.6696636636126,756.4921017139277,519.6875902680414,772.2759121507542,109.76420705937717,402.9597919341481,31.49204837800612,649.1212137973599,70.58918221062372,278.8492079122713,245.35949666946,613.4977007095788,38.08570175814596,749.0777941298395,596.7719303762292,1
51.29467781813746,337.3418446805698,311.1561237158621,814.8918221798436,902.8992434737899,472.2346905072722,612.595770664182,901.6333927884972,502.33348654913914,583.9890992931676,581.9770600837188,770.0322549290952,901.218377409166,76.64482358755753,857.0704366975486,785.4918089263049,533.5825522744154,203.82415968158452,973.1572185581581,471.6893121707425,1
4.021595965382541,794.9204829132351,235.0017945935111,997.8095249972247,21.297767637244004,325.1438162090262,680.0218145859565,195.6422116584444,701.2066424682445,884.9097052863099,654.5298427712092,848.2014556604369,399.4354674612852,404.5661080772698,784.2333031601341,703.1085875484082,299.0609663310088,562.6614394011954,642.4061232865829,141.8400490118913,1
246.56510462706837,458.9514763941634,721.7845884812253,63.80846758248604,983.9571415701449,583.2005308404794,185.75492489528912,571.8990392310498,313.96168345388764,791.9257462638635,962.3054509326062,36.67312491021468,820.8636307157052,645.2832475227062,538.8039233981297,192.96288426250118,362.8086641375463,237.17085543028082,549.3401590586055,444.12147227769884,1
221.47524382688079,627.5714716445357,859.4203961671644,524.6351062627307,247.36148379739598,709.5253743453223,41.32025368075154,550.0719126714104,862.1526122019451,864.418354330236,827.2842555109329,23.32623714178672,132.93866227153538,693.3267953222625,54.33193663054525,240.39835550793765,973.3212362580937,774.8862885370901,880.6929757944248,767.0614293085713,0
893.1642890101592,799.4226177714477,413.33108856997734,533.378874490661,260.22498777118153,590.905461520215,637.6430561762992,360.07744883549253,41.24017212968112,680.7497884662351,620.2134820124513,539.5130139441812,79.7340518444558,647.0789190605321,164.40752981811445,346.9660063551541,367.3700751811679,221.12477956461518,523.5431143924932,421.52517622795204,1
439.7725723244424,447.5066293599932,685.1469604049367,687.4087703400402,849.8379813840735,485.7365907923713,711.2146535091547,808.6870415862028,987.4137435017565,173.1048852402345,185.94121234908224,390.8710445964684,15.728983150173015,730.0078206116375,644.1743267577956,975.2965545046083,165.70905923581813,436.9743224618525,97.4015305677931,973.4862539200824,1
560.008531789195,78.19530712381383,346.6176371292118,796.7237758747112,554.177924326313,831.3743846295191,425.05543293675464,220.40727717856046,620.9082335211507,282.1262117404717,259.0044518103584,47.35463095649373,784.4806676053983,795.821570955891,37.8177636236241,713.6031523385712,311.9952232371104,860.4975837207727,563.35008146601,512.2572677024102,0
321.13833498402676,763.4566855552106,81.09798523091672,62.84251363107951,973.9974492703848,576.998230544332,45.27271614448314,726.1481222002415,208.7880283486947,797.8885820684275,411.786907713111,530.5306176012602,746.8231928767749,944.0778155413952,756.1494159386118,496.9569960709164,395.25582600121425,545.2555105771127,604.4656691328094,792.7833330332768,1
143.53086494215083,359.21795924877574,104.57096936488553,624.9702754405532,434.356336040401,380.2057434576579,245.7298662103845,272.5324244776114,782.8488646818939,15.943739513454847,430.2082302059292,208.46975400197866,586.4140864155625,227.02625424221813,593.1969417825915,300.8427422552561,908.678365260871,833.5602464220145,183.59056021012165,679.3047592009498,1
498.18620992006714,809.2065161654721,60.01033582461523,87.66542177222824,698.0223848826935,815.3591001215989,893.7453809593793,650.9771227650442,524.3120383097322,819.0479765882467,384.1127952818273,905.6405354705253,956.7500428902025,456.3198919822363,360.07863653567904,150.20225842457546,863.8315425659415,568.3185859270145,399.23416950261867,540.8423651726997,1
725.3248795350572,113.80460588917241,857.6014297701489,588.4186155845064,394.2069605522135,552.2828866420635,972.2163668167932,778.7366421909654,93.759413710358,862.8891582534673,835.2788870424888,882.349269686621,940.8952144112374,808.8367350874427,598.7018896516769,311.5837397010603,759.0978156315857,779.8210604799445,734.8151640957468,236.32373765523508,0
16.0543058599546,874.59646831622,19.66030884850456,258.81666546763125,690.6068700817742,439.5726494743445,881.9418283941396,654.050500814858,381.30069605816874,602.9832626431181,606.3857955714848,267.68794358022694,42.30371020702628,734.1599157671486,225.64662520722078,35.301065840798394,939.1247477545883,386.1056476920859,856.7818466627918,247.38611305137616,1
607.1257765276838,938.7707740643682,977.1148654203962,795.1625168118126,456.8259031948214,857.2180167270334,998.9890840117513,729.6887092776917,360.74399084218834,478.32397407508796,670.1970517263732,692.8982678690464,466.4749705786333,941.2575445262695,556.6766303512944,433.18025346082976,591.6534267584013,780.4055254711457,302.53852764106495,933.7707155819252,0
710.2646705790814,58.711424602459594,574.0586520884171,346.15168685734034,483.1092336485714,443.85930684213434,206.4167185174558,696.277297683599,93.64819899562093,260.22419852670265,239.28787581462186,23.567689289341054,612.2359829215186,770.5764610875837,6.328043386101934,32.20080137528325,147.14439024074898,52.42458492409463,584.5863237185854,710.2372365028408,1
401.8604088326535,969.6984162933206,458.0504417544854,324.83029845576084,876.5697679012923,987.5293027411402,833.9460832416007,918.2715634897042,768.2048308573993,590.4302663777719,235.3862511110988,902.9909547368994,770.8435368057417,8.610806036383423,489.7983287503095,941.9212723158785,188.21693188795174,601.3118542751296,849.3882520348376,428.41349514052496,1
63.79144050590768,851.4656019210125,164.70458468930315,786.3472161755266,664.3360140901184,605.088165832831,991.04863049823,38.41554509391043,786.2150311132589,682.5054835490807,309.28438485548105,449.6991133536417,314.1012053410097,164.43966271582133,266.2064948331151,814.4669958673829,26.761599113562575,577.2183344009879,273.8041917461409,537.4388862201141,1
209.35684866222635,238.70623232048305,737.4859012639901,731.5899750652837,980.45440807064,363.876541990928,520.6577257712586,347.1546082802759,344.49368985521465,184.03448513155007,145.59017708704036,833.4720576730791,169.31388098562817,7.005119520431258,818.2026494268639,685.5941317510826,757.0514830101038,159.10749234080768,3.3294313873935,682.3916615797409,1
936.6170952138186,26.71002035944714,851.2393674455155,8.004009291053272,718.639110054112,528.5946892584136,409.77491205225226,181.9341210320905,35.35072205022571,860.3941656585299,143.44513650871028,69.89696913912313,905.3707277064237,565.8171700858098,398.9768887584518,477.4311830045775,937.5393265610804,133.9623525325373,283.97528298067056,373.24953595937905,1
684.2643778760835,1.4871355949672704,716.7036074881803,805.0952224283698,907.478467718979,309.84217205595974,342.10488225405777,241.23350515389575,648.4511137480089,849.6170459256792,586.8115250652703,55.196835413800606,128.07135885419385,956.8842414397237,181.7707403201918,519.777525236591,922.1147798101117,918.7839875770682,138.113563093739,634.1967498589179,0
826.1970692964569,378.04313156721037,436.2691424925523,605.5464090395578,549.9094635626846,156.91238833376076,865.6265353602281,461.7116463660232,833.4068250533617,741.2947580104401,706.8278681575034,664.4699857621436,653.6572288194664,416.3953984218951,469.3660838079411,614.0940999560881,760.7102537206825,297.0197614317589,524.3299030774673,522.1153192309712,1
898.079274808128,42.5476340847315,266.53810046736106,262.162961523387,42.021657025799406,237.04764934413103,804.6344958223235,233.36986347518297,265.8129866139247,456.0033349271733,105.71697371321653,527.4208808335212,403.08266699843165,527.7179300693381,827.201518933681,174.22973706004774,37.79106195345572,848.8610665906427,871.9845773987091,790.5351182560029,0
957.7204143364798,856.3159720034023,125.16940187461823,319.76844686817054,74.94814996740962,199.1570854517868,238.82677930407658,707.5339916831232,596.6021928505087,962.3233109768545,710.4304327459399,948.1345091976642,49.530340985811435,958.8018272492722,143.2831620535391,567.6188925681624,79.3711581839277,254.03780099434547,777.2145692700562,582.0802246704731,1
780.6390436384493,376.7795968258306,720.5374999966626,164.06820634925447,759.5879307661864,515.3969032298658,994.4747456186211,925.8167097231203,271.4299244033647,397.59465895496237,429.88836916320304,487.8164167441418,935.9825711617915,220.61997805689904,724.0611956595404,809.3710066335117,900.7602042935581,578.0785644949495,103.20733560934825,379.9878639182804,0
340.3467167854736,294.9068729280215,868.8959444733792,475.8321091347124,357.92982222177073,938.3615685963954,284.6584007624322,791.8311443682722,313.03642759990356,799.2213195650545,287.93241098606745,475.10449081575644,765.296486014421,888.894048412018,839.3196092061326,664.4168318669853,362.9646611306633,665.1210432328588,975.792907618414,944.1429801767586,0
420.6305355574811,435.717022865155,300.0303772989891,752.4545402827594,693.3319694707809,611.5667427844389,123.04183881729425,421.29521274404493,334.0450349261037,925.6029539888259,889.0395201760158,408.3579694931845,490.86223039489715,984.472026333118,218.13673502650423,965.2596090152933,74.99138914134195,999.8884185960309,98.42246099784514,158.68935938391937,0
899.8040523306372,85.0911680196511,504.34091172005355,344.61033374565244,632.0688532108367,138.89614818958074,711.4431587329783,38.83621300948947,184.57749956434654,337.34724333625445,952.6109373080564,630.7583397432512,166.8868122858318,885.6925069475826,895.3730928313156,503.0310537252518,460.5533667547722,300.53574290027353,1.2655353673602932,995.7587493957736,1
75.74409039055297,165.31479361018998,832.4914792516095,632.7855159856847,80.39815091323166,144.45677882158026,41.990316599522345,266.014672481952,775.1712619841344,574.0436819456078,996.3574802988711,561.3720184797156,562.0512180161886,28.39180167072286,373.1531132084585,138.546216788196,356.65462112810053,465.6060320149258,347.25501038807704,966.8479293571053,1
556.6416663031769,298.48128052496725,108.99625860032901,66.8616359267894,828.0088332924714,650.387832404387,189.23055701771762,990.5057961943935,912.8761053310474,131.8281051243736,438.29446878036583,676.4754933910609,370.9702035166972,32.11969464476627,552.9854422246832,546.8789158438682,394.1644836163958,2.0060300673193643,925.8032510344083,550.2069623088155,1
760.9333012056703,971.3620817345421,85.42121400915303,709.0070417664684,170.35611400242934,728.6935226934354,950.3896710730662,889.3380516724733,861.2059838804065,863.5319560021102,549.6297790772024,244.13310124144428,845.231625084176,358.75075816167737,313.1577356626657,162.90540971292046,420.1557080569818,352.6661954488576,649.6068176538523,533.9273493236434,1
497.13806104911464,405.78473060730266,499.78452377504755,28.847689758734308,639.7056465779923,306.4709350780057,365.42557021264497,327.62238112739715,752.047172230908,293.095153171837,417.1314328952319,919.3688845093807,872.2696935103628,688.3618786566578,762.491361105524,328.7277050339454,200.9346186815808,661.8880851670381,588.1474212906863,993.4846825163553,1
207.94164045188091,628.2015597773617,553.7144484937961,948.4284248612406,105.26056582995491,378.6921953541276,417.5785296712921,53.965026170510136,879.891173491786,853.693674033096,277.33084509169834,714.6484355631926,179.77329295729194,341.69483120692024,537.8369426015493,96.46111137946323,670.1456494123581,60.27218370301013,376.91352879992866,127.79519006383411,1
707.2713697127045,878.4289640321192,119.9368223651237,615.7731856210827,360.50709993306754,723.6531215699061,285.545472512687,512.4529429100264,987.2061730222647,919.5846252581912,640.1386263054338,486.07781004281924,907.3378471324087,41.79588070795337,641.8411131036289,350.63330049470363,337.8723669496182,502.4499944301952,879.9123866556124,897.8042113916727,1
952.6546429941959,569.8061422131311,430.8614433000254,451.4863575887829,831.4530428268121,13.601194524936577,897.0498069261629,308.3866412696502,210.06449684586016,696.0983766353695,252.6278093356632,157.30810037750865,258.51648529788963,456.7804723911277,25.427332049612783,478.63933712316043,9.286358898177639,157.33727042389646,707.0514406475355,147.3020695969971,1
412.74281684095104,780.5428929290024,852.6886473700964,414.891792712602,781.7612736946538,884.8676895383454,440.6311141705651,407.5386988275276,280.1569227160131,558.6283174971719,597.3211413849286,977.1184229851626,312.79434284127626,754.7391354137887,959.3850848236578,844.3870858705432,394.3609561652751,463.66039843356276,746.5580168152944,255.96430483090725,1
385.694050255681,719.0126010087463,553.3449135106001,207.60715772453452,127.50220953993818,563.233909207974,670.3000109471462,498.1914060910406,153.66811480894305,983.5449080570984,937.6779363022177,883.1816112483752,517.495230933427,687.286694100049,755.9755937152028,385.63418820596064,561.0992803533101,623.5267198831593,173.2157837580154,256.1217767714878,1
260.25787435287884,754.0236388356016,183.4003774090307,898.0175316865231,456.4058549641249,818.982655068253,768.0617523570863,820.6565257829333,899.8475380145366,167.77777994967335,76.70493397471934,60.24884928450558,660.4628006063976,771.7135693839757,215.54177597211822,350.88329114489903,12.627236920170649,481.4034951074724,426.43803710118533,576.4792656578213,1
541.3622887712556,390.54408068665657,42.73522392615092,617.0690539863308,627.7544141446864,124.22305304754721,66.8374054176435,268.8305502138262,451.0659661752181,318.49473981306585,901.4910354398223,190.42092382385988,863.4819938495215,232.55813584612372,855.4804582916249,763.568273058175,335.0539427489111,623.885798834373,7.844831483627357,23.86092083240243,1
975.834373458175,50.92706455789675,715.6892361962011,453.1663629590127,309.3048978775387,27.829738221268553,549.3289672714646,991.621824230113,12.290820012815452,549.1201463566623,576.3823227548606,843.7950722733277,667.7045328154919,400.9227776715324,860.9189468049176,740.4778490637191,796.592433559384,873.5060485122267,880.6491839312534,270.32980820563745,0
125.64558515955171,287.74401340845225,487.4053492515545,792.9819803475049,452.0810190301187,742.4158757286862,189.58227916771654,800.0585690685707,63.890440101929016,51.5114562342599,920.7496785562574,735.2931030546207,139.64764026570685,581.699232271703,991.0579870044666,290.72851703974777,236.81185639865953,800.4707151661274,169.4285197354367,800.4272406752518,1
919.421161511673,518.2870571693816,325.4433960451519,208.46844703634483,996.089317221245,10.669894994055129,15.157766042183884,48.46967500720767,287.5671890117193,708.1837392688552,51.18794513146763,231.69104285363719,497.5842158128043,937.8687249896852,669.6190215489576,983.7599120752598,936.1718685111529,691.9657887840202,246.89202056797433,998.7807942481955,0
72.3627261332066,839.1130809527403,798.5643969356247,500.6561011376579,845.7551852166914,469.67245820526114,513.9653509164445,527.3928025123074,133.95874421184374,645.4130104492361,376.86223670720585,259.4198254165164,885.4760031591433,798.7808895608931,618.9763839441326,640.9188506113939,822.7651924562352,736.9010946077415,13.017492090872773,889.939870320156,0
848.3186993750838,490.6442789677026,559.8335178140253,722.0096687551054,147.09091655766494,338.8035505316239,403.4888558799648,645.7122802278427,182.71078313041144,202.8512969115044,384.418574230348,794.2942970025771,723.184390113515,858.1532101250926,887.6108397049454,798.9181380714842,571.159446130987,814.2993376710197,953.0648639082315,27.713853262243624,0
439.83181680455095,699.727266820538,153.75910753525767,914.7667722359355,805.8880120026995,496.1233724050187,579.970684150383,29.608325868213935,176.28691542671905,139.53849173435884,366.9586342918822,989.6762172915048,113.50893671661998,193.40956359909978,339.12092549538573,573.8338355412486,966.866524800858,147.9285648163655,472.74836139866363,540.4905361608163,1
91.1408650130957,561.3628353692824,958.1835954622156,106.00889930184354,712.8768182148954,740.259762174908,665.5856979149128,345.729490248056,281.9596367333035,925.5962753341215,424.19309414026776,289.20139539827693,337.083098214605,654.1078024610019,639.5177105354802,401.6260167595905,127.08496617230813,939.1032968244249,294.7717085619428,710.639006550305,0
959.1340115835048,818.4399626938398,872.846108241692,211.3556353038637,258.292531806952,929.4453101571729,280.70870879306165,798.7118221963,793.9379600943728,65.11359622844104,118.22634246086439,831.4059156729421,335.19136585838515,47.55587695756458,877.9782834021667,48.85603518801229,893.4825691657733,73.54395800838398,634.2608775150071,788.9580028594066,1
13.436052713533764,519.0283726729737,760.9067268637452,443.421940268637,302.1725095166782,375.7345064793525,648.5109211397908,488.1094512509599,894.459598040075,731.9492307430955,582.9538387593126,833.6840534373492,570.7756518438013,752.315537749848,109.29048641172479,120.2205236016014,147.9474481559394,587.8252958313932,903.0082722031834,240.07803327724952,1
592.3453689567405,465.0355447244774,681.4760639007692,720.3762891498461,739.0491037891946,180.87534215536883,441.74940816321663,628.8914148888551,130.41400549142412,621.8147177255144,694.0622361600604,644.4119465265204,154.65281201185522,99.21832702520838,310.850335581053,74.16024763052098,739.9440477910381,708.6765397474519,174.0474387177503,919.2306169339881,0
322.89288168383735,220.47636325702325,900.5687196078871,346.1040928603698,576.0392676245,104.91396127395414,797.7140228218123,909.1930654457243,811.2347107157084,923.8277381935718,966.0025505240919,457.86321976090017,392.7724871739684,489.1779158229478,777.322821920186,847.5704818917127,673.212460827993,147.18702877433165,124.48375712162829,805.7694756274146,1
330.5841636741446,714.8402327288028,758.8529788821356,496.0946554763014,124.85563489997087,46.65675613432041,423.3519428674074,6.832417377069078,358.47417517992966,416.8786280609414,316.7673141826891,304.82458574787785,316.69476682409083,86.07245354554306,511.44148128083367,233.45172711858564,267.6327921573144,898.8589084788061,224.56995483954088,497.8167658210829,0
859.0293359186087,621.1592883334739,905.6195863151901,725.9456508208648,438.1704108229857,602.3910081979383,905.179040687397,617.730788357937,201.48742270979602,481.6636011737037,4.492760144140906,577.8659194978144,854.7220070207164,89.1111563057403,26.878979747056775,826.2696347321806,599.37908736068,416.72648915973195,426.5486976054357,545.1882180477724,0
705.9040952818636,526.7432637227997,179.04776441587367,73.27711353032707,611.2017038840528,858.5483483727143,434.32543088820705,798.2674213222059,747.2491908613463,112.9682250703845,975.8742341833297,931.6251264267322,500.57489955557367,33.7502782377882,721.0551173308578,875.9528228851328,843.923668663335,177.95025890813653,624.3697287136522,106.66360917551843,1
878.2979681172891,693.148482136577,953.1436036589879,839.9977395502212,940.1729891730178,152.93364516866936,678.5558720453437,40.79328278350547,379.41946923691785,802.4803615190573,136.1089207443008,16.072116435102757,659.3838389980739,973.7187540454687,126.1101711239786,410.31322520905866,672.5916528254683,321.7482967314582,836.7155828008634,178.471422560997,0
321.0092321046366,206.6815549802864,596.2209347424351,5.279596627511762,331.0395534610132,808.0168051250345,427.8478730121086,434.7988062215157,531.0380973829832,880.2579444401334,27.610106010483527,511.7353400242504,464.9383832637299,399.200210192693,349.7389846352852,596.3103928024656,732.6307706737972,864.4054102617646,955.3113302523657,403.22658215679365,0
421.58483989801766,93.6914762511265,480.119342472191,447.70479033171216,20.048557465350946,887.4173733988744,723.9057625908488,334.37096934259193,43.44388240001007,770.7076467004421,88.44068247161185,605.1931752620519,680.4877616807846,157.96288838030102,813.7164177554964,920.3859491517356,114.21827812394258,52.25395602890415,873.4414796532456,511.26608433479703,1
382.53399472641615,139.4463511157893,73.70385302450744,315.15245816691674,456.305401227851,351.3106467533896,957.3980097079406,858.8896654673778,219.46750902302315,945.4627164550014,788.0906502235007,506.5964602734677,440.75385823360045,146.74800503095463,622.857308275334,48.47111957627048,659.2295590303934,956.6649551036215,137.9374475719173,496.9382329104276,0
225.93265192091516,705.2590439700715,766.2639374897576,907.7457626449707,581.8831355039969,146.18345640165765,256.4687724964325,160.34949323772773,679.1439239560007,864.0357681043353,713.9907089039881,996.6883754713086,430.40941937434707,5.498832331483072,251.30853882870775,195.6936028102527,633.2001535010323,666.9277515009921,730.8349702519508,366.1307685427365,0
23.463178650634518,909.1677982774048,612.0685069108698,700.3464555393188,136.63401177601875,622.6918856624835,223.4615672214646,454.8112756492586,592.9327007877476,682.1300462266237,59.33148011897194,754.6466446082117,269.36913830230844,30.718626919843505,54.225707599488636,815.1324624994228,324.2993677125179,387.833441698297,556.948774103979,635.0097068422787,1
232.50580118196507,876.0594159878472,990.6182595219525,473.3816285881197,268.10938782489336,919.7253420665559,756.7929948488442,567.536332770572,780.260998535139,436.86129128417485,588.1382250708203,701.3468904431362,267.85584801274507,273.5209743394771,335.26177796460763,358.25718934321503,918.6789020081185,516.3184036759122,616.1120927192833,886.5587724769492,0
275.9582316147018,688.1055078589582,208.6863072572931,468.83497191719914,179.62980096680624,259.16050442837854,612.6290929836993,398.01411327056826,724.8102271528804,984.4506503218336,716.3021667725574,613.1607766640452,202.8959320280882,393.9758518361027,847.9035839514639,122.07794937966388,964.9480806137841,467.5120307148922,982.9710775175927,841.1202090149831,1
960.0752261597773,26.974550286254395,768.7909322621165,113.7617779557234,378.38839042946523,807.9529542001405,888.7929549033071,294.1283270151213,148.67859216768596,488.4477189487624,991.4684201213347,314.95262575224115,293.88325840215776,880.2873533770464,692.5550303745324,155.68865678659506,739.10029273834,156.7529621259297,864.0990779671475,737.5840017812405,1
825.2820101427624,802.4779293871906,924.8102191375003,401.651186156623,295.87290792129386,362.03132581092,116.51038288700765,420.8417857855068,245.6592642026113,764.145725423034,289.51567662209686,841.0005337244733,672.742257930597,711.6106120234792,32.67407951131496,895.9013112699583,802.0696523822103,454.7366206971958,420.7760182253828,354.45625807771654,0
650.7189514408366,985.218674507356,414.6123698244247,567.1737789853107,740.1775813360919,831.7674898862023,67.67447330447563,544.9366198681215,385.3860616899083,843.5120973200432,885.3764143333196,363.94741657085495,806.1546878744949,283.79391450651013,282.4393007031535,960.9910717163167,725.2778412152238,408.4809949894067,774.4676212409527,115.31043523451889,1
148.2259912564755,929.2195082526383,989.2225693115013,401.9148832589008,280.945480556872,919.2007527862315,978.1666729340674,769.9465293103273,271.5584711661764,689.106763349698,102.02629712960798,92.13185699978187,945.0937949617133,443.1568719557463,905.1381645728104,886.6785726080573,490.38551017526675,835.09108908993,111.47100903843643,12.206907832428726,0
401.6135182456338,977.6273133478759,564.5167139138956,202.8238146330289,84.72391573239746,818.4754263079301,495.2770673030458,634.3508467687304,710.973866700331,101.9566814799313,353.04051438136577,85.05841453950558,935.2992427371918,525.8000749079245,958.6611676439419,536.2490701654643,445.86982620041005,587.8682406765855,596.9211982191656,587.1270183155547,1
440.61586341013606,177.10111733668631,703.745725024256,454.28084697267036,156.87764211112088,685.5008254070519,970.092485253744,559.3258922732336,403.0579260584163,681.0020262088633,807.0175299165506,45.16914236043479,730.3668779237985,142.72836796547261,293.3086330160688,349.93319151649183,537.0554169534629,127.34257245919144,329.54404970140473,505.6883194928875,1
75.56227494969225,942.6480404080229,858.2435725997912,559.130012304766,361.3216467078605,714.3722969064211,810.6567767529872,661.7537344209434,174.82511104364394,172.68193501143847,567.1949975828066,166.87129034692626,712.8972807847654,174.119535067621,373.87127290636437,638.1811441105499,180.19340201692302,230.49666499021947,968.4442546326723,400.1920823920249,1
678.4011517919037,533.7480468832692,708.4800713872359,217.7448652131486,869.5427083168117,657.9498077808269,308.3041674345017,299.0259157632753,303.0132030363476,502.67373819988825,745.2428886242949,552.701265586514,847.6827804258941,851.0081676102669,263.13297323875463,188.43527703450357,511.8431834349011,254.1788356258825,647.3789961314121,962.8543244469005,1
315.3729141528323,499.2725005027567,236.0326514597333,556.2216683048235,418.94592541326915,266.7444541176428,511.84851065365086,95.89783082486503,613.589603916759,138.25809812103128,298.67176116375884,451.26225931892304,131.20160122972547,902.263027965477,152.63486154420136,786.6005063811537,965.0294253223954,751.6339627888934,85.39557631412976,970.7846437548101,1
212.36551427003147,226.63841610788117,488.63350919565295,718.2076452602721,118.05705756947738,67.79523732181403,976.1170422365532,540.0558751936404,784.1417955486222,278.5182862123597,730.3772575918018,939.1271677549728,232.70704174542846,602.0977824515331,533.6483736072138,14.277126436885279,296.57039712133894,212.3581587193263,890.9990563246524,217.67800838033503,1
515.2893688991568,743.59649802308,765.7175089410665,592.0032064199648,470.0619853007532,656.3285397462347,545.4623198166365,863.7840755057064,560.6011584136337,382.17531375697513,894.4750742962194,395.6441606580173,301.8895650439044,970.4516602375538,452.90484799981357,548.8256147890748,171.99498267362267,14.248987060904494,248.50318496425461,547.6671148134087,1
444.20895705742356,968.2252137824512,475.31870175680524,853.7460861778125,681.0071561039857,966.2650236626155,858.7134843724069,367.418370916557,574.9201714035452,117.4865230442933,283.45897571788583,217.73963238713833,714.1713198015799,657.9604184084666,292.3160321370905,382.28847367500293,847.9356867191252,146.34176411779208,522.2955876825519,166.2379166949053,1
768.1413111949596,711.8345615704247,863.194718731384,58.376405489070635,959.3372029797055,552.5052257036359,557.952456369462,368.6269354501638,707.5455906125477,940.6786998548307,911.6320082119761,333.3743767314572,387.8080396975351,371.2780066777077,982.6887326994188,84.16310109407176,777.3227848607734,769.6878481308254,41.62547155896967,369.46519672643893,0
254.87233116804765,857.3721274640889,107.30357197335849,251.96582224359176,700.4935476637205,12.30220594369591,627.3683154262648,392.63588891084436,586.0044554040593,19.147505737437065,256.43397077628117,74.19052812127846,283.7151342788462,525.5809214608555,365.8746148003124,664.7893670022039,444.3272971993677,613.0072105487537,602.1226165117736,874.1382357952975,1
118.82523596551076,300.05888009776413,382.8220704048819,676.1392230540872,263.0609649180309,455.9292743154574,51.028416317299154,739.943776549965,323.4229416884541,237.06637187093426,738.6746426013914,855.6319077047666,883.1038695743258,236.0435995138397,117.03629272548288,501.5734426141489,659.7726157557495,572.7956587864019,326.93271239466935,403.38015076988654,1
591.4070503681199,537.8516852380526,821.0852849110443,840.0893150363199,144.1224641272012,275.48469486477745,843.6129448047935,12.937841000188799,154.0462884851994,744.8468117047643,853.8110284982968,190.90727804669328,134.64000098562556,725.4520725240025,405.38717250445166,687.6781295898885,952.9929048243857,855.8065729958524,731.9550992674663,356.88563357982474,0
132.41395020279768,700.4014837995317,51.20338124774282,618.3855338110019,592.7403076205904,828.6091684531527,919.6074284813748,324.30840535445003,943.6348281317782,647.9966509148653,460.4937103147618,327.985698599622,425.5990956000164,238.6742883522659,364.4715356654837,225.43037416883692,345.55670570137465,624.2442754436813,363.7589681913523,745.3438300588014,1
684.8950977309884,50.99868432152932,387.7052363256218,489.0540792230068,515.8720728554326,326.0244872927205,454.6997657838575,44.034885461644244,350.5140412730662,974.1324564627652,288.0241551147381,327.98078943377686,366.38888917190326,405.1568076629878,306.73391216330805,741.4356525060359,982.2260025208706,727.5420021607922,502.97227641317124,227.7484389353228,0
199.35819792486063,280.1198544997192,159.49315169504663,711.2536093599557,35.930003950165656,632.5708857274406,525.8941000195987,206.58220787138282,63.17823247785515,855.8030806427915,415.94234291227116,575.670331733577,795.6410107789884,467.3633070628985,939.0233870065048,906.7759311342111,768.2983388611004,405.08165379792507,644.2124197748467,194.53655662773406,1
588.7157774631102,7.868194537674178,171.70679145753908,784.025245957343,95.6132406961937,235.2735794716414,765.5756988747652,259.1285824502155,18.240595070902586,712.8636961552769,114.53028672354904,74.62376671914383,425.31042122578424,182.82703913693643,134.92495699692765,735.5015485749459,154.7058345363609,111.58749063511874,309.4891559411479,92.8700606888988,1
258.91536570209183,43.68296857222364,699.3877888987224,500.0866496038561,712.3747775427869,131.1750530249468,818.3944663009306,22.82648701559731,266.4455542570809,265.45603264973516,137.9464674864831,356.8116966478567,843.3193966999315,598.7809704483069,547.8994085732071,848.9905301609217,296.78054019715614,647.6281544717788,671.023508391519,959.0828732066659,1
553.4892525696026,746.6038234598516,195.1034430172408,21.886428737056484,704.0173932123407,146.99566755106875,868.0482228314366,841.2656859689537,825.3682842649787,471.7985877877255,582.0412922728686,617.3698151404105,825.8546353543,294.02731390649916,883.6782698585613,68.35027240125868,871.6490261515991,807.7496660041867,217.47543432248705,436.5966372345643,0
704.6581302410008,148.44583480724472,312.2848749962603,572.4627190570586,712.5179508643023,664.1252162017792,892.7456054810783,788.1835514855936,166.2041664223891,798.3207428867181,647.8164796124018,45.606893956210534,281.2424139108194,986.5277576106015,19.257089553049834,175.09400396379127,742.9553840941254,377.78482557616144,293.2482285771908,883.28145494211,1
995.2052287953903,972.4907463976505,614.8610706461295,586.3246101663825,255.38179747886457,782.4842338960749,144.99749638918945,601.217297053094,102.79145567314274,767.0277641913946,216.81683097388938,634.8025521985631,236.28007189015764,27.314160432642897,280.3275823537575,713.1750593475008,682.9014986341306,980.3781006112016,31.624433124049833,610.9229329281144,0
521.7346490727974,376.05195660854105,895.2956306101482,875.282949564446,69.68614056817768,11.608748859750605,346.64327367720114,54.34085495073293,204.79316997256848,870.2279324378823,933.2063759884977,723.6483889360449,222.89807031327547,447.03719040324097,201.85506509583163,579.5859831785957,341.5634896159504,613.1293152988561,680.2276592407335,487.76484748795144,0
734.6584665327956,963.4446796981197,657.9709075275453,75.81041854488568,121.58783089466529,87.95569603463981,706.7367487912943,576.9700425579609,853.5231189006452,862.9522859426143,97.089644009143,893.5294481120526,455.5219648852439,382.06348048812345,462.84394728138875,97.86329300714536,573.6854457927146,334.0841484938286,345.03662989929495,479.6165597791611,1
940.2865292374443,568.017313831099,537.9257772097623,908.5370524700767,215.29632691928447,415.142784523463,369.8892149763359,732.5350348359339,209.6941891089137,548.3229440966539,247.3102418219647,701.0546762640357,98.1837853346974,929.3645188029676,203.62380716253682,449.2088178735436,486.7805636846643,988.6964122902576,482.435339174343,975.9819366840969,0
319.18592525921554,880.194525001341,935.7451734735512,978.8585998220443,429.21811409620705,660.3127502730605,379.7761845306199,999.7801024121138,796.9223846270168,522.1590385636747,147.981616793997,924.614691756285,276.1918056570729,721.5486583107604,518.526318420261,703.3312693585666,971.0136263504997,529.4072192625639,847.0117135410693,717.082027065903,0
332.5177557521749,528.8114556335254,680.6271569299153,650.6231233874602,2.55309744623744,959.0200582250031,608.3180403157631,191.35210505965628,442.2961126418643,282.879890825278,261.9935518170229,764.6049284037524,516.3109333569304,859.7880774209063,460.36463289189675,889.87691187423,815.7760064303515,571.4404199771429,674.9735207100896,843.7314881340009,1
559.0628256409393,124.09717032261902,695.9511334205419,741.2339510241926,555.1099919914294,458.3346206671659,288.01889443458737,94.2051910395355,535.9740477184702,673.3074965389251,95.80770665105354,863.2519218850102,974.9971305079238,718.3017748445977,143.93780162712278,907.1776718326342,327.8357187099906,78.66332746111415,307.33483191070366,423.5901214754317,1
325.7117781576463,346.16936820714204,911.5499539711043,207.64722331830632,949.4196646046378,628.8075098676765,776.3004438859191,956.2808286168737,411.8985143087255,306.07181487865256,69.25970233712275,250.42488712192258,427.90281429211865,947.7722409648638,363.5156689163729,739.4055365921802,590.8600014830628,294.4299932501464,813.7437691193195,151.58247533557778,1
457.0647934927613,85.8014950763376,516.9821071141275,757.9673162315595,941.9965003373843,67.1117979299104,631.9032708343943,235.8859005426257,418.01221378578765,172.07387683920527,97.991846835921,516.6756540371479,782.129455191918,823.7148416669909,81.42860967757382,733.0099205267982,664.3704680180502,424.1280840385795,39.22783753282477,184.10514515396193,1
360.33560414307755,671.0523321734792,401.21904490246794,153.55220816191772,53.60851186801363,561.8088767727527,212.26341157430673,649.9474236435587,310.7532552360558,667.0075509527479,765.2387967818701,488.56726847236297,786.0715248506328,403.8837862627134,500.9697804522373,742.7474154471911,857.2727578293602,275.11020614681934,580.0794889252593,862.7690033766569,1
462.5726774195167,965.8638623268877,991.3702442785873,462.0241862295377,416.94647169258405,438.4378639012437,893.5231688208959,314.80409718190185,991.1814499731564,682.4044351138654,908.6151362096228,298.52795858516146,208.89975957962847,835.3649009531152,623.1554652030975,613.0052415843026,221.65914905533114,269.3291995783147,928.6864758857174,898.6554047759707,1
787.5682112423681,220.6788983828357,397.65245108945845,928.7460753893392,427.0065120734613,748.7462047328341,96.54882151920997,620.2393366636218,715.6044747064316,647.164660384253,732.5797574321505,293.88881582647286,526.756141405948,469.3071119038881,237.53548561332306,108.6383448262701,930.0506865498647,504.72876887387065,318.63909399095826,167.08711169969726,1
841.7634713586749,187.61099524754633,540.6814710954513,524.2602287499014,490.27730764332546,418.91508359376706,301.5183876331008,658.3326272017863,729.8870809048121,629.0263417292585,284.9483137593185,631.0781418696698,313.9405022740308,964.9143042572334,195.11062773417777,395.27442975615577,43.17116838685908,790.8352531924081,611.4605506761591,780.4806419221816,0
555.7940312975461,620.5715174222254,485.4422959725182,420.37059733170537,79.96696138215465,970.0473170041976,569.673660156835,212.72631941040765,940.4057027964164,594.4703461507602,801.7437897415508,538.0730422296431,329.95641879919935,288.87870948128193,710.8998020336243,814.9517005803311,711.53739662741,983.6525569252491,841.6676843186025,793.5086591351708,0
535.1712880002202,40.71445596319578,153.68488737241137,399.6605745183067,624.1748408339274,25.52722424759557,823.2386033314618,654.158021652931,903.5693430686537,78.6850312794677,816.1982771620474,220.06831686567784,99.00516792708281,601.8990421268572,76.89083784233452,162.7432059513506,164.28561202144297,302.7714717286212,103.50483151215306,342.94176122529086,1
375.56928779846777,385.12812275157813,29.48675684929325,557.2279888265136,382.3926392511738,161.58687095636824,427.3043934404498,420.6343063467358,151.93631490188864,394.8037592906499,723.5114135986119,876.4464199990482,146.40264291433047,150.09446128073512,231.85734285800763,378.38402001755856,273.0021739995371,830.1660280290998,450.191099125385,449.67742188097304,1
555.6310668623958,81.7249832161776,109.5171593604336,741.5625168034048,532.3943896174078,413.6515386955869,124.75577193419207,180.63938930612278,498.3614828350362,734.7515393817616,213.99522879812682,4.544507466199832,68.75307854180058,834.0313350720804,125.71786048166112,929.5498301080012,228.81201876258427,210.13037385161127,739.922155649061,59.30364300959512,1
831.2506717593918,506.2943637879983,542.998669669754,381.4385135036765,613.8204504681568,116.54518231081646,960.4962309285387,295.8669664127345,371.59784728569866,351.7689717458404,632.7074971575862,743.5961767268691,544.1355847618562,995.6614024814301,592.2450116827239,462.7231734497225,334.22638218794486,160.24152979133476,682.4598684616599,138.7152795788057,1
870.7033937342767,515.259098594449,427.7774190462007,589.3965094328825,985.3664310406496,185.61070258367985,212.61686854384388,986.3856334302973,914.7030029904429,153.06798276054346,883.3085601382887,767.2279768215589,877.625126466207,787.9009382625395,25.791493767555295,717.8949457495871,527.8159512738546,806.9085151601961,664.5551378619153,166.78167477530047,0
607.902974638156,665.4175716258252,712.2852533880643,418.1065010748907,154.75698046652653,804.5889347255205,679.1258469720278,821.5982004298698,439.16349736366436,342.185391440994,109.61947917282777,546.3720045590701,291.98601098744615,563.5573003147651,14.31488201653286,833.9975922778577,825.4307353633662,211.55024496792942,825.5215216290089,485.21938153997013,1
601.8232839066635,291.2420591551681,658.9608787065755,599.9413146860359,85.2167253903644,71.08407268401784,491.27056090950106,200.56144986921643,129.34625708656878,895.4897670640303,980.8629856734473,791.2298569516685,63.416633522876296,506.84269828378467,929.999226226747,845.0495613267941,40.07331901222777,413.1717409088996,752.643358262687,295.6960864377982,1
322.78427172258205,159.74168799751698,782.938930304877,324.7912913671996,287.5237608271898,17.261303034260767,990.2199530271693,794.0998994604781,800.6718742802109,126.20247709589782,679.7785508362751,399.083238525704,565.719341129856,186.54229167273073,65.75515852243396,545.889615417071,930.9780018836557,980.2765639582931,34.98712312238872,835.6072914837106,0
244.63755848915736,568.834443099841,489.2721218238327,616.1355693069938,358.568592283522,643.3464864174671,515.3965951335584,524.1046945693087,190.2624564270645,474.98879161909133,489.6746869641546,435.8432026750355,185.89266525930225,315.3003243412923,732.9711045489574,749.3250756963713,836.8967661444124,116.35940682629354,6.462366895236382,274.98991895185264,1
921.1400940689355,545.4276278491465,394.0552946625808,404.30036390451585,860.8943866447883,419.0468655910323,485.0195912148477,558.5112514992113,553.4857789311528,807.1829734033053,256.30125665978363,36.936400983014764,80.9646143067122,519.1329620118263,826.2548659782004,771.389950142478,259.7415800454281,936.1859211584862,420.1474939503569,389.1937515497611,0
699.70768203759,281.7094719224506,817.7439676145577,646.1754767728462,17.927273940106957,362.42233917408197,140.27851643220757,920.5201834508281,854.3393080660256,388.2656693578003,973.9186998837843,78.64659802162765,243.67094037275828,313.62811012049417,216.1883678196591,527.4448414312502,543.4274291128538,269.6607458690832,20.76985584622615,649.4013962830726,1
479.922226010045,779.7395553033385,793.0535646467808,903.7020754843276,539.8784073263903,620.0098691585644,682.9078922350841,430.3069329679381,572.0859355630101,401.00707978514527,614.2876630618694,845.3939852113159,964.1148885855815,715.6138502267886,650.3876851387885,310.77200127269475,407.92005372756455,732.5061936341937,331.9142737305105,846.3178448954359,0
606.9392508875065,90.53786161649302,517.2233999336947,553.618592733218,924.0329758672245,329.5738999842842,231.00627010165263,117.54471318970327,934.4895565159363,822.9129225870693,743.9054657747192,928.0031107630699,835.0988092331839,277.5235046192953,814.728137539191,220.5595344280471,103.80273285605001,263.14324818036505,470.1415334704957,393.31371795920813,1
562.7730176978876,158.26440763875803,908.5993715555969,285.61976621046546,826.8202450537984,899.4709368555355,939.8925341741044,979.8477355439545,380.3684235811214,11.08087806433089,453.7679742141727,33.35759882486755,927.1031758294342,350.655453574263,870.6003191117544,623.6800983210916,291.09156079348844,912.6016523394813,275.65979176181156,337.51951580931717,0
811.4164609351443,347.62771236584655,100.89590436418105,371.5436415169545,399.47124692739357,235.25985960641748,220.35210742187016,782.2312362207545,294.73283776740845,862.3533673133278,176.26650936221168,404.21480331001345,376.57976152113946,264.51865982614896,34.58281950175734,758.5842427444975,610.0314080075855,713.249337373865,227.50047559442643,690.335738248295,1
124.7938207206476,450.3925339525904,401.56234085811946,237.12257020080386,114.50229937343903,312.1847774109426,312.336163592437,988.6464648841949,502.8330433510952,926.7767751771383,307.4045610197081,39.10885948192488,819.3648098153535,464.8625904513177,482.9793306835336,264.54268667791905,697.9231222244712,545.908926759403,891.3046010243719,77.82188716363491,1
14.700843413551269,135.41865238098072,609.9062169226806,210.48767257857648,963.2399064964985,490.75770446670964,293.8540109567316,544.9632904294283,158.77120092794962,235.6652340885742,651.8549213364641,997.3917882554244,547.8243910203547,726.702496890758,191.65575189023286,128.5473743214176,362.26126946459556,681.9722684731466,971.9033172030189,412.3093243182595,1
663.1616269871031,912.3729031016724,296.6020034585004,176.82550394873297,350.72915672525573,560.7115808219878,817.9239429640277,692.0988137316002,337.2419735928368,649.3692559160942,507.8748052733203,3.18754873173821,173.08731401221124,431.45609848451846,628.0687251997351,740.5171100713469,0.3241745512002625,266.3238011099451,221.46690134529013,541.7724380350863,1
260.51731822214094,139.37756386203526,615.50106506997,397.3872881352798,892.1640021858178,63.82125770948832,796.432272133854,570.9518182347541,810.1465978512275,157.88154163579892,238.06502109202276,718.1596587182895,796.2042700888528,367.9169520815432,388.68452232318793,136.184894416169,639.0863663392226,84.62128759745968,900.0297019454944,155.60000532396268,1
421.4361796552724,648.9706909268693,648.4143628889717,18.471247180149476,519.4956150267393,863.9433592824671,51.71782832618565,809.1869675474866,123.1669663897459,100.05309628146175,284.49908862909103,466.56721632394584,927.8996472694149,593.5094265026825,794.1398145032705,203.7739226539331,335.9367354381865,704.0451561918435,858.77555724295,795.2737320821766,0
71.59647285476834,26.13466759997518,616.2964651361315,658.6139154767158,55.33390601528132,952.7628874081217,374.55451707867707,602.7941210428768,878.5367856654717,92.98852923593925,469.7445892956318,577.6820057757179,721.3854525421816,989.5729277850778,866.308182419653,551.1488835315761,529.0097232612549,980.9338315299568,177.34128458501186,793.8507703418089,0
133.7127838685064,345.2829484183089,547.1599590397191,55.2771188664658,993.4258004454413,629.6282671348282,524.6826288288784,292.14010952530924,250.38587216208708,626.5105036728395,268.89537245217343,166.56086465961027,440.6772261091454,230.56473924468034,489.08919566232356,906.6592255156415,847.8704694089324,875.9946367308044,818.8350896070257,359.8057720029942,0
907.2092132982748,558.2289329153093,42.1323999010439,601.4736293556007,793.7514901779273,160.0542674178934,78.66741239276753,910.1530505128694,962.0526694871046,534.3656075773793,966.0269879406572,645.9065727491623,501.6990237093658,689.1417360668751,501.4494986148702,429.424249224022,390.17763558724084,899.5123083272515,188.6205566915703,426.406854759276,0
786.7775660249553,322.29101969270425,597.3441096768732,11.00160922933091,763.4312139579012,868.6007267068679,79.26597520215562,302.30480357962006,737.9347878297068,773.0164778323931,334.0597241996529,110.50645046467045,993.4141078840736,559.2945600411157,374.9686051453951,338.63951734166045,420.116307857745,131.27405303321103,491.7643634467296,846.0397039809084,1
916.8203549630755,96.37045032177316,81.4896582231135,156.6449997112288,298.399486842172,160.64830268376085,904.9995381201063,965.5446678649112,756.5882148615436,740.5745033260275,72.08252541235416,487.4966576772591,147.95615448184495,460.851895792322,345.0784306314355,100.87006297379719,747.486416598316,873.3484493831292,419.24132009226355,208.59348082654927,0
519.9211298440669,776.4444174056085,806.5942951402732,807.056948592785,263.9455436523401,836.8895519156163,391.8181242505602,457.77716222490017,906.5133630131811,557.7003715927691,254.21504604892343,79.34641249578367,437.1819702983912,449.0336703126693,670.98983012227,399.0083275303047,451.00711490309095,242.17218271418605,988.5983774990534,702.1281507396311,1
166.95129577026015,578.2806877894707,759.3764675594334,951.4762649984489,291.90054276341806,6.168092174553275,6.354590917423963,866.5629227173453,688.5669620015216,364.45229326683346,686.1085614985135,287.9278603031621,299.67925700465804,160.53667999325071,783.3568243086464,864.8917981202036,198.24413434660093,153.01418005532065,289.992385789831,120.46074596648748,1
550.6165726105789,661.863786982051,859.9650975437042,984.464537859104,751.6565704663386,249.55260161462712,152.62837029145084,215.66229606817677,188.34765104586515,724.0849156143898,158.1773778850326,881.5456503495199,944.0787630776878,488.8546080709156,382.3131613654247,767.3312020992715,913.5229833001459,665.2172243571067,41.78351283437265,669.4992668760626,0
559.6466791084123,563.6329533537993,263.1064556057189,495.05922419156553,211.3625468381125,198.33373173048895,636.2489395355752,552.7254373352297,322.25545270131175,732.5270490700709,481.61943889286727,172.20438750390687,350.47576584374997,195.23803085475956,663.867161040955,590.7186714828397,393.28043210624173,141.9818914230604,187.18103959228128,912.5465411589847,1
645.697652893334,566.0908800030594,815.8397045578884,555.2807237916156,449.9985602247455,399.6557853633311,559.9936647688229,300.1123036544592,108.99685456817309,576.8147405877537,175.16313587930966,611.0025136728099,996.0139042660004,447.2123617909464,809.2874804681417,297.8970006997451,745.5128442726409,943.1992897471418,177.15219639183266,393.74801688461525,0
575.1781707872206,341.9678284948159,258.0896559945729,163.13145653099804,732.3399674743508,558.6311891695585,900.5933515951136,699.5306189393367,15.064961983521808,20.96981171243828,458.1535782288697,302.11273054647745,170.92168309079392,881.4058807391325,222.29496528340587,795.9576043689501,799.0967334194506,15.016013473367117,193.6769633035198,204.65684092150516,1
878.0869766051443,319.1059257082844,334.2073681731736,761.0813720479206,101.15392025020908,774.2008406876655,490.28672240538197,879.3098773542483,656.2356309843377,127.9277340920909,113.32278599219492,1.0990336970907455,566.5664308565613,640.5547900450657,474.8513443355905,720.4647054619313,854.7879926368695,745.6524952515595,856.5645441690855,249.8232011371352,0
460.0036655733415,305.3359262585662,262.30170441885457,583.4457106518977,916.0885428124259,27.120972453796078,521.7258199025202,521.2196799395463,82.70770495098678,768.3526378722082,831.6479888394907,38.219818365838655,883.2045340557896,352.3506884753692,108.86091049669832,694.9126540100507,775.2890143825986,609.3473821075797,12.36446083047782,216.16352792695193,1
553.803715356329,66.33135660627154,40.60250488929296,814.4062626964762,996.4603564543071,73.10535880829549,443.64368515243444,203.78215061373874,883.3543123826028,804.7438044676932,537.8403836808918,542.6404494964696,543.6408666961331,487.33661291212746,985.7861625886006,480.75555548792704,231.04517525427116,113.44751532857755,853.7993950639593,28.23203632866711,1
760.7154863737744,233.18057212533805,95.73496605700993,708.6100446120124,112.18633593840832,179.15792112700734,959.2167265433441,501.8670215758445,50.1110521072069,625.5773064650077,230.06714046458376,527.1816991379221,915.8230948242187,722.7815884719392,47.612557471749085,855.4897263761006,583.9666544468447,379.40917454963,381.53759931968176,999.9322951172022,1
974.4843708049643,764.5632261590291,697.0062663512881,81.8394623876505,120.25432854906337,924.8012635239304,878.5094849035956,160.8885163795486,175.5586125187668,258.512198979935,334.9508169064249,51.588028488077086,206.73226286844204,184.28517721868042,186.42882140748208,963.3229358305113,452.85802447770504,34.72974765003101,698.3279818360302,65.4349646597554,1
93.90019446302821,335.324966694759,214.1125344799626,958.5177070637757,725.753211095178,718.1220516648931,74.1871260911624,285.95941629355536,795.8127660406346,867.339133763415,223.4565810117225,16.61622913488092,32.761651817576286,823.2657454681828,459.448381063014,64.1864544977544,206.96370607808677,501.32794644437615,217.6959764954708,760.2281294288439,1
773.5171648835262,960.777216334481,685.6088739007571,459.82994966468374,208.54196955022508,508.674161544715,991.8678087405593,376.07108921839284,633.377332044864,632.1389142480718,992.4432346658693,810.6979741652967,432.0160502972389,144.92459805769508,592.9272863421131,627.1319565019287,306.75465539233005,202.79682254140386,392.6041204446544,12.695345817223203,1
98.70996658842867,450.102922611172,416.1685159666092,250.53895627725143,464.8248259314565,237.21043996636337,455.20260325983986,576.369515677361,737.9138824688112,986.2925013355322,588.6993638988091,268.5786859472119,706.2254584682745,736.6437426272505,289.33246898345146,360.97274284020034,177.75000691026233,713.9966067003584,232.8763305361481,26.67987654185211,1
577.2196598997645,3.897082128594631,98.06666094151805,416.7195622343515,364.38103070025994,238.99447527536688,195.75836749449894,507.2297294280175,89.15720475010613,689.8730504592254,955.2440877003842,909.441719639486,532.3288979627258,393.92481032838435,233.02543095477068,801.110224839782,812.0695075989589,539.9007503772785,764.9895263848925,377.64588728322457,1
239.91754375733132,607.705282093563,909.8424836490453,857.1176640771185,188.80680299383545,94.48944959496541,918.1361369535043,834.1834190906687,221.8325669951503,253.14695901448337,974.1495128522738,577.0873193933191,489.24871514713874,230.78147681109118,798.7005182571145,306.6735565263948,410.1483078989157,376.474751185382,873.2075268284244,859.3028466027148,1
140.8536148751962,538.8538677077005,567.5662159311653,72.25164727986989,35.23482773412645,413.43277997794,989.9668092670613,366.8242102589705,749.2743072365485,160.91043077877632,782.998467078072,91.33347399182124,148.55594369283875,898.7222092921127,69.19129208790298,131.91701726586925,859.0180567466502,385.7391223943095,982.2859784072026,51.408018025289046,1
663.9787222031292,403.756545553706,50.10659801673756,327.5146417353846,180.2943398099951,911.2246442977159,162.25633844330878,753.4685994387119,151.73062767354185,586.859343466945,708.5003672847798,706.3409324288473,711.4299709928839,396.7482171692869,233.13135314051337,481.3113158133251,587.0002363586715,731.33387565638,845.463447711392,205.4673749323971,1
952.214524120841,673.0147782004791,542.3939504637415,416.34402132635716,825.0584847305407,130.84416180631254,974.9905076403415,515.6234823444486,759.2346606817042,729.06927328291,154.13014999160478,561.8436717651258,926.9221376244724,752.436942042684,749.6918903406344,613.2541556470311,130.3490883848173,540.98099922716,430.5719925500907,886.0643701949339,0
649.9995631436014,685.6375223630957,369.26623205396425,545.0155368080339,852.1603333210822,116.85809041415563,190.4133428784528,974.3005111375969,674.6003385795095,67.47175556338136,72.32033278535866,462.65946224009014,520.3320320513334,341.0444675519384,395.6001750877247,54.204174547157535,561.5544469431799,542.2174698628263,974.8295638531722,287.60185297856356,1
475.3956330068179,62.31992182717639,461.93684698063043,366.9149482204662,248.17213341606626,726.3948888794771,342.17429080482066,319.99599240339836,777.5988851072206,28.865285939059014,578.7119122850636,100.47569833418501,497.4100963825393,283.2792511540337,683.0279064375276,712.7196881409278,903.051195240149,828.0761245162097,44.49302136692091,208.0578352716057,0
83.70026281581677,395.97433655441904,200.25768972914747,9.62787780436658,522.9135446981261,800.3070425326579,481.94824398089196,850.9538485571761,867.2209766215145,785.131243351211,11.89487546141721,680.8189788863957,169.44450530096887,944.5287659894495,857.1664095971472,59.911407027110954,278.14215510935026,45.286489710744114,645.620370021442,71.15486879098887,1
292.1279390431448,206.83205159120777,791.2069925920908,697.279476036225,829.621049354845,306.61456616831026,944.1682550254678,974.9959461363721,169.86530043474013,810.2524305069866,426.19304590507136,439.0262733540006,999.4154842930308,21.581558990938056,565.2164669499733,147.04610677607167,559.542440758589,694.1380911585354,128.90595784205206,742.8039649835525,0
903.204179529162,748.8769131343469,947.1930611834703,691.1287489418617,882.8819901356956,698.02237303339,962.4760799030165,756.4848982063833,522.302049512409,516.5308210173398,175.65046931043636,655.3877069212751,329.21751774069287,871.799714529087,705.7709807896161,256.2277162373745,890.2927601810654,758.1253474248637,671.700844642861,395.61540127239994,0
785.3022312068965,185.6824742906147,262.2141868454668,60.17183854750985,672.1169759134442,371.94782012886117,24.243879637683484,926.2171868280376,488.9306608240013,508.7752935118177,628.971158429412,145.0149027104911,135.09685588792496,227.66516224245902,478.5425953674922,91.67280765580799,361.6330375923903,610.7619780056906,329.54560587723813,470.8952773035913,1
208.1738934056603,959.274964344816,728.440115434552,742.9452709084742,110.98720877815116,870.669469491396,807.1500025193443,715.5088381329291,469.34483120964774,742.0172188937853,155.56053946734005,432.62768439998854,77.39629156631767,777.2671803552653,288.50996421896247,834.1986284976181,820.1455901140065,975.5835059584703,333.9153075967638,697.6738500537277,0
491.6312494527525,251.27011218391604,921.8348177559812,509.5880673655245,96.08269766034105,331.42911206915136,546.011183382604,307.2003570933097,521.893016442139,55.6752636205291,898.2957847741528,689.5008092016823,681.6067964645711,973.5518073838435,673.2656945537874,540.0022839343549,488.9691475239164,910.782651974971,890.9398909380246,532.6843894112268,0
899.2387143292648,569.6404742655341,129.25876414366988,943.3108009015326,175.26445603827923,53.8310785147067,207.56225983527276,239.29042233318555,570.1377294863668,917.3458718346812,526.6693165781027,986.9043744218491,526.7393112563719,879.3863722667796,94.17881852959509,531.398262110634,814.2674604747565,851.6563332895837,601.3062381459888,664.8847178603959,0
594.0612893857385,384.1798758531564,308.4686501735431,7.434856015600011,417.0964289234217,88.03369500747704,491.9331735847299,559.5299004657478,101.32282722008368,73.24567498343826,405.95382703826965,320.5196315277966,739.3001745753036,645.0260366476859,285.33390882332367,887.1824858199436,142.8017038035233,850.8896583600533,238.24495674576173,314.70144281373956,0
714.025530888719,904.7899785439879,719.7785319454111,596.599317063368,596.0251502737912,760.9618974617848,883.1171409777903,497.514799301335,156.10401128969698,598.5329841786336,719.6250704888569,609.166395268194,139.10822062353023,12.278745913206324,417.9765936111065,228.29057089488714,910.2888092525129,339.7364031516734,295.28447653151136,977.4920428035869,1
937.6676611326629,108.29778394126765,296.30403294929664,379.00150442759116,183.9396599986588,713.0312369157672,285.9703818815514,64.16405997994845,665.8656384906675,655.4609146888882,689.6718524781863,928.7650302064724,669.8309704263327,672.5024917415013,200.7379708256919,77.90370893294684,608.0614340774118,770.6404415144751,76.03819105096309,161.08046214885752,0
851.0546877232895,613.9858707855494,493.4897632417605,595.7221685395733,150.31033267830574,501.82349501394685,976.2066782725809,300.192050083343,783.5782932184427,984.9143840165564,404.89256245666115,279.3758273437712,471.67127376593453,907.4342379176998,38.461444043373035,612.5905318109598,563.8537778473399,556.1846165675969,442.37530535538735,600.1920107517964,0
161.10756563026052,505.8370739158472,533.6262921534167,334.4222882073402,135.99706341901873,309.614591235589,305.350338481049,839.4621001261673,530.1168257100712,485.6009334379969,930.3517534639697,224.05521255951766,856.6133170490787,442.8761349454986,689.5933901768553,473.8651052844133,99.64054466374739,447.876559265576,364.3181922733586,256.5295221130498,1
576.9208302318428,997.1835230679415,367.06503054391004,622.7666547603933,130.7756945852655,326.8542402422513,337.91848492789035,795.1536137412638,38.96483416699847,860.7429588445433,13.490909422752217,271.91550762269344,580.5026982264696,191.16056117806167,471.7755079876589,549.4983120764033,977.5137858879567,84.25332212087933,652.3608669910274,664.1631937406556,1
66.24533386601617,650.2730528023526,781.3361047178381,409.08080019476336,979.0431956901211,244.33171400088892,324.84520264855263,555.1734593819647,936.6233555597178,37.48044239516168,591.3218665813064,873.3408781826696,594.2287561103989,263.5146903555069,200.529803879131,176.27389179112342,521.9735288647662,564.3237799692744,295.35755702163044,732.1038698515206,1
680.5866138630682,714.6982289142569,360.22573064611584,7.080161013483521,715.6807256740868,15.274713704427567,905.9161808274383,188.97057882805956,760.3404043751952,45.739137054131795,273.267795374622,276.15626988670306,827.2974117823444,647.9907555411988,788.0281185747994,944.96635874184,86.16393678207379,96.9531272183124,521.4075041692489,896.1773506427626,1
849.4047424408333,72.77591563905594,443.9986925404095,611.2703821771909,626.0600235526247,700.1293588249463,601.537488811024,796.1380201211236,189.2392423792536,371.82101281628286,515.0641505964842,186.2596112125162,953.9209475295193,719.1171173468883,48.1282110973309,62.46366859985086,428.2813675680739,986.0984213288086,61.70342185104827,871.1088771344242,0
633.7305506878544,139.4941989029379,129.35585833161866,883.3360920563176,624.9227989404584,353.5584061808295,275.8705599536523,179.61908421281038,9.584588806783255,333.3233082996084,629.0171877469181,378.6983845261926,920.3991952726917,502.69023513849834,805.2033329636362,812.902362318886,60.871026709955366,720.1313414689332,87.82962088011581,152.92716669106665,1
744.8381194060371,807.9964600589936,233.92837662035458,814.1676268656327,181.21332719134776,261.09445117597494,933.5135420951216,244.90924004627058,593.1506142075483,594.4295346438721,202.58418185340432,54.682029145376674,42.69000496288034,894.5856057351024,657.2948088881441,865.0388007325814,627.4776170319741,97.830716647748,109.31851903991263,66.24388696862337,1
989.8598590031729,894.2633322987834,89.92127199180833,288.66456484627645,435.60417705077214,654.0718396167836,239.25273773177213,681.7499903669375,149.33410210512932,91.2777582495622,840.6560534546992,564.1985357837509,853.9870250718133,729.2034919968611,637.7763854494278,322.80066852745927,719.4300441988439,449.11977070527143,58.72224329743769,512.3859648774277,1
297.3348186304079,636.0012476620453,168.97328978417326,39.8855619699342,693.3485220778205,569.9386459402357,224.41172588483172,570.5054260286299,966.0700667814225,250.6424291896846,609.8395097038122,797.7452671417803,403.6132716045715,410.5796188513405,586.1109734873368,865.9679695097453,272.26742753486076,422.7773338990023,526.3714556683044,881.67326177596,1
449.04797580681344,795.2791319689502,913.6096567472687,249.82376045167655,971.8634580153373,955.0162441292621,809.8397812240054,920.3112589792918,121.64329194116064,683.252243278314,82.81059883134611,861.5572449065302,669.3382597349839,727.8780247509787,106.38331669679235,428.9182174718068,565.85046273885,800.0050618837496,592.3169665281215,244.63006716259673,0
161.15445351180125,191.28727124709556,759.2677606427449,580.501933724548,357.90861381634807,113.0404794377483,518.8593863111764,624.6814651194263,419.19276996199204,73.88194723773978,186.59835874934217,904.0719513080744,846.7440272732591,250.02457396356616,373.9785980936904,714.9933745203681,739.8068939908801,789.0808198563025,146.67898361609454,27.199826360545963,0
700.450959675138,394.8697362549495,190.60289922385388,919.9667178916418,81.12956089431577,573.8213123123054,610.3248143801646,478.0846980351762,316.847289859945,855.9896105235052,389.2231865226745,637.2392952253883,239.23532265191395,338.5936073259115,327.69381608313444,64.08200058511792,28.684824591173943,147.24320657939847,582.7822938304616,679.7227919654893,1
822.6121967116703,30.069571677144303,416.5603184994835,961.7872266435668,91.64032911845344,791.4136107398629,940.0603909215978,709.1132342161633,579.2624581766337,744.8401792260323,43.63939071806033,355.3573349565997,279.65567178464033,738.21089489419,544.1364004780677,884.172918405596,319.7324984326064,249.02903100251538,384.1839706932616,353.32685567264366,1
196.25833889618937,761.2621838048768,69.15700846796324,658.167626995062,580.071891577924,955.7211585963379,86.53528643268116,817.1472743286655,40.883698387537024,329.618206385228,831.608065154944,266.4298788684937,232.40242430046231,890.9736292933211,180.32344739370154,528.2744979414537,865.9308049473865,695.6234252803872,977.851513550848,636.9601123038178,1
348.6644187942576,738.381031681892,464.9780724160979,451.01147754022986,83.43569195194833,289.23166148638114,89.69666149918598,184.11501800736585,430.35153566412777,518.4909148703485,996.1227309170481,195.9451623274604,867.5678859094128,952.4568620105301,36.53468693727835,502.77579357277614,843.946939552091,197.2096865153311,849.6148950725009,855.6075258663727,1
874.7118469427935,656.5602899422144,234.35129655257637,110.5956254179189,239.14935090784994,507.60259335855073,718.4591382597725,371.88193641822073,89.20680975523076,746.1285060035771,659.5061377961945,874.7023059736343,330.7281794792789,455.1786080372595,233.98051699714338,375.0056094063393,859.3694913248719,686.2616744578177,882.5075894560722,424.8300291033753,1
599.7908171698098,438.27001995023863,92.5190444489531,593.4143128976575,187.04586465873007,114.7949149558215,665.6082275001603,710.5830813900288,990.9837423288828,673.2016274438423,601.8422909543539,735.5132033245652,94.30825087293726,460.1279427970545,518.8613081444671,929.1319791549192,719.0865954698505,110.00780058008397,47.12152920377577,782.6603264959793,1
581.7020836577182,894.8414592946815,776.0083534289914,334.8717451979174,379.66557565038727,610.0990322497443,937.1137645049201,105.49199880779814,502.4196745873869,488.202434119815,515.6804395871221,749.7261697152022,898.5621440036116,901.2669184624802,13.820612162057987,838.0902974356912,142.02229594988626,124.84232812393314,567.8843427322136,708.5794310003338,1
747.3284266984685,924.7713611196651,137.53896469233484,717.6295915838077,10.971478011084223,937.6486320356846,22.725557602296554,143.9749988765936,502.0393055585206,119.71856168768203,416.9087319513893,44.314306249924385,367.8942460493406,712.6294862020562,548.1539576017564,986.8350555257862,554.900007515614,815.0242368788414,813.6178712825503,226.38786583880878,1
20.420189182130066,298.4465355414755,792.3579092895386,290.3651929390246,882.1396439633756,514.748693873796,577.2879331727221,608.5053058360802,330.78532441905804,279.57406075319926,604.3144012872764,434.189251571753,870.9152486892234,271.7248799923032,325.87663006878955,298.6976757354459,241.99545285703917,71.67372350478884,10.13192226191617,205.7597001421342,1
131.58455589020357,333.68382071966164,93.85211831597628,73.68146335498894,337.8499298095137,884.5597482702677,371.2367216405216,279.139802834225,855.8319443532018,875.060824119139,3.5015274728611434,209.2464374209818,350.6890630702506,367.5492274967269,626.374550939369,329.16625354501326,555.9755151737272,8.568852744305522,16.534899620368915,581.2435144552943,1
350.3972078533447,938.3518189596915,204.01916778196784,607.947741820705,123.8510261717104,359.36380084435604,102.30174908480805,9.044289708852071,364.9315328803666,642.7960480742732,979.8628517708489,882.2487589840549,563.6508471428414,830.7471376259266,485.67099191494066,907.2896063547261,283.00448550629363,955.9338518314623,483.685134175989,123.71540790493452,0
550.5091480779787,923.4889390981305,301.4203114974592,112.06571004501897,713.129342251072,93.24765811194501,96.60324463389236,585.1655246943046,29.01861134437378,485.4956410380531,799.0077515207614,155.35455418475607,55.95560945843259,269.97429350540904,762.3286469011992,390.06843275698,79.86958958259471,309.2671540265979,864.0526541393546,47.96697450234699,1
931.5340814305393,523.237938563211,127.74647906705094,305.28774704705376,227.82703091918077,337.79560145475773,868.8584160156536,19.15723603151975,797.4700311444144,49.35880582562391,321.8375240387845,594.20225088067,327.7155293484165,184.2798413602248,5.702778459878433,485.5853618112258,948.815601346189,971.5420714581968,98.52343459033463,378.2141912923821,0
304.5568092441493,29.086330115361324,623.7847525861782,960.0594145214313,685.9265574270263,127.19234788536849,437.96710437403175,470.21531110152534,717.376973073774,967.1202806764417,535.1802124448342,474.4011715041794,456.8234434323626,251.91199668093768,983.8473776882332,636.9004923814965,846.56559815479,60.42924565868613,509.5572175623253,216.41504668868882,1
178.15087986359944,315.8518588593391,711.4566976300007,629.6137091166809,246.3345373547836,832.3501725976816,709.0083510171293,610.9977089863577,459.782148984896,614.2295837606072,458.374548207063,359.12916592382237,180.77411345425799,938.0076656000678,570.8469761835884,903.9821081128706,870.4287207225975,784.5404907150612,236.70653662838703,395.4163575956495,0
470.5125970028544,874.1054395017159,343.9916292700268,317.9885105439442,325.1489521544446,76.19781983675622,179.17289702815154,653.8746295133653,40.287511042493506,477.28411293988427,754.5175221420978,208.68455567832834,690.4976897838145,951.7300707046866,788.1531584047647,0.9588594157787789,668.7371992909112,963.5807187934963,385.6526523257414,930.0510887844961,0
791.7579777205902,200.56436898568242,223.81023540801536,34.63797751721387,211.4267664479076,561.8271158411811,562.0850506559688,819.8977012427827,760.236108674443,295.0950832804263,827.752437736231,124.6296174210354,144.35060211185723,157.05112242439512,468.3838999964544,703.0667229399514,746.1271656456763,919.7226527068383,791.2729639132235,682.0872259045836,0
669.7678228273274,997.939019104672,689.5081829357207,613.3778177367974,106.93261350421534,716.2145689223036,458.51890341926446,297.81851384001334,854.5990975538373,814.2975302402083,341.4101112835848,385.255477533012,321.277632538406,163.5447629739497,695.0895949629286,293.90379989490225,57.37551407671626,373.63341776602533,929.5429247582215,685.6586106385811,1
318.262178867297,312.60396566603833,652.7771406375209,228.3540165484661,553.5637721306101,658.5533370441871,35.2178445971576,930.4017367628455,225.82219968677742,767.473493693564,376.7993042055713,678.2451949997068,161.16017745623034,227.29925005970074,371.37939922850506,394.97510327704464,11.817874325650735,657.2764023401662,825.8373241242638,170.15748953975353,0
874.5002914013548,354.36555634481635,261.8774572953697,50.928205300021844,233.75011154946355,866.882890792283,624.3878534020927,774.0671932903206,639.6206272310937,351.1231638500869,107.34699483296583,937.1505732283161,260.51232239976184,522.7538677462944,941.7702378596969,693.7275814957554,897.6394251031345,329.69054679927467,556.8442755224862,948.9091266841989,1
969.611071137533,386.55875793960035,306.4871764688808,930.6797420644131,956.8276051642695,142.52066059980385,870.0749655310309,180.312257301658,684.4075108792459,357.4977775324862,753.2553851140691,447.12005978907797,897.6458618720806,157.96991509657465,244.0048105571455,127.5518336011967,513.5875489947651,461.3222165405596,537.4506774004427,10.220294740034607,1
274.66526654323866,457.47121283469204,814.5786737735356,872.9118180697345,526.5876793365477,654.2228773878345,751.6081459472881,164.23443144037842,336.345960198155,199.48038437391935,928.885305455835,529.0057233054248,434.94365082965516,978.463111828807,17.01666760059284,630.2629841433017,478.5281077660396,482.54650699741086,57.770014758479206,150.65516597781726,1
111.68796588088448,988.0066224720367,960.1367455876864,201.7895359328281,477.3319759162771,440.54731083228825,540.9709086660674,435.86561825274384,597.9719034045947,55.71177778727188,627.5538142465138,350.3291596641871,52.819371318276524,194.9282797293984,144.70310897341432,263.87418669671524,88.34999553939093,193.02824887182425,447.7196570260379,99.93744112977254,1
98.15573572139913,847.5541511549121,880.0887224674367,638.8605331315459,547.3231705221743,21.554424869957067,473.19048140857115,840.7246731131318,19.985742774035977,157.03475617029406,436.45132235282944,700.4318957873176,581.4744410284923,136.13584715348648,835.6253499139153,949.9742000640673,332.201814353286,694.8490032641465,54.699498975134375,343.3421351857391,0
370.30521435683204,334.41609992562695,367.56480361348264,407.01386755221324,817.0313728791717,780.5524119988519,968.1291889283118,698.5294175186904,397.00384941206426,610.6807404622708,496.9400708029627,5.267458863589702,65.55559220676277,314.30624382349527,179.04908970074663,876.9048190254007,686.854742128323,123.69069519833909,696.305882365627,567.0774699781821,1
431.13156472458036,66.10082904034142,628.9267600077585,256.2626396814569,89.63212631366169,116.01904152117149,489.9656809859647,313.0183549378444,676.2836441419491,330.2496225110949,416.1697220474152,186.56345768467008,233.58059457248504,324.5948438311705,174.62767066043105,168.41594949479799,138.76839836545219,39.0725985630207,753.8889602387189,405.26457617886757,1
442.14373434628897,965.8667119401485,821.0644629021008,70.65489746082588,151.087974112463,602.2076743991262,616.2396128999969,343.9121862825082,734.9336921112538,430.9491169755427,997.0718149736826,974.7082115660509,576.7739679820335,69.16788516089223,604.4071735070181,866.192934295126,731.7366265022212,671.5774826398613,457.23082462802756,59.59424975193506,0
766.3002266410912,525.2409521506015,143.45339683894076,251.77314401698524,422.4970335986071,922.9398756450921,173.63898802041356,775.7051976043181,379.5506735194572,138.81445140987302,140.08107971569572,791.1650564807173,126.1779551567922,125.8950095494279,811.0026237411688,821.6168931072044,115.63514597816516,771.9132737858744,132.60471068260205,292.33344624332216,1
883.5571441811245,418.2674504194067,583.3638362898397,17.44498913374015,502.68579105079226,876.31035566933,255.5592973865114,945.2692073899221,768.6405819007789,299.0325550441081,451.14154545141594,559.7055505782567,401.1761281351818,704.2543069677242,752.5326810145806,146.0373896412106,583.5484279855377,540.9669589678542,43.90823402629174,296.5166039227419,1
76.43171464983756,409.3939494614699,804.2371607044176,775.8289932750541,809.6009710573505,277.2129416042123,966.9609862412069,611.2104148551574,247.7603321922319,751.8742440207274,98.73970138039456,69.86497068279806,964.3108675672618,706.3893718746986,127.20743421425517,923.8084640441625,357.2779898584972,146.76830453736434,74.446484703794,320.6655943598462,1
635.4482928147387,444.04468668543296,820.3642746682604,955.350489914662,403.4153336254751,707.6959844045643,865.8022727886348,632.9098429385193,4.908015802749799,232.181703068295,965.5921351522713,357.5634679606629,800.2956718065267,965.6074443490646,965.6259634652491,111.53180006001206,112.43089138874606,233.8525290487372,943.1028794532969,142.70169757814966,1
805.2670937150355,226.98678544607176,428.2935325196695,316.4017063275205,675.8345526142302,126.98285536434317,756.8331815595857,255.99882406363005,30.19986755805015,170.81354604485833,101.91735939711589,222.66003757309682,173.3613998741138,942.8053894827601,121.5431503822183,931.2362285843232,971.8440265022513,88.79964135138918,531.7452768159748,592.3534437561143,1
15.461927637291929,699.2941350482587,196.69943468497874,164.25160476218448,687.0725659901941,771.3190651002474,207.12104842720746,384.20671475294256,163.70120081252938,951.5967873339811,956.8094760658674,22.54749345294138,365.52285762428363,957.25797025555,409.8726120913294,109.02778217655928,454.16569709535804,238.90524992746376,720.7395138988289,249.81765284004143,1
786.1494733224293,121.94574475921127,843.6020870638722,495.52732171956535,618.7224798285828,139.06576474649623,172.24084204511792,850.0102357851252,352.9797646731515,651.1010038390973,914.939082311075,534.9127367139604,169.3895198599088,90.55965598588622,517.6803467657212,596.8299879804218,267.21297249442955,157.94526513131834,655.704081828393,335.3910062769858,1
465.0923364311941,638.9260007227795,611.364171630097,447.9989598903187,873.1096592456338,505.113469710492,317.2129580699502,332.4736029107187,600.4343482004458,365.18152326314237,605.9887411084262,75.68157763235594,466.8682063336134,685.8650978189366,195.9804502995516,395.32455163021484,560.1558456548572,25.536699366143665,194.34465015199686,841.1391980173162,1
183.56398302675336,876.6720075001067,535.6912415328095,123.3210414351168,892.8999529803906,323.82973314221977,293.24643460965314,574.8611706074132,456.9942205567958,525.3277765282904,532.2190134505441,56.51914362672195,101.83628757663055,554.9410876757914,260.6722801684301,734.1771998277575,573.7074435843476,473.1862950362058,99.02017188346134,737.095786491298,1
904.496627628048,160.81467174749363,288.05196923655484,216.41042730796266,824.2886365729462,737.0722058811472,918.3790890169137,325.09120024691526,504.6137694868579,997.7082389451966,697.9598495114531,46.217799237713855,577.4720910240286,40.67912953736064,192.82169662196657,218.83362890863089,966.1237093029607,247.67011193626388,410.15482790810876,762.3486158710347,1
908.7951228713222,223.45646813013553,507.9865773320628,912.5325971304355,504.1204144300263,270.49588687312075,300.37241307139584,45.39325792037141,328.1353965047285,476.0602796979381,551.7795974915878,917.3413404067481,11.394880587860312,633.6480751739805,318.03123259463996,406.70336002524897,273.32546118270193,736.3534969273563,780.5201404212772,235.5594948275226,0
947.6276796245081,260.3438578089128,422.1107690167432,285.2261074325342,563.0794161372371,318.68188545392275,207.16404629564232,275.50774399422784,927.0442712786544,465.7686251532136,565.1774184095491,313.83405094043246,449.4828822388387,122.57612578847232,790.1242686654888,500.0705100316324,847.7761107849049,103.55673030573121,974.0046811661093,643.237478614777,1
95.34302220981105,142.10403716812436,950.7535984754317,407.56010697586777,154.72571446853345,341.1804040710694,633.4027011375897,393.24973164081234,309.87442591598824,380.2324026657582,368.7720568913535,726.1443821397887,17.51097369786081,590.8462657542343,352.3409470040912,5.42920507888256,862.4300578269786,894.3994173967104,462.3968183690007,646.988376012706,0
56.62873985791239,557.0478597706,58.13614369339892,180.23617116805013,6.892677027436678,325.2676965487935,540.1620705737295,130.71596413016974,768.7494389212012,667.0942298064834,475.66206348609586,786.1542998555328,44.83162366379223,573.7650568094399,507.8016827846916,757.7502028292647,686.6632846542874,436.36433606292604,49.78030580861825,837.3305274760951,1
257.693797567686,872.2404075841805,847.9331701023007,49.76491614201495,731.7661554439077,642.9084038975657,617.7416831867375,808.0525582143066,333.0677669481203,798.2546983023091,725.764460680564,134.93264912957926,724.846948444367,96.59201071255951,351.27744930935313,93.40501630823894,5.4317057834749605,797.7741597576937,329.63190403335994,320.2082828326663,0
6.381541294426141,303.517123813956,258.08147988424867,980.1696102382793,848.8406911437097,894.6818938581658,675.2155652407587,671.2242009400462,596.04605172352,168.64580335117353,274.2373731087683,41.66337093746208,589.3306154692995,977.6341012986746,876.388810905989,611.8699257671062,101.0155361642986,449.41635258650416,971.605775208729,515.1108879528493,1
510.2368456989167,819.3913086409577,368.87943714437455,958.0350881605051,557.7745471271197,633.8593698420335,113.72480242191918,330.78761105825885,735.2527462259723,555.2817011321313,588.2467992011891,69.14114672906324,470.8310178573447,172.7375629111524,329.45105926399407,928.3970583589625,650.6155954442216,524.2364551659491,584.7752651557306,243.17188735047068,1
258.29037758344407,66.83882907377814,133.47296680633747,514.7555071135303,548.866848535936,843.6386131335164,566.8637610975569,101.35710489393179,635.552105168057,330.71593375523224,585.4420508221984,242.60902788836535,571.0136058970678,483.1888208469498,381.78465801659365,206.94961412506828,392.16856949764525,119.75878975790965,836.221753371036,24.16806341492339,1
170.8286024971244,16.82679205712767,907.5695576955189,817.6382352469002,896.4321192808729,852.9580388048741,676.2402604178474,303.1452799423627,975.7632069782031,853.312839140638,748.7744273149385,996.9834507501831,171.74341736039523,104.94666143887466,354.20238428338837,736.5051722288907,709.7804594245166,388.6053472218569,171.80322019486016,416.37788143886445,1
97.43526923111223,763.9285460343974,47.22479344746211,626.0984280664637,699.9154253244221,579.7465482841461,778.3137946799027,767.1441286540511,486.08408147381743,947.9116956967332,106.62329209974797,890.8732996728411,553.4397010855635,789.8501998460754,876.736143114529,712.0419310539259,767.281993233903,642.7890977598123,332.6096965674359,992.863486693436,1
616.3911700379964,887.7603200045385,555.7731531150897,648.9074413141334,809.5589339621523,651.7293721503613,34.585995327913174,248.25268825160074,165.05065591979985,109.32796428639058,403.5225707962256,738.0589212912563,184.8406523599344,790.3536938312457,253.68304530963525,428.87082097209117,807.9067892450306,965.1895378282135,440.22675691835764,962.1031935731431,0
770.0422428866452,759.705241295931,454.60039271357334,771.5955722789187,151.94542682549294,865.3475437506205,560.4977097455622,369.1954175539869,103.03154527235925,703.8756851031637,617.9698327141881,145.72342507529555,325.5895311186642,31.830511356640944,182.8493702447216,790.0179556736547,684.3057767042529,620.3914015158562,939.5203165439789,992.514715212007,1
942.3226545388088,794.0135572467806,389.42590914599384,517.5458241332154,490.9469587443909,251.68999299085058,508.3849401933218,770.8471155877834,951.4754327289672,894.3904696083569,450.2027682561053,767.4024770573477,663.1059627172166,470.39531863950367,661.1420822923665,817.6373739367633,483.16659900046466,798.6154998710421,923.6001269271189,46.067682958445765,0
973.4934541969474,455.05754078563143,378.26801827985736,409.19414938180955,93.07870028525056,839.9294446931942,748.8022769275306,146.68956301049306,637.7296703087492,0.5196529654398763,75.83743114949681,502.0857567794993,195.78978346006647,500.66687252826324,969.9194215931083,424.56072083620677,613.3745486440187,725.0306025596586,551.2101592829108,216.87519762421647,0
322.94427271723345,401.11699217825594,784.7064138123419,755.4549506378559,529.9220629141555,127.4224380400406,131.7734247086344,485.56521686583056,770.4576769716821,688.7951894733014,190.10247000373525,760.6823613541493,722.4486298470298,766.5233585307038,905.8024806067697,95.43081858925117,568.5998160062776,458.675011836137,389.35871966660665,775.4768519045422,1
690.6755538577855,833.47711690524,290.6757061014991,254.39188721976603,357.09351243049457,72.8406481717746,927.353692631242,453.4588653490772,339.9898525744507,106.72079234764209,972.8829959252521,89.04769664529266,589.4123919115549,905.0149447515089,757.4113359918764,505.233810554548,36.77635368963317,984.4471387111234,669.4821373531552,892.1925349986057,0
51.422535403256475,629.1676752942237,45.06513644936805,747.99189735449,593.0393100646666,70.63971208302866,423.33575681962685,576.4439970133125,967.2487294536289,105.58659482895926,30.42060883285891,670.138229360568,505.44358033299244,325.0861538269763,330.6796434006228,795.773139477515,548.7799547014189,705.2318426285316,649.224101550744,665.5707556651288,1
92.98051328943058,883.4029737991356,113.51173255152102,467.48469019170255,914.8793961576339,624.7043668711576,257.8335709467194,485.47075841044295,69.91907525203767,909.0359029263169,256.4097202141264,599.1501135495612,567.3308372871949,284.882761334716,140.13333614731215,600.9972068334228,324.81957660227545,677.2749403852923,661.4827018857003,477.61355284703876,1
164.1043642260639,184.11369546758704,321.69507112734686,151.5288525579681,879.6469882162594,447.61771286710416,257.5539728507962,269.51535517518244,884.1282702175664,546.5080979291632,752.3146759142099,396.63974808409654,577.4472061181045,11.372136318025806,774.4966899084163,647.4469643038291,288.0758459906008,131.57082033212208,878.2379729794432,920.5485832934461,1
287.0803956718244,324.8013965650747,188.2410152412264,321.69758239725286,456.5421389217754,16.697284943212654,99.55945449516024,429.99078337930155,804.4497447798849,812.8493894303945,763.050997929451,724.9318944824315,893.2379688552885,744.8164842944867,360.8756516119299,176.67157788799426,320.5174704146958,212.12861251535963,592.7369810145774,941.3504072962113,1
193.37762772069067,26.81161377258401,734.2166801281272,259.9730610379614,584.157709111835,927.6947273660068,976.9907465207319,954.0607386893843,781.4298522811858,13.19165221371421,35.036932712013694,788.5909931991634,950.0349287732819,901.4186254193148,305.88133379539727,182.57980592931676,275.940534255133,878.6626811830594,615.4019180506193,431.9191809738203,0
507.6864284697313,963.1051360143618,663.9176607843209,371.3641992967669,743.0202578714395,48.429858398186475,269.5109639093969,395.165047138245,38.792113871381815,974.541788455901,439.3473843870804,85.27625791203918,75.85709213427549,270.46496504029716,688.3566010508015,112.72127215656369,652.3343273564028,293.34139815138207,59.07923611887733,299.65467302007966,1
266.18895439927206,328.2096878843709,134.22656187825567,971.8257622707607,261.93852512157247,873.18829236876,802.0206809336178,176.7236961577916,147.96637648503653,792.8582808808329,992.2729014626201,483.83805660710635,590.322886896663,772.43873767461,294.58961688212247,625.574765750612,200.22655904907515,891.7158524112536,176.93852960521826,417.61884582950137,1
981.1631604422165,418.1213891455515,92.83455984118282,978.6173189003092,685.2020990292344,886.4314430967987,114.57698886716261,466.7545293297329,837.6758190358235,697.8717570896991,87.83407956142442,192.98527622477124,97.03272540778529,387.70233804910845,85.37116485056895,916.9677214389155,984.6304713515237,829.837700614685,567.4445060026635,702.6250989279023,0
394.20693977341193,114.42647525855787,961.3977560851015,671.5411037837138,570.7964886115685,136.90557012311154,513.1952036329247,171.4695788128754,94.23500733492496,85.71224875782524,886.4340258952558,361.3999833461088,549.9924437026141,743.6677172953548,425.76427079006174,162.00491612489753,808.1079950173661,378.68966934622284,782.2147686881422,590.1748564698846,1
803.3918276318489,998.4922332828679,168.51208262813944,233.92515278367944,281.85400297884553,824.5081906210622,584.1099414605377,782.8565328392458,720.2991382202136,351.25485334957796,862.063383563842,707.2356154677286,924.1243956209354,684.0859117836425,668.796243460051,433.03331837817916,918.8775980070299,460.45843621606764,989.7085740355307,352.09106152759426,1
90.78730246210765,540.4235211789643,674.3511371231522,95.12912639003413,910.2927058533758,306.28040091920184,298.5424027834575,510.48889799415645,662.1865706315231,811.7711143787443,694.8845327759587,783.5127774992031,90.66017997767084,459.61277445229774,949.1651640535688,686.4634819674397,230.48771996951257,62.2594622843905,406.7157375293639,61.547222936644495,1
393.83441818510414,910.730365541558,623.882776522062,179.81288961747376,182.7915273343884,471.88743968261116,879.795392998886,30.09320881445987,350.4660355978468,106.7734928362587,431.10411680733273,419.6194567310989,224.0796065678118,179.92718780211027,470.9230776239577,842.9227889056273,767.0322455469836,979.8392437213622,365.80178577423794,331.66434151596945,0
785.9761046840999,942.1698511845956,358.84792295359034,986.970051432164,430.32637033164553,302.3438911384788,990.6017029166834,263.8894985987574,341.31733274782107,872.3044980074696,563.480885708798,924.8014428174195,967.6952103207908,788.472054034213,84.24643989535052,100.19076897479017,188.96115523849576,58.13971939736729,661.556572053631,396.89193600499016,1
774.3889950354256,348.62394655169504,685.9560175003467,781.2773892459738,583.9900876339372,702.1505219075914,891.9018184878096,752.0988160621068,681.2527818728985,508.6021096915828,64.0539975223735,830.5841476125823,406.9084879163559,381.48012582363634,464.7586413356756,332.38588067385746,595.7914902516932,981.9967602361298,446.14344633786465,986.3296789990006,0
607.6017377956188,596.4499486476903,900.0865174241216,197.16785796929793,182.7036721174592,795.0380841806375,634.8214894754005,445.90618122770263,717.0742830877285,65.52066689039249,226.09010451916623,813.3027771225347,73.5930303846114,474.3184110078973,919.2295542539238,372.9483612563014,816.2926175175504,2.1719051583396487,348.83611110682165,122.59623121759566,1
592.3502703161771,427.98917687026074,521.6822052467179,76.50456632880586,918.6461710402285,659.8481621906427,923.2126166962314,108.23670310129752,524.6738811395828,782.5248164730428,438.12139398599584,397.6529329860351,300.3625665768072,206.5460635179608,85.14061303764709,172.09774587018833,597.7632863587834,762.8217193299798,493.629985866593,969.3385147123523,0
751.2277235346179,579.5067778665498,141.48942752483006,431.17464107464434,73.61775995141096,930.5113089594403,298.1286806339832,614.9685429558234,844.0366892327106,865.9660068363411,522.0255215112509,908.9154132939225,173.75951279724356,953.0542615430581,404.4313124072603,169.29257543657639,943.5629747870129,682.2633572323521,787.1123917830785,851.5138388998149,1
216.71685428659626,73.78808510571932,417.00129591258695,87.7762276284535,192.24326362435428,276.232850393725,566.8672876964105,688.7208712485,548.0970895494083,291.37126991911276,850.9143354099762,925.6285455023066,175.0850666955882,354.91061268732307,395.3957684354773,124.8844013971716,255.59284571786512,740.3757052448279,671.1894167304868,865.2982029428963,1
466.43284030058044,121.0450414551998,834.9226255211406,189.64137536678206,153.0479129748147,473.72948311102914,363.08631267344015,956.3328696235235,85.36730116617808,89.89378948720217,459.5517861608467,586.2553989945244,55.831676253876864,499.0279495561011,842.1603728187756,585.7805387277829,383.98869283402894,120.71267875839575,220.97025911472656,465.72074262751295,1
833.4572743498657,134.67754767763472,991.5618166280378,852.9951736999172,709.792082985356,151.09189981508376,606.1390595242068,751.3140342325805,426.62412003574667,581.8781344352515,314.43180581967533,283.23279643175823,20.682784461628966,67.79486669351797,39.468462205927814,542.6103669351742,185.721291650645,796.7226033249913,901.6617511467863,403.0855703508785,0
504.34041492611516,339.8716685951635,2.6805565491774264,252.28235247811492,193.25382649007116,941.1176219318656,408.08492153356013,375.36773640220775,448.69117625001707,807.507254036811,32.55478109060073,925.8108147824378,867.6548323102421,351.03227640320847,527.6582527452981,954.8648133359804,109.69217481195959,460.74326713552824,121.44694759089703,894.1074149334955,1
891.3177684350305,233.9249594664178,584.5091210171289,990.0395386649582,5.422810218768448,464.39815119479124,321.39390356602513,790.11065477627,56.327749451393515,20.491692633095028,882.9962233008334,881.3898456388364,203.4428560421221,146.82466255704452,174.20595248318472,732.6710382843381,287.24954803256475,304.445625885448,417.70064053402723,363.2603911063991,1
584.5417513611618,341.6312543045349,56.3209797735581,438.84276199170745,970.482598063552,497.0988350115474,523.2834929892563,63.39202983757608,752.4089527200514,443.45651224152283,401.7657197351651,999.7977415777204,431.3541105639138,398.76686797312243,386.91862295372295,531.7253828959523,944.2807242623524,464.16732123361373,149.9292596088613,319.77955473674103,1
757.1901372944477,295.9534757570762,70.34304848009131,569.8689589854517,603.7758305322687,352.8013699273418,195.0455184859452,960.7243574674479,68.72904828309001,79.90242925052993,265.91129440415284,636.4450549879134,684.7785646465888,805.3892923387511,305.37201131639523,183.6785540253708,836.7454989244744,113.09398574493778,909.8764862973248,361.77711654062216,1
521.4003032103685,933.8579149875242,65.56240562407456,793.9611814244366,332.88640416529927,993.0114724492888,113.27152004327479,74.80751833728138,818.879262206306,264.38599835110233,473.69814508111995,175.37974400369595,402.13534448354847,72.64530775612899,282.9589725053435,150.68667049258167,381.72118004483,290.11007389061285,989.913031961122,550.3189591179331,1
255.1423457165113,210.8778921560943,360.1675022473272,746.7862144260858,817.9227458162765,1.8106712441460227,982.7000079937685,471.6969351186173,616.7693872209417,489.17103398605974,508.3795748580331,470.65475769634503,596.292807652263,132.75210733059495,166.10264899742532,633.8671167920594,345.6968379990978,475.19330883507916,886.9372095921973,252.35841509716207,1
631.5829211408554,480.0740341434152,610.5671792384485,771.366304296691,103.4626620225938,376.5025020157527,799.4008640945495,766.5252555666723,838.535987980277,833.6716772472666,36.33362618191749,782.4386968172834,410.006436650641,855.8454919833276,257.16719483801086,12.647193973711946,122.89419672872893,307.3537278756071,436.33514858329227,428.0421712487622,1
700.9225081220613,427.3504285149994,687.7131090220976,931.4885944651143,850.0688607004003,810.1190751781633,71.70105128288229,254.46956942530218,535.3302074587298,253.22047220578446,51.848266278695434,674.2023051305889,198.49748920842026,625.4779662539588,100.21504156953365,785.2608836220062,241.06107026723112,917.9763908614419,456.83645988124186,775.7469476266339,0
71.66174917897983,707.8738330977757,911.9753170535541,502.2111271457025,312.4478283981853,917.3877618627306,383.14964730269975,727.0574271999623,218.44846613153257,905.8538047688522,979.9713124749373,526.567621327327,365.2759099585425,848.77597522611,520.4267503151051,18.404604318097427,977.4517147392477,138.58970778630396,760.7253621154011,705.2097921719165,1
601.095661848094,288.23804186325975,3.86310979457416,457.1995013376673,514.7001120160131,644.1862699600799,32.730765956168526,110.81341681495726,461.3024044589212,441.0800972590444,252.8779428172565,9.862427185365451,157.9687934462919,434.20955814562103,858.5874477651981,536.9656716237677,404.9672220128798,7.603462966737751,538.6101005203041,321.0727163925492,1
287.07077802863313,15.211142509239938,83.26251922820992,261.0567645823417,115.26695184069379,707.6115606017535,283.3192669096255,290.7649721849116,393.84205728524046,671.5300671917432,920.9000831197719,364.9091411149981,506.9127826047175,310.00411043742713,318.76492876798255,423.6390458028534,455.136805605217,556.6726793606765,188.77287484759563,100.09279447873342,1
430.09414131480025,894.4797796681921,200.7573271620292,940.9066112310219,385.1607207807352,892.0829784880002,134.8919592520198,682.791975397516,998.4507155588939,104.71467212248075,104.09881906325057,252.96719950779112,499.27922504327836,54.1787908336464,453.2780681234759,66.73594040090359,659.0290215229563,396.08190444692195,571.1139673925039,46.17940258019115,1
97.83342844441123,408.1891852556964,64.48824217922045,412.43600869316367,349.9596251149505,5.454930306119099,287.25105841091505,665.7607940064178,426.96273909287083,168.86546578665784,702.0191227726768,461.5576740278846,426.4483367599271,885.386130850769,759.7479498846542,887.083364106118,586.2702694515978,865.794447955402,920.1809004931592,799.457045312719,1
996.9908424147166,10.157352400462782,300.9691214628326,494.57242717628935,432.2572919352028,795.1422344027319,853.7240870920208,648.6990475806449,233.35552607901445,191.22793462363708,67.75016557358249,541.6002420244371,859.5200151353897,917.6106724710069,393.21364420075264,539.2628316750181,445.3712157854234,345.8414267675859,571.6537480518481,600.216071387818,1
938.5886055957823,501.3995923603376,210.39704112485745,796.0926071514666,393.3174819376123,238.80198302790933,68.35381326177948,28.505730849895716,811.1944517467198,667.928301900502,253.85506144392144,929.0854814098439,493.5417240564693,202.7453494452761,621.3663220811217,325.3959342872954,155.96297289040152,389.0763389856341,63.3849676719277,479.5507175655652,1
692.9619410667104,569.7406380865477,739.2221302272721,441.9519783545999,868.5722876172518,721.940231554409,102.5020347023633,742.7349530913186,724.3272479242922,51.336626151556764,811.4933951153288,491.8886745931933,852.3263810246264,270.74067254117193,91.32502356494265,551.3192045073749,467.24861235437453,185.5862231314025,309.36976928304847,848.3612421164356,1
907.1888964643921,327.93136606427197,238.69294598442815,986.8839206508269,72.31901174386068,844.0943731435632,731.514335294903,687.0041433277447,477.1535663553572,818.4237051614535,701.822061707709,77.7856325127465,997.027477147709,415.19607142249026,349.7861922833351,190.34946906140505,819.5631765020905,150.75054556784463,751.9561636989151,955.2785603415754,1
381.6888560557757,839.3500624941523,761.2958272384932,960.5640110069335,105.98643352901537,97.66051187248237,623.3492725657155,409.53490609408914,674.0576940776497,813.3418540892766,670.2879540435265,261.58666153799646,471.5397381477483,299.7640624853362,394.568991646151,353.3009759280924,64.1453114906021,595.2921393648359,848.947051375154,23.311074903389795,0
960.3713004431896,272.5036215142832,459.68044228904637,726.1524874103428,418.8787039487968,17.09362054695285,518.3508334303822,415.76394561073624,648.9972388279742,944.0630262495094,237.97506113450652,66.46053782248352,878.4842225724592,669.9739473766617,594.4711758269196,150.29978318758896,255.50601810141916,75.63888308729804,937.9046839861854,419.8234373634984,1
169.1691405926281,232.1242414765591,383.5176738696777,330.32654348313986,826.4237676409163,332.0347713847006,598.5986469470221,61.582164148745065,314.46594360289856,305.03708202754945,768.1110010061229,421.30610379149203,659.9798497990625,482.2048474959392,728.6806394134667,778.5275573797238,397.85962876867484,584.9165909966496,678.7179340918977,565.3992466659876,1
415.78885208812335,584.2852053401218,256.25679089324336,658.1116062544995,694.9755897158975,952.7756503147826,446.15854078142894,556.6496891973478,725.3296585470442,157.28730941248094,879.6186750659252,916.5194625898555,924.6760822810504,769.9736515784131,573.0550239758445,899.0149669163025,535.6607803540447,429.95837107432976,638.9793676706585,67.70499245394512,1
491.04557163725934,383.4300558053888,641.2619081905739,552.6563480090268,234.06283993626087,81.63366402413897,725.7827533305372,174.007695161427,745.8666949926758,602.163206028858,427.9299156004587,592.5222253846473,79.59684606231166,418.4215795617436,3.849696674538161,234.07569606863598,745.6005474203005,927.6586828794849,760.4724574936097,98.35382129645976,0
171.71673823733303,493.65178077375117,444.3770728183306,288.61334512139746,732.8566160882282,48.44316474196197,32.94233272003599,825.0583211462107,794.9038525220909,780.618790125349,852.6690903956368,276.2661622453804,90.77640890698602,909.6880572647214,457.6428205721659,155.61026860272932,297.7931945851096,959.6103026038264,154.7946375530681,537.0429797601877,0
719.9363617789811,4.891347037739635,27.247640359235326,857.6703420013891,420.9337725213671,738.289005088109,287.8370856076926,820.061706493853,691.466026019544,742.738926111824,180.94989034615082,505.3807490018436,310.9653689369365,198.55275928565308,357.36157750359155,177.18553792307523,869.5701282744079,366.4086816372176,492.4462878375807,271.2328311527802,1
72.36239766816688,204.7046051871174,319.0213254740892,74.49533468605284,634.1740150902139,377.21162261308706,781.7629335407963,486.10265571091446,31.656308742989083,790.8408107327733,939.4810512799847,295.3150081527378,767.0568864291251,502.7469717308386,45.57898683156281,775.2852021385155,658.0430984959546,444.0627684640188,295.5651159578011,89.32545264932324,1
284.6588281777858,854.7102972240746,190.13000867412154,751.5191722434042,268.3903778556966,154.03139588968494,494.0509501465109,149.1971724136114,136.09908754865185,622.3766776488002,421.6721303598818,883.8204702664178,808.2308402058984,331.2490283548721,378.1598862501191,965.6189477088567,31.358075032672296,252.17982959112527,216.8934865003411,610.2189474740723,1
938.1936444458413,304.1973280223245,58.90998726300578,458.6207170810426,775.098443099072,914.1026788671709,571.1256228454334,297.57798218053597,134.91891406615596,402.21736354633885,396.97831246680005,633.358066123268,950.2559219622772,973.8705817832437,810.792848565085,557.2843919655429,293.87976153607656,177.63907536957356,10.818963761053624,620.3705778002798,1
14.653762542543136,777.3187113874588,146.584863564288,919.1722964818257,522.2410238981363,586.8689600147078,338.42917713296663,369.5503571717039,548.3187064605283,497.0308865967102,925.3814125998554,453.2445347706777,538.4860169538109,922.0015765884971,919.028776655679,212.89964347512702,192.19990745942715,511.1677955450836,431.68579111401937,937.2019386290642,1
377.6046932157987,407.7194747359508,793.1203888796745,329.0593378277904,67.25148173959894,301.8531015334239,231.7758765756446,322.8706824742645,797.0038012540506,576.2305130412083,16.599973578469097,427.4279908940387,759.207793966484,120.92398407361082,446.55983387064026,418.9258822141741,307.7106042002213,558.1519918886196,444.11973169819095,440.56569766744434,0
672.4721321952856,743.2031444460982,118.61742885389081,164.2916337246948,226.68866036267787,749.4669302525241,633.9740118261811,595.5532284686204,556.773649851216,359.7034926487951,983.8439256434318,928.0115344601123,227.01591638666184,376.47374635383756,929.9289050506271,143.79046616385017,572.0868902238352,36.26346451258367,26.58027703505983,156.2613968537825,1
767.0123509641267,784.0144795144838,565.6240772016312,616.4702417430362,598.0376466537333,23.94909379983168,293.77985133080074,18.078884508787585,103.95146113305643,109.1849873707722,171.99123748170265,169.29146176458266,357.788985694914,87.96074679112121,748.1613195952941,293.33119116730046,330.71077149514747,43.78412283507749,262.21992777162086,439.7511768693274,1
421.72710332303876,115.69055960779507,451.03206791243286,277.7440761194633,326.50903962462394,697.1106036443589,492.679774332812,512.1279341090352,820.5319763848039,260.0028284684157,667.6841184802671,821.1735042846756,990.1528933831203,719.8517825998924,915.3502309051822,447.6617613709892,604.5508022561031,306.14788727071,475.0399551640957,866.6909003273937,1
136.7657053759461,171.88707290452942,863.8665208784789,297.17158860171753,363.2991573296076,105.98530999496214,756.3502372280375,785.0550514805858,204.48826139777753,533.6893737575955,606.2945937014662,765.9637714325696,942.4433952277324,718.3555079952143,536.4046174587731,485.5057893026672,517.819137966096,902.3756460487998,224.82163524975905,564.6180167613218,0
910.9773260917067,321.949147180011,783.3480086558917,893.7166315469708,484.35927987279746,881.3820586305106,973.9796053555962,331.9261180362412,908.3500707577198,582.6901218603501,676.8970680849047,291.88038471217516,400.88432183912624,553.6020065955971,532.6690416714697,954.4196009309395,674.0915327625238,857.8762807268452,871.2938367709013,131.90254211606077,0
552.519893077055,391.36471682486376,108.0865986977878,774.6137543791046,77.71720188589848,972.132165112094,75.23574549450285,236.912972749168,860.7775631759803,83.56636509369596,302.778389385946,278.661297679598,343.9355236682968,418.6487096710548,201.01042198728126,721.8822585956414,891.9961618479218,938.5627376181789,815.9118475127536,945.9647089461138,0
833.932485102911,407.7362166567286,81.28740156457192,222.0960415787403,377.6497119416587,505.87710456876823,841.422170617622,757.4384905035828,991.222799288501,941.0633370728505,160.77231333657494,153.77101055831977,51.76727977747031,146.66353281510723,178.86022058983997,57.84853336048912,481.88838926520015,972.5589914789109,352.67362915950787,654.4922415844519,0
536.1823904213799,170.6603042064242,736.4339281539352,911.5220027428218,816.7019524030892,722.3725708966706,765.2776147011632,779.9343236905651,357.4576234991882,708.3777376752106,965.2757305263706,685.7861330675377,83.33687792996602,812.610323821391,430.052783985303,670.1425926355763,395.96486346066894,34.391034329542606,341.16254956318494,293.9484854301312,1
298.3966859006413,622.6714770396648,614.3708874079433,622.0468514473529,906.4356605004019,390.30551635553144,611.7914367905655,85.00185588213583,755.7350227134712,876.6239091062115,232.3766344020446,205.77565368931218,313.8150121231127,821.6227669404766,303.2636858851478,916.1861615210544,9.568164097670472,899.0562985826047,791.3151146057291,663.8774687593489,0
315.24283275239486,624.1362867229464,806.0025992365806,77.58350478448605,875.8094731586123,62.09412095079514,526.1237224593986,567.1025582917413,512.5531948725269,888.2506716784912,111.0675838359737,193.6301101011072,80.95440219879157,978.0052039783537,980.6022730460166,952.9526624450496,511.07955636681544,502.38665014842485,219.17638858249933,779.5970878873187,1
959.616473609916,4.147136480917579,922.3118333982138,852.641657377093,515.2080083165242,700.3113903836726,229.6699516243136,54.14688076691143,260.9710175601827,473.07762529035426,84.01381392401241,427.115713073887,846.6347726459423,87.26070085154336,483.2452111766761,724.3316098531434,955.6465283255487,849.2009523661308,704.8799606482181,482.2594835504799,0
194.60215762539656,308.7436868545457,476.3004242736393,161.37385999978625,342.5567253125034,319.791445038769,188.276639619405,63.45537790572897,354.7782333768642,521.0042870027808,756.3115774762463,173.17198842180926,170.57195918370638,573.9133779339171,872.432563634582,675.1671207533506,140.500130090933,303.20810742120227,125.71647135463392,49.97688080398943,1
89.9024953432268,336.71089078264004,203.1409493319276,835.7704096758059,256.83056738734655,883.0292405888299,510.0206643878549,556.3075502801566,53.76138670928532,939.4656797253837,572.300394427332,189.69984261955673,39.21288679801227,99.3379350826129,543.2436744222566,212.1206345513954,595.5185428482396,507.2381415320303,100.63251836154885,411.27756235578397,1
871.4471547628065,964.0482605284285,290.4038804347827,357.54108023176633,52.36115757882387,958.2685744247613,510.8520031748482,930.810891886171,884.6654765224299,876.6244660178479,91.34535522429277,840.8384554586429,30.7012008535269,855.1355558938847,646.7793811418427,956.810644259814,42.26546196467762,491.0186365799205,707.47045671032,995.3535790802952,1
558.442086826319,204.68731507664916,479.1177530650669,619.2663526774298,892.0450915560914,887.8530557736359,60.73809473396097,536.5684223329567,698.5091077811802,207.449170742126,709.9436817855249,255.50804110635195,57.40634662375399,514.6112682243923,332.9591103944364,91.47192910170065,737.429418952526,412.95264672664354,429.66658918750056,34.17500621510061,1
541.7727407065981,519.0335258040798,448.1470061462387,777.830818358992,964.4656165136213,515.5264958059106,626.2410015267642,386.4923050220883,410.59915392616597,274.3756171054009,548.9322427964263,165.137783066151,214.736471047667,94.05947170611795,955.8317737523112,215.68129689236426,419.04807866123195,609.280902691495,694.45852144295,713.333567877298,1
917.8775669199127,102.39283711545121,980.0485158904679,602.5696419913737,546.6723693401269,492.6304054734618,168.79873263825206,300.00818131513694,232.22730044747098,783.7576041501469,746.3851673616122,520.6285048844122,916.5598426974581,723.4988456131641,997.8602109278021,104.10661468340598,979.5786273849408,916.1182388665607,41.677236817318054,810.0557053979055,0
101.84832981800207,40.05172530730494,993.0556994391213,705.7609229353557,279.0143314790712,797.6644562652664,866.3986203937185,302.39631936475996,590.8622916624851,229.94437062554184,963.7386724625927,247.77990122198167,684.9589513398479,787.3981836422381,754.1798895700657,98.75354785845047,433.5768144988709,106.0347853092658,251.33240025699334,28.444724671012,1
321.60233107610225,351.6303921342989,479.7091842112259,339.70912952456564,939.0064002466154,488.2495144845661,64.81484636309953,696.74500678109,446.3286634842818,488.6915210019432,14.089491479876482,968.2747111691189,908.2397066179686,866.2760898747334,864.0731485543639,436.9356461118997,316.14473961585276,591.2878052232431,773.0612818107467,214.1973099374611,1
385.05807306671204,639.2898926518316,480.72993880574853,681.4321136240937,359.0041375703959,227.25936777223788,697.0022133130266,10.052271764417808,755.6760169034759,192.85563078820178,849.7565901875564,629.6346841333643,929.0038536528258,893.0462612730304,828.6720318526121,366.58938145717235,457.7256079753249,485.9212318479571,11.253926880920751,931.1977481914064,1
939.3746605003848,145.37053616943385,385.0124628030511,287.5244244919132,78.14848046472301,347.8074165340157,419.98177715889983,42.467889454836595,534.7081742248811,605.4046936065878,520.1469371344195,928.9654514446404,534.5497370132254,868.9757592701876,285.0291747397875,626.1703451428548,698.6117082952534,429.77052034447473,574.3954263068784,120.29709082042162,1
522.6910136202747,5.0511997736691905,877.4888086353416,33.19685346545731,95.70114866679913,381.7705841980554,532.2639372694628,680.1732618248606,582.5841437138586,318.97292818053035,236.54105708957073,511.89066274169227,618.4797055921473,754.3942167055583,838.258458894014,298.93349014100977,226.30284339014227,803.9498819638153,915.0038210061467,470.8275577259021,0
912.6412890170093,53.84429206236207,102.64501066860076,734.3791473311843,984.1092207217089,63.81805237489968,326.4734688768365,339.37525769749044,808.435533049924,693.5987420518442,537.3323268139605,699.2949942121459,467.9860977496262,694.5799153816284,103.4594000270176,32.91836501468515,51.73248602559744,702.1461047794913,724.3191013500145,620.2457601998257,1
615.8731476564798,620.8186157525843,422.216638438496,400.9827271224977,312.04795303701025,817.7250140099725,200.44684262942502,331.389090613844,48.39818068974178,536.279280162364,94.99511047701226,19.71404017612055,287.3589604713018,370.94859169654416,98.71539880632973,869.646734796327,273.2625534008344,639.169118348982,367.0957214840473,635.7471703002124,1
513.2146639884024,82.62528278066839,335.0104140369654,344.2533448961209,180.57298422261024,89.45008810230415,799.8692515227951,673.4609415848388,672.6589321604515,649.0118897215689,346.88951865711937,917.0320749484418,675.0211729620532,758.0110566188978,771.896930443238,327.89662616146495,968.6005084846046,104.1594169669906,909.8811818657051,316.8199334696111,1
172.6768724656198,631.3621382828123,673.4946382855695,122.75739213760384,418.2600138293384,105.55723744180723,730.9599613152864,588.2996534250876,105.17652417439017,746.6006723736655,725.20936627142,169.78866869766284,482.4279055325923,660.4020539425424,658.5387298639401,368.2685283470615,489.16539165447114,606.6607688524406,931.3640101597114,311.4644682706436,1
794.9359768349948,508.42790897609126,157.5591201301403,469.3842294775643,24.69536111402948,664.3578290170459,98.99064901417253,231.12827759660658,159.53047141559463,950.4626991670658,679.6102465809441,686.9708895463613,158.24273329033122,203.3507649990537,974.7417689152336,486.59842558773994,95.31766969082256,604.0198233426107,225.10844863974023,910.5822459503893,1
153.61841055145297,886.6299347105104,811.0394787592625,680.19173012584,339.0231043964298,946.5410099537166,192.3489508024533,213.56474056602593,204.0416189176465,416.8368877614369,968.0008816597606,551.7713447871635,77.70211435982543,716.2843505146171,530.9586452599965,111.60226904287984,479.2255195352161,507.14494810550093,56.88035903317035,491.33788007487146,1
13.89555161960143,337.80630950231125,369.2122736114195,178.55084376832352,140.04033183361565,726.6162256320099,403.1015894684207,458.6152550513176,553.1207139930474,842.5046592993333,710.9525554070268,84.83096984325533,398.43615051469374,89.51391621588655,93.35522370444393,909.3418781494352,660.8385242487755,96.40052002086519,347.36047791099577,779.9231999426381,1
984.4099499227782,671.045423187859,366.8645450702068,917.332428338586,694.6093037241236,233.8011711053807,950.1590895330551,858.6085372106163,458.85767875192886,534.2486443155092,255.35335897551926,678.0563016443324,807.3318655130449,931.1096782714005,502.6059523840849,431.569689736503,938.2373079416853,513.194719850976,549.8421654521751,304.05429016588005,1
412.15970693262625,885.5061720052316,394.8560845826131,665.590138669775,113.06519577389473,815.4980253124322,321.68952075640686,925.8963672702534,397.1005453875108,131.22874991411172,596.6716541324214,439.25017300741575,308.19056374748266,873.5129576791479,673.3324778192697,724.8187118113123,614.284232705408,621.8507800235162,477.6218755920769,561.3810277305532,1
209.80863829868045,386.7115526663556,455.0419376289391,190.1897926763163,544.8304120214665,26.079647595480758,657.6487412069945,124.01490556334826,502.6511871385232,761.3954628146532,459.06682740948156,425.29281168221956,473.72626790914177,263.89151322299307,334.46802095554284,51.15450970066426,317.3152497967451,175.4206328486486,318.2300006879546,870.5610312021809,1
27.09078540827081,658.1217971525559,579.8687429822763,78.4442259213366,170.44430074841333,578.1463335278892,280.1010384652293,360.12736313541274,257.9415360368805,986.2868234582855,425.24295474786277,583.7365874976648,119.34687421221236,488.14236763950635,403.6228858681603,785.9332853702111,677.1959192886584,919.73367168514,360.80229129093453,585.0711593186605,0
414.07181630403755,771.4482791148976,302.5748915432787,277.9424612174107,631.6042293302745,250.89131264152232,659.8291114387515,939.8125507762248,777.3504966021899,187.56810842417494,789.1829631199982,349.83667244121153,69.67714422296578,354.9162309564742,277.9551447357633,803.856905012184,267.45000515238195,650.0329668954531,477.6745205307559,976.9858934826075,1
708.2032011319044,810.565315528377,185.57517342413087,706.472656606064,316.0901982805179,55.878948878017034,969.3067537380055,765.9841063153098,978.1930199520493,615.6746273632455,310.39998848122383,107.80776299451944,50.88401082403582,583.3940815114257,705.972511246584,716.392682411714,487.66326259454905,877.5727079948094,800.9548063880045,121.0094533852275,0
189.41467931716238,600.066958532002,18.984997942977365,139.67333719435283,822.3550694162636,573.800972996492,541.6361805340917,521.430846225265,781.4805998958561,955.0159891990618,655.6739845904194,244.1854715203502,989.2367267165436,854.9498567342603,167.0297352887612,933.1849884187689,553.6463795592749,986.8334610668911,376.06465817746096,295.73240745224285,0
989.1571973024357,221.8767057802993,837.1223429940305,219.4171093380638,707.5363957837454,974.2058958356021,820.1092763079582,384.85358115508274,608.8995729009771,905.6139459500266,293.4157350469925,984.8104600665092,395.2886223367619,139.02507821862687,224.6579533260239,874.6405829259074,228.94541963536042,862.7908299052159,66.22426918445834,50.57670523411628,0
291.0701056320193,633.3135620961953,757.3900390593016,324.39101924136594,0.18291736546904858,139.11796895899099,914.7797166102715,141.72265669658103,969.1026467187515,420.3228455040229,253.18222811963466,680.6591286610029,840.6401202037979,309.1346817496231,766.6535320197007,704.112282303179,214.38614435416392,825.0366743559022,10.847477512308412,34.14998915815137,0
981.5946652288538,844.857885753161,687.8075075556528,583.2800074674224,655.4773444192223,826.8072784541589,554.7911109949191,871.2076098261184,764.1774604590006,34.86568114079436,944.1135027049486,607.2404048044369,477.8544655900507,9.03030905848401,994.6966203741543,217.63174358326265,711.9507266271028,219.34339152567674,313.03487300979407,106.98170116143902,1
2.3179478848722734,846.5528008456454,754.1469490691929,969.8800584230478,684.3124226555395,750.3707993237746,119.1493075297797,290.5721830128372,365.64493942010057,453.60044353570896,39.42761677401252,567.8477933352544,721.5325982950319,488.76524281185885,244.73188388518074,77.66541505455216,524.9636080943278,935.4295479577622,344.5989306698036,408.7180208654727,0
857.9977196334028,402.3858133777937,566.5870196215941,954.4755803760588,832.8363767344098,732.970673648628,45.67410351398837,329.3057000560655,910.8110572587007,273.82433175088914,771.998421943177,531.3000857345068,907.9333113012113,418.2039960726898,443.59987480486564,24.295124968217397,549.2615919621645,525.506628244752,271.4818379443699,234.45503046996396,1
534.9792964007809,994.2801761969087,197.39913842057578,233.85441670646378,28.506284024552354,779.9084564220171,143.6037781242978,714.7912908182701,185.54429889685576,585.0875217665797,692.3820059307988,596.9632349924221,382.7618222348813,980.7042477970137,355.3534695678402,226.89382900947075,768.5344462648779,900.2047762458905,140.85882665945604,549.1930289935356,0
969.9975374939881,313.7588138377272,885.8209225838096,165.89467745765984,484.6509108773278,30.827521886818253,846.9207672612251,392.08523032926115,30.546335002167414,36.930702618270914,309.8089799869654,829.2380887522808,746.5168982770225,588.9168281245358,971.7136435715188,329.8551553625213,680.5303729862572,219.0789860706791,811.27518777818,472.9865334775868,1
665.0352755379956,532.9952630133573,40.4012567331834,746.670741845631,725.1627082073962,669.2416755879248,299.64439257521946,35.96684576107712,611.3965714651677,909.1936204468544,982.5068882243495,729.6428417377483,501.35055596819757,45.16413873353697,913.6389184617249,658.1516843882832,708.7112775992956,770.5131196588582,246.3320613662282,827.958859815144,1
391.70369919214744,674.4637140109094,879.6492982173231,318.100780530416,897.3011813623439,558.5798940577256,699.7227016344355,373.1941080958304,164.3187218378087,402.00926388770597,466.16070104752004,970.4707459599529,915.0317253677268,329.0052504057379,693.2606064073404,949.8167607535926,958.0740582308599,312.4289418157116,462.08737322288886,863.3054410052218,1
374.6345281792273,978.6693452497914,936.3604791391567,761.0038806938893,719.2462234116149,221.5340040897964,142.25849334378148,986.0574071087997,299.6406942529917,832.2947340971607,407.8464645936616,191.38433986983927,324.9443529923426,113.23061152122804,184.69285071859863,993.7221344622212,406.6408329758019,665.3750120489095,742.5779699123945,364.0198390142333,0
768.5971454590972,5.489730639612778,348.4892918865605,810.9614417966694,321.0242625275446,460.0531778681859,738.649843323333,68.50682335881608,691.5064778101416,542.4054972995298,249.0272439584561,761.5298951233498,64.50262157833964,44.599673464057574,690.4890357567953,447.28166245124214,304.83800918018557,905.2969210164293,249.86690997808748,824.1538075312434,0
306.08358267056224,946.8314595505204,237.1642098022152,108.04956529099574,100.1662770810875,71.60242321889298,525.8890577704346,883.3470459879297,292.41018343699534,895.7618763010994,473.7079912060731,751.7705421672605,532.9287311895935,561.3323972254497,776.0202388552834,678.5773767441881,665.4146281525121,574.9755622867505,526.8918178063991,626.2164390604937,1
572.4791311781846,261.2250738357093,841.1645182282036,286.88520749131175,57.525988855388064,742.1616429323747,731.44557983916,912.7305162115728,124.85289300340486,160.03612017370594,675.6763333895582,744.62733133044,805.0450304756541,686.3659864226883,859.5960627561165,498.55642862565054,191.92760597418712,444.29595955537894,592.8701226577758,25.972568336173563,1
492.4077941577568,865.1884953025102,83.23783437584976,47.26653767993261,225.65421804630603,728.227000037425,583.0446035392156,818.3736161256106,892.702709769535,354.5980826076275,272.5718969603749,819.0982809034632,859.0829048282017,308.7574785444204,942.1131454461968,436.5894311183337,719.23893819573,740.3837263004425,876.923977475294,665.8466802100443,1
558.8546255654265,763.1743084056264,750.1926953342007,789.7257818819443,790.4072143338769,872.7245855848239,895.0967971442404,665.2671218834068,343.07095273055364,188.47304484095383,277.6576015630311,739.8442646838395,984.3504956953026,580.5367320454923,761.927397158426,217.06768388931664,229.3589200498536,263.3669845639129,948.1316903249697,421.1251704209106,1
544.5454747265736,648.8339820247138,703.4512689375058,150.15600105429195,235.88139937945672,310.5765477919398,281.1462036752035,990.4481133493542,766.6557456177088,445.23721481692945,160.35826026832456,674.9216800200018,85.84467216732116,28.54988181756346,691.6730975010304,959.9293840731667,775.3240090448521,610.150021922189,162.45056543770554,564.1916258613243,0
871.930342567106,410.07874899961814,443.3061339399903,750.1361817563077,646.1352128936472,116.64644323265682,464.2222906285177,100.44757589649322,904.3583513514072,924.6041809024159,633.104446267077,413.50384474067715,997.9107303196348,373.5937859429992,483.5724061936155,425.25361104311133,505.60244822629517,122.66591807225491,100.40069477664181,379.547462098113,1
651.8337596729156,571.1207772460679,963.1861906909041,876.6946956987705,841.5984909104765,806.5426699949511,958.4004589943338,169.07159473621712,309.2634556304563,859.2264764152022,492.5319263881904,503.9377182591688,449.06101959467173,658.4388359651048,372.55132735186925,429.619482288518,885.0490790554553,763.5122729403549,717.3841183399207,602.4550669518159,0
349.6597462864517,210.50168926637724,345.36339316215447,813.5088937026561,55.552855073727535,995.8978580656477,603.0882437426624,374.2748697440793,490.1468834828456,220.75963709380352,460.7281656051022,494.6941630340125,875.6721005560992,603.0140126443179,745.9961090294815,716.2887780285005,813.8885027573822,907.8192508935505,562.242116344757,901.3352203449659,0
63.08934154844825,130.74775330953713,286.23370811631645,631.4552200431917,247.8987652242335,403.2898504470207,637.4730745445804,176.42928194985873,846.4038978271153,833.2621487925398,915.101194058452,530.3117189387639,149.7042848747424,702.2018429083982,435.4828866415298,548.4694361877271,309.38440040326407,220.30323588554336,450.7810807157248,699.0832539935294,1
631.1501903125414,90.03255395269161,479.3604698481041,800.451300404253,164.7855523040207,685.7220531954418,257.6620914347413,488.5837881381555,659.7779911471409,759.1062048571155,971.7264817883334,560.6787714208999,525.3350583219257,978.6451592372874,870.0378655457727,896.4063157553873,602.0062314603334,214.0854605586152,81.3215913372557,103.62847478126803,1
178.48559540504237,728.0096509338605,333.9634629926208,253.4516363063817,562.3824541645704,750.922477899439,770.8963463865194,989.1290757501995,336.8607276991159,336.5107160372548,509.6432263047014,262.98565339020683,271.8909746725288,813.9355390021163,164.30216758553306,53.73899492810197,16.90407492070034,938.5325846408484,476.0141017890077,878.4366246164842,0
126.2608123177933,290.6977656224062,65.42088440107707,183.87853287549473,934.6787332020172,574.2605523083296,27.977859392591455,234.6518525066741,181.16796833736726,623.1123673328485,470.1866062118466,276.9884314595706,46.82390551830584,697.064049763135,360.31851808167204,556.5166162566607,436.90633163154405,430.85990582787514,231.1762790359798,251.5848168134144,1
67.46318457984802,525.6295881260938,991.7139498210105,542.2729938630866,257.2391827910787,301.0542183873052,222.68137563388413,683.1715214490163,118.53104415869964,479.24833950266566,336.77208417157277,407.09064131087894,303.6559188432807,554.1182818391211,658.4276850915803,173.41101920904867,536.8662510417674,752.6444635715001,240.88623116252816,904.1412312101918,0
925.2325279029503,874.6569241722121,271.8683693677022,767.8775525369383,896.6585917461302,0.6905977165782007,432.3499268311445,100.52284270314638,961.7061974825136,160.35411439071356,718.4277466768596,810.8547815482259,399.261868585335,375.11754013719366,302.3471550226168,454.6870085874544,827.6907178761513,173.69310886214006,752.1548957701534,763.3711500191906,1
676.401640341568,211.4634218879119,166.70604542185873,90.04107801975813,567.1269205372943,427.2378615928539,986.5640290974573,653.8389420548694,154.67204799283795,851.9695993178807,769.2116147920711,814.3185623183311,437.7383903959006,20.098116145361942,778.4317220643929,659.2884965919775,140.9672370494378,257.82746171367955,656.6429312899782,858.7816754049973,1
688.410891627506,534.3075122106927,988.4029617902206,886.196124843605,411.639291274949,658.0424787178772,374.4707316044775,173.91409343658427,338.7540358210266,34.5605735081268,343.9032243031159,247.0746246402359,977.1980395526183,190.1229403980126,281.6517466577286,540.5902199386318,794.0744768641514,42.16032126595459,472.1870751105611,696.1512649923843,1
721.3850487741279,944.7573350910866,106.17177223178898,232.9869096377215,458.4094635867997,117.1268274113273,438.0574899565457,983.8921161521939,742.9466605099939,133.7684600625805,175.53873736547965,335.49852636826114,342.6792293500385,893.1316290346869,99.10283592832592,29.85816720722889,563.2881806561522,140.3310707393245,571.4643787256955,627.7875879171102,1
423.1439316731945,503.41716403335835,68.09872894194568,991.3612775412751,728.1809718976964,995.5949619213441,271.10318121945085,873.4014154849772,98.71328579639626,588.1040064513655,618.6582652871997,204.52284489741902,454.45878213298374,438.40990212598007,587.7854037626345,67.34058571378165,418.42310757525814,311.9601591220571,151.87168005883157,992.8740909464065,1
565.6255591863728,847.7035173520372,637.0823817273014,113.0525265428457,53.462647622696366,967.270813251044,655.1046010357222,325.60851886454736,409.48380187075827,312.37663875539147,546.7757120042883,736.8580190809198,185.3468093238152,471.7689516790331,154.51374254543683,767.2429089255833,78.47529801214404,147.04039682051328,372.99188402162895,213.75949587591958,1
582.010164439088,352.90030297935203,81.49775476237508,373.51010206509284,247.72277969262325,937.1758889619488,413.8966024340365,768.2924636270352,574.1025618347663,714.2259597966593,384.9746288532111,897.6015582840109,343.37559125781047,285.09615567679356,731.7347883328982,648.0829591067333,979.7060904223553,907.2049801329629,273.72341813751046,745.2201934869933,0
711.3110042688056,313.4418507719789,3.797422052201682,371.61404247416783,956.0707058949764,226.37197887366412,571.8836772105801,171.20301875197862,347.38369634805963,144.77040001671793,394.2435058165027,542.2360313223725,597.1096506586865,534.721593868794,403.2930872862316,619.6030015828266,714.0590586996866,532.688730006672,370.6219431223993,871.4985831432781,1
908.7651476257361,536.8656920847804,149.38165177975483,373.53251298765366,489.80216835153567,276.254952138425,848.6412530451478,81.28023726400335,159.23300964211472,583.6078550268618,528.2011047946278,533.9248871581497,834.0414321152596,823.0833657638149,87.18670579071564,292.13435024287924,914.0319090695016,50.80559100047877,227.91283037237997,394.19882335772706,1
267.3806993245352,818.7596939831061,249.1005409335728,947.476570806828,930.1471112562914,514.8951294323259,724.5792835458161,644.6306740812261,963.1534678725437,752.8484253368706,393.79378442224066,638.9625819284166,425.7567866472203,661.6812358491957,662.423440960178,267.7634754491124,979.1790585815633,956.4896120757279,847.4042913309341,718.9305560610037,0
886.7904726041717,454.7134615793599,612.2410105335097,749.5087112873842,457.80774166679515,622.7313877854385,116.2767723208088,343.23898219395267,632.8646215588203,755.8299313255136,179.64438109281744,623.7169888317841,457.4007174202221,864.8452552711929,64.6999467049445,99.67607551527435,761.5547873702399,489.14431989461514,988.5945760781392,121.91669624831869,0
990.9349633913122,127.31752836726606,997.3857484292462,760.3222605092449,74.49733671845682,731.0930702303365,653.0607298305204,736.3004010092786,586.4286199526878,719.8489014843535,266.44469003928185,285.1596872491591,713.9129535055646,558.6837058759999,640.6784025788068,568.0384835440394,446.3295655488092,486.97580867590165,386.7266301072042,721.2479482372074,0
94.21692902089008,737.8062219381352,611.4868396687942,272.10481715547786,194.80386730645694,222.3655689804377,707.4528177239542,13.005783639229662,237.24997936055502,337.15755974307416,305.79929977133526,831.9604667860772,8.037100442698009,384.27953641418657,877.9648930267917,464.4032105082783,267.4655614828323,234.70994219063945,842.3622950388371,410.5402803826028,1
116.36424313286709,929.3308241252539,513.5924970256481,978.8309284968384,87.8978059262464,550.3247084677602,245.28705542637087,534.9958981377995,567.2028899689543,706.9527823984116,492.12140377709903,129.70859592443296,995.0968107087187,408.61805938706,860.0604856429048,241.69153836670853,476.90942248446845,263.1925536702656,853.190955342712,7.454897688082718,1
389.53062255388903,53.96576032724776,465.4854159650257,766.8076130849739,430.8478996627859,246.81767076328853,459.9714205938047,676.5399914725732,726.5033312088708,485.96370058205383,738.9595636310867,212.18995534534645,413.2520205163428,241.31005410861107,550.189503537612,924.7854702620483,771.87329022446,628.8365086747303,406.26216001913974,849.9590973551379,1
758.9852479661308,250.39928678397305,424.73383070674873,882.9249429016993,715.6208743257542,113.03165983717678,268.46794232335026,892.4776941929898,403.29809356517444,905.0799369827447,554.2715370910577,648.9548341110647,654.6609231634754,274.8080263502598,583.2994446528827,684.8836340293501,248.52637840007995,268.74914270847296,836.5243123506825,996.5785251653147,1
263.61711049897775,508.94624304467504,234.10436037032733,469.1356273251267,397.92677839322823,575.1209959466427,859.5530318226586,105.03568296569566,400.13350428834605,470.5500008909176,2.4001980890828722,43.97156063833463,399.75942413425093,257.0057928641304,558.9758148262116,26.44005882711109,534.6601208427563,535.3416418421494,418.7773033796841,197.74431153917206,1
563.6277273882536,78.42258843080319,690.1403781944963,988.9512569627764,471.94030953972145,746.5233208371795,772.2300644528707,76.91366944167022,160.22064618764554,670.2108844884224,595.6243566834682,232.18090441234807,494.16267816373636,354.0721247279051,705.6605707762853,115.8920252480039,106.03904197184877,625.9634873666314,431.8255898135096,609.6605797473537,0
278.08692282574253,900.2898391707348,281.67472599311617,877.4117308459868,138.17621878535567,305.9284801161388,410.74985666181504,581.8054864299665,31.407934310702878,109.51424456900993,420.381079540165,11.954946986917347,690.3121230032242,730.6112678887664,649.9685001436183,947.6867691378861,642.1754040266245,587.4301235583475,76.24580567983175,948.6322356446312,1
471.70426283251055,494.14642995769333,943.8169602872734,872.32576559373,556.0644745835086,857.0150320603343,211.53934042854004,388.9944087309714,91.78817460860711,788.827143174625,582.3252150859664,628.8655657152904,742.566153076668,104.87586411813021,473.3004577084512,234.1137941972937,5.638934312865218,788.237706904502,300.6274911337312,460.4127875619215,0
799.6725066147349,49.01231694917696,157.29991479360905,177.40283579131722,42.055573578458905,672.2346218294947,465.5159434523215,832.2597506616013,136.28512446260498,425.8058949187425,84.02752804828539,549.9166162773355,889.1339278493314,524.6172173554994,793.8734095033893,688.8286602505559,713.8100621928925,896.7558752621777,425.75344845657384,910.2684817179924,0
310.9538534286909,922.8759148454594,871.3072024119559,419.94910698246093,404.6771502769865,585.7892981777368,361.91433370353565,126.6714111821181,171.671040524641,64.28110076517358,891.5285294089206,804.4320167164808,678.6340043579293,730.1140774686921,578.2911332937094,974.2849715017232,111.06848496265964,338.87112947582756,116.67993006861099,858.3794930671667,1
730.6661348568952,986.7384925337179,877.5996950603833,832.4624833781403,235.89942619820758,646.7782989740446,422.97452727158236,583.1995555267711,407.7341909217256,875.696304804773,869.2076305005504,646.8628506052454,168.2968634595171,26.3184315135333,596.3788677245935,141.83395839040335,417.02635240977025,488.5551958733399,416.8513175364036,523.1294139480717,0
972.8706037888035,903.2657717899425,140.7499770189734,36.96517807062571,941.4896672192915,661.6292551084005,558.1146714907354,786.7885631873949,91.61011376881933,243.5089621193859,947.3405426055363,460.1353938252395,539.9161034911025,340.992109899144,300.20307813704994,678.7302785010867,5.466948409042494,33.53615617205452,98.57095123181858,123.98003702154736,1
96.04087196297073,18.703520596084154,548.4174293253631,360.3511730083487,706.7210626370209,76.94872984633416,8.604792239180536,461.8147424576325,915.7163941108336,326.8637246889774,653.6481268187028,318.5699864944368,159.6790491312813,597.5148843852126,578.6615447731425,52.191396145343624,634.8315455094698,161.56014903110093,211.13019304385995,44.0360419864606,1
414.94555892366736,236.24442662293876,27.89939479014325,549.6534221475168,491.40273879268324,583.8905800374987,469.669791977383,541.6722719425409,604.5688418090617,101.3736821036949,308.9206299228683,808.4860858036777,329.29413581923217,892.5252125974779,838.1638997752567,904.6831320214025,773.8098814500975,759.7777769203195,996.3657987108603,448.01452253378613,1
225.9298067850799,641.6842198573763,328.05472316820175,445.7240971018336,652.4357162422355,79.34789375345686,713.225351341882,680.6689654888095,830.5721219231293,993.1826348905896,723.7099194432506,691.7854877246099,175.48902464523718,231.85530765893725,454.42183194524455,52.12889139764676,239.6225691134587,954.2550799874216,363.2405017482203,174.90178035000747,0
240.12353790507436,184.37152257204926,649.6592237682653,414.1310754768797,352.3007017631401,74.21232610950779,641.6172425712517,658.0974485187666,562.1657330762916,846.3962874663655,849.7280078160467,165.4287255167519,473.1467188144209,439.1917224633346,409.6698784980779,339.8776333157387,310.1297028732384,241.84777500199806,972.5868359432039,651.1744561156997,1
298.4988644291712,972.9657406996254,177.09061257657132,169.53016444663294,733.2230136575979,355.29001604655963,161.62154781361414,909.1328427368699,794.9775034771918,698.8693051295254,352.41309788323395,202.19625790384475,194.02947832835636,838.31309260545,432.66731718468463,297.5516595735904,690.0008905340934,137.01368101873757,297.7602675784299,257.80931788753514,1
224.9227908415967,879.2209646122466,416.80253478959514,256.5785812061918,887.6224299781732,776.2853240383486,630.2424646748964,506.42869518452613,954.54517905943,660.4165504960712,688.6068705887734,388.8054746220564,537.528910124969,280.3639300670987,634.0923012684675,757.2189097333621,365.20810452333075,971.9735310389954,300.67837715363663,683.9792123597188,0
402.5385828928576,378.38229937871847,412.83190996966425,448.4546007373674,894.7239161215692,859.0859183325947,840.134976654902,775.679382102891,662.7538737304459,35.944299974292825,330.8463789498921,447.47709952806326,322.27996160461936,454.8308641091826,862.6876962308661,433.78389097927874,686.313207561578,556.8867607197681,400.46015825687886,234.63352142811655,1
952.8710351430303,12.310586487124242,462.54896389671893,803.0882549843857,40.60639864335647,482.7108015234252,166.66373242784672,347.85312412873435,949.504129292147,755.5905382456089,12.599309871469178,478.0256536566324,189.4129109389664,890.873855470979,818.4226046620644,343.7196512708206,94.98839432135708,922.6952813062868,284.1600323859248,332.3216798757832,0
374.63698736327854,370.46704873612236,32.729832038395635,390.1763864682569,570.9880463123192,293.99748065751766,179.4292451994608,990.4869403815806,191.01281246827705,101.47124263641561,574.8788084813388,441.97192727431076,232.11344269658107,671.4675682350422,249.3712813284923,373.55231787129964,108.53566365328271,42.96917927858368,274.5687132614234,941.248856266953,1
260.994224455855,537.8244836019112,750.4689089608007,150.5176967778612,3.5404610901270672,251.81292565194923,262.4707475485376,96.10073035470678,565.3979473904976,666.0129656316124,569.9338276178787,84.40933088212998,300.9965960719454,53.93261301638608,708.4583957501387,887.323062844315,565.723735974786,43.62643320309256,917.5918002681009,538.3892540485961,1
403.57734676185385,36.380081492637274,803.7512164630398,910.9455043608165,949.6978629301864,159.52741263924852,959.232574204387,35.14043495116792,440.8382104841333,486.99967023781255,936.0497935487208,260.60373284915727,502.1194610619509,495.0900989472532,752.7876710482722,922.4365349314972,764.1484703926203,672.3557147941573,768.0993098625232,172.75573944998735,0
717.2555055404094,530.9249158936694,373.91286786315993,45.02972337346489,972.6385103955553,82.72285176728089,488.4417709624939,261.67263053897307,506.1224391350985,661.6950975220348,382.5062056388425,500.51083703833024,588.74502822643,646.904789665925,75.21182420515548,225.0449326224956,641.0998748609422,402.699664835211,328.1376752026279,770.2435486936535,1
429.93433435751405,617.7214279652695,442.35299622128474,919.2908992107668,416.0118980670663,32.37585551301747,64.86470691051305,238.60388345960948,628.8145926445452,992.2819523411441,273.0662118242921,924.0767115029711,561.6143262429257,162.40878152534398,580.6184102872184,346.12439658996806,338.2301398411187,206.90826721298217,598.1254146461927,236.6781028864847,1
298.713576418566,343.91030817464673,118.62352894082085,14.464659675441528,314.6522917620703,20.17131332148614,711.7603856271016,983.0137469375209,332.48886505979925,625.4960162642917,255.2124093050775,974.5713372545571,271.6416958160091,168.33305380002116,806.4853001745081,147.1044760477467,439.8197058373145,300.56182630736714,29.01242987585595,296.7465411895277,1
85.34922052737292,220.94409930601256,922.4108866089399,169.02047949683586,169.37739831156938,463.9306835368353,327.55288585673225,352.725836406116,906.2802804270915,439.80966519237705,140.305051995704,619.5764650265342,102.8312169055513,46.42813937776691,605.3991462128415,440.22349592634015,66.65992756993955,810.4488580392044,214.8750004445168,435.4095598071128,0
767.3139863296705,374.71711421762785,923.3350728230838,602.3703761424338,549.9474670093842,381.1705027201072,678.3366263246879,784.5063583511535,737.5522565524664,230.36809796626244,340.0976436892634,744.7554385408139,466.34717876068197,407.8273221044398,185.3198330687481,748.6268086545967,109.75421625035975,149.59489587026675,379.5150521290778,298.0632139223165,1
691.2047546375306,458.1836227365087,937.6091630478273,10.388686278569148,2.434019528612774,266.48054946868416,233.22507247238244,794.9896686905328,601.5686138671899,226.71588315086234,715.6101484856157,554.6208329228259,976.216413082066,206.1744450233286,218.80334561023574,634.9843785817798,293.62252787717114,49.069161601406066,421.73841150725366,638.6106462632413,1
211.80067109437817,21.39276632694731,190.0341532369385,697.6742773776978,370.1743503673244,772.4764684050369,433.7735940852776,928.785017658239,26.28602037278849,416.11616331139265,362.2073569338078,977.7179802798414,624.1508841020058,393.2670172399106,455.8439535825036,318.95492186977526,516.6526791079845,62.04021028711671,82.18523246826781,869.9394894109943,1
67.70987676186535,48.57654414545753,192.74596582883007,974.7545226849767,26.70982669483046,980.0843278216723,11.42454296809181,380.4582999109182,693.6081176107357,753.2780927847907,181.86594272259504,62.23187409527886,192.63400203588455,774.8932062893701,447.57439158611425,570.4922611573908,519.6622837706992,528.9207742875622,111.27857365838611,729.8053160803736,1
873.414726257029,691.6787485291803,64.48259689520897,583.5446374253133,371.3004268112434,741.525093748199,371.7681395036596,819.427465424784,663.6460385615185,703.2695123335911,215.36725089385433,624.7348130822783,210.73311429557396,448.53915077980963,364.11144625265257,554.0645438170895,575.0616246670836,121.78269704699719,732.0461975011455,937.7747698560897,1
47.70411091304061,405.44569342956174,56.03435898583753,312.819446510154,545.8846928998245,920.3131588827382,738.5903695525228,434.2504527936396,420.05462625310963,324.4145333520533,899.9589145486871,47.28443819278294,830.7129009046544,962.9335988842801,445.61265250288153,195.0287492255265,658.8719925506575,164.90067320202905,108.31509354153668,463.4049554053289,1
466.74666362567876,756.3274762510953,189.98366087004302,221.5225818127874,741.223146653383,604.2490510930295,610.6801554497848,38.57217897233145,329.00486932910724,83.54534313217287,508.6027771547992,699.2298540145711,549.9032842846633,685.3794614498482,996.8121526703585,487.14331644285005,466.46673668766636,722.6592088288814,163.8429065167024,769.2481633574048,1
290.14876573616544,295.75944596917014,697.6910064251579,533.8519029622036,962.975979928761,297.0467185705552,151.74813290408719,781.5647998238409,932.034911774342,256.95878009799844,11.818494812092851,5.302491434942103,607.0161817809641,176.005904190933,554.018920956497,792.9542062042456,850.3261813680391,53.10773152816539,107.48482793478209,269.75291251335534,1
178.81814733478407,421.72247004486496,758.5582381167192,511.4904040176993,72.14107302757688,769.9540210498533,640.9604007060857,433.28653456338117,632.2122002622394,429.8316636190742,337.43490186656453,780.6088949839507,350.3759112042245,296.11962071321483,59.505939422870746,480.26637570337573,193.7752751354467,519.6620396717426,439.17128840331685,675.4629678937188,1
829.6689850723762,476.5662123933839,357.0259772697709,209.28408751087613,268.879082052771,856.6848045034882,542.677649612641,890.988315548303,113.72875742047617,931.9541501889817,735.5751393960212,628.3975657001316,961.6960650973141,808.3237830151676,863.6719456359336,882.5152245242866,651.8899224701198,567.3975943567643,476.3785032529858,214.559502407218,1
535.33282469078,837.8808245609871,811.4649805513018,805.7000070138213,408.4143565256424,648.053641811917,493.3359285471741,442.0411665069257,972.3883741809971,535.4222561084052,602.2730709459057,829.1189557580009,978.8221033065623,804.6676989120917,131.7546084960477,941.4285274309751,862.1428142346061,600.1309717386623,818.6941405128717,917.0141087565039,0
44.11035683179598,929.5361247854748,90.45519959479753,512.9149083498716,538.160296194537,281.07771176650243,95.6636767966953,910.9877157114065,660.8320256304316,908.8356490076002,718.7268725985683,608.5627944328351,86.29232935810016,277.63129723072535,914.6269729966094,691.8313965698338,140.8612889201789,467.7958045794656,303.00659579683065,710.1180795160993,1
449.4849524907225,901.4293218316508,812.3771103621106,448.4037366724656,492.4753841878892,772.8225314513453,237.75899724862137,461.77981695364576,576.4558319016194,964.1564210756486,706.5790759561652,378.0132568526154,818.9903360787292,570.9707925326811,474.2829021624656,103.85591180837072,914.0685916886948,203.0223513107079,517.4290784990819,404.9525182281344,1
820.2753917156643,56.97539366215854,686.5503090434356,608.9149312833622,446.41492699725836,251.70409629875513,225.0627969360618,787.4767165318065,339.632519078971,959.6966769340949,602.3403750957466,75.80593108086909,405.4161652687449,466.970194746793,940.2931164331533,186.79164701961426,640.1759291795424,91.9371760355655,427.99224717563567,424.354567696793,1
55.59901190666561,339.8247050266541,214.5985234225203,569.2250068647345,669.2749925453851,479.62963936917447,437.46415552686966,705.7710330598442,911.9408485438357,280.4083361317169,401.2545238802594,263.37654564866,699.850108400131,361.70014836161755,845.3358270601422,912.3822063698594,769.9692010292804,462.30487221331106,281.5320505943849,210.61629304526807,1
368.04399239600536,914.4356476054892,130.9741650355384,643.8640210752145,657.7432340381957,801.7880046507905,814.086012514787,625.8139678755158,204.63739090877343,8.789451451871155,240.56838479327857,194.11438229090083,817.2480440281441,972.9764260545866,711.7681361799763,495.27713258491536,318.5703759922057,538.8859400047862,365.99627017749305,221.77603201481188,1
93.95339227732546,949.9237215351086,774.4809489762214,526.7592956546679,781.9170449720052,763.656444089298,319.32562833295594,4.339997469800516,509.8855855556348,795.3339440719728,63.990606040933095,467.57105990436156,804.6784817970184,876.2329396434085,934.2006514908445,62.64890225518083,857.3618013976703,688.0633930139975,669.711286043506,240.30919003842254,0
933.1142980543135,854.3038911917812,524.1459281245834,28.832992589223117,803.7562593180932,279.40412083716717,659.955595495829,174.6153930528771,585.7091081950208,434.6896509902981,563.6687957543612,930.252780540791,577.7965285749848,290.968664605285,937.2598972800472,855.4876160434412,262.1575403422253,754.3895260534806,479.60470762318454,729.1520201937228,0
669.7917975697305,694.4686174747001,117.74004428336981,848.1676035365555,104.40857375647062,596.5040266639745,575.5479449032872,784.4441095138326,148.45480480916763,361.24326922465775,467.9625118407206,641.6869475160626,522.1693977473547,595.5548728631717,272.303641523007,467.22462399751663,959.8549067905487,766.0141363576597,607.4850764406438,100.04642105989203,1
805.9783686931921,835.0745543277925,249.24747872971363,847.485508515892,647.4248308086272,943.5438943527741,493.22999494267714,616.4316043602648,824.8461902423198,721.0100341575788,212.05444767522852,577.6013954465612,468.69371549678687,450.60639388516154,850.0765836071442,70.35505363386562,440.12124598847777,710.7552604769459,929.7316582154043,743.1132307188964,0
384.99199626922507,751.902157440141,931.2484175050138,25.635865701868266,972.2067348250162,621.7690100014422,849.8935869814993,969.735051739374,184.74958851755952,643.1338515430534,463.94050134041663,686.5620445332904,821.8230100771432,941.8153015450694,277.0100742553208,929.9164406008615,240.70545392640042,72.26729390532094,400.2958483060559,139.82311569977634,1
87.45015547333024,403.03657950765046,787.4825964243753,692.3051139766503,2.921772985515547,572.6265552903511,673.1792481000183,418.7346971710919,818.8156735430983,355.05617007310485,346.24767548534,614.1728048206284,25.201860938139696,431.1398773745836,189.91291042142024,881.3054197862285,587.5322535946915,509.5214704423433,831.5656739362644,515.2133977664457,1
66.27658531608715,512.6548865356583,213.84166736580013,499.7400712677244,678.6462137364485,873.8781295455353,208.08281703582344,175.71891436057828,170.2453546735808,494.44701025861394,856.2972406360834,227.04578328583992,847.7701872266592,229.42611097204747,878.4110620003967,13.924500065161105,373.48936916763387,660.3732889474684,9.44401298770503,378.568171085148,1
607.5585077698781,274.6302067136066,463.0627526010301,475.80581928010866,359.20424739143454,468.6422047527183,692.9716515017981,558.1216840954326,514.5443504878715,796.9583076759084,362.56991581075914,483.57301207017747,745.6196800157479,785.138774114361,13.844150008593402,868.5119341701931,160.9653367818341,736.3092405367399,22.48310945677523,44.24200421389723,0
814.7699870708748,157.9549450328409,183.55994835384914,767.8946803151022,914.2997988882759,812.8207015620458,594.7289335301866,143.94709070920965,36.48268169443225,27.408226052042405,275.5967721874025,537.3397359019565,307.04472923305326,951.3326673088692,289.1158543495808,778.445377565421,83.32839214006849,751.7101543514977,709.5249860280899,19.191703248017333,1
326.87800071430564,349.2996665455742,341.2345401489789,916.9602510775472,782.0531756149302,219.00981406029175,809.531446529178,635.8994622671773,630.3067984884866,678.0032025895248,576.060591087702,151.9525525984504,75.33479595665426,752.1553268420489,391.8440657983695,401.5058013941347,76.8655152051414,278.4029479871586,685.156727678005,274.10571725565603,1
423.82429735662544,707.5751083138318,323.9012138789086,273.01725798535125,734.0464967894333,856.7259998007793,717.7490642552714,428.2360102994056,801.9310902210635,497.21617244892866,501.8950009001707,898.9330239995057,354.87133383846515,192.7441624607913,793.0054345686478,490.5241281060816,563.730538949959,875.2348254303233,29.942595908212468,402.7178594767774,0
367.31274648788303,387.49867333990505,928.470548716421,142.4911108579161,20.552203742719932,637.2939554269209,199.57432726414837,662.3588180452884,783.4814378878266,843.1142395590366,443.67121938654344,204.49990710130473,76.69408925443533,433.10117346242174,873.6358467903342,665.4653406298107,106.64053045473698,144.54101642871154,210.00676908305704,403.10033098880274,1
800.5448892696189,785.849592656178,994.0037781331403,311.67813114910746,473.0894776632754,717.1157214221441,342.52638867078724,88.06253545416898,406.55087669373955,460.15478655808863,48.95197215815128,956.1475447518851,571.7084574922196,822.4868485286377,530.6074113655662,958.868649306844,288.92394911065435,807.5644161800125,491.7184565948557,673.2708367993694,0
915.747933746642,817.1333625442305,374.51168691935777,668.6994359243573,504.7806246983416,95.26967920334984,399.3174187485189,604.3802140002675,583.9923480913942,395.1110943337496,659.0378857164224,960.4585799138312,468.75665615169527,397.4015149811767,805.8232948282127,598.4810822708854,427.33171221662593,987.0978600543806,106.04916064374548,562.0303829026061,0
400.14051939840755,302.4291045990504,671.6007067050004,266.920675748312,761.9124869732125,383.4476460528873,826.0182835483464,465.1753570368481,883.5510422239026,817.7518912369998,673.6462757834701,682.5529734117362,154.21982668389967,651.590597211017,382.1434963378739,293.89102955007274,422.61226996234967,969.6975909552721,812.3047374994399,245.12072961648045,0
755.2182073994219,157.26825926266642,868.1907188427879,213.47375836557615,853.5512223814604,136.86629451127186,124.99125605340922,384.5027306882469,550.6582488974783,378.005962691192,470.77650998714705,21.517789215322548,410.50639231339693,859.1551519112953,463.4732762168841,155.91435066214433,528.2965331074062,635.5879692969955,931.4046004179709,927.2319588003875,0
893.5607761319657,335.27070027097085,969.7525621085406,579.029225634023,648.4339502257637,556.4225349301836,271.0850225013874,41.82537360687355,155.4599668155956,137.6062526587295,707.4120757499496,971.382164274959,623.9082628079898,984.125706045706,559.8173188561639,566.5531191015382,744.4668964478934,875.1272832741774,47.90623064297617,477.2850204872731,0
398.0755106425817,596.989590517072,214.0866079732998,217.09831606333663,348.55170702037344,452.9664863075847,370.1266929639565,220.40504213866006,31.480915943487787,307.42596437380433,40.32317514593331,410.15326639057804,373.2898411167569,750.6282887715063,522.380284946624,661.9009485332127,617.3000499398808,250.41959589338492,117.17547794963346,404.7513402204965,1
53.70004203608214,627.7429639174949,924.0033443487858,21.70107014647227,700.0292474273102,235.06988746983205,954.5827443562287,810.0883682717096,523.8367882768808,215.5072516054799,465.0509504094921,707.915174353739,155.7168724528153,101.26260082217354,445.26174951674193,353.85196935314144,265.11786578629204,630.6839545044265,391.03851258652054,604.0774245467404,0
904.9583996017242,225.92894517639994,527.6100490745617,787.9437777013856,744.8424881205524,253.63181611419438,929.0331316538986,733.5797047688741,539.8166599834926,733.7027610415488,266.0401374858755,104.41230670531199,502.1098861210176,352.0436951111212,121.66679610704124,948.0847193896733,34.85078334412406,738.7532660256946,173.91846000745915,294.3217112532241,0
745.392315867943,57.425518217490094,623.0492523849623,980.2204121762716,731.9234503856525,575.2127102418689,450.7221333077782,269.21865287834044,499.4020717970231,560.0521068010427,943.1755295374459,582.5014492347726,530.9537959363205,597.7412540211976,929.6706591024949,469.3306618826948,126.40417727917242,713.0832550321833,222.382311218976,125.40893819243182,0
809.3064488299083,58.91483600306313,929.3490622862671,295.56835104255555,131.4742843386535,291.456591110249,944.6491670007226,827.3992547293248,103.4934908362053,821.963805144072,435.92623386840955,331.5303502852488,738.6763809639455,391.03956625572835,524.5085322379616,511.00328680934103,658.1251961837413,436.4358050432904,425.8053176202883,633.7116220487165,0
764.4016833017499,462.9167730772379,825.9096955369209,206.53206525969324,860.7031083578136,214.2353371062502,536.1642404224044,231.2357647671721,964.6372805671907,640.423308191448,41.6326441972944,44.10214557990189,860.6641739944483,771.3436597017487,734.7323075444123,86.58605168277134,445.50353898189667,838.1352818592321,924.9645871446322,859.2675889828657,0
804.1658207254421,604.5850976382402,697.9951375776645,439.0880285841791,479.70946020661256,443.9010201934501,349.73962133075867,645.7401561403842,573.1281638144578,632.2809699418173,720.6758718019313,303.42650913467315,741.6762497844227,673.792941885392,296.30545545400946,821.8121368999028,640.8131574578732,347.33932039429027,630.6177472257197,431.4310778685828,1
715.0813885002625,234.278870687753,947.947532538503,278.8295853534286,225.21569894397751,906.828816383015,163.31850619372668,332.3602561374304,406.7038813697862,382.9009541357732,606.9110145161249,949.1200975926561,30.88626556730434,674.1786867954617,394.7856503898043,666.7013243839363,895.6786352577848,67.88545252919698,699.0192111195568,563.0506077896637,1
124.24690682046258,419.8608386495969,3.692427865257364,3.8894130935247517,240.02578606146864,908.2359779563614,866.9350592008618,628.2477525759621,377.02629030986515,828.7596231953796,302.09448084219946,612.3574609715653,921.8704957818372,239.80150779956588,526.3445191853477,395.55758954416444,273.4178366408845,19.51615271199225,956.914550332296,428.71298892307175,1
600.4321485185822,426.4350698384737,989.7700199396073,51.19628957729727,783.8724317921584,425.7520159546575,895.8937507917462,537.694637900602,370.2557565637543,157.39942998290059,712.7741811695527,715.4236885115811,193.7201856499886,425.90941534885627,814.5833501529968,277.0620067784499,877.6623348874781,3.519810756609454,72.70160553580907,834.7260263914244,1
802.347117976102,524.0422130457363,860.4609175634766,555.9806663863502,21.637633154429793,292.7405049156686,917.5858490366876,197.74558557982536,91.56797784834447,202.66925226964926,331.1948593252063,444.29133904205764,948.2239626884945,758.2966306563128,331.4869356646035,229.98038156641996,584.9386428984812,479.35850547994676,957.4095151804165,159.28385003217093,0
898.5926475208539,895.2441127921378,463.36268527361904,670.8695657344052,610.7930199375329,629.1394643762653,175.02519569265084,632.5898165004398,838.3826044814291,557.3445090792934,870.8487177717647,810.033760380144,382.4564526411268,331.0035673542628,778.702232047512,24.141672412019144,723.2828127964175,804.2446218885891,339.3542169763599,43.248605391213445,0
666.3086899722784,286.109537801721,904.1652869588332,728.6684842333065,984.6183392354881,764.9492861468844,327.60903858290925,121.7988528752616,207.21713922738226,570.4844501820162,405.08970931823194,893.6913661660984,591.6193545483787,805.9233248229004,870.6704002122591,759.8868087933154,106.74948351732982,4.932369396794201,10.463256052035796,964.6009687676117,1
556.095407174595,273.40282025106313,871.6557693964727,37.34659649317018,685.8461795076751,309.8411344150752,21.590094292233353,692.6376592761478,457.1349983990941,890.1025659151882,403.26699963659587,783.0910868289907,789.0226343110853,961.3755379074802,712.4739502716039,434.3470186655094,560.6167433639566,931.05780009321,419.04561480416413,805.4261918581518,0
496.5067852972179,753.8039100176044,994.5287025782212,204.91672593178401,281.00622271526896,925.4043363990457,761.2681514468867,286.88440130255645,738.2273234535907,304.21844969867306,838.7320292444834,982.2713259726632,810.3442866011662,63.091095186577625,189.79601120756539,942.8969788982482,148.89213850926498,984.6536645292229,232.50234814782743,912.4493712821057,0
997.8174097476544,822.1394335098917,675.6522884654928,557.9111791953936,616.5603327648828,570.1821118500403,331.96580098984816,621.6662830776368,390.3512710941229,430.49399405497314,425.63620581935777,795.2880685220617,334.76706963141,263.63096594872917,573.3738421302689,766.7332265600622,302.18402048504845,816.3485590019502,889.5416389999469,187.74012743638636,0
985.8702549699991,795.1276543454117,711.9581273245037,512.610315068926,569.1425951834782,303.28762367977936,580.460842268844,128.95594866616577,185.81662101326046,958.0550052741821,777.28090853808,33.70177625068127,981.6791306436089,204.34566267005837,701.1075116405904,79.38000553382496,223.74687085578927,990.8443761853102,140.36606655538142,409.90182377844707,0
247.2657082106736,601.0234846105021,718.4235310246441,216.05299853005812,806.8812237137863,495.00158530419935,301.1113736248011,961.2843651509321,430.6217291044133,781.1058602032317,980.3261392934332,569.7367092745704,596.7494268585705,703.1538521714169,89.38540515990023,334.4800066550416,886.4419159086085,836.1598984293223,551.3652927448961,333.97583827335086,0
526.2136994707034,164.18163212538119,489.26936945398916,924.9719121331764,996.2568282240185,409.6342314509299,3.572053422340127,5.329822688842523,325.3921623244671,525.5780293535802,522.2891418895114,832.7621217337584,975.584200920709,266.3390339539986,195.81961962761952,789.005272754698,642.0860901188727,74.87726919568327,344.56149650411203,296.1356989384384,1
701.3615410443962,529.0090809617545,493.15426343706815,203.6869867224147,672.5707574257256,670.4212313340062,421.49885338355375,654.6111307122519,59.35351022582047,287.41802832976794,295.66062641314784,354.7474357203475,750.8507619029778,935.1206154236801,843.0444602859742,535.6190408074717,67.82840480240849,289.71488546810576,113.73682988524092,946.3731320419281,1
59.6364972044845,591.7099327355829,685.9843942016399,116.75008820315192,175.29699356207695,66.53407360147045,195.31382953605046,369.73082976193916,814.3255976463804,135.30468578506017,530.5847770134626,787.8423882293328,988.3562828729201,882.3173871070558,223.43864524339907,795.4815830372561,485.78170934966505,767.1422818962825,361.6882930599102,379.7193438852903,0
178.56454764366458,354.8395657258294,939.7050819084831,831.1742767003997,231.21458347344503,517.6729491434178,776.8784716546706,839.793683207781,614.423396273194,636.8649121962565,451.7607920684049,490.6326985003302,43.84278183707346,166.50440386391375,938.1183755065734,200.2148824860316,865.4854351753353,909.9394571981537,353.5300857792648,870.0580458152596,0
38.465912504074495,233.88821086830035,866.5550339242365,634.0405353174104,587.2725815812938,103.7795919778708,491.7626786831002,705.8264223195015,803.4742716790028,895.7720737431164,966.162543435606,12.270224580832267,118.480448206003,338.196238493247,19.905864924968043,429.44374399198017,633.3393656463044,83.78377904831625,805.58961083131,518.583279644378,1
423.3653603005619,822.327844799254,541.8420818963756,484.4651936954587,892.9188859165026,587.7647787831746,878.2853532494138,882.325415271755,89.66653067423292,301.3241451501151,686.5098150793589,226.9475105452986,745.926227155575,946.5363945527345,505.4674217607342,543.4421023649828,32.59527855251299,742.5940285206281,748.1492463586491,480.56387852465855,0
207.57014944346474,251.06749674857397,925.77760498952,162.25458332411878,826.5685387037881,563.1905567498382,217.6422106225091,218.82844802677525,870.7393736244699,156.69604797953718,737.7326496290907,831.7352369608035,752.2831994320117,888.7300542143382,35.04682911917545,205.28681466420383,819.0712424469847,447.7047911984039,938.3662408279296,365.09579215130293,1
964.9792726456496,812.6399246069029,179.86295639594064,436.7668570635919,828.4699027817585,855.9072985204552,510.70630139543704,606.3318764705739,420.3882348273357,367.34407468605514,727.0168914159309,50.90878956716072,902.6197611047697,709.4022558455404,809.6198068364154,540.8192732217295,637.3789489985888,549.4768324618373,996.239341420975,429.17459445905837,1
747.2143211365607,991.081754116626,468.0511256824057,508.59959200477954,65.65690272488744,299.70709375723203,318.8665690865361,384.24802267967715,664.310553600524,704.1840034185038,222.0606235528748,538.6287196835239,210.1429066882301,559.285903343148,824.3998629712066,126.48503166709058,227.80260802285613,290.9778129521672,466.5576359263682,687.1623982896082,1
240.92806704080948,676.3454368182167,418.6221872029978,103.22105891178579,344.95161254439586,195.7335247940153,667.5973055570762,472.6874579822307,952.4423036254134,299.8802145386803,394.0043709383674,889.1214487475053,626.5471119486793,317.07770420656067,808.3271594938352,339.80904913540775,605.9617316034532,185.60412304177288,202.4902426795001,157.5398413491891,1
783.7377706060511,480.5629612615413,720.4034601614767,150.57869646825884,888.1471261400205,609.9429698012307,312.8689408987794,48.88081759074259,269.46834346369786,980.4024729062737,807.6537668531163,432.57473084892627,367.5714160290702,697.1072705822322,943.4518415824513,921.6147939578194,772.665079429523,624.7086348470276,653.2556405093396,245.08134789418622,0
690.7570447679633,279.0409563195987,168.58208692394382,503.59205228757065,223.79108470427155,438.8741558148587,994.0924761709244,779.2042526677277,62.342934174903,342.53110429821555,437.71720762385235,222.73856444566943,141.0123244549011,85.72377854504987,326.61081142553115,732.5386711364068,811.3089333405036,504.935388572308,811.7093197787854,303.5209542675131,1
328.5703798494739,44.50645442066337,766.5285978655542,330.3133218332003,147.6808287022614,479.6718072804342,725.1807466554782,382.20560968444073,156.4975189617558,233.84829600510915,344.4912186315808,207.5983568316826,955.2176749972284,85.49039870586972,276.8684561466266,729.8881278012715,82.35198913420672,16.676509751876623,834.1440620324071,530.9729275274142,1
351.54594951350924,92.19128731082893,610.0853868451724,662.8580634728047,361.0045126253474,767.4631491840235,318.28316286319824,117.42255171539317,118.95897769297015,363.58506621773955,656.6796635715509,414.6234347822575,833.5238896235228,807.6033369999153,408.0901839080201,617.4131678953588,749.3124967911201,485.59172945340725,274.6678609291029,387.0639504177562,1
434.8137478619419,295.6709957666919,646.173142071735,338.62150601302244,0.33858279235621236,392.9645325972615,848.2809172201746,284.4045402686295,59.18864443844674,195.03519040603013,247.97610058343966,679.616784038505,452.5734288561548,343.62833847722993,874.2808165145204,59.036029112274015,69.06402185061056,452.9911184004022,110.20323948823486,733.6856471728047,1
296.7975348982943,883.6799757666871,213.53884796000222,352.63828533812136,169.12366974396397,652.1462413385161,360.8024744534164,692.2599881614825,958.8772682169616,335.3789598855882,762.24946026482,323.4866667543481,210.93606712194057,409.8043973823814,124.63799401981635,975.4057043757116,763.1670669703692,279.288131231176,933.1844777035424,767.1464009565956,1
792.8015953488161,740.2280241216954,520.2495071495447,535.8321130644689,764.4498576170695,112.56648704583749,776.7022881860073,94.12712161655045,165.49946136368166,191.7942933621396,500.36147502941697,342.31988011902115,525.382176852069,265.6517446771274,563.6654125907894,814.3182308253389,479.2088508933452,522.8872427356578,904.1766365367259,225.33638586328885,1
769.5326960936287,91.78429527053345,531.2230101720106,851.0310437391731,183.57240765774264,271.1016788452153,169.94008396807592,158.30256749292082,489.5570947640625,559.7561696873865,579.4557330777558,944.6221403499376,858.2080725245136,743.4604226242427,116.70245787895172,738.7424446268088,198.53088897746218,880.3920196569883,817.464372614214,240.55000739830024,0
930.176126081268,917.1645957924559,335.9152647970093,696.7974062768526,869.0035434918391,231.12107443981301,585.725707065647,762.7292226208656,78.07218634360812,933.2552853016606,570.031300405623,333.25188836741694,207.35782217667088,256.82910505725596,462.0541173888345,685.5040070803718,558.1477855699573,812.1845487017885,156.81760232170728,216.95501902071112,0
989.3251629215049,793.2353824409805,240.99222431545064,591.5100771847193,783.8183762453436,706.7713118567225,539.2770693641357,265.83130645005383,896.4318335340348,194.69479880837392,711.5496904598037,798.1294533156893,607.0201980651026,398.6964306287756,960.4450923425568,512.6575415885872,75.15694061081257,107.38790861266179,17.828877120610986,119.84140375579733,1
926.8316118195821,168.70007863497617,783.3669956763987,325.96832036760594,661.3429367234334,457.6910138508664,917.0538210391097,448.369188259226,815.065236877345,604.9263500950514,291.2497421932537,9.022571619424657,535.9665784810243,184.7593629925821,171.36681278612,419.0209928165919,642.6605227920858,477.02076144601824,103.47223458800691,765.5517046555111,0
227.4809240994523,749.2864373200891,67.64907769643136,402.1275408956334,392.3247113195569,921.1423263993687,521.0167340012781,405.34785400203833,357.8294878283277,40.73690489663284,232.4814605158032,219.49110245457638,726.1429887007504,724.7400039290434,201.49513978123656,136.79632376559013,857.6373816701281,842.6874953157626,892.4530164298899,309.4220887003361,1
685.7574886994959,595.2301215185672,273.9564224149358,611.7762376916016,454.1543135612292,127.58351881110453,504.94862300192966,714.2996494725766,180.29370658278708,122.84789607892033,263.8758302269971,612.8026580651771,926.1656861804432,744.8556071782986,564.9931791377978,916.0376595578759,861.7231836287963,966.4481002636173,660.8656531639433,119.5669511177393,0
943.8083337762425,807.2253295929174,55.41500603908267,598.0880742880082,240.52279476657546,31.400271508173816,204.6426460655899,642.9684404814333,971.3084020116254,900.4679856660002,512.4679772988858,753.9668533750495,397.9763727121494,528.6444214365723,659.0098129044958,142.48767427432696,811.9607243625003,895.1626375267256,182.35439033389923,393.79727300485337,0
120.70408165147096,974.2900737665318,621.77678227123,384.8506010047874,872.5691770954579,686.749445513524,306.85351406189534,954.3448970502935,674.2038969237382,616.6346963043811,740.4490937832119,494.7141816809469,17.994994549875077,634.2022968962051,694.6985214518444,988.5040709871672,253.16761555219514,840.4843779727969,176.83122826743747,859.3916804777969,0
401.59377324153036,361.7094515821814,273.91347570232915,486.4893974680977,940.2545395574105,784.4289468207663,613.6924296521368,404.4925076966076,177.69203748195395,628.1410620366225,813.2024435274429,943.9471853611012,517.512495677577,364.7215687652826,904.4481010072323,232.64503832495842,722.5877856786304,774.0700211353798,368.01330232842133,927.4679574290687,1
440.2708183242089,552.1307490785197,758.1224971244284,287.87583867222764,153.56549084867765,37.981880128620915,604.4339484116242,959.2457283527624,329.92659644738853,851.9587792748149,794.2130952648492,750.7044392272599,656.5734840887447,452.5356813271811,156.21406831227458,550.3260952315491,548.7668877227434,245.24345335789633,291.91691837737335,58.185931255461234,1
159.54389039365614,969.0899091542034,752.6308196147871,753.5971229375399,633.6673060125324,323.79222007771557,466.19568356106134,510.7433151302724,667.0196340981249,126.1240300134765,928.8805782559754,677.0309554763131,688.6306728933986,110.3610483318741,607.4947531236029,560.011324065865,93.04979827890891,840.0060854646779,409.7884462934824,26.377955150521217,0
974.2456102125902,138.45088001032678,155.96432678773752,525.9090610003474,569.7647408322034,175.0879827256452,489.4285196696981,517.2305540597649,52.44435502710998,811.1586148750159,308.5007605435297,144.9137557399528,764.6134563141112,839.5814029775704,946.2369604382371,144.71500615907195,767.3791813181637,655.0759364100433,21.48222453461934,810.3293956371265,1
78.66701571031986,244.01394079197104,38.15653407826114,494.3942240546757,694.4745215242017,821.1540924863664,434.4659268708538,848.2488466741812,617.7035808552788,756.2707606958511,365.8093419437075,410.80982287719416,637.8430507725517,941.3131825472103,221.93043691770254,870.1047441905049,870.5846815403694,704.3717061244538,358.23685571944907,940.4886497498109,1
681.8890434557858,297.0416797373614,224.7737747838374,625.5744632263817,935.1597959263128,973.555232322771,697.6113376971464,2.8266365584297404,426.91202670354687,857.8291419147838,692.7684884125877,314.1159607161617,683.0346872561918,635.9350437469124,740.9808720997837,791.1135732349618,111.20066008216767,987.7647641764722,218.29641912710719,924.11229824307,0
930.2163963989542,207.38775982592784,632.5924732221108,17.571775775533595,21.822964104786568,306.06131511844524,632.3914856356365,95.11722033759607,238.21366953179546,505.6526466540712,396.4304705093541,267.86044802553454,887.3113213045041,248.6693960644579,129.40448531479643,254.35757739059918,534.5545041012753,692.5875361686453,301.0489573675574,870.2233994301964,0
850.1816618302605,176.05120131893827,540.7698691582555,705.4697421411184,967.0058674220529,114.47033353010127,634.464536328071,400.3465816735042,980.7070374349171,539.9936460770105,55.423060575434,381.96651444407735,415.13510066106807,532.1825676669763,802.6917836644683,803.0957750209155,575.2374002740652,343.54112253653466,614.5629123016456,311.24410899184994,1
154.21086420368212,884.7110991509311,936.1730677836151,926.2965476836969,665.0938281909678,204.17797771134872,305.1500476844359,835.0273861663218,565.217639418612,387.54742996849143,791.9372431182587,628.9393874515157,53.86060301451412,799.6181562803105,579.34597655891,899.9663973191105,112.4894141311914,305.74168460607234,600.79310183203,646.4792527797359,1
438.29642420040716,101.0383207365333,147.55369447428313,828.0553444369701,139.35451504865327,277.42674300102675,660.1059272818421,170.34039974327732,884.1975647950964,570.6594252936032,729.929411428553,784.9951231830686,277.8884511379188,983.9234670354148,829.2051597074351,407.4329431684499,43.21131181458582,723.4905673129415,553.3367912895442,46.8689573707648,1
479.41423426654353,226.90965700012745,641.8645004347784,440.03920465051937,830.8906049496726,792.0920195532686,119.75756424794947,126.22766910145222,968.5796669884693,733.1934515087647,163.31597454014846,352.6155592097299,334.4980036468209,514.2188228383731,654.7908802338384,964.4136075252636,661.4687024765407,961.8360358206537,291.75370565062894,3.969232470706574,0
895.8231907661412,442.6418780518551,240.33492595143136,92.06294577170704,654.0135832358536,589.1755746403944,535.933213020334,216.23389104856793,428.10236785240727,937.7150658584613,971.9525827709234,375.78094277348475,132.41982209019466,803.923145126909,218.67487682470087,543.0348046157231,988.3499697601748,11.332797431597875,128.58553878482414,200.99278936699727,1
219.40029838921782,467.6664372491104,63.65540494786137,789.5969326643122,47.34358426099905,825.0786308708664,972.059371716591,758.2712987556276,930.6563626287127,881.9634426343375,653.2794806406109,77.06353859787673,816.7579544571785,882.6206062107179,373.6566967816828,103.22951318327844,80.39699309322724,351.41044135940024,337.2979532858941,195.4673061692588,1
346.47406390665947,221.58856925813632,383.7262234974556,356.5627907755383,217.15556290429393,20.963660212743097,902.4319652307867,429.03765792071005,172.63509853758197,590.5346077532174,60.82805321058249,800.1847319407411,306.1299451851176,929.4782255769347,825.9027087578597,895.5429635068319,526.3340037359413,559.7958500661753,940.5471740596527,444.2625516471075,1
576.0624993521368,228.00206006613888,573.1796623795829,677.6999318340507,928.8376831509904,773.068463220602,577.2311676054646,43.50472864292809,932.736653532611,839.4266867022836,778.7459523152556,952.2831897511375,72.22524715445688,77.81258450230433,417.2472938922971,691.0315466462384,792.6309533208777,61.90956278742854,787.4968095159121,801.5508751495571,1
584.1477599628575,988.0618105024258,383.08185744189205,930.6178915407784,526.3823944363563,179.99230488908958,844.1017500016062,778.888751854492,544.6042096719494,475.3809181253873,274.2576914495185,369.7383116524411,911.8428634171617,260.5890710976171,413.4581157416489,272.9945787162722,396.3141750686228,46.5896210302913,199.07240891191958,128.99143106733146,1
490.1577603699844,706.3767894791613,913.7162081819479,873.9011140541689,831.1875278021117,638.0199859619889,395.46865184699465,752.7001130582411,713.829991993929,965.1281338684212,278.3967254641589,801.300932571788,257.2665341664624,594.2795941884302,923.1846782368442,960.3486680647943,42.67733674580676,572.7813382380525,563.9143035559543,646.4924433309727,0
341.4570422786658,410.18560048801476,838.983353369504,960.2093420339979,263.81817701048703,932.291574488739,611.2676485742029,151.38402218344459,796.1830614837961,15.217509599970036,826.5809134567083,971.3575374529313,432.8816143858395,470.75730598774044,265.05024587102423,343.8090957403082,728.7332165422085,250.25354074112883,118.54443524606107,602.5272905522049,1
803.2365753762382,507.4824219339593,428.39406592885985,203.26049680909574,136.8330750400194,924.078822474413,588.6899883252568,672.2262607518887,439.38873908467815,690.6455548487118,659.4758081095094,466.55691845778426,567.9828513670097,257.4131272115382,871.435360126025,699.8072991518536,891.719811768065,211.64431604140177,272.8720708490784,698.1035561274452,1
431.4427455362203,660.0439749798622,162.55813448426082,664.9580771701148,598.6567050888253,627.1185402866189,251.2084541330032,685.5487107591871,610.9638861876751,118.17540655661085,61.5868499221306,243.29655196542387,291.8351485330477,689.8647654781398,632.3187733504838,801.8710725254823,851.2191239606883,266.9553888508125,691.6176135861956,657.1168972165907,1
539.7322944261387,636.5418308974705,276.3628281929057,489.18086694346255,385.99967125273383,987.6579112240726,451.04109183170937,33.247915959361166,940.2251993502396,135.37977428767934,50.913955138547685,497.02236652449506,878.2177428109595,650.778428300072,673.0158744899481,151.95897602892182,422.10412588173796,754.968138107121,994.5500830464341,342.9372964285288,1
841.4787805093957,970.6084056960436,586.594803700081,733.096488554557,778.7673063478663,600.900730432692,148.12789452325347,250.77997185421674,65.76685666899718,412.1812822033127,728.106294690382,948.4422662693773,117.20971276665837,558.7266186202849,897.431271720637,777.8849444955505,617.6823100274215,528.0983103243171,908.1950204890335,506.8992558563061,1
562.5459943675472,272.93061955996757,634.2921396531393,440.9862421448398,988.1744554478372,128.62961784980774,35.5294547859355,122.68302041211288,595.7385938036277,495.1199920126463,408.2920479669714,568.1723574577711,724.0865431438602,197.30965154139213,274.3269776010134,145.71079163044155,196.80901679924068,544.7598201478345,963.3186876572007,599.2110709220923,1
716.705411766436,182.926735608817,46.658260582389644,986.4512802557222,110.59778220103922,173.62508061976544,115.47629610850719,511.9057344920599,249.6768439129755,32.40943352886716,742.5525607360012,163.32272133598636,146.2897315189722,628.5575885322403,199.29910132753292,966.3443330103029,650.7424871647142,422.388813858245,801.5486468656045,524.1466993744058,1
128.9995651269652,224.18553805219153,450.8755407119457,79.8324189652444,640.9934552718698,54.77613608602672,593.7434045142421,722.0521028486381,581.9212587518069,603.6624764007196,987.8019456348107,320.58225534959837,462.12724125569594,563.6319014552912,860.1135625788611,500.85401131663764,953.151407812185,254.65230331513266,614.813057563511,129.50773648115933,1
596.9391483613787,45.95860526066642,817.2163802621511,400.10700040108185,134.09789128452763,632.2836768565286,392.3712830393231,328.37290924147965,741.4182261736123,769.441671847117,799.3012843447655,407.14786385311953,689.4374322276263,207.4165942061077,976.2584820442182,456.7881437970709,494.25791353057224,949.743249869402,950.7127516852619,777.6931937066387,0
527.4479102347887,604.8129995275186,393.7826537940278,351.36955857530074,257.1090046889183,203.76527586320125,597.1606855650181,47.08480077220412,243.75774612043233,156.70594330263467,914.2863110583053,631.4956608490165,355.23130293630845,205.5809051872537,892.2202591917955,606.5977674000256,254.19306060494085,316.0576014818689,199.42268533945418,601.876484013275,1
175.72000025212697,426.19272992452085,986.6195587478695,925.2766679181402,636.3369408459913,571.1903787150876,863.9382183599206,14.555760786839954,157.5661406430744,810.7122772772134,124.64848856200294,517.2734573363933,175.46566963995957,371.0633345770287,357.31482285830896,572.7840345247873,872.9866096435233,893.4042306104129,492.04096539398944,326.56048416862194,0
134.6818454845159,415.72251517422075,214.75243201329363,20.231041510163084,616.9947161154387,134.2634451964807,602.8686926717761,401.8200579124401,813.1227365247881,628.6440407715204,98.97885607042633,21.33469174080971,659.7797529228307,575.8833549553666,789.3995933410974,628.8401509747472,870.7817575698527,210.85611211442745,236.756653163427,195.35764643493914,1
739.1722145128495,943.4083490787975,174.07061747700504,792.4174590428914,135.55333667501156,588.420049402078,551.2262917018118,512.6961930671571,886.8546912022024,647.534713834983,543.6040159122228,456.93708354983943,495.6253845035482,872.7098288956444,382.46199251220236,178.15780509477807,730.9299410064144,616.3651063519736,605.3614047191697,710.6627871550872,1
132.75717822427623,755.185407181543,665.7473681870904,226.04374548248464,953.4597621623415,106.10227615825163,892.6587441034396,748.4407701179587,680.4127154300571,377.10332658285904,123.71724734813905,855.880077077467,157.70808927935,418.1437393137071,484.151776437624,277.7191418791417,737.2337550945413,636.2972992068386,855.9181250058527,694.9561804621213,1
568.7614144908935,867.4552092613758,47.078724055578114,141.63495790020352,362.8129765038927,990.048784901528,645.347441119521,86.93895721329126,577.1322543584465,739.9665071122442,134.26379142980204,562.4871364013621,865.4604546186066,467.57097756069675,320.3965992555862,783.7547013823693,111.7741186728033,885.9583055367705,364.8929879425102,581.6015321233407,0
928.8657078608317,837.1748230818648,668.034723406588,369.04453784307765,435.3942103511269,304.5422741713267,739.0785981926315,116.40215758109251,784.5929331043378,240.05829243248988,797.251565683778,193.66388525292777,183.0473985734762,297.1269082260787,969.4703463185547,89.89382484846786,84.96303702209318,540.9906414080386,522.6761593851853,353.6234715963704,0
380.5545684226528,25.27200489442516,779.3413216265651,352.00789324719995,302.7198065249713,444.42861376328557,891.6057736449219,402.2363059835874,727.2782491705854,993.863659798804,88.03135560725627,328.0955073543117,430.1858800304962,727.059419864076,283.6731493239617,604.4432364144099,17.49118997276522,560.2846151687496,987.0422799002291,802.0315348240856,0
591.3500497293896,626.5042686873496,527.5630830192958,939.7491957587317,83.82782039706504,565.5489490546122,28.253757449722137,410.19400993288366,821.6602584887842,190.3009724486485,461.343855988253,195.53076974589345,720.9822609166409,378.69456302794714,48.869852857943656,181.79894178947288,643.0537637054382,250.31480633471182,632.8951218357734,19.29542292738329,1
737.0132331678922,370.986741129424,327.65999213268304,982.1010333310047,784.9335799412004,137.3214843844911,583.8820722669675,374.0654576254363,726.5744149164284,743.2739141634165,906.9895135676611,558.6139704233086,369.33512581916483,956.9014411690923,971.908953707889,244.43178040056878,358.24719584205513,141.13046687734553,6.8237117457604635,988.7077751106351,1
800.8315228154856,7.355950540552492,272.10451488355756,176.44640218640774,196.22220390444144,411.51762030957883,142.45292057108438,992.297898436471,726.0091733749177,411.88169749727433,520.6964411716032,66.92746134947191,540.240474760625,330.7940898463454,451.053953663256,431.1438329625381,313.02874240830135,61.547639273899165,302.1816080672756,538.5860642266501,1
570.4037430315093,561.8945758561043,255.45012634641373,649.4700400076136,491.7022487122186,610.5045208554903,599.6484127244034,661.9539033801352,337.61892810461757,884.564663703219,995.556024374888,681.9870683543353,489.22342916304217,279.15104981951333,609.885219933206,723.4075337689118,355.1916335712226,474.9552844844391,974.8659325521664,676.6576520221577,1
113.92893325210262,501.9979519369815,518.9296778017169,137.10638505308603,570.79982425722,533.5441823488438,256.34552060990336,325.9514555012877,353.841350846392,236.33119356292931,659.674285009961,614.9196254829403,858.1014269229659,323.21057804452533,272.6944269067697,475.23638283262125,406.4507271989012,648.7555662300324,806.3990728391583,987.4689601823894,1
789.5491321435468,766.2237987490815,250.98792202425847,447.0404609421557,814.200759684534,592.5798731560875,388.70310049999335,453.7983048861339,756.0376994516037,378.3084121247632,296.3577796578414,943.1117536889358,513.8395681855997,408.97605695805004,297.1217096004054,512.4388671741538,531.6946937552251,194.5668100040284,877.9341581885062,537.6139708712025,1
705.5759413402668,765.2997465608564,155.88630693822302,140.2467497640446,767.0057465622223,133.77546685225028,357.30640247364533,430.7354350357163,601.0048970140625,940.1805852812668,775.7699941454015,943.993500031926,336.42864236252166,56.37208080825518,348.44049337125216,798.2692076170538,719.3003452769282,697.6710123183753,966.5036818320964,615.8607121789735,1
379.61456483468436,689.1237423990174,129.04899259078528,164.06975015081449,427.58636505562407,387.05209571960495,445.2025212893418,637.2055448563385,748.0657568685916,322.6776523231957,537.7730262067493,7.526059956434961,663.9410409133654,401.69093567073855,991.0562822522479,647.8485070596181,410.6164962754486,146.1203388770338,383.5753670298542,29.63647951469861,1
444.50171963868326,270.17307260235066,164.68921931193103,376.89001658376884,378.7674952712561,674.4775827545416,363.6634310670728,886.8882397861784,244.47971242931766,426.31445949852474,535.3934548376643,351.49518968746906,477.0913634944788,834.6418892910688,923.3981746213492,754.1157320175193,301.8253687551384,808.5660677217094,493.08201680461684,310.51020003952556,1
269.4485276298173,902.7949182555966,163.56808737051875,886.0417054671158,534.2068715672855,248.56348537122108,584.179672410086,568.7534811619346,927.8908694646148,141.28973110664467,45.211351913900685,987.3088959986309,153.197081796293,599.2356511437426,754.2334584975688,951.3443847711337,427.28237199457664,910.4696298232949,560.1051405980747,256.85570912925357,1
803.5492109219252,198.68202535140966,350.1704697718465,628.6072964011652,637.6623490833291,126.37111950002999,810.6281604623773,63.383819873068845,313.26676716798653,156.42895099802055,727.601460300459,773.2408226162293,254.04382702162331,264.39861828664704,555.3051579538292,684.586217181391,401.49648498268164,777.951040729786,693.5879602854839,392.33902052236357,0
380.8115778177302,965.1650852531669,991.4476647931383,748.0776606548781,767.320276828165,860.8546817983095,803.3723748520024,496.1261379022054,751.9945030849692,443.3629620581433,16.464636590517667,369.1184966830835,615.2332779099922,118.65404718869243,528.879961542284,724.2945406411039,990.8447551307776,714.8548132079711,731.5809266789007,654.4563943162555,0
252.68757197146508,336.8522947899835,190.25236401921487,256.3466696632474,856.2352342243715,315.3400824409944,371.947842386506,402.14405589722156,345.30723403703325,156.62532831208165,699.6906757740994,931.4725004562017,483.97716592320626,151.64630432297955,889.0986168336341,934.4435640464297,433.3025663590873,677.7493408795715,74.14336541885424,380.9982129738985,1
884.5467592719899,292.7467116675623,907.3268921356661,649.6783219324119,229.70107307599065,112.73045050168629,288.87499135868455,711.7304984139977,746.1925731882937,388.4994573918803,117.2738452974884,94.05365981972169,184.8114274371735,762.4698950684093,942.8125190141803,71.31996757213798,70.01699641035397,972.8809882917792,426.4595575129295,492.3932326545536,0
651.5027142610196,701.1035081817016,469.3113155858476,463.58602679916805,359.36992002386734,872.4101980523504,985.138522097369,905.938977611774,280.2631519269093,836.0756719494174,568.7246127526108,95.90269493613191,240.2405320754495,815.3184205983936,225.33473848966213,444.26572333885093,343.4917507785822,952.8178425639009,275.92764141533166,137.03838723453532,0
402.2343753507628,619.7946332465687,943.9001521075367,628.270919864877,746.4109577097308,269.3859700881553,185.6686195859426,613.5987531377335,777.666205626864,379.790299779752,308.5168984709116,962.5366749429011,744.7907748896182,293.30989229406146,98.01928315915221,251.03088120444295,8.699029627645016,306.38236550795574,837.1303402213144,53.63960716644689,1
887.8644826900002,802.6733409433461,996.3993637600175,880.8785181559338,116.03179112128615,142.83024212476957,762.2677886685959,613.050302316434,973.2063135744343,735.1232315698962,741.4794646448025,252.4416938525701,958.2922692788359,403.4965303385487,89.7910108069716,413.9621881086002,544.7367203469106,515.9765230165061,851.9860063790647,488.55640262048325,0
991.1402959418924,805.904125983414,856.1149348517586,96.15546792092933,908.8140988466741,512.7775654570429,874.430720357876,466.55445999855107,324.4828169593439,729.5284019292529,310.9147477969537,542.4351093980233,941.9358786305629,991.1070801190172,780.3262490145905,404.1631385677803,324.7006527129093,841.4758553316511,632.5861039170086,474.2543794280896,0
498.6009619685173,130.64355089416813,400.98238424576317,37.672058955974805,227.41408809570652,86.47370469481153,580.0799798089677,657.6777707028301,49.74592683017498,423.91441302259534,854.5887303984412,104.33273937373633,29.952993744869595,532.488004702519,735.7749760351091,839.8203121502064,909.821593440822,337.9038523231861,585.1524957883726,294.3608465019941,1
33.23950365613393,701.5425055346278,364.92686016943054,209.5517824272315,449.3259348316817,495.8656900865022,427.06817842300524,131.15485248395632,409.86550794844425,125.96132001771598,291.6239325321731,400.8510717877778,152.9983890938026,770.3177839019214,399.54876123599024,417.9775644967439,755.5919694076646,834.7222906396103,221.89520843757748,100.08822349350078,1
743.1036848494751,992.1316697487756,486.20860039697135,790.3255668715649,302.3654442285164,527.8974332020177,78.58448251462535,182.14084796201192,913.0431990028628,925.5911858702916,618.167857798743,425.10325209797884,2.298898175942532,990.7377080336801,878.9481456299566,618.5770936154781,331.80707233503824,194.1176341087405,426.1698971885211,959.149031123569,1
30.922446987345474,217.6364203586265,936.9929493949057,972.0880738093173,380.6639964441152,8.51528108550237,817.6124980603096,431.70288909317867,337.2835414533476,22.9254505777029,83.48224332635678,166.6466023997688,32.73645968917083,482.40818768096193,362.03414274924575,853.9669746217096,227.73218240350434,543.4965662895511,665.6104014809748,179.36692310849557,1
77.71861355763588,999.0384194107916,74.83129871016303,561.4705639501375,691.9587304909586,372.99446131048575,668.7998246003729,997.5427319658456,970.4752619987354,486.58642446506974,171.9424226928564,930.377722053958,36.3520279286621,101.26383914062454,185.05679142447696,105.99798816097561,630.1702090472053,325.2451178301792,488.90868770902097,110.37333784309067,1
423.60426944579297,631.6836975976357,318.1627177606368,913.2139197243836,23.994873356586567,789.047916828018,9.278592101825245,433.1673850438245,2.0650852971457745,353.2466792446838,253.32341316825634,329.8755660272492,484.79137968464005,440.8882490353212,243.5927654277681,526.7746627785539,504.23555119188336,514.790898051129,605.4041962962889,370.61484582325687,1
486.3932566749833,714.9729112477005,670.7890140869092,523.0426796758647,18.20681802703583,126.07985021989576,717.202182532779,68.86195268891615,459.0123418968717,542.6044030132933,346.8406533015401,934.8267280235724,624.2751826002809,406.5408511906714,114.49888648928396,51.717293760124235,930.8560273397223,471.8327440210547,748.2943283977049,971.2430452122468,1
997.5150796451762,724.4095671927996,895.2198373849948,580.3365117830725,406.6236838473596,896.0892570194243,538.191098945478,412.404586736501,194.51735974922434,34.76164501209777,103.04181067207163,366.03690472483754,452.5344221231574,861.090825906324,169.43299684524538,767.2571573785923,763.8057271753511,151.32692435797225,915.7796738683458,720.4497580698988,1
684.9648690840772,947.496990690649,831.568472357914,46.903259748173,886.5396526638891,513.6141594573697,256.21065263429875,971.1508563137131,133.55759321409622,162.96045815470916,339.78882192194635,288.63989876945993,283.9983284546379,923.952670558182,23.35440670215028,846.1787535894612,530.1281257560586,143.95139953351256,827.1165383267592,278.8998934017326,1
701.3586336402233,176.2229674606125,895.3978706852312,51.26694226677997,343.6948550683183,711.3671528883467,291.0971201895132,223.74449883195967,358.1903535143817,683.7628342903622,569.2082511466186,435.6302504988946,15.730309432101407,830.1394503716035,14.360268793717324,729.8609051664076,428.81260269568145,844.9565439501514,771.4892727493904,768.7981495487982,0
430.7346011574152,627.7486506670313,666.5445485378324,90.86468565451943,447.5529560589359,442.04695519682036,298.5464547316894,979.248585609421,745.4432814224663,790.4336600340611,390.6484154507176,258.75544955554307,406.7854528532294,723.6626304001825,718.6425829861182,969.8236777757054,428.5470700869445,707.2075198132893,705.7927530765095,473.4880398311795,0
786.1767444220618,596.5131492553436,303.7508345570875,321.8707402481773,598.9641857032747,680.4994590400916,79.49538970306958,813.5003460592296,875.8530915140641,190.88802847580953,461.2887308056614,846.4995921787706,726.6203343021677,387.21906208691536,939.2542643444175,514.5230264934119,138.93304077286606,80.24423130247438,100.45683794341087,482.2685489043338,1
373.79883048813343,599.9866178393092,922.3881046969402,387.35409159613886,991.9797138843433,397.6495975599702,90.93462323706869,779.2589054091239,481.7983674407212,556.0974831264384,429.7791998004069,504.6589085052189,954.4690116299158,931.5903468853693,662.8333720651411,440.0262825319404,868.1536573161969,113.37955254339872,616.9013792434811,468.4862742654619,1
975.6840675496732,563.9272350053888,427.8215149154644,764.6495237588166,584.0017486426561,866.3935738839539,387.5299093839505,601.8139342044442,348.4879910220664,133.90485664869877,656.4120739851627,883.6704894126603,125.45945625745102,117.56053157695622,33.664990501966365,879.7974946478731,334.36568457858897,341.67001292749313,793.9854874773072,161.10893946948468,1
138.46586032081808,246.6171184914675,541.8606629767592,562.3671029751735,886.5038260439728,28.32907638370996,311.26523392538485,305.4551734235523,721.0705037847979,214.50784947012735,452.16498709813936,79.61438588562453,341.17184354920636,873.5857887496214,498.647306477694,717.5322038723403,322.81422852099683,175.6377967543582,154.98778044999108,536.6449459732864,1
345.7806318378086,850.8247937252543,7.725108369473932,412.12428115152113,906.7767339696293,694.7950322212226,575.8428427447793,603.6994685714657,171.72282806584994,148.3270530959858,421.99188810017387,261.50096142952884,440.77393591059445,376.5692152023514,893.2527677049516,415.33143163999364,232.82328149673458,816.8996221222782,822.924757322791,977.1729717388962,1
919.1125942204749,464.0200008567221,905.0582458362398,419.05760968770113,129.00663432236303,347.2039422873715,359.2190926705819,662.8071763117847,743.8937745578353,145.33842302810717,606.3009732069503,146.59568565458258,138.12370516137995,420.4245681867623,894.2545025797252,199.01876041523013,948.568479740938,547.1036534630991,650.5940515975332,884.8589795987299,0
903.5083356002403,101.29531514492417,511.446378178919,211.74837910254385,726.3789670749719,585.6009908917131,214.92119466982916,7.221124497681419,996.8588251689988,27.488751832415502,879.9602333080024,607.7047168009183,874.7094362951386,365.04348969050017,607.3690451402364,595.6015388929922,341.5657175682436,434.74598184649483,919.9830435466866,726.1715311443808,1
810.550914043079,537.7266676505238,333.83790897217403,887.4836825333457,153.6792819879691,882.5534587477254,969.0207577515558,401.08586465575326,876.4896614240913,29.56112543127154,986.2857620166446,479.74506659201757,566.2367023913018,49.97430831272198,192.3051128009723,952.2353109638174,662.9585326314842,294.12370937289336,429.1501433199713,20.932858671755874,1
597.8457228482566,897.229566468912,293.8005778097253,220.42098870632776,850.6743248359894,655.6746447844031,105.24119511924978,57.883599057595326,551.0015834270883,450.421547607999,112.55871261586803,802.8652548871812,548.7636441129167,221.21696662023726,179.39887508118935,921.0843870013225,657.6945547555371,911.6975135129057,157.9027062491486,74.20146135222605,0
119.07789503834165,967.9376374989305,728.8609813215368,259.9118722450471,11.405170205656345,156.56793084839705,650.147548677813,132.25577315080628,886.5920990899448,230.80881072630322,688.3663323174283,226.07032194395194,317.8076587574832,156.20163837927902,898.3297737720577,544.5437536521802,782.6046679315552,536.5565833213116,286.06699046879567,647.4305072114433,1
992.8599829998617,161.2843499755574,177.0595461057749,322.479265508946,855.6328602147644,444.80070647229263,32.72213439275606,347.05675947588844,517.6321754134269,451.1184912192583,102.11140874444791,747.0352598113948,837.6606914370429,779.1023794665534,194.55840840024064,188.35121557689172,933.0195497521107,857.6600809883337,433.61139283495453,823.1299740753241,0
191.33861334388536,268.63321787985507,894.300666650836,116.99163804697376,837.7227028219379,483.57129422609745,550.7858402402499,348.2619554757658,878.3102285231457,560.2393809682188,437.3394721295282,767.4662001557119,364.35516321716676,938.8628111011654,669.9418203648082,831.0901802823665,37.80946449409217,721.8841498531133,139.05515417351745,955.7039824417611,0
697.2624405053247,815.8261683107119,927.3570777341673,734.0763177316094,815.730176553324,195.3343741766148,819.6580577030259,352.6563193097787,589.692472658464,181.3933830592529,335.6826336364088,558.3521203891456,253.67248889636463,915.0483483445321,883.6677951330906,833.5472095633152,731.2943943417636,273.7818108457294,72.4739286893179,264.75027577965926,1
351.9285176729099,332.6679040616447,949.7030538217095,115.34946566660442,686.8139961800854,513.1962349488906,938.8278542755678,693.1674729948598,361.56507777010296,284.18110618948134,45.53119385790361,881.0619229464801,834.6549347353625,360.36677075540047,154.94465298005045,91.88772703226277,117.07875767147912,485.4971305961967,651.9414277004736,742.5798204322919,1
385.69375895957336,527.2572706473832,125.62266751784745,811.6774278841534,546.6221967621958,354.81705150116625,832.0348121691812,313.3648998937959,706.0161536340648,491.591593396168,613.8253808968858,9.15673683139573,911.6860355314784,125.65448397209833,777.7408229157155,927.3059540488285,666.2372335595259,776.626917358041,762.6075955894613,934.5601415513145,1
555.1207281367551,224.28245783421076,305.0469112934727,29.667983303279243,142.59885157009734,305.36996532685345,66.52828673742394,995.5265108807321,539.6236843013218,260.0548082232985,305.5820160070727,615.6883407811272,566.0307174623742,812.6494961364183,975.6528854183957,541.6996204186718,897.9323504581619,455.10714418546627,936.566064980308,781.2479546894973,1
957.5059887662454,421.479661892864,545.5682331158087,770.5014719746076,780.0580932108186,928.3153853712341,677.6347605730268,588.2990916657817,159.1281527994478,550.6271526895149,516.6375467535814,414.92168344249933,83.94277694667285,984.1899356506303,381.3171521269106,515.8503171978532,29.114649451775332,75.09638049729416,935.6827336680267,136.62405026941394,1
604.4229373150429,492.5192450653301,411.11081586896313,664.8259551137897,217.64695165047388,849.7971481610895,363.806718669704,627.4403724863614,689.7278088470869,735.0052858587724,118.21116473434078,194.0164743630247,863.2860873737795,392.72562321694346,493.43549112498295,85.33801960277654,81.58877304911726,610.6208146458197,386.28071689566224,773.2380071580222,1
434.9891421024282,534.1571880078591,428.6880408253614,833.6028061075436,906.1459888483407,353.3092547674423,754.5847998380227,670.6514551149553,541.4328289479819,907.2972455039124,431.21179312924596,40.96309957070765,823.6669964034019,899.2287642814966,942.3928011712496,286.17811623262565,519.2389686332243,147.4872209916881,294.02314265734356,238.97873562629246,1
513.0985231498718,712.3410078833781,357.1222779277089,860.8853517150997,753.8100407378811,779.3675097891964,436.0654457280574,338.98639307547415,111.33398397366956,769.1657547052682,499.8022833752097,976.1009814071793,875.9768390087636,502.1346608888919,176.05794677465303,223.8982990758138,323.64042445054355,839.0431507079016,404.5173655658383,560.3253928043098,0
926.409754471045,738.6877932397742,929.085165863306,645.4996857317301,542.8608109381108,88.3962164447184,665.6308082816449,503.7861008717245,67.97007484196426,193.5007506462224,803.2997857574202,779.7934430542495,354.21733520567,593.8854207388832,755.7945796616091,903.2719221695615,967.5175743351354,551.7380303843393,530.296502957065,969.4934272053746,0
198.68295171715656,745.1605919239074,652.6089738258195,130.03792265181391,382.6858016076121,898.1494910137563,685.4379235163292,581.6767167077604,697.3243021497124,615.7934555547184,614.3415111622367,786.5661456157437,891.1937222320913,442.1592597012681,479.0678471035941,829.9407101026577,398.8227793931604,857.2003210735327,766.0110204828339,461.37357385297287,0
568.6200839033655,396.84780637614483,383.27885067487455,40.698375908502335,522.5085283777611,360.1371081869436,747.2281942799641,85.27979281830889,588.5089448538777,376.8469534557086,585.2807579055466,424.1503899346752,438.0525533184664,96.37284097347276,51.67815456557578,320.6705880724272,548.7886086562353,192.20886472515951,177.9192620890787,164.75929833513314,1
184.02595899278938,511.9418663519332,476.30096922260844,554.7323039604745,84.20720325822839,272.0670132165376,719.3513716747595,501.61870410692234,62.75989430696327,642.388821777774,250.2217428490544,358.8997380004789,287.0509661822771,218.03252350007074,838.5556680376865,680.329165611093,908.1377902663255,87.6016999820517,570.550698316779,477.8376189529896,1
625.3011713121281,349.95165862019786,746.6910766316878,282.67870845575004,279.8264940029546,927.0519871071858,285.14910613791665,9.611886190965091,54.180893515703545,24.575096131852604,888.8941238341587,317.7783437301753,717.7009235589854,734.3344393747365,910.9714568537944,44.01967186862343,846.2965833136817,880.3883214936391,66.53391774010242,608.0631723185061,0
811.5630404201568,227.6873809480481,737.1332897193032,851.3183151755459,870.5773877196355,41.74844240810316,575.1478992132525,482.4664894465236,265.9262850122366,699.422946173677,140.17721870365364,250.26365061578758,309.8689852180858,52.14256115774663,412.2662176293492,979.7845978906342,689.721294436454,500.514235779379,707.3908571319953,218.12213495237242,0
834.20368865365,64.70673507849811,376.81776792038914,778.3792753328042,607.2771619105479,525.9049733111249,27.87668296158019,286.5341465026541,20.08338133977916,244.8377036253815,129.15350398312674,387.19446701930013,908.3217947967414,595.0424817371381,730.1810514069637,570.7714599801311,471.5646450378638,413.53968190372814,284.6052595009271,486.54389801761835,1
541.5613709427847,16.628487530275127,752.099031151543,306.0687222064832,597.8883036991386,290.39604315731174,376.42717286093506,95.63805825397453,605.7201045561595,102.5485144189644,870.4269786244776,744.9663437381183,833.3755423919846,446.44406460404963,677.8067126335784,757.7093992456134,451.7138934743844,230.61924582528593,138.22444439162152,539.0750234768796,1
386.0698618083117,779.4462318053401,658.8908061359688,32.22642776560225,310.4409383240896,854.0585249015372,997.208041194134,482.4313053911835,981.4423428381988,620.9552659015893,982.0383376202493,283.565983733959,274.0337890513115,64.8449651015307,281.96429091233153,873.2384473575864,479.25386118702374,905.5638183502159,51.17947350270635,90.32763655095555,0
940.204481025642,163.9586015555803,886.7132926745971,305.2791828357876,361.5561614052897,175.53555974554226,701.9550213824043,710.4875052322152,397.7762358250995,799.1457945537098,291.135113576576,101.24679605274855,4.310148871755071,977.0139253765948,317.9921066149123,361.1343337917672,566.7335894121117,859.9549533641325,825.9870678981712,213.8756005768728,0
775.834051234714,873.9239252303015,714.1186068086326,184.8074356403002,52.339866070437836,565.0875709891086,405.12989339620356,888.348801899754,544.3315466164295,878.6785679776698,822.4025081975072,493.080953112682,139.65197106868376,268.2689976570309,11.359724629316116,411.1167664900262,798.4688410886667,238.80718228606034,880.1123212704606,665.5935105796059,1
901.8151563565341,352.18176816330026,231.64822541716902,215.72706772652438,372.43630017399676,405.78501960181615,423.8062608708445,716.7447947634056,799.8389982406471,407.53328370773426,109.53026729517346,534.2994634114145,610.5323722014593,608.2283029462177,679.2212528600581,346.3454428556511,672.570399013687,676.6610409072935,419.23604537650783,292.78859320290974,1
855.0677337518723,629.8520443949714,73.46783879432184,673.2170710280566,152.52238072965508,974.2413393567809,804.4372339542654,767.2557647189743,895.7302198553982,456.01457508574106,521.636597416991,51.66090289939862,925.2841267927959,593.5685546849519,563.1262835982831,901.1851245939566,500.97700226893585,819.0148917548452,590.7784168027381,530.3659847571269,0
718.1882601199183,946.2473265391901,716.4230532960257,852.8867579968177,817.9790456262386,201.85487043943374,72.69836981345546,743.8747312744986,805.3785214116166,220.68474229893764,737.8976191336525,624.9723677933281,195.65363546465375,431.53140035364703,558.0368511592505,113.47535321717051,884.6241175583004,162.31268124600996,977.1265889049436,528.4606051520763,1
34.30736907928144,670.1671975997454,684.5218984567896,603.5376390436039,183.02241191449974,977.0764416831657,686.6389198985481,835.2447326374312,196.98425827514532,148.85771322852804,73.56820733092684,812.132722156212,666.1947901251507,789.0079434094605,944.4913711915357,334.88526325097024,568.3113052697915,183.6549877417314,828.7658042233955,944.9192411885613,1
587.0465418067894,906.0141681029971,56.71862393813376,80.62155012273887,886.2498699308879,318.4241506831866,392.8980577014919,626.1119053573693,68.82093017680447,723.6921479632846,327.3576711474112,53.30899822968394,544.9442038176883,525.8496491862576,457.96351884221997,611.9920984701224,672.9751466475293,821.1293219909803,222.53266730019382,109.76146732644277,1
517.1212357099924,751.4784433253219,609.7139405463254,266.16888778471593,870.798408394347,437.1556481773007,608.6504361222198,712.4249872821306,947.0265283541978,449.227307413269,101.51520616627063,487.8753366454405,642.018670639738,936.6880277555955,899.0785903173933,104.94554104270814,135.0427288566457,418.98817940636724,513.4247893754432,771.963587333361,1
664.3629626968184,231.36681195276444,117.71925730716181,807.5371486476485,667.3736461682676,997.0978847213585,624.8047801002341,25.20088186848146,673.0021743805315,869.5964404297056,601.3392127684509,238.7732218980829,223.0181383019011,20.304366835356745,818.9864958180733,321.0269561873496,99.68424391198339,161.8249950598849,92.16961182501882,721.9118273819624,1
160.8340251959045,346.0399251901146,952.7554937776217,479.30834983092427,132.56736377557843,817.0936230924397,518.253874045502,672.7512149957046,502.9138231659407,492.7685858167662,434.6575706428152,111.24709057443138,182.39829506237515,331.0824428781735,589.6330762282045,368.4263199205183,466.6337834231447,893.4995610160457,445.65661247206833,311.48627339418243,0
380.4911667080899,244.11589223200525,18.046248561664257,883.3106460900781,170.1920322218644,656.5587869008973,312.31064657195174,205.9828149185562,988.3005683270318,346.3196995119671,941.414273861518,811.3663658341584,460.6324886534473,626.9176954636085,103.1414909930679,909.925872154792,654.0697301083932,980.7484939892026,127.34686614278412,304.69455811448574,0
30.85161540664394,702.6745433853677,619.7113130083583,469.09417670780863,723.4592565225818,548.3947685837608,304.22722812904004,816.2070281335591,449.4975127383947,374.98953581466856,444.06420796273125,288.87182942116954,511.81092171658514,16.68730383829553,219.94160424139898,174.3815530622267,879.3178771798318,268.10447538592496,267.8648121789824,546.0993721224479,1
630.0838454703564,695.5026674299831,389.0385858419183,913.4088216484575,794.6799483273679,326.72042072297535,477.34231150103625,277.20307726943406,244.16112379104115,14.94783304188596,424.3873261756923,584.9449166412504,983.6265533387931,589.7028041020825,124.1193858256805,600.4791024089691,686.6533320268904,785.3063932702845,80.55106233562248,158.80086360545553,0
752.6259454961713,985.5314538705909,349.48443102401836,605.7665789981093,236.02264108901628,570.5714829691428,644.4707790912806,986.4609929815562,84.70290595614128,524.272273854729,417.0691183774953,536.8192080683195,806.1336459500646,220.3106041124695,656.912739381673,552.4672828069112,768.348487777212,734.7608019468195,731.6322538565599,469.8575269236929,0
536.3326064178939,874.3124236382143,372.8043610881275,502.9442359844218,543.8353970842958,801.0135550822436,986.4853177655074,789.6243257651264,288.9900608667846,476.0491315504531,378.4392372758691,95.17573126109701,940.9846458922699,460.43988599358363,7.014589065829746,371.96460314784173,991.6421416174736,153.7975041651365,30.417015423183315,840.7730032964107,1
504.8812590748969,61.89415614162008,247.77339558178335,879.4502337534077,181.00668414776555,769.1111407522792,149.43451473264813,448.3727508166514,389.06486375223614,25.382286043698965,24.69848979492617,734.8080801217095,768.1424872109786,307.3003877541586,952.7795791164273,166.08825759045575,553.1397099297088,380.0536667441334,867.0054764880824,407.3784534718841,1
639.0045294951703,840.197425625289,383.83224567356444,299.1100190356152,643.4475101140109,314.5618723626553,197.3243020109403,838.8539779805786,310.37737378025275,85.95511683968837,429.9311386752303,469.33489906000125,255.09968771033297,14.012716096726496,269.50392327317843,94.95706637979984,604.301862249423,18.3458270497584,612.6875271475733,941.5208632739453,1
99.56001865924813,832.6563292648406,731.3407630356115,575.5367034499297,575.2834455589008,940.9644450843009,372.44978906003644,96.37207182783281,4.762319552740313,164.19472421106997,412.2920275381895,698.9119426347926,948.9700795007875,175.44724927706255,704.698590596803,793.0119219710973,901.6878703778832,642.4564211230671,859.0603091392793,395.7248565128558,1
599.0658243442339,813.9763509968649,94.92624183314913,68.01533233257584,160.58926229185488,848.5764808078318,711.0717003154342,393.6508596016293,597.8152802868501,378.71214268531503,586.9514324149749,595.0029248382546,128.70034676319054,18.72914203615661,559.7569045522304,593.0796590550401,2.696834325980557,549.9355583958508,96.23136871818471,623.6434481755425,1
793.5860238157095,831.9609160441928,394.0239947411313,897.8135308793237,139.17872790831044,649.8141895094841,800.2117900625201,377.8567139116793,134.2819366738589,517.4810741830144,35.7438489997961,293.5273500622928,756.3783950496838,967.8747763810775,766.3337776078588,7.274232923453083,372.1663445757492,508.62330603125105,116.84503499353983,61.377343626169974,1
346.73097641141914,824.6398739356783,782.9871648746382,780.0070842077803,853.0964100812306,447.7833043696455,497.6826163845474,477.323701359105,816.6418638084778,882.94245132234,262.11243866825515,245.3633883196068,558.6470035024674,434.2854935109105,818.4974075885099,528.5691535017372,638.2306972761472,287.97994594712384,173.24515949885654,195.507299771154,1
174.04127801397175,223.76272314206037,537.6008555414483,150.3772623762134,887.4220363239378,154.54894556633536,750.0548569266741,636.9217936081996,139.7019872382549,487.59487313568263,521.1467463568665,712.4141965534745,439.9470793189823,123.05481734120028,535.5118412257021,993.9577773261543,476.6467082702484,468.2371532460071,432.62890639490314,764.8346924170717,1
381.7164549595129,368.940978559998,884.77308571685,852.4907122806044,752.2004738002021,716.3894078755909,657.9605513260933,663.080766769532,609.2703075262839,24.584750530980305,222.52720959035256,525.5393605628269,662.4069747796294,516.0292198618841,47.99521349757197,746.3317036073119,203.85636009102336,912.9394638532581,878.7973346442793,737.3285510464898,0
15.852011354697604,772.9278570916018,952.6675287282781,488.2614216505109,380.65138013978907,418.90430784807376,954.6882404063354,949.6356742539019,274.8464868691306,958.6261799075935,823.7539676644312,310.7700852375033,485.7459602760965,995.5846322993681,17.468880953784073,83.19560717849528,336.98727960756827,279.53956974559526,889.9554306333226,643.2369002832828,1
318.2057232276492,971.3091137461595,188.85634920317452,856.1558397630969,70.97314421447443,157.63138895821328,976.5785281688213,200.32873689747242,46.955899045168614,442.29642695001394,403.87474245712383,30.746959175985577,283.11224206209215,508.7345983618783,35.900597803347644,90.70645164370472,9.748518193338773,159.23293884404632,184.1170510850785,134.44410751589274,1
499.8918117145158,104.87394180772802,881.0897822837155,851.8392176932323,335.0681602679811,571.8296168675761,207.02330607095755,487.4389413842175,250.5043382917318,382.2649655716802,149.46152691557435,824.9370674010929,205.60693212454373,971.6936626898553,726.1909189317602,811.4926217351532,916.1531405348669,319.52048977897283,120.13852114387392,409.34766302689974,1
656.7464301966967,638.2050217106148,628.6927227112006,564.4480780399293,563.9568290416275,769.9165960375757,148.73773977968352,834.823734935904,768.4890169033519,490.9277342807804,746.0833585502544,619.4062707262809,399.56209325398737,369.3768339368199,999.443335891999,954.1263684384969,14.830186668965517,962.1441146249392,924.0731598596844,377.5546836421194,0
180.02285433825904,166.7503825600476,119.28668911010575,207.76147132961796,131.18376632478322,752.2119506520329,888.5978952600941,272.90177458106956,110.3869058355561,441.0014753384297,698.7172747209767,733.0869379824737,410.8261255718064,936.2391345152695,193.7154370399663,463.4214775800212,256.0760888282486,705.3122087940246,836.0891202893022,726.802612923474,1
156.04986450717007,228.7601921631691,654.480052549793,516.1259993263379,828.8661232715066,227.57244177505632,671.6380779410595,784.9596231004411,988.643813364621,760.9573242190269,996.3232616395361,713.1122029811668,826.1477560885049,933.29926323049,745.508853694362,176.52857410079037,657.4703571961339,277.86165770845605,885.2792916738749,984.9848761468246,1
666.284195068774,456.2099676301194,183.84110749419014,336.80892198056324,311.0542892178897,822.5183422892361,270.64656434472425,812.7422612672785,938.1765118506032,485.748086781974,196.90860460887737,815.9949310512541,96.1889661714509,590.5091946665267,44.64045912450576,383.23365756181903,442.403191589685,540.634522316118,911.9766263464059,843.3049134930067,1
622.1298828731894,612.5502870860571,800.497144763389,109.29067247927937,511.9816161218652,911.0280539212533,675.4377885167092,972.3193559848966,289.2106211664666,403.0431961004879,798.6931625056798,95.31468111187435,855.557772639917,426.50466066051774,698.5494025743513,540.4394030651218,603.562298522324,836.1931437705696,492.70139523570697,843.9484786570212,0
584.8489979868922,619.4180144504246,430.20007230324785,411.53521483623035,477.81814767020546,275.97789445519385,847.9489144641943,735.40987753283,730.7619760634178,165.72805642946653,75.60440812390246,228.7639355375728,959.5981796474296,466.652275968174,709.2132859726809,216.97750330219313,771.4525235624307,67.34768855102114,480.90578378258243,420.5797330621045,1
413.2362890230265,761.9282367979376,555.5676051761435,697.8307862062252,667.7538704150827,468.8203840214143,776.7800827256688,24.313084524498095,650.6633290835712,53.67240932727735,552.1102280723878,894.0980353993315,880.5603657902872,917.3114511608175,438.2449593541016,180.26102647999087,252.51557579553264,883.5386548246015,463.6772777148848,141.25952015319575,0
136.91348045832052,585.8006034682525,920.9986731919595,384.335808787427,517.4902663865115,242.99742312247685,389.1397656474197,430.33254637233256,378.8078752292696,134.27236849687296,206.48978019593568,634.1393383633259,271.8679234124804,577.6409209941803,128.65794858373368,145.10973685960093,908.4739471688761,386.20095457077355,728.9771111027337,78.92306894674573,1
411.5966646021638,300.68433573572696,62.17034140160915,615.0045818721869,704.5104318046231,597.2548055707321,639.2162941945719,841.7734923191911,425.57594649515994,158.44735075105544,596.4577060491488,101.82044799993561,753.8096584385698,260.8094100630976,427.4227339590637,333.0623106980961,191.97788479198198,974.4775545598569,804.0934009252817,867.5835162390912,0
160.0748438326124,690.7914489807943,725.485932300111,518.4767090065502,93.15449193686764,692.4471715136713,914.4871433863455,640.4656319996913,203.8488139423429,543.5347701445608,126.53491984274645,161.50824502291294,869.8557819369098,812.3995004689486,49.30687802200939,852.9046679225346,308.4028993163396,493.0670076554854,163.5998506179436,743.8362857451359,1
819.0298067347146,968.6334134132248,253.3576637074899,596.9057273784634,609.1776642557451,538.342685910937,673.2765750598439,942.3330104840201,559.8112465229259,561.2024275619395,108.31336464154839,524.8225176070245,63.75828337810474,623.1501797681416,226.7256552424476,515.9080600206833,141.03709792880014,356.47236634130365,1.1348985483362606,592.9671819533347,1
773.035739650489,393.5299100041798,832.335033117266,655.6688835648413,204.4696836693567,363.8564877779589,572.0455788872309,806.4653239995603,68.49412630980723,424.26105719278064,86.96716566277019,484.113174383083,111.24870693402633,325.5860729546611,560.0951088457382,671.9007840313287,781.0598602554313,359.58019333648275,188.48666375551483,391.4397019319567,1
673.3848646061746,88.15425235180851,509.8975902564636,660.9782632519905,132.42518246390046,737.233957656212,655.7829810429208,121.04588981519571,280.13882730229767,30.712048772955526,457.4717094260169,799.2813838115708,360.70135234491784,400.27835952697745,831.670006509543,839.5766232556039,811.1297330212402,583.6587230794167,6.154761489547189,313.67386573392974,1
181.88549821191745,589.1195199876217,740.5579512180358,220.36034282732254,161.24005287429998,533.0098418143897,366.3628408607937,89.41414355178301,717.1219146438314,690.609728386497,194.9887302193698,752.582483556573,883.5739478667449,557.9173864791023,941.6629865385493,667.0254506016898,408.18560956133933,457.0267383706482,836.6387526353664,456.90368482281116,1
496.55662926790353,143.27363025407826,179.25891051232523,210.97732683267466,831.1693489197073,93.59232254121375,959.6039561492078,747.740168654112,392.5818699330418,126.97796171228237,543.9030263624485,794.5710282595848,755.4331108731615,468.7652052698098,778.9285230848363,93.9387106168762,570.3983588047446,517.1151368646057,74.37715403059198,817.7259182506155,1
25.760401503711282,987.2787516278908,666.5387851338658,414.65692722520254,599.4079251864805,900.0166642964231,438.37867581315845,996.9716107128124,110.3895204722536,29.226667955428386,455.39779483432943,923.7427032413469,420.73092992438455,300.21207094869885,387.579046202173,840.8788218012886,913.8081713636602,250.21883405725177,891.6246274677545,65.45946679935865,1
589.9254060210992,607.4150975812531,757.3275046070187,417.5611421949822,153.43784456819253,726.2319206669273,292.4397015740915,32.49692889799294,23.004862399127248,509.6633106608394,816.9907201741595,882.8068584209684,574.3689612542155,629.2988886788079,704.0360373311366,572.932040977254,689.3301281141244,466.8252771133047,135.50755475902955,885.6024526024928,1
334.8771363608336,914.8464621518358,455.26303254869083,946.4523317967155,683.8421293156307,633.1458655720044,496.3968884499664,215.1340084674509,206.59118780211728,815.8563875427132,785.0604158159778,320.305050122854,664.6126839556194,290.93294727078376,734.1303603311848,451.39398999424816,684.3902673710076,48.16292747092466,350.0800867853269,939.4229461806631,1
226.91618916696254,318.8080962565755,708.105244092378,893.2594483009672,565.8596663686363,593.792719975128,806.9736417853195,656.8072700882254,853.6358434697264,986.2154400140371,9.523502756099479,214.69277365215711,519.669016472327,232.29542219700838,163.22914651308218,705.4905227727218,424.5980974910224,162.84964574336536,557.768242463155,369.17825966421736,1
222.39123407936324,443.1440574548833,909.3274782266254,518.2593059541067,116.22880065629005,313.5348278347054,258.64984772452226,197.80903482877054,147.58173472474834,378.48255966396704,806.4388260573157,185.7823578110096,160.03498850043783,943.7320142535522,406.14323784759154,646.8679572448674,315.3695744855466,480.31495004661065,74.7869250193135,289.79884519172793,1
521.9286548333749,503.8211008806477,582.748523759982,268.76573702686693,368.4608297712807,66.31734292535896,368.7546042095711,55.76193356317649,64.41973544103286,710.8152203491511,242.02272400153734,934.8447804231835,776.0876739494498,332.22688589706917,94.09713078876558,939.5784769419115,640.5347842299586,992.423327753808,264.07121939631827,81.45615827841112,0
608.5351999981536,556.1465461199288,511.52117073011516,9.24683655228109,926.5762271694147,878.9438538348032,372.6418692203729,588.8302296468321,908.8631033914756,626.5616936999289,653.6829269455849,684.0269279285299,713.4362197312038,221.6994216047742,155.38047148989176,245.7192624931589,564.6995942199903,969.2094554053642,281.150644082111,82.39150857908939,0
505.6773521620419,977.7273507248456,243.53410347549044,980.6867222953034,478.13635542443586,385.096458352851,412.95731983186556,261.35233017794735,133.35707855874267,589.1461129432221,689.221906014704,910.7646038601948,835.4747664302997,211.07913123540513,692.1801858174415,92.27192794296046,921.0316694628167,150.67616703819354,290.2019764564456,889.0454259670173,1
252.58004661017773,926.3482491083465,475.36212559501666,527.7643638575471,23.263608120175583,754.9647399693148,564.3198790149312,593.3790392486176,562.9336972823165,397.4215289230377,500.2517952169189,278.3821956586685,707.9090116956785,118.06911100676321,854.8543052785664,638.9004796553563,615.8727210796008,9.149486909721173,537.0252393762657,332.6958900780259,1
765.9665836093811,37.583613837997135,455.1559783372515,554.7216431045422,86.15522248377894,479.85332076392837,494.76575568789804,383.7557168260318,349.0752373728168,309.98945359562026,85.13062151666617,540.8159400557703,770.6863058933541,168.667910787342,147.1049857774067,914.2545427886429,845.7443565984279,631.8916877802129,105.30317753407958,686.2749333904883,1
317.88256672178215,937.9575743728049,436.70306910843124,991.4877003871075,562.9603567691458,837.0370572123383,824.576424720379,56.1286787341031,868.859998399921,937.6262152352289,107.0277295508919,451.8192515226207,841.472001852828,337.549140268507,125.23688529324062,958.6730781419184,626.3292212646769,577.872009503146,668.6675871836209,197.68841876328779,1
104.01851430826758,538.1837389992473,462.5126841630245,301.85238865248965,815.8805042476658,861.2411196213902,340.40614502372847,973.5122626566464,645.3125512358114,414.28102452766245,757.9959805221324,294.080181561318,481.4775257622368,868.2913714663151,517.0894456733675,619.5236379016419,821.5660159914487,216.08635666269416,229.56537675174204,607.9189484281669,1
311.2438060320082,507.0146230020413,727.4444649375164,572.4695177700011,812.3340361292871,418.03975328610386,312.71905746245966,75.70196616496983,869.3012315725953,7.176565123563683,575.3453241785467,704.8149825771153,62.804468697391755,374.02605316236605,393.7459822955416,131.6341307243275,464.35069508165805,41.87205266600469,612.2898215828615,373.28438802726106,1
893.7783169873325,59.988096929572855,393.3242026825791,388.03724562396746,2.0324290255845368,405.7709034553161,461.9957534317628,612.193565674813,353.210855917493,634.2386469006806,824.9544801586592,5.106431226206132,927.1874676189647,43.78840613547852,690.6743348556222,36.229054802615515,222.42648952414922,718.0106389741701,755.6829001664381,897.8614453678556,0
891.1450927409518,441.9988041713653,993.8572264028435,105.86861197687524,522.3870926656376,36.72239716599746,145.33495744772728,441.5547617838904,763.7425703756611,184.617070870992,764.645852087529,161.67862994169113,579.6099059269975,732.0177973018218,195.19309963981635,696.7337323353448,949.936750885576,35.18475463606752,517.4230647811457,625.7014647793904,1
350.72244093853647,276.0687849828777,438.5046654858052,213.24634982499458,40.84191805408033,743.4307926707712,319.30155897613065,659.7801983851314,387.1746224706122,741.552987305558,594.314622044604,14.62023438737614,435.2763234934348,766.6250602717782,242.92123564789225,768.4664921981275,577.5785632759669,584.8069517695999,307.20171812918204,994.7652059863605,1
260.68605876950977,401.7117415941245,763.6755073046767,150.0203198852703,791.6539606039113,509.18757686566073,367.9954559455323,467.1205334647427,178.29237552974098,154.09269969521554,950.3352725675053,780.8666862147693,110.61310617215969,793.8084899731499,205.40194389041167,85.61312582366298,111.0115634450679,226.25390332882077,882.2221455925386,593.2899894191673,1
520.9841414025477,817.3599645390759,239.75394422676598,470.1510291274895,103.33050778416275,819.7012519307775,586.9495986739454,625.2427803144393,402.4292760338449,330.1314200038059,966.603131896306,477.36265526227004,291.0849992464175,574.8301141479933,452.16482948724314,809.928259472273,424.82215032062663,120.43316032233564,418.97036518967246,194.98055303852513,1
730.403580922698,237.0781055533776,281.56733650611176,334.0488575810505,886.6170194055904,91.86364049273065,145.80435337910902,793.1624903701096,685.5279613725802,825.1870413793545,614.4003374773347,319.07297226984366,325.64034006802024,470.4026802820823,220.8957389471714,105.93785356384655,835.971488481384,100.46885100245562,980.8645782558559,13.178590705889448,1
267.1658933020301,476.5086036724708,712.4208936183231,91.99811596006258,726.3303504934828,150.09136742507278,840.7552233118647,785.1360868716134,930.1951852188043,532.0272518765324,10.251880789552636,380.45889505159545,472.19949095454325,409.50434431938885,83.10380287968422,728.2299246838793,785.3234001298194,879.7290612340761,262.5334233405704,741.0139498564478,0
610.7663072113104,526.7396080220691,442.1229397374967,704.0654666335998,454.40834169433407,438.2211479699557,941.6370870883462,165.19208027437526,317.22291855960026,689.8484705174728,118.56270705292992,36.05938429411826,366.4325304641225,583.9617665913385,689.9242334638956,960.204666353567,839.6805648858921,84.84316037299011,365.0825544040038,311.9013019995607,1
612.3200258079047,544.1652032755471,252.91313356499379,912.2896911364519,708.5363133673909,914.5540377056128,314.122603444523,588.3013744798711,496.3122125259264,874.0915255918602,497.1656609159311,797.800193222151,712.7657159474613,542.0968526504657,649.2702260591685,771.0848759014654,805.682544306548,950.2387144586412,346.3800907016744,813.6903205382296,0
282.6302514380552,119.80693216736316,363.40569397684,287.06510897471674,548.2993460252625,373.7569941792536,394.59839242594705,230.93930000681206,166.41059572910422,706.7302534597777,829.0916486313997,77.18701133088557,250.52595020202838,902.5289108978254,479.5091956305292,6.3601857717505705,534.9890820826898,946.6465517793044,922.7448004593317,332.4342552917167,0
697.3075110700056,377.6805358776119,862.5203261439373,592.5030126673973,322.72219657344345,363.0581194081588,733.3822411028401,37.30212804488309,79.43095853075843,170.05606458098998,670.6514789090036,256.2194760309141,611.1517417685859,747.2626399516612,19.910718105705662,878.883830159229,898.8149192477301,803.4040521867122,199.63530819710095,457.72637035036655,0
775.0946140999371,307.3550866710927,760.0815901674806,475.36448448684496,150.3946845555979,707.6316387961675,648.2399630826245,516.4762105418584,573.9429631961789,389.3362930871224,888.5816707180767,110.87910041255289,308.1636819655212,251.09194325816964,615.6852661855754,433.6125311877337,852.5574338814397,9.768764932266304,614.2078975413535,125.8854635966441,1
623.1543429572042,643.3109903718565,62.20915089873724,612.9594851642571,381.8259445198945,777.4002610624617,795.574573644938,486.21381435915987,678.3025425358014,894.7605729848127,185.2510391137615,742.6706659212153,736.3637756624275,781.6003217027325,840.2349030292703,88.613609313548,600.7421667705198,512.0181736930842,561.6465513749179,853.7949414417353,1
75.89121699510059,843.3034714595327,34.42914834878907,607.394882174236,716.845267318677,164.26432692131954,934.3956115681779,601.0941726563381,950.4276800115629,14.986198930241557,601.4404370547282,962.6092760065676,627.9569890322039,245.65415508564936,263.6604733669394,337.7951486092582,463.9735303547304,749.9197134456789,198.72031647813904,200.40175943432638,1
521.5068411980756,35.53464783585636,563.3780066218524,737.8893234161022,210.62521170398352,56.1555380012555,358.302803604108,186.42900976676214,384.1693123069293,688.7030582091979,732.420484504921,634.1396727667552,569.9289630858034,725.4524940279543,974.5062720584314,859.4135096347577,363.96234150516426,714.9144610774464,266.8571329612893,512.4427631941951,0
605.3972305843574,686.0309237409933,767.4104972720725,670.8656606146703,504.81748481699594,840.8083381291196,226.77366115222085,649.0605691098092,338.9235299859108,600.9404568323124,780.9961082294684,236.71742838263975,543.6068924645878,166.1775291211325,980.3128864014791,247.9162328423461,811.6140016070724,756.7495726097131,315.61515274039385,655.7334459163187,0
21.14639737498736,723.9064923272864,860.8070236359862,713.5332364072576,225.0375253770349,193.94513009771052,286.74055897481844,678.820133161794,392.6575588308533,539.3428591470375,647.036644946175,819.0155615363094,520.5068700841265,125.68839558514777,889.5093911822783,255.83781834812734,40.25088157123291,775.0697186383181,69.63350272782797,452.2297000289971,0
878.6285907682603,194.73964241578557,627.2581914345353,420.8989129519718,158.26753951733642,364.31335383260244,861.6591809053699,308.5062284496679,10.795823841793784,47.44948164265128,469.33747696447136,31.482001328863916,220.27365765734964,586.2454507180782,898.5435451489894,836.2862153298017,324.08750849639625,953.0411858903323,115.63900127112548,632.2367529176059,0
102.37828751874045,894.1486679712762,730.1942011419058,771.8080505448837,169.72091518496447,5.8776350025625534,177.38514385092031,266.6150789087059,91.42097312543585,612.4715557566947,645.5814332290872,403.67657797947055,474.965384960602,56.674734179670395,969.2256097046603,289.06044025891987,311.64045386918303,344.7374765757247,356.2365911191019,795.6998282888025,1
834.9321824334221,923.7134922028989,4.922930162892802,821.7746154889171,983.9146804241403,728.9425305474648,807.7770264814515,550.7302773018368,380.4600624095741,357.52032190497096,51.91447810207306,296.2338186741853,761.7064730389063,722.0146401216581,955.5677145774954,399.87865505445666,421.1490042659552,866.0075461787948,427.71025694260425,628.6426878384874,0
25.994042049882538,901.9310168999596,556.2588996817993,923.423801010831,792.203613659672,251.04532928923896,406.8421463582349,426.4868782979709,747.5419629029144,562.4497969199273,221.32173642767415,854.5653146101739,287.8263529642764,984.823266541055,332.0494432749256,645.3029918980266,351.0593288828775,10.31133766298764,989.468903228469,873.7527396094523,1
637.9380420200756,731.1441905370825,459.83964083912343,540.7194672269425,817.1902665320567,565.3776479280267,917.7464098353428,816.5535394734176,874.30031861983,620.3097115033078,527.1057577430563,251.31767172222064,387.6658968613683,602.8274362746986,909.0314745618476,834.8797962391857,586.0949740215165,562.5475948034973,990.0195593966558,383.13691234184154,1
555.4799659916365,71.55144310830819,60.10043007895904,219.18680389344436,589.9249893623482,476.45535744282074,733.2350962471444,439.01427712302745,252.68865107776517,673.5732227042736,436.1043208165728,516.3576071775622,838.3716510166792,442.3502979116566,544.701257669342,227.55229692294222,557.2197317873629,458.23230230470534,901.8925172934094,905.2072936367583,1
730.9853574379758,314.1472331807057,585.2220651271274,644.3022739937257,465.4954385233722,79.21706527086614,376.4289012201417,303.8970060882915,997.2625125012199,646.3271297144443,84.86730684568555,361.540455178531,204.4204109845481,572.790099949879,411.7045152170785,285.1734531604847,310.9599671466631,848.7870162257407,970.2866557569898,388.86955462033256,0
735.499248847334,125.96199658916096,255.55408295612415,269.335337416274,684.1260121880653,715.6830209481066,889.3212544927494,99.19399750740298,508.7085783107274,5.932755912901877,134.47461765311442,330.90342821215637,386.8478769031277,863.4219177144771,429.96099787153395,518.8413226525806,21.01823491007837,467.7380513074262,671.9416045071239,736.2671791969827,1
387.9007044486098,21.328521669549573,685.7630424925128,489.9928964713618,425.9954929782973,921.6490532098995,428.26583907272095,86.41489016316383,357.4822750008969,964.3919628868604,839.7467316236332,163.60433621069515,664.6010100660984,628.6846648934394,109.01584408700826,156.07247625322006,500.8096963823205,248.1708569345712,52.4650419410635,127.9147983429193,1
650.7445492084972,684.564394734837,958.1458479665343,769.8787211260116,182.65281468803772,384.76801096134096,391.2452726629627,282.5408360601087,515.852398635225,726.2197967880109,754.885882759632,615.7908250128531,125.01275878625395,159.27475851648964,725.5073135249716,886.6420520229708,349.4434599061452,279.3673422047698,923.9999480305516,250.32459322653798,1
320.2079545249029,38.43198734601594,389.8560519341199,273.2064274872571,957.3139792978242,586.2480094560394,45.5340202310518,708.9905606526518,785.7250207443387,862.4637600451771,29.6871733699382,8.818420479953627,921.704787415181,923.9155627366192,895.4281282928623,433.5304076279227,604.5337402864325,989.7926989147008,79.45705733968789,815.6859021149223,0
810.2232687882071,592.0857663351128,619.5759100709357,901.6141075825055,642.4222747528889,758.8197697647097,286.698202652066,619.6147091865413,590.810639823681,802.9743981348798,174.44414408037423,649.7332904350361,737.1410584677719,940.168807954544,994.1927867759289,808.5676546213126,81.8520101417497,355.8996345292329,929.0845878931635,590.8354718636463,1
109.10583545672625,741.7582468519133,731.2045115683726,177.26177132771792,646.7365545529477,515.9560787038398,236.38380932537072,916.0028056225401,322.9304263113878,534.6895235966397,603.496506716,332.39122209586236,571.0925678839211,818.8013831824695,62.29179158818632,160.71053566013148,474.2471736205964,355.4360780988913,211.72869427575114,632.986342662823,1
353.2852831806497,193.8322918545583,773.0220813729711,448.09525266953665,923.0674913819562,264.0750761023637,22.083467837986646,94.24817021590992,3.2117882882337634,127.15341428802563,574.0250470693389,225.10211188217454,586.1459576937567,535.8697309351238,114.83709205538584,675.1106091790595,568.7077638795489,986.7976241122433,268.83419610029335,417.3580501844968,0
607.8337041723546,223.45674229416102,108.96447227669248,49.90911926691866,593.9961923615714,677.305930740769,968.6308424133457,391.13299986857885,170.52661092746467,937.4381415510339,869.7647300692798,960.2634764310874,526.8095897865117,810.2720580655086,782.8581961666363,752.3536328374631,543.2662974934188,526.9502397093593,110.04547183276058,112.20672290361588,1
109.6183065765407,607.1980833477304,614.6894858488592,468.14827799786764,229.02144034726314,635.2552641427741,495.7488616492346,693.8736470245336,720.8699922365685,904.9302915203758,141.73653866221358,836.2896172618526,808.3918540621698,345.04519098231737,699.5246561774482,418.32864784859214,92.51794325987505,138.38249428147597,931.4147453893952,48.62664305101872,1
532.0371210386801,708.0411591100807,745.5724563844992,340.3367323302983,555.5089886436702,461.28394732531007,645.522878404162,402.08693653908136,900.936219169786,839.1984818750097,9.268935608023332,181.72152136220953,186.55306599379463,708.091779417425,219.20702280807848,13.915187555419761,333.83727013560195,768.7483732867173,281.4024663504007,500.42814261913315,0
684.1584069674791,12.772228406102148,442.9569457723617,881.1604747028325,922.9301245765447,362.2558539862641,246.504951534651,544.1434167423276,67.58854820982863,524.7033440643146,553.1794767428039,914.6534143437251,671.9372656551105,865.6857242231747,510.1162664068664,742.8284831726569,390.49549593609345,49.16778199973015,726.2685937652523,720.2773144137557,1
344.8185508064429,753.4188351424034,986.89187603869,623.3547180874053,657.915458254687,763.2346768172049,195.62626792848104,678.4418639761228,531.8606448471643,807.0310224232244,912.9781862196269,467.33409390717685,740.9643181353182,417.71293534832387,657.6830293019291,878.3587617745446,119.6262086970541,379.85897892945775,995.2808738380578,239.4708339756626,1
347.20932300572235,603.7094404166359,349.8940948947664,256.31515114027934,409.4385905716085,323.08351257415336,306.00169647089,383.108163910681,448.03010370943343,33.1628322071742,841.819751912863,716.4241058254339,881.9233889709284,989.4024865105456,14.974770212297539,463.6673226720815,310.7800600880297,226.83666628678344,708.3917562855133,113.95121273061382,1
78.05381155080093,302.05178990520096,581.9359247367561,769.481232179014,28.399792862105922,768.7901071218845,213.76040122824213,325.20236771912704,969.8886529853719,715.5682996280449,896.9714335948626,438.1656435575513,89.85918129153781,311.4143090303552,220.4348573439794,792.5447306189916,182.033017154263,737.6046137266226,121.46074186672683,236.6632179535555,0
725.4598149039438,146.136723352579,873.019779696086,881.0667247236826,984.1755627342018,854.2859393684295,60.45414448345343,107.19583128956344,775.6732846340395,838.8626156331206,752.4561704121113,484.6167066339978,334.6444542266156,378.2820985793118,795.2647975273571,108.63241200271855,733.140795246366,458.2131801089471,36.17543971001969,600.0533750869694,0
566.7669563658778,270.4230550687995,160.63170547524086,858.1379213513984,562.8482776362601,472.6737937382061,766.241075329942,988.0472119640554,161.94698676981568,942.6209209493677,53.87109595713346,697.8128765022323,421.68359201363893,620.093375092895,460.1785449545265,101.55506658566881,536.1901437883763,649.5447945850894,100.19548404474921,254.515445643951,1
599.8400769356263,644.8390572140189,202.72032921792936,881.1798062731384,340.82579557312886,54.50483315351873,872.9624369634322,691.8815862280107,810.5911241284834,926.456325670448,792.3740894451964,950.9222965668164,727.9959677378009,385.10044582659197,627.1605016491402,356.90743795243964,87.5134133693789,498.6081837802048,437.1066242180398,368.8964727640752,1
32.18616103278193,808.2182634180487,374.66542840546634,916.9013921192977,392.50493912774465,556.1636792399397,145.1001499400657,862.1883423259502,950.6472277902607,377.40871975167846,951.9500773299226,488.4520966769639,683.5923807145156,186.0803454027372,370.32456144017,687.131324430812,136.18990288458033,561.6175420723383,38.454325421957705,379.67996392050543,1
626.3800832552591,448.7823547861489,330.3387328734971,149.20607269266395,102.53660461839797,183.64958686414667,460.3874162557655,743.1816623865035,77.43736425393777,228.00193677247572,360.4908600721115,585.9965797278085,213.45748405441955,126.06176520185075,134.4855957458796,876.8841053902688,141.18482383782904,738.3691008483291,275.1383308763649,434.72737098622014,1
867.1907784771626,369.82591628632247,77.69455206860931,416.9310831828557,613.3228352447362,289.66300521941724,271.9762464274519,677.6467475225869,859.7246055777906,259.39580996569765,759.3781906301814,57.01021424714159,393.04343970253694,362.1417346758655,707.3182903209741,699.381949741776,967.4519872734138,743.9156189846075,404.66540561440735,478.99454507311145,1
413.3541847746396,177.32837788496158,888.7436263528081,447.82615275821723,611.7978577308177,735.2659901392642,366.0699947244281,417.5297506753567,217.2828966570145,631.3081515232557,354.4006940271096,326.9993875304386,963.7074886786058,139.89021313770067,487.93887000065604,474.8125951450417,709.6729377353445,490.3890441978125,401.6324667364257,28.419512792335677,1
239.7502087109592,368.292125160254,720.9001399941925,990.7606520983721,693.4793819594018,326.50056444524165,190.08936750264195,927.2446010773032,552.6160327643944,684.5617438897826,336.5733016122446,230.81910150968022,563.3483880544985,310.22062778630186,815.0826769367809,448.918554216125,937.4003286311352,383.18054413127146,653.1111842899601,570.6127680214714,1
156.12973366054172,132.73813290303215,376.26216971739035,840.1705091093775,544.9874356069048,935.6597809934971,741.1102921700707,322.65288654436307,893.1699693369324,861.1565640825675,60.17568276160124,400.3129098100389,514.3751284044689,259.5455924858983,251.65968508354908,74.7011441465204,75.12387514091512,632.0819134788877,43.96332288313931,187.9853931983372,1
241.29747660105116,883.3767057864851,929.6462369060276,938.9844111799557,71.5114546228518,287.27543028854194,593.4642002028302,445.0606018219179,196.34267355412126,550.2226168493731,500.04533617160195,887.5662944450968,514.5821639503881,243.35679392764575,796.5716048034084,936.2658590671762,312.1008913139636,813.2602602809654,652.8682766118636,569.8711464946078,0
947.5140002152035,47.425921772967115,581.6536556628976,740.9800005066058,474.69294423069806,647.5304062854561,706.5441277546026,369.4474811464684,314.0789373667262,58.77031583685821,822.6012116264949,356.9046447361356,863.6336222900453,526.9641594555534,190.65057502254123,401.42567314372303,522.9748718461711,102.03853245635419,333.6621263710177,291.4828895031798,1
343.6339582627598,146.95860726336574,309.0302380691835,80.25224487477156,537.6300572746078,383.63022219286927,666.9323248682645,273.24996116260724,834.4730711526337,129.82184416311804,39.495247879581584,981.7539335769632,864.1100301574405,481.6754091594179,251.7653507728781,510.2594076502514,600.7571014552736,216.77925416552046,441.8218371402536,528.9208263530891,1
894.811626800751,176.05624656965335,105.56264199594622,414.7367257466583,399.8669260286851,117.40357175867832,118.93482703625313,625.993469135677,254.04541548253167,112.70873015404315,580.323327322855,595.1688217730793,669.9912367869589,522.082155231646,252.56332016214745,584.6271718719197,90.1733345056438,533.6273742529258,916.5706092382396,227.1956641738444,1
615.5855528543294,482.66287056349654,238.45576119027757,948.0276141277078,745.7108497355321,114.41528788369936,23.266088674337215,879.8169283348701,831.8914852198166,308.3309453578904,835.4710277027373,781.4751466092266,748.851831834669,401.17208404043924,459.3757058964758,585.7665135970685,298.68712154687495,857.8960759833685,643.9060747769864,51.579949769941955,0
343.5106178459001,665.6596667640407,272.67180841227065,816.674338639118,725.8908045940085,612.0911058393995,12.688366981330802,386.38811341739,754.1775774863261,458.6257989909904,744.5471703803822,271.280295484052,859.4530932884695,842.9550847713638,832.0616774745876,891.8205230482793,79.55113058981999,686.8983511202018,575.0229938062324,704.1815063843735,1
515.5188014949944,947.8117835451048,328.1438890490105,374.2239388608164,678.7333038921774,408.55062532602716,991.5981599263614,792.5906796285464,615.8740446496727,12.921775664257119,654.4368474707305,513.2097077831351,678.9709675238603,409.5386217974675,238.85863192809353,240.3880893309157,416.513701155804,894.4495454614967,463.73550297576725,458.68698745150095,0
421.51975689240885,636.5286825584242,846.5823782136964,512.4993207891466,575.6783395535754,395.14782942531434,722.0617551701107,410.52851942951486,818.6223457004639,404.7191156049319,200.37015178979846,319.90368201939543,57.998337690939096,484.83329567080216,670.226815404706,187.8088844360376,63.04721422544324,196.16943131942,916.3246528906869,544.5643217944825,1
967.7763939552716,128.97279614364888,562.9243543797176,341.21615645427715,324.18726301656244,666.1065804195468,919.7237493363709,839.70748087652,908.6582629109973,392.370815013427,862.7572027451429,858.3791548493004,588.8911206679691,843.9613155027346,846.2345937231216,9.473270080409879,137.0473783546068,273.84005941866985,869.8381247085913,645.9096473825794,1
996.159326181649,922.3285299700436,222.01220471636285,313.4689362061088,274.6738664014019,535.5544729669923,703.8605312912331,300.1714001134567,736.2410769759051,92.42872163565441,321.10764945753436,247.02871209433363,691.5923811676932,211.02653274914206,980.5225283803123,154.7668113038838,28.2532466380776,106.78784921902829,427.3523280069277,577.4702093878633,1
589.4465226718696,896.5924046021153,53.838022889650006,186.04032450415332,831.7843226282955,390.8139646824658,656.17855128216,419.915526174754,0.576014604377062,223.90126293325952,427.8709568480369,120.35555416654941,798.3096203997767,474.36991216656133,799.8052521403283,774.3284557984946,391.4751776160348,944.0328348214039,423.18356178274064,855.8166124437734,0
789.1625936926227,323.03267003404625,741.2893061677248,724.2045018059936,705.8779963247292,594.2328347334312,432.82988384379496,36.89234775561834,964.4311401296636,199.92273614524825,393.3928626159232,607.2994521043403,726.574587470653,300.6981788303365,86.52214265122771,540.0589163056685,945.202409198303,955.3650182287132,478.9355035924128,68.12164160450851,0
272.5436616221395,70.07187637484103,278.1033323651294,191.3014220544339,525.7024534413068,698.9067293269136,653.3141782721025,523.1000757864704,53.93721925910944,824.7730847784936,196.8636311784173,622.5795491615862,931.4497092067,807.2587941018617,927.7382714256197,417.49003300998965,13.712323187469844,61.96267407983924,563.5626034931139,392.2484755762998,1
182.43644574279284,48.36642595271734,27.54034687496121,195.55038878625885,77.52233302063138,795.6290191349246,322.1748486280222,621.5621523389158,933.2978498549046,210.36083091361124,497.260624012824,203.08475733308805,102.63917072063278,307.91556399945716,26.345971528213497,309.5006181956228,666.0276639539456,134.31327646994228,770.8545854620227,22.836964407763393,1
925.5307050120695,405.9723383906485,39.59969055330892,246.20723471343842,986.2869858715624,115.28931093938289,803.7162313246024,706.7733711682785,78.6173066269531,669.1795381612677,856.123253198903,917.5875602208196,845.0359690080093,797.7626481479797,36.36833964189723,402.87227745530174,944.5066244176943,718.6468041485933,180.71423873094605,744.1976912368195,1
619.8388019300165,55.12606656714847,788.3086025350811,791.5041358554844,106.63033332294847,264.1484939292218,882.7018494075351,597.9005669339025,252.9552055069413,831.6170835733158,423.74922218767483,852.8213778509106,80.58749436780977,724.1826669558488,249.81508109232243,530.0515394406608,449.00064274366144,642.595994946931,352.1995496298873,860.6628687223088,0
104.11395315020455,992.2940320140128,505.3087272259442,682.3733247012963,417.79289569707953,491.2979373594498,916.5886237366645,646.6160839162678,967.3985881999848,648.7459977290408,150.90206813501894,191.72274341513818,933.2692781446764,668.3592204640428,562.4491346450183,573.141844406717,105.35291537895219,153.61575027230455,477.8382609261165,35.79156059818156,1
658.8048413671821,884.7654749085027,436.93329317942266,486.04348537128203,581.9827282556867,430.14460368479746,683.5095384897863,453.4916551631346,228.17783301104456,611.8312277113382,785.1528066030398,580.1624245300999,188.09738861244807,448.38363854978525,26.48288383275721,908.5009522481884,563.3252545224295,154.68521415744442,169.9086198428309,484.27911620225973,1
524.4608482585885,114.79100028041633,431.7334957032478,320.4454536112152,766.0627134433524,217.03934011975988,840.7985713302513,173.70508382354876,687.2557720219721,313.88474849631774,964.6227053217455,490.937187633848,179.05050458835748,994.5306754399016,34.84030691457119,847.0342073298762,781.2299047505388,705.59120805294,249.07683244149038,505.77530359597813,1
360.2454296285609,388.65890011259773,48.239277512714395,643.2376768691771,176.4821486197099,603.7097930950749,67.83650157742083,588.6596197603623,359.31140273102045,151.11709731439836,375.0720442235672,903.7479074678611,999.0849593248232,783.2284604830879,162.53141780870962,87.81154367597543,68.44250767782879,571.7053985036662,830.9887532543975,844.6141020636993,1
274.43914877799693,797.7356078087236,633.1496106859423,392.8329573265281,565.9132690462629,13.488056731764786,146.7830803802911,322.7848280472919,813.202015122403,790.3817559681903,401.0435525655317,470.12764404376685,346.9805797330994,44.56878138512288,359.95682050576517,344.34579296540477,391.84787143660617,281.8719936119979,557.289169910871,309.8603163621856,1
123.14818150580031,308.0200255422383,992.3489689583732,198.6592779693468,572.7747419398037,744.2852765687886,831.3163488535441,54.00902262603324,607.7238726824454,44.27034592059731,854.7273599974986,220.33780321341146,173.04223801669173,258.0194620929973,141.10814931968375,81.1443784524999,876.1489331621511,17.22187600232672,351.2199392897062,342.24471188489923,1
812.8948143461844,499.0912838771238,639.2405672952696,946.7794162255365,555.3358881658307,139.70602369079876,542.2049125965281,312.4809866259425,905.1548135431425,764.9088953680285,251.94932851836228,483.5193917451851,110.34265880939087,860.5723541260105,741.8875338527171,148.95335839554102,708.3679740071319,650.7575462979246,471.56988445098045,609.6815686625565,0
902.6057705881808,138.73629559347776,828.4583686196308,644.4040637342331,824.201466010556,770.8347743520288,626.9439819821565,721.9986247675183,290.7863300439889,471.84427282545437,765.697173533176,265.68782732875763,729.1373817608123,649.3918820316964,421.48456838347204,74.90573945139512,631.0703081582016,312.109831343952,850.6389916697648,586.0228242662687,1
298.73059715144876,44.5439707428994,718.9559141358282,346.0462344058516,293.18760631753594,517.3513829023242,988.3993525122991,172.22947017225965,416.67437111837324,841.026632978484,309.1104437766829,363.35588165743,850.8496989365053,611.3648122144323,997.7959037430599,811.3312168680641,427.7122637413877,594.4896074253662,538.2147299284526,230.95836991745577,0
972.786686002821,764.2927696306333,371.46806276321973,439.23546063005614,812.4958197060748,381.19554071728936,341.34541484131364,915.3712227991065,233.72141207289786,874.8674768949377,689.7399735761576,81.39527127556512,497.4237121608165,794.2136737227848,368.89525218940054,598.6409576801261,846.133836707954,342.0586709206629,595.9799544295453,423.9226351016837,1
276.52117174199054,469.2569149934067,266.4338853714676,65.25182258239293,699.8998596797737,655.063552249946,18.287965763412405,682.7578808629452,642.91748806885,145.1469413602492,768.1594238868296,288.7816142380686,216.52172498887478,245.67962701320923,876.5355959824976,605.9801735657928,665.6412402608855,679.3296938874217,176.79922793339443,388.42957147047366,1
689.6651712476842,454.2922121268788,239.61379470639477,950.0656654411425,605.2947593327599,853.7362521326572,506.8180261330648,624.2178230351336,201.5737032108541,920.0314973306382,275.14881349771247,60.80333072124044,227.69170010396266,463.35611359834985,255.11291007448622,119.72957062623124,450.6804048809724,953.3702399114304,629.0359056287466,612.1103347036021,0
984.4831127876253,204.42690691963062,878.4557827020311,456.04734389088395,809.4779718108289,962.8335570438816,390.33303350029456,792.7147150125824,603.4952587102313,515.6879042661044,101.91070540145842,115.20074788106594,874.6242270694705,931.5523676863454,938.3144977061429,437.58201757037216,170.20701073466637,301.91135150056414,815.3315186245198,508.68266120155647,1
619.276468132296,835.9030550733988,341.8812518060099,177.57778813466263,906.8162573686417,919.1425922876274,569.2714809172957,357.5935974692679,26.768440129089743,486.6014364936636,183.1324186677321,565.8401994428591,112.5246646140149,865.9272322669042,773.2763814411245,729.0918169769786,511.06333769048297,968.6830477900291,821.0240218307384,572.1655818683442,0
608.0680926167776,166.00950899763367,497.34796751592194,463.12402967683295,600.5887309811756,995.3753851846926,319.2830087585702,745.8673516512913,203.62068093750574,931.6991043035897,980.7349342294593,387.8874161824153,627.3363196691743,839.7135900593892,922.2110098483176,813.5211566844492,621.4755292176303,734.1760353767035,549.322282647854,623.6807075809427,0
341.41161277720136,809.4497925663949,414.4279617774026,7.275216193585843,829.1915448277484,721.4990193417439,196.72887416404973,885.7566064897159,524.9677175999225,804.3495186276936,137.82051029856245,737.6990840176079,423.3882267168871,971.3522067016091,248.14222759361172,607.6914528908595,60.144611935535444,151.38417706315465,30.57517979111779,766.752384160105,1
526.2118542841426,423.28621129679556,666.568184137387,590.4367312989746,423.34768987960314,825.081800618503,210.23832365555518,915.8368863806278,689.2456570727127,708.6771699755284,670.5118400262411,541.9822854244775,39.752730621170016,541.0271806956507,240.13328546682334,867.03523325956,409.60395754767575,175.66710233684546,270.5151128496598,914.1523137203693,1
335.6713407142409,751.4333584487646,263.29194389538037,491.53502096525716,958.3211168152196,665.6116470401048,390.39352643335434,602.7299234661425,287.92983134282235,570.2869104244393,252.95624597963297,50.50307764584405,265.4995984167949,274.6823131446351,182.20153209311064,67.6390466233926,388.235997112511,217.0781564318205,866.2924412647332,870.8805209736992,1
282.1502322237672,777.0821126260256,105.40183289742133,887.8071660296424,851.0401129915533,742.0994250723342,589.7193358026454,627.942019153161,677.6816282254268,626.3794807083468,991.6064307405388,65.73447062577786,898.3059060892027,16.526050279722092,596.1647272532576,694.2738101616416,839.6710382659841,983.1748658405646,393.1244410939729,702.050603941584,0
21.38659176377078,469.5390524598041,865.954617721171,738.6035895977502,551.2607073518143,392.12561684692804,19.322981850082186,292.53695683430783,176.37860188032272,346.33215845937593,371.6408611595997,418.1504826693665,310.71458322774293,225.3303850804923,853.377959713526,576.2781259109823,467.60469204144715,941.5592436704458,287.77396010272685,19.074082783824608,0
533.3702032714433,924.0776816041601,636.2672657683559,510.85092915532226,265.0864197316658,639.4885726407638,368.2390418569562,57.400350763296856,918.333638791725,165.85485640551423,210.00649324248477,672.6611758059405,309.9158728810981,953.4024860355283,562.5294152205503,113.71864849341817,225.95710019367365,265.8996790878143,573.3946554522507,161.56211364407903,1
701.5478748462559,298.56937352795666,365.51519780576245,554.9605525560804,177.6027141857014,83.63090325818068,610.062541607496,566.6573347639339,18.188970056943866,274.0227050619938,150.24574260035416,487.154178032884,486.5137859045928,766.4861432582564,881.1416975706416,71.50023096966007,301.98504663260775,14.53585280652292,958.991075531235,119.64213469147566,1
838.4675181662744,623.1868386940607,600.0206752654136,169.8370374026895,923.0978400239846,700.1943263834225,307.8019605353044,871.4654801678774,885.1896452536258,212.39911188103343,211.03169095118167,628.1331513248424,384.9673478994241,475.07357508275896,385.18630611562634,918.4726584510836,170.32248905180947,224.86513143199915,493.7868645318052,741.8632694480223,1
399.04791904754035,34.22566927119508,636.55612686558,821.8555536473912,220.60285240483546,275.42491494438315,145.7176369888532,677.3400378043705,930.4591529177684,384.26214993831866,857.1227803174334,540.2429069273923,714.444744233794,198.8171325439778,548.5709046893082,287.36484377976456,575.3919718566586,504.128717954496,600.525307570657,740.0650623796756,1
386.33145224538714,145.86074995294828,1.2658444587320128,659.7110514525355,529.8816628033021,351.41000221093,130.8374987152654,567.7204750858207,995.3105726977918,677.8395622089115,45.25358083134534,248.48916995810387,939.8993166188114,194.68117644474282,559.3832440571668,775.9154780715235,995.67655274273,217.45889585705348,149.95003023689668,750.3040455704742,1
707.4388788843615,340.8649041369276,700.6571109456823,820.2152821304835,203.73795537965756,764.6711062595642,484.7569246347746,400.77245464318037,651.7472046017735,872.7461605657529,689.2941062681294,915.7344877734986,52.8473322147387,810.0065316535957,739.2243924984929,685.3806113919744,897.2099069597731,814.1931052050751,168.35827828350048,238.75216496901453,0
86.43096939543715,761.0692918522815,260.38334781607443,477.8154859743802,616.6635417035318,973.5326913298024,75.80815915753114,743.8834909667592,73.43381342399124,230.9880646486957,205.03941261094627,726.6008065421723,831.8057874675194,596.6680958644682,661.0414012687704,98.38229606318328,121.33436775972439,89.43821620364257,80.32205652287705,838.5983091985433,1
609.7905457853195,430.13471870393624,393.62460556871525,445.23175331624685,824.4281374808792,641.0447810180369,972.6701873765105,414.17594111365895,441.7997501106352,773.5151660990111,351.02894982187524,577.0955486794967,917.5660597132809,811.3930846700512,117.66034630325784,40.86014223828683,319.0846015228197,618.5330987372089,430.87924980417256,168.46508864485932,1
184.30103070629667,610.146780873846,949.0894073081901,55.41675466932605,752.1594866876181,912.9206879687482,61.8819754478267,872.8650127230402,286.74091816152435,856.4026965261139,816.9623184008152,384.40731953498175,400.93171530160134,870.8943554665996,951.7710062985152,100.37602009560365,675.8366694814483,500.6049484639223,798.9759856709479,763.746039467941,0
348.61430691263297,838.3609021639327,780.595132647465,948.1265558784033,740.0164074809292,371.21030784945117,415.11761564668484,831.9758272016925,702.6932725739423,536.8825455977023,371.1350342766241,958.0475361190935,456.00150317086894,687.1483999823516,400.87044060881414,655.3664862533185,395.98134980584075,778.3851426948885,84.64898481501793,905.7832826946392,0
597.163682130138,125.83784733742654,159.58999883327175,515.0765326461606,317.43357282143893,151.98828820017985,621.2632833564986,846.3783214273245,90.3381092775516,465.85275160193896,83.11825760764502,688.1151477887253,24.024290365832755,453.74947318679705,328.9421787990143,189.29646767999165,541.3286746637251,771.0772332487446,817.6660824849831,529.051308570118,1
448.8414836506589,156.64985401551357,696.9020140024655,37.67218965320074,714.2890793683459,315.7686227582931,202.8900067790076,511.24417415313314,322.64496946837926,733.1245126052694,656.1400357293695,865.6625915887732,699.3604890372702,986.1825283224424,451.01115855910047,244.28040501005333,941.7363353559037,588.4624910178858,118.9457402986076,213.0963624014789,0
109.75785756684631,855.5608660736142,635.8599304868712,698.5356367617013,390.7001300903741,500.35279714749447,30.521108314122248,682.7366266725062,81.07738272001951,2.794570680912156,45.54834201571323,742.2569051906326,944.0085965501233,523.4369855788921,266.5925677042842,503.7990894147387,479.0550890556074,10.642013819483154,337.1893961282172,80.05391920605354,1
591.3756430991784,318.931495849204,622.2994925656062,415.0574628135653,109.51600693110663,720.7329912622033,256.2129634388953,861.6934038147922,675.0572989275475,73.28785740585143,413.5870781160189,249.2024620651041,468.81027525607175,808.0255516795332,559.5933827297632,453.35255677095455,168.24934147783642,849.8591922472319,415.9651522814431,162.39620904751519,0
981.5124715864165,794.7565351171407,863.3516379387962,244.40542016410126,30.728948438319193,185.1176263431006,996.5149431501146,137.68225322103666,243.24662965558397,749.1331521319739,874.8473405434546,236.58922012012684,411.2756478609676,857.9346830752512,995.0897631856088,555.3102792974483,243.3584602407344,4.100174473973595,349.2776656423614,542.3938399887589,1
469.00012263236624,49.39590718989062,865.7020955945344,583.5724504264589,339.9388298119137,226.21808557892243,736.9194701914657,639.699774856511,838.1878955836736,558.5657716032398,50.048727962867964,433.07340789947455,240.13236312296237,732.3812186741401,957.0725080682816,219.88123684792748,769.8610627695299,721.1091686574227,317.4000793940287,950.713365287428,0
775.1719091983541,632.874642496931,534.9691002777304,405.18828180558063,60.4240652660728,384.0911829372304,490.6060540545284,179.90498507515872,508.23596488612077,292.6591312138035,238.86074153512016,166.49405589159005,451.20636230321196,474.97358934781454,966.3761178385249,351.81921290751603,675.8748918025912,404.8624762471117,757.0985289249802,227.42799021080674,1
550.6498423958069,293.73289867107354,127.06301323617986,356.73534734284897,60.55455672786258,187.07069056358782,212.65932733369053,906.4977708397347,318.5720424163222,841.5143584740267,78.31932240039086,341.1712662419131,861.1259180466362,10.876584787590016,308.3521926209599,309.99016103402323,456.3261044120793,726.3493229153055,533.9384295037593,992.940724023537,1
761.9841062060001,321.11537644742225,859.3894014174934,266.3283156733336,579.8652997391596,944.0185924855944,729.1195698961162,433.4104992631148,363.22162770935273,311.7155798431954,889.2964294714941,990.6351570011562,865.6691375082761,499.59932688289155,59.25306879148173,889.8168319598407,883.6016684206162,819.5974347288819,774.1870588764285,290.92862853816956,0
139.1910336782415,931.5700240916553,351.8860914544123,440.0132182911507,371.9425151798553,701.7277524438642,292.0421914646454,911.6879829361466,229.78962971402862,241.5174655230238,610.7323226274493,726.7120526694197,426.21830213447186,278.385690472944,697.7691628591905,707.4123966419074,880.4617078372788,249.10189449673692,188.6870645121951,280.67027086620135,1
76.83231025228221,484.30972952665854,265.9206934432867,594.0526898955353,185.93936437749258,423.835733182353,354.03850548519733,765.79407578448,117.49180661556724,605.4744180762943,928.0015831431266,449.96791361228475,362.7957584147561,303.65890988194434,753.2006120171814,180.78792206147776,51.5166865140334,735.5830447330045,890.2652598794275,707.8539213748048,1
69.58524979268199,657.2274149880843,128.6651146009059,607.1301576039641,934.6724582064916,5.456505330871719,422.2033760557169,221.80814533873505,578.2708498001065,340.8518755473949,445.89441864953807,904.7490313795308,24.225920267445076,846.8371993994892,625.8857336634184,530.7081534841102,927.7906641775537,728.7025077535664,818.4885300595222,7.181188712231057,1
907.3555523454495,893.1808480370954,400.4777901306914,370.6667053373177,826.4634176072485,124.93488426191112,464.29330747701204,122.42415390571826,745.1072232746578,351.8620014707965,290.7227180306073,886.2863657527317,348.53977369621515,869.720150315615,965.5120350921336,688.0454250999777,270.730424483379,108.41591608441415,582.1068196563472,531.0805575698744,1
425.4848981644864,808.0261980076601,171.14194224358792,14.744592242184051,730.6658288054803,994.8507685316945,820.1849496954807,93.4739393869144,846.1007807584789,846.7034019199104,932.1362288446992,416.7481246939242,368.36913279744533,860.4387980168423,373.55974815821,358.2485835112408,474.0735127304443,146.59186848970464,633.9462761401052,406.82989456043236,1
534.8305290690603,981.684928664065,649.7341419190154,445.23529506802174,946.6041869266867,240.80995572278263,889.77369267145,700.526250227319,512.0391754968051,66.35693621388461,941.3990860362355,860.886121013187,772.2100072939006,618.0138588370795,610.1434291438685,313.4954692376194,131.93492849023414,370.13686365714017,292.3285193251244,182.6389970108737,1
463.76145618123763,711.2952969327254,540.8189223689791,343.47431702379305,954.8594650386384,885.7347681582473,102.56203873340142,91.75562553593475,482.6651287219198,85.34272795877584,194.13497335297748,17.30464534285181,276.9534578714714,678.8984167469159,344.5176444715491,538.9148605045585,211.90010136717484,10.122298056498224,539.9748868267177,352.0897313540383,1
180.11540467052268,693.5487782936633,799.3951798734192,581.847484502321,965.0085525419436,304.07931350545147,762.808201866047,862.1555761673716,383.8421498656506,438.33091496783493,192.3501099773187,918.355266331319,316.73833815615217,709.6261663014001,479.1197177740298,672.1221813085914,452.40351642417886,427.5015860305879,793.8379949113686,562.3865019979231,1
774.7244404949314,474.9551663405739,766.8482611340205,491.9205247261116,971.2805548984669,888.5809788078259,715.3438805945682,912.8612528489143,557.0561169562992,533.4035326405186,580.5743931221699,238.86799931678382,627.9992279869421,860.990318168405,794.0634296015362,588.3068750261507,240.8764012026998,329.71083878771736,489.5600904244898,12.964879832770727,1
868.8941098887492,607.2649272276878,61.13290082047173,800.3733980547596,959.5490929201961,427.3303271746416,145.01920255604628,868.2800299845433,79.49326125021517,536.6971892161125,452.37676257967183,677.3081643613785,515.0298799794272,798.4170439801815,345.96193841429346,30.468787879877723,772.6632437668557,225.62512453047222,501.2591096710588,835.2124558777682,1
545.0053585688436,257.5331157922639,713.430892162559,629.3199815118201,595.9728448246706,889.3243587871561,310.78579371659345,884.5227229447535,783.6258019005558,859.9105841823139,663.2322322539658,230.82751173850136,46.03377148231225,43.82400504952499,169.75958340063778,83.94426374121477,202.9322335955035,538.4212150621635,680.8353912897398,351.90159940380204,0
790.8488908501957,106.92777149430799,676.4286748358634,863.3014188693769,7.895674982782985,322.12720966100716,189.25961407764692,57.050669558848185,70.17115229417026,303.9855833807686,771.9916930118759,151.76579277126356,619.1120201751565,618.1955025706923,773.4540949012508,826.7161235496375,332.5125241157044,778.886757514668,245.2469732014938,100.65201470959117,0
465.59260504179923,722.5610830229816,883.56590932136,838.074870886106,314.5935240692188,862.5431594367371,468.7245614093083,750.9817782635473,369.3550539785282,829.0208505095572,0.6638277249176872,697.5274356353482,698.2629130275751,689.6713450490731,937.0937660112932,51.56830286355596,646.5963824373445,106.870265625302,951.0083395098615,274.48199225105975,1
957.0795381902509,471.33398445816863,915.4189300289755,78.95424903018178,751.3411466067384,386.85725111083156,797.8518604750877,670.7112312852167,346.2732156536645,905.5524819996774,414.2802955905204,165.5861957415904,283.5898676572148,53.77072708214836,945.4499307007009,9.5251770530691,300.69112777944696,379.3569842314695,5.170910040203869,152.59614932954435,0
15.390001441055956,975.8654763328266,750.8522294987104,823.7122184391409,41.17388607665995,956.2693163558635,728.4831821083178,166.29540277463738,900.686776597008,922.6925860923385,17.562909990767817,845.6101367783996,77.89654857686389,234.6644657809025,462.8824883491969,251.71251358093528,814.3359741315581,369.56779952900234,814.3074264879281,235.37769889186455,1
493.0644660727012,128.2700178598093,849.6372476115902,817.2940750025031,291.22153448828635,199.70115089522523,427.41532550168114,567.6256010354967,26.46908099893497,940.9787873319142,704.9351411120207,815.0223889153419,430.48835104557116,219.39635744717856,302.5455815775445,349.70592785290165,36.10347812205039,633.7127242799038,733.7815902660639,242.75353168932446,0
343.5625389829081,98.86648579600677,310.2890203805917,371.6867448262675,491.81754332403415,426.24813067695965,137.28654555975984,833.8502300022842,707.0300885387089,969.0940111279604,920.9494162690934,9.345089236569738,543.9208709455027,482.1927972387936,634.7775792580276,40.79506411789347,321.97808189067933,750.2888619101598,15.592999387183504,613.8636842272836,0
656.8937869367646,504.7960326132351,988.559201819451,968.793920800809,806.7213647862634,276.6932777735199,100.27115480131555,701.3122441856691,782.8323148345276,245.71479161812593,270.94933481719016,51.722181154859385,699.6095750713129,826.2722217348131,73.97404381287231,50.95235772738138,907.4484489235489,716.9434847589768,686.5726025471306,579.0860954995081,0
526.171061711159,512.181631384808,88.37249034850913,743.3925637505625,780.1007162082409,895.6568786183592,871.3636293705995,150.41981243381053,297.4018113196575,584.4416378881074,569.3738144478375,853.9885768262195,637.9832280400441,594.4817154985144,780.12589641542,449.4348560012611,223.2434176076521,116.57348360972097,713.0308357612635,287.1191009121254,1
580.6430410263491,689.4352876518889,616.5415173563741,109.09513712691977,389.0074829051425,271.4648558669202,422.8863528585132,638.0572286067038,996.1987280586184,410.62903013284557,890.8074071920432,956.2862142997708,254.3676716936215,451.7699113438145,440.96026546422263,701.6575031201801,768.9421097031939,339.5631611427173,848.1635656256309,769.2749190406711,1
984.4253222682732,146.1451823808826,706.6257846769578,417.4244346685505,414.45690055228255,856.0186413770078,227.5431138942008,188.24544197623206,83.47733377725763,271.28196369028024,257.65550160889774,245.11107482950123,128.78922142905458,233.602530347257,603.3014827036354,399.98070321663926,644.0406032897124,665.0393596429342,885.2326747794044,556.1343926252529,0
285.7483118130467,39.014276945983696,243.89995331453295,29.354620262235343,291.5681437820993,472.7195791035621,967.3408443794002,893.1284548144305,111.71529464225316,438.7788512418409,631.2952615369892,988.9837208161433,186.90025353534367,866.9228041120009,343.43770777329973,102.24743307923578,342.93061135512835,274.09639854367254,261.7007054642333,125.71006102125915,1
340.8967613513129,997.4790105861035,956.6337630855652,895.4178415123506,897.2296463413996,925.7791111240782,343.45481245048893,555.9966319489669,365.4283822381048,409.81710916006875,236.49211099357882,280.32648568101683,369.08312748252536,125.25945641486946,9.216451603139554,506.5974629080915,406.11453984427203,808.3764504894606,550.5868048153608,340.9190635728463,0
633.6876314552379,577.6808661848672,837.9517300894871,414.45949125219704,442.7595667122829,443.5976613810133,254.86278324687152,798.2730053882946,92.32305901343108,599.4315578468864,459.6788907319976,434.540529699598,419.8651016446051,969.0255210722854,436.80005608422,902.0253493014015,132.3754197947319,528.235985717095,376.5191207954406,754.859622124452,0
402.0915118030034,16.39183935733879,319.28420996798434,879.8919204039919,60.497653029910396,453.21804448979066,158.2138647629029,657.7568157075159,593.199637220546,885.9847860411159,323.80233927188704,226.72724078173388,749.4107100076717,963.822404385383,286.6583180664901,23.063426483835304,298.966819849127,889.9111025065457,267.4398165970247,639.5593516039618,0
219.76387505050187,897.1306124985423,643.4257242405274,436.79940361719736,533.7553027988523,865.7422472076919,294.3853485665389,532.2678178213337,13.153164606678924,969.2964188085612,217.1800495699928,754.0827915915539,431.02296531402294,444.6299580135502,823.196904002875,987.0918199621924,97.46253848856712,842.5754108114454,347.34689269282313,932.977738220211,0
157.15782519209841,558.0923267654152,966.4064040386899,486.61626544832717,293.4440617317855,431.3152558949397,329.8183811678059,571.4819179857149,455.257113686844,156.5708321958339,398.07919583715346,607.2430043262744,40.02008422629033,231.5735623343601,490.93756929276276,578.9733764187503,621.3464007169132,848.1021094867026,924.086225911571,830.3435948070163,0
813.832004412229,734.3450227873724,618.7768267782486,685.2331550286559,155.15177730080754,935.511473580805,91.73601075602545,170.15031454842412,54.04670512431142,619.5070388906697,179.01666766371727,573.0195229248679,731.3138068529993,346.65390203583524,902.8935510780098,587.4617536918369,422.380960713968,537.4242159152947,918.6295304961803,37.928858610211776,1
342.70118369821944,764.1910576708107,90.29995324938311,531.5807614431859,36.06846832176747,933.2996476172342,107.35012669517441,417.5064563703773,612.7693662974458,151.66641230843402,237.12285526139766,23.770161940467325,6.297830463591558,702.7289316326398,43.152400481472064,984.2361221067224,668.3257572445668,368.9713735381978,576.2510961305712,848.5622170426227,1
950.6356453780083,869.6184539736039,914.9005669324877,318.1446236460693,81.1828201237651,935.0318237379253,615.7909057343866,959.270557225109,839.4580233888413,179.61817080259524,666.2824246107307,84.4526328689591,16.25002347040838,481.8908823398982,750.0013935686412,425.29579212259614,155.1436055320753,931.8870415849335,960.9724294294483,655.4487471099086,0
633.9758275755997,411.82655328370487,28.277347314162647,754.2894636262231,658.0659611933129,99.99716793688951,669.0147717180655,372.4959846074818,146.55597233004013,593.2125500291473,689.4640478015543,114.37509062142904,516.9179865624199,721.013950536552,397.05027001504135,194.32916962181113,0.9540021875987792,265.19109201323,661.3414664606316,734.7362343276135,1
843.4991854545923,989.581644987004,599.8398763788916,816.1566524496164,12.0745167737889,301.9993181503453,313.42534149509794,614.8142302127455,919.6459521539409,492.4900027654191,740.8778653206288,966.590479305307,51.24604619733719,570.7783018374122,838.1120418761159,729.3293513761862,554.2909892047869,226.42313646023672,760.1283737462904,269.76376390262993,1
790.361120773164,35.22765443863651,428.57728786860184,365.4474118569514,755.4813056754248,77.02960089315314,376.1344425538462,560.9554060878378,309.25396699946685,59.008936685500004,432.5181287563402,163.25793487170438,846.9181002608964,691.8882937329277,118.7472005534076,795.7800609126401,881.3411079632228,454.9225973472156,594.6288839485685,950.2725824667986,1
701.8608048976075,299.5008193143719,186.89462193132889,269.1172698384922,521.7331340638289,695.0068922714554,64.5123286480569,820.2759298543028,83.68682903642922,274.7830751569399,474.0968615081278,922.4394583275307,808.5100002114325,319.1488320650031,546.4459275645266,152.73434696721867,170.57920228136948,699.7918516431388,432.1124415028514,708.4600584358556,1
860.7968675128876,705.9274915485263,666.168206087468,686.4382397795285,886.2288716619506,820.7919473887603,585.5607583115111,111.91795874121979,891.2812542725469,965.7092630193633,894.7219260040744,639.4014210303002,789.3877707999883,107.0455593173012,827.0213266814962,970.640840344591,2.6283352493707834,364.3485088202504,854.082074258559,994.0163480176577,1
478.3195904384362,800.6467957753963,397.0858579278521,887.6464005671975,851.1509611117548,992.6842522410332,124.21533619263892,941.7757448912253,154.4721727104037,667.2342452072309,938.1698879136151,323.2539836705518,71.03242019403177,199.87460005980395,862.66721065737,531.0896069869157,999.2683385385473,185.32978080569694,454.9156456918089,885.0299149353278,1
956.6120471874724,988.0733111218203,817.7887560161763,716.595868056671,338.05796821456215,431.43911430992966,154.34879851526796,254.94179626324674,327.1447126562058,900.6320847647033,679.7302410672453,186.2481202609022,503.75558744165414,873.5585354638619,530.0655845127727,883.7332022918976,102.21067708259856,509.27303879348665,86.55368875223301,837.8023125003367,0
222.25692990640923,479.1601068493014,705.9297752691558,957.828230789959,176.19652839481293,619.3510600720496,866.062538468391,544.1238722263593,105.14432991026446,307.44082536287186,286.3837073868261,35.38261788084884,55.360988344000276,479.07825923377953,408.63888113359417,25.94659962457002,2.3056679078032882,759.4020496372052,964.5196843232637,3.3573580368972955,0
226.22972706008005,958.4591472170193,419.0866548964336,505.22792886957535,649.207673266664,725.5013205888595,224.12869722903218,172.8217056413186,597.0765174281111,178.31085579554363,117.88746740186528,673.3156980439998,554.8651159730798,275.4620312555127,952.1874125446445,179.00328061487625,29.10116898822901,464.1608380357365,226.8847579558032,735.1041829558575,1
326.9983134512504,300.6379605722245,876.5199612214093,852.1022620551709,733.5409621775659,410.34187954413306,763.5289933145617,419.7460434899014,536.716576066126,892.8059552290249,873.652045188187,926.146751983525,513.5530190182927,160.10881383367646,565.5718746501128,65.90887295717418,440.71492491634126,8.464403491339034,795.4585128418565,251.0743015476653,1
678.1333013299718,814.1917919966832,22.555476718087554,349.0124842668091,471.0284262234946,602.4550327639743,697.4639913096696,67.60617500159537,736.3579525648106,126.8863807781695,625.8996892566597,96.11526906008561,133.34593377572068,961.1558395709714,197.9393841702526,195.8485980934134,661.6028329013695,493.04867324591504,567.1749239761529,137.7443877377369,1
907.3020517749417,373.34219502422116,555.3607155387069,292.5819992102515,0.5527267230003297,92.62676296323791,259.5524548120702,926.1057239703691,816.1160959245822,178.3419087275314,74.91267183208672,575.86120557582,349.0828931944657,467.9374775533952,870.6892282019179,436.3759558109279,406.78720319118156,324.9791735151789,714.142513145571,238.22895572253643,1
770.678382554622,4.758664894576881,149.86551996395724,389.4249712436636,288.4007650309824,706.6492354672445,891.3219128736911,43.428554265720344,615.5559415968828,936.8716450578103,223.05543258497008,602.5938420315703,639.9157184340165,942.6549999981747,139.3246038284025,381.630303307972,276.0634782635489,793.9519925267285,649.2620531712779,501.56765423281956,0
635.6851705753013,883.0778570656668,288.97712606055114,797.2986797033568,343.16118509328544,835.5610980976977,91.39196324242549,76.27477026593176,68.20442196557353,654.098915378806,528.2943372286635,25.47921463466207,489.3774485216209,994.8894777579847,156.2176654606332,164.4021996820292,724.3050294087931,383.634118595545,520.9164804524297,397.12088113502176,1
402.6146149194116,754.0034356596927,408.16271071891777,841.3441694678415,227.43300396009158,869.7883379122895,997.8267185632882,692.0973669336496,503.4812096343958,176.63366389240875,692.1479979829205,796.6130740417351,822.6125971764094,401.29012751870806,644.1404875367867,193.94461025280495,663.3138608326719,433.7496062248937,577.6241258261429,88.46212259045416,1
380.5709352163274,630.2539475018446,784.9999708093884,97.27845039066041,688.8444181194278,588.3862488400949,506.3135832780268,678.046447341911,90.45582519696727,81.14202959826345,472.8358608820048,613.0512913205677,404.3948849185077,98.07029755671226,913.3065443811624,274.15005540655943,647.9777751253872,624.0635476899106,910.5467035835026,148.64968408659385,1
497.6987742814117,688.3235410786993,231.11662944919775,585.93584593758,86.42827348831128,832.9619819017059,780.4835582047118,776.5788174203608,835.7394568741764,86.91287554861348,567.8163276807045,594.9323766351596,67.91041069624626,549.2870995764195,513.1245491813538,110.41877700932746,870.0805380291636,606.7980227002561,411.59589712362174,578.6136447975554,1
315.67504322751074,257.75832406669355,460.0695706673396,562.3387983238789,745.4778764960058,41.12274641264469,312.1127459146893,595.2757027887958,963.3128196806302,584.9627109441204,537.2752644480166,672.5613100825008,121.69086545774277,883.7334690685465,159.95026110051924,735.4468053644804,862.4639793060358,261.2313114471282,863.0026106316315,908.4271489165662,1
155.65181491154078,556.7977512145683,217.7003511029878,389.7731755419406,128.8811979972988,665.2731349843924,944.554494988146,830.5153095591203,103.06507292411094,171.55287524061725,813.5408554884643,46.87307281169628,167.75475275418262,20.56130505382281,793.6030685362671,233.1747947245748,667.4533577354177,253.6213597684276,697.5283317572756,4.106010424305251,1
463.5497927244638,170.61018391753146,574.763308215997,407.7347529001537,436.307284683055,199.3371512857499,87.14610484434382,342.7018825998023,571.7887392392133,320.2246176032734,825.2433439985388,937.0309690963137,695.3255467549467,291.0610583097275,470.2099109712408,11.045192740400168,359.10364796704664,536.6460123280418,480.6612097445594,65.1412057617894,1
838.0910945442952,412.11906127054596,693.5419829555451,231.02816961189998,49.21902023402247,8.540261852659437,799.0066745806764,445.8169287581244,877.4463388915161,265.97101388803856,528.9149541009399,610.3086881197719,509.4870682895164,373.99992713168086,521.8555049744117,679.718099526537,936.6975698055713,200.37058839253598,128.22288829749374,630.255823385097,1
106.30459331741882,211.01732667725614,399.6875981907453,104.28505470696692,337.8832912127173,368.1544672960968,567.1975033493965,234.02622662867367,304.05624451308654,946.1650084370041,655.1086429878084,736.7252628943787,756.9886755217248,173.6959709177568,206.35697862479262,734.6410661946479,0.003767673963483986,7.788199997726286,764.4151583389556,331.822312762317,1
182.30813950593028,366.4330276847829,18.29317193213309,376.13723390549234,868.4910072047105,801.1089125980067,570.3345337835611,370.3244929364612,995.7878169462036,813.1733739350414,726.0478613556372,222.1524705452539,679.0867159711752,500.15408709959354,104.51428183016876,208.45675373486793,962.7052957392867,22.622033302215794,261.9588249095062,519.2341735118337,1
869.998774019468,781.0342406137521,981.4534370559684,126.939785877213,847.1545317408076,509.02119315680073,229.01535963791198,92.27326153790594,140.84897111284255,396.3927664930107,0.7890279626568963,364.6027927522358,905.2328513572334,666.1196324569139,852.8454555281297,968.2968830196809,92.70820699282989,21.181706699649027,634.1678313565789,48.19002437207431,1
789.7749789190495,447.9452425608116,177.43812485917744,356.0874994261838,514.4664081030525,704.049030942108,810.0662209724625,161.59155214238152,110.26623672698965,926.2039739208407,137.70681314549682,363.99281315885446,559.8192631111075,891.0212700289135,908.2761911473714,815.6622295850428,993.0056694113871,282.0799637911,476.6357181167915,975.8640669856874,1
420.8596673634565,204.25937024023523,692.5118742607674,520.9999279579308,267.4143310760221,673.4155678510681,202.02059785981618,762.0126583953622,241.77136466028583,402.27396373747536,125.96998279696147,716.3363501591676,527.0358511857066,302.5705713297808,144.8789888868932,153.2561264009391,577.5067735550366,237.8759958704656,349.23749814963287,172.0519693881246,1
875.019600577489,861.2911100011662,676.4856399374946,331.19737868684206,657.1704305031107,72.7874021796271,961.2816302358402,532.106968777315,500.3934296388987,875.533644262842,30.17985232183107,863.4766424667907,90.60193928230309,828.1531878374528,78.36476116552649,896.2560541141978,755.3337464515114,661.2956059860601,195.7933949120172,126.46682361034034,0
7.049499282462124,457.2823793612568,629.7793775366631,604.509091696769,723.2651114150216,787.3277772321887,819.2926516389173,904.1688491620041,604.8167023610382,761.0426632844502,240.31727739365593,702.6314982928125,808.9055413955693,556.1738487675876,91.40304281141943,84.37757163792104,229.44170225370942,784.0218952889227,312.13994220734764,317.3891800664307,0
650.6090749266169,582.7388295484031,910.3714616454263,83.19753099186433,162.60848516446902,729.9723433656965,263.4642124724844,126.57190185701938,884.9898667352317,935.4054790935538,355.21174267294333,884.9019542314155,824.0199793190877,376.07961868156434,759.6088435547755,316.07613939048485,746.5717994071484,922.230944472074,391.01617910155204,725.07275784769,0
484.54716823142894,982.9399046497945,579.9181289242646,766.8488942915343,664.8922147096694,710.7784733155144,323.00082481918946,464.6516411190239,610.1251955162378,946.1487513156383,267.38437870274714,286.133645338588,414.8610377521964,176.35919725540083,917.497221136031,971.3930918936551,25.072291243664168,954.1503092551069,701.1584221382531,288.284069065628,0
296.37733216780794,15.45314330122094,320.94699023710604,152.32029724915043,943.0308482538823,70.49815895029677,645.0813826150047,594.1280252633491,314.473212022732,498.3336901450591,178.03890131816547,986.2903638499181,631.7395176900974,239.75591564927356,647.3825132596355,34.113574564662464,260.3095364200144,90.41768417959173,452.17505319478033,282.7551170773981,1
250.13981490660754,593.9647086942238,19.142250038373664,398.49849807195847,318.48549790541426,335.24746739902014,87.6362211216285,105.06977840966792,739.3921345916458,118.30034513813925,51.29374547738208,893.8876242979153,398.04895258595343,583.9958920644272,265.80687787307244,866.9771748864192,206.57992642327116,252.33645639974833,923.4099620296719,672.7646307829157,1
795.8937710470428,108.23945243209221,668.8113849009653,431.75080873689234,640.4663436712136,531.2168390927145,526.8025732512009,405.87244813065803,688.1852673384263,674.0600193000894,417.41820213974876,565.1641284761897,3.1803764453980365,633.3169353704271,353.86475249359086,623.7950246675116,107.08398807550823,404.1278878416891,171.90911546060394,909.9934476164701,1
563.389609769806,534.4134183606751,205.23867250294003,770.5311309942122,70.22537208795765,490.05170753004444,282.72243703355895,651.7299762709555,139.06132216048783,383.2870421810741,862.2518903606444,365.6783113552137,301.15592650351294,156.85928588958865,585.6354850060688,134.7409929838508,352.66428986753306,742.6114152620247,323.95828402099926,550.454014631519,1
394.0126734502308,250.26504357271295,967.8248019617093,609.7458649237018,935.9044100668739,270.5037027528834,769.5844486684023,797.6489137766819,205.31239002844015,314.3661945923024,478.11682379240193,187.47081792609345,306.9818246372895,750.1367448376541,408.6656051760281,465.4136745238338,502.7653642048352,538.1041416369602,664.7607738087751,811.9748961836419,0
791.9688782614162,260.70477623696087,853.7093052617493,572.7161984105974,357.4924159411862,654.4938689730817,270.9301340794674,626.2110252989318,828.318447927466,432.7632988799055,80.55055494374852,420.76712642659476,564.1045836556892,962.9893768895993,795.0113231424251,41.32035598340722,417.7935069098891,447.91252533984647,783.4764002274864,601.8351403715566,0
153.29272819891793,215.67858834562125,854.6420259861917,965.2371574124148,835.0030723365098,966.490417560087,953.9425243962593,761.3618521488314,614.4998738043214,603.3723173249767,430.31905368394183,941.439359034989,341.4449411955907,52.981511359474155,794.0782066604023,192.23655698885966,634.9850237666723,716.2874578484461,619.4916582224539,215.75467417246452,0
724.6446253859843,612.7453332196949,878.5726108471475,731.8437130668013,155.78672629271517,746.7758008429809,859.3560830915217,84.61458482843342,315.3538691365194,887.2446310268831,245.45886463119948,944.946228307653,760.1493317410443,767.2902536446932,701.6120326249317,867.3519374535028,313.47928275632063,492.8211912603553,866.9562448414713,830.003541965934,0
268.2812634363,709.5316766704626,469.80259566576524,561.2821890885102,905.9858358079778,948.8923604430031,999.7037861363062,590.1390851591443,139.13347238404617,689.2147449501168,710.8868910604044,415.24351462078766,354.55899857592846,153.16772575932913,199.52825069731517,305.45370977800513,623.8379893688073,202.2098187133996,490.88806443060616,206.56659629977992,1
22.747196869110866,187.18498676159635,379.86880207511086,374.5904962361033,247.263423391762,729.3831957432895,332.7146667467268,746.2591387611559,175.98960236671934,70.84620191963731,486.37327766388614,87.76312483622839,775.7538416621084,433.1753757042578,846.2210141791599,203.1400417530056,622.5516722631147,766.8332155944559,938.380491056536,71.21396250534507,1
678.7142106332052,812.2656989454624,390.0018307256847,6.102832747795328,873.3926796426624,429.0783039905847,4.576181503442078,163.55205907598457,245.00799915877857,881.7508367331267,720.5912103304204,486.70268105966477,100.52962249206688,301.88125770006747,292.443263585237,653.999048062126,288.47598147948617,640.8982334934116,274.3771589402655,176.4401020720562,1
745.771726312478,689.3396380187111,972.2702276792846,401.75832338417985,22.139811042399703,641.4300894199239,350.2277131055409,1.3874200952708193,957.299868549052,640.0676038122466,82.80736672183909,314.8567658613158,368.88167691204774,370.8310064980856,246.4328224123361,723.2068840187194,668.635941110945,895.9244388149176,509.6034277087575,946.4314001518783,0
719.0265338229366,527.7269597205612,680.6984655296835,478.7457465489593,113.54992891580507,268.72091856448986,833.7439772069962,563.1267918958209,906.174917630264,64.69083508495576,37.337669089301585,534.092288533767,25.04564125248232,355.9014906422736,73.5188411254989,680.269040050338,160.49585893872586,168.64860986246123,197.87792545786598,951.1527753055141,1
349.9083065202215,367.3209314736324,624.7381456944906,520.0824582751798,348.7697474639856,638.4228169044117,888.6612569476004,580.0860593077053,366.2412458000005,299.04038727759297,135.06523305085173,704.4339069965943,428.65545340989496,106.73886271992394,109.23240144590174,477.6140254552803,889.7132924769086,904.2087556434483,40.63042597752098,293.06656794403887,0
293.3985874659407,64.73880446084912,193.05981420306028,739.5468105781378,159.6022898882935,469.4050479104123,403.45037335560465,948.2388851884776,982.1639673849271,914.0467039655493,535.5359518106368,669.1562282537734,818.6936463888595,452.4676184067749,607.6108809049567,647.6715525797072,180.07292009430077,232.44197037426994,828.0103606466423,339.1510697158283,1
182.92806631970592,523.1173541148753,154.3317574151557,533.0951730138175,721.9242675216769,523.3019284229159,729.6113550119625,173.3136666994548,824.0919413369056,436.26846529786303,19.381115949907766,976.534313917998,971.1170737258849,381.23207955435265,973.9075989157195,483.77853210431044,221.95025129135837,229.37568173456967,255.80339493540293,707.8634008058649,1
317.3301425394881,908.6833240456959,768.137253265072,759.7732538062517,850.3870055191885,51.39545690615244,798.6275564185305,180.3818150228792,994.2316937997872,346.2134085573927,527.3750298795316,943.7711899825289,835.4619150748878,768.7366453829535,518.5773856410076,353.09397404124275,976.2521854083783,884.361309932655,380.5237452496394,580.8424925434147,0
714.4131475836365,920.3514019436383,532.8057874833892,985.9381742482558,243.8401919255456,801.4660483758173,897.2044390107071,387.57562794996556,436.6662725646938,334.34071830964007,854.1560748993136,757.5152102373306,471.63700523211946,294.001415935887,730.4092190784284,135.22872522007734,603.9131021349074,148.73341170042787,337.60853841231966,185.88649477734776,1
260.7684205465752,833.7053497330563,727.1202653215757,951.8224466914371,212.27953111580723,985.4407065277629,265.03987330272105,441.5643430908938,913.5162143560275,182.51715113991494,796.2438836804283,289.26950508176407,308.765589676858,177.15601185807472,499.55702708726545,660.8618248518617,753.2332489304083,753.9013169771673,355.67153523859116,363.9266087491224,0
478.7653767028225,700.9842816668252,118.9198217212004,818.8310252711892,813.3805376852309,610.9286638696261,42.3461460740272,308.6600553435159,79.89497711427451,914.4635847669429,0.0028245575196539363,467.89592681702186,105.97291522262908,683.1932497432689,930.3084005404321,53.64432456148827,342.5592177073852,265.9633654103889,616.6116092938656,961.1443971406841,1
941.8016213443664,441.62024514987195,854.3829407473688,847.7833698991942,774.3784626428176,270.4833676475233,761.1067754206372,846.0201806594489,772.1347431651991,617.8233394611069,274.8444619705838,397.81726221311567,968.343027469079,865.5160851665596,71.44447053388758,194.84359005836836,820.8043972161514,197.8001222486221,925.8604005879014,331.9393361416197,1
206.48398747224184,538.8385737979593,896.5690155741703,38.881557747760034,77.54036764212758,630.471071526692,612.2250387046001,95.85410496290014,932.4685403083301,986.9951561578931,511.5170182322631,895.9761393221395,431.89600622204995,641.3288310051488,816.1305484918283,29.357121647358486,521.380798548672,711.1310311430277,269.42099149402475,586.1912779198424,0
966.8679264643245,343.0829508599407,108.61673748604494,370.07409383826416,119.54144831164515,86.55473549084813,225.81399633200084,628.2747031236462,961.8509525933076,269.5307219345223,430.6358755569814,135.7577627623554,546.2256845879425,62.463155717724206,519.642243605954,83.91845934884556,869.0820057176409,627.1217042947346,60.31997582514015,955.9506386459672,1
619.147877926123,625.5148647128326,943.7349083861478,211.15489968176126,333.3903429019497,781.2722136454024,296.0667281581342,674.1384902112147,911.7700021146529,772.8095551610548,137.09922211401815,363.4862844436102,122.89619654608852,94.63627659473883,325.5015591854531,996.4777482271489,628.4212153274465,284.69787836900105,387.67994901149297,210.25520435040988,1
568.9394362715038,404.09548462026754,819.6181971777445,396.1307436322301,156.4362428887307,26.265462521988916,815.0811040408619,722.4311082490702,465.80424704160527,401.88728004859877,332.7242311043852,322.88921167870666,980.4890467007234,38.23870311917388,671.2988319857304,396.14334072373083,257.98880547848626,282.93973400004455,818.4182254708682,82.75570861726278,1
226.50776846718068,531.9709733227833,402.18584855232797,223.05009860076086,297.6107820460622,193.51106097494997,924.974698438538,584.0116476794392,179.16219924090925,930.0862632041996,987.3832100324418,640.2644806690977,378.60936951326005,533.4373535848375,357.13214638498357,884.0715084233441,788.0860118218998,437.88853772140146,950.5557440112472,213.61096025989522,1
360.8466389435103,274.4326201982279,269.78947945500266,285.34024246647624,324.3922323132,635.3634247900695,795.633667163509,224.94262769524286,776.1799418910834,956.3944332653961,605.2273005723864,310.65511641399166,431.0209422814721,883.3725167325134,134.6151295254966,524.4027739734363,628.7632065214543,806.4070681649038,694.8138981517365,590.0873610141438,0
454.18135910681565,619.941085358746,896.8229427000749,823.5674071206922,939.0879778513729,975.4741868126639,539.7187304384825,401.08160808009495,446.03908384334113,181.17047281228437,770.6672246529221,28.3581575554932,313.14828614697467,41.772812796392,14.54122264273483,42.6965472025358,248.54706760014656,185.85641182290536,720.0498474874635,812.4769226806098,1
470.40883687345524,547.382865851699,812.7041639625689,241.8732207925257,238.90193355825807,637.950272148233,754.7570675851648,728.563478141389,659.99102670707,966.2084247245343,257.9983221585533,706.3593904704887,959.8123285188442,738.7876677269409,837.015803635232,683.238651996965,808.7222596264551,846.9144277964666,372.0327246233066,60.555867585026846,0
952.585503953472,235.20650867783976,703.1169836017235,300.40228033828384,597.8280103994373,128.86189744221767,354.9556455823322,415.24938262592,330.37201176831366,214.663022302488,171.89415587298095,224.9391862506245,613.192817852443,521.3852414185654,318.75810945383387,954.2475166925072,219.8838367150774,64.62408076558435,601.7297889943242,3.141144658332373,1
275.3417501844022,327.29067176119406,937.7397184280183,637.8579632159299,779.3557988820475,173.99827867795835,562.8807968935316,132.64589693324447,153.47204984599648,400.9186357626171,139.76024194224735,743.3264030677476,758.8153407173697,44.214815724858525,200.9862003473657,668.4048284474917,256.3414619266423,126.36393396875611,382.66377969008136,604.5781808295227,1
451.23606384403223,630.5955203910661,968.3188633540037,892.876361336508,417.6640763356121,260.48294786613593,42.17109464092983,856.3231866200335,555.6333581618015,244.70741855010613,781.408963118231,574.1342315362531,275.54347290268345,186.8648625226632,785.3954107566011,580.9743886412105,666.349125077852,278.38693201226005,93.64134582625228,148.11333402193227,1
247.44649479075687,349.2028550366762,491.0806438749251,757.360546373377,938.505294650979,656.7439200605044,666.792952303471,911.3085159292908,674.2207122856281,575.7571649821791,942.6098459232738,175.5868055865304,405.9732801529292,18.70795502193834,726.0381638470504,748.229173816655,366.38878044905266,150.18909255173872,213.18492024184656,692.3427317938169,1
573.3174681707167,638.6682188055207,528.5954705293876,121.73441391954609,337.56892045878175,164.87581018523446,213.92147359881218,237.8681080417402,364.37540399302037,482.10070206664557,495.60833296269647,585.7406196879713,420.07060309950305,193.44071139704832,926.7842152056719,545.9227265551667,457.17485510517184,735.6321084330405,576.3301907578077,804.1966859959794,0
778.1079426524228,642.3850036483244,883.4780503152986,589.988165275127,418.2620404907983,70.21774727771346,361.44899698749066,621.3095678583117,304.80670906321683,730.6335723596068,624.7326519398166,432.53316081981006,918.266245661212,183.27954916700517,235.28598384902466,850.3372521925638,503.97851380538947,618.709816563861,881.0356918720096,894.5893601287813,0
598.2864998497375,275.64536194406674,844.0295420939611,67.86786416025726,784.3028417081297,970.0210259864923,127.39265034301195,995.6437246214689,980.9579298087177,260.2174536634635,954.674506197183,273.1129557205988,891.5617096676118,556.2553964910878,319.7152280480103,64.82636397797769,758.5380149511706,700.1163275135689,564.2576344826158,636.540608559279,0
990.458880917096,54.278770772891114,121.56718037448088,613.5886950811955,551.84018519854,103.99695360820616,956.5757085100705,672.6184215946096,427.11208721329166,949.6074850462734,351.77780944634395,477.4287768251223,829.0122860257263,21.823323118544735,96.81263010159657,377.5329975992364,910.2578121855246,560.760564532457,30.945407520594827,749.5621399343696,1
722.9009653745495,28.571803972121334,394.81472169185747,332.134156171658,572.3568840099857,363.98770757692665,853.2050258622639,510.0702567617974,105.13009229459259,900.5389095925572,277.7811844033424,658.6688836758826,834.206146430859,539.9078213612802,417.072865508647,936.7612955797109,181.74263682183965,395.2050735496495,742.510157919924,339.1327105052727,1
525.1780709681389,242.35482883503357,716.4604919134031,305.1087267320628,618.6456492057139,329.73373745269106,146.3067327957147,331.8559948713664,58.72167204543999,777.199896635246,259.06213160933953,66.03823179026614,120.11777133534041,277.4420333120689,376.890930625674,877.5886377625828,861.8335219530715,309.27162671265086,820.0102497204948,815.0946407195399,1
607.0947806530081,292.99986808703835,925.0069381250081,99.28276634018007,324.0076746205148,846.4219462980624,79.77453792199896,789.4510578177556,691.0051282312857,892.8423189293233,578.4396747714329,709.9919981261723,282.98613711043095,999.9951186805913,18.132406358165486,388.6947867385522,477.8787389261384,787.7124347329566,584.7544685602339,248.53903943188726,0
152.3489989484492,717.713712805313,354.34704226183754,640.038523448853,1.6988726908381269,77.48867192058817,996.1959804996889,494.09295021326074,202.5460751669439,242.2211791688471,615.1761052750826,670.2688299152211,366.8396482869379,673.4368512253374,129.260255308949,472.8032696169583,45.85827720633995,297.05408975575756,555.7365662570367,993.500813346543,1
301.47118113676265,769.7283148386939,125.6516543451225,784.4907458608427,482.84958351138243,277.83985881950224,202.79919615613085,699.1012857950366,821.2195124641457,238.57481851440744,237.98714720286506,781.7863965111145,151.41540025591084,370.604722969082,911.5615430728341,990.9721570248349,882.9033390761484,560.9211526750162,947.9026666292577,514.7297994122639,1
108.52114472553697,628.3688843914687,297.3654524421566,813.974061823915,929.041396254192,416.79211752951926,959.4930819023203,850.5275670198871,357.10069473642534,220.64462911179294,689.4522088865483,401.5262862726715,137.49841976170453,260.07151144691477,126.08741762458897,191.49531260405317,380.25706470110157,792.8420213537224,219.01001647854713,157.38649327096442,1
83.94912984762337,761.1567256989711,302.66258080475836,842.7664172497166,798.2583384710065,485.71352502352147,65.78064260736916,864.1537827407989,366.30995546063815,243.45619529398599,262.72204980472645,81.36939420031308,468.17039877756315,201.78065760116237,744.2717974815235,639.3192253483115,812.5170851300956,465.37881066495504,448.2384511414803,796.9085117388479,1
676.0229039488324,267.52599307881496,782.0747734874865,140.40447526798394,183.31033599404302,448.69919841674056,261.5200057387466,321.4555023766509,664.8847183104306,867.6579065915968,372.2690672948814,347.41646626747746,486.13954913646694,366.45494334838656,490.64362926931216,459.6545921141986,425.0439826712892,651.8396518962749,24.41810870176142,488.04400194307806,0
615.3893992642743,936.6886315882796,273.2922964636296,389.67794436702843,48.27382872903174,714.2219481714142,768.8671208261433,975.0781166856917,426.10640184296346,484.1083540421921,908.3303213734479,992.3288523883382,926.7405662656333,197.1176147873136,326.66764819845696,474.24214103685193,951.7778495840512,338.32637634464834,844.8279110979227,1.8822563170469708,1
323.2949520102917,324.2717385555676,302.7531854024039,435.65544377509815,878.7019524861302,308.8337295894104,434.357790755353,136.79341004673483,976.2387779554127,399.8545924833149,962.5580688399722,38.12909497682793,182.22711870601938,119.24459202855442,791.3906158866079,751.4848831531662,606.8149557704556,880.3461734814387,453.9881367231797,166.9111937027089,0
295.38337102325454,723.8295822918893,454.20566672090865,16.225555076392784,249.3320486893843,762.4524773623558,92.7571591480354,52.4289391267555,462.7819278847013,50.616545542841564,663.7615143573812,800.1072378174309,907.5655290004786,246.85390912304038,648.8697241477037,666.4840520015573,699.1214617317407,358.12821363713954,305.6501693607201,357.21181825456296,1
727.3960844047957,773.472488184489,750.5137067115915,590.5502134787449,307.1239423565709,107.68835052946702,353.80808643336127,499.1747287258967,250.2611891061629,829.2372342953057,276.12574920400147,677.8639519003548,807.18443937079,429.24078012538655,994.8123042021809,958.5905257330893,164.38290208560068,419.375245889461,112.53227008689525,382.42233117163727,1
692.8698588583495,289.10826357834543,52.51567135712332,992.8841891170739,819.4351140832757,317.22196097342015,555.457539958217,668.2653696431283,78.80436082452158,434.055021620809,907.3366412273912,577.4548055351116,589.6085784708683,159.88151545378827,49.48387860788783,836.2630288310775,998.3000836424051,320.86695715217996,776.1616792795783,336.87414623522204,1
89.40628818800856,517.4378272296941,700.8345670169099,903.3369738530232,400.9560989812467,211.15854917269107,559.4778509576348,41.13408350345116,773.2666750123923,95.9425613877235,336.69290512007774,50.40123393523521,984.7878359240567,617.6361801985101,597.3350131169306,874.9001266708466,661.425844909391,314.6554879402963,145.56310405172778,250.06408100002753,1
567.1138836847524,72.29996575551777,140.46477941769186,498.7445159295927,834.9894143429382,238.89794686350763,504.3591755540935,78.7836902429333,711.1818848523417,123.39533258081403,527.6702006692501,942.1096100369681,102.22203739924673,584.4418518549282,407.27944822051643,62.634496813139926,165.13647428943347,840.4003754273735,909.3499420595971,463.73245945091037,1
320.8681618435976,549.641134547393,329.4185749008339,963.2820578030144,520.9279878445917,279.49187756869276,115.6147998955529,604.9873794992944,376.2808958354812,407.50294204600203,753.1560636539165,945.0868192100327,898.2555478253594,590.9762768292538,819.4683996478274,733.1697056807463,478.6817010093537,874.5785843846404,758.0918158067993,725.9489801599732,0
48.5583117865509,114.57099395944536,80.10567476726516,134.21453937866812,60.99935106526,618.0073859705747,795.2963521371781,854.5405410361602,962.254934730394,42.92404807359229,428.92549639675923,939.8629617310479,955.3207494158802,229.5898696211176,670.965563946004,316.65285063760615,545.867414665213,628.7144609164626,303.54815190241715,205.34603308995335,1
130.8715615023034,368.9920747413351,933.2602069250204,532.8406276922557,415.6950546996454,843.9536010949341,38.56657703879074,990.879366978744,637.5153293917797,605.7507117349625,709.1576916047776,958.7983256187324,119.55030370469532,965.9402328730464,234.63991419923047,200.1300565757057,956.6768471271131,448.28045908379175,564.5442405847499,8.941875361128005,1
207.22752574121063,740.6980346810293,531.798359790271,138.7212742621825,740.868887019552,130.67271896550437,322.9394885985292,832.2040848246222,868.7423372689644,41.89619467149053,753.16615578375,383.3281004426585,825.2679054772182,609.5485265464891,679.9657979860356,305.7720884773573,712.9479947866356,984.2483700191921,50.501933718522075,535.1065655247168,0
116.8071146300771,640.3700169915342,605.3369078480348,518.5859981101622,972.301458845193,520.3484237872728,100.62417059094587,859.5301348053092,45.19017417429261,463.94639572053273,582.6286696155495,835.3636563870245,797.7362528671227,758.811829035038,578.9245003623757,571.1762643586611,570.171108199156,810.1387801821029,850.4981859509628,446.45585724962547,0
728.021634754728,175.44612712590668,285.09405704405754,222.58024936710174,491.93719172161576,183.20307609931052,980.1733242273065,472.52227836821095,337.67283673060734,456.8118213201373,827.2570267768467,471.68062989386726,126.9668657659555,456.7146368998426,354.4267707486647,255.9392330447836,481.37619977209323,50.45086796978393,890.9857202350064,925.6995268411721,1
53.302330552211565,43.513430936149454,634.7795912260195,657.7711841116228,263.9378459479649,561.4803207256602,48.662283214502835,472.81968110112837,812.7227824504033,404.8465161191357,650.7101663028101,518.0393154061998,860.2312766943575,243.83048649335504,443.31935797119604,650.6971423854998,850.9429429723579,661.1817844948032,315.4627975911406,971.8827855662628,1
566.7379556985807,893.2886000437345,217.45483536852817,648.4830659948293,502.92052403192355,80.22842550793241,962.8466829752058,868.774824650694,128.8045592985766,985.5964995780989,911.8128930774446,393.5266798101933,897.2872852345705,124.33900052720671,408.0941491583338,212.51342925696426,444.2790837746654,126.83657669343074,951.4053527802562,733.4783279631409,1
763.4357661216574,674.8638466177592,404.8492716900487,365.2400575321968,321.5507731525713,102.32537528635544,490.0808859857396,193.60780248599175,645.0310835765264,55.49520812266828,14.284900688653623,813.0073013372219,25.46943302757243,754.3558090703555,842.5833320133981,616.6875082027766,407.53670890131866,429.29198801682236,833.50947378104,637.8673109933882,1
724.347461566251,646.3728886342441,850.6497614823525,197.4955020064353,798.3386848890013,826.7009913651589,525.5689361287573,785.1118381363547,757.9206731228512,967.3588631955719,363.42609588833295,827.5049488782549,980.6736781125187,562.9381307899762,95.19045062198705,717.6663932328719,932.2191967471135,22.5010774973915,904.3695630563128,920.6649754252326,1
446.5380924684653,215.99271514198836,294.78288987744685,731.0933853558234,830.9596344267238,352.5493193869336,782.2329872499482,996.7408114859982,825.4083850546185,898.8374522475445,224.83581386469942,544.8218619548271,460.63832588969666,728.7285983148237,725.0635256805763,437.79990467884824,699.0317928700333,396.76876319860764,436.3762570796207,182.01114576410004,1
52.453386923184134,561.1490958571378,289.24533156074693,448.7880295494158,210.49597011927924,167.92421296930704,82.83140821939105,53.869089409292584,68.72545493356819,103.40019347987617,48.67452650388737,440.4378314391936,302.1457660027507,559.2337434913812,113.71302671069694,655.002389793785,430.0127293227973,832.4876493442147,530.8154558836596,587.2456624530662,1
543.0184476067875,611.875566752766,163.69979413334102,457.279512757396,211.5582668805437,560.7201176097445,102.45543754900677,915.6013486543125,553.8589789226277,519.4135756975793,615.6532939772957,30.76566441568751,302.8597155761535,789.2011031189211,636.4772430921623,420.84971192428776,477.056087649676,821.8665718397554,433.28190044647994,551.4281365143867,1
349.4410607941769,676.496676118174,126.42363491760212,79.61425017148393,957.110521836145,322.5544647193478,267.4845436029244,514.5221453920077,431.10953200854084,46.12254600914556,109.00138068604726,531.9428919098466,879.9276234871926,611.7072467458717,839.4319971524312,401.4939981375775,26.196557805083565,143.40691009348484,130.1392635910682,545.2285503399905,1
584.1594760918284,993.2530971729115,404.48445793402163,808.8460421823794,126.2038607589231,611.2386759846779,876.9689286791028,895.2057720994163,287.11477292507226,360.1097393520017,320.27893229355266,873.3253831639131,993.3897455338612,887.5184429365294,35.89702668681704,368.4542893879791,119.55828713800376,417.2500381616564,298.2981367468334,120.02752233037339,1
600.436098404559,370.0838874814404,492.5587141183114,561.1249947872501,773.9790082923372,400.8658838206115,759.9102837609543,480.69913210285074,882.460917524621,2.352403471672093,21.38191249344723,256.87187119026555,418.70345124000585,530.6037279294208,520.1764748296164,38.83857046320993,652.402639464492,868.919500355663,55.13541581477976,15.902539314554542,0
737.5937141255846,216.11946815801775,516.2814684091435,731.4369822835307,947.7022366651188,978.1811557520736,761.9124140476829,849.0296377232646,191.89150920775688,106.83866513491947,15.826455090818703,624.7531798015566,50.21286991569307,336.70674667664036,167.59934300645207,122.09122939428485,736.5033932776267,243.75748950371946,506.40580157640494,846.2585662065432,1
831.9549333839649,506.2307925335301,854.3396536530684,796.6774789515028,103.7707584675488,32.21824600819778,248.82498719640188,418.54122563369145,259.15762614946436,449.56396582669635,893.3950182353769,115.34090541952379,873.836943949808,476.8501251918225,696.7154609477732,66.56497195840372,508.3616675301873,679.4746503647262,399.6002216908548,244.01362891007628,0
847.2185823898102,413.2384797185368,167.10877200264818,190.46623364044657,175.29471809772923,547.5356781096128,614.9787336285881,498.63488440972094,19.179418001995852,526.5153158440585,716.8723824394775,7.049281744973879,955.9391518051788,898.3529530930325,193.99981054136774,960.4080931676116,437.21160685928686,903.0996154692341,443.40250812494384,707.746365200148,0
583.1066319088832,828.7576149060513,129.81087110703692,371.55625709855354,876.1209132617498,300.0521052208689,597.1313448537711,558.2062493419334,0.38267580679751667,144.51988051794095,147.60806240255698,507.85490247492095,637.6502069695914,141.2008498455165,866.6688011912786,620.9964174386706,483.47299228241536,599.6836098088456,463.8348371232027,257.0302231835732,1
620.2666381728861,940.210547694732,550.4215083629406,642.2004227630177,600.31153585162,492.36929915115326,595.0441843189651,874.8606620219352,171.99227851270993,86.11495418879866,656.1033167886967,741.5041862254137,603.5187136871047,198.55694003696277,181.5821562101665,773.7468152177075,235.74177979855847,271.57506760561614,159.4462112682814,272.6973892698498,1
361.48401989753586,182.75107230161169,843.5803453474242,332.45880791800187,40.05052982775892,515.652565980508,689.0693316789227,178.53858107389232,450.0386636023815,641.0685370750728,550.4328291077013,11.116545749063732,196.0319814912803,798.1081166076738,923.2356113502547,866.4155384547323,192.2473857697118,893.0803144351327,928.8068005042504,390.90787492995725,0
162.3420512330529,179.68994490622137,739.7083777042096,681.3012585314389,210.3713082007902,412.55733281586214,878.6482314063653,848.6712017450791,425.69273054737744,164.71003254719062,107.73851055305761,105.40156177220949,525.660887563038,348.8019919208436,814.7927000837263,696.0155144684601,484.4299460371698,51.97227065166021,217.7600363604606,80.7754441334697,1
97.56491131229362,894.8637237737175,379.44172271840125,482.1762898324437,226.7906627143911,844.0939679789897,635.9216580962521,180.01773889557637,659.9213392503674,221.22690727974904,569.2650530448259,82.96744825960722,211.36605439189438,681.4305273700602,700.5579347319309,347.05973470977415,575.5566587685461,438.3795627227953,431.30474498469454,633.98316861897,1
8.850564742707068,440.4201130652171,113.7737460459991,943.8305407512772,593.2106875442792,922.9799005506702,623.4785252086311,335.54958430094075,880.3807593699074,112.03425285898683,422.0985765147793,676.3105920884922,589.8888719272735,191.9033565209869,688.0599945791446,368.8129711745317,695.3701901690503,585.9021571286867,136.3395781836073,510.68270214736697,1
769.7522824619653,976.3211337726445,277.09369586686125,157.7538890845983,909.3341853015023,333.4283770730256,590.1685835681783,616.2318594211358,628.2831449544626,515.5059985884754,197.60600414986163,747.2289120163293,934.216899267574,481.660848009997,958.0508165780001,588.9995436089622,720.6457518637324,845.8001685933798,366.67571536442176,905.5338013447664,0
32.639098485370056,866.7991996532331,421.51626798602626,119.97730236158755,48.3596549842783,62.926968585913954,824.876944061653,592.0481376336207,653.9217161737197,843.4571553534761,760.5669443576597,763.0819243566539,399.89772714190985,805.8308520705491,436.22582626420905,359.94494535473495,568.4910986364408,314.5646285338942,531.8115092515127,846.382016844864,1
573.0610130477957,748.4708705594014,226.87929764383364,890.5209794018924,387.75509617259985,762.333700547451,859.5852195366818,774.4455210917274,515.5249876809567,499.75789978546237,205.92805268869486,19.881823517662767,366.81399456812704,323.784718683542,306.19345745808346,135.10023016516138,324.99955499657773,645.4292533094466,644.1318425875467,672.410326677461,1
648.0040154931743,192.70223616864124,727.5147470424888,396.14424668896777,198.68898434144222,144.20393530117303,736.1648327327634,22.290887746180708,349.8409569630482,822.4647727902288,456.35033095830926,888.7885929502054,757.6346144622195,117.4184523186197,150.1630213316435,330.5137301887755,134.92022536388626,456.48991137343455,524.254183185904,772.8599866215543,1
139.27869440049867,780.2552739874491,876.1645632639834,684.5509049114232,492.13485279205526,923.3774490201802,208.76935237423834,849.0913545921921,309.5205177416569,166.1465269557757,707.1416136679883,151.71788767593864,852.1183610094563,15.90592243848632,710.3614492447982,175.42966889581413,223.942241506526,579.6706681086746,418.3272469864544,318.44719524787104,1
945.270333841549,321.08744511940677,562.9809761811671,46.001928695922345,351.60756494968956,462.3959332786321,424.55384413747,645.0703257293952,310.13606832413865,769.422374523861,99.8956310423289,825.5793850519194,65.4997031735034,328.8338436697462,696.8706811882402,757.3012086231929,135.64237267453515,860.5550652149892,842.8823961284855,802.6206361270953,0
521.5915816432175,379.77831003390094,453.85993866886844,736.0231292180518,236.4916225623428,894.2896705612126,797.9646965031624,647.7426494403283,896.897474787827,400.1843406498441,194.85243423762589,469.2159258202224,139.26160558919466,637.3277264406713,379.37466267137773,937.5246479143555,707.2678897027116,890.8807164809253,729.6968912209707,31.603904385603897,0
113.48958262373377,69.57057341084804,437.2566320340504,948.9735969317796,587.5120331184614,779.513545921252,646.4678041808181,79.85064992927882,341.20027719532965,226.2378090112126,110.08878833395097,908.9374563856585,207.73296728941693,268.34390140502495,68.13955048888876,463.4182760508645,964.5328517434039,36.515137622688655,631.2554385815771,778.4947108621647,1
355.9608412156396,919.227052407969,290.5000069754725,95.04930017264046,899.626929565781,49.65563725942379,936.2329796742072,144.67673758450118,522.2779165738419,276.0993143959983,254.58901174275172,700.3480463998809,711.0317889282327,808.3090483756838,523.9977222208441,502.60380323352985,818.8994540306087,69.6220594660365,611.0432276972252,400.04601549786076,1
617.4821033578148,764.8947652966095,832.2427773775455,508.49177281472004,574.7826921799104,514.988706584797,964.2645157054015,797.375640187919,341.473959460439,918.254308155157,638.0812109513146,329.92743432741554,175.23216885369985,516.2437070441473,667.5940624986675,314.0411532904649,380.7997263475056,930.1117146787846,924.8109375402552,443.57219312830165,0
581.4515669985203,313.7335617353699,940.5019809006147,901.6720644865524,929.5478666294974,609.0639379753253,355.23692689858757,674.9427933549962,418.1053349467324,489.3638399664436,604.0914940096307,793.4659238056097,278.8675966558646,356.2466724016108,653.0757012606375,936.4913912438095,809.6532160232582,209.26605717005066,333.75058245969024,752.6453685330381,1
236.1454632020291,175.17940141717193,464.5796112659667,554.7935756797643,435.84174798464824,87.05216620142208,380.91944298051817,182.8384117918994,292.98184153769,122.6422567454547,826.2438082953045,371.3363541694228,603.760013866745,670.6474265471652,360.6679604915616,378.60689437654815,35.431970326899375,691.6589851708189,614.412971914004,995.4610664712039,1
