feat_0,feat_1,feat_2,feat_3,feat_4,feat_5,feat_6,feat_7,feat_8,feat_9,feat_10,feat_11,feat_12,feat_13,feat_14,feat_15,feat_16,feat_17,feat_18,feat_19,label
76.30828937395717,779.9187922401146,438.4092314408935,723.4651778309412,977.9895119966027,538.4958704104337,501.1204636599379,72.05113335976154,268.43898010187115,499.88250082556,679.2299961209404,803.7390361043755,380.94113314853837,65.93634690590511,288.14559930799356,909.5935277196137,213.38535357991552,452.1239618176831,931.2060196890217,24.899227550348012,0
600.5489174641225,950.1295004136456,230.3028790209648,548.4899192360305,909.1283748867313,133.16944575925015,523.4125806737659,750.4098591020348,669.0132408839138,467.7528597449807,204.84909029779507,490.76588909107045,372.38468938505895,477.4011548515884,365.89038578059296,837.9179943092606,768.6475065195093,313.99467721266217,572.625332643954,276.0490483306951,0
452.8429325464004,352.9783659443947,657.3994627797582,370.3510829880352,459.0929778914314,719.3241225090416,412.99182911383457,906.4232691643386,180.4516192026816,741.1188729132642,422.37404364314034,426.45357268494234,634.3798686338388,522.9062010283453,414.8859784394432,1.4268805627581926,92.26234584675208,709.3943937252127,524.3455967651972,696.1604635169689,1
955.4683230029259,682.9138543754175,53.12869067295756,308.85268486379715,592.5946873233729,235.1204072574643,964.9709995361269,945.0482237927938,848.4008808376888,472.32399628840227,841.4767148983973,131.1106423479139,308.7336572978354,462.9963941544171,741.8472006834668,485.82522870889665,136.87611879745089,343.5365297043583,324.426169672443,300.4189043180397,0
165.50140046578744,414.901772573252,448.12065750272336,774.9003758140171,796.3907007825485,522.3901280016119,460.6302961632769,778.2136015438966,887.2889518527348,674.9187698667877,800.4790489984636,939.1113537321853,40.655809436685786,875.6717248700833,276.5630724511342,475.76449942424426,796.7609569319023,717.24223227523,147.14757194169303,658.7482589541455,0
69.25207000983546,357.07062835287894,812.8295501637062,427.7048330275506,599.8544375434464,728.1612831471338,821.2276083065595,760.5151199802831,7.1432752789984955,420.2568336725351,463.1362180381473,55.49950311272267,541.4421320952197,607.7707514438672,828.4531949961254,941.8092681914485,128.14785400273288,230.43067441021947,659.1583970705609,132.47398881674854,1
224.07863694631936,574.8625875891491,169.52372356620916,782.2301513237783,856.9756261117601,33.67420450284819,532.6448049436736,796.9513574435643,975.1396811571157,274.2585931944212,169.10106336538334,876.7009301816353,909.1824637608487,197.53288946715685,441.5297427026398,719.2321416923365,845.3451587639735,168.27530536724433,664.968962904761,807.8354592960695,0
549.7141208007274,164.71665877901287,35.528804830363356,281.53381784849375,807.8708464535515,44.766260845139016,8.21650503931204,361.6166477120573,63.622285698551885,149.48630332423042,23.190368099362146,524.7198367686319,696.6959021894129,427.05349301372763,134.57045864468765,331.35721096240565,590.3458543063351,940.6613933963881,992.5577191726402,241.6029166538498,1
10.579906938345761,830.6403259938047,926.6129377700566,458.60347976796936,771.4423445636822,866.1990340843911,609.6147983345593,872.627183144187,23.903026142330862,271.59522025956386,277.21958269429524,120.63242830615818,910.7134542882383,30.439266665623133,672.5610295221127,71.3396872572073,360.78049378522115,418.09954267756586,181.40428905736695,521.0141032821764,1
534.9917609279157,317.04388193619616,737.0880595522907,160.2024106191695,192.50821895985538,354.511018045606,378.3761334314193,206.28585650065435,918.709205142268,828.0935695469476,106.8767442566414,369.485915660384,232.67109563197374,451.07860295054246,276.31718621079335,501.8068911184235,922.6031530779568,382.5111389298338,650.1283286286326,595.6211130203741,1
751.9535611422076,61.66533016986864,744.8236736818096,946.2759271724278,603.5595516954864,287.57994211990024,672.3692184292864,712.0487867813948,656.4502865386021,146.93031569354355,973.4755682697008,955.3834518208789,424.6255327956413,593.6373294088721,39.628573866894335,988.6343345619387,818.7449926232988,636.5023424296674,761.0847442216859,188.02992858258617,0
307.65459009285155,246.39364428572085,596.0491201251505,91.9048521637723,895.609985214942,462.2759421307276,444.8123649543787,104.71130357324377,684.9040370601139,816.8939943424481,629.550171462332,242.02260746413285,785.4207215855097,145.67943338343392,827.2763289795971,580.7053706118858,289.3728115784362,513.243399843739,628.851403064647,258.5894985926458,0
846.906560459974,421.25370859927335,892.337457255232,835.4685611475347,99.3475141596306,646.2541094487923,310.49456649574245,754.0531969831749,542.6316574477314,457.598874651717,895.366784537062,57.253559800167665,557.3176258679792,327.9110992966764,35.27333631346274,753.5185187029176,561.7406560688764,894.1453369562156,598.2612275718309,337.034279430268,1
985.2196553795466,115.7140506093054,52.60174257878858,732.6219094520809,370.87489928948423,361.4650786285366,876.5321564895721,327.2936465153866,888.9885968841091,643.9879792316224,329.0495438867621,59.53265441246691,245.10935264055811,968.4132012168495,405.26764023395504,160.03346144532782,298.01324920085347,899.5757788613248,164.97671550850214,777.8600665672814,1
134.86463139689687,961.3937134379236,530.2053860915623,43.16993559752147,930.9546777401997,358.2255444591219,731.4212789001067,523.7080147997484,92.58180314495723,106.05921802055862,149.22495069108678,161.20000921684695,52.75579312450329,47.013165032900204,948.4282960587186,91.29178998961429,508.3516758883896,118.62982037357617,214.78785120871058,763.0720727810838,0
938.1348210283492,469.7126947232173,5.641953918997911,999.2083013973249,47.77321268593582,389.4479040305366,539.0567006816359,891.7334375542192,823.1121116605418,609.3866410446242,398.6022909758656,834.4787191622668,869.0583863056698,871.9049073459855,717.6364354133486,97.78734397791733,298.579428134399,485.92205598747296,505.0533672013412,832.873412737514,1
237.83677370292256,664.5907555488578,374.1998974615941,775.4825532263566,195.7743293224542,476.62729339302723,103.55858036340682,211.9901741329778,935.1746863442698,316.0471105078284,892.9770040899982,524.3030874856213,39.033151475225345,792.9816823338568,51.95689513248958,826.9435283639896,8.799110700279499,674.1113273466744,165.71392474611747,342.8752381260801,1
952.7513947953482,486.2334731308532,657.4263851618578,740.7350962614845,109.92797653721198,838.795758110978,913.9199387225516,155.42065234940893,546.2384288947734,283.5051231872592,740.6467308597892,28.270392857499328,512.547003441387,792.8148553566389,734.7369077925267,108.18383143364096,832.9401087337758,237.8407301170733,807.7876312168312,497.12883186244585,1
160.82576513729407,734.0406775670077,807.912952139197,698.9011499859489,964.8463390269616,256.1444512059512,235.76232699798172,147.23009181160006,539.406209950657,399.4488223857156,356.6620487145734,460.3046009318612,274.5422279290736,4.260377665059822,471.7506888514121,275.8845165081465,449.7836089298881,928.8751140115937,179.00540683472178,637.4835780068096,0
644.4148962624405,281.293183556632,470.8879967290682,969.6116416313242,342.46012540114043,712.3451824521829,840.2191556813095,360.69110771696586,989.9141340532302,625.8692404776313,500.9852705939224,714.9075175062504,423.8299338665591,712.3267228435931,274.80238333460284,927.2083143456884,541.9628379337595,241.64949358725562,437.1966684315023,895.0965406208952,1
807.0553190721129,484.46895203866336,351.7016767403299,376.2474141022907,981.195357595743,112.21278513169952,889.0238955692091,857.6088734266992,224.38840593729438,349.35873416797915,569.5598867254332,802.3927037402467,950.4454053381364,991.8087035831011,281.2317068822252,192.36357434085073,487.72515266748815,557.5639009340682,656.7046803932749,107.59113231433648,0
646.3560193551533,921.379080678338,915.2010678295413,943.7739993000753,922.3395975318839,960.7778274826422,48.69253711634946,916.0181907022661,271.21280789210334,320.6657354661555,458.61424094796286,955.2803950076348,605.08890265573,352.6932166520369,374.15764755276723,904.9284888231673,822.3475682359707,137.53772023597588,248.6818661571686,371.94520106923966,0
216.74199029017294,563.4817527136177,223.6387599459807,574.9244964469973,936.0246214061882,848.675975533586,99.26346308256807,206.90479837042776,412.74924226399946,646.1275766592474,386.5663628348851,251.61236834020883,344.659037128738,204.01358652979107,861.866719522683,697.2517123433287,411.0291024059428,700.4314282099708,519.7293174787262,526.2622111585703,0
367.3556084639532,488.2183585723071,985.5162416953693,784.464867312748,827.7002926517436,124.37185142418173,504.273983084654,366.90094040206264,88.90697072754416,395.2770262363481,74.18767473225829,234.01971446524738,798.7627112516095,686.217476243966,698.5466383465933,79.35787693081365,163.98227758722626,21.584144070867172,97.51452691002915,101.21880242811643,1
960.1446916211,893.9512634713342,204.25397855343007,253.81295470761933,960.8778491357932,569.9976471255252,368.5232926897146,466.54429147510655,272.2099486778606,583.5772799893954,725.2718223897828,515.4482557382004,820.6663345385308,113.21053506097756,603.652973857912,989.6022973054645,149.07904986755648,495.0360663957767,630.1452844417437,337.5294202117991,0
964.6173192524803,485.41040769212185,478.6986863177315,902.6637044263726,15.910411244439814,868.885158976661,129.07340078775343,379.16841822639634,488.4561704309821,476.5586969156586,39.40855816811795,317.1071273942861,356.7946903673459,956.1793268639441,916.9853749785909,584.3486341965979,933.3677049373143,863.7124033444644,375.72270111652597,116.96685105567062,1
607.1375469001651,323.009439198225,9.74250291163048,981.1793521245372,969.2760954489992,536.8064457790756,618.1857022194579,668.8668017610364,926.5387090440507,467.50867802927763,582.878176454622,226.53965650377017,242.39824250503338,522.1121947225905,229.2049514102351,30.252785430060825,368.40795948134706,749.9451441365527,277.07018279551545,862.7039384880808,0
702.5023847332037,653.3191091480493,892.4831409031366,73.81103074993956,178.7653995049835,909.2702224593885,907.0373768197907,78.2672558984896,774.2315525552211,15.432415436890668,135.235553368546,109.76057369371028,293.9955778183827,388.2684206436099,910.8738642708616,436.3978127729553,123.84907739358952,272.34874715073363,6.3768281012825945,28.049402896189623,1
431.06832145642824,512.1882681917762,249.9615832791,379.8924166924592,103.36897269153933,658.8215617744619,392.60557046765723,161.52559947465906,497.3936312862197,208.3748397529398,292.12927796628594,124.17043286141782,780.7304911647673,279.315228275671,955.676655905381,405.43191089685615,155.19449168211253,705.2129689934266,733.5581482586641,881.3196460233809,1
131.5124759298417,789.8859590776569,859.7590874616506,304.51829519588324,454.4821816112139,619.6419590419112,245.51314331783792,871.3559196315916,699.1942549110868,856.6830458693316,449.9150499185628,518.9983629327563,194.25444503011624,314.0243815958631,729.5121595199208,959.0077781677198,152.10286842093012,50.643527733202355,67.45267411962507,435.4717688219678,1
792.6712773169131,224.87727003934887,477.13207139518465,515.402183663472,837.7023980771687,164.03320698338342,14.718606080759699,506.6550323256429,355.2459167806007,292.16537585678606,772.2370974565839,683.4670713805222,83.93714768006222,548.1033627263668,797.8446191105952,909.6843374752062,0.18491902993955645,807.5500986858035,43.24792766058927,682.1205804105756,0
598.0071036505689,952.0162922399958,631.8790922401964,69.93906408407958,670.397983148165,254.92041664867227,831.9439935347426,31.46208991060351,324.13582377154904,676.4358869800243,155.63480013998367,646.272009255702,697.2248052781891,733.7776649638685,875.3351921510779,413.1661160519794,142.48297349124084,260.31093039114563,389.68540144265285,54.57757017663278,1
708.5488297493479,63.01064777412224,57.708757228460364,932.4995372217993,806.2458783408415,253.68104681363067,341.70809180630033,825.9196998012194,619.2354646583524,264.9176162096754,449.0191959399702,855.5595873168996,0.6913526320485586,992.3938664544835,565.9335339854798,182.02007679028998,800.1928057605164,76.19518802743019,410.0000793698669,573.1322632681805,0
247.19434828197785,885.2328174375587,696.8940385765474,161.82813889671365,152.59950172875503,61.93319751351434,571.4985141123748,187.2670101323126,542.982676095603,819.4724781232162,879.1850207683672,116.35033660355865,332.23742627782025,417.3757174090086,383.41747655679967,418.82895745419137,459.98748135344516,756.5502954746655,305.51578924566627,343.4243279268013,1
390.2447350347186,151.21846518914182,630.3734331444929,400.24602301191214,916.152575709755,821.4158752778043,230.1799038896999,242.31397219120976,782.2705914973477,559.8869553608793,10.210705697591415,629.8830526532523,394.912912348374,785.2137653116322,746.8470344834252,922.3280085419,699.2859712643673,912.9785868431055,284.6548186610918,338.7156899232688,0
59.2008453138756,866.9361094050653,154.2175878941763,551.3195121573071,509.1953884332735,813.9350789453604,387.9894664107344,142.66467212630562,383.0810459980862,48.049994616652384,301.469813186016,630.002712218245,57.14314406867504,989.6962264528147,536.1890889334342,300.07185319692644,833.7872434508156,137.4651812697578,321.9639719627222,937.150007971858,1
239.93308235718303,732.8919271953428,80.93038250802343,532.4746359332534,658.1111061964738,209.7230453530011,327.63012154924286,550.5090767309417,589.9849585132731,154.21755612532817,410.7746524519652,999.7330141673058,322.4349431312179,785.356060507633,201.61392333706806,461.19396345358564,518.169554085777,596.0182899260291,717.652974830125,795.9103772080438,0
700.1657153343475,807.2005205099109,885.9616994673953,326.1192850706693,827.3093048975675,519.9781856033347,259.4278662223711,173.07370440126758,764.4490065818403,636.632828518914,70.73136890789489,587.4537254219082,44.54661955496497,391.2560505332087,571.1612379387328,650.1946546552887,157.85275580853553,44.83663921459113,576.0237642499083,818.7842560531287,0
796.6116310355754,359.6598915351783,576.9511171255526,718.6978796890629,873.1883907118612,491.62728642766695,875.500114706912,317.7288798955946,219.25214124553816,294.1232814111032,729.7674226733177,885.1404133120045,471.18218900340224,695.917733374681,138.81375439542342,507.42928520317986,434.84114327295663,431.6042599717052,188.0446624826463,622.7810443865496,0
672.0723095134707,636.3238149667502,742.7563191082552,458.2233064056912,852.5994904986709,571.2121995627552,881.8100041174854,410.15475318728943,700.1386192546207,196.80503074155297,83.0669982802148,931.5023915455654,370.83774488982425,45.698517602869245,618.453512477869,933.2612253671294,769.0089987808818,987.247113030354,935.1169274831817,455.53347898405696,0
233.9097472639352,65.23848369515972,272.12372219935753,632.1521424016935,910.8913259642042,1.707878042255584,817.4844695622196,764.4647933703086,690.9825452546334,127.8771632282204,53.25557266111258,736.754218556307,641.4092415349312,369.8980739484795,345.5080667631397,32.64336451880134,993.4342682419106,836.6421520834031,974.1907629378853,818.0374743094045,0
458.85291274484075,845.164796450786,198.3574958173624,672.474658209358,237.21934515912923,392.4774663563833,871.6800988542342,424.9510882620929,893.7160440017933,599.5593766878621,293.746141226241,260.35696480621596,3.3740585466850437,572.0980419319417,838.5695678866606,224.7184723370482,479.24309117227705,983.8960714592499,393.3873529186044,938.446832411942,1
826.590714843173,494.6125810746005,635.3641632890167,65.58310691123526,516.4326060245032,759.9335792572646,230.36659172786057,51.48670155950852,29.401191488326205,160.31574114841985,237.766998128196,805.4016874005463,459.1145399427828,535.5583774564454,313.1010580868181,298.8283280262216,553.4854923200385,745.7890132383213,180.69016621784152,434.6494499233985,1
644.0869522905317,960.0938805489982,269.40368688550467,392.8640426759552,569.3022959825481,141.89755508509828,611.5829717156172,974.45724681956,273.42025842317497,480.58155860375626,117.63826479673189,518.060251582131,971.576918353442,542.3762597635022,213.5014522893427,310.7572400259978,626.4074396443215,857.0234378123661,453.4376915598686,490.1201217909571,1
809.3553204242412,105.29371729263481,951.2456088267535,464.7650614131659,331.64985825974424,778.544894736933,256.4726238372458,146.43662843283812,258.1216829205471,672.5308697908486,100.66798021565704,451.3090727358072,235.55932146414182,545.6781657687391,138.28044177722677,773.9662669356301,923.9125658053687,319.359217748237,354.47856622352214,598.0852399723196,1
738.818338720325,58.27368327654625,674.7781952137193,814.2482445937637,792.5212091289544,438.60138195802887,822.7704352972896,547.0766838896385,186.72508874890624,285.73683900488146,592.7359584108365,552.4748034368855,802.168272095533,714.8934825586795,213.0601496623663,397.3863306984621,778.0741808327622,458.1181275815358,225.0302589628671,937.0947669703432,1
449.0755944719781,308.7269275210068,511.25827063289853,300.9183586357891,270.3837597256575,661.5317883985666,795.233308561146,408.83173663850533,160.94016575767944,475.79538789023326,401.60074223283317,435.7112991570824,239.8759960263185,769.5973691264704,202.22761054009575,38.64652494159326,700.113631258398,742.5011397753991,238.75935596294073,173.40592026881518,1
580.5312794062281,919.6304342503806,253.9832972118542,540.004196196715,264.378219771658,741.6477811960254,467.09639060336605,378.95634901511954,656.1405758081706,531.4195407240352,201.14935086895503,416.212242495802,956.493507916226,801.1352140683646,512.1086045327933,660.4632515337905,142.37142443265228,413.1933730136169,894.8163694820769,188.1203420666041,1
981.9213344991385,848.1110847927462,686.1280982539944,373.6241513005276,92.07755150321107,294.68381021917145,740.9964745099502,421.6213646357093,802.8860336216209,215.79647639982502,823.7461300908711,860.1115833410829,722.1971636246888,204.01413534835999,222.89144097796475,64.2943970848997,51.30134669245734,739.0696321837245,491.5166406487732,761.5112185509761,1
282.74617180696583,345.26687308462425,894.7035962579937,997.3834006145133,101.75594247871244,779.2520919931824,556.1485778409028,4.548788666960402,616.5501453108308,279.928187494378,350.5630665853018,969.2788873290909,742.6779134370043,54.52174036389146,680.9757971170928,12.995658201120364,886.1938563573561,596.6825165627258,630.8213101319432,16.448753231374514,1
83.78587007198324,526.152908756173,381.7346082659117,818.2954760580946,283.9720705188804,399.6656833159823,119.99873910905323,502.8709299268486,955.0215718185226,265.8968733287944,790.8316312385733,163.9561141032786,885.9029397238744,512.6331852355015,125.80816495120351,782.6966361181696,887.5867114180028,145.0611685926937,117.41592031190518,251.38846512509093,1
514.9484434653838,950.1103473912675,860.5991793014342,324.6259754029557,37.259982082638366,595.707862231175,574.7620737856707,241.53774213650237,603.5606605058776,981.5943038036804,144.38695164008507,314.8023734311511,847.93355090983,159.17488861677919,128.76879593442425,172.0218577597723,769.6975504706573,127.43003149142295,91.12458439746473,626.9571277929371,1
766.8301773539265,756.3464346552121,433.1029005801712,916.6002985176445,150.87528887221524,441.5215527114733,369.2871552479518,546.1860254806569,193.26226185280794,147.12289159537684,983.3583349518395,302.1261774169948,499.701890598532,916.2683518991026,302.65186373425325,366.5960202936841,563.1551261598781,68.06237511147827,23.37713352988191,632.7585848055395,1
370.88131043453967,79.501226276402,286.63773852977306,693.4564269024357,759.6066424743626,505.3961410910018,220.76415249817293,839.4960408794237,207.69301625017422,756.915549855531,153.22397735517202,934.8531337494406,773.3707820220617,501.23976103452674,434.1712953397008,572.9757482289255,661.1143269557697,557.8826622960539,695.8171758510772,87.68104714415304,1
417.16964705493797,753.4821959985361,438.3519880101734,970.6642786602583,533.9848144702273,310.9529311206326,892.0842569859896,422.21953221764085,546.1857205227137,641.3741755146266,856.0081633059569,209.43868584095148,873.8005394984175,573.7316876578286,366.4444290353108,335.24513704607995,981.7807971796761,947.0798440491606,545.6033451734837,346.368737804462,0
973.8784965204611,16.340966030428117,48.92525345080967,486.6069035568139,586.9911090998863,6.547823630988492,187.49488339901276,86.20462266447049,249.80233152041785,182.87683245878327,124.2837023325819,129.45902517985908,371.3921444704441,128.7374213663649,773.4218755622185,402.78279364505255,116.82512398539147,651.349835384216,788.1840479602114,359.6538363295304,1
6.134609194110796,650.1680066208771,753.9899200282395,889.291198972078,713.1514327645347,596.8448368487775,343.0842951637999,243.83393363973948,64.87459371370596,819.3036293395508,560.3038811963817,287.8962273660102,124.64981684294196,288.36149745727533,757.7834972058457,215.79062359028768,52.102686203067464,380.04774521617844,335.80987413345963,697.0396153973525,1
556.0008010366341,472.71062769945115,976.074447812942,844.1217757745802,128.152078792074,248.3946590231697,419.36396242579974,71.5234008754524,758.1419631248791,768.173826958463,292.4246735578867,905.3554186477544,552.4840723759767,223.6136383889973,621.4940224110312,672.5694086830638,717.548667866092,971.3436153413455,913.6436609225422,413.27638137847254,1
431.82565041758625,23.452630466496593,417.49899699721703,177.14865748372034,120.16828010372338,815.8457723813051,21.813159702834596,129.05764891534554,664.3646079481697,567.185022500898,429.028968867692,807.5820379343014,238.12627472040683,206.61949352755437,513.6828203857491,106.65326299813837,689.0782878350389,935.0120957823406,811.4240831267847,881.2086071601256,1
72.95092204543418,424.0343393279136,902.9401316108197,841.3637334023526,593.7920111450316,654.4182517243864,266.0115260401821,265.23238836638853,66.7116608919971,901.9304278461209,288.98866046927884,992.5015745753919,6.827616746419962,799.1233714797451,525.8011702210747,42.02127469949257,663.1899274414362,702.4578005235616,699.6162092731862,695.9308411732209,1
678.1657600983214,767.579475750658,380.1054048825345,957.7118476177687,482.7942648706728,267.8199052172261,992.848235333601,279.52084806920817,440.74738928410426,697.7380396260929,798.1392895724858,316.64937654697314,35.26750569101977,578.0517487402394,591.9866420814975,729.564782933777,260.98443864982045,820.7240566538417,773.9336539890787,861.6513869045787,1
756.0108074168891,673.1166233944515,554.1191574046237,857.4512183871472,225.96199745034608,665.0097293008245,792.1084522507647,774.733923915768,129.61697609010216,313.86054022336884,932.754641433738,774.5714091330527,154.68504116146443,483.2793039496699,810.8181284362257,859.5231813188717,519.9861667462341,101.44658573257803,219.3506970008159,24.44407255650105,1
165.73269918657462,61.12484896918213,700.0057072109345,700.9661068630561,443.31553532328326,880.9655993444943,146.28771708634258,194.0054256356235,611.4064647827255,528.0748626485114,122.18615978128445,906.849965933225,621.8412468024803,607.9520691099102,373.111687218034,606.2071109875892,71.50828946973719,301.2073055163592,633.3775576476118,598.7129978522378,1
526.0235392944337,53.09537473395232,321.62843954750696,984.5160291807091,943.1907720906343,820.2301465530049,63.76179297746498,73.48302264137519,212.66735504798217,827.7568902549101,203.92427142725379,225.30374612449322,260.39817337030536,733.2158338725699,527.5801931939851,860.5275368315042,76.04177754206786,51.55411180358493,846.2628041807098,108.96650021245236,1
714.9389043842415,604.5686819412063,207.24922792781297,260.21303383182203,739.7465219446973,21.693332485383078,955.6667056701708,44.931485018159464,161.6640652236998,639.9515992288864,114.37991354696709,997.6753962378987,432.99825217623356,68.952866022148,165.0208671784831,542.2593141263392,870.2951184827348,257.0469695352143,399.3793079283733,568.9677944202608,1
650.690510955678,723.2735419434633,324.754165204554,370.63798214424327,873.6028248447275,906.0840259830719,417.3996702627796,996.5497686577319,175.17574510207345,823.2914561104647,908.9236092006353,564.6632413176612,691.9220329368641,60.09777996832577,842.6360605488658,683.1631885697419,578.4223532075059,581.231830098746,159.9346695101077,847.3011176268594,0
529.124790902717,607.916175211191,170.08193297501506,628.1281684791431,238.35448801385672,762.3727573915098,27.618965818495987,124.42171438163774,211.13494876989336,400.94805196078664,870.68287608061,6.80272920066971,555.9384842658523,36.00575152466268,379.61859492772356,298.1637713846692,164.14111956721533,479.33418890479294,341.8209865105958,261.86508098891335,1
611.6855805023918,244.3482622374108,972.0106734936198,249.48886200137565,988.5504436237137,161.37214212158125,949.9036926124411,62.734826195196106,7.424872246287517,97.48426160087986,707.1763689229903,232.6501158337334,275.6285131400009,673.3224452248174,29.499691506950644,540.2631082313691,400.33891575361645,161.35827524401958,911.7356737439876,360.3768533722307,1
291.339510778934,694.5041492699468,855.4743018864132,228.0328331671385,127.16593767253347,960.0313488732287,427.4403726711352,534.991025181979,456.9400134392083,827.9523454395498,428.93015397473243,757.0621004779364,522.7566470125251,79.6884900271061,509.33048712757466,855.5987576799239,531.1169616980764,392.7910100954521,25.641567406815334,701.2948458124768,1
392.60017764502606,323.34305398483764,369.7703284196849,417.70215324117265,335.7618965139321,291.6861990833769,460.49912713580454,46.62611713180775,225.7606243404282,438.1310098420592,884.7734447499041,428.13101380464127,555.892811190084,893.5927554225107,805.8238658027855,712.2962876716166,619.4570963506739,595.88199640491,190.52751071940799,135.13839710181074,1
55.67899412110855,93.81731787958924,614.9815714009601,608.4798505732958,37.28547469320331,838.3324238937718,441.5286000292866,538.4391302389807,73.5231428621912,858.4834924852871,80.06695323800595,211.00159205278013,465.16315396609207,497.6491323394281,533.2231676697257,936.0421664100501,34.973055885026305,676.2221953481261,429.78264825333014,812.2388044415802,1
667.5118323277286,812.6074216257043,863.5281512198559,780.4017794972522,132.2554331271508,537.2229665162267,773.2961489681285,774.4038422684293,927.0613525529989,415.9072470466396,8.965254270016931,727.2382328463988,278.1635586490234,655.6070633050348,48.98465728219848,355.3739562213377,633.1576700659198,126.05143716391542,317.13451481240116,145.04051453494503,1
891.071103014667,774.3128931923868,638.5069178386137,519.936527164644,977.604945397312,258.5871617521439,705.5165103930265,86.24398064061289,621.620995395762,195.32737456421557,9.413692056326584,909.2084302455487,279.35102223883666,990.2989899205702,679.8148892065597,670.866589041977,673.4242712672651,992.3643328000614,224.72340230088327,987.6390127582571,0
321.6632483176379,94.26440997219876,922.2485922290398,97.27723944344413,475.29221207371376,834.0513248686634,276.60584509331966,720.2358797470098,641.9038858885909,691.0984765401362,150.7170200396164,702.9754714335572,839.6858886664004,141.33906975989606,960.6832336961558,951.7867210990098,318.8717882784459,955.3527810202922,938.4439199561148,116.55166467579447,1
744.0329692502486,962.4509185962646,823.6070103414329,132.70507141518152,407.91120056648487,564.0055046094707,371.3967502695277,385.79822745161283,96.41090641879401,7.103004071955965,306.1495597775179,423.4764338561591,578.8017524272628,955.3552319137071,89.46524395952693,347.1345703356005,870.1054982564199,825.6887430410856,111.948677636438,675.7974900178634,1
89.39368276989912,945.6896097834101,259.96969381094226,606.1281673480748,470.5863213699413,511.94470258617275,213.98675799544463,358.77618048812866,282.3791562776541,615.7219384184988,422.32839867973416,591.6138681354238,536.6616269884411,665.9945095025857,975.5235598889096,533.5203087723648,546.4535019389186,614.0468383857707,547.4326316670325,411.29379377029505,1
246.00386680570963,536.4066552074148,246.05001860623298,659.4611305586169,886.33705057216,800.1231639316233,786.4177527141966,213.21394289208806,33.619788396918594,203.74737915471374,570.2065486634189,124.84401666846223,100.17629215564705,997.8479887068887,354.3501385222706,63.593972208650484,511.50415307379546,697.4326495201748,460.2575699873734,131.36772149516185,0
514.837348545594,69.09023817875082,730.4196764385136,939.0459208781738,41.924778554946585,570.5131247018454,830.8610128292928,640.561431449654,149.09092173346372,68.16011791955401,457.4800695313519,48.26114848929242,836.8186570297778,516.3064744692527,316.76478597765436,770.9035556918873,214.53136882198154,513.8254278283198,506.16172043520146,104.01052539562616,1
800.9294344888924,698.625096607278,198.99359981308905,430.8526701238354,309.31907967350327,937.3472775395838,667.8211618943217,944.3394079666625,766.7279392078927,791.6226636623189,310.2003139771808,848.7132363244002,334.7765520159682,826.9785396753415,709.8333016958182,509.5790925577796,170.33741017672764,600.8672248927675,624.508929485544,685.5544806855605,1
66.32587907729825,249.5717185921781,560.9493027050729,852.4766398396647,232.50107438845967,897.0223525821365,975.1622790107172,88.93787318567092,724.0562542086213,397.500185467893,137.89810560915095,222.52005056708722,361.37992001834874,17.917063063458194,694.5667799404125,453.666211241645,345.9667249401203,867.6478812466361,966.3654462530475,458.3177481027433,1
310.7574109069812,603.2253784852442,405.5320163915461,891.5978697473795,288.4049869033769,128.09232005496708,15.06179975052746,170.32349470649643,94.50705803440296,910.7173660029683,679.9112539007186,581.0248112309546,944.7519584462217,618.1309596938647,706.1114581247841,158.52933996206474,287.59026609376724,617.4291814706733,835.9394536871054,282.1105259484018,1
453.67552433034086,282.08035261649934,289.29678212166897,574.8679882655114,919.0259320127302,976.1408542540217,565.7842323199487,24.172133878866518,276.3770779625714,655.7103050747451,924.8095983130145,146.0811159614328,828.5502414658533,879.4713356705037,89.78791912747408,904.8154265090203,595.3699776745058,846.164976882142,673.6778814943405,678.6984497519712,0
874.8236220725406,762.9683361938755,408.77424400023045,382.4696585071847,968.7003004099622,263.95301289062223,376.7452914167697,143.94779544871184,339.1104278713274,584.1915345394823,193.84016342674616,425.8584839435495,608.7195556550214,385.3328325650239,755.1719765732257,515.3763917271207,325.0938311304269,724.778923516339,553.9837532258872,451.63357149557015,0
161.10501350506036,986.8935239201536,173.9313292187302,384.61349364884944,585.5658627361776,933.2835662415398,301.4329515328982,114.59958332063135,706.7209496362199,950.9550098944594,451.9591378925043,998.0076441941258,321.94419138308484,880.5841060788894,1.446843351889493,679.5745656879658,885.1927987878045,279.93195216302024,847.7437700621299,599.4508512678175,0
320.19354947864895,43.037381766410476,661.6325236503104,375.3696287683469,543.6903975043667,198.62703466366628,19.35261511890951,96.85751796529397,640.9182846103932,127.4409387809008,297.5411002260118,591.9323437909261,273.02973001906815,472.74563992556784,412.49802641900925,777.2855722233277,403.4078476030302,283.0551397326718,985.9713087717798,172.8084964121811,1
640.3336594121624,623.7081398223617,349.58949190216396,743.6577216825498,753.7599968630195,476.36193280353734,323.0631044324299,113.25132867814247,869.9038708348792,983.8457373832425,280.4580683783783,320.10545094063514,645.7862348056433,778.8264097399832,845.3437967411625,767.8758121004649,680.4152248926199,621.997720915708,14.427427627251245,489.7466981182761,0
708.5426553619844,302.7272011362742,246.90575622264177,412.7969917447281,544.282972846387,11.024064406672029,751.5696041200218,708.6520145143741,224.78608789547928,248.59103908957226,174.48627965760187,411.8287707759611,959.8545401584106,390.62592032788547,925.9713332624632,181.25066049166395,239.37555581066684,506.93435875113136,151.0743303851485,113.31674378452928,1
670.0084852838935,342.3926904923121,698.7689721600419,227.24683004489364,299.81019773693,892.8391661611855,579.6525000456851,122.61668045744278,420.66138066472325,100.07429673849111,66.237157043883,564.1612201126035,111.74129724920057,214.36803184431398,72.59752256306184,111.27661429054147,448.42646701736646,165.65953333297355,314.397148929109,435.1626714219352,1
194.11455859903327,134.8851586024038,147.80355348538322,941.2713561040275,348.70825347168363,455.61123994820576,752.9439929065243,787.1743134269691,695.7236480763114,891.9458386998922,532.6576921296512,165.99468796791828,612.2245715933303,452.41120894288724,829.6016099005809,242.96069863979963,677.1113773978622,10.073150365784711,383.062617202216,346.1001288007063,1
94.36335770060333,820.8719412798001,826.8686758861697,250.38621360633152,711.5704835917247,902.0858148595838,580.0857205036535,368.7647356063217,682.3014385716485,395.47829476792595,571.4494933425735,661.3900880562642,292.8892254235115,662.3032354886072,507.8589362720467,593.1091078879319,289.00142944750985,745.8163553762419,149.3120291031398,480.7928392654421,0
531.7185496879285,8.191193664421782,797.2675650511827,554.4799510233698,78.87881747659698,848.8695701530471,710.2182814841858,914.7261171846322,681.9303386197555,503.4878749324865,790.4034316942908,358.4731217061923,435.60029281109735,356.1109810883369,326.0576712009855,943.3762026242679,506.43027117635506,507.4969218332225,378.53879740170623,327.6879610361517,1
230.94134353994457,949.1407209696462,732.5543619727699,481.01808953997016,597.522558534395,838.6316975216097,369.9489661386451,282.11380016618057,477.24031420124646,460.2041818852469,830.8903476943614,894.4763151734073,859.0046727457587,694.306259617087,527.9201632562091,174.66442367907453,931.3027283347337,854.1891842905377,526.1147389800988,754.1610981978155,0
899.1306303763,304.514550187832,573.7805287091386,959.0470888417583,223.4067660260578,150.12358944005032,949.2630720195097,875.9095374562,43.69706822401709,580.0303670278774,645.5413706850983,716.8613424269492,616.266200509248,562.5036767909012,607.5022342210513,619.6610218523517,92.2945913374743,173.96962609852528,286.13278123426454,927.9132574117999,1
467.01776076054125,613.6571570174527,968.4195894946298,100.43354619836332,192.5017622647177,281.38188817866063,919.0990955305373,718.0205344961031,130.5539605344105,70.96416103342462,169.9576622363479,915.5953273535647,421.06767388732504,869.7386648303876,846.6174112624649,966.4677634738621,542.2659613883335,273.38041300853376,514.4225030479672,893.2540847952764,1
947.9783656821204,397.70195912438976,487.13023325960734,797.8742755003686,396.970432522318,239.67044966390637,279.37095792844644,480.1187767420928,238.35763224745722,764.6269709210914,667.2114937106413,932.6623717682093,746.803804374698,453.3108029111429,182.6448527535067,235.30681026737355,886.8640123009802,635.5930974373987,106.88332464468108,499.8310428379079,1
766.2322588415134,804.7833131183926,839.4019326707895,911.021006511031,482.30868615368604,667.2537909396858,73.3483904858232,661.595278945993,514.628146208364,213.1347254686332,252.90037251035147,707.7437756581833,225.89903202453655,342.6861711746627,376.954142401409,760.9419193512585,192.6502608711379,79.21365267629221,183.39761550779633,712.5261829193771,1
50.47495128357171,554.3427267032722,504.1746926584788,374.17646487380864,347.3212110444034,538.6712386783839,60.839187594823876,322.86542481830537,416.460894010966,141.57273828914362,524.6234898698035,309.42271067573745,65.59515224069001,128.0916076168882,327.8492719315099,661.8304145275927,800.242908262526,486.2197523125813,46.71257335750945,606.98682746826,1
905.3206191921288,51.52654899858822,347.70308310752904,16.85708613009862,577.2968511896614,104.28671754079288,940.9366710119898,407.3848094838931,621.3572327470686,328.6999958973946,335.9261783683438,11.53922610271585,866.6496178362268,269.72394662986045,248.35926384397945,359.9378911461144,184.11819647908334,312.32598713896584,281.1141873234386,974.9566352840313,1
876.2755599876352,282.4004212918239,839.187106417934,38.13052010980022,568.6038388372938,863.5104213839851,216.8948854489945,160.94814478023423,794.1216758494805,653.3000870238859,974.1462737732514,158.78506880979236,148.43409345316982,55.385595271440714,324.2864580872841,47.72728597322751,613.9588222854331,85.86695240530973,454.23937683521433,515.0688627777103,1
86.35171737881264,691.8948683012131,990.5512859718085,389.28020740153954,516.8078751607001,375.2569729567348,979.8000112828724,850.486357217271,968.7008861600426,386.41095441336904,316.33158456334655,16.139313289963987,76.86306509400708,956.3238155682923,584.3500498746603,446.08487638520046,157.83664927563402,938.0274537832946,39.353440666369806,648.5816947897555,0
598.9522818235765,731.2204475295214,743.7099123274766,674.498155767455,553.4621438451298,433.6547466430306,801.8541916168369,132.77688866555758,282.48879706685295,781.7945399114033,889.0806310635631,662.1395094751725,49.86428420293476,830.4748904230028,968.4537923342347,460.3704883205871,390.3670219773747,352.3090852345161,606.5614049987993,169.7224874286294,1
134.61946739105522,990.8410943274397,501.03713073279334,514.7695917275097,301.39445241700855,44.6718631029549,64.52373096180386,58.95167853430572,703.0869047715556,779.7189778221403,951.2319427486563,980.6421220801341,151.19226170099353,15.104441177240968,684.3892521911755,292.08706828818697,922.5639021633884,487.6528511959981,438.2284698358888,420.576572251095,1
306.9758866794898,563.9783241881404,184.81842394818827,977.1636726780322,806.5569229204904,853.35620887055,945.8959147028035,682.728663629085,901.8501863482435,738.4805181715461,474.1951629523277,20.96494757176004,515.3256322667542,539.4887630638048,736.3808755099013,868.8621198147831,628.6919179828942,87.16970299376436,91.61203531234719,871.021355675676,0
880.9430529015218,400.57887672633683,68.27704775869337,107.36771281837632,114.34314615882246,913.7031761510333,406.36670968362944,463.73931460314463,819.0296420990516,243.40102901581906,532.6396879345918,578.2682228547201,415.05913051850575,120.5328076447285,423.8106475905612,112.04267317848382,317.41159190257275,400.34530083679056,190.34193478322436,997.3705051205037,1
689.8771311769498,931.4243670271508,932.0283320529192,286.92938709525595,144.9988538389956,991.7298168855652,510.1882803277329,676.9619006031628,866.466391782695,339.8990618516745,592.2424414123218,299.0417385400678,215.3479418034827,34.426586049875695,235.70005439991414,249.33643106802873,747.21044424998,516.2541879908846,773.135481029694,286.23072744337065,1
212.94715355484672,577.9739765828314,271.1372582017857,753.8010280532212,381.94781590810567,280.7080702067031,753.4174586984044,188.7843932951756,724.8553768762374,389.8077337247358,85.10424592574117,627.7220664734821,609.2355086316671,99.94812380857631,460.0591945312169,462.7585454812958,715.8790069207812,196.64706661708743,559.7192612477637,992.3364589556603,1
15.680846739209887,716.6295174162551,349.6595758008425,485.2308475098478,282.1256312999115,460.0859482743654,495.60020953689985,919.9843858577611,873.2716265114739,930.3880146905534,967.8089609840016,394.59323412857196,780.8315445069727,890.0243622293735,117.02188346803155,726.189108776108,577.0259477903533,198.74483179906645,631.5277187253677,688.0664984651273,1
653.7243261827782,6.087732525940415,924.8347777302345,351.34518544864426,802.0554289428725,154.28481112293048,602.1385455629833,58.003058643751885,556.8738096697997,647.4476913904255,387.36446291615323,718.2262840191999,474.41610920077716,56.42201103684863,39.00130695213977,50.758335765485164,339.4415719189462,928.6287237648883,328.8220365479835,815.0757888260508,0
644.4479967228207,702.8886589531882,655.791701269461,201.8142482158729,872.0318561008248,418.1973633782462,934.8332330441149,15.640564263490141,115.11786288737346,134.22824643289832,727.4274365845275,107.03558887121922,431.63132728632246,513.5479531582083,513.9620543443456,294.727586612674,881.8393525361639,452.47701692319595,175.43958262141757,557.710457781701,0
112.64999766368322,669.4291531548798,173.3541838953495,890.4092248083115,78.40493779042657,309.8389148056865,215.81472705320482,569.6668076521477,405.27789911967915,452.2935923726946,447.8513466345286,611.92467144724,261.96843064069907,321.95615743606874,258.3333219816275,144.90611875226932,624.2383368929933,934.0173059607101,908.4129105975076,965.0141235194668,1
110.0846891269599,716.5289877107207,74.61602559479752,815.2854586850412,844.0818304739196,479.2863677533595,987.0292352083418,463.4933117354746,541.1735730321674,338.1837281870357,818.5890270569092,563.7875805212369,500.6002405349792,424.80980401011715,753.3247335016313,72.16079403854569,632.3991488704291,72.99593300608342,217.13528438230466,33.112145464516686,0
519.4799179809186,943.5476017245186,213.02159268516806,112.90829226161014,526.55234115783,20.865037787455854,350.6614652192862,445.3146526874659,77.52611634036155,886.9667193158984,383.946931330858,587.1867763288591,112.6216975789629,968.340220229584,181.78149945517995,466.23064756071255,88.25940982098379,157.15092956176534,135.77030598599958,385.5908093093124,1
87.82337108623072,466.8188209329155,565.2228364456425,190.76283271274397,767.6582953790296,76.08788065503491,574.8698686343,810.0029989218276,614.0989375783472,4.449004922139177,74.94462117463274,45.99028845455333,129.13078035738403,526.2415739837915,959.2663171539294,368.7908681686892,788.550118961811,270.24202164667423,972.6544230565062,382.73775482898253,0
195.13166750697187,191.3349612719406,114.24196562130884,81.42195986157752,926.6408780413781,723.2378504722424,145.55531425106128,602.0948035361779,463.9780937616538,72.10956854352824,987.7595900417398,236.6571523443469,573.320870198546,360.3848150111142,487.58912123044126,990.8178895038043,765.320782375411,238.37560534630342,703.8878971676905,464.54001158703016,0
238.33160293565737,558.3156778645102,233.72834677451038,811.8734516924812,294.4192514014493,98.58755001040042,862.8863648316733,169.3405922325313,708.3210056530831,868.6867126882431,727.0370945515338,949.7964107302985,270.5750641957472,372.96772603753567,635.3934915697815,117.49591676859072,988.2588845684924,659.9981196563448,679.7380049917604,583.7137793209084,1
504.889814582572,194.4575518050794,105.52859907570866,254.44380608908412,28.267750899326096,623.5191500715457,180.6812214845196,921.0933453312405,109.43953294142072,320.0658497570395,859.1518551679123,621.4684122383807,414.0288848703729,731.5195204184188,400.8135759009336,156.56742454356987,979.6916595567357,872.348364503973,737.9238021122185,280.7333708227704,1
507.0533796068769,87.81333999576235,38.16274806120601,946.0305853038766,417.9573151994794,218.4975767703974,788.8566096611385,525.9606037839204,661.5472732680638,108.25742300691365,445.560207872715,408.16283021362256,294.29074302003755,178.26552512750825,873.6273592308313,742.3988837955803,563.61955205945,273.0058072271087,634.2437175081801,410.8597309406279,1
2.059127101327607,622.5116133109092,665.8805605415065,962.3618748041625,826.0600105479754,78.77345952765546,316.63754296706014,43.7581894700253,68.13806077119133,465.0987548666627,208.90822345426307,60.75377721270048,627.2235388293708,921.5143105541382,825.2370268889812,53.54707634241063,297.6887172374881,37.81724411926979,420.56710114405416,935.6747357682447,1
192.69704199781722,730.6243496000072,495.6533531994365,519.6550254321529,833.0819158333874,311.0547351257056,325.0307783310894,737.9526991741785,140.41786990549267,107.08655166023517,410.15489943619355,393.8929860320377,302.36036512716504,253.81923287257314,880.4093693667119,409.71727389264214,308.94298594849977,786.938416357374,845.939880966789,700.9726523813595,0
964.251450623779,122.86244495605425,447.7396790462249,811.0857609694169,974.1854184975937,198.12272015384002,743.7143987518975,211.37759053734408,397.6023036983347,751.0686876724602,770.1526479491283,57.353397697482045,255.45165131006087,963.0736914356721,568.7718878543824,578.3363065968404,255.50863016304436,450.75043085638777,271.16578551167834,137.54550894512784,0
284.86024411940826,557.5193477487974,523.5549043045,524.4931409339563,343.9928732494555,436.0425421394593,873.707827576675,919.9794248117661,897.4414411081644,235.0650970104433,634.751590904474,767.7456365379156,327.61488561553585,477.0928715872217,856.2667675889094,703.2374589386872,726.2128865944746,79.79046218522879,52.79959215953889,689.4462822465891,1
572.722365024215,171.00718048879259,4.395023144385668,235.3639158889743,622.9094879262162,362.3992746659334,650.4320777492139,153.14606484308712,648.4651052823682,111.68946201456743,895.7309157519591,256.1900917638782,4.55091691014109,800.9768720882856,320.83555401374275,409.1608867577663,144.35107381039435,203.325269837897,398.93886657733293,291.2937909357785,1
505.3696651247952,267.1470053646996,437.1179493204181,29.11242359496724,503.34254050459816,600.9444472642931,898.412886427269,715.6013493317806,78.71352778026453,364.7266379787554,759.2367143564787,718.2119976592485,53.502277670285814,28.215674252091038,495.8380739482442,447.5276740537555,137.25930241136652,264.82637152966225,349.54931674539637,787.1975546049762,1
259.350025607766,805.6725153673051,840.1814143076656,246.8441635631079,852.8074235715401,80.7585433378647,382.4735057539132,99.48411382537114,323.1694721521686,283.15976454382394,761.2891583035249,832.2676036589062,333.92777155867805,339.1840962646793,964.6844965817899,162.41235753055204,473.1222156077822,591.932664337802,657.886222256461,153.53434073380024,0
317.10647569129236,148.28756777950724,756.9396276546719,727.5602715151451,821.8401587083437,429.3878307016683,18.903387947957096,899.5693109487923,105.57069600305068,224.1536365253515,30.77430265290182,395.4282328443324,694.3079268628145,928.8859266441647,548.2051538820658,87.34240267784111,884.173797742049,98.49565550049665,203.9378230748148,220.11922802054562,1
886.0562884287219,409.6628350624293,843.4331503675438,556.7014158568278,477.86892513044523,787.0041392583273,210.93826840577057,271.6281800039649,911.4162102431985,603.8325633827823,380.76029148268196,629.2026954170102,749.2724196006146,712.0514437574477,505.7661955458913,624.0181919049467,236.728351117384,482.04098251432947,882.790927427197,914.2606084465116,0
21.80493945770301,254.40071758329884,261.58712847345254,327.3631294425241,303.6471665867787,281.229227526394,473.2681948934291,240.95491043207073,730.2145727942997,28.798489937577166,962.8691724999843,188.46714942329578,894.3918767495078,679.3440035035466,884.0252978175707,434.9181286231124,323.88838942229916,610.4734751486299,195.50586690320281,420.9665971993471,1
541.7384437641449,123.47240625613732,801.3858906750368,458.36329358696736,531.9846741780118,678.9086500146581,898.3085059140909,137.43488102392587,191.7554783760552,123.7421339590784,962.9059519252011,431.2751367656476,718.1514544701928,166.4091435663576,927.9993160072034,125.53013549648684,675.3047277544229,26.643304656291498,864.2786992656465,388.2532276090651,1
627.9761343512013,599.3438382352398,202.552413990712,454.49730726418755,2.4496984470813166,783.3033611279698,455.33225162044135,277.5847531664084,393.66871400149904,407.95668992724876,159.48858913945364,366.34634865289786,676.5212981123175,559.4258363143862,992.1126325164546,748.7331493556037,828.3996184919401,147.09473145289942,520.3825405420602,244.38958231805142,1
238.8742882285825,329.2136823754381,569.2979807944627,414.56863796721865,398.1999848700384,365.39024976726853,986.448150373357,422.4247566366445,918.5050647016525,992.9557574207217,621.1465408352134,976.8775223960608,999.7794475306495,815.0012336697997,714.990949581411,221.1014012951753,183.6617843839453,53.04992126760099,217.04276547050893,528.1733089056,1
437.20671239050245,754.7920507548533,301.0072302512701,620.5531857735252,360.923717256826,221.11516846608225,775.9341872132215,292.66994515514546,518.8865552417251,251.13039120782122,648.3892169060942,174.22024403823622,62.73827203682547,626.8470597226955,494.3796999570071,650.9809377360122,78.06791003094871,777.4557244315538,48.310262581866766,956.3574810883213,1
939.2624357128622,800.8934972324439,312.8302254238592,645.6570727439567,991.8373746098158,717.050243472696,660.5248133661042,30.180848263785197,36.33966469603755,628.5345554279439,465.2240328787516,490.41268690398886,191.68209432003346,305.0732188377773,889.8543580755024,364.9554634893015,970.8678137769022,166.79945178668964,531.7809918243174,638.2779059450736,0
686.0934758554507,805.4419671000202,756.2556809873074,817.9412577526915,59.09896850300689,80.86326272899991,133.10343703656656,198.00605635351488,718.1771969072756,537.8777801640924,706.9312868717191,599.1719078154753,559.6904894938684,185.69154926415086,860.2204324365076,772.8337102270601,756.007588069522,931.7637732944607,395.45258078965827,421.88972573013706,1
471.0936444386088,349.7144796386815,511.2129243775171,626.2231412912209,587.4182742357916,176.4311561381443,725.2056147477654,70.59798577970544,207.21574350858353,396.6822832089026,826.7904947711223,252.04934271262326,827.4650315858454,580.5907371940833,699.117103004125,296.3424780831602,971.0598901126803,650.9604010638305,80.46625764854087,806.3483063789942,1
467.2832190846261,834.7842883338458,700.5845110090737,966.2214035921262,909.1800005591161,666.4782615893132,765.4274572450155,60.05288927205743,794.8885720472732,735.2613804031481,943.2966926653978,755.079830182131,616.941169022578,778.41769330168,602.3854709901585,482.69579242490533,979.8067017035851,494.23634104910917,101.00447432471927,45.622633175599226,0
368.89786382838554,456.2972593133249,556.2913264560253,69.63959169169564,550.393086349376,958.5323358776272,751.6971362795447,703.3994279743886,515.2216737722542,884.3534023348717,90.90125671404658,777.4578349976778,713.2700259909416,378.30841231479803,490.5348080892418,151.99239061006818,6.2392859507868215,335.75810828636423,338.0882385164943,520.5183793060233,1
345.8689413765892,889.3391113274221,144.31525472641616,823.9149225304285,544.3139603898978,221.23435931557623,876.0425497895375,553.0711839146567,96.62199640739611,866.6429103872324,272.4611174067858,571.5852017744025,678.9031834947183,743.9949826508112,716.5795666531019,831.58071711502,770.5121418791178,188.68013992953257,557.1054876555453,493.72517850189,1
133.2430830234883,433.3099809690432,776.7007233252926,444.545957987142,392.1130957697838,476.3137924735013,564.9442766160689,764.9098777834954,853.2681212893858,289.0418924774361,263.66097134102307,316.0154464410304,865.1077215533744,900.5614828145997,341.8297798449792,833.4379535042962,544.3324673170835,957.9050674736784,570.0215512105196,904.1466970157187,0
554.4902600556748,349.1384407854876,849.1888997720208,337.3467262413722,788.5941965246622,530.66999714124,323.590215162548,476.21935733924624,906.0977341778377,297.3818424342919,86.32403285324364,903.8694014974963,118.00403046840813,230.92999092299405,479.6918279643554,779.8576939210153,977.5407294012463,186.8297754428757,232.4757249635515,996.141644487305,0
562.7876593224615,861.717124587382,365.52220302261,289.9979680881003,875.016422739885,206.67709604106588,265.3825991533072,368.4302367175325,335.0490449683913,166.49480025757535,289.72957294265854,173.31769757810633,532.6484405274377,694.5674579446749,515.7172090854767,70.66614791053283,590.3294952851302,712.9069041060201,176.81977588344898,484.44843718998834,0
970.7552828625876,827.0832493299815,455.8986281319769,259.07498142372197,160.2628909118401,45.834417631249515,234.38938442541345,488.3621162838887,498.518343030414,172.6353133818005,454.39235868161165,441.070533650952,809.4959323373665,921.3033533492438,957.2865138508294,487.042489966802,850.9898004970962,620.2031524844649,101.71016148698442,72.86362951885272,1
605.0882349810539,681.6604221413469,651.6368936895707,483.91856914130085,592.6753853979867,663.0879300187408,703.5253818369149,143.95477515697175,476.03632580432287,331.1151759849635,483.534932647106,393.4094720318494,72.88126498836678,789.9524817014631,521.9661796829537,874.6663834568011,43.17928856524789,96.41276554418255,126.09748416663935,870.167440375743,1
506.80451830894515,750.5807097585564,77.19816563690208,746.1590418158296,77.52185271693735,910.3474683378599,512.1535927788997,959.386385125486,635.0823684254674,601.6301942876322,166.72768720943853,632.0838156325422,753.926832541301,610.3778506995133,689.2759928356469,884.160071622694,696.7114701291704,642.648034591208,527.5338124416668,455.37976730852523,1
712.7666984926302,828.0527609267974,728.463684360237,100.14740616481788,256.3025094776435,613.8045061167683,567.3340113991862,917.5776971906529,983.3443405762318,895.8213325001097,605.8215609886954,719.4257953692702,848.6972812514947,146.29567066295334,312.7903294788523,25.023279602721217,623.9965952361563,919.3255925330193,4.766770503452311,126.27482348596996,1
200.1017481263614,779.2562599535294,369.93853155800673,198.0439945545779,372.37782522882145,256.2994467206244,250.46484013632443,565.8405668191108,670.3993585811402,249.3622077448092,549.904262271592,29.784766274686845,972.4085803308827,102.50203132269853,558.9130408847602,997.0385015817391,321.8443366486616,287.12543414669733,738.3459336540637,465.722949548321,1
266.57028620608526,572.8629677355069,827.0819478074649,669.1611195823589,240.0904327747717,667.8109701442215,929.8814268520011,197.13702873232754,651.7737772309705,499.57980663644355,663.3482919742057,137.7223520665406,232.8475094412411,347.6205174123508,839.6027193421902,384.33054785339937,337.42637182545155,741.6183994652346,138.7263578968958,319.98870679321334,1
550.8172821744919,346.36862994242676,597.928866784443,601.5095286570227,141.2984648961162,133.42450254993787,784.2751122699121,417.36505462217076,149.14431293344853,76.4072954211118,418.91144615513275,842.137700775497,205.11454434532737,995.0251258780822,20.869959910874258,593.5422120272519,699.1248890263822,532.272546738441,259.1658411821994,316.4471174407962,1
553.8703027888789,895.3465290325702,419.73420775343993,344.832499896749,400.3758545600228,999.3294450700868,266.4846814950601,171.3791489501445,892.8666749942003,125.4680866795439,839.4367542099898,625.2549040322771,957.9625752604859,317.7752523104158,855.6596144186238,87.49165148545035,782.3405096722095,327.171975431567,460.57826520793157,797.0584305855577,1
634.9029733360152,458.245426499851,292.600560920979,755.4238582468939,465.82609010973266,244.64798640320117,392.1013226640979,795.95791388347,58.623864014158976,322.2380178419001,727.3907992093898,612.6663664927285,439.4692545582942,155.71641847511975,47.5947338543743,401.0711893180278,688.2981130083796,267.8640746847947,902.0586701743084,619.505328778598,1
455.23967110372377,754.7073805063675,299.67618454605724,893.9624146462238,367.4880928457559,5.268696430489217,978.5481359387733,496.0824144063681,903.5926690298103,109.03227274256577,199.90550919505924,483.71860921618793,895.416051085589,92.0291253345762,538.4887406456191,758.1102132778534,390.41050198186775,445.32224368411346,933.7445566391465,537.0340060729926,1
690.0206618218458,672.9629852378891,897.2496913853464,341.4593373018703,547.177166734512,213.59730256434227,332.80630653041965,821.8503457322514,963.7206652475667,327.9272456631216,761.7042255729866,537.6210021353056,692.591095940477,366.3858817316549,353.3870868897252,206.23836578307163,501.45216455490515,55.78804452733432,860.3218364017778,244.01480147596033,0
633.7567412572402,505.89803667509005,347.41877421065726,943.8275748034729,848.9557630222,735.3567493742419,118.34502348279973,462.3555726475531,651.0765314770857,95.38320462855643,695.803306335027,816.4323073437371,949.1989410664684,502.0502190489946,28.72410726657515,208.032020875753,805.261453465981,148.3745446274438,622.3003989945825,653.203985035755,0
444.54052999612156,785.1821529136148,122.86583154046748,620.0836926563728,380.4824878662881,857.5341710362363,396.28386964843287,188.8582254484935,344.47301264359345,524.9710923754028,80.15703970301836,863.7609242808828,651.2163020395401,312.74318014360523,608.0953749047696,983.7173621529881,602.806025375859,406.26034952230384,681.4452507902187,756.2619729336477,1
686.6540641369818,211.07646435327942,20.92802950008188,316.88601060699875,434.70590717361966,831.3253254825987,88.34538299015338,843.63453187999,59.48240385522452,313.9169746116517,404.0353967081055,931.6999046762295,949.0534006152022,40.6849295414673,195.94653297780562,448.2173933882759,272.40805793774183,953.3629199014532,612.1704226816565,326.5558120254163,1
599.7132013755754,674.4406019819204,856.6196031680934,887.5282659771227,421.23470570259644,758.3682769120751,973.4983016006511,533.7797889172177,731.6165942156089,488.8617482183949,382.64789846377533,203.38127423848152,91.19335349802982,324.4978973602168,354.71552939647376,569.9827057106038,670.5203042524396,710.7809644966267,769.1532532974004,572.2732690925042,1
512.1530162234042,611.7079810247099,702.5300417067544,845.5623865323072,251.87816813994857,859.0350176430188,197.9716934497434,17.40404003833529,796.6777756123288,230.74207264016178,838.5336642358384,356.7405519161013,352.8519156530896,869.7235566125969,758.866743251794,58.329840985596014,944.2944985088956,208.37272691897124,666.5841686282765,940.537459721182,1
842.3649131793943,488.28888946187163,947.1324968197565,685.7333362291951,249.94518287175015,964.2581962697794,567.2236808821953,322.33062543504764,434.53658068706534,193.9708142027222,573.5309982805463,566.6738664350225,159.62959816681078,414.8215852814745,266.290567716808,895.5635781250958,194.83911190651682,608.3571999723727,640.1423430792005,603.6912130955358,1
373.1035249357315,244.61281080907904,8.258911760532396,204.68238302272434,814.0746145258038,278.0006362321069,533.9767643871613,297.5252007623077,64.24213965721293,421.4587642275384,992.3526277827247,401.71696153391923,333.5925646406933,572.9825547765392,358.5619843623044,236.04906443607877,381.7138248664668,900.2298938152161,142.7008918096726,131.0762168347335,1
754.12840240022,187.6429031602581,130.87558467660298,243.3991894223494,882.6557321756763,940.286872866886,932.7172717005657,313.86362473788563,905.7657711399819,63.33547925284544,481.8548732160779,552.1513864427486,449.3334629311233,978.4870694581094,754.1716392203869,477.4961266786992,732.668730988301,762.5136289486651,112.2121166057245,322.3778283915957,0
327.52972405605874,943.2607427734292,853.5396276197899,300.5694998623264,988.1485090251563,72.53142629161668,334.0084101041345,201.2370195279154,520.6958064247972,904.8589843940839,787.8624484800561,37.268651838392785,248.3939652338596,777.6176461807702,280.18394492851274,818.013437532449,622.6149609004888,697.1933002317845,714.2232759501255,576.8435574760251,0
184.4385508163746,811.6794773656277,563.7471803751048,721.6558403554068,26.220841411233042,181.5952279136238,565.3220224228446,801.3296624771053,361.35831712325904,751.2741795631055,1.511099675997385,44.63858553245037,688.5146423045823,987.3227326317689,315.74976014863023,336.1602477248594,340.1363031645346,579.8610781579864,394.4772550239074,364.1449535724629,1
767.2225554113061,1.8973234756359814,870.6563318269797,741.0685488215494,956.738274373778,841.145363238961,793.7186462826888,292.87427050949276,780.786187101778,597.329264504272,349.4360606750847,809.9247722932507,489.52182353760475,984.3371626813305,721.6860842531223,879.8151662883528,901.3934184076286,584.9826517801959,892.6351362017584,597.4566886442341,0
511.4949705028182,995.0596286010455,696.0727199582723,690.6054585444906,988.3174422518913,629.0536124129754,2.843950876076473,676.2613666395542,628.805262370597,727.7565788338062,974.7138302606758,737.0686009490253,994.4368588126534,787.9613488767025,979.9799450880547,435.24602112605004,246.21970639736958,551.2716446362492,888.3634638086634,859.6399773385732,0
669.9459836320698,403.587427303524,275.1735324415172,25.133112608780593,417.4852382820756,503.2293194637125,982.0865307784337,567.5088162973507,578.5706081044654,465.7008450615039,14.541948154796147,286.6724998012257,657.4369579143913,708.1781351009377,950.4692889596047,481.58662424892043,688.2908308608135,796.6464971852282,758.3717279037496,125.7482724914134,1
890.4772208697341,753.0585741010946,669.4378381370026,144.0391349224952,943.2597864418454,679.9317001866851,190.43399758978063,585.3884258571345,148.21054867324324,54.99055660329621,711.6722801080571,737.2911121274353,515.3634855915934,149.73401216146343,326.9158442284803,104.74902448260382,226.74408563815663,65.88016286784726,663.1850607431226,778.3575300321384,0
517.3297321992851,660.5973821065973,150.31971591483907,908.0357237636415,594.170364742528,124.53436438467014,534.1011500782106,458.6938355527522,868.0566353924269,749.7013937868621,97.17650206240735,648.0454362681002,53.354110606905316,495.80969874846636,835.8411802982805,188.31620468173617,647.2727766315428,406.2784703202368,115.06233930326026,886.278466879139,0
719.717392129988,267.06999342698623,200.84678425402745,357.45722086491713,714.5895577642546,915.5043340557261,515.2656652460353,3.3211068503237184,13.61471620670207,244.86879256007632,783.2636936603789,168.0865026213556,576.2484022169473,29.02760845293273,322.51546035221713,660.2777086962752,680.769493323236,17.874558968005495,175.81501207987282,230.72001367987838,1
256.1764252936205,358.6741332793125,785.880378280365,103.5782775907923,230.46534108129146,484.6191566025365,780.0179803014266,770.7358390984347,108.79843940410305,534.9206083065752,649.2146636736628,435.836070564151,852.5419187487832,110.06809017489516,560.538330207964,716.2823020163984,981.0596564836767,9.828924350507751,723.6372851011038,340.869014688564,1
745.2090071163802,526.8662255564516,780.048516633561,164.73645530919657,914.6706502277758,387.738907925268,803.4928832759645,292.72539748930507,135.04887465202398,343.0296923343437,674.7268587568954,919.8761052379782,496.9629227696335,333.7138288554676,931.8564737995221,740.4503272168497,452.1941731510094,652.7449044819424,254.71339792338244,497.89536617877985,0
400.2118176859023,245.69880973066537,88.48018900091125,228.21672808824246,798.9869348553933,759.8568223858567,438.1812772836583,880.9598022292128,158.04493538182263,734.296733066163,762.8249684074489,67.12754905032092,865.7596215511172,774.1793909266473,464.46481872957315,494.457580960091,584.1859991467703,478.6468981222386,54.63103640092848,431.16176002439755,1
864.9198849527622,534.4369408134581,244.6664688472533,907.9682855903768,426.48135086679474,184.01506174460957,595.4768454115662,174.16378946640953,623.9159239702334,677.3505090012754,192.50641574240447,314.54951215164704,587.9827633198867,219.9968875546472,821.6060208548447,731.3605479597429,175.3722489683962,589.0966990268856,572.6833081686126,373.42582127735204,1
657.0307770842533,429.5832641663853,444.2787997024119,394.17652847487415,573.9782658188535,1.0995060206959728,600.9362721528472,119.67672690243126,227.2256281348568,813.2112076543976,227.12091020883872,620.4444806664243,253.20032568756824,995.5475988316316,981.9003298464371,331.9534366233808,911.5965701823704,910.6730240843845,204.1217838706637,375.614368492742,1
188.39136752950847,228.60769143952464,526.4186975033606,502.2024201939981,451.7440484070215,198.8425359269822,533.4470083837027,946.5228222593894,359.8565766435146,687.5085935125504,230.5848640953909,752.4222674050676,576.0673587058992,917.6117036851987,77.97704542469542,656.5628070931922,421.43964896377895,369.48501919493805,333.10855485150717,902.4353425502792,1
252.59829385485577,631.5549705200493,26.225563097496686,963.383055914353,802.0089126891154,689.5176095094853,518.8250764168463,360.01806913031766,435.6878448106768,659.2332777445648,508.7363601228285,893.5611507104475,324.8066702418753,863.1964970533304,300.8923045130476,145.0081108664728,127.24081861674551,265.70429600807523,917.0847103255516,800.4267722022275,0
735.359158616679,306.4888329297983,216.55127083830706,361.70068458229684,668.0859350249452,162.30554726285774,528.3713527733915,368.68484019389314,759.7488783603379,644.0128135463674,149.25166981264982,308.96054318686225,807.9242578893719,887.13582956034,511.08205510821267,827.1277667442157,210.60674513177736,406.0529104499994,643.4573106905491,27.746689740204555,0
529.564191491826,852.7474465270225,210.0553860840324,11.780305221599118,647.6687715385542,660.601102783049,242.66178042476938,326.4185384664503,344.00849906460263,83.33068673004685,744.1432140003077,214.35967574839276,771.8825687048089,651.3828469739616,103.71547926419001,747.9625532348605,143.78347189389652,658.26830805998,77.60323446029193,580.6700072857421,1
444.2276225683255,524.1492406859909,748.6162230382213,738.2911464745712,45.49529549152964,163.29088018957938,982.0127746510484,439.32152938750903,821.6668253241039,550.7059876845633,773.2527274935195,70.79456985164745,501.5796636298949,752.3659835401622,415.2650555270776,715.2719233943527,831.0287682688313,814.3374457223413,205.40906236599955,907.2917535378806,1
582.2440903768461,183.38008085040724,792.6427554938708,254.35797147794315,332.8308033209342,416.2914898695146,505.41702043070103,172.41395207844036,850.010547955641,819.8364492115066,304.93611758858117,970.2738234261186,58.94494707419873,122.203517214154,766.027049340301,242.5473895961796,208.60076015352413,22.39523546452771,329.0133757146849,75.03574965130278,1
637.7405236440794,6.244298300230988,436.602053412449,885.5471675813214,564.6407509948344,329.6256465766538,108.37668222848751,954.3148520923155,18.350557017962068,499.7374991566842,368.56701976590836,768.8226281705505,590.3172542570171,938.478230134622,951.9083497103799,727.2419251008428,476.4951652416121,533.8902506524582,918.865129534912,736.0152458819176,1
748.7557633428601,939.7830989757907,372.7683421287561,830.3141360403207,753.7685145385902,383.6948936294252,755.0517108177135,106.92855931417932,17.887360950248677,873.9038639105912,977.1598826040533,432.770893979633,389.7594352399848,226.74741312335988,936.8186364388487,260.4192133838108,646.0637922066275,815.5959340628633,452.94749420868476,957.8483303186579,1
365.6346019528707,776.5458997224517,214.24061295850848,481.08323021702125,698.7107089603039,252.85129923427752,833.252140544753,940.1862155049716,289.10475950397785,494.1741399753845,16.841873939565154,404.32180468044396,597.4701841559929,161.8645066568678,977.7448914822547,175.48782826260145,505.9361627184713,9.411170765792454,298.15924165355176,803.6250436038383,1
408.059491158005,856.9395458998627,819.4458143887489,434.1522602520984,155.8800210298451,809.64235728121,920.8985405839409,243.84577940363073,75.08706625036254,844.402023829815,608.255960354803,259.7921143757653,172.34946479139623,496.9614973709806,927.1264206935039,167.15967514506923,722.2576056488012,253.0693227889753,591.6817509922109,445.4292935550279,1
566.4153992927531,135.18072383714065,862.9812004219763,984.6683599956737,496.8467810199423,403.2157928787442,790.1308108140804,168.26407674099687,70.29703168831958,716.2417094119982,546.4557800435283,631.920957338315,28.859078166547647,863.4398595353865,667.5023467486715,112.08146908490646,660.9882532579636,980.0450126513527,257.3007499659458,943.8319162747981,1
959.8100029126321,841.5503873973679,488.6957908615289,446.16037150102494,361.8906694679093,785.9099163434627,150.88887390425253,533.0052551341252,546.5994428688861,931.1845399074081,908.5633711846468,482.6767581526693,598.1154142674036,706.8694154417149,543.2586935387147,283.3567657376571,159.05095552059356,562.796864078409,436.8465920697444,270.3710522443926,1
344.56255484049933,42.45122656874889,555.054000039312,76.27251340585572,106.44702905166147,772.0996348182157,108.6876124132925,698.5212511238524,489.5603729986635,243.20247391695938,570.9092757155863,522.0519616023895,910.4887805124074,964.4715457392123,464.99784766013244,364.72970269550586,586.231298468954,112.24511045886698,527.7815147530346,100.02384935430186,1
275.20278807847245,758.0979852005911,770.3420140304397,477.10312281518674,963.8233042249877,151.73681195047152,312.73097864819897,592.4681994278442,445.8592209539062,648.3127392252726,88.59801087357,719.210401123077,162.86955224570053,270.3739753756479,179.61581362168656,720.4169443732955,39.75262191329176,977.0787182869248,373.5277979326205,232.6609737746057,0
326.2792901753898,495.70046919900034,230.1204642886293,761.7718108327041,755.3216538662049,629.102422986101,906.0776792161181,722.2142652669432,160.39588027522356,264.42265478621783,476.5153791257034,309.3486126033256,396.24723355880974,474.54905983419513,783.7535006335206,543.7955331831785,837.728037940304,608.0084510620172,7.482989006635354,987.6955474741101,1
146.82576330241682,395.59359328390354,19.371744285782366,524.9750183084356,677.7185422995015,287.84604355389456,928.4442600484083,149.95566404207204,948.5746151955013,786.2148968742156,152.18753404353646,102.97760943119228,66.14527913271418,577.9807724478065,250.86707464718282,971.1725416144159,115.3682809758001,807.709259082693,375.56424937966125,14.439376488238231,0
736.0431423479413,587.4545654429705,229.6454101239338,355.50729090086355,150.05347620225916,134.6814659415081,569.4468205603906,539.4612676520939,203.22331610268452,297.392966151931,995.8395758361014,353.0872785139022,487.4592936383918,159.3708877050446,24.593301523855416,612.1145630203598,241.13611924541078,743.1538094580915,231.34249953179753,368.7858470081001,1
647.474059012068,691.4728464473595,343.9301423655482,727.0206448717695,562.6312659044186,815.055862789727,757.3874990326407,821.6212533604369,264.3942427687168,81.28439146759337,2.812551520409712,330.33362235389194,413.9199263420287,265.39132087335395,160.11740479704463,427.2251780958152,305.57263445252335,32.01533000721257,836.976288721254,519.7501794293687,1
175.09702146990514,330.02263134626895,576.0362248581363,96.94882382631931,519.564188152458,736.5814395043399,164.09385845946545,508.92494503299446,896.3113327642235,703.6004167140414,447.1068587102412,25.31212261224813,931.0125246183989,981.7553365496433,783.9432355037204,229.28147222424812,582.650190561216,803.9168454503832,531.3415422100592,970.0868520401764,0
596.4878440757992,5.8479250301192165,297.23802476127236,995.7180749798918,980.8609807648452,922.8839284964562,205.59593449182324,254.13046316665233,605.2051055162001,34.73055653946011,891.0605649171966,489.8222615232948,730.9845269517123,613.4878925214659,360.88079610149083,902.9331723134903,244.45973057686965,512.2870523124959,420.7244342077979,718.4302198363949,0
707.3309247288844,451.2034531745492,330.47451540521956,208.56514699552275,46.81564648671388,440.09697413223114,2.770748876713802,353.0798274220165,968.5130993843479,652.4962980553232,413.7568934380461,944.4241982557472,995.1681758729683,776.636377481194,304.2397340418901,885.8612863097111,790.9105986787007,649.3130264925034,468.80112086779144,269.46451906515,1
297.7569971881666,518.0289665059054,504.683425393876,452.49482718836254,795.5213585833317,249.41571170767384,123.28464345199674,171.41276944752937,619.9604974189209,31.969913587696965,311.7150384543016,170.55620089983702,26.907581698274118,943.3659907014797,363.9637918631465,900.9934360338452,481.5415649064567,970.0697870642667,139.09511609358006,371.1474992270587,0
248.5928204408324,748.9674795633754,243.06890538379798,559.6461462073919,189.02526218794645,66.77775095460781,889.608606372896,771.5845363074347,793.848718217989,997.121587650704,850.7454516695237,69.82085060115317,282.7280117148413,413.36003731187463,948.877164322442,20.747392613451932,738.6301517627617,65.75557155380474,172.47323813879058,245.80166888309486,1
444.74043714810307,904.304434641728,858.1876150755755,316.3504979290923,984.6100205746177,61.187485192412794,58.962669498860535,481.01590814310316,340.29872431226306,869.7357673962143,25.413577504813656,883.479869319154,282.55647818865447,790.1812238297766,16.330704341615878,914.861297426152,826.8821856704676,583.2282528350412,832.2303066890802,801.7838808590652,0
854.9521188970623,683.6155903391427,969.9867295065877,577.4635763581733,697.6785058831593,475.5020708130303,987.8809744283459,22.362015993479645,737.4262266396187,242.41191117977644,673.2472313435854,176.32377025783364,342.3572737646009,686.7979521633134,408.8561835792622,664.4069924690609,646.0420034239287,114.25213130858825,693.765956621105,278.67033316705005,0
424.7564353402511,513.2769494305846,379.44921839468515,263.8888968828667,162.2587283243363,626.7091299254464,755.211115350371,191.19268501162867,603.4436706964691,131.3314484698821,644.1469568223648,298.4451617015306,358.4759010506842,671.0105392537737,463.93659772497887,449.4919496752663,303.4424928631851,813.164218907417,303.71618051761726,648.4482494698619,1
59.475462002917865,910.4349323822396,966.250385435167,183.2431855656359,441.2783051322921,107.74521421621586,413.8518076658793,868.1467171736691,593.6157201614208,137.48665237855852,969.5049914649034,557.4072027648427,74.35129993134592,365.62058178437815,145.76823777150483,883.1562317326019,391.55752041031354,499.68341715154565,840.3182352087531,567.6871753712005,1
48.51464328132637,74.43408208120428,173.59909503133298,674.6127953751853,617.3551011499283,357.69895547161445,313.0958016023563,80.17046156632234,69.66277452294645,635.071708667715,795.133914834749,502.2950221932507,688.7652913594874,447.5114169522752,54.36486116162953,2.3173082760210573,801.3629851642854,867.126467808825,983.7123515162453,307.4889894684516,1
733.6904439558373,740.1799380491027,665.57761091001,820.6820067670512,955.5110303843952,201.69374260171236,728.2764762437984,413.3481714848183,827.2764095600259,912.4540391159076,941.3706449534741,756.773421836036,919.5478578556326,118.03901593651945,93.90567110333015,416.84530028358046,720.1959209978202,806.9608192177644,837.01557257364,131.5596738140966,0
684.030645862272,554.1319269907252,167.12673390806242,474.43027215502707,775.1341800250992,165.20153062901966,894.9914401688484,164.28073172604783,81.74008734244254,363.31375931334134,778.3149018875988,775.112152848402,864.9512574021945,179.5939124264615,217.96563994304142,205.90676894672123,207.2508461245155,422.5651886229077,995.0205670598874,677.3457945122148,1
340.02181112414274,960.0032591801155,562.3353630201824,38.77964112324661,73.4110565112216,554.0198440241105,194.22914773024547,269.12364178609914,372.6920891125626,596.5168189934038,931.1811799641132,88.1657184196053,923.0416559880869,430.21561871150215,310.83973544042243,288.63364880493356,356.7290443841551,420.2960727565671,396.3328163675933,846.6313742088406,1
339.0290642298579,239.7099013928271,931.807952542835,778.5926475138547,28.28327229810379,555.555847004599,626.6789603191016,148.11129935931822,332.8171248852256,180.8515939159162,85.30880103197136,512.3216463700508,73.50610496366694,460.9706590054883,478.20798458825055,596.8266141821834,854.6389685055564,26.613926932310683,178.2386677946558,667.7602742557743,1
427.85475219971204,179.73767329654945,189.731261495823,187.42611441049607,920.7553400871989,380.85026569460933,575.7449979056724,571.4948980937502,755.1172332463393,481.95158002679796,386.0200906343868,713.566434433794,325.0361323813025,98.17495029101686,997.5099312565491,932.9454292533649,456.79684924261477,722.7628795232623,817.1156611338728,380.8306411814468,0
181.1259103856646,159.46546837044608,877.6244543271317,990.0532203038736,448.8041935491889,979.2814861350978,473.6407666302326,452.7202780479238,268.5488311065151,567.4664114000173,390.5678600694997,867.1029005564895,951.7088820269637,713.4084047142461,437.6714079388809,366.013184840549,971.4372780977508,679.8693914892724,626.7509939326438,0.5776374550090502,1
985.5769009696002,337.8614996659507,502.44308641660393,165.31049256553976,965.2079791161021,882.5422459401617,395.85119277605895,797.284613885853,997.0890641234827,871.1001569924656,102.74921173969909,79.55774574207675,345.25513984349755,488.8184039467476,233.25509692473202,158.3446107089098,231.73442230594088,957.7618542619915,809.6768073887063,155.2422998952926,0
429.5726882772104,844.1080356682957,273.18363274386303,521.4347154311446,288.5612402824016,928.8571930143148,511.2498868945886,307.8947983590322,737.2995261962511,235.90345277532697,256.0437615468484,925.8651527310799,891.2035315717926,175.316486272419,99.66153282571088,879.7804583277994,431.79668104187084,770.2878882758381,348.9584294627953,61.84241255335032,1
123.4252346467416,465.8415973790051,744.2821225003767,911.8790013015179,310.62738146742396,421.43576748354053,712.8749469720249,690.9667335764789,781.2398307781732,748.3062259386268,528.0848017094769,756.8118877536388,447.09950645969457,780.0729318643025,460.1883156062394,110.8306683629301,809.5969693893074,158.14965467124287,543.8535826555452,733.1598962164328,1
630.1988003373424,560.8475304829407,976.7861935986917,263.8254602751298,501.16023787615893,743.1357129018018,980.6435306754819,236.57329194997402,33.99906559712485,807.762523922025,645.1874257097633,446.6815829203834,913.1338451853167,977.9948174251713,373.0129834567142,422.937360219934,560.4348469814705,386.1442887478627,444.2012304821593,235.55471541855587,1
835.0746402809663,445.4757412497351,904.8633170944607,821.3828345169986,496.52737438219697,201.0310498905029,14.523083444499818,279.6105601525409,811.0893334924618,554.1271758293593,770.1358581068217,99.14128132093391,754.1355032423852,986.4188841774588,26.185108954752234,133.480042503479,854.2877236032172,381.50788975633367,321.5671568936649,849.5978256063751,1
880.630830534899,992.6402730703492,250.5788273321794,578.9415163368271,98.9124103067941,504.21206744906755,838.2871450491256,332.8208152683118,512.4137323761472,666.2373727161137,71.47782035065087,288.22823619439765,367.247518453371,915.9309791679524,695.659282006979,622.5325551029381,240.2425742070886,853.7774097742677,226.0397003655038,769.9538004241888,1
273.0048928041042,947.6862460733997,53.574164370921665,112.01575011019538,893.1143938634726,165.39384116595346,586.3366537040758,359.08010874940044,577.7312131999626,613.6732382708351,474.16667946547784,496.99267916550195,737.4074320807686,182.7230417798198,700.4510887969624,31.252989712481693,788.5198501833926,405.9230831928623,682.7914284985695,149.0275490012607,0
962.1033740169977,922.2547882344182,875.6421548342776,815.9247159264688,750.6071387811165,20.524306804442283,469.0282597810054,208.8387648348118,73.6723675844505,697.0058280722898,992.668739765081,972.5278401574735,392.0653640371109,229.24336129666744,603.1535292704165,135.6803832328658,817.909254887403,895.6405777773818,612.4785975500688,883.4924749526499,0
202.17301160497092,877.9349794018783,319.881780682431,511.5462850533905,922.1274273652253,504.5189261469879,800.936069770197,214.44935545485166,47.66434573632728,943.5438943348082,919.1399430845279,784.4055943319436,496.1705560751178,231.1902853451795,40.70577229022021,857.4825809671444,896.1512329288109,241.8412969325583,655.8627092647419,505.4096609302778,0
491.6935232753767,482.2555932676692,512.5523090689886,65.70745074369111,225.1653173187861,236.08165157353767,401.39409221154574,386.5354106996204,981.1361770668093,925.5242934651721,697.6638337023896,370.23314466850957,563.6547159482558,478.92668504395186,369.5535892957155,854.6662647152386,773.4673001437225,713.9206756103273,371.48797613635156,403.57316722551485,1
360.5528594141734,688.0946795002404,736.2943261090315,808.5973389888328,566.819857478184,297.1661039084125,801.1054827012936,622.2031747979067,963.2432450602926,372.9483145944933,163.50754558004698,837.8232829470992,1.7878820632414305,159.73703539256866,609.0128118727164,690.5607136732983,252.66316930236232,33.12869607044233,554.2550737421221,779.3068339554351,0
991.4096347769811,310.41752911441836,306.2512981978387,707.0437683198005,785.547436854187,287.3648124175099,110.33763149996545,250.74927020111747,250.11791916201065,513.1286544692645,193.35731373494357,74.42891271175878,965.3642931453571,606.404251100246,17.252566436107397,715.0100331386859,181.50760639850617,395.32526748891274,548.917407110031,732.610606248125,1
963.14424480234,251.1760419772331,39.86997498434286,200.12209895789323,329.4816300450689,217.16221068881413,422.45933925349885,427.76563997854777,948.2839356849167,949.9514127496378,437.54998801276844,363.43500097520007,884.1439360916326,700.9839662295134,887.4009969706431,423.17950129271185,21.768158366012425,298.63652609502145,201.1853568186116,621.0141096308273,1
590.2588005119278,110.31008738824588,801.351455944445,681.0799845311874,414.07986699310504,438.3246201930772,467.30143023137396,683.25979134323,486.93281958023636,901.3491906541386,627.4789879248193,362.23702182229124,777.1254559696565,579.7105667885047,188.52050871697966,663.9115016066359,896.321420917466,461.3457948310613,579.0716600235074,74.26842333647654,1
56.09424637955196,256.11458545546293,950.4007602277521,105.31902171632213,317.83670080723005,657.9947563951273,892.9070550196633,958.9475458191407,640.7358960821443,44.95733915545941,439.6421364120915,898.5412897256116,306.9038827846815,5.704777423140794,923.7976898483168,890.5897329892869,728.2520040083353,166.70107626615592,717.9016801184277,125.4241546858157,1
248.83266019977845,24.098967978125053,215.1949331091,887.1494272964368,746.7256968864291,676.9680143605004,601.7664220880995,218.47720214378953,86.71213412031109,253.4015980394989,858.7044178700448,516.4748236246714,70.33549819135987,283.9642619380943,451.1663582865575,176.04215994043537,107.07363113280299,489.5799885486988,875.7320413272762,231.4302756169333,1
434.58353193744495,797.9095122812397,565.2384194174521,631.0274519373826,714.9259388703607,814.3406425552877,53.4254807367448,570.8573676271126,86.87311403215115,159.88246936451466,51.48834703187399,175.06359067039733,873.5519917673786,169.24632762743562,21.57000578956614,254.15201891406002,769.2968475714847,529.8515086876085,544.422753407547,660.4789629793617,1
313.22993875277604,789.4647308137106,493.188994038075,308.53217811412594,262.1545205599182,982.8212469994768,786.9541040520186,555.9657350475829,513.2959522304933,607.205474173405,24.24756511626036,83.40240207797866,648.273589593691,672.8329285055129,889.3127283849192,615.858785296706,742.5616412009806,565.3557207633693,401.71870956332987,456.3981959648843,1
953.7516234666251,932.5529959590491,883.094728757007,572.9576883579853,213.9911826848331,78.48306461910425,909.8922623705513,102.9244348117555,355.66650944402056,813.1166888797254,206.33618481214666,797.3473655002705,237.18301649895002,784.62036253681,711.5507706111654,286.1624109915599,337.2853301185331,362.61805011412616,577.6089323820671,906.5975644490908,1
546.2087901346777,416.3948135615645,391.0410516546755,175.378391938408,669.9286627429831,495.8797263983905,895.133964614164,516.015573819251,955.7461437054816,440.2211636560944,515.5808087121136,182.39690829016186,789.214490969246,28.631122016422815,179.13169389203253,315.17093958888745,839.1983021814531,611.135700540963,307.2102902082596,914.9556502008913,0
831.5223716452801,30.916708115407253,242.14493202031173,697.2276742676411,870.3676594816118,742.1657135322928,883.8280959899381,125.77712477198,7.995048052643616,441.1775940115123,63.59965812923374,662.1120805533018,915.7406289402225,418.93350060942845,579.3336032499931,387.69488656154783,164.26995009319035,117.7581857500345,715.8908903003895,904.3126792214213,1
365.08519342684474,135.7628753403488,829.3581213786058,262.2349877631981,767.384961962525,652.3156064581678,310.0998574707071,511.3386980506254,369.7000494762982,125.36283979931795,224.15750796735557,571.8948949401555,780.107492778592,91.20833934214356,198.75971471989862,11.475489416514773,983.9985920720688,106.51782440490953,379.944018551887,55.46120997735093,1
500.9578669794609,632.3537550506336,524.1681096539824,677.9304418326977,215.49656045221843,914.445698511479,768.0913929091881,189.62917346855312,452.9278876400065,20.004378252334032,829.0614558411542,896.2279929796666,523.7642866658733,359.0457857282646,799.4047683654474,354.43482002954596,46.80379407809221,664.4527523125505,406.4506766223832,997.0412203961679,1
513.7708889065948,116.04605782585153,783.8597908938262,959.9610471274293,120.95305138412994,320.8647457704239,485.2474206614269,707.0763884156896,703.2339106707104,624.2464976921866,863.8112711991521,736.438853496096,23.161539235890483,969.6105916038522,828.6054488992605,674.5922777697818,783.7873417066857,825.4767501219812,49.69262168189537,635.2696223481676,1
141.31961083798373,257.51637973635235,820.3657938194137,548.0949774095565,300.7502328105278,191.29674143752072,478.2708872040556,106.04726408731734,383.9348178101696,857.5220486655465,370.8533676651372,516.9884419768292,948.9080726226001,362.65832415371625,278.156034506742,416.3139727857136,388.72122791031626,960.2013530305444,13.728287536661776,150.80720223581133,1
783.5069531527414,2.697374007186726,437.00832192764705,696.4619048617101,56.60715188330268,317.5572145529663,278.96129777004296,512.1058535920176,622.5179243646392,761.5113244405653,96.7477709593082,243.26941929391964,758.6462554351865,872.8522677391751,323.6394662041443,58.32517586213448,138.01054509815503,791.478696123934,131.82273504980668,214.71765167520417,1
190.70244446670992,414.0170023894696,641.7358856664848,137.45098538742596,471.89890587304683,928.4457629243694,495.06911729911616,488.08498390436085,732.9837500816567,556.621405772073,442.04794508311153,841.6681330054606,140.9795887173938,206.0023305529487,988.1060621962112,263.9587345532426,77.79703722869824,164.23156203908152,944.4570900109957,184.28164108244084,1
531.8770060876122,733.8556100138562,25.69029383145438,282.3373854509538,735.3641798794444,273.9831788028364,354.79404892849277,560.2093775881945,801.3240673293618,314.175683819796,162.89020103342133,26.96091507146403,274.22461352850746,667.477852334881,912.9936036020866,503.03244927488777,146.9936779614328,619.8148245386847,96.53205152384837,129.82285254463653,0
138.9598836578464,926.3407012947033,619.8555786452358,8.20392567466033,930.2927020765497,389.49712608459964,166.45652614968287,677.0211066501956,512.796650738966,627.041375801144,441.1861456545723,220.44261313301095,5.364973059391542,660.4799709778608,482.35058384112284,427.9893335799564,619.3139734296896,498.912172561473,916.7175942397754,730.6016940367676,0
928.1507668077653,233.1166257270987,622.4308122060388,906.894056640984,768.294099914814,389.26810601663544,741.0579143530216,583.9139779919012,296.99925746386947,737.487098949015,99.02011027402835,97.92698404358168,195.81478622366723,151.03267225187943,870.7343527592088,230.0874837433705,972.119036457137,44.75479583907871,73.98577595172407,420.58021958690625,1
622.7776348808048,631.9837674096622,112.20477959774333,529.4634490682281,183.1387074802725,242.64417334976196,248.13804354640834,269.86854691802176,867.7930065372756,803.69757519518,154.37446949962995,684.7422509277964,230.27646681348057,16.422665264974935,65.6842261517685,751.7481434390492,677.2242921273246,529.8091354511625,129.93249297963604,800.5514195731475,1
509.79628433667136,575.5581642538148,818.3788960856864,302.0164855242002,312.2611008373427,102.77643735034691,333.9157629228008,813.6564403760107,624.2034410640787,264.45149047117786,274.3854170859612,650.7245370517735,846.9972966022141,409.16474508684297,0.9013580280561317,947.0164500382026,882.9526492717913,630.7489230221565,41.340679780915266,449.4014889636475,1
293.6647659659234,84.59011016053265,406.6790302970322,508.4710617013355,508.5454172669511,280.50360911658436,246.89194712561357,814.4882766207555,109.48921533100008,529.286065901697,556.4340443487092,177.4909851716342,22.481913177109124,502.7514522523,539.7001745368843,155.903042346083,4.5086787119442695,520.8627486268819,18.044234371467738,416.88023008030416,1
769.9499949118734,844.4984375887223,582.9105118824237,604.2351304373773,139.1841602183631,504.3062681977606,239.85822402192392,825.075092272226,385.1250739639118,625.7901025337549,758.9503678298952,437.5663077251367,933.3063466823444,528.3755979799412,272.9657716759233,858.3862603812114,668.9959903167437,12.906643109601434,258.0308125020817,757.7224074174059,1
661.4190125259781,478.75383780966564,950.9320953463008,340.22047651126417,698.3897354124485,351.0452170773947,269.0576676670764,211.47686800022657,89.72915532262027,126.13998805828497,176.9434533447757,298.7869035209533,957.6290471083581,156.75268572059787,442.2169717335499,193.7147676980233,424.14213338192496,30.718358670880242,273.16347059233084,252.65130269726643,1
532.7934254251032,11.429187666245234,492.3313851189325,88.33886682738112,869.5923950042541,425.4868776152736,764.3280797642216,832.4773445297499,315.70378949804723,805.6034887909566,545.9493264434465,815.1732626911878,800.0249341635468,158.2087106717387,655.552304414396,408.1548525551646,28.49736147210702,233.77937114791047,211.02993528963276,552.5857182647289,1
356.5828972802806,177.3063455071019,788.0202474042767,163.18331882881353,743.3493084921961,711.099861980606,173.89513985431248,696.8106265432573,690.2878635511894,673.6224620100597,961.4968086840703,930.6467518166961,446.1297201041928,313.53546147899993,113.39859592653667,327.2790148251028,649.5235302333948,834.6279917338121,146.91819200064793,520.0851916688557,0
156.6665171892908,874.355602085783,912.6914798500626,84.73394319848315,80.35687613474174,835.373284544079,437.19687826616826,361.13970205318157,983.4084495140614,906.5067420160697,240.6209683984033,261.4800119333931,924.3847476244997,930.8362910820251,441.1753796837051,418.70195557917845,783.402864306025,129.73299728195443,311.10665136107986,79.36324807546491,1
157.18364551512443,138.07647363412678,327.73560182062624,753.8478746573295,929.932672591583,195.076702823472,177.2929019706343,546.9880624510874,668.4372630547638,773.0992034736378,541.0112214251949,895.3937361657048,165.2744765235705,465.7963853057465,133.53323694150365,981.228018121451,986.8750587737229,625.5164748617574,809.7755819967947,569.7977422085931,0
957.4196446137817,772.0870425105884,520.9744724304027,466.610216478096,699.911519291799,149.47113847336,419.4486666027822,84.10884102618698,403.62722128696436,913.0952004813732,504.5523700756478,731.572328260257,89.57295499171403,45.133419319386746,213.51406993605192,798.3424032653996,218.2273572616209,145.29398215485577,734.3819073262725,570.4529853484812,1
162.75082234735626,508.22595166854524,233.19419227749938,380.5671416148868,524.8990059220939,972.2655124764577,382.70652000707196,150.64438755045606,669.7045255536514,846.7761925949727,821.9873781028573,255.25106046625646,899.8625159149817,134.17531816481466,134.6767933964521,760.6039235653166,714.4637199614198,521.1184075725048,698.8578141291347,285.134039485737,1
941.8564263446067,402.19015144202274,771.6884266306283,886.4711670354408,510.095171244379,2.9455256881345537,771.7827713092937,952.0699615905022,224.55722184888427,984.3371313476425,55.06468585227997,729.2837174484453,914.8123995161349,956.641662331399,35.82665616126035,927.3592627788273,739.3830801142769,853.0257692883351,585.5094070921059,226.34216662740747,1
655.0406450243988,726.7592715074748,277.20042215864913,525.7811161697839,808.9928489419589,776.0259912467446,367.89166064890264,702.6396778327967,881.1553520847891,855.3779479251256,77.68105637464629,313.62807733267107,261.0300572157921,462.62349460272367,193.4282766150226,166.00366441903878,757.6098717940409,438.3806966837128,248.94992343751164,147.7164108212423,0
342.75523124720274,806.3333868008283,617.8760563412369,819.3251595343372,795.4495230082323,991.5469132170393,35.662678994652474,705.9291210333867,200.1537144127443,233.4382567282054,78.94579309494564,756.3623810158858,45.04190609204206,564.8330176997241,183.92862636715867,765.7242559094609,323.86836220605653,65.86454755904214,935.1755505853241,234.85917700070448,1
416.21242711888027,180.0132864885744,206.76728880696305,455.3103296047013,46.493298524581725,9.152760981840924,589.7874798615876,367.1620212117993,953.4387391744956,960.1535384808307,7.51619844793272,610.3559830151107,261.92082780458605,74.89064586558092,733.0817087395029,402.3228386266325,275.16953266902334,471.7452058726147,161.15342357288952,659.5417667137621,1
335.33901053583816,947.8708659464498,612.0627197440638,806.7440971797329,951.4023408716665,88.81432020940083,788.1932819317223,419.223929643196,484.2698359745514,578.2125696475032,618.0556649450266,846.8244550949474,190.44648023612086,609.9146798965719,701.482571711022,359.9579692110395,125.15353133108864,903.848238032397,52.431671454194806,623.1089835589789,0
589.9770827873233,632.4785242158664,938.6294768903905,969.2720664004852,221.30037736412655,709.4670829923356,796.0491756529012,497.96366300697514,699.2076003486437,22.85289278288749,438.11675344475566,420.83854711488146,763.578590769473,284.437406775428,919.5989175817989,705.8748145063495,734.7252155895126,934.5044292782688,514.0260446714325,504.69929182922266,1
12.211004000067138,87.13302945697643,792.0332119756255,605.186534994436,745.8975325633365,434.06318416016563,158.75963688155713,110.65788562802791,933.1190614834886,738.1202731705616,144.03186823374193,287.16345358799225,174.38921326922775,319.7628440642378,618.7630683928603,418.13713559005737,834.8529393232602,58.93317191962333,34.464346368949236,787.7595542860503,0
837.9733662514894,654.5682859869994,230.16487155072429,599.4342325566878,86.57569241480256,522.0742223908485,446.37086800923487,75.38557407936864,752.3542059265168,925.461097518723,129.65684698572866,870.7870223784495,64.88094604594441,721.8672469163059,837.0424416533483,511.8893142207671,810.6301353020472,934.2234647519915,550.5334018444356,598.1343107860059,1
922.5431547574252,283.0964860344033,721.3939737447766,711.5143164326041,665.4584897821862,663.053506046779,247.14496481519532,896.7942041574073,621.7593611602053,328.39224031716054,194.63133489327322,726.4632226317951,19.467536380189053,530.8098301280373,205.34026415593908,914.7033526054703,716.8112801426156,446.7094174064976,610.5417452109461,484.0658758473927,0
67.65787990485339,422.28620880075164,616.8656459681542,506.6109095406517,947.2146101577744,370.8770475763077,532.6950755296053,374.9743539116214,884.2622494871009,914.3878579244465,473.6777721744763,188.39910666112257,443.8357981619598,805.222300959792,370.2745785517145,914.6309521578389,803.8260429055643,132.29447481674217,533.2192773025473,870.5881780006237,0
934.5769750801413,113.61080717634198,102.34300614621094,491.74226813986775,518.3772281815068,255.46431341224752,901.1468595392595,223.68627855609492,700.731412998386,754.6745588554758,30.077042173087264,49.49208812448802,611.5940869617922,109.99376330677212,175.06231146996544,857.4329108272635,459.6315801856474,387.30120378423584,929.9990618198141,441.43631101262906,1
209.42389485652845,433.47966708450423,488.23956277875556,817.1214484345486,827.6186658955756,202.248927371386,437.60192019859835,940.774314566288,207.23297972952636,199.82202055844135,414.52657672987834,919.000657447672,318.8395704335759,544.7024182626045,222.73407300669123,146.6687943813003,326.7728779997381,456.45972971812654,749.3898820967582,423.8552946597272,1
791.3561601743804,920.692738422588,93.68838645189237,703.4163553171132,262.5112611182144,371.83743176417505,92.08645931035664,599.4615008724398,855.8039559270322,323.03576226687915,701.9000869308794,813.7584044281291,425.17919329644513,288.7212245672871,131.6910796896038,926.8094438764402,318.4234976602739,670.3587726758205,482.3019106409544,844.2761129795177,1
328.08085244514075,845.7713743975459,911.8095022730377,841.6594852049986,326.1474804499538,301.231262275778,427.52647929187737,783.8758199256716,651.1893174155834,254.02203333758067,466.39656553170374,237.716570944967,810.9038743512847,867.3843930294387,344.0882768517789,954.0558216670215,508.3655435950044,396.7938429721074,37.224838362523435,333.46686503740443,1
855.0972598024316,719.0467738315252,928.727831893241,30.723514534782836,790.1648122194669,533.8544178184441,943.5606576802868,755.2282363335721,517.3762358370641,654.0669996143022,962.5161424580442,86.6143755693175,205.00474394670366,413.64995779540857,304.9749419818927,557.0599630261403,601.3575265307618,678.1827237426354,9.769783358964945,866.7848937096605,0
191.25235896684688,87.8217077559219,810.3684216674363,222.18939274054517,271.9189191669259,317.94608096907626,225.61276804996078,685.7546275644248,179.01684429729147,871.893224487559,548.0891001795762,771.6868601732156,910.3541879566117,911.7704437815261,610.5807240877195,706.7460074845435,256.53519211207686,336.58251019505747,499.0394940580519,343.8262903989129,1
483.5693114980975,446.5323186433552,474.090867705696,405.1246606273803,204.38991988005327,709.0094479721951,224.4846182207658,172.96223358744712,228.25312309022817,538.3178773285729,29.95034450309708,659.9533275079508,304.26223379744977,294.8039539012751,660.595763291925,777.9402741577231,134.3765392323214,651.1520910795409,14.22420582024464,992.7453888124938,1
210.7913790004504,413.99880377469964,443.066893716477,305.4940520750621,846.761397139847,993.8211144918511,170.4372651479874,116.92387201966636,240.13776805254093,368.6787628393554,0.29880975519069874,367.56485576597345,573.7623599246865,185.36231146382244,275.08025827144013,427.37938156283906,443.6133715450659,561.471147183588,130.64905507877145,549.1250158269661,0
692.6469669420944,999.5889425570699,500.08722731828834,956.1061280334029,441.1623608114393,893.7256900276424,725.3339691469579,363.98567360133217,56.414551322849334,296.25181627264874,94.9325187029203,386.3324559670368,753.7086444274059,544.110202118677,546.5805271444613,794.1502759945445,813.5807645515547,765.8615250577874,738.666766186178,380.6361794334904,1
297.7771305157122,518.9583029951958,183.11591725729403,68.9897802254006,181.01129697790796,675.4061724686846,921.9783387076959,658.9153113918225,719.7683458672974,76.72238990722524,352.3818184599231,629.4243230222593,480.98416653444076,311.6321954579223,933.3184190659177,237.26035144667867,677.2329629925702,471.8101967015109,967.6050232446195,1.9602009381090024,1
669.2189913926914,846.3738970372618,776.5264002857205,31.526139340096737,321.0255907018269,483.9724785902104,418.19482120962317,219.19689985210033,41.67208466934969,590.0505055046492,954.9076346657964,517.9142964261034,283.95204073293337,164.6016482515369,945.6432204568288,890.7325332608016,84.06665567803361,824.0462066494775,700.65687402913,309.8272374597079,1
535.6520386013376,351.0030069482567,362.52324976884563,543.6023692557554,811.0365462750126,317.1829804285653,119.88151685792215,898.8211378977413,305.6438478264689,212.49190243911997,841.6759116397669,459.8434392333983,838.9700545505906,988.4921938920285,165.35854028557839,720.101321029592,388.7310044758101,397.94522655448293,365.6258633112092,513.5061518689162,1
740.9787476253807,157.13793004377496,402.50297475694475,205.73894264287085,142.30122566034674,67.16558109081461,920.6548090390163,352.6476714797665,490.97196652263654,207.4603529287472,466.5487204001375,4.7779992822855055,553.1294196440966,270.5600869455558,408.64049269555534,118.48362699449378,722.4648364326958,41.344076214364975,53.197740627540014,872.7193806598185,1
652.4697692799908,419.494007134831,678.9184732466866,494.92203836929707,303.7996470763279,128.56737376828363,401.69321552625325,780.0740034203601,117.07910635588115,62.3613830287566,853.1079497641003,612.2532108125951,154.6681905405104,288.8113137999098,867.3248487074233,355.485751414081,831.434341410135,590.0332643231942,125.30691093256108,262.14248052266345,1
397.70936123843614,188.33258100323013,901.7286314016592,845.9120161235709,795.0751868090789,941.7284518736174,365.24050274302556,83.9880963191194,881.297502577774,824.9851360094956,301.65886313011026,247.1116163657593,858.0304574994209,326.51357599375694,143.43614866632382,269.28548760893943,721.3593310161807,664.2639858110389,189.7502277969042,154.12369040579142,0
434.2587033151171,424.19265054443554,42.978124682872654,93.47655083393957,827.5208730131142,461.08696011670037,1.447024434012123,775.7922120695208,578.976022760891,690.8661538589619,751.9009312625453,139.48737836719295,468.9905700275561,233.6430164580856,475.1022554666976,170.15797769113829,892.5962824726338,831.4665264570696,592.0575681786654,559.1381524596179,0
954.7909215181937,675.7871459875122,420.7269802930754,315.0506842415719,636.5055055339855,682.4768842026219,822.3552535332894,963.4721095387939,682.3837960355726,882.5853679219919,440.52392283748543,759.8632735827629,92.11151012048968,815.5002463221592,111.0957545068304,151.22849133120087,577.7414505035284,491.7228240494588,633.3644413278855,137.76948922811738,0
774.3540330417658,407.53878321004146,775.4787422856862,954.4666811253417,143.1147247283916,208.14134140316597,866.7652996472701,289.73594047273986,337.54936161201346,386.6971442383942,76.51265624369063,297.21122181683944,179.35900395474957,820.5634973942769,614.8668128648982,77.30658733802687,869.5508803811729,633.2300884076844,298.88620051751826,496.78016307795224,1
925.8611361611933,37.39198059759763,240.01958928431466,76.96569087343053,931.5088710126461,308.40114043814117,848.6978478611344,370.92454940250616,801.457335674625,410.87507897962416,430.54718040871455,465.8394325165791,552.8068134862946,479.7242120501161,259.374246944254,84.91400634371882,61.808099442422716,652.3613565568276,892.0044764411764,885.076797757449,0
595.2968748237009,986.7985520524119,567.3722359714404,619.4618342951703,930.4671529069941,632.1747886112178,196.72292428068383,637.9102104119874,311.4102134667769,777.7116318304339,541.8207920263674,936.9007360355274,725.6945136286795,639.4682132789965,145.05374547004647,986.2912703530194,184.38447824885128,796.7516471309589,859.1467450608002,224.09557617305907,0
77.72609727391166,72.99176945784968,194.72656009047074,172.03138612030844,148.98249787497542,929.3390990847023,66.16077673096588,309.82574525708037,167.75981216516445,793.9051276544807,74.0033602945721,514.6415148996513,573.1352424801291,320.08820207282906,302.74337214998917,818.5575256512559,635.6945539708156,907.2278199977977,0.11425193750191909,47.75019851259654,1
53.37423180969547,870.9524494524712,669.2212242197555,314.89547555033084,490.2227438579703,327.46309697892383,222.19275861882593,657.136658590418,404.2944047806356,728.3635578240169,430.6827533687394,837.2648027495284,958.7330647661842,863.8346776753172,425.98486200078145,944.9946832833524,519.295688287635,623.6105660314205,56.585552379490586,903.6121974371524,1
699.2001383066569,787.2697128319699,85.20572511123059,137.53651820750702,69.97167099926038,727.715726448845,856.8578754471183,638.6397625986166,695.9385107221673,831.5226486582942,930.5016585749395,402.0942388112513,485.8775329136832,113.05827900965393,450.94136419779863,354.94370550673716,125.48570206062793,133.95452234780737,202.86984057378265,464.8814895313762,1
680.9415365023402,276.1382176763891,816.7751164451989,645.1948001948917,654.2503974800627,778.9929324847136,328.90428728780654,973.4304991747193,65.84803975416642,3.9503334600418105,647.4535823294979,888.0039459188521,359.33951913494246,620.398264309811,872.6170900770377,443.961069665865,541.2447177581927,912.6159623736122,881.7056860845885,362.23719697213454,1
136.4203071239386,451.01657801859994,401.12312652628566,826.1577823699266,241.7837628447339,532.9524294359808,768.6048305317398,997.8598701315179,517.0842343757704,407.7323925800072,444.83867332737594,540.9825985790227,828.4852556048979,218.93142569127122,976.247851644256,854.7940440737594,187.56730830880198,48.231188840227254,26.78178909325424,899.8158846301961,1
3.1128809341607333,228.41835783152098,678.4901714428613,960.3395996869684,100.27505255530689,495.19903445621395,689.7104504292948,716.0519751826802,370.24563073037166,521.9099711431523,872.0193448258568,999.8360454174776,494.85094133252227,742.8380969571263,673.6495510230415,548.7239097185119,482.9231966730032,820.5792419466961,666.1504389518391,793.2266441191724,1
622.0190529834234,57.29253067956708,415.2904739859403,404.6481670233898,35.99977323889547,693.3944975127016,791.2684525928523,543.7805632267728,714.8392673307159,331.95339352172124,714.7460096870141,520.6665852514092,43.71182794641471,714.857733943231,551.6366121062703,494.27865514407233,313.80652830520773,928.1837122453051,285.8914574511907,533.4556140444894,1
94.24825825098249,142.39219038623807,211.74661749982914,874.3702014926042,277.7496724364945,897.7461623119659,489.46344151041524,489.01115623477665,227.40921808745605,361.53508022130785,265.2013812478258,698.2876674443617,352.74117742484646,947.7092563548891,40.35709213750871,5.6984884593686,517.8365718264556,769.7003081179308,124.62778517622108,578.9499876099893,1
873.4950966736785,711.010635093028,932.8482681930068,434.42055671521297,423.6738774669591,130.15465827398853,221.01193488493763,875.3964639029457,642.612356556781,771.278432577666,193.81343096989946,297.66438380602654,61.1916976933935,497.8129251515156,168.51209288134373,383.8063131215115,594.6070412499674,914.7819254086019,885.3672484826878,643.3224561444292,1
29.40832447624764,771.4587256959785,502.56272127362865,366.4269105712103,913.6979847874401,357.23944742798597,813.518199834828,803.0581538778716,388.61417676214984,578.0205018392551,695.8984704537421,330.20585952585554,378.4650158226912,718.3807103577012,683.7136599699562,735.5410860333066,384.65201017597286,237.4812064536863,412.6234040667257,976.956850524944,0
564.0436508099359,689.1352518288736,286.95862772771875,797.3263570431799,909.3476829624466,872.7075473230209,360.9816966336873,218.4207739239472,600.8665102385112,576.9309317907905,172.34029762504878,15.12883932667297,904.9288097847367,819.5637479978078,431.1648389988034,82.46294098167462,532.2342597615949,438.1547645223648,660.1937620177189,276.6387666377148,0
348.49304039329974,647.4624641857811,732.3638456304037,221.32891260327682,396.62456700070095,772.0991131683581,617.2338374045071,149.96887998283935,339.01247172062585,685.3604600440304,44.87696210633663,930.7827402740888,752.3301057658838,329.7409326453049,86.49865745692931,828.2501716240124,94.60518954711183,599.8949621962199,797.5498343765432,55.074569625989554,1
845.0107761269454,12.285160272091922,971.8449655343632,503.93826636075835,603.8699592950835,860.5922941621888,986.6731563316027,166.61624266587927,69.78835740328526,881.2889704767724,253.98660145513685,498.077372420473,799.5924413884635,815.669550639745,544.5889909334605,992.7252371418159,943.5369384887899,221.95296839370272,893.2071705604052,550.1407434359137,1
180.542249420349,401.4413612538839,346.6946500692547,862.4397446536191,889.3790990247514,240.57126482625068,365.010801950394,27.77126720843748,30.522703306892552,305.72341645828527,119.72571641750407,868.4791255255215,989.9269393739686,317.6767224224258,57.69466517810695,223.25979613943613,680.3818542833583,344.32724958182,643.9834227267664,352.59184387921084,1
356.07567159367494,244.98959203628846,854.2581561715008,325.63122389937683,66.50226255782287,678.3175503894511,663.0667620894006,293.3481675481993,880.8479505526914,42.737124187067764,978.3153834994328,529.3077220078452,67.13564440960373,334.04383833792394,676.434924132498,902.8143250650638,558.9136503348496,854.2077376707663,622.9995479138267,270.0496313659939,1
15.935561602346993,591.7195186264433,490.14249674760066,464.7682697390477,64.57911922674452,609.8087678531472,916.0101136538013,674.1458022905462,100.26858779436554,490.509698911183,797.9575800523064,854.146184070032,302.99945395083773,473.7728788929453,655.2999522475882,255.37218953388063,54.50883591677835,838.4079069334575,285.4881047471066,468.05276001729436,1
584.0760494461764,12.008869791936494,979.2998619328981,198.1816841852776,741.6247969330486,859.891199032023,123.9341509407913,674.1737620207311,422.6244956214764,293.47250378941203,368.5164158812977,616.0585135865381,748.128977564572,937.7774683944722,299.77046511750206,615.122814305348,519.5740332059062,179.11186390614108,374.6363179845065,108.56251600539524,1
530.7064417940719,149.80988950933516,288.9813202932392,616.6487053062345,80.68825985239026,48.174841716704165,752.7035384956872,877.2674338937015,391.8165353322276,535.3542407576256,264.7595509352052,670.9421966569214,102.87815466848127,263.31372768916407,299.5254437558287,265.54159338325,905.2592790254247,913.3739695445059,572.3989044175055,76.57713747448935,1
309.61515893078683,887.360877138434,562.6849179477365,929.6210063253056,320.5738999090082,644.9698448182385,177.0987110194302,878.8122543454397,967.0281579001462,639.377990105182,556.027345334545,927.7047996424928,236.8617808280341,877.3258079033802,74.6947795169144,378.5011491761706,695.4478623924288,772.5027511608853,377.2734216997961,795.7417013576681,0
613.9283673492118,489.4923259010082,318.70553982626546,624.7972182751915,991.432196217206,749.0663084994642,80.67962073914691,155.10104127317692,958.950807389143,280.85456652752936,968.3194317111596,216.05567226606826,217.18309204238807,972.080645617755,673.1722644431612,898.4394618233698,947.5353934210084,67.81350475594483,198.3940067122356,140.4715470276089,0
296.7000337138576,182.11367760126052,256.7197463182137,336.02596468025945,150.8305779432305,338.14614275709596,791.0578704904653,696.7402812799318,77.33433940636247,279.1478660572342,375.58167233458187,938.162832419091,474.5223125388434,518.6389960188044,217.53680467454106,43.28674481257144,462.1624358897624,421.420026162695,860.5786671522146,711.2878384079833,1
474.6248118298825,33.18549183393582,870.3252086218803,222.51881753851666,462.29051177589986,532.2914194515691,549.7636517062958,606.7021082614987,866.8866134481824,221.8093691942179,971.3411716835122,436.16684892306637,856.5093720412824,711.514051810868,671.7047485371629,193.03991179431668,867.5607305893355,95.75812728709975,314.1469342577811,109.7274982508214,1
285.49176576521154,847.9153820464645,852.6881122206838,825.6738087913538,161.87979285335675,520.5021348561871,653.2485133315714,945.3309684636777,451.69167768001586,600.3884620193018,357.3397034967055,835.1236074991264,881.6599511100939,944.656532107353,934.306026119164,81.27554936580073,733.4690838359729,455.9082634489761,918.4182842452564,420.36003333444285,1
99.22462096326134,550.263923665373,82.67654219263876,285.74598956458885,985.5711169033528,988.6122214116084,706.8207776520433,473.78140114114495,5.90082673425163,330.13794999092596,285.45604586944626,556.3576958385497,538.8772281660326,697.2528063023573,694.1518882664709,610.8769125726918,650.6559955019417,118.81163807893802,55.669694681916404,313.39118752270645,1
652.058137022549,37.22854925030672,669.583452164976,754.6725186030304,831.355893335403,579.5826759736784,502.2056528200366,369.48012545233155,812.9856696797915,853.2992195110613,537.2036763618606,796.7290956024284,462.5998249078541,806.0360707244208,802.7420432394504,900.1378380626584,572.7271274785048,934.6945299441843,918.8559543277722,311.0709982166678,0
185.24553242844343,708.575930000047,401.7632438089781,878.4732649533006,10.26369208444411,181.09534866138222,142.93734518530187,70.28977119899227,26.83118632569659,2.5368521026932767,86.78573477809127,29.780631331204567,416.699435312736,503.48721583232026,297.36635800755164,498.63164982741046,92.84388407662547,979.1852657827676,265.34244668926135,767.9350909500804,1
299.533069315392,981.244940714148,214.4525715346962,29.147654554752545,330.6207849890499,56.937228589485024,998.9397795908244,985.9412961568031,251.96803025673609,53.58691577920116,813.8655495010574,930.6376840141593,947.5748322444203,869.1151075058666,509.74299782199284,176.52540248861726,444.64179216594914,161.93871076187006,725.8770494685389,651.7702577927602,1
456.8411022095984,789.8773036788468,674.7402672394096,167.59555815607052,392.3570238433548,695.5967240327348,471.31852071133017,810.5511577122837,967.9339573497409,978.7959298473986,502.63425534697404,411.8055374776011,564.5234277854439,667.020612341899,983.1916018241136,643.6122146577236,791.0778500144311,972.4235577811264,627.730908074708,834.8127140824716,0
449.2599267637507,463.8535433316998,377.31753510265264,155.81030425953523,240.795174127733,963.6328932149584,292.86509151453276,240.967785883758,719.48542732222,617.654551685993,401.4969640194398,343.2743659924247,168.5619307898667,78.5217982336125,52.90206124985508,289.5866636332818,511.08081839540165,491.16839378747835,694.6809117536109,878.5246240906733,1
530.1017398381387,308.80007569626,954.7922806326991,176.72550920566954,633.9380794430521,196.61997748500949,577.0108036927596,982.3689383622427,130.9003275503572,879.501886025755,150.58877983442665,764.6188597436421,383.96537036820365,508.76064276253464,397.2110822421856,920.3381509144223,504.27802085839227,598.0658438899102,537.9331033108758,442.20130147003545,1
233.21990636100608,327.19627330795555,828.4815447288496,489.61488163938503,464.33257782820505,681.2070387886653,935.0507073026675,236.2333124789454,851.4731584793099,837.5442746768775,241.7544525839481,166.61599400660344,957.9441865225347,275.5405390156794,62.310866118246764,142.1048606177592,311.12081512895986,40.164703516124554,371.60671908620503,570.9958902928439,1
781.5626142393623,857.8568001903172,867.4145006752516,932.7510583820947,419.5375008136727,787.6230903125011,629.5223102003492,36.36370929965016,194.23694248019984,209.93215596777748,218.42801916949617,217.3082449493362,322.1892095383173,200.936115269174,244.8587256633572,229.34510520551788,644.7913247631387,292.3192915580743,123.35866408848295,909.8941450190114,1
400.298357459712,978.0547282193004,666.4267481626742,209.7847512994898,128.838660529921,856.2047135450939,291.06364487833326,56.60793153120358,665.3601366650283,18.793652263487502,74.67172781590936,757.4832546224044,286.0242812032647,757.6003617110432,587.5463517667719,64.60727686654243,926.3116873454381,327.8032949636398,712.1554581602005,640.5725659907492,1
385.3573659084278,873.9019369046359,64.800882892747,301.28771733608085,921.5664913296032,199.23282803173325,428.2444683738681,847.5905138784922,256.2431512876209,299.9378747138338,225.88838594322303,731.5377724618245,519.5128792207742,426.63094237119714,886.045271971674,666.9947625583698,127.18393599924593,969.3074667185178,668.7585501565732,826.2680097632465,0
564.9708601017769,976.5389551726606,368.720845256853,451.24918901009914,534.7321526312729,318.9357369048451,518.8950160986702,924.7178642281152,751.5526346623907,201.73652746009384,778.357574481812,84.75189727789333,170.33297572379246,398.9478208725008,635.9563288867607,151.06002246142913,586.5229559375838,579.8072292996395,940.0007341536177,332.6516947279968,0
946.478770837241,284.0506778577359,851.563629548863,662.9132449696258,638.8965932166114,411.9301158617238,108.03214570916641,454.0295132764014,462.36267168105627,599.8162078666253,60.82794298625704,486.0744585277623,887.2084300144471,861.1889528583234,445.942926396625,524.2567079145447,886.675913233325,996.9581049571382,245.5506419792699,556.7946041977033,0
570.9317417683386,552.7351756541176,265.4538606071901,768.5493742207104,591.8202652972128,549.0265287941397,119.55617689453702,785.374258540219,375.96200921087865,639.8801747032469,432.29934941150395,14.380362236119382,860.8220716176153,544.480497057974,133.48803308358848,454.7931342408098,198.55810041612088,904.4182069222242,470.73962242676527,194.54888506782976,1
834.1485212087741,663.5014172911067,242.74764106625835,618.9441251224447,191.81817511082355,775.2891659250588,431.01951456653865,810.2544485951491,91.20016236220818,298.1666893961,462.2952184475966,887.6611139196655,100.85392500034563,998.2794728125443,27.307413434441095,194.8480937081424,520.4634365342322,547.8664452118607,493.79272424810904,141.9614426572461,1
694.3296761699338,754.2583972212022,673.2376295919955,909.7721124498039,387.16791019762695,384.0503693544308,272.42496393704096,808.6932797379426,116.38168995169562,928.2915151600012,947.4654241703267,527.3995460498033,438.41094556295155,438.45774554932126,820.4111662059539,963.9168849327012,194.69671318738824,799.1411753391067,834.9137848404135,404.48873683641165,1
418.1349744030444,14.830011265798637,269.56156563640945,541.1011462342241,551.9712659858629,715.9802410906344,803.5698665328592,359.37992417028784,285.4558225583986,209.6973668116834,439.3621088546748,165.3373298577263,647.8098400084239,97.75259399056768,664.8037326828974,91.80927971959896,805.2578980841813,840.7902079471298,607.9163847664148,968.9545347393499,1
353.94796021967323,439.5855427206912,212.48538651698047,573.0512562556775,432.56633420930035,980.4793206818898,584.5509469901692,7.485301476437001,187.1887968049447,685.0127324185597,849.3884935123599,602.64285523346,966.1336812729085,852.3402351375047,756.5396646275391,683.2519621559032,361.8855386175103,30.164564146276774,550.7782218215847,688.329518295683,1
870.3935776502237,596.3400346519605,438.31722928769125,92.67701060946287,437.16040329575856,971.5789903301452,575.071203955927,758.6161823392226,938.1632408130195,240.47447648227362,263.58793708647875,754.2088168051224,31.49046553237833,325.59694263880937,801.1854021120146,820.7840565966463,181.9804045084581,0.16300618239251108,959.3198726602116,503.6763854217944,1
502.7663547429665,667.0028116148496,775.5044760769111,352.7209299246201,536.5349401574016,782.5042281031432,372.7979230744974,560.7058865970401,341.38100230517654,940.7231638896379,47.85147078794849,734.0792004512626,515.7981507996473,644.7427766679515,219.213373183362,955.4942349164807,480.52578689024773,711.1429400005342,89.5244199091767,293.10958693499146,1
906.0838776627859,16.452828318392232,356.71350679713566,200.15757976681604,333.1775798496835,623.1991002218591,861.5657062507723,535.1986271480127,907.3281492275331,706.9636144759534,937.4212060170979,164.2437451031681,873.6482257998971,751.4628534756849,943.6305339721199,41.33518679830961,97.13060970326592,7.643238386416784,3.7775281008056716,244.24066526222222,1
572.425484860999,409.71141769610875,133.91546516103426,761.4101650298052,142.53344420416346,986.7740341385072,309.72335802735154,49.38610286125134,176.96745831364902,31.315152065602536,228.26321745472956,665.5808016287751,362.6452799198279,11.153759060346434,335.20019141560243,341.94709571455087,269.4545638607879,741.0884859693433,137.89926066446313,549.1631123244306,1
27.906218903650306,462.6385717711673,771.4569567660851,334.7033412756359,100.98279723501125,557.0216144611242,978.8537906717623,719.1838889775412,466.7444530662245,589.0338079685538,347.1054284251589,394.1400264501797,824.7264436720436,881.0825382011965,536.4448504800118,749.3383844349142,833.6002612236996,608.9180814189784,920.7431252169413,590.384531846363,1
539.9873986137874,732.4204286857021,617.600450855726,894.1582906664745,786.9924362928273,537.2484736225333,702.4850259915033,891.6424679165764,424.64936821592215,335.14410481885113,837.8526861172218,92.32414809592649,523.2794513741683,48.47836192587085,708.4689966354747,924.3715700657327,962.4750488930772,373.1308088906883,853.0748697489345,651.9635478208868,0
225.50138323044743,57.50879755346472,595.5601031978834,346.2944194761516,875.5055332902305,933.2892750917683,566.5174965312632,612.0232274288211,130.78785371568702,335.8394123084533,808.9339627805447,497.7480044027053,314.2394018291743,530.8206479991842,502.75483000107744,464.0697277753145,465.1538433660777,554.4159131260774,944.9267697332352,874.952471416826,1
539.8598848420763,44.35420228718445,872.4142786505997,639.6186678136008,123.61510342449289,877.7759838006573,521.6177863648948,230.76312002192967,801.1924260304183,270.9835888623019,831.5351861152819,617.0209098087146,328.09858106452174,311.32595824905184,269.10507015875294,152.23535695002244,242.15873937363887,353.2270310221711,277.7037862255759,419.93121295420053,1
331.55752730476553,829.5340875292526,540.4057089525888,172.48971779479893,552.4970055913685,254.32192110457962,728.0060111816383,450.64465981753324,944.4877797726147,86.24094430517492,165.38771028636245,716.9916697024065,229.296542042156,51.3848694907203,548.7264176068489,909.9409759600604,459.59841080669173,508.3674121541181,2.1990322594701572,793.7993852958608,0
994.8240805769876,39.14906205390367,185.5095821519135,182.2615242835679,830.8390337319631,979.0048511172549,941.1205546272778,214.58917317705462,336.41091213915195,686.8368834854527,247.39579040242188,910.8900917394074,391.7275823210341,242.74523129643043,178.06378196778715,966.6559792590645,140.10559030950543,980.8720125329307,98.83178118654578,812.4028595634646,0
312.18406892431915,921.8812500166978,928.7686368668528,926.8317619345913,270.07949941528574,63.34762876771571,980.1234484797297,596.8594556034687,217.2936494045118,478.9931677046995,911.9848064657332,86.09380663051303,601.1791611221728,18.46351046524064,390.3966351328182,668.8035961861422,408.5489539432455,740.891251520813,426.2706374114039,554.6509326940236,1
383.7561383478176,484.21224330907677,416.26837377999317,243.62949219673723,142.98133517206125,685.8120884323996,191.60481721815148,27.714881054711316,966.2992972377544,160.73249175392422,100.23142459220668,587.3342511168386,406.35408834275097,729.2668441316711,563.580675084992,569.4714520033253,665.8123136239201,162.94184283881975,767.2243396433137,402.126725371022,1
722.2302639885871,534.150149359829,103.5428169249617,232.19494627124527,398.9496487196942,0.3578013206146924,539.6532365217846,81.69658073584496,519.3330172908271,983.4087694413302,910.5769904645039,644.7798278059813,65.65567680645134,419.96006531028365,326.62392095788374,201.6520865225373,854.3305091583823,358.55953901335414,262.6251414062295,766.982938086419,1
179.74432953520602,686.2511367204718,305.13505242567686,592.5746465716405,409.4901399294457,886.2404624893774,213.82177666411073,900.4978059540451,82.19902894265607,46.52878244485259,991.4644345291313,397.4724293291033,530.1644575053367,129.82711687581337,938.8199788642934,484.52632506927864,787.5914841401369,641.5243653924558,197.09371734433378,635.2791963762727,1
245.2644720870659,654.7792759568417,522.5270689887793,65.38511882483566,325.51661745276937,142.62689045642063,306.65386598362744,798.2871958946574,6.742924979504905,215.91051297059062,846.9293798119999,135.03901858069767,285.1060166861424,349.12878296423935,672.9990119590885,977.8808860502598,488.9118812634056,565.7755063525032,954.3044701378744,708.5986560671284,1
338.045439083139,799.4054066325502,344.21257814193416,143.70184419830946,279.2861482561706,378.27204785441137,502.34646158518217,296.2669496413354,783.4020271809259,408.5758340174854,946.8887347060163,928.5762253137043,818.8972457494342,994.4573889514888,241.96953014414024,132.54823468780674,360.70482870789647,597.5237621921274,231.6666257338913,742.4732391864744,1
601.7081636493109,167.91291711058153,143.6124820591813,531.5185007143336,876.5029061850144,93.67583388822031,772.5396268042289,540.4738411449844,952.204424674266,755.218287973977,89.65396101197808,992.1642094878804,552.9161458715364,921.9751775173067,417.05728264091425,48.06282753332458,947.3631790352055,253.1827836392554,282.35241569500704,913.9546649986657,0
958.0650858854043,770.685905792085,844.9983082699626,658.3773828463234,528.693841297479,217.0032124146164,266.58330971081944,898.8683550890299,735.9529768805393,395.2866824212772,146.87867633390528,149.77512720440876,276.5117194094738,107.72498205044612,330.8053431132949,44.55382754361325,950.4375208005953,950.6276966025561,392.73218212530924,400.2377102000444,0
286.76009636421395,118.48839013886847,807.6153660624086,233.78622932906444,941.6371965458632,464.675723238249,360.87987535148216,512.6059104982367,774.3346823427598,587.0295876652052,220.96444307707586,911.4882522145994,564.2602653572744,154.57524367733356,745.5956752004254,25.713807899857223,350.62786142150435,410.7013320080661,13.701942460570882,306.85862894276806,0
908.3781917744726,602.2040043042081,239.62571809356535,92.3945042953832,719.9673790736201,402.49325076623046,138.27026759677574,950.6750672477408,163.96716856408787,826.7050240163551,655.4043075089393,39.71384874665907,337.0496071280461,806.8461707453371,618.3214863509264,118.88709039234591,215.6866270390091,470.90798923428156,61.09932062310419,299.17808666833076,1
620.7633715721219,40.33029107447395,751.9489924439263,531.3654074742901,814.671122480767,731.0357325068278,471.8905394516717,28.894498361754394,220.50549307627386,229.98063992410655,629.5956472555995,548.4436828424181,206.03828856586725,56.16425630113009,712.3514295032778,877.6786068447773,840.3358249616683,722.6299867296311,180.69596267885103,118.49573252171398,0
733.1417537697116,587.9380189412777,252.42262964075536,507.13125630566356,936.3673430989678,114.80579605462981,596.3335543971256,921.2495480885268,337.8826179508513,991.5623678618937,244.2726918858601,257.1273752360883,43.24424897506229,257.90512229411434,491.5325578437936,466.3644785691898,912.3008338637611,283.91898578943466,114.84142803179753,467.7744947299983,0
513.9417412449078,23.823884846972398,691.2431868886576,913.7991406006948,346.47559827781083,564.6553558223559,906.0571426837528,770.6911011355106,570.3190860958949,112.66094095856572,208.24389527939468,372.0386121646734,611.1457314191806,215.4036063088589,80.04516974615727,970.8989376954856,810.75197540247,661.781256201645,724.1565978647277,850.5065808869003,1
883.0081761539975,146.85589725920235,244.65795254501643,972.7135093239825,427.54430810878375,137.42457947235076,682.2731431883843,473.54982142308165,274.8197529776408,347.4368386329978,712.6041487713381,282.4983442145824,899.6679295779057,164.5078783172127,795.5048245093549,235.0211175180612,963.5850795653365,20.820955607464885,189.043156709385,31.295921433839744,1
822.3126643647996,335.652289406175,425.45927635406167,247.5580252515972,327.2709575532412,918.6211467282517,709.0603513678589,366.89967738202944,28.272698059886082,100.99044564387682,367.5169128606528,282.0576194938984,650.3055198080195,599.7343875545963,162.51609153639833,495.8394362779417,783.0605621187813,50.42908209855656,345.72044264282886,271.46496502765405,1
823.0547134024473,475.34317245344215,738.7759935814565,724.7286942288189,839.2619696452164,267.57325406257326,762.6197336183658,747.04944440234,21.155352783461478,475.55304431655844,665.4920168779215,617.0878492704855,904.3223119491039,243.31307191188668,671.139454134251,622.4422225435313,504.97669829209445,733.6211377251024,338.8536574053721,672.9446680572148,1
472.03767664015396,354.951608568177,227.86839679091565,564.8384712360096,887.1864314631613,193.87227382178008,878.1450560823838,84.5382031983446,989.7707164235838,468.43109017989224,419.34508911844216,851.9039197118776,117.54965908297032,66.01914892911908,838.4567181641472,217.1760889231873,364.63759883439207,834.8556639584776,632.2279524243229,742.9095404146071,0
988.0255931137405,218.08881905078735,461.89993497263737,18.628548180239957,891.0533759229736,893.689651965414,752.647287813276,211.57561777306012,690.0740273651992,510.06666148369305,470.66232998411004,437.70919543241104,15.568739060855098,161.70863468453433,47.4147966274171,729.4583002725313,909.9561074576486,144.51589001125808,815.2021781333715,194.70623789872732,0
118.18079008605042,307.01115919025233,801.6030467990798,81.8849994860098,176.89197057264016,824.8608306016915,80.94391771637765,854.1038675788338,891.0772279430904,605.7879590161072,313.9142029088584,617.1987632601,715.6465351867782,142.30905634383782,80.40166373866154,404.5056018770581,567.9911004792764,950.971985392061,847.4430186649198,676.8900868086561,1
851.9822344161704,373.95268988306543,901.0882814262254,775.7298379032463,325.4665474869906,613.1137642874606,391.48457000592975,343.09286727875565,947.0361006603389,751.6069869785073,561.8568543231611,910.4543003208901,921.2560446620931,106.32807006219613,101.94974902516007,961.6691181660841,181.47112420533728,331.47511141737806,543.2540092589517,258.2053716264941,1
981.5908789472328,479.9417013570394,620.896573356904,881.2256230700619,412.8507143893838,796.0519584962349,985.5606531915577,771.9883280520231,576.3472012633387,765.798756142398,34.09202955710089,942.5765602900534,653.3056684673433,62.57775941101207,444.7509810958594,596.2384127173334,248.00445335897027,139.18698884405234,676.539162531012,963.3937717772156,1
477.0577081121493,713.3772131731067,244.06026228194978,837.2468299626812,990.4616603511797,657.171473506496,449.7839451372264,132.97707690298978,915.046224252212,347.78094816718084,858.6345849744172,31.210055532542192,397.63546346621933,797.4884042985792,147.61838699790232,64.12862541838449,298.413209251869,715.0601203596136,406.89942102317235,610.3338636380174,0
697.1399415551052,81.15267431829464,163.46010984320415,386.76238708594803,211.20469770593076,697.7535487541684,297.17008222916587,631.2289592432169,707.7158354746376,761.0102125250256,827.9094140092099,661.5815191666134,348.1090728611831,30.175933488947315,307.7592999662,706.932552669105,974.6164240115423,35.46387371913351,192.12848292997177,126.82242875956828,1
129.2082374063246,191.61790382480038,497.85883579173964,381.42300194289857,968.704965789475,18.993599987523922,841.7062412584273,569.7546092540161,246.3301927897371,806.3529399401322,950.4601305279181,7.23091446827151,967.2616746124986,59.38906197887606,127.24395653902532,381.8719783607468,128.60061196745974,271.3021562011023,615.6338327376883,855.8682639895322,0
235.16963603754138,859.0967558636754,934.4774093840603,321.17103320172004,700.7761538968401,152.4224608978325,270.02847285833207,812.035787984545,54.009474468173835,767.8226372926159,980.667081454144,748.1928590177689,805.1145716463486,40.394400943112416,85.84138913962114,481.68613973095256,563.9652469849062,748.9937429920519,270.0461457935175,27.255434042977143,1
415.68079340387686,867.6757548735851,447.6419232309441,91.80147301209563,633.0371677890387,612.7512974598504,484.5241467376774,934.8450717629663,930.9616874588652,24.588874891546375,843.850164615226,625.9474874710284,710.2348282145147,254.6026343102875,822.3283343093714,984.5245609754606,629.3574751520802,100.90814456726937,657.4700787212099,901.7161951463534,0
833.3114312433936,527.2441454687644,192.79661635671985,144.70288751177353,587.0162809685612,102.77424294057302,446.9199171972231,930.8619791868125,547.7358745496849,301.20969511313456,195.53150569284406,733.7941946721577,77.5096294480131,132.66785190908325,599.523416910571,15.836391887132928,128.56720721879057,908.233275400941,649.3052414171894,97.88874968950867,0
806.7983133354306,906.7389015682261,134.60010352069963,531.4517933364327,477.6997793294675,433.2420016230654,643.0111646957614,668.0767391923254,140.48558339904238,395.06622498745446,618.2963258157848,743.4564011582744,627.1904059031936,585.6594411548726,595.9240083520554,966.1963635694046,584.0726563242617,73.29997217453466,723.2625057341619,295.1311471829707,1
890.277904772028,66.76285767505152,771.3525558428968,463.01260115228183,870.2338980655944,219.48205548713761,770.6454435711604,261.67088455908447,741.6022553166844,348.3645046306093,299.0654083554629,560.6568311939195,554.9553730645246,190.17829356881543,693.4766840865734,494.9082372183669,406.83848222243415,98.40120203903413,996.2152054438575,785.9025310624404,0
146.29286669248265,913.207458730449,993.3378444500919,506.5307617245638,488.3407487333649,745.2402505195716,607.2600159305207,392.3814950283887,227.3570460148685,579.4560229113608,988.266427468446,907.6130164245427,316.5755196273753,98.89650815581041,919.7193997057743,570.3198313568234,77.23075010044977,309.75685252630944,833.5851552366563,74.31790615814981,1
435.361802151655,106.59716078222958,899.4675294455686,90.6526269775807,966.2643416751127,580.3555385953293,447.836631256335,372.3878179341902,729.0458295809015,565.2685099569541,389.38927738146845,544.4523573842677,553.8894484107421,317.6130335977273,906.9841434486174,789.0339831617983,429.33365144902416,632.6543974800694,533.2891828869477,849.2715552139553,0
342.6636908176067,455.76437494762104,663.9259189806339,374.3536376693988,923.5859007787623,549.920324260536,385.0022017977219,943.2178015191216,646.6061869269173,884.183493653246,79.05250188598689,260.1882859811726,661.5533721615536,98.986297015751,863.5871507043781,440.55460523776947,986.736032631289,684.3098742244664,119.20499898275283,371.37367126470764,0
572.1961728756281,324.2399272637696,162.13361451500407,890.8791338280913,498.66289908094427,611.8563847613567,548.936096358537,384.37254404129106,790.3277915731577,224.658441105115,880.2499295733926,695.5280634782725,57.31159654411422,709.1757237941981,404.47228333178487,859.276349614405,351.51156120310446,794.1780963106758,73.17113814713527,588.2894778756705,1
118.1513785329612,885.4415647062705,287.3467292869978,795.7364878771442,760.7520322256966,276.36286107125807,384.0974743215526,971.4454351052648,480.72375535507285,105.26600599709911,871.4741419350836,722.8040770060421,740.1394144039585,158.2334927770046,506.50775978955585,289.0482888930984,722.5252149728224,213.24192216809112,948.6180483339472,229.28189529035902,0
634.064021228159,474.6147876160357,939.4133276679602,706.7735645608055,452.06776633493774,421.72647520290127,301.8388676293118,788.9004362810767,318.22549668411193,775.8115458676385,183.25618782936593,730.5165953561517,864.9244816849105,732.7446040582985,264.6849591459187,775.2673317389409,617.0615567989253,214.39859908761682,925.7074017714626,635.1745103198379,1
657.3105254837586,235.7506811429363,131.7398832458191,437.0651832089005,846.1538009825505,320.3172444803638,787.0173448579874,29.914881992375907,826.7224411514107,871.9025511491557,27.246710650122964,585.9826908513376,504.6605730670597,851.0200508715428,371.4258057070857,370.97753350970606,245.14797875788096,132.46408092506857,417.4223817509589,522.8879515420371,0
763.2383729508786,670.3271846022536,803.1472087849131,382.9861354118975,837.9156296161566,99.40291044500438,879.4274589224023,159.24944632466963,379.7697121011695,6.691827445275633,393.67403138578186,69.44284582125981,742.3709011436581,424.1718972471887,687.1728507169927,696.5072979167498,531.2072047212373,137.23070737644994,269.558595547266,953.4786993250812,0
549.2829654365839,140.43932346101607,770.5712287680242,610.5328314014312,920.417484595019,246.48977743455325,125.92823765375005,451.8519284896454,236.3932791597929,965.7249420608043,626.5651641018039,983.8875789478774,555.8081940552511,738.6416432147234,938.1289494073192,900.613418713658,976.7195526803333,137.01671922427005,42.74706036991738,128.96328277991697,0
626.3897261151328,716.5377593687989,365.30131198033376,223.3581538285586,788.6747769091961,731.9854093551627,506.3609792053889,944.1345647432612,254.60070376518385,717.7486492925425,151.86795040691769,427.0570784540908,64.66007267657625,164.31750065670704,634.3868336284489,852.7179258098521,350.9287080471325,907.7806294982707,474.05448933194504,416.6189471451327,0
667.5768295753228,967.5092562746152,729.4275204580309,688.2298406628283,823.4511677336951,270.3544981618348,576.8471325224888,301.3401136178594,536.0077672496133,349.163961786105,527.3679091639123,373.7170934251334,472.3552522972817,762.1171145546984,774.0917640708171,673.2665192266281,481.2877664045154,473.9129917226462,129.7468294197266,505.9988862031809,0
573.1410755318805,489.08071741423834,561.9116893799795,676.5822820212791,765.7490287586905,183.47955738266285,323.24706448615825,946.9054151864767,10.905028063207478,759.7673420300266,425.87640648405346,565.459063924104,439.335242982549,742.2639573061979,473.6579936937859,816.1026570797159,183.21254978760194,230.31857122875755,878.1222436636283,782.9270846517703,1
511.0040260856661,520.728565666028,152.38101953364801,496.0893033899845,943.7312250939206,591.9860058721011,505.61472947148854,255.87121772469501,405.89865478212215,788.5853134934739,601.1165773747326,299.0756829516621,474.3804974194693,745.1225167703888,64.68574196978926,52.10031404701632,834.4537651352553,556.1834630687318,194.04913061857232,774.2681041407699,0
438.7706751371934,15.46675177136625,840.0005925420721,513.2626208008328,652.6281199933276,162.238185803808,328.9561192602658,491.0877142256207,599.3684033634547,910.9204099067937,375.4799625700391,410.5691443211066,654.4245874695241,588.3345979758361,109.3954774057525,801.6087689520973,862.007308599811,148.5715465366153,258.9076663871157,804.2286711470726,1
828.234232801466,343.494078389291,685.1663227137767,329.7027378549019,791.1748126301277,573.9446630141352,579.0071873997342,393.51226895097113,941.5706717464927,467.5042200235566,99.6106505791715,74.1704592320519,238.01390390590095,294.2186997229178,628.481222942162,792.4177726454006,806.1471061558173,750.7805600493148,30.66064925700207,17.039354800291285,0
278.15452301899455,595.3539248861072,139.74429793545818,182.21815011138187,555.111507018594,581.7231703025071,290.4801218520542,378.7020552493033,743.8707895544122,798.5947688857367,370.8109969150033,668.4085862346858,532.8666889065984,722.1647692600708,573.9724863587327,791.1859140540041,122.1730293330322,316.56403682634635,885.4476224765094,33.85949269564226,1
480.5761382637529,508.7873290841066,666.4416367271114,754.4844401168557,989.3902230930386,331.1761124293117,798.3533335518695,272.8947605082348,167.79255594073683,481.88011939566525,19.682945592416345,698.9810202262054,915.9793691873467,349.2040918963981,67.96932482196938,558.4568187017479,769.8681225569024,751.0374116554874,565.547633142813,814.8202862528836,0
405.3404883560896,716.3939482817245,224.26459995024572,420.8700130908799,956.0426013919875,297.8557769900544,171.23566722993,499.21511706244837,348.026918704284,593.850816298699,462.0245070616357,488.08099496758103,690.8657484979428,749.2069402823856,920.2183880064762,266.39320061715387,339.1459192984899,315.63276269459317,618.4221054035218,140.59130565704515,0
696.7448983172792,66.05976274999337,321.63966689131485,358.8565467978576,762.8762733142257,885.0701281308308,149.85415254615964,744.1578133151905,909.2171742950493,860.3744591509361,246.45592253394065,544.1599373695828,601.1444927662121,161.3512728661425,290.60476368326914,337.79716790449555,664.6134215882469,407.0588117277535,775.2661931882524,125.85937116134683,0
601.5241425748363,493.50856130436836,866.4293843579645,469.0826306334105,657.3147372970608,833.9369116973041,741.7836702165748,39.291349860783534,223.49532625947776,507.4080018717108,617.9734350235848,531.7199167449828,638.3662836386716,538.5317093819126,760.6633481239433,706.3140694844084,411.9403372953592,32.14976200270792,790.8956793962619,631.3949000580964,1
309.1242831866824,365.10205300518516,150.2751494506057,144.00819293754518,695.5864805208365,557.5785816164946,668.3888194991355,455.27031498054527,555.4543443517364,947.1230429079807,589.7708518094469,404.9988983122207,553.464299079948,682.985368746992,48.05757382294129,192.32164435150378,254.005791848837,868.0561540023233,437.8351897356471,344.4846090073995,0
373.5629487365195,366.67683167989395,282.19459863304974,179.15388706149838,981.6640214170957,83.92112271539742,767.0193333832459,608.421268020063,120.37837008488239,108.09589740322822,903.331696542677,406.4669104556469,185.67491194263596,143.67480286173605,122.89939097323766,721.7229076466425,94.3533170614802,722.4362740001848,276.48932191609623,209.5292961803583,0
543.1819691122164,761.7648951410869,672.2879049861771,62.74557899641886,286.6713643991389,156.2049596120425,275.8255435760525,451.67196715933653,100.02894519398386,857.4414472043007,938.1559106571709,321.8807236231488,982.2958137219529,323.9150523617743,249.17117452586567,918.5077684247294,305.4729577952392,744.8806950605054,688.96704905044,715.4340269838306,1
772.039500608661,535.1292507855421,619.2807777367163,100.39621065042847,83.28306028640753,417.2214518315658,948.662006035465,279.0256999524561,210.2213533561098,929.3452644959726,1.8515005228249004,584.6802985350522,17.308570029184622,254.06271652343025,858.1868865917966,200.59520529672292,867.2050898927256,732.8080189091716,428.6973967265605,62.323584543936164,1
63.1659218189371,418.9891722160609,345.5697719633265,498.37609229408207,369.1696321165254,198.98232347473444,13.38460949487741,375.1138925055363,869.6239756372148,272.06397353467804,921.022816414623,881.9632603541583,713.8579021200629,426.8276718759817,594.9672736482938,422.76219117155523,285.00121334470055,321.2344091406045,250.4254304642335,202.48246788400937,1
115.37545921422887,248.47973908975797,857.57827692148,705.184700647062,948.1511302670636,54.70089002578538,691.0600976578718,329.4645788757772,454.78980798539703,991.4330611533117,442.07264436091054,915.3392682528522,19.74354964017888,763.2526198135123,365.8614713751239,654.724348752061,374.31410845166755,803.0536276664897,271.6717350424876,847.9293083625591,0
553.0818752531119,738.527414119132,230.7527293422641,682.8415530637781,541.6384657182224,222.44729183919677,527.761409483155,780.4119864885542,605.3507248780235,407.4931121614256,831.3115330041372,266.16725704060605,258.02886149919027,222.75650232945844,865.0137563910952,75.0208391132845,416.8526985716934,508.6473172670859,353.2455868442027,163.18950085270077,1
268.4630637761991,439.4874891398005,413.76620861003954,858.8578148458744,308.9282524179202,479.1171566694489,943.1525226497196,391.71056085675684,723.1517594270637,829.5479779066226,61.23060555108262,290.83606526277237,950.3339504496518,579.0067625618162,166.83401167950075,157.45342210438585,164.44804083287278,927.6428348773534,148.55035421766038,819.6180400675294,1
635.0497606106877,977.0659806571574,692.6603893102186,363.3164421579174,170.380211301555,962.6487965589212,190.46221463252044,682.9859966588988,825.29200993896,989.0979224433129,329.89154851421887,191.8534449747923,218.68973099630207,320.13882995175777,42.4418578053245,633.4512711822804,685.8705731573463,363.6269215629435,703.1477873035417,75.87239701946014,1
365.6401114680966,340.14438211652373,63.764075207884076,828.990903658327,683.6967426921034,248.7261906676399,278.78343776020296,883.9757049981683,714.1268190064226,76.90317247062927,367.7447658591179,141.0490408458337,245.4508509728792,707.7985074475037,320.0086939172989,925.1306621948244,71.26409533999811,917.3666220171446,22.114678428748814,611.0706513690592,0
774.2661786652806,767.7505503185108,113.39715770659797,921.1892706764004,280.30966763087184,553.2961351566358,880.5008893729641,500.15701245574076,345.7359576367336,394.3931798844238,886.8486623843579,304.55425203547827,545.5576296847155,196.17200167773908,322.6301140637815,57.54563230230081,946.6637039384872,175.89984452811458,152.761528880476,23.741060483517764,1
148.6358296300485,826.3506267227126,527.6233352577302,56.323204090158676,592.5770069914685,774.6716093947824,189.9518403136048,669.3008066368366,250.32520450683393,389.91817449578116,928.7051970688324,929.5604216099161,974.592412093812,290.5449927131507,760.0896335271947,737.1688324073805,895.0104616672645,688.5569931836317,889.3808315843764,931.6993043754371,1
204.602654736297,171.41710738523196,354.0300323629717,817.8644432720961,694.4399355220546,614.6160385457217,333.5716352935858,287.49644269058825,607.8105629499858,692.7036778894065,943.0811431091023,71.8921313199441,617.8198580355112,608.2457478253089,690.3868201665235,462.042641547332,656.2057903973358,714.6259427866543,93.8405848419377,738.1051769588727,0
36.35740799583809,858.7466213451345,288.60125086358335,382.78515290745463,267.4528108712737,248.25030302182472,74.31967888627821,565.115706826071,511.7638269058231,281.3153774442172,992.6377848001833,53.698410644204664,469.2378079960312,343.6071791475128,273.62762679999133,585.4104365546536,465.2548262567614,170.25095865184448,445.210768492738,831.4210556301432,1
652.6718586544049,62.8229698561461,986.0502248280058,146.50276359818147,422.7407870324642,411.3651547046775,808.300236095753,759.1924976223397,549.5797533517218,965.7243267573963,293.6745092571236,541.5853319913401,373.0021862103495,187.34643465278333,688.2526732169642,995.2295077825501,40.02519211056177,850.3628623703022,552.5618855938013,906.7130397439172,1
151.0562811897437,486.77616021109884,982.1444616868476,576.4373871530859,5.7130820220376854,898.0377763319642,329.1548080916286,932.5472592453607,430.76147712695547,611.5334966555221,271.3885058669927,642.7597566307215,628.2213080802484,241.00513211326023,147.359328437478,301.989003490185,605.0022728501359,499.69220314925354,935.3340929666455,873.4463191918362,1
282.67348568106877,123.01028834746607,356.4477996259218,787.195840207562,460.5890020960371,570.9764413394491,880.9597156280279,402.3525025037896,87.71143270951542,296.9335231999707,466.9127268193504,205.03542808332153,361.9465112815338,888.1606267836295,982.7075892504594,740.4903097705982,698.7849421496401,344.02801256811875,718.4005468605139,826.3080837939549,1
111.44365338196805,389.75693302261493,509.82505271556244,867.7378362866806,277.7601459597986,81.813068952303,878.7284997361905,663.9423906187546,26.967033108967087,431.4062298803374,408.7092542958981,165.5526456867249,855.258337255427,173.0439878484079,43.449894575003476,448.44292029308144,309.00150833853337,981.1271463082594,941.0016436823055,378.2332899756893,1
88.88661741958626,230.6626718328768,717.6323084982763,978.8674645680804,127.05573544639847,210.27066517089722,963.1189968647749,308.239847513459,901.0500357921358,707.7316750840301,224.8323184011217,107.08756617578075,886.012908391449,687.2803259607515,995.8967080252437,114.51804630281592,353.88634247550544,641.2976451500302,282.4510786266433,833.7075462739939,1
818.0042864544231,711.0772906887663,30.956860058649617,910.6065321034818,439.2399291295145,701.3514426809144,416.67006046125664,533.1805741860816,353.34652454619464,501.04548062243214,238.07041058943744,330.0403280964811,487.59311424043904,210.9077081047146,898.2843419232572,122.40448101734769,314.8361784608434,323.8226145672253,178.1994301533697,950.8774725974525,1
282.1224698092263,179.13390617823964,173.42184662476,804.805230794985,337.7554060616164,409.5131723146221,686.5883106459678,922.1309091161105,76.2465279461907,196.7423317158381,178.67910920969354,749.6762163398072,635.917524506123,812.5919481160536,1.7727420674360506,161.37065689226117,473.32840466373926,641.6730673735337,710.8247027416135,605.3531655422522,1
376.09040961371954,26.331168285151918,270.7598713422465,109.13172017857487,927.858363769509,956.8454807806334,587.6398914516883,923.346550891272,581.160535544991,463.20849032683964,765.2969224749816,320.5143985401322,951.6215983059063,509.8896157384339,829.2035641445106,730.7636131789408,695.2897746006897,588.5454849131356,246.8157306124642,366.53747553567786,0
432.064731615617,444.5795793648005,288.56759322661895,556.2187299387775,532.0655134614818,245.7453155540026,189.6044642459277,931.5497394704178,578.4616773139517,19.35080605606543,476.89255299258537,452.4490519384553,486.844136056461,230.6273659740491,944.9408123562603,160.59557344232445,888.4168670559272,169.48847662891097,34.99620553231975,104.0039997093527,1
966.8396014377887,369.38742389544797,519.6375282082407,506.72444652580253,808.9386993884282,221.84098770082673,422.68549452443995,908.3163751633831,699.1779391527645,243.68068871135418,702.9862443224728,837.6906712050562,385.2751793413997,461.0978101564647,695.9531856346205,315.7160173852376,313.11747611850916,701.2762197921528,831.237754156367,554.3680546545526,0
340.82898293911654,711.0321396934021,288.039007030479,55.62067901007672,618.3595519017143,3.2038333739820013,647.2046362213887,400.96289623500223,543.4889717501385,288.1518900765415,646.7205880121078,846.4194878375957,383.3896445806654,536.349847229838,989.3517934812849,539.7827091091754,191.3461541429561,558.9794734479452,277.46890990473526,39.055212204826105,1
248.85674290715775,18.574014966056595,107.1454706525562,377.7388738437691,375.6082315363717,750.982532898068,30.168955701005416,231.56333383811233,110.91578262913305,198.6826436164121,743.7378885163321,466.5729571644106,570.8885264038448,781.4310828297643,134.62736620013948,219.93237577615943,506.6926229857922,291.2765314842055,249.73761892262036,944.0198590139862,1
243.93424219950933,911.6602819848339,722.686361183425,321.8056444086451,15.359475083090768,188.90466615608614,584.3147766600571,922.3328575331136,541.7568891572861,764.0096297271486,477.84732600027615,717.3271283877269,58.93717682393973,612.140829415478,319.5903375993413,839.6866636503939,11.385361218464563,141.39287468332552,882.8535299323178,176.86871706143293,1
648.5539864318226,954.1589919853087,623.1471634301664,458.5391256880149,424.8296824695731,858.133953247304,21.684856313963884,921.0018766935889,655.4540990233991,873.2825777848676,701.0603621517529,453.51676744071347,726.0784849293268,806.0517378982947,5.29644829111986,347.96843637391686,827.0135256266959,754.1495846281568,638.1803919944115,898.7156295016802,1
114.50193655295848,996.9410312942088,776.4182051018358,906.0112801365457,959.7458558285316,86.33265292333591,470.7583643334455,212.01096324152303,644.2142078766254,615.2945388279195,201.31075871614712,998.6558043667393,91.59129053088665,624.8261469583723,303.9473249559216,764.9478153144837,300.84191950224795,354.9307879593155,551.3349795613613,445.83688802019907,0
430.7875335773936,501.6416041913612,203.58315951448125,926.4672814534915,308.65868087021,409.62092816281535,277.77474166591855,801.067803244341,755.073176501745,200.2692819449512,401.3365120360141,704.9042256472496,43.207949742588795,198.98893729915267,108.40761157952628,475.0006366086531,598.3538260567774,889.8993820801849,925.019170345528,951.8734915509447,1
83.25569020271995,553.9612997644058,439.3438434094732,780.8552693823718,978.0802016029935,851.7995860839819,681.3734937978563,673.9130095518008,435.3165154862094,152.74425809891014,976.4698374238648,109.69739690177815,411.05175318120837,997.7144445134153,141.82787074490355,576.0984277193825,953.3059820615425,320.9617339997225,247.85914601742277,11.040724687918724,0
29.608352516201197,928.8778919803914,453.56982752788633,259.0551496672142,107.7128993741856,743.3261040126058,787.6632619840966,961.8099258547114,245.57724987711504,391.287309356362,13.248257870690061,87.70995689935768,228.0869849670538,5.850709206817184,995.6103352362418,481.90770177874185,818.458765015791,469.68142780300093,23.67183489355995,484.79812500286835,1
579.2943293423709,700.2315707808947,690.6890652538209,661.7397753880382,175.7078540115623,325.0852935997988,421.1203043733821,567.7508188540551,978.7085615949381,147.3636336493813,736.6096328905344,420.02585375043833,790.1204999091036,238.3737003070575,600.4853302933044,465.8177544707889,952.3201004571094,170.8423155246145,894.3129130190712,97.81082365005244,1
921.8841662683063,458.5801460512832,636.6460011307258,253.2619561563947,958.6515624484178,964.8653163521146,267.64591570080864,852.3214306407314,372.74929675128766,921.3504208941256,147.69100240531273,782.0571485342899,192.66782137137872,386.9986953599008,828.1935175470071,77.75676872730753,303.76046416077253,928.3626600802411,708.1962036778781,412.3163121956811,0
58.071357742804366,237.03523355783562,12.008179066977043,597.5809002575878,781.0805274437341,284.9888560199796,87.39089359617024,581.7536623953988,918.9463079918268,329.5727991556315,895.3586398403487,111.01826218089428,852.4591777386538,534.1627789619835,604.1117105512866,548.8933568456879,476.7092939515479,49.42395368498897,157.20822118462985,154.0143552655936,0
28.3107226945698,613.87606934339,953.5477211363682,272.6074413235258,3.201602641064727,751.0943125604329,274.16355162320895,669.2407532231275,948.5028976961158,547.6387213125078,500.85243790136104,887.1378448000032,608.6105865391095,973.8306727385517,365.75081588220195,945.9776535064204,742.6350364411459,630.5746280478346,476.06022297056336,661.8732965283502,1
989.7717585131753,14.036796588881572,632.4959978408664,884.1695502218136,190.68388132903058,834.5916734739446,942.7121298043401,610.0643504756655,905.4925794633538,150.59137964775303,22.8479946607002,575.1069226393123,542.5491459149727,834.1243137075868,632.0106097430453,22.938209207681414,76.12822745064062,392.84785975804084,343.2825973303795,931.9512779138657,1
784.8960761584686,990.2386272944349,674.0176732235694,296.4633710101637,209.41647315610658,434.43282275044595,57.2252273630025,462.15219716635426,901.4447889761333,927.901996142548,773.5093662221162,59.05310443830347,151.37516182288513,558.6359168501917,257.51959377267156,439.47130169753177,520.0780527931985,186.2803209597145,747.0085204984065,406.21101941744496,1
870.5743698316542,868.8752090048614,589.4851774386386,74.77317628009439,648.0826953245794,371.3213553161956,219.92168846538496,505.586203472678,38.24556957149938,78.6762347752954,222.72243725969875,925.6860512405829,75.96655073898273,689.9743503959098,555.390735487695,609.4706106560742,753.3049195867152,216.43037619975914,225.05366005046136,867.0972571725626,1
205.92588952789015,122.3836868835919,609.3152882000202,127.14215351551938,411.6972382624342,38.92893866560465,118.22305661753774,309.90592698615717,529.66366260858,695.1684294942712,573.8696627273495,518.4192909859971,768.2633903626119,23.30982378900359,57.678913837499124,475.78831060850115,404.06300307127606,384.79732513436085,241.15235793523482,617.9768554297287,1
503.47737534763235,319.99528320694014,749.1807731227698,488.4499363776058,633.7989744075707,310.68893008029653,543.3586052981899,421.3166062806273,28.115160981295073,58.227643916845764,122.38482100786041,613.0661937008088,546.8749519001849,839.67898752398,8.278166075714966,143.06188285158294,173.43566289237444,30.71067722127141,532.5860146972836,956.8027600445712,1
662.9284037584858,782.3020470746341,274.0432330887752,254.63962741138857,748.561400112458,237.01203315073693,688.9219846858196,904.205738883869,74.37420572619091,336.10755294032504,900.538005448587,919.6730289917311,4.600881509355448,35.50614115647732,953.9957635456797,882.3761154232668,876.5336453843659,658.9628704815128,89.90313300775232,947.6733571216096,1
701.871436457257,596.3015289929943,453.56318838741794,727.5641658041048,530.0004275728697,550.2816602065523,863.9404099959028,798.4062491420517,211.88662034306503,825.731783921061,543.8399776474739,52.24418079034842,432.1028158483845,491.6546036549797,40.47274720880101,708.2708921598497,320.819639289721,561.3756617667498,175.09060246824248,842.3467200179664,1
807.9916069464492,255.55625499623247,238.4299086555063,279.59249602329686,789.7417199062494,885.3077772442595,213.55058630304546,238.50516147391997,681.9067893793615,112.8114941752526,921.6237594545917,982.1832786840571,855.334631822108,691.0832395659141,10.08681967129943,85.25195265194807,92.6351772029247,454.094612873599,577.1971566759031,521.172069144567,0
391.2649704321016,673.7065479005773,436.98541648878796,926.245227304061,148.52828792962947,110.94615929859397,39.96211859759613,328.46154903906523,108.50986694662134,167.00351573785989,70.10812347748974,840.3869018646008,284.61954333334984,384.09434356493335,154.90779167908963,951.2775464985608,941.4510634645812,194.50454884482983,172.78473696723918,959.0974137489126,1
161.09428060657228,652.1331347424754,857.8480714259638,15.241491774363848,241.25714442486102,131.1654227007638,36.98513244413426,615.2893705216708,46.86030425583376,350.1262225114672,885.3836342686326,778.1242162728349,597.877836067623,750.8739340051683,808.0118657180507,204.44412932306065,310.406766954807,823.3443253948337,845.2005370702561,903.9923441652161,1
366.0029795279954,468.07954013421926,530.8697023212026,782.2013670220379,366.1852504823809,621.8124246823745,63.11621212126639,46.57810600190781,752.5682537109591,51.97200289264281,987.4112147095329,210.14490270514108,518.2798353031945,371.8866937059111,596.8317199804294,90.46073087415796,772.8040989436355,256.40768259026436,232.06733587663254,936.1876125896433,1
299.3033967290325,56.5955885306485,215.5337552378872,848.0770720815964,875.1598259381354,839.4423869033903,786.5708423266424,25.021149160347257,813.7455711000831,412.64873882075017,977.5166780962887,382.69241270891166,618.9303081410512,948.8484179466705,678.1766328036243,550.2377801755812,320.1827194157136,647.5308800904183,451.82689152640575,375.0840157771772,0
482.34982986431083,484.604403480873,286.849723137228,268.002634917762,929.0397827372769,684.3839250730189,459.6622229453408,630.1867429725735,852.5639799317992,31.62432124584258,157.58199928667636,32.421923914765614,680.2502938875699,83.54952335097377,426.4902040026722,855.3811780866531,430.0976929098299,477.04128923776636,999.2476456475922,541.3288699749568,0
403.93316796632797,900.3064240048318,978.1787441733279,238.2724055884541,589.780754662066,576.9589744399111,546.6806934862083,685.1785651186656,278.9874902344778,651.2015071623939,221.17911678648827,869.3036264455781,12.207813668592804,716.9277696697501,343.27608149444524,818.8660189266077,92.2294226719933,395.1153885474602,75.70953567638117,137.63912140188305,1
515.5677213147081,716.2055181640106,363.90017007348206,143.90646513078443,661.7443080914363,331.2747669196455,545.9972644838938,836.5465111203109,211.68346434728446,562.1447616978843,494.05338555857315,771.7962570757195,457.08572178340177,657.1650353010813,841.948643169197,685.9359732979424,447.784325293049,921.5621540894184,624.2648527473349,835.66244896338,1
113.78673327325595,513.7245998377322,511.8338857940914,831.0027149070892,449.64430094214356,968.1022538061277,61.49600959043144,923.8012810082914,927.7793835966457,790.7756302985242,167.74230262191614,832.0930660624654,524.917926003689,535.1674553227781,672.0956274465285,899.9820841011547,212.34677132099822,947.3859177083064,209.4305094474861,736.8576766894922,0
439.4867485185133,951.4099217543459,133.185066449373,276.39508023021455,109.10074259283786,144.05200118045303,750.9203191978698,159.39749291065485,977.9896428160997,803.5612598561682,69.8867097004,517.3459461292229,658.4670483316798,948.7023248515848,795.4219720548416,482.127074310019,184.97666996936502,439.98933758653635,974.9221126002479,183.82870844548415,1
112.26662275555455,562.4595858448569,720.0611679420475,819.6852148168858,894.5309189196655,265.31654997496435,154.2147967883205,199.33590579878623,76.78252074317538,952.3602253810263,98.03512990132313,989.6628415457948,437.6583956746952,446.9624580989048,721.0078646615513,448.944465909045,477.2886197662494,146.4806201319927,760.7013331627453,168.02247095706778,1
445.1352096370398,80.11047601900867,550.909473014043,998.6826948121803,145.26192659798042,780.4512836409576,978.9490913456349,15.33938179573724,98.80871944193514,215.52153327333156,827.7036372042598,773.1325969783267,708.3916115764375,862.9352575192346,354.5532990305107,150.24696214037968,540.9642480888946,967.8494271620333,263.7182684305992,660.9534877620335,1
259.53074369400355,246.1767278130781,50.52641070311304,912.2562572164426,95.1240689368562,683.9919754869237,640.3101333924874,123.01762362802415,161.41907474156702,369.72555665870897,905.189702473574,812.4286139895579,368.2436358208915,960.8165446370275,833.91245187771,787.3844986834376,166.14087311434477,123.31576970106906,299.69359725365484,98.69863303305281,1
939.3221795620368,406.9866163252098,889.7982232472855,480.7070009723931,488.1181103187527,35.943994631359,341.1689021537119,644.4998481686017,644.4236970358107,227.8602047382543,28.62000856740332,325.4771855048999,782.0672486314428,715.652701890738,759.9338417957617,711.5595819448342,506.65854827100765,29.24831659285565,197.83838655497865,635.153210368464,1
366.22057581749635,215.15457333233667,714.8552709924103,781.203090166812,373.0654474256497,214.33642908993167,545.1947685590063,38.38280064735744,457.22285580380515,994.4553947368873,735.4861035532455,293.4101486967008,280.03540461400246,710.3044061981894,880.0280481341149,430.65340916851534,255.75648520838567,970.2568834215023,875.1386930532708,775.9462049432963,1
788.6256556688598,405.4791999108398,699.6208662467452,256.0728599743837,412.63969378819377,699.5240501284451,651.5925742067532,744.6315862920819,600.3888524915077,59.4327905250287,406.92959327626863,789.7660414184612,427.2202024115569,488.4978674554317,441.2953738563986,250.48941241402912,966.5907733055527,784.5551265715173,947.5943496691988,390.1687522908409,1
662.1028322927538,571.7443973522948,562.9602933356974,515.0102485265234,752.3190263807237,641.6747940565951,803.75899407475,50.410094659696036,704.9001177463039,142.60185566575234,730.346091881225,732.1212055944505,463.959194360102,22.753551036343577,900.1053618375975,45.1542741803429,591.8091232624621,171.27712110639325,715.3097876898538,271.45360201523215,0
997.05293666421,125.37259746302243,910.6799324889463,649.6701070942114,105.91649590088615,91.04966221352495,36.766823733255464,851.342393189161,765.7983080690394,848.6698951933348,543.3154048985368,924.9233972055669,619.0028502361104,351.1511429006297,54.10162274513019,39.016797702297154,787.3689893722606,276.0897437101738,10.768360051049086,353.0264292202936,1
759.6596295345227,867.2916558080617,918.6443666787065,749.0494093647683,575.3121949668389,988.9255877010365,958.8116644677092,334.0583787001952,251.77326003300038,864.142664490606,19.56795839864578,851.9094252671264,176.49758625948274,560.9449231955122,83.16976386836484,127.93354455062034,301.20521471427674,406.46629482212427,102.25859187355779,825.5552337751873,1
893.6478780000282,232.09748154445964,855.8894793581477,996.0371209245734,237.0930802663086,637.3995015414656,235.82920055278257,711.7323924233226,20.96000974635659,801.6514480684322,146.56713708475488,212.9474063192558,990.6405325980012,904.0226285852141,910.4482486057409,2.1857859630495247,531.5255228669555,781.4718448714311,563.2750827918339,634.0136776213344,1
905.3140768840743,252.71761697834327,715.143026527558,18.526177759307426,767.0350553414798,931.9684958070499,351.9467276777405,735.5167391001204,473.51581136137264,25.532379251634207,197.36219575822022,124.29358119711654,524.3164116709125,755.4287477110663,130.98098871670283,202.33748617639492,905.1776151065287,976.9401351120769,649.9238494383625,254.65329144185245,0
525.5653990708013,495.5995945746473,159.32370552037588,781.9581656585223,377.2218343480418,178.40352189558573,136.21928787168025,758.7239169843044,801.0221769197475,775.5682791238356,795.0827701009277,822.2226958116429,45.5309577506342,516.1460022355511,688.0215878049387,13.517629411791798,341.7027893599379,378.94980102309086,861.2279490360319,264.20067739546516,1
106.63095045338444,499.05929431426097,817.2922867217289,75.64383727269686,255.99058595155867,730.1176670682781,308.6366552541444,272.92009523583016,995.4402858430086,260.53013263041646,443.1913299246735,51.448310653984144,344.1031586126061,380.1889197477021,741.1433420938645,906.7996260000691,34.427791270071005,997.0274178273637,94.57778694182973,875.5229162552531,1
856.1178430905381,722.9327840499332,747.4130565448366,506.35806378810236,356.21884374617275,26.827643419835123,595.0780503902131,817.7000213571004,443.7231529563096,6.251321894373829,661.8946654612226,209.8900319597854,921.1540520558764,282.68445922803045,649.2729084329733,756.3684389247005,895.2000088645324,766.5119756817019,879.2189660867025,44.8973412805116,1
763.867673317428,520.1000142935304,450.1356708392006,292.33738049547384,63.566453166069905,0.2813488901010075,688.621609419815,131.0787856397908,729.3244663817056,61.26476392695379,530.6843601538313,713.1602535867623,326.9415648892647,871.329968238023,978.1071568544876,262.0754729487881,47.34561911825108,131.95696074978213,201.16419928255246,299.29986133980213,1
964.9649531785011,946.0274476559171,352.6938441898514,692.2449437825712,696.9556587832896,14.073924352624111,642.9731351250063,471.1638906256199,178.18401226570325,114.23717767105623,559.9306449302193,979.3098612873464,135.8777290480301,430.1601652306437,13.805326848359002,296.6263579805718,857.3663302043271,634.0478483576064,310.07758097816384,147.9276218683684,1
879.0213017476244,918.9758057733698,444.6916851403684,756.6000373485548,629.755572260581,542.9598492602588,465.3899040268027,75.74865022637111,43.42030428998744,258.4801659320559,371.0210274811292,448.18123738209835,8.232044413996832,591.2442364532817,52.191439333646784,247.49940894547427,631.122777106577,782.3025988520097,904.2552358192276,262.85075522185497,1
869.029168646375,85.10424880544699,227.32993047393146,389.6897487760451,190.0576077695669,239.93507726780993,79.09066809070875,7.199566470317276,728.1962643456957,289.09592032206456,242.2162307811385,300.0086197661589,939.8573412621894,674.006108660488,543.0191546245592,761.6525315701782,350.4479440886541,271.20316084922626,287.89476498559605,803.7965838285224,1
888.2844390847306,984.0636357359458,711.2185124322988,553.5044273675069,368.06913401906513,371.36306978170376,416.8847258688896,12.06733027527207,295.1645202179206,611.3532334413491,321.35756154693553,918.3811249320057,461.6133270014512,246.67985269327997,723.9781580384143,559.4850426072522,800.3220205011236,223.39837054536915,660.6248026908762,296.5285617739812,1
786.1681732081237,515.1866829227657,341.785580939041,313.86368994794634,590.9363952442914,412.08319112624224,285.49137433222285,444.48498306927985,857.7146617637774,6.460400268515132,777.5601053724873,247.5290276174694,743.6739496966096,865.1062802975235,454.4433039233685,174.3210081320231,428.03549239173054,405.7154084685024,823.6222775989037,714.442079532045,0
273.885688052085,469.5419588800153,353.21420812832014,141.37586433885772,401.15607971764445,736.1011104028937,363.1408520211631,331.57317479171724,824.0170096861933,61.47625041561688,290.923122425711,171.97643634311854,697.9831285388988,472.5124193269165,349.1302352603439,457.72457213572494,286.76459363532126,767.7009295836398,991.8793603286556,624.9824631753339,1
259.8482725337622,180.80393160269747,671.277019816573,958.052129494908,205.87746149707652,858.2069908991177,124.47839281037265,511.7769969748273,325.85516997667673,201.79255755543568,273.6031266647717,437.50860876605236,673.8111443836312,321.09144229074127,667.2480078845061,619.1159887413829,691.2239748001754,749.3459622356462,579.804555852823,719.4390571729352,1
183.75178161806238,146.1179272872104,877.0089970311556,782.2130027289924,61.57416028402585,298.4630059809787,72.94809556721515,467.62799443569537,532.6824142582434,644.3548177914697,564.9060382752534,349.6788847391308,387.8653615126465,94.93518614273012,93.66828538145022,838.7366553331174,6.207099147574668,103.83842913446173,915.7989649372482,501.98238530347294,1
985.5100578534871,430.3423325339706,640.8088739467377,492.0019352955539,84.85882414550261,480.8043360954988,503.9776382438179,163.86020280109736,679.0116640753048,61.6395637860433,173.3782507633801,624.8355724385931,139.94977720253743,143.29798547938856,60.16324465401257,545.2055161029705,208.4937814263216,285.31383777498644,84.54093727996714,360.222724145719,1
304.30961901146037,113.66172142729324,659.9580173588985,342.79311042205995,274.4001254523719,877.9768171779272,120.47511903660157,621.5984022310221,210.99733316321147,519.1297314787715,934.8539794306888,257.45357919815035,881.5965439680997,306.7297160719696,564.6147989054657,77.5141335934324,800.0333510502073,817.4292092048971,763.4722736420108,495.9203363442274,1
948.7346504302285,248.93030475969204,749.54901592159,802.4953835241721,545.4237810380955,60.432840986295865,670.829541913291,455.04368049028454,878.1241679518286,950.6387173680135,120.48165147056022,686.8694793235497,750.580122108823,695.1441338843055,31.256823962032332,745.0907379088247,129.6187888261955,883.3733973603485,632.6744365118594,59.71816096681304,0
501.9845624199447,617.4625478187075,549.6327778396839,505.62622401981525,139.0443565344519,497.73192014535704,558.4778915159852,100.33667001685109,228.26498989963005,741.0362886901478,547.1615054530084,330.71010672084446,71.26458681991676,316.9186701123814,742.5103728114137,305.7520957655702,939.5317467244257,243.89636866962516,172.25181166404747,457.3038235889331,1
949.00909797863,956.0147333753504,343.6829585146759,158.24844185989474,404.01225210973047,233.2054681029554,970.1954684363999,987.7152166750612,685.7194556267978,751.2802916929397,722.598835531375,726.7694932345216,947.6948142766072,678.8734782549967,585.0734386710033,302.0788234410211,656.8261514014539,922.8511080564106,176.44129703897292,992.2829802482804,1
132.37994865160118,575.2480112182934,843.6607750346133,972.6718985787401,247.36044543080084,423.4696337519143,279.7275017804879,90.13892993566064,788.4072726396414,337.0029367282219,649.054723501016,114.48102392250725,167.1691236203553,861.7771243609602,757.2766966741979,868.5747472956589,810.3597913860951,408.8716628610994,942.958760385955,396.1636833823777,1
288.4223895207735,260.7168515657978,642.5297845928181,510.46823257581883,330.8030062256673,320.39422919913466,293.06537856845074,138.62235996021332,887.3060873133791,524.2143623817389,940.2986565283179,375.79543399089266,36.94125008738225,521.4052273815413,821.0522861770718,188.34527827062996,824.1663464960241,545.6400154285493,270.79985677292603,937.2128237367857,1
319.97784307329835,229.0465996469677,809.1055032428286,855.831141342289,418.19060850845136,725.7231418686205,463.6948923761395,949.0946238530425,432.6492886131095,378.18990190408954,132.98849597492878,806.7494443233777,793.4255277392596,333.18613258865713,910.9468247531412,243.66105295134977,301.99026817206885,863.6712155583907,203.4322038131967,706.5784950929395,1
671.0666371632121,310.3245491475304,109.68094542221485,929.0538127001271,643.4224729033167,752.1634664904495,328.7907403230084,103.81639718985114,259.32803781021295,259.9913233085902,52.052361803537565,656.3423735528764,334.4621951194905,626.5148034725113,188.39345908686866,370.0734917381361,54.762214308080374,931.3304735984273,622.4632860886521,416.54378491101295,1
570.172741653301,756.7703517593022,821.1055545422026,782.1282660534447,447.8402574409367,500.85577059683084,535.2002775687943,362.3925268434365,532.4469796235251,440.8894952881318,646.1673558021322,891.9064057398031,882.6592122415029,701.7163841258294,697.3429408351828,434.09327028815227,777.4548436505363,960.46686727617,115.39032215288213,388.24699585577525,1
961.9912120710928,14.205322565992272,515.5788833778297,723.6592184055381,837.390112214522,591.4016069691365,133.9484179828685,89.21511322975795,496.61548876867346,661.1631900482922,77.24972548322395,214.92289488166682,187.95839328717366,521.2695267172099,759.1897697220096,502.9312647156733,242.62001299991763,938.4421661385476,229.4930192407364,271.4420778402101,0
920.6311318688074,949.5608817678342,398.7926848596569,366.5103554170772,345.23659009338894,6.134181665554683,51.94849034697535,101.94787068847533,500.40704329357413,172.25761674655504,7.803556379700871,640.7738589276742,318.2369043052626,524.4982295674954,807.5641594166226,599.5874256468323,251.96629454773256,770.8993764994926,284.39162518639995,837.2313027757843,1
321.4168024958248,358.29487055133393,436.0380523079606,223.84596378484656,925.6588246661587,871.234866238664,300.58928557867813,564.7401793101332,567.217919424128,382.3930865948104,613.6312702512988,450.4165456878275,215.74456297763078,574.5122848018647,736.4418483307754,715.0651828950568,462.7454136637116,262.04746257647713,67.19399893128697,865.936313313167,0
364.16521767125863,619.7092575806594,126.72769014322616,78.43042854867033,788.2813757384657,868.4348756874058,575.2125747487404,611.8380615122231,985.0366262979572,73.84450273290422,221.225711468931,420.56331375571585,921.2075517816272,110.53408031885358,604.0242971649578,27.80579519917947,26.0417631856088,459.43185835335964,715.9715991606087,333.3113317013522,0
129.82760187985886,305.5467128507935,763.0653919179249,917.5586745798263,855.903529501641,490.425742086204,590.1054457457195,129.60595779283213,342.68263500262555,836.5356237086752,940.815154542959,592.8085133606362,508.90000993843586,968.8729099171608,333.52936437141534,271.99983562857545,11.255810599421267,518.8157011082533,105.8610350778506,271.37411931372355,0
572.7327683231422,292.09443979559023,674.3587174470977,382.7702163841544,518.1589540327145,563.8586083986486,116.06139886982125,884.7324220047401,153.75910684504623,755.7834240495745,354.0741148720835,148.156898873818,268.13991954018434,10.828767652850457,514.1300764959692,889.9985191618606,600.2536026892703,297.18618791980936,841.682995411963,293.08845940332753,1
69.21977573673921,505.4850423256271,854.3131136428468,280.6423525570597,974.6027839455919,288.07565982659975,775.9003209533256,382.8317723127249,138.17351878065043,982.9043575637651,729.5023106736514,374.474006311987,343.62144639798163,308.65288228529,747.2621191125633,598.3687709864032,894.1343696451214,352.53764731657,265.82713550428593,284.7400679674267,0
665.1877045786049,501.7434790122499,239.71751532362816,455.8386518216333,168.29193967595845,943.936240678527,495.80653796530873,386.03975443831393,263.80497100353716,875.173048324202,945.1371786433051,74.35802798285007,80.6284400034848,578.7839852968466,617.4775541811168,805.3721744009064,384.9199689359509,247.36852236907458,479.6064581169357,855.2906386115515,1
478.74463009078994,383.0828762566375,428.1357494534408,485.72976074886907,797.5364853271312,591.4149422284142,189.73649561413407,303.6241375269887,96.5630711387897,286.1930828678717,949.5866713809845,349.89314937173134,440.33981873242,261.79385203267304,472.85507766956147,721.3517545839584,990.3767766863086,543.0353225832039,918.8828976429003,214.16079126303157,1
836.4087186912265,14.952356962302794,296.8859530766065,375.28593713163673,495.31284034252053,655.4391057823658,912.0461388384088,818.5383358640263,685.1376436803646,240.39851708061576,172.13801614472192,341.217968537888,248.47977668475306,394.6770375271946,684.4340678009214,243.90238385734676,143.13149502804035,908.8887325100471,16.888824756867926,519.3901828143513,1
644.4810941043626,785.3988132833518,255.5827252673687,422.4461450223127,783.6259931478327,346.1134100280071,622.179870735463,438.7259453096439,216.38839913924522,438.84255235380175,775.9565126930512,386.67598384681656,688.3635134791402,116.13006292037898,209.85619429073589,785.3383688200979,857.8657296613511,106.47910287505813,710.177387939778,652.1221476468714,1
322.0456141459567,566.9022129992676,10.867807199829272,331.7002544154477,923.879626404564,640.6990066325775,683.8907663612559,584.9660979780296,420.67208137254676,988.0085949710315,443.3537783302176,403.5513362092296,299.25576378455276,670.4898369228642,277.4810858443323,459.54900971396063,194.6963516310496,412.81143432741897,19.751323906990194,943.0427795357631,0
310.67457818982433,940.0982391081948,246.36807566505414,540.4980548412873,896.2499183838135,345.9634349022986,493.17701826226124,468.56294565215205,920.946327760683,387.8316301036898,818.6630065270598,801.525217434734,914.2591182214845,645.3080400074925,190.69911563733356,123.75309643034372,929.1647665252253,930.0008193049853,423.72478433943104,179.4367077627974,0
779.7230950678322,433.2909571576594,261.36887462880367,981.0307880235478,549.6231001416329,156.7951831433788,19.573810811846947,910.6654920270068,455.65275905383385,19.162710206000465,444.0364897805899,885.1800685627536,511.15426278011967,109.75760070031359,608.185734235118,889.2036805167432,958.2803297634837,134.43609815550838,249.92803681904107,611.0333303562401,1
294.8785254882538,826.5973610662992,899.1835161331718,873.011040080216,566.9608022930032,175.69607564451871,541.5325262317912,217.1218804536934,405.71513936118345,737.2957013255433,728.0375364304596,297.9627158400724,812.4974140230986,730.3844194908944,434.3768838621257,355.608543300983,419.40412102225235,666.5663306949542,971.5612073456491,0.8907919687661803,1
935.7663577288318,869.4772279866767,566.249591445227,36.04145792973923,99.21382759924657,781.2141971707504,514.8114297755392,420.2653176085424,669.5080230075168,273.30693427825946,324.70261167581384,682.2163027108877,809.6684627907996,958.0616041093027,953.3300665526366,732.2608636770659,909.3760387427278,110.35487574199743,917.4344500331109,5.887240277251293,1
767.9578579043299,514.6492501766094,598.0956769377924,677.7876202470203,752.0860984004539,130.65201846901576,691.8132432364679,372.5906739783292,797.9569579203181,570.8221068238918,479.2219046271503,411.1175863327445,35.38675099156252,975.483459248022,227.32085038087035,152.95930966481197,599.0183843718454,198.95898670750756,911.0526926442482,880.0927161323993,0
658.6933547981685,420.81992274211865,150.7888379726232,216.78661331624548,111.13653480281738,134.19611841687583,737.8113303083105,174.43246646878796,135.0367924220829,609.3359724685353,493.96991519814424,453.3182039908611,483.1892420652352,87.99068140970112,610.068463965573,116.99414134644948,563.1544341310562,158.01296571944135,881.2772392367231,386.7328647813725,1
817.3965715216701,21.836370891061385,934.9442217325866,368.49608522360876,997.2875803838118,860.2413124067821,220.15749168045474,111.09580625321702,252.19712945755646,365.17844251449594,316.23068485805726,961.5580449439711,571.458920488986,755.3088959788329,563.6685044931303,560.7887132884204,133.08008483021626,585.8110057103861,872.69705905012,408.47964392809524,0
872.0535087381061,475.5916030225142,609.6173963884745,30.967732250076985,711.2877518910072,796.8284340167405,788.1038203420068,883.0361714494958,434.76730331322534,955.1204765362442,319.01013607191175,809.780411800949,611.3641877843083,994.6939955944041,503.90039847212876,550.4883866699365,304.26218810892357,399.1447317351152,983.8666653033933,744.6211858958255,1
647.3823306087378,982.5689846154784,657.9710862985313,140.6728759732787,66.5789433629228,24.28698848351585,918.1344406885479,885.6343422740789,910.859296095318,111.0394235030735,810.7923092453591,369.1772092757012,149.78255037209388,383.378589637569,109.69363026632806,271.49675849934715,150.8592530001146,438.6718937588301,297.00853453600064,483.83962289076896,1
127.02268443781195,826.1252498131208,838.3891217447637,91.19458379315282,897.2032737771596,78.8133241485276,89.04658655868647,417.0430880777376,967.4457537346115,337.09611892087366,589.0946928638074,338.84770184107185,944.3532506005778,348.8831253595525,378.70499983660943,647.9446713292031,285.98611133683784,278.408881863344,112.85475472214735,514.2549435089643,0
673.1429313806598,413.3172382165421,902.7569759300243,254.07225377460608,686.6895531256428,628.7457890511341,576.9839565848577,221.34481184586684,758.137717471,678.1974864363747,989.2118985027575,710.0004590363155,269.27714232771604,138.47958055516608,639.2186743363442,974.6672387912541,104.98353953463379,294.00777516855806,39.5476083867321,151.5949876432352,0
47.44054256702557,314.6768202247727,192.18806049933877,14.698038322828788,87.52367572414954,672.4589299298377,351.48489275131476,163.74537844374802,864.2113745737925,430.36087912048237,971.2330131157878,737.0957978536051,342.2205146497269,470.7897931067345,548.7508457103395,588.2980323780349,808.81348748344,87.65132270405485,925.987815143773,73.42452621144746,1
772.0422028499598,832.2515880208834,134.1384882000326,913.9546650741701,727.0440564065213,506.9602999193653,661.2222113824803,247.48402662282498,595.5591586685031,530.9362766703725,770.3576601780912,488.4728107237518,162.02615100362573,660.4730854591796,690.8812008814107,332.1255871739133,422.12890231918897,158.72899173046494,989.3624325134031,22.516832185382363,0
408.27786722524695,669.6271260934519,661.7719104298144,549.0809974863722,603.6272593855565,697.995970241265,672.3410470151664,435.2676152088788,578.7912069173799,956.5823560959136,903.0802872501837,98.25870429387807,393.06787729742064,447.33587011035047,178.04320739477032,823.8382181866543,114.86764795553994,137.49431113734113,595.8272032416097,328.52621720485075,1
95.4431306160951,698.6676655102277,872.4365677441838,263.1788276555551,938.8237936061743,233.872011586278,178.59523043494397,706.1917188509107,436.0623429081588,889.6281751704599,463.52838224595985,108.41807186986652,27.19106656214254,28.278515671880665,675.6836289635614,5.457849580767005,844.8220450809597,520.7927899612414,378.41664952206713,539.6440905094053,0
667.5983635972678,259.20014549039104,924.8974023547952,176.2988454482176,127.88757480836344,626.4274635510662,727.9950238295921,434.6156377441956,539.9861331531387,427.1915016780662,347.12200264422387,801.4091736295918,908.2854351945148,260.4145136077235,957.5600080488745,617.3448217162795,364.22274832434675,780.1930498647747,968.7040005444136,533.4261636448969,1
974.9036224463936,922.719120546578,504.86328103786605,19.579092748765348,417.59228267408764,561.3262060431481,62.57418758641775,57.05200933392718,56.74699233781843,66.10085511169106,953.6706009114855,930.2796302863082,115.53175000030103,747.4633860161522,437.0888752558336,140.89440963935073,859.3228128250644,671.1328651157389,767.3753128415749,217.4394601872116,1
541.4584795007945,779.0178392875602,725.1724419554804,836.7939598522759,682.4069083626816,27.207252429827467,216.2463195871911,719.88248696135,616.9405221978602,791.9523882287117,571.4853100995912,655.0710005314074,924.3009572550169,98.56259874410433,70.255421467313,964.0900287991519,739.9206026759393,337.1447568885775,634.947865141975,673.3296329359803,0
37.531728283550116,873.968736052733,75.3142788217096,906.2353539319942,104.60214993089212,233.09403970522158,378.53539714366866,737.999305062298,580.4161182649567,889.9315812895393,293.81856937552806,105.08530467420552,784.3780240501051,965.9486413576652,833.253248054571,219.18560560521072,481.4459222175848,44.474698741870824,937.9980554143357,325.12135661330797,1
319.4426856882528,635.6597368297525,157.05786559419022,754.1134606453761,92.90144310725856,96.97693867585244,264.4259809581123,62.79326846860322,596.3882686756876,599.843691856909,151.51657206688606,153.2257640536716,592.9290678308228,745.1766297822768,444.3678655386001,668.2946673555932,387.1188875605448,812.531287875541,514.9464475836483,447.509587332969,1
730.6038067477101,232.95518033470964,815.9855508157485,440.6577673127221,361.34757919013396,380.09358860136734,617.0309676243041,658.4662218727719,233.51848882809145,526.8625102569856,579.0095737731682,528.5286764758263,148.71983332776128,182.9772038730574,713.4529808020377,160.04233982160864,214.42824304823228,493.59115985998426,785.6708873567234,301.23368824895937,1
590.0789396497564,149.26496698715897,73.03051035544416,913.963436068009,693.5641832997175,761.3632075740924,567.7193580329388,300.97256492985724,380.80589724053505,434.7063779745397,5.3943643148461895,585.833607563557,251.6920617030045,548.063222761821,969.175664820707,750.5885757471194,829.3427517829484,438.29521858376586,392.33500196609805,947.7228030750271,1
994.2571090433522,209.55279823907003,525.1693837262419,901.175555099054,753.3485948862481,679.8627322942853,667.8023826051361,397.7795897205516,682.9335682994542,37.83725786965719,68.40261998232012,14.112634742734498,86.73059287738471,755.3262125297261,836.1105595111,210.76256377071113,757.6899506934132,155.1181574422297,247.39311664128482,812.9328333772933,0
879.4378794059382,249.64751159766908,37.207163688101396,886.4079006747012,953.46355852292,467.09364880761393,26.13426083015302,398.9354591706119,70.76479458639152,180.35001850471056,877.220363559558,199.34072071732723,871.967286148623,1.620774791555979,978.7974266635972,283.1533425665804,93.76154355306588,90.6885315923619,356.0637448246523,598.053751837597,1
215.44940983611505,150.35747138143174,293.7411544342605,158.5088294578727,737.0442554847522,18.71218558138765,932.2014129518043,859.0970583108962,649.382635022869,990.8733748005551,683.1875713668834,711.5348799708676,168.25441926436835,915.8840374515512,253.44185644675775,395.999706492687,845.5346165292543,797.1017812684208,553.060615591858,156.9862755260073,0
873.3476304445567,67.12835863415822,865.1717411714906,731.5234445743008,802.4507722217988,179.32960071484482,907.7870909002074,413.3469694320632,918.968124715962,661.9495279671477,972.4125584308656,929.5124550387243,8.765514963713251,500.8386437499184,607.6699284770774,990.3426160524015,900.1773586819555,603.2605877820821,924.9698944757157,950.7705684519525,0
812.035953478593,151.12283967065798,7.894414982955955,391.1900292796329,472.6962354886486,600.9715500813525,349.9185975602581,291.89397008479034,481.25611815352875,11.299045181782041,463.9626075549318,459.4383841314013,48.80749593630984,106.16209267721533,41.63611477253515,97.42267749039301,268.26320716089725,625.6456610189447,773.2744257511481,650.8900346333204,1
507.7378726023838,455.9831628653015,849.6333182273492,896.3708735172531,16.215826517835154,535.6007327322236,412.4574710448777,974.5334059847951,697.374782510291,557.1078673470115,162.86836386617352,971.4119622507193,171.38004264126417,578.914232660284,91.87769008954649,144.14132288186377,220.05180037539017,952.4667853317951,644.1678442418589,679.4245329828401,1
31.005778936086912,775.5482011268869,573.9611230215776,780.3712481663549,645.4848047899156,565.4238485141747,48.460110175207575,448.1891407954243,433.12416108532506,783.0468267184996,359.5760842824743,806.6434792016055,752.9419580856481,112.19218784877538,111.3861828432675,668.7335825805314,439.2491249645908,740.880277635841,217.01860243788872,726.5804580564788,0
208.83307227162229,188.84195296897988,848.9485794083928,847.4543195382136,574.3797256846568,987.6609370388799,973.3324763536493,704.6542985700262,729.3403340605053,732.279612775157,673.6917896469516,56.4064894189783,847.6499420619075,723.8853996922152,271.07852714996693,893.6325271208004,649.2301939801789,35.31508905322633,176.91794692710172,661.7615350734676,1
360.3413827071911,141.28358671861986,54.20696191710683,578.5490936331345,826.056404240359,970.6143216201392,133.7307537905964,308.719002479706,324.2607172040061,547.4904338863926,101.92740699570923,963.8565227169423,48.411306246655236,506.01129418539057,984.2467341337955,601.6605901069204,515.1826073917107,460.06104715308607,715.0485971669032,599.8127549129823,1
763.8122847195423,726.8363634198333,733.567716459837,581.8985963002785,966.7256062242668,235.68350976165732,479.8462201540812,172.25665706958358,692.6347541317749,999.5283304683531,738.345951313669,260.0078223109381,903.1730348174109,39.83972432625627,751.0125444766621,542.3595355863959,74.1031706875891,71.89083142432106,158.50256912060723,856.8362083007402,0
72.03638349764351,409.67866744581625,498.6668931065591,313.2010367779741,10.187279812990946,72.0917608628443,767.5500691316803,24.560625338067577,940.6110196345379,800.348900241341,170.10032849738144,181.26224839837178,536.1000800674055,135.34419549029064,601.8659450429167,134.11554491822065,967.0607297598626,801.1116835698936,108.31686482078007,217.5827376207222,1
557.4159722123807,238.834664842398,444.4814801790973,908.96319263008,810.1084745324928,216.97918047376362,307.73534136559897,862.8865675014966,522.7655589888449,550.0171070553023,574.8968337808428,763.2384272712245,48.58860280666799,229.1613308474747,149.21932741805932,649.526355455493,632.0508056668302,25.830710019983492,200.48839606333945,76.40411493781707,1
972.9935641082432,126.45577761107674,262.1926034904215,842.9908023380135,956.9533287661716,211.65586125631174,745.6943410320566,326.72347452442983,88.32200345043451,141.5025235098153,341.1432271347496,24.13790298260976,888.484989378918,834.2320022036068,818.1831268589365,111.44131539179524,895.0826806194247,550.1562296447582,52.25297992840938,590.2214645286855,0
382.9760237251669,499.6793349522188,55.1499031010203,842.7714326652697,895.8419743000482,815.8746122205426,138.613474229199,65.50302929929953,681.4253452755407,815.3855346578982,439.1410304108098,846.4097321403582,569.4144059806598,611.6419958488226,420.7455831734279,421.5404345153016,971.121295043968,67.0504394586573,196.160553720497,559.0220008121181,0
120.15496917107804,183.81102013092067,774.6604427801119,444.6456105919242,810.4474170470562,776.6870826823548,555.8355868249138,504.5495345904575,368.3306735709476,757.2510006083479,180.05441420985247,748.9719366801537,288.0901442874818,51.6424476117957,391.5356277041565,419.19823923972456,635.3103214921865,205.12666455962614,514.7517992307301,432.6419239810373,1
450.27003834136104,366.4421148522157,830.7301060393867,262.5480922384498,127.33801422586866,501.150370353004,95.02315932006734,941.5093813981671,298.80648654633023,2.435601833362444,676.5344428101165,83.31533824175908,590.0231500241206,856.3724046718282,809.1710068026215,100.36207994575597,48.2565844418259,309.8202721653284,393.44736770380626,704.9140318237422,1
780.1735473438166,134.68018426999583,370.63919087427075,596.044870529068,718.1872817972123,683.295936178598,299.1480241810882,527.041707425767,412.2565055056141,71.1554310690895,174.24407454313751,573.5456482730717,909.8148000799425,354.8340075612839,279.51508451937445,104.41242109957183,900.3689500631582,123.46836409172634,204.51656761021354,937.4502609796921,1
228.0204406279448,410.341521471279,250.33172309022322,92.71469295151424,226.85422862903815,752.2095718360112,391.61288082267464,213.88986301200796,700.3241747725309,176.43844160504173,264.6051136584997,414.80443113245514,437.07878368273066,952.5377481399672,937.9077057223628,691.4752572656665,296.9241254882639,730.6629223571935,546.9974553671175,952.1402243152173,1
47.856438721425974,709.4286132303494,685.699157389955,70.4892667625372,30.163965586027075,60.050346337676366,946.6023873487417,513.7748540078956,373.1495729227428,688.623176646583,813.9229779454901,92.66809652846786,571.848991216747,629.2332821862323,457.14517852562864,144.0373567480928,869.6238496989531,10.60199360851366,857.4748481527423,496.96663127886944,1
666.9031393789714,404.368860673159,384.4934443676149,158.57046393394515,223.13285477288525,362.2419877683244,345.74073735405506,205.3901456979732,937.0664104980981,160.16020681583754,91.54419778728196,321.20278390289445,427.94936076765276,473.9955948002521,703.1770139557666,469.06024905506615,604.7526880012899,650.3903531931894,853.9613854242416,220.86925124251545,1
209.19157526133924,170.23272396868583,880.9437744551941,557.0723941265904,47.626366673528594,795.9129450989418,163.21426784922545,246.52355366524438,211.2315748905157,492.32612448026504,747.8609755414574,707.8053676923283,667.2005792094692,756.2241393032704,331.4037222420878,80.96811315131602,622.0621937380259,126.79958759603215,961.0495734958057,874.7490642690182,1
449.9083529188639,611.0757874895172,754.4008708003653,621.1162037690254,870.4501029420999,968.5369353107534,611.8534644881179,445.3173542120122,430.69304391176223,58.51866902077951,852.2720504067086,658.3319529744989,23.388333223797076,67.24309508143922,376.37555521430875,902.1236650595328,965.9200636146616,986.6629342989263,387.68717666018694,468.56475141927854,0
793.6554558277212,383.18941270666886,740.9346123067614,192.9719541342999,603.0851574840834,925.532545217807,988.3432973963328,844.6898531577262,196.41757179994877,195.17442750734094,266.95258527551437,494.22517512848185,879.1729358901299,95.19140443834462,359.9209992918665,688.0857531982836,209.55509249245674,206.34087216020336,877.9453987514354,216.9570172180303,1
563.9813337659627,836.7246020808971,441.50886515634903,754.0343828285221,784.6120832330531,747.7813228866843,932.3916716251894,598.7883757632782,698.9149397610751,349.9453221957727,589.172539854094,909.4810618917444,876.362179556952,350.41487549220517,686.0065357455145,232.5743003945142,577.1255064368839,528.8612786790081,973.0490051368026,101.79075090193834,0
811.605333046316,483.3219656227913,276.2214765433584,589.7484230851437,905.4932662010299,818.5592821325295,126.04980993876858,926.2979009546666,382.53470375376685,210.3332675123516,661.0624073271699,629.352978802255,917.9142493104704,287.2215132782252,102.04378001439673,37.72124381486175,392.51007665835147,510.5175152563203,673.988778577551,635.2933622227852,0
111.10336341940774,121.10288873457209,454.54979794258463,390.46593847190815,147.26608937796883,147.28088258020878,696.930798266149,677.1257314068654,826.428176304361,247.7182228430268,311.73658150041484,98.6129718686265,914.6477600254495,686.8792882309733,672.5283882548292,445.20488569282213,5.0770573474868685,921.4732419500385,550.4017643480323,991.3117817004079,1
260.22317561849815,807.2341267809534,389.9549898109523,514.8535337468684,452.3283965565182,268.9875458521115,307.32516125215204,963.1958055995225,866.4371286211426,960.2221741784623,221.65443877994872,132.24467367405245,783.5180565406181,198.91030468949123,380.2077971240766,800.0011317591964,628.6877743968896,840.9130152782034,332.0444552842171,350.1911974608363,0
869.5546829100682,523.1741434521288,372.77301822752304,444.5556072834803,712.9865108129488,679.2863592758933,189.55263294976143,971.7358185390485,857.7818670724134,431.8968397362055,89.21328677903861,886.9799150048839,444.5745298110344,636.7446449355557,172.25123213473702,165.68166343665746,313.57891768274095,747.9890819755492,813.9819830202487,428.4732545051178,0
706.2364488835733,697.0342029491037,679.9760924280502,156.8613541202445,820.098992687818,314.49590174122864,829.2358632846558,737.7278613184781,893.8981707365314,202.4367295507964,314.8075660331968,938.020526361224,135.56156304529134,640.4786517126475,178.40639812968928,28.03578112307148,350.8330514821583,397.99441323208515,908.8129532165142,449.386482798382,0
318.22834090566596,544.0610546590552,82.0211502762066,137.90923131868539,923.230176553784,775.6934061603745,958.6182011279208,5.257323790722301,919.417630779135,831.8986324553683,585.9184140690481,967.9617810516376,957.2149228085947,900.1992551260976,1.7000835172562567,543.3255523232442,947.5803422157221,301.65885422811044,755.9448383223923,612.3664666883541,0
608.395514172253,571.3877249114358,153.80628326625535,17.23247449245735,225.89188546723716,820.6746779882508,70.6598170836823,37.27896571450129,355.30252966079746,672.1540283135755,258.5136980283683,720.7233063331438,790.6745723435581,380.3559553153415,803.932456727385,346.77570487329655,445.6855289935201,941.6877132271461,745.1907994360898,796.0257401363123,1
993.2973477344664,403.7875177768917,69.13675606695536,650.2979054189381,383.90129950768403,887.7146750462618,970.208108020403,501.11002487884116,984.0607871335499,438.8187631984558,822.5739252196091,843.1431855075446,796.5361725263666,540.1784777202442,990.0267078503063,642.9446658302439,193.76817775565303,151.9159185834572,410.48788493035414,453.07885253251067,1
744.0156183790492,830.1076363204685,375.45022710972955,634.0371053725207,257.3360487714299,162.94420248800955,565.9398681904063,635.1711654547763,620.0284654644057,16.604957481895166,940.4335132796022,756.0293920395446,917.8101150963681,998.9776805358127,152.33187405399872,617.7002814019498,150.6162602217709,632.8213790022606,928.7229480370712,584.8521779473456,1
106.00814583951035,694.8012097625995,935.5888739271625,859.4837770466794,943.2955148833331,95.92090884372173,899.9616015460529,384.282071937099,206.0125088978324,394.64016488011964,83.21989660980711,291.34774977594526,568.021265330555,8.38311883826659,160.2896740029456,167.55482495859675,702.199031948987,812.7672676177677,537.4138151300971,895.4822025173232,0
116.51234525688415,912.7686437895721,811.1720853880807,144.67766223166035,361.8401835290659,321.9342736990201,305.19454140798075,847.5092970899134,209.1110198485293,323.18938277963036,182.82417377861339,619.1908183345732,556.6160864382729,842.2605775003847,800.0728637112568,919.7928759601683,436.85890896843995,283.8115822531038,670.9458102483577,178.68735889213715,1
194.87944821136117,820.3082237570346,738.2575159140843,138.93397954995424,128.21501825503478,937.4043367848572,938.6067246942941,908.4962740151867,769.6818764132207,369.83681753428885,694.137497457777,108.52001934700273,533.6615378691187,314.42054987319403,663.0655900310492,84.02086393339103,123.60290506380245,138.365903541252,30.610552766470512,676.2135035698202,1
998.8197961308312,876.2011367315199,433.8824501627515,866.7547933034735,475.3448276915173,469.9263109172492,93.56697584678497,525.5753206805548,681.2733448828463,283.01415359415347,12.868719045902921,0.05265403341503383,965.1297866139139,262.60786176483884,889.4937417890467,385.751479765559,323.1815653264346,856.1646181472644,152.804253198503,524.4841311769184,0
387.0365998886443,971.0925535967933,613.2339453797513,720.175965827545,84.94198496409034,376.3287153525726,394.8198322496074,21.177311883423975,784.6724021857099,939.7556015691376,790.6466990845831,709.7535652759843,332.49888619333734,308.6704621751445,68.82322816849663,137.52166522520704,174.0342001797277,568.0244509159957,280.45374925924295,480.63247395868024,1
12.650426825046246,803.4863328374904,2.0137626467433556,707.583944396353,141.3661306152315,227.04936000163713,126.4000265782107,295.74531936310524,865.9273166849513,685.4271311182289,293.52000125334575,887.5021501013747,124.47624521609524,303.92580970232194,375.7511040642202,95.05607159771823,134.2760027549571,184.57255134889394,828.346982208372,116.26063605533388,1
922.6398949586755,586.2159743935173,327.27168232874004,102.95824056366787,966.2503248453478,826.8455923066358,622.8743509769696,955.6142927889421,263.25506025246347,334.25174599503595,196.16108018093115,656.2421423337261,52.02591433597914,962.4507298501629,145.97067770151517,614.919831900949,395.3709921391352,659.0875343836339,94.05334991374926,185.27945037142257,0
4.981274037610284,311.9323785348114,579.257597881089,700.3825960405354,656.0705345627325,675.5751820105193,239.1465508571956,879.4789632183948,478.41799606227596,618.9262233436432,182.2283677472296,537.752895674148,58.91242578004252,51.024771342708995,962.8154186226283,474.24426064406697,830.4131891012339,65.91071861370156,572.4106926320754,65.00224660064724,1
137.99060521936178,193.3150527927652,814.6105597876823,723.8019940287654,82.36993086338195,886.1350687123929,303.4645745523825,414.5062912233456,168.4179482478796,635.019961650885,175.1737489564288,965.3070930531927,149.39029522327561,302.9957909155787,78.33252776313549,12.301077548642292,620.3523401072921,554.5612138376076,648.5451757467055,458.5884085280492,1
52.84350610075095,683.2539109798502,638.6728046632363,580.0663053019499,112.07669352643035,218.44996128344286,580.207038213206,671.0339118458216,495.0852376313739,424.98511225065926,861.0032547644721,956.768531936317,267.77447047617096,186.9921892358637,985.6420041074746,75.06959349635989,38.56962596708857,589.4378803654964,673.3391602289508,463.62215154507635,1
521.8017847031151,239.93354475219752,241.35112669535806,599.5584110289733,850.1787312022243,81.10748183339345,313.88463846128155,313.41943132515337,244.7565469894978,689.0947868480953,189.8139037486516,619.3867133639483,599.6584525311756,191.5567072733766,262.60064375259,636.6359553649572,574.7837479764502,127.6846899092039,287.44191004454666,321.27291150950475,1
580.2591764552934,144.5297232966234,524.8481632085033,461.2378827439754,803.7524149844509,912.7389176760786,622.6041769761248,657.4875872725405,91.75560481066259,353.38470269736865,183.65295184258977,24.46473350728473,182.81331585066806,631.5995114613552,946.3940386477478,924.866898293545,452.65747361221986,649.7190084931324,677.2574047544261,766.5757838052637,1
269.24064890776134,99.42013244482406,522.3725373835643,85.94010283110853,923.8133445021643,163.0296749890533,466.86910259650506,964.4125313292363,470.73254666471473,19.50197273751142,673.654780333052,743.7445721773106,144.5326777147826,736.2376093787311,789.1788765291391,159.06193999032524,140.5422259650261,285.46503718518136,514.3992941500034,829.0711155614734,0
0.1765552500868628,532.5642893359018,67.23162011977945,622.6385959023148,983.4099160660488,43.57217857738493,911.3899747280701,624.5365462118815,221.35978461017214,540.030321619443,793.318384187825,170.97649952320415,894.254470355663,572.5301499550252,351.54528986612945,40.41059751824827,57.86076735868906,26.774551192464525,443.80459244206384,915.8667839072327,0
322.2135378444343,577.5621838532074,708.4102477488447,249.53695545213617,767.8572566695449,784.6859528577202,751.1232865556137,748.2865618324126,660.8679661732891,374.42424209584976,63.73284475348973,969.2408064836915,922.3695884359073,18.76471592762141,58.02952092120262,804.4856378429927,251.03394140380908,657.0537334224695,569.391598913699,202.65118970229003,0
705.3386286508439,137.9383694374946,36.742504963442556,183.05541605997544,242.9500870651038,438.88194953378337,326.8036674739428,155.76181173369753,938.6856872524016,437.8880585924296,691.3022958941838,123.45519964025154,226.39952323953295,102.19544936841174,472.3132657763428,388.2850880303115,592.9526369076086,256.0431557212863,955.6089126157503,968.6029634543283,1
625.0879659172871,862.3057449841647,516.7502811451197,692.8238769333899,290.7365671126131,861.5243078931741,145.80704356919628,586.1860751112536,125.04393596744612,970.4079536594867,858.7118020356414,350.6228647368863,35.20389448664052,389.6040789440283,923.2269240262174,283.70919019154627,49.50360642222651,72.38278548225985,162.96845012087346,12.871670882269704,1
357.6643219443595,613.9108450078102,57.777473792982704,283.59977771794473,338.0742981413957,42.69240162361143,836.6605253311056,632.209548819407,412.83932012253854,376.6039516433317,220.35908858395558,503.0455627932856,135.54568586363825,636.3126934777285,171.8371228379586,438.3068525121682,568.3762705494898,473.4389237520501,793.925116963813,402.47827199773457,1
946.1832578731531,368.8739412472635,651.6006933812462,136.8928699158205,448.0249565354325,488.8166165059579,493.1863622954746,422.75471209833904,173.281101508853,696.2004561151651,164.2485731958363,912.4603061834383,341.2362690244085,228.60523394729537,412.82036584317814,567.2800202916269,167.81464526209544,990.8577889150196,822.6956845898204,665.4133794191557,1
371.54810432115346,320.8294794804798,25.821378553409158,973.4067121010825,168.1727066402484,280.4088703638754,472.46015733373224,922.935783963015,644.1534598547455,81.22619304798707,351.32200562817917,819.5711512944812,718.9886378598301,237.54346024103234,606.9670134461444,619.4973010268218,338.740741130093,905.5334046587523,730.4559900072252,847.0714267428302,1
937.8087580271855,742.3425828121091,409.6733637986507,955.5586842927112,717.6707943510089,758.1697725324335,630.7924978810167,236.84501345029008,524.6294033027862,119.69754094516472,933.7936985782601,311.74162724367784,36.829431396248836,188.5996667978771,232.863376141795,141.57825911561605,200.67307522575427,187.14902347735807,587.6664857305443,234.9434192894737,1
702.99112991654,104.14385652924052,978.8740717461478,447.99747110508525,221.51183422848197,615.4448618585095,870.5720697886,173.0406770115207,230.43806587674786,214.52287634595967,818.5640860115942,588.0867374883434,830.2321980667119,755.6819502115695,22.65455503178948,813.6082506416867,996.0925605383277,175.65809289648715,701.9501018732595,531.9429905326028,1
152.3554262123239,132.4485841746267,910.8757420756777,513.6923313419649,503.2764448601452,530.4486044937024,174.54219345098275,71.1808100132516,226.1229507266246,495.10031046863213,569.0335918281481,446.97163761859224,94.01582371693718,521.5185294953349,185.55425723712438,359.82145055568014,51.195996799191064,483.9033596853447,752.0621033896675,596.1046821762774,1
536.7817058293044,971.3790222523392,815.6501546520694,505.1064180442434,348.65410639364904,290.93714089358946,205.69020293858264,362.8989318692133,222.32933418637955,858.2762797712273,681.7905137045999,177.0487538002363,908.3888096774197,158.54002482597872,967.5070987215269,393.1793902597495,33.61574179869009,489.919928656534,640.8609351627522,169.38296793228014,1
731.6393755603953,289.55550865962596,424.95578418095715,986.5001102727049,696.975159116308,402.2828232632022,910.6536686961471,299.487404153196,784.07570359349,342.5363987218893,838.6110950996557,640.1020114135334,441.518768164753,916.1454147060153,536.595202232062,85.79861967758151,283.2599163293157,116.40654475103574,594.4335025803223,669.078164435968,0
883.1559652486112,693.9366698439416,611.2351898294518,879.2346545113724,850.1314496311642,136.14266292578992,995.7831324766862,498.3729061372131,650.0012815710699,538.9925368657632,546.8351275231564,126.38876870406335,608.3083427887427,479.94398982706696,809.9549093739591,59.52398976435691,792.5494078900892,404.96324522859715,760.3831743860106,814.3858577418963,0
637.1060349402248,808.8681961702335,688.9514472251234,481.0743833012581,344.7682522664275,406.30216761553584,931.279436075971,221.39271908623425,794.2601247386908,254.18491523215448,655.0316144908038,68.70317410328597,700.807130397819,761.7266616062066,799.4139840600216,628.1812630523885,847.1465720596412,548.1480391605621,133.45735138683702,50.778807088168506,1
747.8090352530725,550.161334408228,234.39068159869802,937.4992046920892,561.013474402325,837.43379744474,658.5011166956454,693.27529241355,668.0101011420323,827.0178424964423,376.8257534393447,133.9726144738105,679.4254893534371,633.7525317492567,961.453194903019,293.11958410189743,366.08602061729465,252.57703619592954,418.6346199399459,368.9717445655092,1
293.98315951979515,856.2951340754196,724.3391078293631,593.1982280982043,27.934916437213133,287.69196838588374,549.6783244864239,234.67947840181247,836.2799393835785,766.9045652168919,666.9045605228603,651.0538922712088,235.60285965236926,771.1077397614363,573.412765915633,542.5425381944132,547.0535763493937,90.76417343898713,384.47515297476156,944.9112038519993,1
904.2276146525154,130.30595657068378,833.8780287313245,795.5693079159403,471.8131297862446,821.4455089919308,662.3315947881948,505.3908556492145,441.9612660310139,820.2616086340565,563.063885414482,114.18623997120547,483.8186024128693,936.0392164758907,317.9840661855753,296.7455280607734,775.8288458088892,950.33744179826,996.1650328675527,44.207188312701426,1
134.34437604537686,887.43256064501,658.1670708519886,60.65842000689958,802.3397137283478,602.8336403310456,182.63537431984557,241.16126097038403,393.8345147908593,310.72053962916135,95.74459468438023,217.53089305571714,962.9724012413861,344.80573037368237,158.33569871983954,930.8897690707122,22.28115772883299,976.682286751359,193.50359454789623,434.52758344282836,0
894.102338393972,752.6093800956515,526.8678032532125,494.31848219619866,464.3586987855302,440.2946586781592,912.5205012177489,106.41478111205183,187.9135710084612,189.67632134558076,635.3594862802555,115.97400507637524,646.704783412444,786.2570736867223,748.2798203687876,542.9341670302225,474.16934374711286,204.61050070626098,63.711885490206235,863.553376949701,1
73.41272442361502,137.93215872945808,66.12970384004335,725.7739490996822,51.55501151867692,287.6636426690749,204.18536371298345,345.2338161232754,404.0928801520015,134.97678031123218,841.0381217069859,778.2862836417934,400.76880208935415,532.3433354366326,264.94202280756554,318.57129056335486,959.0280632294854,697.9002408255117,848.3225214305073,363.30572925752415,1
38.769048222257574,74.59603605516807,633.6086816951707,46.9394063699844,788.9386291910733,829.1947443347057,796.1913248475677,433.64211298444,778.1472966465763,707.1284522521503,816.3461291924415,870.267524068385,338.5843069908807,435.54226372145433,337.31269699060397,382.2239463980668,982.8829969625818,78.56256511042258,202.77706377260085,493.4871537948359,0
169.55163814399498,318.3500626342779,4.357532642089823,509.7007130919592,639.245699457096,711.807874545449,87.51042890465311,952.3700629223348,981.7440371639758,263.3299299905284,146.14262288359993,946.9779841555646,518.5551458316677,772.2008770332684,587.1746018714407,344.1237190240759,463.60156047065584,682.4326060002444,467.6691832440435,796.12718914129,0
185.8809058471519,884.5379141814684,236.8053759864741,152.64798887033703,523.5043819721268,265.3381383926574,928.2458347984598,586.8378163238505,975.3605400704965,456.23079979070434,545.0966729774182,600.4710773573029,941.9954185891652,290.10455130461645,828.1868239126652,508.0229663692506,821.1268639975291,352.52763356542437,345.55775450477313,5.362943604435011,0
415.11408647129764,513.7430017077339,977.0343750918756,708.4204898422754,168.1722595483761,785.2155822576682,499.851678847876,92.01558762781691,607.5965894370308,513.9330754196138,86.23598439055003,538.7403398203592,959.572112120448,396.4241029240313,363.3546010734152,995.9238061383173,23.07692674858741,245.35426818183882,405.0618733138308,112.03019464104302,1
390.1331120547257,356.22769820003475,863.0916203126884,294.8452681473912,264.87617319343883,250.6722070417503,112.80262941272179,466.8331048811479,827.8640692239767,92.75621170089909,177.07332731343917,950.648362986477,175.94970719120795,305.4821990095934,967.9731594075741,883.3402614487635,440.9911028471143,718.4545775916617,529.2345269134161,806.649163069492,1
412.69377739432014,658.4222377264178,60.917544375568845,92.89513352717383,381.01784183933984,508.8762113024213,628.7293205931134,769.0078266898843,6.709123244288073,726.9953723519558,671.3880559244844,469.9177398221184,516.8438457959816,531.7861531486004,510.53099806526336,763.6502151533597,36.273526571120264,815.5259756105546,570.2315767327161,995.2378973908998,1
285.25702390302354,384.46232438845607,362.3627496527733,578.1087778883257,968.759371231606,1.8304983197788838,735.4598162495589,474.70291136896327,185.59080137341167,593.1961206406386,730.7299389217678,348.29685721717885,357.682397899301,166.7342645619204,488.5202201397807,192.62455462932348,799.928080924514,322.2977479545904,913.0611950983957,55.14359583845263,0
37.84225579690137,25.300675578793342,350.55425082700765,155.08023990235486,538.9791870286539,429.930014152595,425.6152217805702,830.8327244309379,945.8669260413931,653.8048439565879,340.50692569709395,603.9723833719494,604.0371680280385,458.95058953427724,646.8146492153035,789.4372475250849,52.63447126160603,152.15322213998505,916.757143552302,519.1472337787255,1
734.6127246380153,738.0091510687197,512.1960994438757,120.763976909678,786.8469942089712,868.5340754597835,108.65111126355553,107.74218729791352,910.4666057234215,135.95509394925963,424.3507963459263,127.44145500464721,82.88624866261219,54.03244269721752,351.4884277721493,148.8815891159394,922.7625207872891,809.6880098603164,917.7292328609979,671.1926132828405,0
800.2083100907613,677.8333640694152,165.0704369263616,546.9734286887826,32.098590150355655,588.9558773898991,107.65962405970275,50.71929981968759,423.0024006043311,289.03693745033974,835.1110871318971,637.6955878603322,191.38960706110174,478.5189126573195,804.9740008926776,930.4392183177654,61.54675037431056,477.21790562214636,342.68544222326136,661.1654074542125,1
400.9496871004657,897.0897656100411,670.2252452955335,24.232591606435093,151.57254875556114,872.0590694761264,132.89574741191456,712.723861496614,506.3242318794253,965.2769808942058,131.49730140665773,442.2013634033497,317.18105118891424,446.7406404637786,284.49993353720504,902.3684261430062,386.4795434872996,613.6880498111783,570.5491821180577,739.0329356137811,1
835.2084645486725,205.54853705537136,344.62170266520553,356.7180232932121,393.2833026976871,566.2108731230688,809.1794631013255,506.4405006592547,812.0442061874434,530.839914028239,945.7662209415615,269.30745020824855,75.83569840250648,369.1082200833883,672.7274269018305,725.8735176143707,802.7197015430899,486.8215364911188,689.3655698657715,300.5651938693,1
764.7587616695034,105.86258408594729,915.9623346439384,763.2920345106011,753.8644173068546,598.3280902764915,956.0279790360182,836.3729597861645,525.2996715862064,793.6443728359229,105.37578051731045,542.5932775495212,594.7358330924894,665.935760986401,661.2790224773248,76.91502507671555,404.86797845016207,724.9664688333909,558.3895685662134,983.7171608206189,0
861.8708337855797,971.8687774492946,722.6963613067555,62.751935873978205,568.2377790115368,371.20486629604176,678.5396480040614,59.23143971239098,566.1499820611291,461.6296790727126,327.2507582471691,556.3165005498565,292.5664229547618,100.91671270621605,100.61454234812273,940.2115482089417,291.45975585639206,351.86628869733306,350.81861293072245,268.67432392294575,1
897.7537743851717,782.7256427650292,462.2364452143656,823.9234145818981,491.49710664538884,359.2655000486246,310.45282218163084,678.4582416727301,919.8550596645584,735.878223052132,188.40625597860227,99.5209798119916,426.04647218466374,125.07153858351927,18.753821254052006,38.69683107249999,383.319132655874,0.2015120685380234,686.6453557229,370.0256122935889,1
542.1263596685021,945.963062688896,775.4316483831597,780.4347490519917,273.27488854886195,352.5710746212064,367.4148202471208,350.2939689938216,747.8285391622563,685.002692660024,383.58176549714193,634.1848836322606,841.1583281193676,500.2221421223231,20.109289414913746,318.1893227717233,461.9459120752762,713.142292332192,164.9469159489201,175.0392608814614,1
95.72367176606488,170.80731575403274,853.1027425679168,693.674492694542,350.4409533241374,839.399614286235,373.94964172184007,687.6465928057798,753.5068385538934,619.6398945909364,628.1770959077809,817.6555071734964,431.64872241009664,21.18775471778922,229.4073787998082,210.91078789794403,717.1577715021364,314.1567029061514,831.415227638274,881.2141813811912,1
338.96151220864135,223.82897195726514,239.02587607736814,989.4973355419249,587.595825905478,784.9006497047578,580.7096890452782,589.0156352206235,11.739946415223246,154.88537311980267,813.5653510751797,628.5412905617911,595.2890327617938,146.8729716326661,557.3428040406051,697.4822614806974,14.308179231392714,83.68545354382795,569.1034610561253,508.7891777403015,1
284.9778796336533,638.3635077404793,950.8407266283139,782.9987719855624,890.0014398340555,136.02448054924164,431.8715575196298,534.194070193259,774.2796412963953,839.1986536813836,127.09776922391158,296.37352601890143,191.78328249178267,11.559383923876453,566.2635311699853,491.64235453335624,304.58317306088077,225.7514194525092,40.55557151783196,342.47368527699706,0
547.6726803920336,705.3713415326466,917.5392679670243,465.715996135862,393.51274358732593,967.1447299817487,944.6702284275915,820.8349990972612,377.81814091095765,21.398161409173277,19.622768644324662,421.7732034433664,812.7645545032103,506.876605635589,11.818298266347949,816.9751326945174,75.209305054717,164.7402331248986,11.266751547075348,28.35746270313322,1
628.8162985093334,189.36362044415756,499.6992101783605,920.0909729902929,840.856727885838,515.884966129572,238.7687320371037,17.58120490402404,890.955072193888,317.134420428246,683.7669386107384,902.1558959628027,873.7561410570003,625.2584232733632,386.06784314387045,682.1864802006509,348.0846361991645,795.6361537362602,639.294335438793,104.63945325226909,0
254.45136594010643,541.9699113302312,453.3379965674093,725.3357349066007,714.894443701252,843.6214820491198,608.1063061576583,925.1520711313196,686.88733964571,938.3620930683932,833.4325596864287,430.7530721901409,944.5795624418366,777.2239227806474,908.5323997126148,729.4181767723799,62.433061601434694,986.0619063548129,168.83114736841142,211.23238696860213,0
188.53881574526443,562.8565591182773,449.01719630272953,769.6284916983947,696.5054604308508,987.9935522015392,86.18823003283038,269.6024431733214,923.289035167857,654.5822972372392,269.23468139946493,818.0049774714541,481.6217672602354,115.44185957519227,90.75627913570882,815.1493228111179,51.43091975856717,471.32206543475564,346.8053477022107,711.9481297040644,0
759.7869369046258,295.69274409511746,328.3893109235,45.590805353624255,244.9410812100744,330.4264061322496,103.09486853722372,87.43815636085195,285.6878830924777,412.3082012249718,670.5334161957757,880.437785119881,497.58865344546246,695.2536153614802,825.3457585361999,351.7792025750909,830.1386738332426,354.8948205047844,942.3338596443853,763.0421059783513,1
281.818825878836,445.70914566561095,179.20044136448243,139.91752221793706,248.8591654701713,865.3467661126178,831.8977444644465,844.8475600289125,51.59066707711535,822.3528887553437,245.37839422066554,303.238747790842,279.25960633934534,402.7584032933662,937.9014051315888,580.0166468507962,92.82221656464384,311.45765762978397,666.5007691381842,218.97661133386026,1
1.493486651692355,703.1271535725408,389.47209885630417,556.7126835725949,558.4159090078556,577.21071644296,520.9548944866355,29.60127002694868,933.8225694466097,693.5646944267677,869.356522312775,218.0850916775815,598.5405034392686,526.7031934449069,44.38866924078677,471.83399816196504,501.47184692234146,886.4614246199201,7.446484386599672,675.6153741168495,0
773.1847326471715,911.7788337487972,831.9907642895607,8.880462421339885,133.39945562726362,209.63681183843042,141.31200424797942,281.022469425624,705.1275472542576,455.1000359929218,63.93504158591712,480.0267250228329,719.9249785081269,326.2022898450382,643.2907873981728,64.77091672086632,428.53796407168454,440.75730875316043,245.82043949349242,542.5696860819608,1
895.2459771505315,608.0232598137767,39.953258893435596,116.4188035188054,291.875848836941,154.341493112379,136.68506214374509,275.5317017231378,158.47518067101018,188.1216170679766,631.6090739562384,23.715016325259185,798.692542305415,831.0919213132612,66.59274444320928,535.3340738738891,843.4162550100812,714.8000126606806,985.4647491628915,755.3452440193876,1
55.2115906883468,686.5996122126427,461.35964896334724,537.4206907883288,658.3339582154495,920.7994239956683,602.1092331201762,583.2330494152598,262.52429716730353,861.9259889116653,195.8942782395727,658.2360714147375,65.37642698706026,563.6025669686233,274.25032557208607,567.2884001857253,778.4837208968231,105.12618463720081,91.29747070024708,240.75632106952804,1
372.5405273920984,81.11439055047165,401.20784323459725,761.5383679380909,329.26082370046936,285.21475731674605,864.3832844566982,41.504054853574665,870.7016067893305,287.60560514704247,907.1643894894037,375.67925712139794,360.618120652314,729.3929704253019,142.33585283921312,826.8582421433954,729.0560115228573,758.7563349818245,157.18521362881089,626.6834566228052,1
396.5120258653094,23.79700002160956,43.3644249439582,451.37364952782923,904.4662588450473,738.4759722477016,109.08290269179399,669.6886334274678,779.7695285880445,25.114520777857585,160.83035058641792,388.27798582245197,765.8100779848877,192.63264449991868,274.94672147427235,40.96009904299436,189.91440891263622,117.57517637362247,335.08981525198413,815.9554465608924,0
192.77866657088637,503.9839906721727,941.4432491065102,56.14969885078192,425.30902933672934,902.2648589808316,761.9075310937598,769.904390758979,964.349204308923,471.849438718284,399.4401694948736,225.3744978679082,581.0744559155878,344.01627156181627,763.826486849457,612.951592389908,997.2872663007554,708.8284102612696,640.3763233695042,620.8525063801719,0
199.50684379612525,464.4130351813481,671.7687471558418,468.7533534286722,800.9955290636657,644.538314590199,993.716019904376,810.1688820267909,741.8717944158898,815.0154606349948,142.61344095551854,402.7030566300774,259.57234932626204,746.5733204415956,579.3536525234326,728.371893013524,530.5270972843948,945.6526435917388,400.1549325848447,304.2141167212581,0
278.8881604370057,674.9271189899414,667.2456905935666,369.6429464499013,494.58683399226834,315.38419316117347,688.5270826051888,536.4409803613005,642.5682900529354,830.7738229171985,465.5018149363368,256.71183348889036,543.3087643074754,251.88388165334308,652.0396743215903,296.9043031223395,238.3806845457196,833.6445776567821,725.9330263825944,913.2075093135807,0
629.161499583216,980.6507519915253,555.6208523223257,931.9732588392169,854.5087866367428,194.36752418808823,774.7822849665295,352.7770649211354,350.8746664793494,562.6630585983087,325.9400800299983,40.99849468137728,64.92381121467817,197.61766108866797,967.8858733784989,461.07455393663497,264.6839591077307,944.6135224214274,642.4287746534894,627.8274800581917,0
574.7613317401186,342.22636176280565,585.3042666824289,352.28554287192736,850.5692274537596,84.4398699648371,41.13675985480969,66.39812615768503,147.22033425776326,712.8158841905246,180.0522960591997,180.00466562005323,41.668319516753314,997.8517417826102,369.5062080892143,797.0498984717835,841.3119751340126,188.74124725712838,423.13706591564306,728.7754713025844,1
98.57606636747663,668.5588171909034,289.23244668377515,692.7122187038042,833.2716425344195,818.4482293791923,835.762282386865,395.784700272016,503.59801278731965,714.9903739148403,750.4397273162795,909.606224093744,672.4133881985862,748.0399802511882,307.4503386665296,959.7820472377746,362.17881346524194,87.8793280312985,780.2231947399619,18.570780482317197,0
753.2175901791305,505.55094499101483,366.55743480514116,556.1302323658184,955.8283186813778,819.4860975770039,803.6630666885095,377.88971185662854,351.77260943614164,597.6076416737108,773.7898686055538,484.38649175779744,287.9590946526377,125.34391945959145,110.50236004452051,542.398865211212,569.3300248520083,869.8778841076527,74.89631570201016,637.0820630494877,0
948.8996700051728,124.66452185997522,388.91815947778264,855.8927486631568,415.65673872225597,78.57787655718917,378.1351272171263,216.3546212703038,999.940404482707,591.2136028983343,460.8003738075381,615.8409749378301,509.19260959040156,85.73213456029427,999.3434045443054,672.6743612931202,911.704300810055,57.612011535061235,869.284592847818,786.0885832090399,1
246.8214690722732,538.3138496527206,353.5367341964635,469.2938752294288,973.021054567787,242.31103402059674,716.2675968201962,866.806577795974,287.2744343851994,614.978577739636,990.2094023711765,760.8684833558526,757.7358542973847,33.68736698075126,506.7141514338187,312.0157764537558,283.91729685169673,318.44162085903906,288.4522351615898,385.90699190381616,0
539.9207554543854,287.9302880116912,94.10346186403862,886.7563870127713,899.1308871831152,655.3342473499969,623.6464005482374,972.9740214993084,219.68482672896127,873.6545569282453,163.8015582216167,63.25240260821996,63.4465507225479,732.6325928952318,710.093032638595,42.44736297881546,521.5788281302963,362.21166430721485,596.3706853772782,608.3594036597408,0
891.5449643708135,222.34131952044788,741.7852185129352,528.0658149046675,404.9271409759515,703.9417851240462,289.3327049644293,148.79348096059576,743.376177851925,404.24224290626233,423.0642949230232,368.4380739502966,380.9611890317128,251.15505432729623,200.61906317528943,668.6975601396039,702.4000727583847,597.2576576921679,62.05405705636602,970.2211511157795,1
848.3164639874761,547.3427075413844,900.8216506849762,237.39511248501765,854.4955386637572,411.06710336368104,755.0292699501674,993.0651719964023,891.6217661232205,697.4440715652855,741.4801891198648,708.7928197513484,608.419207531026,120.62252109138838,296.53334711211346,125.77927888167117,953.0265512052672,766.093051734976,958.9149287164715,496.5011664784373,0
8.124687433948562,456.53606574741633,605.5503517169643,796.9922371090962,530.6236791880896,338.16739623758065,855.3720934351963,260.165629672685,699.9122179334357,591.7287108226882,875.9422286611433,351.6309733447378,65.94186429909354,394.3770657110135,807.6307837830798,992.857583621803,550.0248792805168,228.034595065703,458.8736118889264,794.3069238967827,1
532.8009205455837,877.3987968656774,425.48383087579265,915.2102504968202,181.03639481055757,680.4394918092918,673.3622107162074,568.3638303019596,14.060688682507205,281.93761993088975,349.60943155170463,817.1329149279562,524.6304749818129,284.9555916218095,164.4283748519576,88.78865561774674,464.4637166549944,131.5590958167885,393.1026972263938,548.206644146826,1
249.24852235083506,78.84862058723596,706.836626509985,863.707656084721,560.822330688378,727.583918286668,339.6216964403462,558.0755818394173,11.226294775764977,523.1559797588977,881.6123938901335,489.06859198212913,433.12388303070213,468.4563127952993,482.52289538013173,718.2544887070213,783.2578799719062,427.8500442602916,608.3727731125377,903.9554750790822,1
877.2109835780666,25.365472590926032,885.9771759163829,671.1506243776921,889.379420772118,909.3341167167408,20.890559201780732,814.6528340526199,569.7106724680876,93.57874627011586,544.0623505167235,651.2572100241235,672.7166684993185,529.8805837898361,740.6500389739163,541.9934647875209,333.488877906966,949.3445653365812,784.1660890896997,860.7163055880742,0
593.7941059237837,442.174429944853,629.531248118562,533.950563356286,317.53161747611557,100.42707141987184,470.3724645290349,145.24570196076337,636.5374120334868,544.9617472625035,235.24497909414188,105.50434325487224,670.7144421492901,807.9189668546323,255.2034186915596,130.61990766480392,779.7926999601646,368.9368687562792,283.3308695955715,92.43187252877738,1
374.9058748219497,798.3373676304311,52.57725168609484,756.9952840349645,315.6075255213915,649.564549249116,757.7716365620586,395.88619879000754,202.7090953310833,730.7974216739651,285.50479392904003,978.2088423124073,335.91195888564283,384.50008997965034,279.92106226679846,923.0550593529641,454.3873317874121,982.9195077571796,519.6783526668235,542.9418960160846,1
557.3681386532481,219.84133093150882,576.2816692698888,160.23239062832516,863.9587703726062,181.80365230964733,326.95913656764344,474.76436012109235,307.4376207149243,569.0776153154098,272.9798569741645,214.68709512793427,154.1495950238876,559.1449338115804,896.9865410005456,865.4364796235797,815.8258304687995,116.8621338476109,63.578962292371145,764.1361654457615,1
446.34090992173157,667.9433131864134,900.0848011039948,669.5703110247624,192.31995645067602,3.0003709774871767,921.9709005598642,248.96870682945772,315.99290427611294,802.5727354791284,494.1431429888222,432.27986716124434,884.1199753027815,735.5213614525716,79.32585764976474,5.18173139245548,795.1639902623766,630.8776379017007,47.205383324702034,595.357296723555,1
65.76105229273188,150.84280970905695,308.2980395180562,335.9646697491867,320.7003859616087,813.7397281225425,716.0895119231787,390.2021342216695,655.8555867411574,275.2617283156474,871.3750334639556,143.96503971815955,331.17129376027486,169.85633399417765,783.7091208748109,148.18728453844145,866.0886101733257,368.45268148119635,769.1054286386574,930.2594185209922,1
346.8711336793284,4.196036559893757,856.2588289688599,888.7495439677934,680.4692917678794,442.60016333045525,289.2326682733778,456.71389525379834,276.3544022558151,272.7159648067935,737.4601122798274,959.3711335008489,199.91574834645564,564.5175040875157,322.80997382815434,728.9551256021512,196.65040670184354,921.2367560786387,818.1358790719304,351.02267165279756,1
955.3778351762005,809.0148566689652,536.9419224456818,462.9903425520112,352.14367104879085,433.06332309589004,461.4085225416209,775.4028005764549,567.2632770391102,309.1370836742543,50.034773715781576,160.61721122876193,593.0282232221301,592.8265843870902,196.95731191218835,685.7676712833712,828.8281605992046,290.96093978533787,252.4366688910319,893.3638565492869,1
374.9524627781533,644.2979917296843,397.97633253229816,653.5918837494185,423.40061698234456,37.66318357743393,740.5466430195387,658.9789390463776,390.11964991544,314.40231887233307,418.0811019614853,68.22788112305977,248.9686014897474,316.3647453203371,602.9105418644428,715.642802416004,897.1985628162886,516.9657464712766,234.5650667847654,463.0693436858191,1
558.7738249223588,325.91154831720627,95.22915861508142,208.38560285987984,560.8898437363132,120.91264482379738,4.3284805065419985,432.5870765891399,790.2282559152798,552.8823920223613,377.20802345390734,763.8744831982673,572.3799181299167,641.2761195771337,477.4617647444548,762.1990763968081,887.3132931698516,991.9505701989254,335.9804284455676,612.0712652481785,0
353.40847948697206,756.6861324495103,943.0892824572456,238.18965242528577,155.12604921076957,749.5622300412513,857.3064038075586,979.1139974087034,74.45472315711177,152.27526820848968,959.6796855017997,691.8626021978168,546.3472527148002,177.4315951815776,927.4837841729063,848.1820118919783,551.7049037633686,876.2374447862827,571.5847078025813,536.3282687834483,1
787.6852101325475,535.1862786470849,614.6904141530201,6.735485685996911,148.07605776674347,576.3987545573127,265.34975825438624,670.8562580100202,618.5581759585427,504.79423673881183,43.76944444235198,270.28872120030013,218.39477073542625,330.014029282953,880.1465642412575,246.44803284786653,308.1079263362525,821.0336809932509,865.2645456429128,9.10529650344949,1
803.7349840914735,226.58312918619728,869.2500419199946,489.70731290654743,313.19468937141284,18.656288181587154,35.07965073546537,192.70419966068653,715.4698625673562,386.03867587851994,489.57905021328827,986.436806099748,455.438831167711,248.44390050468456,845.0114063033554,482.013255789385,123.06085270104295,583.7271587690966,640.5920271522269,297.1458486180626,1
118.79198162095605,937.3688035746648,630.2221086709062,417.847613277784,110.38229930604405,744.461804525867,716.0642628305234,380.79762969090103,934.6566116426192,268.1514366423262,516.1185825395801,324.76104300625997,63.563144079171295,924.2330074319032,407.11747798604193,459.15307182072553,282.6533938197221,57.491953005264996,536.2133290998931,484.56394571117414,1
324.71659970650245,270.07122441785447,792.9045862788382,966.5640660438014,855.5749075630634,812.822334981943,194.3863745228348,870.7640915545601,399.40994298738343,697.7875421537639,424.5029876106365,365.39980830961326,947.0434936260297,214.91942740409297,203.75482198754935,94.06636295442394,789.6708988859702,96.90650779288934,494.1484321487591,669.2795458458043,0
162.72482455695925,216.62525921894306,744.9330411759234,232.18857039710772,14.516094103636412,172.1893014085727,656.5161771988953,367.6793595936028,296.89532367805896,209.68559569283707,253.60095570206852,509.6878616798542,485.27939744109807,996.9448984448212,626.4279842853849,730.9357724046248,515.8992319891103,399.68547371381004,290.76350331181453,284.97030882809725,1
743.7699555148498,33.057579072522934,629.1727384773669,446.8842550373421,523.0019870359616,23.80205292845783,644.8316299134099,571.972410372391,963.0009223876078,899.6610110221422,814.6427869529814,78.1294253772875,681.9262628837896,57.49846032889416,661.7163372525474,961.5311729718007,153.09228795919105,438.03871733786605,744.8130075602876,987.3482653286643,0
28.680068522051737,779.4854316085333,198.36942748334562,995.232287544235,168.18240085834591,287.2809966713489,330.14325997814655,187.13770971341214,58.86686627744231,459.39124099602856,853.3872790619922,344.7457656906936,232.86598932,703.8383838784486,530.7571236316969,478.0447121216121,714.9556299002496,476.26849841171423,876.616037786381,974.4516845561798,1
807.2573395058083,61.16173216130682,716.0373316713848,493.8229588191465,425.3444292239967,968.5045662418648,930.0701702563786,145.5117272940186,372.8745844743265,61.07202771921416,623.3132257470262,127.5381569022549,961.9627805098547,463.986587107975,198.8843903019888,652.20519953431,563.9529088146779,982.7949100879064,650.5155936930762,597.9886687970373,1
354.96441590299133,472.7813288526689,104.4683508640376,195.24572069194423,639.0788365107821,159.21702771610978,912.9195321337714,348.45613881635364,960.943813663714,145.26013580710062,566.1922588104453,184.79559324490802,143.42076566482308,167.39649351855635,308.39178503543184,798.0942507946987,861.1618553628042,301.1056851899446,54.997633512469,776.054724782086,0
596.0805113295927,281.80940374645104,399.0897741853432,467.9573152670512,613.5155676095989,597.7955282179316,125.68276345957197,525.7792485612614,990.6305183031891,176.88080312321975,531.763537702073,295.0177194382161,393.00395512084896,602.994952116701,769.8336336772094,484.1144722958871,377.00338942004595,906.1070514384372,999.9250719930875,770.0576469766401,0
440.702357927983,589.3309892096911,510.87542521690455,999.9195010878353,826.0428204971748,654.3001121455815,986.5198792596728,44.706683593121795,401.2322859819347,244.53805842724208,564.6985019477256,488.9325986522767,97.50411738720766,211.50411493418764,580.0906776721214,480.98348047316074,440.0201574740146,629.5604362725039,726.0496500462542,182.8983195720062,0
109.0005903554282,838.1765005635746,928.9035888187975,716.3260286893238,338.67666201210966,433.7185766193714,116.89152060101694,550.6271090515777,505.64272368419006,583.1738842702525,896.1220671022267,750.5691008809167,253.59352519303945,44.8628665353914,636.6579768047762,76.179683083471,501.9931531260546,139.3091922618437,533.4160398418702,969.1466783532911,1
511.5842278828959,443.79307158371915,758.2000592564971,291.8493536675001,408.659868646728,990.5038822815138,162.80001761679196,751.4805637549367,10.725992332945577,925.6506706896528,22.40293509790159,573.2256134177575,27.905069051982313,709.8735797629791,961.21642798405,914.4671604429847,813.8371876252036,693.1737256538985,313.49023427834175,146.9980606930421,1
661.0834885999091,429.58618338546626,463.77861689635745,74.41387059123706,115.52389165381871,406.3894147713063,305.3692725154419,907.5085517397389,305.1952622776125,726.8279133266233,628.4285034644009,520.394959291153,501.588809569817,902.1211143339817,283.77104005984455,668.6143878425617,773.1189382720112,855.9343898306462,980.3029227929285,647.1400624861765,1
806.4008325402033,796.7130278908423,255.67187661559376,810.8606362648026,179.46075201581968,341.1250099522676,23.439414255809197,764.1117931349689,883.5785016585277,126.024742338945,305.03327862392604,556.067534131307,83.97836775232548,449.98386655965936,323.66712465550097,18.53754921735018,632.56943439403,512.2254806598522,806.6416805720803,352.05251580109353,1
365.09493803664304,668.7639228608926,915.407088452888,243.41825641380987,317.94864735670427,145.62509112625844,802.1195844991001,113.71704625219114,801.6404654333188,362.12411903443575,36.22370399174146,106.80248065817189,445.74077357491007,956.5135547247862,272.40847657605417,541.4622297581743,191.62917137693768,938.8836576982153,380.9927709727885,367.1990263578918,1
776.6069602455906,537.8019284036864,188.8804254013281,369.2633020169752,816.6623440996501,48.20496003460517,585.2404840682553,113.97199146644743,349.7058429582487,280.26447162272393,828.9957987909924,968.0326283941822,767.6161821259414,644.6885488609539,375.9709552231406,982.6841884304579,890.9751818220226,279.52054906540735,503.8793639996828,443.21776195541787,0
84.17282542316917,741.0085355587313,843.5294281025199,187.8522632536357,196.16896278546426,982.0981276209438,862.4593161102589,66.32202233843765,836.4338170592506,238.23158185548087,971.6927890137281,307.47680178774317,680.8804204837172,133.1249253354557,265.06882867364976,704.3416206581119,636.2376856155089,848.9796717860431,813.2035679772556,565.1127878999677,1
148.7994785053892,672.649918977123,783.914708327385,658.0611152914827,221.5371025230215,112.37331745143375,135.57862621287663,19.769143095552224,127.61770494771008,933.7343233746544,93.8830389810631,274.81908155341097,752.1079212428915,230.82229024211486,314.50206803475686,654.7863038767794,58.77689615485926,296.01891682938555,770.5242759357042,684.5931197264896,1
818.2655195402384,612.4866020020224,709.3145091495221,791.276016190022,816.6459746372458,50.51593484234096,810.9266604127102,650.1009539494714,184.97952294903075,352.9119255141637,741.4043069885383,721.7575274774402,491.3724467020424,750.463326536417,808.191479421939,22.237707037169873,621.194123303229,171.77092180950905,403.3502227678668,751.8956850536789,1
949.0392542581366,970.1193834682522,45.71900231372472,400.17858212545923,625.6520612344672,347.7443544281913,739.477521368495,440.8989044260776,275.44991143643125,449.4464033478547,266.6759391925023,275.7837841853823,365.45510342975354,82.72591580630906,740.1671361079788,447.14126618503127,454.0748731386857,398.6448729234364,965.2556545996608,838.2321785826961,1
15.458923431591053,846.3878169150222,929.2213422942909,562.3133045884223,358.20113221962777,977.7815323282866,345.0311173537711,934.2705727767126,873.2767747735483,208.8450716695356,502.2623593500918,203.84963786856892,628.4195889872843,98.9753911343696,833.5627446972013,445.35228197256714,61.82835867717107,25.843397456302597,18.218477247629373,91.48048643023299,1
873.0310053870488,112.20445981650661,717.2616391350386,899.9283310149383,724.4435604233141,172.70156966174034,549.7223121595175,377.85791432792837,590.0393237851783,906.2368721405426,250.93781260598925,618.1376492574461,3.1101269612134885,733.6401249616607,163.10434863368272,312.9308553549466,799.4283514180358,800.715770594822,384.6737291515823,673.5246779542878,0
668.2085890765982,143.92204128539188,201.31756260989252,222.9923030908364,499.0537307757003,955.4662461411215,804.2197715054635,339.60353124046895,195.40858672936545,474.80260644058706,479.68235151325536,6.082909622321053,783.4498498631204,305.7681650086147,904.5521143080498,661.9500240863546,386.8563322690229,890.6806748242436,160.2671435310752,14.361237907750457,1
743.201196357062,71.21389037741798,779.4312987784406,432.416811537897,265.33713247274693,348.8243136341215,984.4816832616985,100.80526064790851,385.78748809931017,942.0523640866253,205.38070506756856,941.4365375334804,745.6139933247423,30.771568662926185,634.0950341678523,261.2374026957853,244.80489357627232,759.9760298710186,686.7016039040744,256.0517214732654,1
769.7739645990204,745.3329160419413,886.1856475479473,395.62695872142774,587.2793847097286,685.4822397862487,755.0978173065366,657.6246209862426,7.481744016010428,170.38854885909848,586.8078369933231,950.1305778653376,830.0619864078122,642.5977211434779,863.7492320251608,692.827197006638,526.1646657313197,10.412792365399493,647.3814473246955,297.1176831798116,1
153.19943503302625,672.1173407687503,178.62264185718323,759.7531466311269,663.0835839450641,549.3994914023151,80.20121268238934,657.31793512926,821.1331487432076,154.87994913985315,798.9316459463425,21.50354801582599,887.7137839893453,321.5873050780741,585.802274024543,393.84977532115016,663.3731669961311,28.283462733834753,651.2549042807735,698.2882135816449,0
402.8914871496988,374.1084810948174,360.1703441678359,868.8241083033179,743.6920426010489,243.05674963308232,964.4941004138476,390.27890063843176,133.91616091661595,134.854799883803,304.4202926950025,140.924467609577,918.2955102719015,251.2921167365646,324.23857088160526,613.4958845083847,243.71531221955956,225.85683264050215,67.10112912573362,566.4693176001844,1
155.27951283196606,996.291511355747,872.1946800726639,521.9587089855088,847.3425785523547,537.3693358212838,271.6715301970771,496.75704095263586,984.1422822526752,425.56235558373936,398.19176285700206,63.07356304141243,675.4441563414356,974.0174623274398,610.4438410251174,804.2458100076378,933.4988045342765,153.6163081843911,993.6701552452888,775.604785001699,0
306.33997406992665,334.5502345241674,936.1393355212961,905.9810293723775,778.5158594695368,810.4955879711337,842.1722232814241,65.30265218761943,440.0623864112555,155.2000855074337,934.7445524770887,164.39721116786887,895.9531976967592,527.9814692840201,99.54147797453939,879.4851330853196,607.8191284097941,537.3647175666147,306.67627180797984,426.4014982089026,0
887.9593936502398,461.63341702293445,306.8854815843015,295.55436146702175,997.7242111061574,616.3577542205303,561.9817764093737,989.5450295422243,992.1360542569222,71.56819531970893,390.0522003361162,796.2399889402554,524.9308879606824,573.6179207401643,276.3329476099299,654.4604485164633,701.4552072351125,552.5453909758778,721.8492768738228,468.77521051976976,0
745.5073652883515,660.7542047001418,835.7522544117621,643.9474662199083,482.1830978897428,263.4158478232913,604.1594318035279,36.38223712769384,185.93184011525145,395.03549741083486,786.5673515609461,870.0608502452488,902.6978160691435,494.24025436410636,863.9990412623633,357.45296267809135,231.22028736103596,734.8661518080496,55.16456127365432,995.3085011168366,1
367.03547372095846,893.2112688568604,151.36238420174908,809.1854334782357,605.0096360446931,789.6648932441411,475.4375978237932,431.8371095100041,428.44535324995303,176.83768938967137,545.1402447065499,942.7488845497511,439.473921097582,450.4503252123714,20.65959005829887,323.8992930962986,10.483130648381135,493.8097101717429,720.7681955246703,825.2509532499178,1
800.7639808426509,552.8713476489162,884.880573989203,687.6123099600155,797.3598368847681,154.23164031000704,401.14742232054425,650.0624993078884,387.1257920998379,198.8864271421974,517.9377355123333,867.8286084619882,750.6015014233905,187.2846405892652,406.477830069086,9.31337443125857,388.3388753351073,420.39254467074375,154.6315776563446,775.4905397258834,0
42.03130115190979,82.45744940372401,652.8629750409926,553.4463219054837,258.4879887222775,667.7045591979046,89.58104409876077,687.7610090307942,915.5799573936124,970.3426956921428,877.1463212323933,631.5189378557691,896.2240139108743,286.40741920334256,947.6441462587051,634.7117296949717,477.8177369478801,916.9289619383595,679.0501999689398,656.690375396943,1
431.73176924144417,91.89546531625803,299.06650900065324,498.06604815636456,93.8551930325262,167.9592487993049,723.8269865734985,343.7554005091572,562.5739894767231,952.4090727066007,880.4807044704869,587.5370267939032,661.9270255244686,374.2481469912343,252.8295122471941,126.37618844897192,612.5251463481094,141.67274567803068,459.9065940731014,83.84433636484955,1
732.9664776197236,318.13291265316326,355.3468523255209,745.9488242178209,189.9742000835053,71.53102057352167,355.0694028679252,348.59096483484177,916.0781129063132,195.03052565829626,258.0401565585285,640.1785462136502,453.4936095074711,94.97386235194094,507.94986899485696,795.4914450566314,901.3696775741876,321.81839210088623,402.4287856608342,348.9322150350723,1
725.2669997159729,697.6775790464953,761.8695453765739,863.3275320452144,957.0633571766862,805.6493760215776,197.27844382684233,125.60775244437272,128.74012203469908,58.490659344977104,941.4588160820417,769.7010759449271,137.43155243954064,885.2664159166003,409.21148253908825,659.4891316866609,485.8870133559986,837.2488808640263,584.7724943245809,260.1219653552355,0
682.1179796956557,133.03267082786473,628.0915222248883,519.7426035092435,332.3869995949789,449.38780235783116,864.7657873782908,733.0334699952122,91.88365798413689,364.4493122655999,840.4589838696182,742.3501309306243,861.2760579179939,320.543898690978,939.4334060668818,994.8064375167793,106.64975226157325,806.9198136686341,348.1294662128261,223.0240310031555,1
768.121487515764,642.8625171403695,473.6644085428742,860.049087270701,888.5100791199183,836.0510546171193,790.0702952209929,26.36360391582904,90.47351542746618,427.1101271711438,327.47945047812186,121.35458496388752,717.6739013404791,676.6183293082105,929.1299188075839,980.6974590371335,878.2425625119167,739.0325631561096,424.185485542238,107.99564779194503,0
538.542254614831,941.3047325654089,222.80158369013557,624.3691391766856,444.2577143637002,771.6865645410684,574.6436173809344,53.88671946656043,498.5026453794474,483.33139792161614,451.7880983926452,665.7634728747585,325.63461347590885,597.8380826794047,377.3910602365236,391.5153941682774,394.9396622927781,576.0093961711611,108.9220350798502,634.4854303484525,1
210.28921583179394,673.48022646211,704.2035567772738,121.66725319381277,891.8417196800862,108.07033090581275,436.32176629311147,445.6565234850849,50.896535744357706,828.9681714419086,15.045191804541002,124.28621501305514,507.0574211624721,684.9289564272436,502.8255739383993,970.5640650778562,511.38681403517194,984.0768613327066,188.94910329755788,602.1431350812636,0
479.40969610785487,419.41472203505106,404.59553333735255,728.1036544339721,14.71753596491654,270.21456020037203,577.8553405048131,406.6009628869196,328.34000929400173,805.6701105599597,732.9524977288881,828.2672558110919,664.3554643529969,332.18861748937724,747.8469821633615,846.5569834713531,373.4169501679785,574.1027380857234,769.6571316324678,483.02293589450517,1
354.3151249171832,629.8058201746437,988.6706585753404,759.3757887359492,216.42048651238431,791.9265746277248,131.26786935893642,698.1712510053361,583.3148535057691,554.4669685192745,692.6971202874525,687.8414083922412,295.3233881119163,945.3536121707347,9.225634983132892,203.89535564646343,611.6619011398994,687.4708275180107,130.123049600237,750.9971827944846,1
707.1491291371794,275.49078778333603,541.1537136198541,896.9578894574533,188.0015000535077,541.9024242967167,195.47966830913853,284.93280617325524,22.611361873254964,850.8330556776684,422.076883133361,944.3898402518072,920.3543721418723,187.70587760399405,54.57509355001322,554.3944945899403,233.60800664333615,527.1760659710578,513.8436759672705,715.365023477201,1
12.914461609815131,26.531199427402452,788.6209227112125,818.470538250651,888.3051436651139,841.2202821719386,191.6473600515326,966.0055818254039,726.5647504780108,382.0519811234739,392.08205173999846,979.1549194774393,317.55531121817506,752.0693065288833,670.5553980595383,568.6651922759995,865.0846983612811,241.9544466853485,590.3825345883087,178.22455947692885,0
239.12046703778,565.3017470181006,91.68380086275796,919.2016204668618,136.13867886848053,57.17972390244452,216.21507206178882,988.5184157437529,559.2190342760631,547.5624727453269,559.7284251390773,297.0455275220736,287.55537775943765,64.41831600634728,635.2301965544989,946.1939173397731,962.9980592530683,368.98799367101884,844.0335448892114,169.0524603466086,1
0.7177250264410739,263.87120908425885,811.2015237181656,313.83488674783536,509.35480087885685,666.3415011042126,791.129817670249,456.9510258852134,489.79490235063315,293.75923529623117,352.8275479823172,173.22762893840925,418.797946910341,120.29041928139095,353.63630730555417,742.8934784470609,844.2787963386437,457.8029535074183,817.161020368639,728.8690921805334,1
29.5186511035449,438.9912568018094,199.29935753771232,140.70896945095578,420.9443845286399,456.76994328306944,805.7517132629144,39.40180222356238,725.9485168453394,94.50981328576714,808.81182196855,357.3805504057664,535.22835506105,846.7114522972826,893.1856538585401,257.9134750378833,331.86986691538965,62.67511343596199,264.46071238932865,194.28171332615352,1
268.7730476497475,873.7509890923852,532.085974613532,965.0192879311844,961.5022872478845,638.5397340254486,473.42902469327953,351.6864166915402,774.1182215907847,561.1763036146037,585.5977105496855,518.7511174502521,544.9599721373592,812.8114395769417,28.767763582594252,109.77548772027201,288.8656555682968,13.693663078007013,433.49939035260996,168.7118839955014,0
811.8743399241575,116.83691551068532,197.00732117498455,602.274980817502,318.95596390891615,919.991898857347,222.5118544715964,361.72506748483266,88.3585261962715,717.141756310365,506.84980310362346,351.8546541189912,243.46624040705822,474.083413827714,342.8466384302612,912.8076043913793,185.01310954584594,607.5124783848022,668.3414855939625,996.6442270710985,1
72.07414042664406,211.31450715014023,770.876978570331,139.66245059686443,221.2853111899825,783.1318731076934,507.9255465026933,410.6480093435981,800.8721431114141,455.63996863856005,657.7433380381603,168.09675428639957,558.6568619105783,218.56835322568878,760.9955943812064,98.96504673696272,32.519095756894714,334.3402900116238,615.0096765425558,653.0565037096654,1
94.21834774128845,506.97656674845626,754.7104069934551,307.7212803562097,61.223153052716974,530.9326538869735,180.00620007623226,22.74075302973333,752.4573279796762,378.11111710396716,91.99144727602537,561.9839643051861,566.5384595221234,762.4277019664761,358.34674169289383,342.5040840017267,108.97267606423189,670.0160168953636,703.4833477928877,451.78317716782556,1
943.8667180123174,126.90710720371389,556.5166688245943,561.2801255393218,122.68540575129327,986.1987597501112,733.2991532840375,897.9212361002033,310.14786057576947,317.25162115808723,800.1446809232546,2.1428914093648554,885.2271222640845,155.48193506632012,902.0412581054973,786.9648323932594,713.9940878403339,747.4711215220135,832.578144135475,757.9765304599631,1
803.5782258809733,565.8087206121653,620.3033159755465,437.07127179428807,234.18455816261695,629.3263433356451,86.50198110325913,930.1795512300235,720.194523809257,539.8904169619882,802.2368162864117,200.97381778292566,162.78291740455907,940.5158563073785,782.4361081477495,494.8185242127541,92.89324025983281,695.3425545449063,952.8647309083943,19.421814685844694,1
817.3725067473458,803.0037229722262,916.0779061892969,967.1719158650802,53.648191345425865,634.5208099802346,500.8946937750067,185.98222578480883,395.2239010591322,298.76085209417494,863.4074602021363,538.2123930648374,329.90645604593163,592.6245930213298,376.38664268824596,561.5928050221763,735.757379267886,929.0827260089009,203.78697134796508,60.18201428528336,1
590.437405466516,888.9409823756951,343.1218787631785,804.7591395078782,903.4355588761307,466.636239163127,182.71081363071107,191.51305131982988,216.69445962909805,521.3554824776988,83.85752954105041,908.4504992700214,117.0109940535925,424.5951855964324,911.3596454669183,84.41913777791987,621.170155762197,640.9173258086845,619.1275745607732,539.8830766569973,0
122.8751687052514,796.1909543621651,1.3179317478730912,953.8679996568495,815.7372325127413,843.5222534552497,908.8730594991603,262.02113470343846,319.6251840015565,275.25129425725214,168.63809832855247,590.1776425929261,667.9144769897705,24.408448448403618,628.2165396068308,813.6921255663414,953.1054409876459,945.1079623202207,799.1610470039922,355.6068257125846,0
735.3802511744992,539.4523864520943,54.95729768826685,355.2110973540993,791.4799070351531,3.9158705370301305,167.5956354319037,664.158673838084,630.7426301383199,834.200215769173,37.04814183452088,807.804966489569,60.28163213641824,983.0546599070183,500.07485507404994,461.11603292131275,248.0416829246611,43.92471919728991,910.5999644005187,791.0595231257333,0
160.91792225908264,565.8791130976887,145.01074075236554,178.0892485158706,104.2820372156571,879.217735868499,611.1362777449024,12.43670710869116,62.69322836429225,121.55985912117728,527.277611793062,313.6478713103016,51.98345432363405,479.4763570213109,577.2498059411432,25.6847119462702,637.4961040647673,820.1830851995581,94.69735522674793,78.83794198561634,1
107.85531554398543,225.63064275481315,834.2051679756478,335.7038164438866,138.78061034912903,774.5245368911554,636.8308695536277,726.4791330329782,950.1614643459433,840.98748755006,721.6321276593969,175.373434899342,916.4242007316874,725.3235883010384,340.4883271244365,894.4981961802074,176.33232663662625,353.4186328038674,428.7421795215328,981.0738988278297,1
195.7609475002252,973.6365756410781,509.539959945854,257.60330795934294,703.9292843758327,927.5266915534163,81.70698948433652,984.5096715970934,822.5709322438928,68.09023784249335,903.8322350437057,366.35053220834345,241.27437379255022,406.2701804542952,384.88893199190557,625.4795874189009,713.8134372670072,538.3649999206677,804.8500924698152,393.8362834378257,0
119.09328482234626,191.38497912526287,580.6920944169669,302.76850156259206,815.0848391393156,268.77141586968764,585.5054811328092,90.55286909049364,805.8448998920434,543.5752337413082,260.79414941297665,688.12291842185,471.2242447154409,891.7193000157628,740.2388370101312,954.7799417921926,933.334844188094,96.25494507244903,265.07056270790565,136.4302655419961,0
320.8319215194436,616.2119013420084,167.4902831202416,358.3820918647177,92.79045755172133,18.009443901787712,816.4380713369463,44.895503613588076,18.159120523404738,601.4091250857732,948.4761263402145,745.9952110197231,183.3191021440027,927.7012097221891,6.590512589491726,882.3209167664921,432.63697219445373,146.71172309557835,165.8686292014112,940.9399727576579,1
72.59403532430497,275.35390455798023,851.4028989128021,535.7805866339323,885.1792246383948,175.27330922736195,999.0530588761418,521.0245098836469,423.3066783323587,2.704169387540034,353.6250798754854,922.2276881094863,74.21103846558852,344.50409660429335,207.91650566528585,234.4338936198934,374.82551069311944,508.64781814302586,648.1101121614432,55.42808094042873,0
142.89979737155934,997.2438492496527,983.1993280577304,693.9348851626595,863.2010598096697,83.86134489148922,693.8644199151362,634.9457054223606,400.0521900838374,276.8471764564553,40.290656378995536,841.2242876308591,271.21955048705337,481.1060079169779,555.5531230587836,68.7059064518295,297.3521587342465,468.16156422607247,117.64996868203814,894.2086038683431,0
209.3843458127753,709.5318952214858,258.4857275299004,497.65710806137673,881.5115415071825,978.3175865054434,917.3644196959907,438.2718507345194,736.9191002122726,752.681466717653,157.38606061740802,672.3475058635197,631.3003058663505,360.7759950256518,342.82155809840077,286.23197590745986,534.1340527708353,943.7387725844409,387.6989004982544,799.3905427783825,0
550.0681805775628,518.1777958644058,448.5748377459017,50.348186920461615,992.4972476813361,237.78755030457845,357.37868639760484,66.3834903692554,845.3305036028736,265.9170392799612,598.2054721786992,892.9804711021568,240.70533048946652,713.2818049257006,145.27937263067113,760.8745508420861,986.8510842535886,805.6949642212353,617.6744925111881,845.3980824310423,0
498.3772249718067,295.6595689573895,36.35182484642863,689.5273400873283,426.131828667504,186.0222193791472,75.8435166593291,232.1188547249936,626.673431477794,563.1497523050699,827.3559140067595,805.0024654563377,326.0826300995777,927.1802555039623,572.9999722254797,338.4907381483082,543.8854855681457,991.087597217939,880.5185863758198,759.1055667661267,1
880.7898710240452,550.8601493381434,891.2536893143946,103.29513066259943,177.98180294652843,113.93093057039827,860.8631620186619,492.80711054439206,998.6925349377939,147.67425240671284,142.72006721794872,189.50546772064868,74.4376747076636,894.9763360405943,300.60720347190505,240.39584456152963,964.9495880872296,880.6939979346918,465.38276455005723,430.7682434114385,1
886.0774733916335,395.1301644041477,352.7792267673262,121.97973052457678,367.9063911617471,21.78151851151211,137.1046258462082,61.08786332002958,450.6349815150272,319.58689847150356,555.545835953585,622.95645099725,711.9547751127685,997.3430602913256,629.5350470932599,73.18870052015025,420.0161833618641,883.3296162926181,614.8251778810621,939.5418087757229,1
542.1231622315095,75.13441576121205,92.6880907577684,77.40292242353341,481.8525071344796,139.5094336749907,115.58695970262156,741.7931191205626,711.8571341074716,914.8794761428785,103.67612945857896,811.1214694286069,28.140031276053357,555.2949245706644,584.2987382645318,82.49085114098298,927.5975847006425,837.3572546991962,888.2788442538282,559.6945476397714,1
123.67822444658272,911.9165444451943,536.5862269899633,276.6034682433786,110.97198583705581,240.2097217627889,590.6654379820626,450.32948376494244,536.2000480762076,942.4792211207605,254.44234794722266,577.1387950656667,165.78767583277576,11.312645566571632,940.2636063678268,279.1188582856745,177.921003841907,495.4413720997873,935.9041343938947,898.7283254205485,1
740.5582931555296,451.456168864402,648.2765607836241,849.5492808548619,583.383637296521,519.7495927413438,194.51738425592592,806.6168508283865,520.9847234220709,241.94383865660373,290.3931929417179,500.0786822061055,412.98141416990444,32.90922716459921,358.1762856740062,476.9165253143106,329.0035750876532,334.7438035766309,433.48462519594256,843.1980884514646,1
183.43807870187533,977.6428859129694,658.2136901333654,202.62485921171714,990.1229779196589,185.8332437894622,44.25052160588794,872.3029025116588,442.6623930151946,294.3497427597408,165.20659557595351,654.5358482085692,345.73193053688124,407.89417782941916,723.8687155523381,212.53220913173865,882.3174613512351,618.5872995192443,602.1204715961347,471.90690338874896,0
408.8095218379841,349.17886505345376,520.4631773486446,370.58980406287947,678.6040530379149,514.1817537678544,210.81553006032738,176.5504567537748,496.29339681752873,494.6562573588281,957.9161524996732,156.1015286048495,400.5156174842509,992.5224782231791,80.42235541418108,466.2134261592599,924.1962399243411,843.8751554006191,173.7342633515131,625.1563589423015,0
34.13349175772462,966.7621552481183,671.2253474281441,963.4694338846258,558.6940983326358,297.1559303963621,500.59471069458283,884.4582574198258,758.0697751833117,825.1042411857968,264.89800089975904,14.099631383121647,885.8877051882802,276.6569720080597,406.3806977668608,642.751778605188,110.48541593678496,746.6576991107314,37.191232268752316,396.1366892609814,0
539.8723087248628,26.910420869864282,860.7644584778213,9.561859150725605,663.2871366102813,84.11700794876498,546.919148792356,369.9194961369824,211.60585874301285,234.0831833019378,695.3720655554214,779.9697344445829,793.8432123120051,809.3514434224531,122.5739548476823,566.2381517486363,750.1832199186541,874.7612615432467,326.5984855906129,921.1876556995677,1
97.0745194293291,367.0936410239136,269.04967679351586,989.1680753076109,359.97281201691465,741.0657712753701,180.7117727078682,806.531273940868,994.1689537590175,380.6433935293525,415.35889484186526,165.67977616007258,431.1034130265059,224.90477342301295,996.8685573520098,558.9908085986693,97.29324179142007,457.37017700569317,572.9271348013577,27.04559450898847,1
154.39899518293998,478.6493236577939,71.61865326581696,536.2913032004724,379.58215619837875,128.72699485276218,849.5540668449545,275.3315967672858,44.15403812730667,586.7236933628627,563.6917691975991,611.8658554351658,985.1674984405439,82.26251139092089,968.8046365792653,811.3792118654878,448.4159953519996,427.43458708436657,96.46986165884108,179.43176933169647,1
694.4221377854694,302.91592290133565,464.16996747042396,151.94228236015283,841.8450160517399,392.14962415330325,985.6081102797586,984.7521825654089,33.00259569834007,148.8071444142701,801.1341993618923,155.9301350226119,826.4233273384257,443.7839441812397,754.6428748757444,933.1791416630963,848.40058131442,730.8157968547185,290.45355306081575,63.65331779199113,1
645.801125591719,578.0047455505913,956.1893872619153,383.04336172210094,685.209354521594,377.22438927106674,629.3086469263391,172.8595192339558,143.885438976617,707.6860024779497,460.9422114659851,143.94679575075165,299.7900322254916,640.523602450902,420.5341683724384,487.5516118714175,157.21610424065668,442.00686782607335,876.3261327655395,889.631538673482,1
460.6371593744652,40.109227579656405,767.2768970323128,224.349897219019,691.2247749410958,680.2846286263933,47.47115517405209,380.95329753843765,779.1590181062022,700.5397726559045,87.89745058965993,7.478365995488678,444.0662117514054,39.27954452955185,904.9751347101954,356.608075170989,381.68984842814234,472.6861050837826,820.1949145150274,699.9974378209143,0
908.7413447303632,593.0493206566447,166.32814863096036,480.7141443518854,125.94459533642377,763.7407622892306,662.6552550293476,306.7806280990032,434.9436393074172,498.1689072606712,523.1895937778927,964.6310904734343,207.39547316477436,167.09317922164445,841.35791833341,760.5986467516369,781.6208433332635,665.9691810029134,721.2230425041457,409.6517536866413,1
504.18625836926435,583.6948141528642,128.48079233540489,970.9561639531164,828.9743497799847,794.7471030905857,342.1469477027059,657.9685554900367,352.5049883059259,811.4152092824766,23.733451487900737,746.6675197552591,243.49062056296845,963.432712593786,971.9493377807383,562.3818693497384,4.69136847314422,599.7052794087557,391.24905874447825,933.3088488726812,0
811.023852383345,627.5555583364262,813.2009314255117,567.2489996519449,309.1238929741006,478.3486860997742,300.74056406688874,43.68053081191081,96.59995472153449,992.3146685466635,231.90190700520276,490.8205616327901,402.428529282454,219.1704453476878,128.45756143330013,917.785451240974,9.627770935015212,469.4226761308797,628.863637817272,809.7099033453384,1
135.8863887940661,819.0501580776655,556.5237986222032,238.33019045306247,841.5076533909523,171.15596768012142,497.39167384664273,717.0715287242498,452.6897082862994,661.1855723076388,197.5648279926443,321.2820919696975,332.6864443732016,509.63889399812376,916.7595548199063,724.8276267876166,990.7864242340021,287.8948644709815,175.50594117767025,898.8860878904279,0
199.9720861917157,87.96704285416934,673.3733383131982,889.78540758213,760.8806981702489,788.8926034358929,984.7507224041278,575.1608997607526,957.1186525062542,282.45723750281945,324.6646175101886,71.40215689915385,367.5058778077883,663.4414341806669,683.1905828109217,759.2585112098047,397.5241970695919,402.5100909940206,729.9951123934569,117.64814515674837,0
864.5302303909414,282.3526124465514,193.4113466602303,452.0033501000519,847.2503009942765,718.2310089875299,168.52977147559056,150.54232581842908,628.455807002009,268.94491359937166,510.1657236706857,755.6815657005086,367.18033131226156,364.0734939075225,177.16066297006117,476.72749467905317,214.72596701199888,360.86117829552967,910.9270233123715,824.5567859995027,0
154.58498837386747,528.2114254303641,904.1668960740684,827.8956154147819,699.3095703771698,620.8070349987718,383.4611606018428,609.1667145029062,601.0589633769192,816.8561314786065,774.670271088939,830.2616192776612,99.43076446815047,982.1572677446653,725.5263241819432,854.1676552112303,361.5918808882769,974.0171081659504,793.9332942982743,330.527907500491,0
35.959662034281024,365.3555715422231,688.5931526259109,842.9322364946893,431.3354149358859,6.601797977233148,423.38816028489026,372.97250665615036,759.2799760741409,104.05028651207205,184.68264616547737,592.0033653076492,657.8500004447704,63.11774650542201,252.87098120668594,765.3944425818561,279.02713850934356,350.36151220120706,957.0027495051461,322.5776069711122,1
390.30925787110226,876.7751689766235,520.5344739953581,908.5626318024111,170.27586405721985,552.0487656534686,468.056175164237,742.4236350865057,653.5885333890612,780.9980540087932,77.4392524581845,932.7370163205569,110.30377598614893,290.55945766288573,241.38729225569932,806.8772253125142,246.07199227499922,248.3268003185297,791.1837314794308,45.76532457811289,1
260.62227069575994,217.9739506558085,881.0835659564298,904.1911800793481,510.1012546995105,804.9979728595747,624.8990915769436,837.4535929495302,58.074411975558625,317.04837498204506,586.8935907534103,142.0524717569276,3.227774048311205,556.605651832346,948.2115288233052,365.1994528761213,221.84079461028205,376.71452683073414,309.55851455843776,430.79832864367063,1
776.7755138069272,532.909238690298,834.2788147495434,317.90110222666755,984.4792823769775,320.79818814187587,473.2366883830904,691.9206173855591,842.0432901754687,744.9479895240844,560.1746625318916,757.1206556654059,243.20493680342915,187.11920264630743,416.62342546910236,117.51705976063053,782.1193989908725,808.735424053744,806.861305525944,193.67750967560403,0
886.1582832418953,39.419719598690726,486.6019032451998,259.2037814821981,928.326768604354,202.27200641702615,466.6141730250517,831.3802520377996,811.2085058193579,389.2652598957568,902.4464571074834,804.7799422168772,512.7701588097353,823.9568387979634,876.054857613154,979.0666864373809,550.2197749444729,352.9169013336425,423.7181946163272,661.9398025111541,0
92.3301683263833,138.50853873302816,461.1649945072542,603.811294250589,854.3934131203579,123.20110369668468,696.3221125300396,716.8315285565025,252.81708649186507,774.7167633202578,11.434258408796083,775.5131874863337,275.01207582845785,633.6372791754912,169.96554422012088,875.5296063907517,133.46190324787332,527.4702626407836,311.3712043519301,422.78464805745676,0
532.0090483567075,718.8535722456827,681.5100503894865,98.081776057795,764.1833213899417,500.8000503302212,947.8633411349928,44.731847947337535,798.7759127918741,359.5467756033005,478.8503082934269,197.8390198677048,20.135005463160493,10.335304150907888,320.18864396496826,928.0599616215071,570.9908871852899,879.0847079145218,220.25686111232002,162.88943414913848,0
503.7108045446869,820.0024746308335,238.87470627029595,448.4049952461898,364.55476983090904,293.66076119867625,785.1256606866631,653.7313698567017,648.7518456169477,452.89977586424556,792.9330826317672,893.488111174739,99.41647707039824,629.6790990029862,932.9432620141147,773.4322488875125,116.30505151298931,923.3922559848934,569.6852002629425,876.9960373840355,1
91.39600905556455,176.49743503724002,281.10563965629575,595.3019627863479,643.7622599886689,267.2776751469863,888.4327563555571,853.357358179937,715.0918202445824,36.2518574525923,462.0735446153694,788.8257289894325,912.4536092628714,919.7339046921106,425.69503713061897,12.130546836032652,174.56355756473042,363.6572077944291,688.6888996468525,351.1354406641848,1
830.6891528612043,277.2613477699797,598.1943706771584,255.77545171733775,432.8907512578901,819.5821453035545,613.341961576097,846.3093835318537,492.5505333836522,609.1542169691519,117.05290306152382,434.0690868162014,927.9143527781335,468.66943227237977,744.6274787852957,376.56128418394155,727.4531861851202,98.85434622182665,94.73417983807586,80.28427934172677,1
401.3612614656204,768.8886318019474,13.548100497297932,986.1549152915951,175.4525574923883,866.2767379784514,169.94298538323937,896.057689192019,764.5529658739648,196.68522107696185,443.4416745889547,379.84120957243886,974.4470233838488,395.9140766804978,258.0822521362265,346.46974074130964,583.1433405935171,715.7167808262764,624.0756025868031,931.3101463383501,1
600.8670733434191,825.5544026641563,513.256753655422,162.1958464070439,329.5871197844622,612.1718551337893,591.1218365257354,46.2416769944346,41.57086956579459,541.6204424352306,905.3873658697003,745.074036812401,432.78358324319066,666.5504260824573,116.59883061853115,501.244759763257,619.6069758309068,824.7755198125404,769.1345900023374,831.0793564947029,1
465.6145830531828,711.238991347407,899.0829290569279,708.5420475476678,324.2578603210635,380.14330635625106,571.2455363265879,908.7304176213148,500.6657733692731,921.7975937253292,141.4018855327327,164.14865448808192,121.81548167053835,796.5906455689434,806.8702761497159,413.71823411090116,506.44808722157796,873.5635540828258,55.270431193025324,78.00469497630303,1
436.0400283910145,732.252314203239,720.2739216493076,688.6049869192474,738.486161866475,472.1794247565998,504.96536604113805,121.62518856253158,758.732033751504,413.98973090826416,129.97838917455252,715.5904485774187,56.69661902505019,442.59652036356,327.3837291894194,770.0130419048367,87.13262797049947,879.0893028583203,717.5732318176796,141.25606287811033,0
757.2972127323069,108.35757132789836,59.6149037745336,667.444273324162,414.3434658810008,440.38214950091634,68.68479645218129,725.7116122085216,657.8128824118791,931.0555622744239,19.057432341458735,424.42314355519784,462.0303242323582,510.61507725505714,562.2971485391083,270.23322702793763,79.63877256693574,431.3426956423092,838.4996056263724,281.8953860255018,1
652.2413075587841,951.7952861978313,594.608539455754,331.93153733344906,760.9592045501383,185.33935799947,995.4946683637103,760.9051465149781,271.2672712315718,567.6045980368166,23.371198761381606,48.19439892825494,366.1796480503632,379.930953770255,688.1440275757769,200.1430234756848,574.0035830510462,850.7062975889543,82.25771498980849,383.6248996764794,0
495.5255276526643,790.4833591476585,196.42667107204724,931.3853036639399,506.0807003952188,80.10949613263718,225.84526142694384,848.7774950887259,243.6769795183954,422.1109721058832,160.31275449563066,730.1341881462879,581.6887085097117,948.1737617857685,71.26112751881752,618.9258553268165,177.5562051831284,618.9699213681768,784.3383873515511,526.764563287882,1
803.8304351466552,0.021843854991709932,883.1846866233972,69.45671003579734,450.1343945308673,602.6837200901622,109.08471874949,992.5130588970547,538.7308447723075,970.2114395256299,879.8673801334357,327.2680658214021,623.5945380703431,221.55504562504856,720.9724874675395,353.1390073553259,610.0138267466575,513.1476296321389,556.2962272516006,836.1137468667255,1
430.2548399279048,462.2840335886796,101.58473859837113,773.1229694093744,281.52079940420435,748.6364575977427,57.58889072999318,556.1477627703306,816.5359812395038,843.1270693915343,501.51249365831427,200.04718553229628,622.8728354952625,841.1257467814756,49.846926526397105,180.24423309274007,343.60954793596187,744.0792623405447,412.8285543746737,309.056647787778,1
649.3021011244332,393.07053416412964,904.8929490189423,561.7506219895326,542.0386726757885,772.4373981784579,463.78639084649086,466.8423710245232,784.0272868074363,742.1720799098026,637.1239688593045,174.83652575327235,594.2462623073027,951.3995452417423,186.09180637775668,897.6664088728683,658.1908602686068,323.6660146623972,660.5254302878551,169.3602827121622,1
370.6782750615778,291.35532115229756,242.75109981113195,702.5708059268297,477.1847713548327,230.7193811942918,149.3696200934399,439.84547990968514,886.8058760794125,732.5643128813637,734.0650906593886,978.8850686215366,751.2909394523292,530.2199823423405,778.2589835326916,370.123643800463,963.5704723667047,118.27496317278153,849.0440826090366,3.9204751550311334,1
193.99848257742357,468.29318284230516,369.78262839627587,391.36305392088445,525.8464688998707,319.42435774644184,449.20171440433575,278.153448699511,14.219410643370733,553.0650786359013,257.13978040561835,656.9630410389136,718.4297863902625,281.9392099649375,436.05027567939436,892.4980083668327,261.9031879254106,940.1754444978488,309.3903876393519,250.1418731075089,1
709.5884120997058,581.4324927771578,188.18681785082646,919.9824935047271,357.052687814866,94.53035130699384,706.2798832482192,279.5745987483853,984.7440357850949,491.78229577537655,766.1971311358849,323.9116705013917,29.73989678524902,866.4752762888237,97.85164405881463,853.268381731401,133.53740810244807,929.2293939831662,850.2491692045535,671.7606990289944,0
119.04010415622079,303.2878889785078,783.0030913887427,893.8304217293604,56.89971916997882,946.3581518725862,686.7101834960855,691.4616701212484,393.78684493066675,426.59682095212656,367.79604052644464,816.1292488933981,938.2142165574099,822.2453063678017,940.85014510935,767.9196800548812,829.7533721419597,229.47617894777406,352.1973489663017,977.0264163231611,1
174.13879455191216,831.3954910766726,61.496283446390024,341.7724605392134,82.81520755129257,670.2478581756395,577.6505305109762,784.092043422718,898.094896916076,445.8746016881625,972.1065045702851,770.5600114900444,810.5329127652079,42.89858610615305,893.7869304917132,644.6795398059014,220.75444961499423,615.6838474787179,686.7302600679678,721.405822762343,1
603.673597667754,484.02374652989,660.1171427298452,299.56216686760825,382.3483044001311,25.536236440317662,88.22164705360946,920.5449437946547,742.0783760593529,707.8357109835147,803.711750081064,904.9909190627421,903.1317924085802,1.2971916896412639,269.5880121683233,637.8741779716323,889.1351258066987,90.14156220728731,324.0851430154464,789.8478979100097,1
874.5337484107881,179.75206541145505,646.7430894870037,321.4291631261226,137.89725533211595,435.33632017012803,226.12944685784686,363.4050386054166,604.2255305183112,168.84868493716186,213.33738251344803,9.452449536398678,790.1387827301016,612.8926553591373,939.7887070565653,792.3058392664518,539.2299127827304,605.7272808921442,530.593087241657,397.5194512055088,1
900.3490559375288,673.4348077216637,590.3268633891631,892.790794511194,711.4130514258989,773.5469202581963,460.9737516323461,637.3440129508352,430.37870623844066,109.97941151925738,476.81972281243515,529.6605394894397,10.186916602833662,721.2779763916395,140.09296970616504,438.4684583107249,969.7782263664002,413.0167197931522,721.0895695501861,336.9085748442543,0
464.6720384373797,665.2901929584741,262.9738404779315,739.4327535941583,696.84601058351,237.60290650693017,238.59799335208186,688.3087941194733,745.860491675138,609.779688615229,257.9271596936822,414.39435674524697,851.6409655448448,606.050460909588,955.2245326536247,506.1594123982761,718.5632110592223,96.4732887638462,813.1724005007201,126.59121790503558,0
478.09529459873266,937.2157395720972,220.92165730477464,479.6610972980272,444.2151084300043,314.69476039146826,912.7540927109413,789.1049285243786,19.6237205932559,468.0144543524454,978.1307333318384,179.8591577005879,13.026898484994277,524.0447996585106,149.43834460639516,248.91386153929074,977.6535314891789,780.7197928567971,935.4912780146838,427.317428540418,1
254.25187801740134,455.6839940069868,256.128392077714,264.37724725854906,892.7999044766185,538.0101200784277,482.3555564762821,436.8739012511527,628.4851870432545,457.86703633952766,734.5451670604322,162.82493574045276,415.2693666149152,754.8789142203779,314.0098426183211,40.94960223579358,982.0104398373271,724.0955130716611,760.6633949194819,13.00007411560311,0
92.65226250280745,593.2250319998691,47.21225713588395,588.1005260210713,729.562012038817,383.68173410953045,620.0267014568858,307.03634300726446,312.5904419657853,43.70467902165076,576.4909293150837,60.78375890923482,895.700053216861,170.8119294357624,196.0732365917237,660.7300862219832,353.0870225984578,537.2376492573877,181.47244606482482,949.4635419339899,1
63.85061102287737,36.4273500092569,809.7170730775828,923.070156206405,281.7045759198341,358.1564131137815,891.8972837108092,282.8054551973146,619.6056064327863,93.3940018235202,834.9792839720205,441.5944489662209,434.96331599529935,432.2230489364386,326.30893132442304,471.0864383482672,927.5929901845459,755.3862767707685,285.8311745381259,260.1128480415383,1
925.7062601860986,727.703741569898,953.4751181286089,716.4794845539617,888.451912099541,260.2509595497996,596.7506530561876,77.7631521641705,707.2759731356216,728.8398124630694,297.98549319219114,260.23036800842004,10.409261258088055,341.50086280016967,561.9687940027322,94.14253753255875,966.5981096448099,695.1043893659951,193.04691998438216,589.0352279186034,0
528.2410135356249,168.5108128732169,532.1684063477982,408.5076147660669,99.30683613582735,446.71251677617363,452.732841099047,904.5735497801448,860.3708931989152,967.6615019299101,632.0442664162937,454.2333239691888,586.8556944170228,8.681066786654368,236.68922182434028,910.357080818542,72.13484859844942,24.4227164063191,176.2542956672972,795.2955280983238,1
568.6948797336336,917.1730731120902,896.5039854861753,533.7169131368137,485.70190252835243,150.99701041187518,807.4632195162642,704.0604918800907,25.416440590884548,672.4977202526147,92.59224820118872,329.55922815142924,332.325460922815,576.4254311782315,81.59586484879844,159.0206920852113,351.9437443608396,585.2608602268168,698.520477268264,263.77392114399123,1
0.20249556425933068,552.762394014133,101.59146303452738,458.3307581781708,579.5087916358273,838.1265513914958,783.2198170706288,185.2799013751899,212.24564026712457,882.5759358951493,723.8385921262787,853.0250974873843,541.3517548282698,200.51895218876516,298.8356601806361,960.1531968578423,900.9055485685708,738.26904139914,733.098122917823,274.123574540998,1
416.1193719812069,250.07845666542272,544.0602620549786,15.969055716329006,795.2121517095527,107.79927100921016,681.0761255799029,546.1207182329207,868.6843542703591,270.04346160092973,379.1479879879616,23.18639068466377,290.5080263867873,154.38748083385545,478.9846719009002,829.8987762583884,170.2117727722796,576.4774011702348,141.47404672528884,90.79605777826727,0
806.0748068356044,817.5632121837839,844.2589407372619,616.934042287756,41.3580248943638,518.2004532168314,803.8150827681668,834.2723001370003,449.9973107677575,721.7831008506652,813.4554113012692,531.7236777570248,638.0760906498916,494.5696030411156,508.25651592850596,647.7951837148285,776.1120971856515,706.9649660662999,180.68408162221928,268.88685528745526,1
666.4695650382606,709.9065613286859,790.5144006568677,918.49930952625,117.70363497277292,272.5620092156796,329.96031853587425,361.59605088965407,657.4852494965919,860.2318099312046,190.7373692334673,474.15786920364235,586.4340596252496,90.27125324988339,519.8749078037848,158.3778735328134,60.29243480317859,61.07338710579224,405.45783192525965,478.372201662865,1
161.8466820043045,728.0835545877508,477.593498440818,340.26281084889376,615.195739751491,287.0311896268738,328.1667550298952,61.31868111870698,343.21791674224266,587.3764521791529,904.2474383554636,537.8740161742238,173.27854022825574,654.1413662714822,737.2833829083315,549.367758936259,763.055418635086,67.3881079475338,993.5279748239838,929.1582951674991,1
306.39709214055375,186.9968056929171,474.40620857503933,955.0815391115574,229.62609931459843,925.1971814271889,740.064938277721,467.41816852892737,47.8054558979919,963.9867391893338,785.7363181543676,268.6818982365654,461.70599984607577,483.1385799631692,936.0973955786733,453.8890679061328,732.3736010602144,433.67756919126265,957.9292438852437,519.2921021770743,1
140.33289291838435,596.0595783170432,955.3882590439879,942.7192809639247,658.9460346302484,638.6556300473017,645.1245145417795,662.3083791824777,652.1276746380757,719.0147358612066,580.2432640203726,815.7434899260662,740.4157445278975,162.24880289145128,289.6564565502721,775.7403975385112,861.0766878562234,491.23180556413547,589.7485910275038,487.72543602149,0
762.9163856088558,626.4442183874946,725.2191588989098,679.6595698788004,915.9480829355861,849.7094222292559,85.61647676214324,650.6364094328509,979.5823776080957,890.5692549548382,355.27150542213946,374.85704689813014,907.7594784803096,839.9327781870443,335.1947797192942,429.1852801860343,130.94688122333164,390.17216615164796,203.0949352237934,262.3085688347726,0
248.04786406713743,796.2116117441038,700.380823776447,401.29962282980125,784.6729959849728,435.437124119322,308.89229261827813,65.73750018237989,199.73047198543904,552.7570955018463,599.9611867753862,588.2378968608973,826.8909837322532,373.35265302252463,92.7419590545281,727.0579886229452,395.42156881345846,668.2004002677793,891.974387070774,483.22278875779136,0
64.87221217303608,800.9047238554456,921.5166937558879,296.50261317848225,450.1026612078749,176.62379857946576,89.23344552548262,65.00978193655682,166.78565984083716,529.0144396335952,269.4921258080909,198.27924058491885,792.9316440130408,112.15590420209531,256.518051320613,450.37616223379695,827.4510310773923,511.89208922792284,18.5581236558513,515.0411971127568,1
956.0710716116891,486.6766703029223,221.8173683543704,963.426270838356,25.770714128145357,40.334671215696446,626.4938295296635,390.511935059794,695.5383098753158,469.3154556615428,245.23435080481315,980.3372700756865,212.44545878991661,301.6109788494089,79.90991117195078,89.03205972041638,879.567212449984,576.8322419933148,680.6487850572861,928.8827657393715,1
778.2388289974205,893.2264999123558,487.4194042000001,867.3807018858156,248.08566799282738,825.826918377199,73.23402901598541,415.9046430883645,91.1238794641237,284.1315407222066,626.4397158028736,313.13626477309043,203.91935876028145,0.7198798716057109,864.1116401900777,751.4073358060277,35.911519284201,152.75244647718088,468.3014244264864,536.249010562194,1
663.1298703420824,945.0999717790428,647.5877794905668,6.384319322454757,350.50261359523205,801.5343565932935,171.74658325976367,355.9041044152834,666.905043813061,562.9417009161853,601.0155829890828,77.81827347669534,93.60162463733867,679.8551980735155,568.2975832611469,355.5239347619562,603.1154590268789,344.7284911461576,133.82773409851245,66.42212109012536,1
655.9050339449997,291.9076430158507,391.8518802322447,787.6711322492231,452.32213222741666,144.90071873316768,145.88539013772152,494.9677365145765,880.686460060841,371.642964709183,788.1976110794757,648.6773311998629,378.9808525370545,294.4975882890095,106.43610303524153,199.62661408349757,4.809418505773211,650.7251076066467,267.07712829146413,654.6676921336375,1
617.8939088510001,668.2597629519571,322.5559991746335,887.9878928013737,390.19826709573636,377.9464727345777,419.069694620112,896.1546683239972,533.8056312128582,718.6106662244812,644.0793711741691,328.49121327620435,642.9106299603583,29.82288188784532,257.154183856238,611.7227931280429,664.0969649070562,361.19127514558835,366.6978205180573,339.7696070990188,1
73.07422376119577,190.1271945985449,352.98043338818906,347.7774275880133,928.934169400523,904.2893664676299,168.05098217079995,216.3182266487358,338.5894725281564,212.52507964206845,353.00117942868417,518.4488801564892,281.11867644154233,91.10694338531789,583.3075107046745,363.28936554812395,50.83300159060078,701.529700892195,768.0742920859196,65.37021841956869,0
721.691146268417,908.6036017810765,167.1525371735655,165.44118367629258,582.4150823195291,183.58576378243708,134.7381085882776,537.8840263515087,759.5030300784945,600.1113210438887,619.5164036588155,408.226007850502,989.1757011736264,394.61096326540314,102.11370297071676,95.90429486368579,681.0355575202874,715.48457196379,84.90266072015318,195.157735015827,0
231.7987715144364,33.78970773647849,743.8847334889416,472.34753368976965,898.9249292827757,293.83041886319637,224.46083645254666,379.13500912016485,765.1837068801187,619.1289880510116,483.5928051012472,180.41020632721316,216.32049650823814,300.76657571029364,847.2395604234746,351.6768125870787,586.4732962944024,774.4744442814105,938.7275931798438,557.100000204651,0
578.6195671293109,106.67562790550356,684.8988288951028,78.96750313129452,820.2237970195896,986.5680846929113,560.0888795451183,281.7147423921598,774.6180404864953,99.54955813069822,803.3304233726661,548.9020337232821,242.51758137393853,448.4340725283431,702.4025829925113,747.3721383744983,812.2554134398257,336.2761628698444,300.65451414429015,676.3933416664325,0
279.68686511322693,336.562329095914,411.3326484208732,577.1223816900081,871.9241143522805,106.57647469785825,624.4102736609452,144.50591047889537,687.0768040985402,690.9804244530791,877.4282121112275,718.3291591917085,635.0415189942813,826.4584042410573,853.1856160851614,164.90735882025533,804.8345293652233,782.310645655598,98.43178112908046,599.7223221224579,0
946.3566196519131,559.0009662742758,318.10813692763793,230.46974241646168,986.2977000232811,676.5432265254697,857.8999746786195,734.3245341285661,150.20912149382525,160.7834843505781,32.05784892753749,587.1225267926109,295.16270618825513,445.2451834075646,750.4556330287922,464.3335603253428,235.80983077323913,188.96115409827706,847.3113932952648,718.5302813068521,0
302.10151720408464,969.6593541327037,472.63122764781986,633.7178281234633,894.0206677209003,90.58111511944699,175.97710085720186,654.5680510817178,757.2739010634594,961.9876985599309,263.3663236635507,211.8125362272082,964.2573349323428,422.0052595853778,106.65599550400695,623.3581470248034,138.57959435339396,502.970858852624,209.11274423564407,352.82054484506745,0
875.9954625801597,205.460225092011,454.45173234750825,635.2391233410543,690.2205619426655,914.3959789229067,102.97404497484675,313.1531402550615,545.4095456850547,140.1534859735032,460.6700290403782,55.01217737038344,306.60924173184856,610.2280855820813,382.3436446114403,737.8341603682694,737.5416903374179,872.4601395307535,940.3237956202684,330.57478592285383,0
755.3461277782387,61.64676913664058,512.0677175429325,826.1067694604836,632.0182818050788,572.8626264255638,82.6793985505433,557.6103518623542,818.5215434461255,160.8163897275845,352.7469785613909,575.0623122952701,65.0981621048804,370.50955587601055,404.7841062857386,671.7836648144124,559.2570438059364,954.9157292230605,675.5745162053838,589.9016308173308,0
184.19801749758747,433.1862571664403,372.42585192587796,750.6148437593683,932.0230101066833,595.9077782220629,405.5908859741856,255.64236476422397,985.1515831683655,225.92359230151638,984.1190387232508,214.94218901826744,78.16400096011044,649.9897660551187,414.683522230594,616.890869274536,273.4349861238905,815.4778810061582,64.41085547304849,542.5179590499638,0
820.2181260148812,637.658140954395,410.0456741086144,957.2819256344795,513.2757208352331,361.0432531340211,564.3708926420533,368.02803390099734,364.06248756576673,419.8682476429223,33.99235071728868,935.5603196663876,498.67491154272204,236.76969651573398,522.3018463672853,85.45393602396555,640.1164943767739,245.46719042690702,507.654006069997,790.3879155429768,1
308.7108742331546,352.08357220652874,748.3697497778625,296.04657883060594,804.9965402948653,77.3193171097195,285.83232827935433,407.9904501939199,527.6103681386146,545.7165856558391,382.7836402505147,736.4812521195062,226.23728629931128,712.3866895405882,802.0399433636494,924.0497071105776,829.9928010546744,24.340113726048163,814.6383775489512,207.4984551706025,0
480.4847823013024,149.07276397392977,638.3306350059048,274.3085036839937,597.3914764858226,36.068450030977026,10.847032184093441,816.6994236918181,155.81601300601932,110.17385826846238,101.91555324865409,574.5047929402028,205.74340247362179,274.8823848733783,504.31949668114027,402.1195204113003,752.0815308463092,701.7256553050456,924.6716043866562,430.89813180575067,1
381.4060212817556,133.17963543520918,447.18696175497064,346.4107555873949,252.71188498722452,562.559698829008,723.9149133532289,47.5934947785045,631.311556269044,491.8127547957757,650.3746627293178,20.192724367456783,535.7795752107629,920.2194890111377,648.0383897656551,756.027831390681,554.5205737960522,489.9397945337101,719.8807561187906,720.8373929834229,1
17.00320885461648,170.8294023557415,306.3456844934571,744.5089634130238,917.1839059446262,415.0966308312246,553.8858321144972,16.701366421718824,184.931666241282,192.21695862147402,896.6727746678238,878.2760462608302,2.0897547282919815,108.79874152844738,813.3734984242163,944.9053801784604,385.977416553756,815.59742227522,612.6863644438024,750.5319620914156,0
386.41224149782727,290.85180431066624,744.8819927410909,374.235579800446,891.7830217425427,379.683008908568,576.07895521523,820.0053233162705,573.9925374019145,76.62197853816421,4.462582314342156,408.57930910366304,461.1310066893557,918.2219596893403,243.88752485663224,788.1750353469275,398.67149566751414,220.31896677468777,231.01323720609457,542.9901180266338,0
78.45064609839069,657.486379100249,548.7606163235762,229.11966025453424,371.1779097534591,624.3946549800862,503.61447407156436,614.0568159717575,50.71709166114546,824.222269297069,241.0727648343769,978.5417386783612,624.7360475535692,113.43246590397327,515.7864088588361,295.4947215394649,394.2804494245726,500.9999043254212,443.77452920687807,405.46372532117283,1
645.0867490156104,62.69281593253162,168.08170566299063,363.80308150556925,757.2008203581405,886.544855884475,60.247089095555765,393.68075477091503,422.7191807745756,192.70353418516618,581.9161962323873,783.7948722026885,322.05930315457744,610.8174557849775,187.96680449459313,529.6557267653653,740.7595900815626,905.1242075993007,842.6355752065002,580.7567095335546,0
818.8128537338918,362.15859455832754,63.08789591627584,528.1591325066793,876.0573825787884,291.4957167858455,783.0789119204322,209.02342661286377,202.03761072679828,56.86656984779104,75.49692191499824,599.9765900890735,497.09761388808136,412.9517275475938,275.959902352815,811.7527124672132,218.785017595175,704.2623197224921,101.58395050094937,157.14597795927432,0
660.248406865004,610.4736319543342,105.68514671409513,104.48942711137943,925.4618442504664,698.5940701465335,633.2902165322287,372.6661609731903,754.7885396935515,192.69398513550772,530.167319528046,665.5431294548965,898.0629451806683,736.3404426297259,208.26558783683092,205.21037964790168,340.3262799790411,757.5907403912098,207.58286504264444,425.5485714435916,0
166.32115081619725,26.065120042169653,125.78291452312762,564.6642240198296,106.36161778706233,217.72703979680895,64.68881104074642,454.46868674715455,843.7933316478543,405.779584497575,942.9533377974947,822.4998852548127,698.1260683779415,811.9177627410019,273.68348940008434,571.7290066364403,875.4269558121547,193.97641601233008,912.071254992937,690.557092227495,1
862.1429367692815,23.934093139586942,970.6314627904356,128.35382183804646,132.1805911545333,855.3796186941718,595.9534196218284,200.29986388905797,704.8030490871934,95.87035141021538,571.9420626594731,721.1787948534019,88.40049838766784,477.2293145412848,363.76627787971205,565.6907615574555,885.7102506848228,20.83563961856949,410.59261645474623,470.95262983386357,1
1.7267301305269322,402.53123976373763,95.51408533368854,397.07025051756415,191.9538828056887,333.5035376210742,966.6372335691875,244.03451565831534,562.011059135682,656.1741269859673,224.89750030984956,774.8443840574779,468.75206033661595,932.7558310415602,246.06965002961388,439.5131672501783,2.8976443092907367,638.5815650000015,410.8699924875685,501.8368663104459,1
131.5544718906574,920.2050761937049,396.0612849014513,463.6959721980671,216.89791975442375,1.2504658432559435,880.6138809173933,749.4286347649622,279.7942891329599,625.138477538201,636.3095752309653,570.3326812364899,187.8018985430141,311.4523699184868,218.7035608122758,212.1611679391443,262.7697002099267,797.7910570647512,387.24149859097525,971.4054783600351,1
491.14197730709077,112.73043313161368,964.2261774751506,316.8199996357979,95.98316458193057,751.71358435403,287.97888972718175,541.8078608154814,786.027280881453,362.9859125877026,109.5837634573682,773.1777973084162,264.1803044211688,212.4954898819199,302.2944073993257,477.5433539297823,246.63837837100232,108.50026934801204,459.80479000851693,451.1898609937952,1
75.14443017610495,290.2635970707714,567.1519674161219,560.3949902654252,489.90908613420936,460.09883974014423,584.3154334380091,852.0369752342175,931.6639704055885,106.07402661880772,646.7083000115416,669.9145060299685,972.6597416001874,315.41558733389996,867.4002807548771,432.904110690851,177.36741932028866,467.3690481474718,840.5471431072267,522.18077877313,1
300.6004270807913,856.6306981719706,638.1947712375932,648.3843414458311,394.4494258578606,571.7064604883922,277.3282046095974,205.76508925379423,370.0038160066109,454.93862824945694,792.7541261874185,331.5229573964116,173.61444412229122,55.598479790174736,609.971523600535,444.4836986700783,118.27421402058536,907.9649872992753,400.8803682150518,996.2971614063692,1
612.6758213930876,149.52471395811563,177.2422283771764,433.4854940543519,740.5607404637818,931.6359102920446,855.996805570179,456.65941028955535,290.0199350085062,595.9910652737846,339.48350717372864,713.79982983034,562.349638508344,344.8528500056104,305.9821589265741,725.8021754920052,65.11772051052623,499.4236213059351,209.46674346497574,813.8533594380009,1
179.00246499797356,550.9558527541938,507.22589034196676,967.7508060493881,530.5342222463048,559.4078517613318,991.5210852652808,289.84766064861634,229.26170416158132,375.0970692022273,208.482241117539,717.3252357565972,779.1777388182205,695.7123666824386,988.5868328732788,970.5153540031947,834.9894423516185,4.790453305915099,621.1726120021727,620.2681738751389,1
485.2094835034967,853.3554997050378,109.91993802421185,186.77969273241914,946.2303450090818,283.50583080551615,195.0325077458629,28.99740587603372,436.1833391558739,749.0501597818528,228.34082808227518,939.8192303391555,790.4469115869603,977.9706261880224,922.9168427860905,486.6146938541932,396.4785713630691,191.66953161737388,844.2441634749097,84.76053122097382,0
23.838453191019514,503.01614343397694,736.6692766599037,122.09847717829392,669.9685637083294,172.45767424219505,256.63619109172043,447.3795569112573,481.76632873517167,452.78490996396846,244.29786017080434,898.3394454010796,409.6340495437848,59.97796959040513,155.62060874466943,827.1663882735944,692.6399401673069,336.76685418413456,960.3222063174403,363.80125943581766,1
562.9502107691551,61.206992355573256,278.41398459195256,721.4026958439911,926.1157964051421,762.2938617123033,106.36374284716665,240.85846771080233,94.75746805962115,982.3933020051205,642.993017605131,394.23607464361834,605.8161736998386,194.3506866657515,380.26117294966576,94.94715954534982,178.69667433440196,254.89998804573855,381.39063539235207,492.7233750235932,1
538.2695860191983,112.02492782897244,483.4464948707843,778.3824624129393,706.3724041605835,237.45735180174609,906.2436887942819,926.0635351953955,181.21384543987406,586.223628221795,273.2110664421573,356.6037564410348,289.04333977081654,663.9644155365347,506.33568839012287,176.36007844362166,249.34731819560352,769.6091640636668,252.94623422150985,595.8673041451342,1
829.7139884129081,107.38812516869622,153.03081365219052,944.906906557471,262.67865341602516,996.6871265025978,510.60916121571796,958.1138836066265,369.5659209024914,493.28248975166446,430.2721311362646,917.4396726271543,159.07128621371015,506.51010457339953,969.9619312042443,894.7798368425715,365.86625909478875,782.1685609544365,119.72158325441751,795.0371417868936,1
835.7999769680591,205.44403179078708,836.0752671188247,602.6552576435727,852.291319269722,972.9811277991076,126.8894122520322,70.51260296433581,986.4489452720532,10.306096885441928,785.3721447175303,215.94660206188686,826.6499232037255,74.44185729840468,582.1249122912014,0.765735220876862,52.90758458909784,64.37118880087178,487.31784244384914,128.7141829315759,0
485.2610998123541,277.3056098712002,111.15917011598874,356.38562856452324,351.5137170916316,112.49339894648503,419.50053035003174,873.8110023835352,972.441960051017,961.2199343414711,980.7607443240981,415.0394917450025,663.0226696145644,705.4449609375489,288.71192874393637,551.7786802568326,175.3778799022403,752.6869327656907,130.85264189044688,667.9092223021667,1
190.95134122929213,821.1359682929995,629.3851839877589,52.58018799532227,169.99437480914892,957.7996518165749,781.2469004484902,932.519652783932,626.6924656989512,325.1492873978364,52.48033189380197,291.49100627861304,686.5803805749589,193.79795852861236,686.9506788426894,289.6665185558882,496.3472391779271,94.07747034227343,484.08540695620474,76.18041338125458,1
884.2900125803463,937.0560067414115,924.0038046986475,68.23743467774068,229.0553147371539,781.9442813845269,419.52698977257177,177.32039152534162,54.23761333026833,817.6619686742166,560.3823499170024,93.93789848218425,370.9608142512372,231.46473145924674,544.9547206222462,946.7410039671395,379.4354286876145,168.29604006055376,136.48909523639597,957.9639898287103,1
942.0952350132266,570.3900316201622,521.1116570032945,118.94420829845609,333.47502171109477,398.8640411933292,685.9974237460381,828.0336452581672,815.3696961986768,727.8054710701967,823.360361532492,413.50528892037244,239.48425675948303,758.9663099462381,969.7003630771264,817.885275127343,276.375586687301,434.0882220103301,543.3526542069294,347.30724421354773,1
163.26453731985703,686.1264246134534,562.9696163396885,0.6197689613314239,323.38306746009926,30.063103061278127,164.19874518177414,985.9253562946209,415.6650934375036,956.0325716692388,142.84274767458672,4.377312634746056,581.9901083201277,250.56886026785529,836.0956693255793,800.0605982608793,215.36186284834136,37.88299544594531,285.7018593682691,384.0943617508188,1
854.9266838101197,604.1658215833322,977.4668222975499,943.2471867890281,79.13110107381894,90.8015414176513,493.85850897555605,509.67153970873045,835.5528861306403,313.9818998744348,812.5573509312652,24.959013551580924,944.6664184799033,970.7490501841442,819.2541532490087,667.1813575256955,257.52768724206135,967.0946711217504,353.1645287059564,346.45019982660466,1
357.76734613679673,542.5004970012692,279.53377237016184,424.01763335395634,738.0653698952786,995.544956219303,27.970196230802323,621.3331357144863,990.5806482467184,987.6280879960954,437.11126852302664,781.0558543520656,564.1531963235661,814.2123547203292,299.0353407857582,5.780793465857137,39.704723509940585,853.7154023340892,236.52590728203037,431.25000311573467,0
175.35483293795528,766.4154567114043,481.40939175697963,732.1391018767496,836.2080306159078,758.4908869255606,477.64917672008625,416.7207165473014,952.4293286053124,639.3356962010013,811.3565395925275,12.906767882702175,793.2343389639242,479.2275866190935,722.5725546205236,737.7521152413957,351.7485549360432,633.2276935904146,426.4797307863194,889.3792018695831,0
621.0262898211704,270.99031282567233,906.6449555667282,51.411725202108904,636.2151776562974,693.8175329234633,268.47899530856523,871.1088449965616,551.8798667228164,664.0915849029532,152.90442017173845,379.4636105755438,250.29872644252848,493.29965993457137,723.5465800991982,709.6720634492408,79.47229437664005,951.5276020950417,227.0070916232835,446.78355845914507,0
694.1769840210808,425.0766802346423,588.494003491915,715.7807405763599,605.622630814147,671.4175175788521,145.76328287409967,268.0988353210979,789.0488688735522,80.47972687156346,765.3560970808974,660.5592598408701,502.9548422646073,336.63212407032796,350.9266554039654,419.389865210299,20.101879743873784,878.5172194760784,188.22712226004344,81.64425808462671,0
544.4917277453942,52.151379030648926,741.5986499334622,921.0139630617083,17.86214617708859,704.3846654052295,907.998224956915,98.03303295974585,29.41149350566652,113.73479218425486,281.94602728468465,877.6084187112898,611.0166999670545,441.44480519518004,448.58426019948837,594.7318052600962,293.715754489146,336.7768173504112,433.22425481414626,994.5221335978543,1
580.6023608540843,88.06800343095999,908.728537683632,717.8349213271559,26.243493321068012,464.36302575668077,927.7597853659021,924.5301580986509,316.4935714944377,506.4000531984224,13.77694864093215,634.0014174275763,287.2597692606658,467.65337757578385,575.5114195978214,996.6862431643018,911.5788027846195,722.3918191564501,12.080313820568511,439.41343240158324,1
206.57449387937544,910.6112729900368,904.0959237800597,57.28288730743303,570.812489434084,595.8907765543177,533.3508977158192,842.875608436935,440.81236631616383,893.0220994174038,333.63796688242843,582.0245765831532,900.6811958187128,114.66727508120923,274.85073967643814,582.1890777265843,988.8788256656994,542.0966259738317,475.83475290781075,796.2319723721804,1
793.1439967643422,205.4829950109298,674.2093555623574,872.2060607186331,891.2425846099485,284.5234916190232,986.2058684461388,746.8639632515963,524.6164563584329,126.23843812819669,811.9919485442756,279.892611583446,725.9526937524719,362.9665305290952,509.6975594186284,751.8536158069755,614.9359772444046,202.589698627059,666.0431815452595,46.87589521072422,0
802.981987139298,806.7366103123624,267.020401012235,547.3438369755603,72.97106627428096,527.2466566625525,423.50159154563636,510.7107185659703,304.140835631861,200.21155889865116,535.7919036655269,256.85088657258206,792.1406109812618,764.171153615416,84.94488915997445,331.59748849779925,910.8832724677977,987.1934378188005,338.02997384450595,774.9439816087087,1
591.1542101954226,692.948649447752,781.3470897418989,424.9733919007348,387.153896554604,573.3596556683103,48.85109707659807,686.7807759106354,714.9716461753801,477.30474578614513,579.3066430989602,545.2229297568324,87.64637141623743,116.33172641114753,519.2109165960819,873.0412038562124,758.8064560763916,188.07218025360527,432.02927474344585,928.4170714557372,1
869.3952939227715,349.6318010616135,672.5798413054921,516.0840666979598,857.8799024153788,284.0008257495361,894.8526388768912,125.56374462835984,63.514885292204056,78.31857261026288,601.4583139472516,517.2308726294647,949.27086982938,842.8977466146235,44.14312234001194,382.635174184908,299.58165474545564,938.156548217422,624.4885048819971,683.5873304292885,0
994.5116788905889,306.1140644945218,569.3454931062806,958.6099410283931,455.4302114596023,409.5631419704565,155.1934010939956,348.75273667368634,29.177616793424676,135.88412889694646,670.7478536626928,578.4492322737761,771.2001940400057,943.3724991574901,849.4060431024991,85.11415899154528,179.91530979841676,329.8904842387353,722.3523329943516,524.3668869531703,1
80.05145504990962,420.820940975367,208.6566298395174,609.9468155087151,611.2154430465632,148.36627158975278,991.6539761807278,284.01846399048526,479.1521308698463,139.5350595643079,146.15821656242866,441.7673638765224,648.8099935842913,542.2965131994954,195.26112617241165,765.7876762417764,866.349630036953,270.3092090194159,44.58078596051873,217.8566598746159,1
99.08512238424927,272.31013230667287,566.4371858981532,65.16026221787897,110.66641023893153,940.1278482509031,164.59009964496207,854.6659193147533,804.798319315457,725.2097492382467,564.9699302770968,772.2788963084186,838.913439505492,787.0590277391674,876.3371467084123,367.0114471888848,569.5979789942061,306.7450434057113,850.3027886642757,7.2439631906789925,1
299.43418278401236,34.780596453904636,9.654160346932784,848.0893087888561,723.8495551106049,95.9338340330328,903.070046520386,874.2493290751883,636.8926294633923,654.7913061047183,475.1722975987035,517.556439283877,433.28599890548503,890.5600931732062,995.8635593385243,355.9514835282547,380.48609111880216,768.088285812741,193.30289764538455,782.8186643895522,0
203.31518850214792,423.89886834106903,49.524406427737254,622.4737455254832,700.4393733090903,451.7719657000906,259.3218503598531,944.9486313891517,749.7395263380946,330.21513540164096,162.82632027089318,146.11386447653675,101.23608603908451,758.2925580094416,479.5273376899474,564.2850890653395,709.9856320910184,60.228698930334666,667.5965619925851,760.8412263880824,0
316.4033847546699,908.257034067416,819.7424477170568,550.6418580516537,380.6311792570708,708.0924893095738,548.5294765505688,405.0760644560065,905.8825605449504,729.1122793429537,667.1182453253929,160.75153273715415,737.8768883549486,589.22656446783,514.4567808954884,604.1891327328044,692.4980375124787,944.5545511149506,359.5803001790485,519.9500068224547,0
166.4921435890866,166.01190840362977,580.5981441901366,656.7377669965547,232.27390543360448,158.56703188462927,229.77625633394462,357.1670911514102,845.7296290678275,990.9038901783714,798.3287812731551,694.9906620947526,314.342580719441,469.776954671407,905.5523473470405,519.934729578902,161.1962740020838,429.6175845651491,629.4409823441617,489.4310206120823,1
883.7770565906101,692.552474078935,639.3658051308809,90.4999543091547,677.4790466894905,179.6758996593133,410.3030591379031,404.1264102102441,468.55608396184647,675.4590850021,318.34853756106406,830.8877717513722,277.6306659031291,700.9763975833844,684.1563244266699,331.1722928864697,921.753323276038,818.3237780471495,368.28551446384216,539.3478576903269,0
542.508074314994,86.21569828317288,530.2674632249477,743.6298580925114,169.48850367904876,522.8143801253796,644.1358926671154,701.095282179723,535.182827492295,303.5278812448513,498.9413725797098,432.34263085649263,613.6874086625106,107.87507636034266,844.0217356778195,891.8060082738945,578.4828490703768,248.94105190011427,417.9807213551792,189.0792624109443,1
260.12445741000346,295.996281017446,516.3172577548579,856.1536626766684,957.7573811449115,759.6375247345235,462.41319446412643,828.2567594682544,788.8119977630113,571.585509866519,111.79830188378259,97.0960754169079,59.66932360934229,340.5689600528221,757.2855882721431,943.844934846101,960.6055242672747,154.71161044542646,892.7866077189901,846.2319377821761,0
51.020792161574406,48.08480393884462,740.61177317367,23.149589325671126,34.972098623338056,284.97241666984263,308.94376833890726,185.59987189530446,654.2808885592503,869.8125027224551,962.9659654094019,344.9959538831903,758.7655958970386,760.9486205094775,280.541488535466,269.7246158809341,498.0905583352008,737.9931306061997,247.5289239575128,822.1915259423457,1
920.2918659247227,903.0746267389941,344.11831915875933,263.2164956828924,344.1400640445578,830.0474695211358,655.3516362734257,825.5796816244824,347.4040610114213,272.7308288208782,770.372932634926,534.0977650671641,383.98751290794075,538.177458300922,289.6552582698533,907.8398030943357,903.6226916097428,590.334415247739,705.3070132895549,294.1437137401688,1
128.58407666437012,422.2718841180505,177.54606903756763,681.278823792676,276.7911592427856,235.73240916529036,822.7606139641799,662.7621424346804,674.3686323962362,454.1474377285996,941.9795058032191,358.2693344854578,423.2480711623452,982.6126865296067,529.2554615104568,151.43227134272442,196.61988195865231,269.50631743274346,573.8648927133622,143.86495723442317,1
536.9796670810751,31.305595950985364,242.09872399142495,379.34285055590635,821.4933872039261,32.26449790579655,687.7437307442166,329.12241286979895,692.5123204140594,911.6994312200443,211.52951377510675,636.089086009057,309.0756341315781,594.782107176239,206.5599381720502,229.9945091957464,318.28484252187684,441.11473010804235,66.27234485443456,797.6234696157139,0
345.6183630876611,584.11939972603,656.8163537017617,890.3602338929064,73.18806155940693,728.2108472752368,186.16071552503843,288.26306180235184,388.6172907131791,782.1620665820989,735.8003319947037,247.9807594688891,190.06229163315302,895.0126089217056,432.95909560169275,600.1908241815547,50.80214301873176,925.9610690277739,124.5143733116123,186.0040459307353,1
291.59229068600746,8.672810243292695,323.7027217953997,340.7225879181354,282.0229926633834,919.8136371211492,959.3654910314034,73.0408310289865,268.5913563145451,592.6547595844772,347.8583476148318,291.0644644921812,4.603229255511598,623.9170947029702,727.9652775444688,67.87302919213312,352.1168568857722,464.0704511227354,695.9105053185248,374.8114347415684,1
599.1846659320028,103.91043942929923,657.3796811380125,80.43373207202032,333.52462923049995,560.0157034864353,157.09485570689586,14.809960726475113,808.8068874533966,405.88858053417465,276.78063667142203,256.6674372502941,980.9089444348629,507.7773379610363,606.6164098367245,308.88444817939643,448.268317468676,4.8286079403729865,719.1443774986468,955.646538209879,1
96.59553593448456,774.510424271384,98.53393542872601,987.4932549518162,417.30832560926166,888.0750616984457,275.3031336674579,930.0293787438028,651.7080329488705,968.6266943309266,644.6065120761922,245.09156146031196,150.86515425858028,30.84819806630057,638.7697548851269,207.25849596447233,142.84749652245367,578.3776029128637,20.060292203340158,475.82564873561415,1
134.80036865215362,972.234096966904,101.15190257649142,565.9813735934479,543.6728432019373,891.1278713405177,80.38319086243861,106.59409220850668,313.09502829323486,804.4205088359248,675.8135191657537,110.77319547598307,296.02166546924377,983.367372442065,382.712990474017,252.31198452374758,382.28795848091744,757.7546950147151,201.1112769930755,510.85679200739133,1
275.3851075678651,670.6198932429216,546.5487590459998,163.481315121921,376.42665959650066,433.02911330560744,562.8515837492585,143.31922724264734,964.2584991371093,921.8283206141904,192.4111478077911,31.755685335416505,774.8063304284206,141.7128818103154,745.6143175309737,842.3056416977728,514.0899201862377,817.986507172102,407.48274848991406,821.3703075944811,0
655.2680344259057,734.7584789488538,282.22155807489327,49.837163696857424,537.8977015297927,512.5477357884721,897.3556959308426,700.8669522921357,731.2547879411649,721.6272923551272,789.2580001927499,771.8273925129971,312.529704707116,976.1077575091914,41.295237765412665,483.53835159207847,978.2252933075315,824.7491970247958,520.6197758159583,176.8981037793288,0
253.51437428711043,391.3295504816758,622.8840767055555,671.5271279628455,160.23685779977515,557.355000802981,920.2485266399038,231.1061905653957,768.4122520430042,412.7965269650996,281.9699870741502,690.6814624936354,263.1652983398023,557.9308937809029,846.750583899344,734.8856348419966,102.41085304449359,79.93981089239155,441.23755453915095,532.9393050536095,1
386.583606947616,691.9327456542989,961.708976057117,942.7926616851977,38.288395171420355,842.206655601658,223.69065998444358,709.2912256731596,960.9175176271303,566.1354571011871,924.6741155930937,328.2763775084101,146.52998033332588,265.61785674439574,282.13491016370483,386.15891229207114,161.9607356160373,903.4104351594335,40.27179383283075,493.94002305113105,1
421.6654319886273,750.7231513506067,444.8858052293938,524.9892111725584,758.2260046526637,885.3292901863007,638.7747343383699,586.9142843653711,730.9722777789839,562.171418251107,117.3507250493382,250.37088984449252,600.845660125011,852.9533489318532,317.0691511518767,742.8376943943775,832.6347426749842,154.99831005104937,904.1702115421633,497.84408795815773,0
496.8809462507524,559.9284212799405,457.0342396582986,789.237871707753,376.78371975459567,379.29100100187264,373.4647413375387,442.11443952475327,928.5045519406176,389.0551664560243,122.28985027969274,885.4072725003086,475.6750726577235,364.1270509741046,783.7758840987716,954.5987795735402,659.1353127519309,341.7185969419015,581.0304921779135,811.482714076579,1
29.28926008561261,574.5011346047801,761.7355613598244,481.580673712667,669.8513666034582,908.4972260709944,524.3241618133283,709.2194280789048,132.76996991925438,780.9483199340119,514.9915292505477,238.90710681306282,858.4069138877428,329.58666881132393,152.09052165622637,18.377153602775365,365.31042753626207,358.80564520395296,72.06487590259192,493.2467233296165,1
477.3039007570068,40.9399074774518,432.37898498048344,129.02931953808806,504.107488403957,716.4489293136018,671.7303597932892,52.89349527245935,684.6927527631199,129.8610496586118,288.1499314476883,810.5555532932862,777.1019771628727,154.0845916213399,589.8064488487877,376.41413552993254,347.70878642449077,437.06624487744006,970.3453703657999,91.1702669507074,1
116.55955445106736,126.39722724839353,139.65241873541268,504.7404256743091,367.86603122934434,321.5636463539216,970.956911504642,397.5429216501838,488.6540196661935,305.1352377047468,379.54367443313373,149.49128449613224,679.8309139001202,927.1711193682171,301.12166615795275,705.6111263012416,982.4019684494466,456.0203324509,951.595963001742,234.67238527573454,1
766.2666349301056,970.4903139930932,214.55936790592557,278.9479326164483,398.19547848619,392.1199438353138,426.0268444125683,686.7838267647971,993.5251096269152,571.0682545498854,590.6628687733996,37.44820528031012,974.5593026158336,916.9974892209979,141.6570107941303,687.1447957310171,530.717160723108,855.3249997177714,247.4967583250831,112.57077699140561,0
298.5128272473162,976.0002461170841,659.6599158206549,619.3143246756625,732.877672821577,129.12302918483786,204.71900575669332,322.7143610854052,55.406167584205804,15.96809865058091,968.8760232437968,390.2139514360666,427.8852803070056,644.016585081028,397.3763047846889,443.52445709290976,876.398431529569,884.6175098712675,601.9775245861846,237.9687337537123,0
709.719525240856,556.9503806648195,411.91447353327317,896.4770184226984,760.2457146182146,615.6568843305795,426.56591864829517,439.4215895244417,892.8561091953568,744.9349103487228,455.4025318277869,314.73659854402325,573.2827991363177,179.3440382007717,640.1363700310804,720.5195075076452,386.2809216141456,805.9250465524163,779.9771286774334,302.7424239868142,0
554.4046134533604,52.26108516326167,207.45602368813297,655.3600882966864,339.1036074019347,996.5554157542649,547.8668285133136,410.0507004589683,913.7874304116774,420.9722787497162,268.4104491328123,561.9159484967957,81.1189876085432,662.0948041429817,96.52237198177471,302.13009746816954,982.4322686063134,420.629252055566,733.0499368031502,199.70387852805504,1
482.10343499600197,695.61616699991,471.714090965905,787.2680171602901,146.771374618054,334.3355276169152,458.27863294964686,830.5945986246948,938.2830701274138,887.1195486315809,751.723810075589,299.6933801178442,921.2093679879391,156.74123361903636,809.9710159906049,133.4916345805883,420.42449345998176,330.6283564007877,57.213198541618546,789.126082127129,1
873.4353560429922,257.7192933971777,664.831301609724,933.5606290566834,772.7287643011282,381.21028651865805,143.8113997594679,170.50971537225712,3.7105498630007894,600.4281928674383,619.3247424119917,286.8136615381971,727.8182123837745,671.468502114987,754.7320377336023,363.00415720180257,325.32161751421495,533.8074130068392,53.02647659996729,628.0713156966509,1
186.66394927937657,676.6448829976385,419.6384446698416,199.30973224552616,479.7835992335604,607.437555470841,202.215184596917,296.8913110366989,395.13572057347756,318.2327002800208,848.062112749585,87.45430696478196,177.4767325085268,115.3329192884388,257.9205202815157,614.5977096732157,109.21473655701652,910.0793128928232,257.28182593597495,160.87853500463757,1
380.5629266812557,950.1119259262414,93.53300031733191,143.89320926292092,983.9472220237784,913.7512953884392,680.13891296413,459.7576530549896,589.1679694406298,739.080810331891,497.34638230321883,94.70021267226092,449.56387368677474,445.13443948664985,424.81997746074893,105.9376756529069,152.78361067912516,804.4449526718907,164.8538337107792,75.32785599574432,0
461.4671244191451,232.75154790351337,925.1495172601977,318.3828197410766,699.2611077082084,833.4012698391937,614.1196133459694,798.2052439304202,894.1417113155811,503.643136043412,254.4375070604795,552.2620319926606,750.2835552910694,814.0953135331803,710.875059393147,255.00422571516734,604.8819689244939,436.2468430909733,519.3517981825454,375.1583097950797,0
297.81429201561383,125.05937977936077,792.6960703994467,770.6462004219526,730.5014841024517,663.6257191669441,429.57829019478254,136.5324079737086,572.2352673859581,17.911039683247253,155.36926320059553,892.154953692093,560.1503900533322,390.31459305233926,838.9381147741658,707.9614259863811,152.5668084918469,723.4156325717751,287.7578599538254,211.43379564108622,0
398.5025785428015,314.19194375982676,606.2737833012128,29.86368356659863,687.3392844733472,429.1253079336098,605.7066665720412,67.21584068027808,63.66075445167041,236.04957139598326,231.83762335429557,532.0061099593333,297.1234959274501,529.4867932959542,195.03470280663592,246.987545711439,766.5054373144046,150.63730618471817,731.3628888564656,46.63482095772709,1
189.1947221005954,987.3018060663745,546.166570040846,822.3241257067035,727.1500597953606,960.7390721060472,234.89499830597381,807.7117956490407,542.2903287373717,100.76217483209938,54.787208012639255,790.694032357542,764.8292395925487,973.8316371182907,876.3024810940858,5.912083558116565,555.3811724705705,123.13768735643538,700.1878831513744,658.1952391658594,0
361.6923333249318,681.7314848867093,54.12682045593764,156.03005527488756,647.9696217781237,918.3212773363807,119.00116957984963,419.694975539645,822.9449791056487,546.5974610686803,275.7173922786973,942.5351960077539,483.2063819486115,767.1125673256139,925.8667308530445,949.4698905166257,962.320963280227,194.19041679500216,736.5584411397691,514.3675346383702,0
514.3892964486904,683.3986346176345,26.873225810464916,431.84907484721913,284.689545427701,129.29467247865912,678.839769713535,600.2367600311464,444.86029415866113,65.15916439113978,702.3214386020802,930.4659801220578,221.99651305671674,341.12739303218177,523.2961719995443,253.81873809599443,369.5998818183457,986.0467430402016,982.9484294164354,970.9091218821311,1
566.97562310293,981.2726035944747,345.5853323992678,906.978241816412,353.1314546123364,484.64012999991434,389.89399999850707,663.7118280683496,705.5007608972312,609.1384365130704,96.4775195698927,810.010239578195,930.1510328333339,643.4151687079424,942.9026000043509,601.9275302869451,194.67442434313188,475.83004250511897,259.050340253658,480.08467349954196,1
674.088698626328,939.2411241576443,301.61595880425193,784.5740118828656,561.3021543917448,179.59130412441039,165.29087712891177,178.80779957227833,290.35021317131304,240.89827569221623,391.76767089264007,936.89295750846,341.41657758778865,16.8005670330168,714.5720750494651,517.2075784481744,519.1408171702262,865.3326945918823,971.7869781085182,685.0822759578956,1
954.0230098336081,734.3061308545707,311.23358704729776,766.1058092964744,565.5557867901755,98.55454728890078,675.2330673917164,949.9236746835131,416.53746504278377,615.9447228907085,143.7436679185411,908.5626639432207,696.0343517184999,854.2562966517149,219.53799448273782,56.188137802007155,269.2208931533696,842.012352570011,380.0221213669558,109.76222465429176,1
189.0652138757004,460.43642505746953,176.90694284587295,701.7464528416361,552.9234531665181,232.60718414855864,869.1848305765207,840.7914097391349,182.23104770354826,484.1834898733229,182.4915477625768,247.5640045757539,276.8182486175832,340.58500992152864,945.5261284520584,326.15259666797823,799.2122420896641,251.2570952109796,829.8316130207294,549.4341362443688,1
82.13978776383202,677.5701956146931,660.6936424615083,966.5512135605202,352.4832729048895,279.5514523194728,160.20918295330188,717.0222962692042,255.0257246471671,617.1163337896273,34.27906440831852,578.1199620567452,332.922266148687,204.74206070283464,682.2782277271397,426.4591533782417,911.9143735340133,193.73283680278163,934.8906622300782,243.75268232276915,1
283.62322919387117,870.0598717636485,501.2129536992609,771.3729133780766,902.8804294565693,379.297127300813,206.7254607568676,890.268512760045,314.5991323599516,117.71617446751836,199.461032039281,335.6864520097035,195.822596918506,240.708188833867,938.0277465977379,920.9302632166379,796.2558305489365,938.045023768825,329.9542835679995,274.48338668546177,0
855.4088944668056,873.319337318765,112.37932578404309,169.24878690802558,775.1801208637862,726.5872141857606,81.00203538426743,534.8713912562382,493.7975665774151,37.1325929532631,264.63561020850904,789.4279934927899,322.80221330265255,282.2636647798541,902.5453592944759,233.75900808426343,383.57474087810505,575.681914553765,878.3261799325386,3.418763270270797,0
528.5218804756646,57.43233027430983,374.0118376839273,233.44535053998015,442.6861411354248,275.1523554594297,714.3883505656469,604.9142618041407,393.0072375159542,72.87705900039599,669.4018637553835,765.2486591037707,810.0262130780904,811.3213612960285,122.60693440379478,402.9134107832818,873.3136580987725,293.08158290702704,946.3834266531067,469.3213488244539,1
963.1252395863715,293.63721132038967,173.31991297736272,989.8317540837262,658.5491372326971,919.7758862009294,234.08409101696714,587.8620611675531,762.5645056372796,143.2982080202829,180.31472810831605,368.5998952527847,141.7309113765729,469.03474569471734,664.599338091662,843.3253081936635,920.237509222678,291.46012142447233,46.478537558833025,107.23748236914932,0
812.0607417404982,391.29358191036346,754.9227188751399,336.06233411266817,995.0680984157386,445.7072415633898,311.4707255706759,108.85827411202497,22.294603772582967,799.4030465951256,416.7871308485168,962.2215247814698,709.8497827546877,463.9614376091585,306.0221346320986,176.71283231249814,368.55593404348133,415.25204645197664,914.7446280499092,757.5940178679689,0
259.493704586371,331.01566957128546,155.0041213285057,709.9402394638118,597.4965301292129,622.7494224049381,22.421369031331185,672.4475587110709,252.5889445249272,904.1561542704612,259.43019673728173,583.4191383929042,57.554308762812646,815.3409233806178,731.4361709185628,613.5371335467245,437.30528576508533,235.82568381329727,495.80718078596686,936.3994514948197,1
798.5588573820563,419.27938374984075,886.0978282468604,611.961265342681,565.1802803202474,27.49813705224369,353.401682464033,388.7923738045228,638.8518891393524,137.54582394708393,26.940180574514194,830.71239480933,284.5104326356721,682.8988934208289,246.7546611630621,971.666259725387,325.7827410225678,780.2979095903703,556.7149432649537,186.15105412829413,0
114.530123764779,728.8752093635547,971.3947593520503,596.0737358612832,197.64275604126658,842.4895585700006,558.1183266273416,486.6938910341546,175.1421765896961,689.4367378095922,880.5512004986315,733.9598350384435,266.8138186237615,602.9557859385666,882.2008333123295,238.54056694451054,732.489737113837,662.5030026721848,92.27632222310467,581.5444216537503,1
435.5908366340668,628.3540498669703,868.2826650007958,512.5674161501545,211.3348182147492,55.02228470114679,43.02419590879436,42.31428730880982,810.1119472956458,478.5280265517918,820.904625080015,739.953604574871,572.2350310876159,813.1386398787386,650.2634104322402,298.14588588483826,655.7323201502359,905.9218587130543,5.815073459608633,34.70444300545405,1
126.09124706688624,768.6580442568327,769.9684407198466,219.08723505985785,916.4004048722959,99.8599793866971,3.22746406127139,662.3494987563726,900.5740269735907,182.34744182317797,761.1342071107321,248.9756934846039,136.09894563112323,211.80133791058188,336.50481485208127,156.1290889231255,800.0708354996427,893.4704239524341,947.2190851440788,112.53701988025632,0
106.6695345388684,851.516486848636,917.833075542422,643.0524169815397,610.9361371773051,27.137589256847615,823.2447573426923,305.0538149816984,666.5182041538121,796.8721858220782,298.6189641442062,982.5963638693497,437.3177370186091,726.6973336298173,501.5964832687001,45.68151530098763,530.0453618024587,607.0640935463455,602.0442971264373,945.6567180799084,0
657.8322658730409,795.7336313930758,645.3467949020518,719.1659346252072,126.97684334845837,124.56227490920347,400.1909559078598,603.3668121214481,817.5013702223544,124.08320420560604,393.19665078717327,189.29385733866965,671.492111544045,780.7145450672703,863.98141040187,889.0981199331044,358.1923583898325,741.1934616728952,840.1004641820186,22.820436307994683,1
416.66280018793043,786.3342082262011,384.3599628994423,882.9299102668411,611.8922796867683,819.9586044662234,230.4092686935568,85.78439187561926,220.2886465023287,69.98298911209078,937.0745728563912,943.0361206520852,688.3990857420526,538.254116440566,791.2081208149631,350.0438076048412,831.1865875961333,776.0984450708698,739.2966626985601,695.0535235241348,1
13.99395874811904,609.914505935475,841.4690807119033,343.24102399538424,641.1499696297874,650.1344211115825,686.8776584956535,908.91291682827,319.23938899571993,988.9186361288339,862.94836579021,266.5824692413261,55.67894286997588,340.3061913253206,182.75600948929483,338.46987527347915,630.6455781487235,956.3201774773803,488.98122062221114,793.1338932881018,0
868.7986545392599,126.90253571647803,512.9409321300099,573.0207553249336,816.2740196916421,96.34071240170672,889.1711899264649,415.96001513033156,822.5753471660133,461.2453310131298,202.6945939971606,318.27577968295475,48.04674663855002,909.9515489331818,528.2909332567416,591.580998782576,266.88742290677305,877.9300420518954,357.0554767707147,47.89952847973977,0
807.5447865116377,830.9029349219383,623.0060755657499,364.04500328922154,758.41449546772,664.0257890935252,101.65141968065538,894.5147343842411,454.9985128836256,129.981708962709,597.7717541102517,29.751812370362842,602.367578420795,323.7762365416218,393.25851746531816,482.9194739843968,204.21999960141713,739.1395877647725,345.87902273145363,601.3958859919595,0
201.57975474723722,406.86786983995773,195.07884311706647,666.0771455445984,333.1577151929038,219.05223554113752,767.3748474822419,320.62996543313136,178.87349275977925,160.67363841653793,904.2743405817612,128.23776357854433,910.141070165574,777.1096822015431,17.44104475933794,354.5254530108564,60.53534016160433,688.2005940514482,151.52680459121072,186.06361222277002,1
55.89727019029378,728.955494124342,335.1271953351398,686.4947498046491,508.3175333575459,140.78052089030624,883.7851699561929,586.7787530292957,768.39710622487,851.3860353920423,880.4253076671394,110.25016723949777,571.3541133512821,633.3759307164166,726.8204447033315,144.44946144624637,595.9717916830484,81.16315990867685,182.07575196001014,173.17920901231832,1
532.7043964804042,78.06825832623565,54.37814346023329,952.9313194620515,851.6988994243183,780.9452060356862,377.9660629005167,979.1826515216734,835.122679291504,597.4291782423774,273.51594960357653,370.60301857529834,70.01332543837036,271.36994828453487,708.2373857100862,691.3058077056451,361.48249597752925,654.0118271906803,694.2310216557554,618.5425122071088,0
121.80746934636555,30.568745591735503,710.2869764529297,603.4433066966577,879.3941208955933,67.67802017889713,525.8764789083309,876.1546579636163,881.4616446545907,832.6262209288723,610.190171019296,772.3132318332956,657.2764335015066,252.96250446291424,450.306869818512,85.96654709445018,831.7399992234365,90.10588763576244,444.1774427633676,299.5871128855475,0
396.07224158536303,913.9900375563892,396.4912026228217,328.26711345179496,456.9115727174141,814.0009382047505,837.2825624069418,976.1058701767887,664.9266288880785,563.2495756967886,797.8268439209035,843.7033551846589,429.61983913138215,567.2734306132569,28.61833549084336,203.20139990318143,795.152600693038,830.1067218997744,742.986523807001,802.32093020204,0
89.55691573903013,408.07716281338213,615.1066189103462,692.4748563406542,389.2507071641619,268.44944878899736,712.3426138878657,787.4430573906648,291.1044088547514,53.41509654726983,962.5235528980605,424.3992762184068,356.54561880596225,26.291763656572485,46.44481013354718,863.9737483221121,712.7247812380093,332.7169663386348,410.5948732378404,79.5155384376689,1
25.57917933464804,629.9703226457556,40.13694633158216,893.738714762284,337.33894291171276,220.68870926319383,329.87028630372293,476.45672839273243,613.971643390607,512.1125914616771,213.9317946554964,217.01215893631763,60.332251991777056,635.4058934228489,477.80545850386005,131.45764390664726,198.63058239053356,187.75063606123354,630.478714071425,912.3245606322369,1
801.0311672736499,613.6187554884477,836.8711711570872,712.8882505774476,928.7934945715946,502.8822801291349,421.9545469310093,766.7642572798804,133.44390421545583,611.5350913775046,868.4950159367395,996.114525542127,411.5418606295182,13.286295320921182,269.87609224209984,883.5805925678496,622.0943091180895,615.1735667316307,622.8753608678722,547.9260672520899,0
315.75557606638296,413.90254938929115,128.1996155727484,318.0193233139138,317.63752351403554,145.27360967335136,786.7493872814467,634.7764664428106,32.97702731665942,201.26780429841796,891.6864779670022,398.0976154041316,990.6517354920669,565.9202919019878,516.2577357831294,799.2871823230087,743.7865636747645,903.3938222462917,764.8857954153913,276.40163275696096,1
505.52972127389626,620.9515638692775,687.6062210578548,634.2426708264717,811.8879344405368,854.2237373705124,137.36406852328344,446.6623798988283,886.8066456356476,317.44200270053193,263.95130437121117,768.2953476728969,405.6821415714709,605.5507913046164,612.018532997684,117.06562744115601,948.6480611973969,859.2149001621826,401.2965910486932,119.76408758983537,0
186.61166980665377,706.6218297532196,673.120528867211,229.1896410896339,506.68927665534613,768.830778719923,352.78808361933324,617.4722781753673,777.9655647740594,343.0241981345069,508.29566706702724,944.8219406078468,326.22124690842315,392.39368077176596,736.9213016791014,723.9978876887974,935.6831777796536,626.5954549478516,21.449492194123067,501.2786890464006,0
209.4095002767812,184.9840840133745,745.907844933545,368.22902964521495,232.1615955804066,962.3877975185372,614.5390264987883,960.2667629575061,988.0437576695736,629.9391120128539,616.1776370404124,745.9751455059849,904.6823348333352,764.774798868869,160.56247999856078,915.2771806719059,218.83720422593643,809.5595373916744,109.38650171431075,610.8139452037291,1
464.7194741463069,30.350902322488604,143.69981986162438,43.04605719896459,996.7457142216759,217.45262487158513,796.0628975351079,168.05804709835016,224.96911475251335,20.807607926576544,678.2994728676293,540.7297688648066,919.3182907363588,668.8226585938115,579.1477154495151,31.567072540178543,102.34446670230402,903.2694832037179,860.8309845537415,560.4736675650013,0
418.721014818369,980.2075169669337,654.1032634923956,69.62616617406358,285.2147144190105,682.6949268291066,539.6217594134425,819.4428887228286,450.6887830946588,117.69201733913026,713.8443694871429,704.1835546103148,735.4934239556337,41.0350370794651,412.54082145744155,67.51021705103555,612.0711335881571,702.133993765451,581.1204604436649,632.008395341175,1
947.1542422414656,323.2553234090497,785.8470041149278,148.22936682158905,671.5363245265977,763.7423272149524,350.7174388947074,984.4534312153274,156.11520496354603,392.6349476729681,342.0569874965382,517.3478584446314,986.8849999475965,987.4330577728131,952.3214766177847,45.79958083297897,788.1053024130462,496.6190512329002,243.9300720890587,513.6795300917643,1
30.219189756949262,474.77649657284115,302.7586185764316,608.8421035584719,66.69576622197071,644.9417056425467,937.4650291388105,239.49313523906602,644.9393471639837,828.0819968930667,778.7135257086534,261.51713691621734,846.999686448065,442.55793180149607,813.7511144675757,706.8931531307769,92.95571896573607,229.0746580406472,750.2386892179569,93.27391263978424,1
5.6048673794034665,774.2695701584195,560.9377580715934,422.884471878468,842.9480431225293,855.8302717904008,354.4186634746701,319.9498566302818,696.0828860025256,220.07979441591164,225.50173062705193,235.50843153583457,857.9335051678283,43.2112092043514,237.20607798991645,774.7572118567915,214.22330267042278,928.3619395532854,64.19774862451544,847.9968114620572,0
462.8710223033046,474.9028054970017,39.10608400367388,742.69463955628,746.3859317315784,496.94438611840917,765.832817718779,820.1452605321531,670.2495614378935,394.53505998580493,796.2480776902242,364.6661507378509,6.004799590124343,585.4780132881644,530.4143297167475,602.2509670973617,550.0105283364888,194.83853278090467,488.9266509927791,39.396618693170794,0
660.9559557530805,588.1473692625589,487.0290590284888,862.1263238954074,175.99594658899164,777.8237484103608,319.48203287545016,943.3569863531426,826.0624603931612,92.40998132085832,715.6346811761753,720.8364251811661,646.4979404168892,957.5272506867318,809.5531406897072,451.97209285979665,744.433909961194,693.1863840895885,886.677141867563,304.22181507820835,1
896.6308942356563,577.9980083746566,531.2864020094004,586.2749294000064,286.8503749660235,583.1260619506456,253.83938640373694,439.18548467478803,974.7088992476374,792.0667272301808,822.8197493583317,349.6571794228366,497.22363130158817,731.399831306599,577.9711155940895,388.9362741325664,118.89351557283024,45.30333775476281,421.93193879758195,873.8967466452314,1
566.7468793740036,385.21506002824515,965.9156657350983,337.82805703043704,897.6523803132455,877.9148900640149,437.9757157799964,342.83399489744147,375.11654476039394,697.806345848592,419.70014372361265,942.4332934241413,937.4933074408838,589.0918493778445,581.9393393741146,81.6008012195456,21.541476732494957,665.7787739747012,69.44399625183128,555.1564210983257,0
188.5582002942857,862.7196392945642,645.9588793001114,387.4808589108936,396.91571260393965,894.0717982866156,241.92980188746017,586.689348468852,949.2326556675138,298.6092419539954,173.593238806913,620.5722822686246,999.2906421309841,252.94316473419408,943.9902126481787,304.10015475891294,632.3630389354629,430.6264087266899,43.878793233325,913.9231024705342,1
300.0189912131992,444.72691397234655,804.7149915536138,415.6895117729792,590.2349786831456,422.3004416765449,575.5961943375547,901.9945004013076,776.0035011786296,563.7191256569917,393.7182455098251,142.8069589185301,828.3220995738211,227.06548969341455,215.96686062294413,168.4447057456714,831.6791297447136,156.43114196153618,246.32495933781405,764.6913716071865,1
551.778828605005,2.9312925161039116,739.8384748327985,595.9614560257885,181.86748026015508,281.3439249568944,470.2047865538096,13.867029872101643,475.0237289523327,894.7003503554504,610.3857749703369,906.4701749075118,22.709346093041873,94.3986770101508,899.6015373337593,13.266283501350507,548.5037734311747,744.6163404218657,605.1528658546566,656.3023638255892,1
507.64818451025917,177.9919065326585,193.00640461122177,44.98454020050025,181.71670463944767,221.67783345917158,143.51382152502313,550.8405727934285,944.1408393037207,66.79932869794169,661.129121599257,560.4651385160771,532.1023592111145,692.1660409535608,214.1281667438134,777.2359640048967,208.023069241575,848.1498586022732,958.3629233419628,308.7074840328481,1
430.614640795147,947.1865457740557,23.934059753526803,701.813547025875,445.15622658872644,754.7846135361805,6.248245963558552,832.4046913123769,627.943348542446,846.7805738298789,830.9005360106734,437.34890001860015,126.11460562312882,735.5753100187934,60.51685387221251,244.5898931764917,288.1104625219526,780.2633092040024,141.55503641253352,560.167854553485,1
393.4774523397575,521.1626547627806,114.29477453212688,893.3029107578068,385.06938247126834,174.0643434593462,164.10707766468968,696.8330845936731,881.1310906057887,32.561699500420204,435.896929200983,843.0501091920304,271.78446537093816,464.19853013927815,340.9475349539858,832.6496646257592,889.4464674098466,235.028704411817,503.46499527090594,866.9491266113114,1
516.5464751797425,862.9085149783295,870.1792840863347,213.14918888544366,547.5210106584068,639.4723973919164,61.54919523658875,19.2099717921661,822.5744615596074,284.847157103574,387.998063875605,895.4288429648605,772.138746107467,820.5610901541721,648.696167076558,300.7804343976406,631.866880751075,256.4980722002477,291.2224144174391,127.24403229184911,0
28.73889091516546,616.3218909454112,779.4407273196919,819.2507436453766,455.9719655246871,679.6203632970681,76.22989346280784,824.8795214208934,974.7356866656085,437.42019279585475,124.48387765271617,323.42004688737904,735.0183095094192,67.60598828830011,117.87148893119648,956.1434920674656,453.6318826584547,559.5728279289845,194.9750871996836,485.8762772090356,0
489.8568060379822,642.509587250714,349.1566953173701,572.6748476557709,786.806787411179,838.25607114246,110.35054507578712,147.58723060003254,723.3382445403341,613.6081422028384,45.085754048750594,777.2362713606734,660.9402773753047,564.8623691759473,139.076604949247,579.4215086264857,2.835655518860003,149.38212088049653,769.2881907069793,776.1159000755823,0
713.6579453916963,119.54541614004066,124.24350278057162,72.4227447597563,96.78660231262381,654.7093690356961,207.87624264354133,16.696013266399802,663.5553130785352,414.24837306782825,864.684766359124,754.017325682032,352.7659989640267,688.8353410392184,846.0386725537307,202.49339351080508,616.8558069416472,812.0220655840521,954.1915879763774,706.2645987925482,1
935.2427636739689,543.0429619773525,571.2581835807324,427.221651495718,813.4085392989075,929.0488117503851,538.1955196209145,101.62864106955394,199.71199069898316,665.4603333091378,473.8274803813054,109.56299433137362,874.2858716307899,196.99146913626876,950.6585761361362,415.71016889235324,135.28029797234808,704.6852905768351,914.0140165128537,250.72475091335411,0
310.2224975025154,372.4708728215711,912.7515475629536,147.10106222281672,157.377791166191,201.80833669389807,343.91526511179313,301.6597250744565,565.4139133260292,704.7918514654317,768.0489387301346,514.0419933908869,473.5842682308512,756.8602103921783,83.47319087232796,860.6714007939054,454.9804807258825,603.2414523561141,931.1706300728448,816.4316832719135,1
437.47161578369975,356.014772589325,704.3706445696812,859.1807416985663,530.3568531865003,538.0124369566613,958.9320769540691,761.7035905034892,893.3972729421889,42.319913161977695,84.49360374159743,600.309151055587,686.9435317063916,269.8084212201416,585.172973615103,89.8554994661388,919.7558837262363,340.18622991948655,517.4185118336228,626.585197539192,0
477.8096552190589,693.3512654647283,22.649187772610823,123.48460421531526,206.0027496920811,972.4585468316633,664.9180056614302,304.09942276853064,511.4735047363919,448.02114640505977,249.06477021846206,149.94186238068252,252.3129445868365,37.03309391430143,76.20010858357873,802.839085144204,496.065682745322,136.91053527735176,84.3231598152504,831.3310810162919,1
269.4292347374393,289.72719772370203,880.5035497736006,504.4481877735111,855.5246474482593,795.2324877791826,586.8797222965433,202.80604544643433,77.33112148660426,825.71366839315,902.0979924573963,238.54195700724134,137.2668721745759,443.72620898564054,230.1177682001062,524.6217668159001,679.8259679965806,967.891097418694,692.7222219986512,581.2891546682877,0
338.15413435546526,592.9784349564169,605.4726487864964,92.79135803294136,319.3752433766239,61.21182589229257,169.37471046868956,583.7754772768907,891.0992259407467,733.4731823932299,239.62172771255197,658.8674884482137,603.5533930939567,978.8664279290052,314.61393643611245,580.7803641467112,17.50553168668678,351.5994987239364,298.1699446788063,275.7536477690944,1
217.65752113884818,919.1208818710893,194.39520148291177,670.6067340208291,425.15275787537246,361.51473227514043,680.5871209602294,553.4389254127792,628.6731948493691,761.0630842628067,543.596821420873,219.82931963757056,955.0625845578446,493.144051183713,931.2619804565037,295.16325265421796,420.4797419058005,155.5209884153844,771.13719665824,367.93003209987495,1
454.1424900775196,436.7151341993931,108.06871573952992,933.7362926989678,71.27172642876955,681.524041099287,538.7973757734053,719.68735314643,71.61815265558945,470.0841921812944,912.6461548747144,651.4479542280228,421.07385881551573,17.906563538290342,433.2456942948556,504.62449915735164,533.3958637369229,377.2080255064747,658.1542902916327,914.7989769855523,1
963.6965062930209,593.9109223031301,243.09333292140212,195.98311714567117,182.73021867123285,630.8724640872009,977.1134704452887,511.6950137407701,728.8893807027096,363.10237490218833,588.5703174257001,956.9916128763551,31.444212935866076,835.411125205835,46.05538411206489,994.5689565746893,232.76237939020206,48.735191045740976,769.0485505380425,333.2428391618464,1
719.8401148647653,418.1401374536291,475.50055607890886,714.9553234479977,575.5813416691319,535.7395814471023,9.008013321773923,297.38569943381907,567.8453156175143,931.5719186320609,490.4924845745091,876.5185689595568,190.78276018810502,675.5847514316886,887.3966031846917,256.4228749078799,466.5416652006361,991.3027792281523,256.31716259731354,30.72707444940692,0
236.51599082956065,217.89204677100827,837.2580191071021,896.1841136909935,548.6272250317666,966.5361230936809,834.316692721774,943.1197228021139,355.30969704703483,926.9187910027155,903.9885421036594,143.49662900745398,118.72364360959753,309.61404181735406,335.90762564257346,20.525208690929997,367.6538944297868,868.690958711389,762.4838293800251,335.4559027222619,1
810.8022078984334,254.57349471819123,646.3396996539261,632.987601050483,441.0025767648117,281.10078359295596,437.2860223426711,980.3221760802676,723.4591922917244,428.31049879743875,288.70294800036424,398.6113742415681,183.24494719110606,338.78575218904314,90.04703807104453,322.12597689855926,302.0463409844715,416.8619535966438,478.4032483144549,667.0470012267704,1
329.7310659248822,222.18504273884275,900.7010541513978,103.21870458304238,676.5176465208121,204.44906537505224,235.74361398445487,344.05281358506534,340.6560605758031,937.8987156297919,449.00997247537487,569.8263151669997,730.9366659122852,7.35660026597984,920.1756887477487,184.04556633384595,519.8672636585948,386.7027832452988,818.2135315767774,370.385740131136,1
862.455468154263,341.7156999347538,685.3633087237986,214.59683559266773,441.07087101509876,466.43076522864004,872.8891207765291,895.2508047643771,317.5510081180919,280.1840468316839,429.4462550006246,817.6649535690011,71.52677340944624,962.5187943611903,809.4104914925515,799.7348145596362,549.267933527643,363.7811375982497,992.2450612604363,844.1274756446297,1
810.002811302797,173.2297728165475,924.8263905514599,182.22058120948626,111.9312916096843,751.7821320976832,904.647797155705,74.6168450620367,205.4618710207847,644.2762810255575,827.4319345869446,927.0202173438104,628.894275186112,301.24996601364154,418.93847577423537,68.7904437401835,851.4617213959871,650.9520406658075,243.07108561181812,224.18365107912442,1
876.3796346701662,923.9728558764589,369.6865582970279,820.9467926329954,995.7935273680548,0.7516537831699921,940.8989952074713,975.8008787863878,729.3366549039808,901.6533988318274,912.2548382866906,237.68503279028909,22.216255815427964,563.9457940844936,578.8348586815855,652.0636207298458,223.77871724561206,159.06501279452257,481.62318728276097,158.14354176488888,0
515.2514768681154,90.67220291042932,251.21355866813767,345.31679191706456,545.6816011127523,84.24727999641057,711.2543064789957,913.2184571937163,944.3818488484828,426.4372755851633,652.4855118325089,521.7575561449057,440.1406238513381,986.4137134627655,515.7368493287169,972.6592105061119,101.29440519865007,762.5051073980547,642.5750443094732,350.5725049785523,0
948.992714675006,74.25115261085769,388.31610509767256,314.03867985334375,757.0126071690106,652.3749754846793,918.7226677855633,145.25501172119536,40.3905522585064,554.5614641053974,898.4221231565224,0.45165484399101175,428.57210427523876,7.89548417105268,139.9939552604429,384.21236018178996,60.22059024122406,406.270716099296,254.2060086543684,930.7967179813234,1
746.6910391603234,375.690694495152,316.40054215483184,294.8736455073507,553.7293492590835,801.9532435022996,48.59809184535102,811.1538423350698,85.32747510691652,551.7838727915288,184.4987957429962,932.6529289720729,27.441287656021494,288.9537384882531,425.3303477021314,297.6399866794199,515.4903721052018,464.12645724970616,207.4503058504743,523.6754649189235,1
707.2108888539326,238.22233629966516,794.3421272213262,380.00369024578396,590.3044301363833,975.3970865102459,623.8214407971456,733.5672565515486,178.9489329402625,3.6306671237510413,131.80751678906287,662.0939705233261,502.14251257350384,607.0938325389244,624.7318903451967,59.6748895618523,809.0958134790243,40.92858448840975,794.7216141573896,918.6081915628558,1
7.221912719817758,3.936371353842172,922.6857131755211,703.2879479881786,566.2727684862061,806.2330459698419,650.5112112451972,895.5471003081187,860.189154969005,586.76643605687,929.9755155514728,170.26983075446302,478.95054990619724,485.9972672401429,169.2187307174491,507.47664469905504,585.1718777408964,271.19242640487084,972.903300086537,250.87471555217334,1
380.17867712150155,53.4710074638477,97.52444166657448,580.06272701538,259.7640757677655,875.6726358764209,247.90346795305229,170.72705856358616,455.85144441172355,846.6004658968008,149.04227307477947,735.5526208470316,179.0374268669783,380.43717060492355,457.49745552655753,982.4803816716192,81.8756243411115,827.5316830671203,185.17702477715358,942.4887041733357,1
767.1560755615503,431.2473646399656,893.3940264140751,305.4507139484053,383.51474119759774,796.9683729283718,660.6668152010312,12.340497366648329,644.4915297056341,858.0719747143161,657.3255518775101,554.010988781425,261.58212110361126,332.7719868420626,341.1018294977257,606.7651524921638,466.97436250515636,74.86788686112156,535.1566882689332,987.3758180339385,1
30.862747244088663,192.20842049798458,273.7067417393761,124.28569133703371,243.12570084135243,558.6106040582107,456.0321849224641,501.91970473296044,961.730495481885,365.0385159952785,327.51704809144866,225.2341015059348,952.3725763461105,104.91548044406906,748.7177537976725,628.8762580870396,555.7651409593736,184.3811286699618,106.84721815658006,66.92347505042761,1
186.65855273111498,599.5710879891009,948.1876551587161,560.1807298881984,697.7801856552172,768.2955230000933,562.647603075157,545.3992275477588,577.3580261406161,131.16539265865913,768.7549544128251,967.1515192580631,409.07937312833855,281.03909590545175,657.6249374378087,147.01308940877155,465.997529984057,555.8479776813433,186.60631135213512,915.7303132562278,0
187.5731802527595,808.228750384096,721.5151896517206,789.0698057948193,273.5707884093441,255.7924850888621,30.549353650659917,222.195181424502,419.2835883386201,372.25132117373937,101.15223597645684,945.3889774970564,836.8910546478264,654.7134655802906,139.66514094935258,672.302364623693,997.6422850291999,780.6249438522797,238.32480693330928,545.1105608009777,1
661.0527150176677,206.78931683542834,426.82755043954023,964.1464535566438,81.07012326235574,516.7673977565738,637.8155354823375,672.2307292138764,715.4415862216557,291.9649449345994,521.4835401887146,429.5125221441726,817.3570665880728,899.024092756527,447.06259788309467,830.0853939360622,153.05463773407757,592.602746364778,722.6292783538917,437.9059634537131,1
693.4306277160987,745.9654612461289,797.1252136216673,962.3249013225495,83.55847475941647,834.2639181801476,136.68048560843914,292.86812540256733,177.17093683289698,677.5290236591437,636.1882463852804,64.13535005021953,445.10301168728586,589.1025409327077,115.15654847431934,639.6668148608071,765.9610003441023,758.7228505874247,662.3315532167572,416.2339289913809,1
329.49614387904825,329.7473334095048,817.0728714984253,360.94956938962883,899.2431925914583,547.0244670332756,283.540431482134,654.7897264130839,618.3824723104523,232.68958217364366,944.0595371757248,375.2969079266736,732.477221934606,762.7593716348217,657.5452159906217,898.7958616963896,709.5467001756549,496.2686591618934,137.25899402459063,878.2056009115904,0
816.4652839412059,659.0182546468997,562.3677462758346,724.8824208553493,186.97939204716508,831.8219076521524,470.79715116433954,194.1009749709557,6.576434555073729,10.736019755812286,778.6749461135876,944.351292885694,136.59162846735128,570.8755122578979,644.0193875123499,731.7872869841099,797.5096480264571,963.6847025238791,351.1557005007404,874.7736990647334,1
559.102339813238,537.5990219821488,632.0337811185057,418.7470646559452,853.068645988927,696.0881524761476,620.9419021958072,286.8756924779925,54.373448512516134,280.566126043706,194.57873514369317,126.50593869769477,69.20610684000461,929.0348804878369,577.4616950173343,16.07795528888756,344.3389457136359,825.1897058070757,466.1936307128063,618.1023680174802,0
982.0967525365155,584.6910333783524,96.55624216309933,275.5853138423313,515.8247220251154,465.8692356830523,298.59984606232024,295.4248592349491,489.9250444608467,285.96672987186645,385.97616516788105,147.11576449641274,670.711451857598,651.2377588803445,587.6404433777868,895.2110247065003,359.342782043052,937.2134077793404,331.46912438313933,953.1109818609003,1
235.18134017504678,52.76990092045764,627.1546600331664,397.0839955765566,231.77724315480884,331.7965735416787,798.6933318059997,469.0443985988756,77.09471884758024,552.7132848493509,728.0349816025255,458.78392817701217,353.0760896465879,314.4705172361774,534.1677148172646,271.57709396981465,791.4576432481101,141.6916659693157,219.85617954370738,861.0371091123818,1
470.0598595555536,924.7038368929382,912.1815703661885,444.5550012393419,296.4988488854108,538.9373040445772,527.5786513685863,440.58158763476297,199.96907411396393,229.81493554830413,814.6237928150342,615.4522360742974,887.2010740945615,346.72593047697717,372.8067144020376,399.13477715826093,524.243345282885,372.7338735367398,419.8596565781886,43.24408872051,1
346.24896362135974,610.8428714140078,501.7403140341763,612.8957615246134,553.796953320616,396.4416070195409,488.3267136343984,684.3036901345984,768.1880548427532,322.9512538680538,397.0284074562168,540.9390277022069,999.0075421016944,897.9797505185525,889.3568765302249,197.62259609614884,442.9927098766131,241.2114244965986,452.92438751392905,118.31470739643757,1
696.223376053633,631.6589503820265,305.76291431608036,45.592999307429324,362.67437256704784,120.36044026368575,483.76484980668164,759.5792911262113,353.9710424661457,6.2479063588172234,378.0889731414191,249.01435617945322,922.2828606751309,296.1101786723651,44.93652512354074,870.6710939173623,704.3133064689223,281.81917559205004,898.1948334031244,81.87024182341418,1
171.2584107476385,813.4696921166939,60.94725862008832,747.5045861644285,767.9574442606173,564.3593225850085,405.5922308125992,132.9190088865887,566.8701161187296,957.3056161487349,367.39083228841787,172.4084673261741,543.7739811988263,840.4593197449008,173.6479386243247,211.12422566603183,231.3755628537275,295.9424615730536,436.8584529203824,800.4297922389004,0
440.2654515212698,882.8827638178415,667.2809999072878,928.5961288646614,683.8480193658482,594.7124849396805,912.9289531429231,806.8615019846513,194.12585679065808,527.3823986202295,688.3395793951847,561.6609026745618,123.79785132221622,96.59712325380166,403.5732935334667,941.3117985897402,269.30713834260257,522.6155945322087,710.1571474324186,173.65439821861662,1
600.1736811002601,584.4477947600363,57.895157200757666,370.3521018211748,262.726316248709,274.1130320686399,234.658975085554,370.56708548494896,109.61846459808943,0.03325287532429666,376.17616175335536,577.2254240541426,629.5637101226956,689.5007675579953,697.0254964858019,93.13375444999872,771.6774016763112,430.1193830987575,933.0336439362031,815.9104785674075,1
742.9099591811207,754.1991000308496,718.2531325796645,277.5134766530669,823.1093282526854,286.024164490156,458.11657823028094,749.311459751853,632.2866265826256,7.701929414229425,412.23373489414985,123.48778248950009,402.59083351244954,642.6554599324177,8.173364394093552,450.04336485729215,363.2354649188099,713.9546290036988,165.95662413491752,261.39131037426733,0
116.0651051302014,572.8893866947221,230.11903529931556,363.79069031493896,385.7984002836613,966.6145276178695,282.03426043363135,534.1570550686137,527.8762201408281,894.6999023664608,602.8017940078327,595.0362888885085,551.2161597158158,56.450309892166594,493.51381372974834,41.24005647822027,341.34303451280033,948.3475486858928,760.9732417607933,441.61062950451316,1
92.58837661405816,883.0943846995225,501.12638981720517,244.93228508370868,965.529923007592,218.98585224038658,267.4882352138358,216.60643966855253,751.5479161860591,86.97743110941525,676.7795996471558,301.76014193446576,177.04578984656848,160.6569707460458,978.5964881358905,85.82361296489327,553.831844627182,138.40394399828637,381.5298954642706,252.40000326231038,0
774.6484296828888,708.8057344996732,152.22454782995865,72.71945932753721,368.20853446444835,403.3865856381311,513.5214921992086,629.9337377518046,55.064837710791736,430.2026472023288,98.79378550427764,321.5714996402893,604.1978333076876,999.3841304466263,255.487721260663,426.08087296894024,16.29527815413767,450.7272848425018,201.17325995684587,256.8729453874867,1
699.9474321029941,179.38691441007148,161.72578721658337,403.8526857363498,26.91078078192488,724.870642432511,343.17888914587724,968.1419081120514,830.6658726495893,390.4761158401838,645.2532216236747,832.6251490429088,645.510828995851,587.6683162518949,835.1461094885648,8.390286722298024,750.6337580426298,83.07805673603686,419.26108599365875,114.3637170554026,1
579.887254558592,133.5117918007227,529.3707718308266,100.352253457904,200.27663979871747,334.69061963768775,309.38595654115585,536.6357614436214,524.7644262190388,787.1865326476926,360.4825409709214,170.58213313256698,966.0493555112959,233.93796809104705,299.16600593718255,115.43033010122605,624.2132353530685,869.1223938723398,311.69819557963297,371.25476327465367,1
990.3196247174556,329.349498714555,939.9890926855579,511.5175183715801,566.1455771038563,275.8316984803258,913.3102691705968,747.2422437875214,529.5950173469239,675.157629966268,102.12097784435437,98.504754589254,519.1809079501922,831.485218692526,421.24458972501424,761.5532524192143,993.6364897362796,544.0743376048116,508.9720295489131,975.9552744022778,1
116.27365632588138,903.751810726305,574.9071946591872,275.7947370889945,740.2333323775018,573.6595712378889,814.3010831861874,219.55601532938863,543.6270458581,750.7133127934891,285.61974689902223,329.395323248704,696.875717898217,103.65115925084456,654.0213798377132,222.47956159593073,627.211645248598,189.48068385614002,236.97714476802844,759.743267712981,0
427.188441632615,771.158919020842,495.5668741517687,379.90418622139697,152.75368238878062,787.8215563476185,753.3514580415128,610.1731720474594,892.9992434432069,738.9861066380627,515.095407270558,880.9108234059822,420.32795978774584,913.0145110126923,127.9569157658138,29.458165361823553,594.5742627123406,151.19999566718258,954.6975151335681,943.9865345826616,1
419.9043648280035,61.07714117830454,982.6936060050623,408.4091091687809,496.6417137686357,339.17318472830794,303.39654894469516,287.34589655043527,316.7369245032173,677.4128880759658,360.0586352269366,746.3673498929883,709.6060590003781,806.7030825920684,104.13594957354411,915.9798432996498,828.6452262627186,321.47737374138507,138.20728678624982,894.7557036859494,1
504.20274607203964,436.549090357092,922.8322913668384,392.22792350182743,858.5047485746718,919.3248904557129,746.9234417219448,117.41819958053867,905.5809344298598,318.4675004034262,269.03710589169884,639.2502422845656,491.66010898628474,712.6526050968612,984.4754024771801,999.6681985525255,462.54817718893526,640.5562971080667,799.5798786804778,510.7898674738779,0
859.4009750116236,391.28364453789334,731.5002863912965,67.70251237524238,952.5447723232272,305.99927729409336,448.86181658317173,657.8866746642866,269.5561497585682,21.861374057621784,153.12221807868588,827.8295864487519,642.1415994321562,978.7298938709814,949.9936077166366,605.0888566608717,452.5058896347017,573.6896373758058,938.5214632163415,341.5760309706561,0
350.45620722245553,653.1392022047004,539.8454062686484,625.2140687326743,552.0608937533193,621.2583686375656,49.330690027573624,582.0736185853747,820.3768760480721,851.9556889330685,526.9420018262743,201.408011559973,885.6658957768003,236.48526692577897,316.7891595112826,266.37629645626913,964.2922843505219,802.3999256124371,753.0931220512894,113.16824116191937,0
333.0373328371753,438.37203893989073,838.1695014209756,15.049382978467696,645.2245438513937,283.95258811973434,365.64341870127373,918.9535340674136,177.58263918099104,711.3528116912522,214.76415725811205,138.96843514791712,518.9779508533429,854.9323809853612,414.9303104209571,133.59862135805412,806.28370958443,305.14820215351,761.4400423897798,860.8134635443522,1
801.7954016734562,274.15646950210817,273.641594989398,582.8119063119412,952.9039284917436,324.5190717783907,126.73322135834874,40.7129200962284,875.3967615374414,818.5616684086651,871.1009833347974,642.7195466484575,559.9104382640367,910.4262593032225,155.84199321616853,46.67540014874116,395.3003743521641,453.57293119786715,390.5506786114569,148.54706952494357,0
679.9406224962663,533.4821204978906,250.91698069525626,638.7891024987063,179.43453976796275,761.7307614165212,346.0408297086404,151.73918863153202,395.4433837320184,890.2251238414233,701.288331979008,42.08584092437495,431.5439133147838,938.8303410157557,533.6804276473605,33.71096279195385,492.3337440212554,738.3297684584811,681.7129966555963,645.1274803009812,1
843.0139811095644,115.98374425397773,546.3693913221093,784.7199875076841,647.512520036628,861.0355028975541,373.58016327704155,222.06749187594542,705.2185302052712,452.25627589380736,297.1875309162841,284.05208063447105,792.9830489852881,806.5338646836326,137.9131293665492,493.97027220984256,511.00226967404427,477.8803063809429,801.225278182332,147.39611328434066,0
65.38173717912277,114.34770900011992,964.9954360551603,993.92860707211,201.8533281008622,323.76354634847394,786.2317527469802,372.083311100616,597.900029482185,530.4943277023029,327.82151088679046,140.51464916942226,900.7975105424657,482.07147703486686,749.8942972233665,44.95522638720806,253.84985676298112,975.0773301504831,347.86385073583494,704.4120683991408,1
74.2122134723805,463.35321406641737,731.01333782452,240.32849770106057,972.9305454770556,444.7400474785318,678.9238314109998,764.1051911065816,564.791320657734,621.5962414683632,855.9419786011132,70.75554578004018,53.92043656727896,636.2134641707945,902.2268477763075,598.695760415306,816.6762482403268,896.3044383422766,10.731798837854022,268.01672416129185,0
130.63881492360596,600.818141809828,127.72133539790632,361.6552121318422,563.4395901416199,632.1775735544475,458.15755730401855,150.40411623349513,690.084648138203,873.6421489843689,403.3922538163631,490.57791985158696,358.19524537878476,721.5220658639438,24.016262509166996,282.6719889016724,687.170560280746,710.741598028171,279.55847612467824,970.0653625375982,0
286.1106209281944,76.09889774596745,72.17146249059792,733.8103492889803,43.583434593384204,316.6353818234242,586.597974635752,663.7547939655335,313.8187317053927,316.53520397802805,868.6159495174079,699.5707154042805,364.56500888288167,490.62770643391076,385.8082040313273,627.9622536792864,44.11005353856512,531.5639800455145,223.86347728942047,340.28183161658853,1
716.9498630908108,236.25381974630068,511.67509208951026,705.0888815619352,216.7527857440038,51.07624796344445,880.3027909679831,726.8418953353693,298.4730721524723,840.7553234833424,412.7653798090624,892.8265853236219,450.88845131033673,493.12020771417684,219.60907633113746,486.6477255776107,794.3161392199606,863.1193301087319,494.15604873025285,161.01102295565482,1
127.52990648722206,237.52550129333383,744.2979121421359,877.4979566119658,969.4556274490315,134.53468550128923,292.1701727159386,428.88887667422125,239.88417310805943,619.735731525599,450.11998653348405,49.86743080218869,734.7697259070904,864.4198455620698,840.492061769492,205.0922648472149,725.4196126900141,524.8076162562037,119.45625910318857,808.3856262742074,0
448.0324437443145,197.90227960380935,369.8518687578678,424.241295590157,940.8740617017374,904.534836797594,744.6599278975567,271.5481756118652,898.4472543588893,14.36112944490031,461.05308482310204,891.9064775568572,336.675862321404,192.5078339906282,578.8782187826164,253.24904388481008,232.92563928081344,820.0075975627149,218.8583938557752,110.8522030459902,0
631.4299480500739,117.71185041774834,348.51305110258926,227.31578785824624,304.9082829566067,786.3413209529717,850.2806341599686,646.937915918372,51.94225637751448,175.29592366091484,805.1397550313991,714.4383820350494,877.0386417557232,593.8302353256964,160.50406393205762,486.66550339752513,65.86261031740581,286.65712784926336,556.7758918399973,255.6900240340956,1
264.49614338605556,628.8633942417409,368.2195537606616,160.90048419509517,949.2003071381198,821.1563333429327,787.7203915889919,354.9921286931819,701.2154096249167,91.98982076170137,396.0065367037544,182.56299879674975,151.0564189567646,691.8367162697247,513.9545408951476,404.0228936128154,866.0823561491194,701.6132377585394,308.6166912902313,726.5076363267119,0
389.8129758640225,441.19859628650573,323.7632316038355,941.7554344362392,736.3721632489786,440.322240644918,204.1291007071677,101.86468745232902,796.4178958089755,175.75005181572178,803.3769855094683,249.7533239803822,408.4483585629258,748.5538916430431,382.60701104035735,566.4069468641219,160.87916631086918,134.73037464325012,918.4278980779657,457.91775291815696,0
533.5488317175195,550.5162575255706,481.11696320841713,920.8083195271917,185.53692924154575,949.1560537590624,532.5003493680086,61.40740185159566,131.88364951857255,327.00662982250793,822.5369846111247,563.5279225132126,669.6482164512848,354.33886045172255,977.7120653997285,730.2135267448184,605.7245710264795,516.6608025245575,795.3317369882878,330.25253354420505,1
341.0300566520901,260.0328333412748,11.388403849865947,0.6690483158143801,959.5272422612263,686.9888966990089,105.32072167957196,829.8777701107056,235.9012214811468,653.7788364453221,139.49317461934262,191.40816129282933,154.19450558667614,949.6268476184481,181.6013680658355,903.2217820876924,927.6802692181757,440.27851849593503,393.6774892813015,609.3706611149639,0
755.1972257891421,22.82813275378526,235.4666890859286,902.5377547588363,935.6090206965763,606.7284851584984,293.3766643809751,558.4425246312265,568.659913047689,884.9544050265328,754.6511215925939,216.60795727251113,363.93884557946166,500.4995031813112,769.0041486614787,549.4074915339568,87.71061837767834,500.4834041164108,296.36270051914914,801.4954182892784,0
724.6427990214227,668.2468347102235,196.86716559228913,512.9939443810124,668.1272689919189,856.0707108168207,765.447367925214,953.6076846462644,837.2328908607541,326.27416952212485,340.5096480062664,506.61077317578895,30.7548550658574,178.40983958658373,168.82568189871682,779.7264517502904,675.2208078936443,972.6611626345281,729.3556135088436,392.6625612977138,0
373.64307709010114,51.863067201266986,286.9083548089295,193.5506133891577,949.6517467711446,704.3195144533761,678.1803992277491,703.632120054361,406.0792060531819,127.47195717982873,27.799627717134847,386.3632817165813,821.4005895925293,385.5775826299229,882.3163545078193,725.4305724582672,214.6821104668384,868.1012236348149,409.98031266958344,214.90949213985323,0
82.864961073276,931.2765280754,46.18266700006901,983.4051439335288,73.37626870193591,834.2011035797368,401.8431749471605,996.6808258453286,981.1899764836801,831.0470329559995,919.2622022762608,289.7407450381091,276.62314937216314,138.12492595603342,173.65252247827013,248.72228564604004,155.59975674933625,49.5696386681006,640.9550822288362,668.4010670745156,1
630.7100303398953,638.7005277463203,672.4143694663204,356.78151552145164,117.3059675493825,19.816821393094266,996.1359538179245,953.5528860590338,890.6762979351184,283.34735806915154,242.86238763784752,115.3877752727932,885.028729855917,893.6316911244019,448.1503059746141,467.77567903231443,286.4547798718995,101.02175589026963,349.155399774398,970.6637239730854,1
734.7695324608628,869.8557676617737,25.496368380586553,469.65329138340326,780.9690471205237,453.4564947924954,269.1241141197606,141.5319538630242,385.1378023842479,939.886976970399,284.33397568132114,46.104635065229886,886.0164974301545,592.5783482039934,194.96693175362233,438.15196903200626,392.82760054242874,531.5063041518173,308.4365086793612,844.3291511147819,0
447.52303300727147,46.36683983167722,367.3130160999508,391.77899737717746,468.9127254791574,331.75233333889787,388.29012700042574,463.52980501704786,156.98727225542797,756.4730133592623,612.8260162719661,886.1234460593512,902.8573683844135,672.1252248518167,826.5612891287526,207.16890381903974,244.67305946975193,894.6986752375107,74.33574275662502,33.54783513774695,1
596.3272370516786,616.7991592010197,517.7812704734831,924.4594856426446,883.8170906484535,209.453742343619,78.42267953101145,46.86118248740734,848.3653607426091,550.9512791180957,700.8489099946682,939.4171255157427,335.2428158096794,969.8969995594966,514.7200487391221,803.7317670819017,831.9628076677584,476.38934049943595,228.3752817380531,393.67279843366174,0
727.1976382556734,695.5951674604959,285.52989207565673,798.5601595842796,226.56735484719647,485.7271479741871,973.9953252893787,367.1588992527679,863.0178077234577,277.19632642852076,976.0349379458655,1.8830489198432554,478.82430697134384,947.4640861056901,823.7991555994513,13.464517914406947,474.8948315374589,876.700947232845,788.2373368738531,566.8034381114937,1
430.40930247187623,591.1111298789783,164.11068885608725,404.7040419583675,154.40964439467564,972.1156924946047,824.6179345421147,876.2597237523128,199.5740836996399,554.7313335277981,103.70306013544007,608.7514048175324,472.3725819715284,140.19069503659898,244.0706122859485,33.21830642645396,895.9422999062443,274.0074101672527,777.2501666128308,314.6440129046055,1
195.77800776666422,322.2700485227188,436.1578276548826,173.48400290710143,503.00630101315744,717.6338262912739,297.3894257297525,322.1820689635826,188.36171088398902,471.114864775665,492.9663623656805,584.800101768048,697.6369448460072,141.11860653510678,304.58426111037994,243.06727614414248,215.97170660093067,208.5068110382935,92.31966110285683,934.0925256712965,1
9.408440524878214,558.1518804164765,947.4490733773769,257.71995559783664,813.7588940755863,390.06655310865426,197.67489480549926,971.0142975263847,542.6209156252625,396.85185137407166,686.3792504711225,313.43891725933656,237.3246325868853,536.1122055333489,417.5355752356603,175.7755534447808,379.9428389313255,267.48362351063815,404.5022028001839,749.6986384575897,0
102.7965222715006,770.0699850374848,963.040000961143,684.3224505700407,666.3104411129757,605.5432633122828,372.04709350354227,548.059200760342,725.7937863391085,373.0619139468491,773.8428337402695,844.1463425159477,272.8820217436777,805.2586890639069,272.4899262544971,226.9516105457955,979.713450319458,552.4161077282359,665.4383654086465,803.959722341099,0
887.8499409656304,381.3729921803013,706.0339024292236,135.94603758131385,444.91042482771957,5.66606061667696,722.0201420042807,85.08971278784739,355.6027298717891,172.1068066990472,898.3413666182198,646.7489768681111,921.8127026193367,87.71224620576956,722.1376323180602,298.6146509283809,940.8328987195029,134.77470284921367,706.2963527122721,781.7891198642958,1
774.7544923486506,705.2689692805523,238.09823433592447,472.85026083868473,734.9581762410891,284.04162232998584,790.5688439354265,438.3090633524096,360.04968618721176,854.9367456828161,428.7129811535178,539.3703345630973,681.0051167585156,817.1913191052633,73.44611622940789,389.68096274063413,246.89225254996384,264.75340273626944,145.86987473007596,835.5066735691676,1
254.76388662738813,214.07453486711282,529.186810668101,930.7855693975296,32.4174326587261,213.1898217612811,806.149689555902,380.60833394658465,878.001933471677,147.36628974604682,198.03859777355737,810.9616259559468,305.64704184134786,36.61036255383054,282.5308367956141,810.8434883746104,929.2103946464596,456.26908707276493,263.8608105586078,828.0537721229522,1
617.1764082106336,723.7837361890165,831.2038032873425,940.0742047680347,182.4577741018497,937.2191511606958,629.4089625251984,913.6385817642839,224.17941893293815,96.79173203305736,191.9386822620277,955.3575095443947,571.6295703475907,728.3172282595439,102.36617034695239,90.7117826946564,399.08194558199796,38.84691648863692,394.0423505519154,164.47454174994112,1
452.76367653762395,440.30444451673344,625.2535127094447,451.8226636563699,960.4498597375546,399.44776597480325,666.8795306065425,460.1115824211948,147.0691415739467,986.8250001050563,253.7292035037404,836.0813827039682,530.0787769084219,18.933747699744096,416.30746526877516,123.05667768477835,241.3178239050575,582.4729355974935,664.7444020959408,663.5744441778606,0
929.3209720754577,604.8225802399136,96.77269957154478,720.7483301320146,624.3046653389312,883.9517997316892,188.02281587224812,429.470631063598,818.3007481993145,358.8603823799634,28.324910548393035,962.6550251749338,288.0115476156945,867.2712319490284,453.2964701679255,806.6640150188618,23.400398786397325,352.7740604990756,578.1300867406951,216.2353118086412,0
432.870134491368,896.1747368773908,464.98271751368657,569.2436322453487,162.02719702961787,847.6873847591918,141.52758516679586,925.5399067156013,2.799106621876768,792.3787161574419,617.1925427167837,936.2085718880617,982.4218638678502,723.0002361424972,980.173122084052,870.5102587485819,161.57266477749343,734.5339663628364,862.3405437279621,702.1490105286994,1
11.479887705480806,260.84632750899203,250.06086235715364,481.7667153665122,394.3765907977873,338.4351370283901,933.4154298507696,982.4120614217352,945.8541960899291,273.07303280814756,939.7333087645501,35.494460852017795,201.33653904427518,496.65210828197024,497.675946459717,2.391092911164905,663.9732194247292,215.0542950324934,578.2070524731536,155.69338735689053,1
419.44217373571826,596.6614073782212,835.3380114142938,455.2866655238098,108.29187071841339,135.82448053211348,11.238558092284801,779.5451898611152,93.77355933942056,494.50521453906657,222.53509157031837,463.2019189804272,116.89741462122794,153.8130730005245,594.6710134558832,29.561345476907917,338.3043113893679,88.39660800818827,724.642731594768,42.90615436078227,1
578.0556564772719,379.45473233646123,562.790671069597,44.419961805391765,165.85135020691888,144.15936555084886,921.6402071156534,871.3452886893963,878.3265033533854,777.0162496694846,122.9114505222112,359.38894460744683,860.9928915944729,48.076203346627764,74.50547979317501,226.79227999269958,351.4590115491589,602.75700767815,994.0937129377261,577.5688809885022,1
231.83744002505725,668.295295127286,813.1771696634587,174.44892718077497,20.111830213786376,570.8712962673206,13.369901793412463,879.2212498151349,628.6369717561258,935.7440686357963,248.93023014409144,142.70554178269902,490.95509846501307,152.18416447316662,532.5212807406665,673.2233525307887,246.02432454714796,861.092316885664,437.89547127904535,268.91123063232016,1
113.47213525136868,618.8444997154338,480.56136520583993,146.00040202711884,974.5933402994665,895.8035511640843,883.700114232505,862.7962539672161,192.68203044230137,737.4689473910732,432.7272113131596,704.358777018444,167.63772606118266,444.31554282257025,336.60504601447195,573.4143832903237,836.379889955227,146.9394191010286,798.5947216728006,805.804096225739,0
655.0797024098871,186.47919523854674,347.64281503672566,471.0090722611715,531.3159319386077,674.5717584314607,804.6812242921328,690.5824538121544,335.2780944923668,981.4510589960919,53.3675494233391,433.5859039413703,837.4073196580518,666.009495480137,999.4902344415256,792.1574528659033,344.35801541161203,663.723150236402,326.77717504019256,602.0929084473805,1
194.30348906150252,790.6758271817849,988.211492084549,315.8199121776555,785.4780629224765,738.9799161718121,830.4188632300883,689.8921771913415,599.4277173344914,911.7008305606096,494.5584499220248,800.9831867648708,678.9919275435562,82.60469920685576,514.8951795925578,60.695237950517786,734.9737812677416,503.06897462660515,424.9583490210873,607.2172966132678,0
749.9378324297019,257.9512026192661,701.6963597044376,539.5772890985846,68.17417810519532,886.7904396873745,958.5492147009458,704.5386119409361,468.7128117208349,884.7774443670195,479.93831985641145,539.2357033410889,777.8124877704612,620.6553652351855,254.46710645600058,797.8075709166404,678.7063893425819,270.25774915223377,283.51830746413566,979.6596449284847,1
918.0000098455758,172.77914816293827,374.41608837706184,21.824275568901097,414.2052494963805,969.437070886971,604.2227690723248,617.1925898155014,603.5010258610522,250.71418597876138,195.8279004485828,488.2269856534487,743.7476309315612,924.5774758161118,117.39653769667524,839.2559564959665,106.3302361867634,843.27313443376,691.1303398012323,130.49446878325432,1
837.0488266964526,66.23273370333239,381.4755201603449,732.4269876747646,333.4915913160675,211.0573879911598,945.4467276537855,129.49794280067417,743.7451883543242,568.1355132004335,871.1392639110999,59.791629989610854,207.74772800429452,274.04980729936347,10.807247963288802,825.895754753269,270.0679650783234,191.81457109554435,923.2451346966031,93.00067804483547,1
580.0061374018835,661.0404997755926,477.6821974628268,400.264257708705,170.4602515411855,13.372919738741107,79.9995807352355,521.2487257299275,75.54181670791549,780.9737808137692,969.9672839742569,902.686569389579,186.3363098247669,177.71321515694515,767.9055967872041,549.7487521328806,504.2632043395154,450.33160801180503,555.9675858958849,752.9019383480436,1
954.8466829117516,429.9484874298325,705.6756639710059,705.1283013838066,229.12335659698445,613.1552989406417,834.8334221536008,654.4794588112516,392.18122223088346,456.09685979396374,837.1195255486222,615.2807159219387,651.3335551847887,270.5664874556466,41.03936598191083,226.34793658463425,414.34473535604275,115.35233831583591,249.38271883645356,655.8673823077827,1
179.28269123124585,793.0428238814158,417.153648805187,772.7841683290048,759.1351916699083,5.201614166517543,945.2227197800989,686.3613839205407,413.82163838045426,46.006804989569325,830.0273392183492,401.9352305372705,245.50744267484114,153.4139682657667,305.67482206294596,111.84307451695574,317.2018547311879,919.9522443092458,111.8313513368916,282.11133191712344,0
904.196993358744,359.0880712263411,847.9848173678071,369.22176746007983,493.52299893154117,645.288103402905,385.5060997862779,621.3977984965059,885.1527494773817,320.9261734218858,160.72225943091857,700.0082209176428,569.1273466575832,519.0771987373396,136.13818532987355,143.88177963076643,380.2023510254531,989.8523300243091,1.5068664022319656,423.8126437506361,0
38.155908966753024,302.12069853994126,236.1684478241476,684.0739932097372,250.5933561984084,217.29552532030883,59.42041606289416,859.6448308652806,743.9648065188909,535.3079921595381,618.123078894499,551.8134510835289,899.9142027960378,25.818861901861332,43.556637512235596,780.8108029756359,901.0879144065469,716.2934221770928,517.9011834278132,745.8845020244055,1
607.9103498634076,630.8277048358754,386.50736905697056,113.77711959706127,79.83463957188042,251.52088293775333,95.24278137990383,668.6800163842794,201.92363410604906,92.79987804618173,614.5018199863837,738.5006795799662,743.7923641895284,734.7747381525323,740.3255542732769,49.68055568664009,692.5171045509536,264.2866192661579,209.07097884577786,939.322441517229,1
999.0256778773468,691.0946748731075,683.1065899234625,436.45742177447164,936.6203329029985,832.2611606319958,630.4461835455256,343.7852818585373,966.6295066534608,166.90471276243247,525.2795184435369,84.65172132460307,204.419849638366,40.8629222486141,242.13162574184366,690.4463607525433,850.6579318700374,257.9683161352404,406.0262172583948,437.2235297645236,0
747.9385020100442,30.896900280443006,128.3497472695223,850.9158130039898,51.465892606051945,1.4679727503061901,862.7121228413985,646.2175211591491,579.8535631618234,752.248484261241,72.47415763014797,57.33724506419768,842.1763385230036,602.7340516192155,168.896905533655,110.4676764989907,944.9380807312148,582.7019991070281,980.2800081946068,89.24096850655827,1
500.93604101256017,411.7802954729657,250.44399020438678,284.6753760743052,48.59016090735913,699.9576643793066,772.7750479656478,71.70104762321094,582.5167439645904,584.5063421490812,731.6081907572013,954.4635723260482,637.3699066386692,562.077894923032,281.65727269044805,514.0400126613376,625.9696067646008,203.80440942162704,757.6756702526219,43.0632162756891,1
762.2093348838988,922.5540693884232,306.30505252599505,491.89750291617463,825.5469395512699,816.6213777654012,306.72520726249354,889.7259356552272,924.4090650000492,865.2830448778673,845.308588648612,232.43290519642312,473.3869931720454,323.78299600724637,796.4828778030527,426.97003537124465,613.8294283379039,600.3464883092907,42.82656729647716,429.6603169186661,0
907.8033162485125,618.6547883146219,426.4888321719805,494.2005841564085,164.35421402586925,823.5890793091633,406.43307341513645,312.8276227037863,88.39082633673256,937.7300977555107,78.17557909193008,312.5526437969982,589.3976623893823,16.834080501595405,673.6296714901582,193.46149097461884,233.1821577715113,428.07013215753284,875.965594159146,850.743355170912,1
299.69786288705,262.8477058253059,567.9950683645906,916.0369642732045,526.2059235212602,20.948426177220814,32.26833285854713,277.33954137874764,221.87031036025485,140.89761365251186,648.2487759353662,934.4621056953666,23.78150865924433,352.04862936000234,871.6401395610881,280.29503991079883,943.6600080797174,365.81403702350343,594.2013754510466,373.53538759932337,1
169.52351878098915,371.32772542706795,745.6417800280803,646.313272390783,777.0250917307242,924.495639569564,669.5910420292013,781.7785406006255,48.024937468849174,288.2570447230727,436.15722074344467,782.3708552980091,787.6914163943936,677.0749461902002,356.91664384810554,564.9189410390438,359.3429836512373,501.92808526086094,716.4381957010257,785.9913636692792,1
198.78641274115304,407.97590275939575,207.27738597115376,315.50660683925855,781.1640434515801,17.077746884438305,986.4121533445026,25.93206147853122,437.9276038164499,974.8139373237423,407.39292224409087,680.4664271430439,818.2814666951022,941.7783934755248,590.9998546370409,435.4637978475896,281.48827429404963,387.0610946016928,47.89492117603111,124.51767445686168,0
740.6506008390526,590.3779095000306,968.8278943701706,572.9830371030893,238.63082697144688,786.4375799305576,914.0703670910052,537.8811477912724,260.2228575646498,939.7560034122245,912.1621641167184,802.6789703059087,687.6682194248717,459.5852048645803,356.179011641552,301.5603188102457,190.10159437230922,54.635732483101386,983.583945594607,742.5389722695548,1
143.84766356619028,283.9585366030673,877.2780138233746,283.7930069577851,29.54033579842963,985.0791908910982,420.91830483215944,593.470909444542,271.53702561686043,373.446029485168,50.51501890063192,547.2616175925876,303.560435867521,151.18767606987083,116.50269099457688,646.7770058812927,170.10937540999205,496.8932103101825,490.613405317989,756.1386659351554,1
598.718480695838,572.7668326018213,216.5330603826119,528.9071024449208,867.1252290705844,90.10236891423872,840.2737271732302,998.1341093662726,164.40124220446438,640.6014691040772,236.22190756043238,768.1049841104629,746.1530347007575,870.9081285682539,47.59211376115946,793.0300306315091,113.6854977219427,109.97624206160705,620.7111525175038,381.5671313306486,1
484.4225352215097,547.0607020778101,100.47670350623206,481.92891038677175,831.92474530045,881.587867822834,831.2586209602612,872.9758208390444,858.0626470274333,676.5549073770289,938.4505644102508,190.67017071718206,200.35776234003754,710.7900268785413,820.3760488250257,94.86700405414228,489.4134789245392,315.7118196009726,930.0443236299866,433.56813986941944,0
554.5944070156659,764.5959885396782,609.5089900133978,35.45478910396127,668.0249986243837,54.15930100516619,757.44105414186,152.63115656239756,250.3326248749861,345.6371630217916,160.83956996163207,963.6213272437698,930.7746768382909,694.0609242040262,58.97385399389377,768.8301733176069,776.7899476346,50.84548125870536,189.73319242159968,623.0317027908782,1
406.1065166749728,390.0896825875563,656.5312753190505,730.1452830875164,772.0466132683871,605.2734530059367,741.0565595227921,981.6222266591043,857.2647289023212,100.54197853863833,694.4722777706797,659.0211881619077,712.2532451086007,504.84919701165245,384.8968225672239,698.0865548987792,695.834053887014,602.9766027786403,482.0207199119435,609.2539928463601,0
820.2517764262728,822.7694531590472,442.1353891538129,85.5425542106939,183.29129677911183,545.2697404202686,113.02208035782779,739.9073445050038,250.88409239818986,240.1326415705083,750.6574224800814,703.5916503444407,240.16781491512728,94.44811817623533,498.14974617555094,347.0510934352231,569.9507478695359,724.6068485097776,547.8918600623264,862.1581869943091,1
491.2940452385849,52.4633946325056,659.0201438045658,736.9154145172829,258.98785509424624,232.8034889471662,709.243977457283,868.0183245181776,403.300821578842,685.8631798169249,908.6878492100235,206.9112647571866,505.68731755999653,293.4258228339239,418.5707541895144,228.03715256447964,626.2963461742784,31.240847006648753,539.9542259756669,615.8302851859145,1
0.41671383934427375,934.8937630376823,92.65145243570194,337.85074376127733,485.2507887714689,831.3391626515591,617.0263211239446,187.5072530845311,698.5412726770594,196.98342751441876,418.5689786150295,647.8670893158804,175.66804880028076,841.8519502379886,844.5893656833177,413.30488263420165,452.77532244523076,359.02528662105794,167.9435156073167,940.7529549407095,1
392.20477793359277,762.893927212767,390.8284269033743,165.6462442033142,919.7868421149695,714.4673044094462,703.9819418990602,624.9469506995467,724.0758686286958,819.351436038771,201.55956591163326,689.9237486295812,740.4749578097029,615.456372173556,862.3442302955949,269.9445841528575,564.346030436665,886.6458106557557,118.1617835552835,596.3880372752791,0
862.2818521912694,920.15270519204,805.7844145664913,204.04229654610995,413.5275274155039,664.0453458684802,474.2880102428244,790.9591833124231,373.52648796750174,451.98308685723174,910.3825334316138,287.03203164476685,486.16124760133096,163.3886500853735,952.1338554297037,574.3403317209778,835.5004363252689,38.20759658990591,635.0713060443612,961.4395764028103,1
693.2034096501338,831.0266899851173,77.2865186504701,260.55130102957247,349.75141814099186,489.1223678821863,78.24159769558503,554.7208603988096,572.5862698249027,910.500813950938,12.790032728001055,186.17304562856128,133.64367990006875,714.0012386731645,496.76270387382834,975.3806575113889,177.68942371615293,49.39504283056251,416.49073874570183,420.67351154556974,1
542.1968400242854,258.0706826271516,996.446997607828,708.4471244443806,561.2244742062426,977.2291733620807,755.8024942949525,760.5370896888902,40.601941801061244,771.4755384549111,681.9962725307657,973.5755460523077,359.8035166194693,270.00828753409166,918.0022163713473,317.98863793816724,200.46421651734514,760.4881749696642,587.5039353461653,764.3153044840661,1
822.3451876521603,916.3934252865641,536.759509914825,988.5683122234203,299.24498957909685,542.6475952560963,37.70181786354032,234.42073653790362,246.80368596769574,216.41897579310364,784.3798981230832,807.0249268493792,511.8982404040089,499.0083925757395,480.9687029425662,432.82231610097597,944.2112270200577,160.13111316316542,563.1968371062939,653.5482251545735,1
937.3414325117707,124.00392357080136,596.2588093802603,309.6893625462595,795.0113191253067,608.7557271013466,86.08022186347864,806.7569716115646,504.51378066745843,836.3285279110112,262.68836544872244,131.9932037003555,170.55509543808645,418.1583192320758,70.42627176788929,749.7260418864125,871.0360270660741,37.70227348798927,284.5695494390701,967.6804968020127,1
423.5154298462881,479.90300429980005,161.10652880139008,680.0085284679641,763.2273670015683,283.9727252540654,732.9098804371279,284.8516630858743,302.17581988170116,482.5992796392877,25.121162769441874,753.7528028754576,90.98089231594975,344.27113685750896,40.31544370029905,660.6329755699246,897.7743928158246,673.0128078760278,856.2387259892854,537.3528881973003,0
922.1544230097118,28.79492382552695,475.94822773902933,117.3878446591673,833.8507969058097,839.9416222517298,458.43493170072,735.8746007114718,427.07940211023555,929.802882898496,168.32734269078497,512.5545235421837,43.804510625752194,507.03545618416734,468.1481060469398,621.635868271663,735.1895892205696,599.547170954067,261.4331175707363,766.0827126927727,0
755.5882873306929,402.7975011781127,515.0127440443454,157.1818562174372,31.45087283571657,959.6906822320632,363.2894696752894,599.0911727995718,837.5720944788027,994.8961767392686,245.93956251993342,287.2063562134045,800.2088997026275,201.23219523806156,776.5811600892893,24.120465454186558,311.75966196826187,215.33778024555573,698.1829642706475,717.0039365608883,1
152.57248793829137,355.21492996990753,979.7383421471171,77.99258052491498,570.2456223341401,184.0148921303969,948.4898526997841,500.5104592276628,738.9934195562291,988.6121233933,904.4237684061636,764.551129121068,596.8981222706651,270.38847712251777,573.3435694773482,406.9902096969614,422.2515448532246,224.37837991822173,306.03500032365673,994.5817972903892,1
679.4848589135695,335.18713627573317,938.5477268398295,403.5531262250177,629.8745837067416,8.560042857091442,194.1747007808372,660.6534478895458,261.9469713165389,340.04340911552555,723.0038092444596,202.07850433464668,861.5335195665541,746.8988847229151,946.2369997339105,881.9160061394746,269.37108961057777,294.03880644121006,595.7629167528528,855.850215681193,1
152.76887951357787,848.4330962971494,811.6872652107711,640.6157849861703,224.22059166702547,940.4348028158298,121.68289374066865,268.0228295013394,438.9322543071421,225.1689400960757,341.11631882483863,392.3969139162573,712.6353640630225,996.4292808499544,865.4771995038506,830.181171213493,241.48910157486836,503.5358229649962,306.0332987816282,176.73629091774202,1
542.7701436689827,682.143203641123,460.139844553895,902.616066184359,623.6468472864997,429.8843418519443,866.4955007119753,812.3425767679552,403.0443202380386,903.6276223573789,191.88659541930463,567.771924712373,402.4619803331596,994.6875641057148,182.06422261016786,540.0809016780695,559.1242825108039,241.28803743216264,337.4899203208862,195.15181220255496,1
886.5078917014173,56.879235734309304,62.08868340675344,271.5603424876849,461.4499094481015,829.7388143070674,829.3100654169929,739.3542387250528,403.65975386532426,396.51086895567624,105.37398987043245,705.7710221298138,667.7371078477458,234.73496150354111,123.79961582605104,763.8947927567904,41.53812416945834,272.8091485581229,434.5848661509905,512.7932297174865,1
899.4910277095595,442.0616268985089,479.5134105055294,955.4849524837487,645.2503286375609,801.3666532652319,669.483451416388,53.66999132422434,76.93815055902331,803.7389729874459,731.6554959341097,854.8086027794584,459.96993054400417,492.4253876369972,467.5763794754852,670.6950112064437,454.0196761533467,405.5392056537983,312.88300158164185,519.1735931232002,1
260.5555490803309,910.1140053347872,348.76669121905246,720.1820900067219,807.0362202539405,502.3812672473017,249.36140467076973,832.131897734552,651.8596181803081,31.110657194240666,543.5019181061188,303.14436730488035,135.67820270776164,696.197543565359,551.9513689090226,66.71792748089057,330.60459450684965,769.2400568742457,142.60017057498098,237.97897362288245,0
959.5238299625564,422.21775894566804,399.69839205922887,450.99198530696606,803.8397847488395,62.60851097918185,804.0918268555721,430.4563956380294,707.8896883688685,204.96978560669498,141.4057198494081,529.1618072111419,82.03908134038495,602.5779596375054,228.50923172678495,136.55561523682292,434.2021867688326,164.57722371364602,0.5884380378600174,229.77237211086054,0
562.5113142385535,779.7852297218989,149.89369050987867,68.38699197186115,106.74204924101771,957.5798217222523,346.1667747587194,685.2759010991443,517.7014596363833,587.0298275758737,15.490673219226148,690.7625346463741,91.8117582173441,663.5167289452355,503.46776719706656,120.18666305206149,555.3516336712312,807.3834533076656,481.8341354143655,612.6722766439862,1
105.51807727213391,887.8035229120825,251.85104920493595,7.935790783854313,416.0938882406453,255.30018160684864,660.4208683624945,674.907868811677,324.956951308625,260.2126411830994,370.7046196572824,579.9259511035798,187.78743722468604,678.8157022433613,133.15516156607754,250.07207949587874,225.78392705000005,975.5944898561155,993.6360179176457,983.9148073332005,1
967.6798713134067,809.351962104519,747.6998870134867,647.9763461974112,791.9623869306739,341.5159298691145,976.4543118898844,313.68786210816535,178.7383957182802,664.0903142790831,627.9806113630941,106.38719208526925,156.19776254013328,202.2506776448334,646.4492548710779,880.9762826269617,63.655934494051266,910.9029002911366,655.1576277291902,319.18235969461495,0
745.1114910683181,856.2153089646554,244.97264117515394,597.4534986198306,88.43165880897052,535.073857812371,730.1964211753715,438.67433198949124,757.3753803665496,409.1875151116907,374.65909694093546,28.124603962050408,715.5758845485238,836.4489393511797,799.6364841326439,56.17565726821727,559.5744131133272,252.11017532174108,314.9228514423734,120.70092938200771,1
90.79733106157661,685.7247107152366,492.6247944554248,321.5617077199785,82.76891110073714,371.6095519102589,445.55354281613046,155.8587238229604,22.632858982580494,476.244490580639,411.55693661933935,880.9919291083648,210.0775954609586,512.847664706344,639.8707309304872,479.33579691583526,562.189174823824,346.53275042682816,169.7284084606645,865.2915985726776,1
667.2218513530491,32.86928774942022,605.3615612916585,387.7544197254026,812.7977734598891,583.0678824400445,850.5474830312645,739.5675618616214,624.3595307885518,919.6977320551655,25.74752189205187,200.1060747382557,106.07275008017459,156.69250668991563,551.884956170442,758.8533491366102,120.03999137713973,900.270599703587,924.4419083496645,31.850962192178756,0
92.43979413476266,660.9900689760331,838.2624878690137,430.82247658733183,837.0722163865662,286.8263926537031,217.94891140757,502.94229198636265,496.5100611892069,936.1960868577224,67.22734117163598,870.8053252057405,877.8918829330509,464.00396318258896,147.5414414716012,600.5528404544798,772.0907866145334,68.63298761499249,863.758352816783,48.92299638971964,0
92.50095237956224,659.2768977008728,690.7985888425401,397.2331092283373,470.24737831034645,363.8308496048226,827.4079934209088,270.30788485821336,328.0656918206193,761.145753407486,521.2730833000528,469.39597442288994,369.6550525073582,111.07800380299548,159.31713441923344,178.69978865487323,110.76514252032953,554.0738746038268,829.2952070306739,729.3367445457731,1
230.2750059004576,261.2951815187071,679.7640848677405,639.6522852889427,811.5682982345296,728.2170637309011,521.260026151391,324.938281092372,299.0116693399547,952.9307787473779,925.3189750309735,122.06635589867498,735.2585229996366,702.1719725751691,6.278534145129133,517.615269557795,422.7059717174533,759.5637680723521,814.0823567503547,304.76105788196475,0
733.0848420102417,483.8653982599741,840.0991995313218,947.5997481375778,599.2544533875788,665.7031121009536,763.7966026114219,911.984270602062,643.7789276697416,477.2095274353445,888.1451201054537,745.8736661648936,596.2103679297016,978.7550956810486,619.8187056002694,206.3352590352483,187.33416195055997,952.5727247235689,295.8308528402384,702.0000896750023,0
137.6264711786137,856.3298740417088,456.80605429195697,325.05995870775917,946.2243493288032,401.84769493672235,723.4229691552994,135.30358428000267,947.7920551850455,148.506398373347,346.5279042346003,430.6820856796072,498.3266661635364,864.3076191433474,167.64249317504755,264.7967603109358,235.8524144296762,623.4995947537021,839.8593293557328,557.8414966468321,0
863.5239946160842,299.5245378155388,563.3236210021888,540.683539343452,296.07319920437504,733.1050153893403,920.6570969793322,899.7871413783415,457.0619116015774,189.27297889049754,485.58323842876484,688.108606944303,688.4220584449355,809.5665532074755,166.46182857216408,67.30427384820814,503.1124837579859,651.4457963213821,53.801358014920694,404.49761971661815,1
978.1665697279619,703.7068147326933,63.752007518518724,900.4030483255204,965.5414967440954,113.95447621892019,866.8179271692342,765.9587245703646,911.2436534196453,626.5322287022966,987.7808720387003,814.5750189363783,149.10765390869008,812.8845918535493,7.8487628818670885,531.2194243987279,688.8849186120533,939.5917863197684,530.4138231772812,697.2900223416584,0
415.2400751615376,93.80696294273017,980.4005363350681,705.5606462339246,475.45956889322036,228.48184891872293,185.27470486102848,828.3556196377295,547.3574253792788,807.34335802595,796.0065322821843,276.75003670872223,448.5115647141861,930.8507580861003,114.83253279995952,957.1742020029446,148.8838851675077,692.5815329088057,339.24471848132555,623.0377044954234,1
152.8965984991817,421.23803783911285,257.1530358906567,495.62740820798535,525.6298858354905,991.5220396857857,25.933285733029777,320.06944263509985,592.085025547548,187.23439427618783,430.6247827243608,277.67862526634235,20.52952045513812,570.8103408259863,235.96706967224458,623.2484071185327,604.558422532283,379.6743052059488,47.931097105266,860.2417676472135,1
737.5035205549365,989.9916672756384,619.8405331467867,400.826602583515,814.2799057894584,713.2053294028624,99.06177111013736,441.49835055627887,810.8685515226323,109.39476529900827,196.54471919725646,357.0530750555929,746.3635022003546,11.173176167364463,188.00299502164196,771.4260472268586,690.6541727127949,872.2717175189549,997.3912752462242,29.3600805444979,0
975.4122158585789,796.5749614563567,622.6854253276899,696.8767494286493,955.0932444034642,35.00453095872091,523.7516387065792,366.37863056796283,611.6367021362157,505.43226659329645,107.79695998425365,211.87892908650952,314.2918913088603,47.344258618990494,691.2843498722152,431.33409419622535,863.2877121730589,754.5566821835893,77.65595351437837,837.4785341503788,0
109.31189135199747,862.5500682107744,347.6649009888118,650.9285290425744,455.3790096764999,753.1346191241656,920.7722931901304,777.4664887899572,98.83116693268168,917.6269151109926,144.0332469405401,773.9937497332717,248.2335803284368,147.4221609328379,824.5893336972896,805.9218146939886,850.1172795888145,573.3174987419478,198.1861547391548,416.7520288328318,1
979.8516069697396,230.23935959610563,362.7300438590396,131.8529027568819,999.4453983200683,538.0559055585721,689.6624883577944,756.5092525925384,715.6480943589582,805.299641097788,257.4378783820913,159.16204918920974,513.3810300062278,312.87635962905733,147.75282560127602,127.37980290900752,56.44019788114074,144.18742256099705,963.1075464606546,846.0262326709274,0
52.52933953319372,208.2900996047057,635.2096820313843,89.14795406757348,98.9228391671606,691.57345492368,473.4963575869021,674.0729469981811,718.3504635148033,340.31941157752277,685.4996140454031,428.8583810305414,6.114753087863356,232.03685168265042,261.69446910008855,651.507869630336,871.9906487564674,429.2270412142345,802.8260527145861,706.7641531468323,1
753.1301068223028,819.7123902264716,188.76223397633117,135.0099620394002,880.0834594410322,675.903182423146,239.01481130411105,772.3886963004323,726.3712974518075,8.36937011717287,617.3465848411415,476.77685837185044,347.11159522834976,905.9550123348488,938.4830882466391,249.5112736111639,902.1797627114361,56.26085965284933,968.5687452907899,964.9630665202726,0
550.2052743824053,151.27273030536927,258.2142114132795,898.2177025472258,677.7741949252061,367.69845332863736,903.1956249354146,249.70911406251938,322.85708473189936,5.947883604391135,920.1943590674448,8.47098579499017,158.62809125063836,800.0222847025459,247.81327296231015,801.2337936659565,682.5931173466623,437.0649074598555,943.2201808876001,688.7380944612797,1
879.79495782853,163.72716056666337,766.1807044489299,236.96188686485132,606.9991894365205,960.4857061397531,3.9902348535436616,7.606558399744667,713.1170070730643,858.6096506649635,718.795216461528,950.5049854071526,477.86114417053415,136.62572050912868,189.80538807803316,316.14456116541044,61.78760133709949,816.3191605170866,365.4885930667382,535.357794325899,0
246.6963131120208,903.0852148987472,638.2340607193827,723.667721217241,722.1095117816408,846.48163629787,440.5434497179429,287.6477074198075,158.8283332909253,57.89634122966702,723.6217149057005,973.733629676132,40.89275416616378,17.72614594055366,539.298908145594,122.77815734284403,132.01960132473567,796.2011350532052,561.2527971071562,58.17126760752955,1
157.70714273261112,924.617964910091,131.85812725815083,229.38989627647055,80.75746383483285,855.6152497524689,472.8689322096654,636.3566945890386,505.8549553982893,52.87129430083748,34.64234908395603,222.62368885466478,813.1292640080601,903.4825483250677,914.6854821078637,488.74505147988066,427.22438213415916,619.0475118072399,548.1782510210345,710.7993856682504,1
165.53193860855453,289.6437213864357,367.6305091796842,629.4983189581418,744.625059516264,365.8564229614327,458.7530636509607,377.9231699169269,537.3453499816794,834.2479161623356,880.6344524585257,307.31784534633454,420.9852012086326,370.098944928422,206.23441198104507,3.0756643991085575,191.45909209311475,792.7993021753929,541.2252831070211,464.7589409053609,0
931.9090854567031,437.1456728541555,521.2175628249282,974.7037275570991,186.31248007371326,42.79043504264746,29.167318265618913,918.0955676029743,444.7451896051185,51.460939062278,440.2451495443197,364.2064496730999,395.05698543827725,880.1757494196316,568.5589700678712,31.178251166266712,855.7488537820074,694.570436122665,64.6993906846417,405.4134991218108,1
360.79280680729886,183.05284743065897,533.5224690083885,228.0359988941828,794.0641201649416,175.77981299033374,78.14497552229005,352.71611711522553,723.285296094251,154.59995023779206,474.18871767147306,91.73278499281712,628.3044698526793,650.2450415964304,862.2634651729888,909.4026012526296,974.3405376004829,627.0429126695218,801.9127972042933,813.4048749731717,0
116.54859783817606,334.9660105569392,612.3282312373293,357.8461943982593,653.6458940559978,615.3854969211507,913.171151677032,471.886280859368,684.3764341754841,787.5615987152306,548.1233726298827,785.8555422506046,683.007657740897,432.1393051934348,999.3132518379066,813.0182352811281,47.26036739146488,930.0602935616066,661.862883743351,234.23795873846785,0
53.59155440718632,27.106392941961154,917.4020407164367,937.1138058873919,883.7348681724682,10.719269955706046,856.0224359925628,380.5586892094659,402.980605647411,83.91008783784403,773.5406589134736,310.71535304677576,231.78533157944392,375.6358772307966,448.8084813848641,110.3505461388724,131.55250449250377,477.3005277448937,999.7661368362885,64.48347934403608,0
420.61418020467045,569.8858499235644,319.4838538865162,979.0632326963281,104.52206113931872,322.5821322211311,355.1945143737115,63.51970037661814,360.9982443569149,295.07167363575803,186.38127085246936,346.75639061186456,162.23378829666325,650.3249212354634,345.149570921627,652.0913383197842,448.7014991399744,744.7527779692396,515.3733991656242,665.4662302096363,1
61.76999816987061,37.2515907074259,948.1654747810812,573.9503332170627,493.3747284167622,480.82663523566504,268.08416723362126,377.6258397278472,563.1833700853383,515.5657806595468,476.88332357433325,434.898815233882,72.05116763866903,584.1555638099072,345.1588788655039,898.4759262011567,720.45135673603,591.7504810991188,940.7171992914027,573.8687015962923,1
148.94854794402167,385.2046113738971,989.0873057958099,204.8756717833423,487.1768762730665,973.2481466480261,124.34666626174528,266.98219743522446,990.9086682616794,966.5447743950759,30.484733037674516,730.5033644868944,674.8288932524929,122.60428524913914,87.34467443019133,37.25771346165985,208.42664771330365,481.50186938330853,837.6408322599378,427.41750648524123,0
417.79890658706444,883.6123471019251,9.702858884401477,946.6031539565115,118.85839400650222,776.4463302661537,65.52049130906946,909.4077273585407,543.9645126701332,649.8843589578213,856.5452661595131,390.8120840126036,183.29561338243616,168.98729231949005,376.4542914816671,294.0370095349799,110.30997069112136,73.87734454293249,234.17067599731922,213.41903019873953,1
511.8198721884246,101.33140672792717,696.3671907715309,398.35940376766433,197.58330377561373,396.33742099911484,5.7937738032993735,777.3379766939878,163.1282781720844,922.5595121876414,475.4273752231614,958.0174466080746,20.382117326676163,476.95936096244594,381.33289104612567,735.6212065362816,519.0665272319098,889.7733391872717,545.1429591481182,920.2465626347039,1
462.48889739483144,667.118895202951,227.70202611128553,894.5718457143023,102.67385478520264,551.6301119918614,177.86733351325233,346.052243764432,683.3762945489527,143.90729452518812,758.6208906907376,886.4158409203167,81.76787686229004,478.2912205656761,114.94593340701498,601.8231235774218,651.6748860957459,311.63376534198096,913.7094804100093,948.7509283894211,1
432.6030372562799,986.6306843405548,482.6891360106419,725.1889222761379,371.49837872199953,705.5745629299665,355.8076071712728,332.0197128777478,742.2730182691538,801.5928290871248,149.23059654401573,922.1643136593258,221.02515631113283,475.784487041036,58.49472255895538,775.6616508736641,761.3423048481304,208.9422053422413,323.98834564185273,4.696330292308981,1
190.3196860696471,70.74098231845993,134.91966254994392,649.140719099168,862.9235536018347,12.055496108252628,624.9161201762417,505.96693475224885,205.47163543523905,456.519761232033,856.4958544081741,25.81667868903359,66.27846439304419,840.2867957043231,964.2080719652988,410.97533853744096,532.5055150276692,773.9653023199913,437.41269214782653,152.43579750269143,0
25.775130550016677,42.30850271116071,343.9001872656986,786.9353960978717,318.35833052592886,663.9138518718781,101.67919466826125,801.9913913781737,980.4064423449968,224.03110452127817,565.7556233859925,118.72728726381732,365.5545889132142,880.6151301262989,8.790197271088761,245.81777210634914,811.2349269802799,179.02637853546733,711.4552765525358,690.2632299945468,1
79.83718959041519,287.99543352072754,717.8862663074494,735.1643307514007,511.45441551281533,699.4018119076961,380.961968438329,962.0196242432465,551.9356315315769,490.9422633309696,983.7290745273909,255.8045851252573,182.97667306847777,834.151682450729,908.7946208810735,782.8129031027534,282.92757366583174,390.62692875269767,262.5185558017863,199.00419643396617,1
866.7510214238371,794.9034150117476,458.12957562456756,424.8443972240208,801.453635563441,55.32565547923507,670.0174761674673,387.2495133535375,180.6544008151575,807.8657837603074,854.48849246725,966.3782896121836,254.97359068377423,87.44646144138557,607.5642984841783,333.6824214144826,621.3475331282583,927.4905596921037,12.448631735946126,540.6488539177296,0
757.6779549494152,937.3603208258603,226.78216228326565,411.738867134256,202.260499321666,671.1196171730454,22.18221714210533,466.40657998903737,822.2198594281523,179.2170357513977,128.0185512023234,431.4655746821319,789.8045362022606,80.54160388059906,854.6246538963898,923.6887074737323,759.5250095682562,626.8074379828691,922.3952408353947,736.8121663758302,1
919.6167463982595,16.126685574454957,753.5296850704798,463.17632616917604,144.43341764395834,686.9417548501033,627.9751960760159,572.9041692207056,141.16573225229556,620.512482100468,410.88514113761397,342.8551633698875,746.7287941189364,63.353057323999984,459.72034085380466,610.0668759087682,466.57738185045105,170.04954261701045,348.0947901324553,910.3234930375164,1
695.1743222444389,34.11794710790061,795.9976482335305,123.94926069047895,609.1570048512544,793.1214482198764,200.0253910631734,163.19002544673998,136.47489322097383,578.2428165099682,793.5256522395748,548.3765952376817,82.6359893073646,269.40865498152067,141.88398838276152,676.2141247333095,641.619481779493,683.9510705575891,779.2646104041617,68.46314873496617,1
588.9366029189048,900.3540321122474,12.314024941029622,194.8648781163138,917.7122928375835,696.7405968819292,350.4837301927558,193.20181661369097,79.16521176575053,868.5848617189088,844.850226222082,403.59407693553106,495.05765023875347,686.3645465439947,829.0510625414626,856.345037720904,196.0240584930887,189.3961860063089,843.5970591956121,535.9890532344111,1
657.1372357577433,272.3766441915393,144.36748095606745,109.58197573851037,10.63084421257743,353.45441065828174,677.8658160567823,249.91120916881914,137.9978709823424,440.01939758322715,443.73233527965726,212.31409827895254,275.5461582033526,788.5555842545081,97.3102682584599,554.8459085080714,331.45587443335455,166.0552805238531,546.2565780411595,136.62842768286987,1
600.1078288092577,391.4151651992706,186.78503923093925,247.0812210707991,350.29021689076876,846.7034890020351,298.5776433612859,729.339120180369,256.05030767731853,246.80626963018904,411.2485961797986,580.9198212317932,725.5163851179954,511.9623885436505,785.6442008077139,327.4899387522715,769.3896954591584,804.1196632601699,973.0147798989512,835.2762196401148,1
35.63069940693608,640.2919801746931,572.4314441691677,80.62574790394305,324.99603343985564,905.6757744718748,701.6401156045711,772.9051120436771,160.98984946159612,832.531428066666,639.9043350737959,933.3981436556719,990.0942506210382,997.362155012354,522.1586576788417,673.9630817891635,230.7574184805188,636.3811348669846,762.6878983412292,518.7518993880492,1
850.1447952141892,662.4787115360863,841.1433933976241,961.1539636721715,101.70281877168786,265.92273141088486,785.4602427810208,19.26623029203722,147.90496961752785,578.4506882793743,642.7778924922848,479.5585323667871,44.91373919681296,434.18737838897323,587.5251558236153,785.1137724372622,84.05933085574358,67.68768052941299,538.7368521177361,29.100463899034978,1
54.75321563347235,402.49936781612064,770.7721108285995,914.1908854261275,245.31642867440985,116.03413690093478,622.6231261649527,605.4292405563755,370.51752888473,510.39174611317486,195.95863543053727,504.00422737898043,614.5259146412225,2.833803066452978,256.0082472367379,420.77599930834873,493.9155355005819,725.8954229001025,418.90894724594773,552.6640549836688,1
528.2124299067829,739.927961588867,410.16698315731327,885.2534426081203,974.6143684430078,869.6925766559351,909.7909276333271,125.73964291023721,894.5173914257686,970.3276373190018,4.696149934183103,426.367048147947,348.57663161848893,471.825446811451,341.56241436201606,475.6771227798171,236.09261388238843,418.8807801956846,661.0343713344065,469.6870470088173,0
748.6474652231803,870.2064535217004,228.47861405079195,890.93443433421,736.1142708404934,237.2605396249411,167.37699917886073,552.5349646397875,638.4874782494633,611.8411642538096,902.1682673268891,398.96356601336214,917.5637298501955,381.3229071053966,208.83326051504935,264.84033962982465,704.4243098306839,644.3102620252301,860.0527606311714,702.9659708288233,0
658.9707326099708,818.9361299412965,508.29968987463593,521.0409262984964,209.23312508421122,101.86890839317142,967.7823080224864,605.8396733570078,608.8610863182244,93.4577492085964,289.45195695958756,131.06513403737242,594.3536470386325,781.8819973164155,889.8371975747859,470.5479116520188,750.412071134899,627.3465086979073,268.241651630004,707.8930185715582,1
207.06581703670435,543.7814934937869,531.3956569095704,780.4482743761248,585.5776208126779,27.21234677696338,566.8353422262155,119.7005191307865,430.83403750171055,750.0521527638191,310.1349028156279,953.7562384634145,768.7617694769551,656.7804242002477,9.6157023290524,622.1513007060505,493.7162555558849,328.14190693610925,301.73315773681963,261.0576113086213,1
714.1581065690718,608.4857613802435,807.3353576677333,290.91660893558924,21.017441070565802,274.83258279720127,550.6764722373485,186.91031106405586,135.39504584141937,635.3471239241634,767.6354696557386,755.658971194373,119.68080441927553,274.4866222777129,747.9305042170943,757.7294531767263,792.3977846895598,621.2105831411853,862.3567860520284,818.337481825193,1
940.2905730934184,983.5427084080136,822.880897616874,172.55899984110624,701.5581593315792,532.4841684051444,383.70268810340747,820.4979584214067,311.13134685228584,303.86603411715816,85.88751817119078,163.15836485740465,84.95719687539682,477.3807172125889,786.4479050390474,914.3868960081613,867.4005721645074,99.4381798892744,269.7325587364957,213.8468744349987,1
162.44984506941918,477.76449112256745,630.7873114673434,214.18603518364498,619.8382142936583,21.348899377073515,391.0076665746228,703.0804093331031,98.3742126685322,845.5676147997054,671.7570970181375,499.2589785006239,597.5696654247407,628.6215035876222,405.28413667168905,269.1403945134345,142.3285085094852,541.9874723507043,688.4521764664884,364.3326577688013,1
424.71320398020316,345.8014627771124,15.720539444605496,83.50291112249919,582.0784799667013,477.40486668160344,104.90863859507759,168.40745540408432,62.85861000097026,429.10144240994276,308.91769192941143,194.50971081373214,443.6237509134301,813.0265471270544,169.34202811334288,715.7432321152276,602.502246798756,564.2775937300684,827.5019432672963,80.59096249521946,1
161.13793180883795,101.39149864715236,70.4381567978245,681.8014712344025,628.1878617027124,228.50725297000395,131.45292009799948,2.6419627977732896,708.9503528155227,427.53446093931467,216.49668894983242,641.2665056280176,262.909768646683,298.2568172575526,179.81080506197088,47.517276354529294,695.614908350563,588.624390843323,120.67689998810593,711.2859494858586,0
466.6658183910114,830.1576586146363,956.9643627710221,11.244644301757756,189.12731194719723,584.8030843917896,953.6990767802033,640.3515678735043,666.2981938300886,262.3895970019053,770.8666481967018,768.2654762886929,503.8122825263558,492.6324705927687,349.59041023885794,47.65159882634573,411.92666673520637,199.01733903631447,841.294777789047,420.29930295986264,1
583.7022202395597,156.81496264394045,14.019582517215134,106.75329100069786,290.14068774886226,917.9234202087778,993.8989350358505,80.29333488577406,980.8940554720139,453.9026479976538,443.0817076133462,260.84493919959726,627.655157652238,63.94868381382657,448.8389389698586,621.662531319512,444.2114086390578,675.9749174151327,965.0055467311066,549.9122416378675,1
570.0416630751002,422.90772106616316,872.9735793476542,814.2626351137235,472.0869820680129,691.9793836949807,78.4818106742815,46.58104960267651,98.3107163359177,127.85992529764701,218.94025345729162,579.0992726112506,418.55609721028554,932.1122580292549,260.1393097556164,939.461977548135,181.50598044582577,129.74536429845872,315.47389830089634,828.4720100257559,1
642.1085363676691,894.4387666574776,532.0006936514678,334.22241887881165,122.94393800332215,711.7405192570519,871.5021968580345,128.9417843023515,457.66447431210975,52.19062874613489,35.98389645958622,719.0403024896254,793.7614277441542,838.300342382471,499.216292964177,209.24677130575876,530.0419020692328,204.35803686782305,117.86379611520171,651.5173996371539,1
381.654405824334,482.40959431592955,361.67622031219673,471.6727134397668,858.8056278469675,171.20174906928676,895.6137374290704,529.6311439598059,867.2356865397089,815.2411628048974,905.41901516719,367.07467690331896,712.80220328439,432.4611302017127,931.3167602436034,338.6398369668263,905.9879850143068,469.61252875891967,708.6178720440791,139.7346519219762,0
693.359947098907,403.3356381992682,363.3579473594999,67.92873821784195,363.52752790734013,242.66208464729044,346.08062664387404,373.7966650882816,278.05256917303166,681.2846381483571,824.6512406874434,952.3912972693003,592.3493777592787,132.6686047498904,480.9570265589852,519.2774284312915,496.79455139610343,939.6625200410965,385.3301970957208,917.8508527985551,1
801.3258272232781,665.8283939966009,354.8019726079634,457.8937181509911,455.6868979959413,214.13268560416122,888.3805744395003,713.3852968497973,453.6982839223136,127.30843029663252,763.6951643669559,115.44456136528747,98.49188286174649,573.1931522632378,111.01137371485903,44.39642219066941,281.3708781243984,686.1309464814834,488.0644882854982,714.1875018075615,1
967.6048189033673,307.864876951258,290.9963556856551,907.9513302621743,273.9606501370521,722.0276847673408,844.619213333812,71.24278130764871,611.4273448023287,268.9668933309075,466.12113765884055,452.64620744790284,672.3921163014483,874.6050286095134,246.23116327878068,656.2272358618936,494.4060425531217,490.2979834454314,547.5516816041278,478.8476687659069,1
120.08306767569343,166.5609861685168,464.1555697669771,273.4761462830658,835.828115641989,421.9020966666158,575.3193066340037,974.4912885241283,328.6845281139722,782.9255287087301,802.948513830028,815.0297559054557,375.3413755010182,242.59021001599723,302.6700415035529,159.45236557840448,82.00302244274648,427.4995168088267,127.9122914802645,404.97415515566917,1
749.6469658366734,209.1562413298279,100.01442248345217,205.8504296787411,87.99930902910513,876.673585250398,327.15442467309265,432.4825946681146,562.9469231824629,261.3671522451815,537.4607244618433,562.1478613043696,370.68480300684615,39.86913605144204,923.7377591338961,0.34290741170006633,534.1523079005244,4.763648245406205,101.20799918656054,486.84796278197473,1
632.9838322414616,531.1623745599217,28.512810544911062,761.9377136891063,344.9612859840744,175.88258664216582,157.6690099905388,655.6329730371208,78.0771995564764,208.10879757126156,32.92695736280871,543.3465811456457,602.5623975341371,395.10324117053494,550.0518597485983,329.51536012091,828.0481920832628,111.13852314090012,902.1283203837705,755.5693811024513,1
763.9780199002133,530.4077912024964,225.9370848858844,942.7650802934292,429.8963933878719,893.1434262739161,840.4037208390288,595.3506787274592,421.09263360010596,652.5793054492209,933.7078827207051,79.2329122731762,187.72677505786962,488.9108295364613,544.755336002826,26.79905752528622,414.32701023896965,99.89692347129353,421.38611416089265,869.7238017837261,1
285.7207499266955,455.26287042572864,27.752052949668094,508.3070291914733,74.02777401392824,166.37228379483938,843.6391808011883,979.844095594741,280.1423778264007,660.5602102066217,76.54340123521364,655.8498160431749,591.9436634410001,905.9610645635248,348.7874827528271,274.6092585444281,566.6765554519877,645.1783639126069,64.04023724119045,59.88727725250686,1
3.0589312122657475,857.9005012982009,121.67163184422247,801.4323253209877,73.87040390119503,352.75109444471906,422.28378932308163,50.95170752866585,143.7170884099156,925.5679411327699,270.55574395153315,545.746072999738,502.84618291774785,257.92819777536613,148.56016603348067,266.5375037558928,645.27647713908,829.9331466641047,212.47144800991268,341.77394721848543,1
917.0333722533398,695.9170579634302,516.9138109147226,399.30181388013233,549.4645819268054,724.4699979292074,262.8999843256303,745.3477314088665,907.4879384044898,708.9201907242852,439.0938358257653,744.3076370007577,733.014296954977,472.8700804213316,646.075988521064,90.61863371818835,136.90079565542078,488.0050414778455,327.87523274929,927.4407386266911,0
761.941852159945,457.3864528785488,510.39019157514366,389.1988685267427,940.3854979722985,283.4422154327626,90.35710166905531,327.10883179462314,973.9816591399162,521.408348541532,251.2840967750658,838.6340473587491,346.94000129479383,942.5914204163294,793.1732826032713,226.2257223695233,164.5794542300022,980.619496701879,881.2510657291369,684.9390544125147,0
211.76157634108694,459.252217351786,475.76805956284664,897.9669560937117,990.432904232806,836.9739987672962,265.58445767384575,328.9892967447082,672.3713728068069,909.839532308325,62.121409864153044,851.0672104447842,73.79116107854867,69.42286524920426,543.1591322132476,901.8229194069088,265.642714811956,160.29476442207846,160.9844742085047,647.3368445423511,0
60.47876930094331,348.05860606011765,666.9721494036576,985.2639340032698,879.4547359847226,17.924733900923417,547.2546069692569,493.23145902272194,525.482860413819,317.7754269452823,616.000503998512,439.7548930989824,227.92270644180655,98.8667607207131,864.3783665541011,738.752922409842,836.3511922211765,461.4893136063725,767.3900827984564,40.424902416908104,0
880.0417558081599,507.16924293728374,136.11332637976682,360.41642813421913,27.855767827989265,989.4428780138453,164.03847764006406,301.3825007298736,397.5070042557147,288.82629997562424,831.5638931305618,975.4041097083585,6.180039980533181,924.5541257694254,644.8135754632666,205.16040953149138,103.72475976015106,89.60523238327511,378.96151400582823,673.8638109006429,1
94.94061997089575,549.7352697825648,710.7578704788319,652.8595093014002,32.5038827681422,866.8814159156077,820.5043359220883,242.01496080893892,543.7865490480137,283.4897096786737,617.1868312843418,888.796329359737,773.3579104107587,659.2993676377638,2.759936657585449,333.87092175228037,506.44844914305764,621.2167203037982,915.1937359194593,2.487073215844293,1
940.8898115786387,493.5485401552517,776.9065814549425,271.3802614852212,562.1743308577024,93.91569173182258,248.04941880601416,328.5585034618602,92.03271224253041,523.6600250027527,419.47450190570845,160.85508078809772,586.9707607250435,113.51675618486479,795.6162740160913,840.77501698073,492.8638615469415,721.6645311504151,965.5787667636301,286.6249898434089,1
738.667331067502,85.66674837612642,226.58902261118664,393.24297124787364,158.50736668797282,700.9461625826002,337.97158169987597,132.09171055510438,147.4111836158022,26.894504889375725,94.08486211851009,122.77159766076107,30.730306363439986,531.93824623767,499.56446781593587,354.7092047249435,899.9408013251157,767.8318512151153,402.61995197624975,669.8724096224654,1
542.1110077638356,705.9367750709265,76.48533704404193,115.4587310779578,687.8566403405194,427.1727903682878,963.6994158852721,704.7164500341898,867.1534450155497,413.78487486135475,688.5613761276497,304.11069167599624,912.2247499064966,105.36564484707512,47.33337917521785,63.29551113678167,393.37878945614744,883.728099897488,375.8761345659749,639.9356739665172,0
451.7537718669563,575.9527513561983,917.8649503517586,924.3304058079564,530.4111992162245,986.0110864802053,503.4896259443773,461.4268441381202,161.7251150112401,376.0032713732531,291.9418444804364,408.1962227666428,282.6830257806457,688.6895031407684,111.39529093667765,131.44506281667378,794.4374081494153,414.04728990125415,418.893207942571,593.1631455415328,1
804.8002759693793,576.0806224190662,306.8300917019071,663.8508316085629,687.4046923792791,75.80186501532948,724.4955534278528,766.9539422123441,624.5085321185128,249.77107446922275,669.6493785611884,622.4145279976511,110.57786758476173,857.3545110588061,165.2932974406146,693.4622403789816,812.7146122904203,857.5568033294264,341.7591346946658,345.9196538028938,0
681.3736978148792,32.22366159308143,769.6178272077432,626.092791403758,981.0025337901511,616.1807145597493,297.45089888633436,114.84624500825691,894.1661030055101,934.6447454219087,823.5465387712109,727.431154791849,7.430910659440237,246.454560586164,950.8405034965351,766.6373876508125,7.462559515694633,742.9779559584649,996.1652525642419,583.5576360954783,0
356.6479549997724,494.6214858128609,611.0119492209288,0.4225633340351198,195.07788939936245,518.1765744001952,894.332647663501,2.9813826944692368,441.8311039983249,330.6286337660427,389.92107451765156,610.6841791727278,984.2189440189096,591.4823736077004,370.2512892008948,750.996002060675,852.7171070947466,118.12798393363755,129.3092956768178,493.5857553349594,1
731.2698598123472,168.64958121510764,376.3711485165834,564.0469731881035,456.6733672580885,358.06329526374446,31.215250218776692,838.6146407622614,293.95666369012883,737.6572022178788,409.92860586879823,868.2444265449878,781.5345709850651,203.08180613437855,986.76965628472,557.1363812182994,508.8926048793292,344.3579550079907,534.2499475615672,500.7083874956276,1
795.87368971987,103.52412981850601,877.5820083184759,9.612697001911808,862.5687813991981,900.8319454987372,689.0514467713585,702.8210170059066,797.2174390843483,643.8515726483456,479.17118213756595,324.2648680907888,546.1245405297675,49.00141213146303,898.5676673070424,182.0752649878403,575.730826408093,304.4158105611757,127.2704703390346,897.4373544410432,0
862.9204494161468,245.46526730673068,981.7165713058416,506.3759413541616,321.8563496470973,760.0352200336193,926.0807600433221,68.01998726080538,486.2003411008947,228.55417347677744,413.9502205578286,79.77581953913881,380.4320807737728,465.8583795480762,300.5889766600569,252.4195848708769,832.0473581771971,937.766230673352,912.295450445106,654.2712580586145,1
548.8747816349438,810.234396324982,351.4824900953849,3.1240074238190196,567.2547629146865,577.8637060693774,177.0025960761712,165.4431337305613,485.89421714613036,133.4177556361169,877.9580240338203,243.66147650704372,544.9188795700578,536.2094930447658,211.42090265951052,726.0289071476924,870.416450291596,762.9798974328797,408.9981296846301,82.0855189672477,1
293.1425450378177,828.0219747678469,423.6629445113314,132.17886924271815,816.1626710660173,562.2806045165468,762.3464957544093,238.24303252306166,44.83426989563388,60.73780868635825,958.6614738919098,609.7956383036134,112.35015070733412,647.4262787054578,470.7860015289247,424.7640121712142,76.0267129959915,124.18029129930308,650.8232667798527,960.2470166202695,1
245.9996896262482,911.7968054007533,26.38768490250609,578.0067969455778,355.0398261229627,628.7888322647168,223.65701310406473,288.38030404886075,926.9743534959761,388.73190638255795,588.5848663917659,650.6499545758406,748.4910302551461,945.1386967128387,696.0527052683879,632.9842361277623,704.6641344870625,711.1981450141534,287.2755374427831,189.9693231038464,1
587.9040383383063,939.0441952475987,60.54949727322001,771.5151089715226,841.0229849037058,405.0676498148764,995.9634429481358,936.9045478176618,794.2044961148083,147.93570558262948,103.07076483752908,489.40294699542585,185.23000934580446,105.75789882610876,421.28406952270336,584.2744809095434,394.56761159734367,193.46068555759155,640.5634404394846,646.1195434148194,0
244.33178503101826,949.3503409824192,768.9397331004175,201.79203735563888,128.49194170488875,412.604787134929,22.405043059135487,659.6651458494964,560.39483920438,983.3423380784221,121.47233482514052,962.1674654445442,816.2025977127445,262.436132530421,272.378539064795,718.6667393128638,574.3274176524607,719.4249057772108,762.6181132663025,476.34211412850334,1
755.7571220759509,724.6526686076392,385.0991581741813,898.0243244469965,428.87609047028354,953.6337611660151,222.5958988534069,279.7070828341197,925.6509664895118,189.14089348687213,952.6957857716329,103.30962166431046,819.9241386304574,665.2788548137245,609.4737739359892,406.8365781792872,775.8397097358833,710.5564729412075,904.0277775714662,330.7022130907401,0
252.31716216105815,640.9826820677036,600.2657739157584,544.9996286252166,96.02248585373997,136.56298083922934,315.4122822505788,424.83440228212186,776.6221862172871,269.6365365564285,157.1450365194016,676.34541599253,295.09422577003687,431.23945167876263,337.974107215303,511.44807170475946,187.60223932050545,454.60023063298485,932.8840632927703,401.1917383057152,1
911.817900906431,233.6327273811245,162.3520069504626,840.4583102728485,311.6927131544769,416.6035612047263,788.6380411242257,564.6113343957506,83.43663285628911,865.0150306268087,454.1077157302984,552.7277136833519,695.1357586632981,189.27220663053723,425.26671475960285,634.1265358522078,915.7829736831983,757.3072813555062,39.032920707879,896.0111745538919,1
378.200847371841,56.578757502736885,237.03547992322126,428.5577137611699,531.5453063313568,713.2979494507191,811.7261231346187,383.9488503819165,817.9257723064495,964.8173546793182,841.4205449564819,433.5884430847724,776.7357418029267,338.9866032515986,6.262383014017825,264.7133396336098,230.30008236810028,790.7507421130138,756.0640244907461,694.660131004567,0
137.32415337404979,529.4336236928284,461.61201405938766,149.54484859321406,402.50723576768445,510.8436085679943,735.6075484221675,836.4454860036664,467.3680673157229,744.8762092951998,877.9841333563421,222.43140373178628,521.9240303310341,181.98963541428682,985.6218574663799,721.2014532980273,417.8091747988212,320.302854282009,480.5828690353968,997.1325367045179,1
622.5363476668954,172.87216265377538,951.9890177962751,488.86141489478973,319.0827045574711,112.82310176633037,182.039414093511,620.3538406947957,125.86931019191915,644.5351762029478,406.2951056195986,684.8430518407944,344.93449903779924,541.9310694962911,776.0698872867085,103.33177632422652,91.10080877401805,305.8230365870563,485.78835240693206,134.8875197696636,1
137.76326055164367,988.2120522616309,830.2493550380223,57.84914968548871,329.38463726536173,45.00157069792166,29.078990248838423,213.2323190468358,250.63827692854423,364.42547618879894,117.89845192737158,71.08063931236464,713.3759013178438,645.1915294362303,602.8393619262697,853.6572541722794,193.78255018262925,880.4402187898679,40.756266720127776,715.0038949821864,1
832.4842202371823,104.74809021848752,740.126469473845,937.9977862611463,288.6305128372932,339.24492684534545,162.15279499100345,583.1411899465327,432.95845679289147,775.0421405353599,587.301710769776,931.8876149577763,758.1919346599868,87.39533018203605,945.3642644538519,522.7447221524582,75.31763622853849,198.97442167182032,888.7903725304179,828.6325119481369,1
772.7139700501322,599.596962871767,962.5503344855795,511.6188889486382,127.9528346557921,31.293522308460386,829.9864566081598,81.60164449958029,753.1527757771084,342.46715404508086,727.9106877291625,64.73861444737949,236.11290617843628,339.20815738935863,957.9980567313262,988.8930965314099,516.4113512256728,484.3120173165573,357.6345187845279,730.3147429735772,1
140.6855728157922,971.7236482605377,242.45959123694593,449.9472516416442,880.1391288058228,908.7777494101751,700.3752185985809,870.5806787269385,238.08150430133102,800.2034982650368,457.0376385149977,953.4949965754104,640.3373619132859,343.438322239337,819.0032636952094,237.23521843056693,777.6499331338543,716.9558284107238,479.1482200554039,913.386745277118,0
551.6757876569225,283.69731358442175,488.36074804039686,591.1658029533672,550.3866345133974,933.2921556751862,997.2256344437907,831.8788988696829,631.7540836038448,36.309530407018784,146.35360947330454,104.72659909856318,624.8536290053391,707.0346328008206,975.7919176558976,600.6609410014937,458.9146873351397,442.6464524139083,489.2932191192624,382.5287975718441,1
651.1965414744501,673.9243105612009,764.8109829002649,164.96047599665943,779.536446204293,554.9098924972047,985.3716155992201,115.03068473811628,395.9886775970024,386.21047432193853,50.5755010807537,521.1835234082806,453.75685359579944,245.59444555911492,522.4406143202056,686.8738491748063,672.5241768065155,25.409245369892975,745.261869417706,283.8520753688827,1
888.8895969745563,76.32284274754508,955.7617724028801,929.668386214698,488.83855705672084,160.70624707212534,862.4093265335721,195.34412091884866,963.6919565430925,526.3295443594296,530.6926207359728,67.85309232227543,256.577567444515,702.555588277528,181.37369974000407,902.3223746457576,592.0244553874845,867.1620566571476,619.1147478532092,266.3852628917733,0
135.33338366154734,565.8507297168,850.3332149721389,126.66075532843001,228.45433454093055,577.4994133964101,297.1208049193963,255.93163859188883,975.618149932445,869.3412665911593,710.9351459475689,553.9342952053262,947.2049952186454,330.9376738258478,885.5503641633766,773.4438599290627,394.0975863581645,887.3166633835651,816.3676166958243,785.3270181308671,1
715.0614851888926,133.9746644996308,428.7401881451518,548.9083153440758,802.8459977217274,356.1375295187178,558.5772310035953,924.8203470115114,124.24689277257306,856.3264390644349,128.96610776920025,695.119043326858,120.67651300751959,138.62919280671193,746.2162662322334,895.5467253111815,94.50624241764294,167.65306790554624,418.03341821284204,999.5200092774736,1
68.59335118639976,988.0740666366522,132.7722572866974,744.0204574900637,131.28319173256077,138.10868077171034,271.236012152257,513.3103976650125,731.8881823502999,607.7764783315956,468.7560609797134,141.70873974340603,908.6573248698581,52.54161370385191,569.5888450928489,332.14587918313157,757.0929238540768,975.0500140366571,420.7029261434718,46.051566028055156,1
247.9761070376013,314.7096417358576,136.62697284300717,66.33868872941473,275.5334458094172,33.36573774088536,20.37623316805226,964.1059764232657,348.26886368506206,991.1845148926956,656.2955316978203,941.1475452301161,632.5947541493489,993.2660907597348,891.6505292348598,936.6261711273567,723.3931200362235,798.4350471402162,20.24656531270508,335.13477456230487,1
670.0400857014698,404.6271687003737,539.4186514526039,355.868443212625,748.6881859548779,613.3114259625528,565.2220937818477,208.49398143067754,595.4015341012548,445.8895789264012,508.9945213188657,374.7618066592477,158.32181727468853,714.2016232686175,550.422042870712,483.1580985511731,782.8713559745877,967.4946617375932,241.43346243110685,141.70172530219517,0
414.41416282802237,980.1898954468382,405.34010376652463,366.2199363839581,300.9281622298888,167.71693046720992,129.45439172903818,792.2854265964552,897.8865515847034,270.47036944969807,750.9279727358007,92.68311017265363,356.7600490278339,938.5736221859203,859.2172207772136,425.01696988992654,538.34504483091,510.02086330228923,662.9207293589343,919.7923104677841,1
679.9759090870632,849.2113175622967,382.02735858392487,878.8472031496831,15.148535259005612,11.192160141428875,336.350305458898,437.815782638951,301.4419946678244,640.8209040724289,391.30165243316503,721.3020823552675,299.69382791376154,259.6611118981518,814.2979226298766,214.92884908184396,44.16354725474891,580.1473981611524,465.3874446148568,538.4958575486655,1
743.5591935696716,36.49912484263673,916.0761372178458,704.056165594696,661.4591783694486,553.8639684101402,261.2011873904172,534.8006648059879,967.5600658780319,834.7250034402352,369.49406536593756,721.6868800460529,647.5300175128485,133.73393145208635,336.6419367690279,132.0352085379568,184.9425218202,610.0956508676867,231.21878538742578,619.4608017082414,0
315.5241990334019,420.358777274879,800.5377353145775,682.5359769340495,587.9871805366103,990.3792201381673,3.3666832432658333,104.53471220450116,644.3073017827217,424.99295599773177,239.30650569826796,128.62167935274914,133.03659698242387,698.0896345195916,900.5648489888566,819.7112168042285,596.1534874808598,439.5369027728138,12.020214875834267,306.0533285154867,1
71.67273830263122,465.03415617515145,156.9488321722211,605.1141792621365,449.3174469926663,468.1559999983681,722.6507730282217,528.0100556864815,552.9495643052715,247.1503044671609,10.761876532081494,684.8000749303172,620.2748037079931,365.65589782469897,919.7459053582922,496.9548319161976,164.7177387557506,298.66672845246643,864.991838887659,276.9243314563273,1
0.09487284903564319,466.4244192901668,122.6452770833023,514.1752598838899,545.584715956703,719.0944600424139,95.84970137422499,766.016246932441,967.0381220174456,417.7836572904783,530.2755443934433,492.31285194003726,158.53926379707195,416.9268651610694,290.9602467578768,840.1748922705759,287.09278480924263,406.5740014048974,46.44029932912308,20.717274253030936,0
467.2505729839981,53.30261976598949,58.64589699779754,911.9752249672229,498.8216953876916,230.71271083193133,52.90470486425458,913.5483323682271,575.8511747756768,771.5467927402514,112.95021843858677,46.3523584697102,987.7370121981492,998.2466067951326,130.07545689446744,439.25937533661653,461.2396656352861,862.6092450435957,909.126224872484,197.03108630110822,1
424.3944862544138,575.3683754360918,720.2528440218326,71.80128982121514,974.1377485375074,567.5484968531333,381.3460174724347,533.0092898871542,590.518298728411,721.6320494032509,563.8760967232955,741.6058430656146,421.2750203041149,504.3383791383566,195.1024893765948,581.1296417497197,357.0761392896072,721.9896296054148,857.9850522736394,742.2616422503045,0
66.4203635697529,461.0043540323198,483.07369583969574,534.9720967739945,201.04086265623388,329.41916648378265,660.3949660966724,752.1834696011575,97.05955761422346,359.62312496586156,883.2334007709543,339.4185109044229,882.3334797540529,893.3136100878228,14.467041523797963,53.154241234882996,807.5632691467099,994.0599338076104,425.3329796595802,754.1349695734945,1
635.9832041860897,495.993111900186,545.8007408019771,735.4852543977644,900.0229598817917,265.3948205603577,798.2582748708194,143.6624392297392,831.4286905926482,764.9895203890247,846.0425724792509,905.8608128502614,846.2321451933836,596.0348110924464,515.2258226606949,916.2320213442802,335.3517197968574,116.46448456283487,557.6710726170123,688.2814727787742,0
393.9248636423982,704.3711009963575,561.3454227680146,527.6029800829278,71.92831945083311,762.4065585862627,708.2371754148924,382.23505723710525,578.1647557680284,29.186495594765603,397.1312400788489,39.99926158157863,154.81170943133083,536.238445333118,305.15232701964356,893.1186242988266,247.7172129354459,971.2617264549845,668.5107103377372,448.7721584725606,1
216.03874224020103,765.1139393774812,37.29015231220822,605.1166007886117,590.285889787244,319.6226893368167,465.4290938400676,210.47680805078238,536.4725510273178,350.64435826417673,838.5783331574273,172.56652327113764,990.5408648687846,537.077223626967,63.40388112524187,488.0807229490434,552.9635345292238,445.0331131665669,749.5518483491261,422.07710829368295,1
392.4986936912187,892.3689748433101,781.5177559072811,180.7656886204724,626.6793078140508,936.4660589464606,224.14877923349462,1.3721614319505138,943.0377816317413,637.7896067081142,202.3451637790752,400.02571369919457,193.55608100215093,723.2556839153024,252.10584614667385,24.314481779953546,105.81463440536531,123.30470080517408,967.8723657999338,167.41037012498938,0
277.0947482722902,906.252303910349,313.3183614442201,331.829471381297,376.80223154732784,135.01466943209962,924.4943083523872,414.7366274720515,154.60766376900824,204.70508368446306,621.5964169408644,150.78924460519937,357.88010470470977,176.065546547299,835.4029805458845,690.8062508678587,729.0029468293004,774.4455017298443,450.764878098709,982.3992624947282,1
462.6196931481666,830.8909915433724,106.88269184489208,21.150401312475033,563.7111903414796,242.6320234633198,872.3480202209404,286.45790810924876,74.16930598033689,402.4282309756849,506.7981359881817,960.5056063863794,286.36480729130267,386.2627802947314,253.61923660922426,47.49888777800193,723.0838497671986,286.8417230982527,594.1266540780032,694.17500430886,1
348.9878040185902,181.30223376263888,963.5495700251277,404.24781327560567,738.4689760850925,255.0951295185383,60.364679922170986,848.7982724908962,279.7358858719454,789.1418905811561,789.7081985525492,216.94085870825575,688.9049445877254,798.3687361358839,63.63573304900771,784.1384938276312,940.9235207571144,203.40528411953352,344.66155747511993,396.02063583023005,1
872.5210868752894,578.8420125543456,234.05918562314122,701.6934549424271,838.521996777394,773.7661143968006,242.7009204020496,372.97296789696657,860.0045476629396,129.65237293074716,948.2075032607652,75.4722434440549,533.2383300500521,648.7270710190072,605.4312434325946,540.0277370927442,126.56282701071353,983.8172438178921,198.59944925778618,768.3259508848071,0
53.673231599779655,230.37030740181484,792.9291408581172,436.2070922664061,61.851724444087594,667.459593053985,531.787796725101,693.4194071188499,815.3291185966244,654.8992167483867,450.27939708203104,242.42129693690296,309.8944127806773,946.8256984103674,246.22200689185547,727.9891996150044,518.9043715345549,102.82345540555826,52.350918077943895,929.297417738356,1
185.07366423315008,502.76608710381055,99.0915740047973,130.7129111926537,803.8850289253385,563.3736185171184,119.49360680176812,383.2297179531633,546.812094875168,543.7649758778653,897.6214658318268,433.0189429848718,44.18857623410544,861.635579224738,514.9402878506974,40.42301367458223,485.3500588188616,150.36972567076413,545.6636578497308,752.1341427033406,0
297.8540608591765,621.9362274961703,517.948631764331,959.0448558228809,903.1681143565953,99.62542106270766,270.3963382917989,746.8868816814206,847.4772432356939,916.6093468130266,281.22751513234255,519.9452186047273,763.1429613258948,375.7552056123247,124.27719005137772,578.0739311474156,637.5037718869289,782.9537586030328,12.781438248984145,677.7678581576678,0
974.0500956910942,424.34865279704934,918.0282822780395,376.2126843349499,440.9514214048216,560.9795234612833,403.67040361564233,514.7665255265024,76.20792077919403,505.2900202578758,672.9299381346501,904.0784060617906,593.0267720034731,864.2219417794273,327.4628858183579,635.1659607875768,396.2752681772014,423.9252214750629,159.5441903814032,275.36538996867034,1
633.1230426542077,659.2510695493444,599.3253686753899,956.5401594949391,673.1787259812179,977.4502042549608,61.58208536474496,853.8986594119601,261.1980807006902,709.9906773413904,743.2154382063285,14.195548897939613,253.08995667104406,820.1802865833879,519.4236350899788,742.204992120743,849.7960005430442,79.01703958120987,44.5858109111481,576.2361001304074,1
772.6797257335933,676.7570465324427,445.57127787144367,785.433493752032,212.40798567363973,861.2934905838495,715.6024757040434,915.1046579254015,210.62857506665034,935.5361844114917,185.30008165357427,181.94480690474745,631.1102236890183,707.4355456680763,240.7776174582159,79.4622920887632,317.6753658218878,876.6566200092154,698.8396414047506,869.6068702370105,1
377.2215220622801,474.016869952831,645.756961761631,684.1915661640137,523.9611907363765,298.69173898898515,680.7740305987772,144.9212674187207,522.04935938393,516.5532234715804,782.2841933267181,721.4149288824177,862.7065499216883,310.0290219389229,770.3058902035842,687.7093172190864,38.590748033439425,466.10887559923566,717.037552465722,729.5624071505365,1
22.674421777176825,278.7175376660895,27.538236088635372,366.3958745173949,448.6643572258379,426.74192423907084,974.7644324011853,391.1447574411241,427.8831197335473,200.78103479211106,210.81825300127255,180.06011685723456,680.5848606136852,687.2490553049558,229.63145974097088,973.6286591176299,575.6260266543105,365.9587874805786,201.19742855893406,854.5586930280681,1
978.0057987195437,691.4464247530851,603.1433646093634,911.7652456514483,8.531495428227176,616.3560967340164,567.8697421679154,824.6902175117323,933.0184135633438,962.5281167493588,196.54227580894778,281.9551563180975,395.1776270572126,559.974668307115,585.6490833369567,513.9754050417088,726.6969818264654,840.5714567956235,314.30809324016764,434.1507413130105,1
808.4062635166129,424.6960954252592,958.9023756197805,780.7021524528019,492.2002996068886,478.47938496215824,288.47716289506076,94.46646161388617,615.8898740040746,294.765653374536,837.6820269084499,876.6558255639895,272.4628981577002,42.17755884306851,532.2560141799469,166.8261380417493,55.74064727733463,937.5197780228622,945.317381382822,65.43366460462774,1
537.4286080061463,242.10564547119395,311.30885395244803,447.7224674502592,145.64183656550878,90.22634054176226,840.4606412016201,872.5069739106425,872.5526408509019,344.4397078914424,699.0230220067734,36.47079835952316,986.9968320040142,101.04766254445907,714.8338961926231,718.0281149339669,716.4888145460781,332.0312567719317,960.6536443148938,617.716188797446,1
980.9180830773082,727.7301916096371,318.7195154253709,607.2253519466171,958.4151749280315,201.18587821658951,256.87741161244173,635.0749043731598,354.5779682652723,904.3163165762508,251.44594784416063,845.8015287998637,776.6020893152069,210.55613292284892,751.2885098152518,452.78034029472457,753.1582448369887,462.4272359428926,642.9958220725537,287.8740455412796,0
901.214661835822,401.583144882392,24.65394457238579,58.56050733010443,704.6151142919986,111.79974051727781,166.17776124416162,712.1968821016214,136.64035934240658,806.4215753054448,677.0801774709656,261.22451229165455,252.0590397008179,470.93332033292154,272.995264175691,896.9654014475968,923.3790990430887,762.1880242086575,139.5713314576992,691.6362350893556,1
777.5136399776821,312.89484047228177,352.93162588513974,70.25667479406327,545.263803530073,321.04039944457753,2.65718771742951,19.094928254003495,985.71778028156,526.8073586527144,631.3286766696211,781.4035447016131,750.050195093563,545.6430809184802,699.7145702288528,761.5686004228962,884.3930143321626,789.6688338949119,347.58411502642207,727.6284336554319,0
286.0077294339849,154.10796625621538,302.2023143201209,193.55577914370835,812.5855297569748,618.794114636376,931.3865634147512,651.5294851295239,637.8470407072869,547.6656143918384,138.71999947996872,128.37244043373397,998.4159229592314,788.7684647286874,997.8281112388589,532.6500957737999,69.95457773936752,79.93624634921248,724.8706515350076,944.2019753368536,0
197.2804898172269,60.90623859110189,563.0194210509517,322.3744063601109,394.9508661825505,642.5359423625362,667.3570445210743,525.7069631146073,691.6920690105677,682.8370656048838,601.5199817154952,128.10200297069795,17.336061199603847,514.1929822505232,285.1623355940928,262.1046328324723,60.85640652166169,45.61042065069887,352.69737286982127,281.5263644097437,1
118.7262894844916,211.13820747469381,224.28446576826954,17.24237020558983,745.1445414367543,38.949242091147696,547.912215507187,30.519500281753764,300.6905883490403,613.9610089462677,137.88867566663342,626.2922047232499,490.6220984610822,781.2560627433336,916.7640378444054,656.4763451329221,360.0254251308225,656.0614948017762,81.457952198982,558.085206433318,1
417.5390400341289,644.2559490901556,293.19431953923913,867.222834516111,442.70849920607844,774.0778905243553,784.7860515105235,319.14557063454663,224.806162734712,215.78226949404956,93.83257781662036,923.894256123245,713.2068254728556,40.803772614563584,533.1756047969844,533.7442482427574,356.35299305224834,57.909728557449355,26.14184105840467,2.980332154751242,1
521.8225560514708,609.5226260715666,201.7134894908986,108.42903946769988,284.93757418868285,949.969295323678,178.27012872747815,217.13872935917732,511.3095464332367,984.3781588042966,900.8259661837835,415.72070496366496,534.3483648427829,839.2357498490854,589.8308605536885,290.15222480394107,437.5589927790472,584.0924400411204,219.32065278247848,799.5558170491424,1
901.7921433628202,147.77192473614863,423.2670482338575,568.763481132817,436.3456440462964,64.1722541855192,901.6515454752229,285.4908624415844,390.07123472823037,712.2823416065266,620.1831135341604,447.6455301497064,699.8284034561723,4.31580776799434,254.5557928031258,609.4514101716959,510.0833439780984,431.1793415187426,812.2167094360126,442.4500297443964,1
808.1129251937766,499.2768355421673,808.6868842566957,5.562760298672198,410.01234619807605,649.7003980231316,65.57193057541,144.96129739346108,422.87127882387256,57.141602269640934,977.5133726571851,49.97922530555221,17.158888405007456,609.8300140855424,625.2663419232758,774.5311451678552,306.1640647415891,720.1867294498328,475.1225345928615,386.00575759107534,1
523.2387172553003,59.032965908232036,105.96791270969518,321.48385978791737,411.90217155076425,953.0536013921011,865.7202481111264,914.1918695581649,759.9099240482858,112.51257437600748,600.1949036858786,467.30563817612426,327.70832100231206,660.048148248329,516.0129634783056,277.21151278833054,109.37752713612458,286.50843665387373,299.64858923181146,296.934292054171,1
546.4164643924166,648.3261005591678,89.02650304048987,540.3500322042702,286.34423881879536,270.4615376563575,177.76802609594455,447.2012064031895,907.2871652293103,263.2901752592267,336.4547234167685,410.15896753110223,370.3993040795431,732.1469673218953,820.1332341889653,493.08241619541093,448.6453741844778,966.723147294495,949.1701063280227,956.6906789443274,1
178.3141641376955,428.6068976414469,847.9140445355652,183.65419272686256,283.85772654378326,727.6708218549942,777.3378084687055,596.5866804965802,84.19988964657111,985.2245298788986,827.4992352211615,658.5161471871742,269.18325826366254,224.36438444948348,638.1838670257649,643.8257659506266,28.56325321956854,4.62997216925376,70.84426158018154,829.7787218806629,1
94.80585965115806,572.7808057016001,23.58453701001806,802.234745500195,226.9293616359892,747.124360341487,666.0077360578543,502.01058590576764,693.2607889900697,829.9998867596386,337.0634129294049,476.4927461512933,442.48274143665157,930.3030768427402,282.1190874447055,600.6882477663473,991.3363171824709,881.1465525302582,207.18978901280028,61.559874410239466,1
909.5293046524764,828.1174003577511,938.9778367344182,428.3970338310811,355.55614520989985,798.2384417846109,484.044537126506,255.91611671067227,929.7531323238426,538.0990053632148,961.3887373614222,881.093272455515,891.4358990800221,581.025626970616,125.38237425072785,478.26125915581997,989.1723629812407,299.07854344955075,360.1480261967831,934.4857417137121,1
916.9015517919775,545.9976937129113,418.95581540577643,948.0633373898722,759.9945310256041,636.2323951067931,193.96922325801447,532.3607473479382,313.9089922783681,973.8761144290555,617.0493514851712,963.476278590084,812.2887769226262,43.548178830632,429.4556425646164,508.97230441201725,425.164713800248,383.36577157412563,45.40293516602534,42.05369078298593,1
150.59986170324868,300.6204871828481,133.32045247746305,955.2548291104116,261.2932239784531,243.76832688507977,185.49587549253465,297.7798689071528,119.66988540025214,128.5607140301045,432.8409155532309,137.70556563723835,114.76016455710858,784.2032558373467,365.53442377854,148.67958987424757,159.6500572042565,951.8607819290534,496.88935211974706,748.744814128448,1
593.910047275063,84.32667659892135,320.4927528429592,236.17806324789393,676.9962969007885,642.9660108725992,6.920161841830974,760.1650658261159,74.61209410875291,377.91146212963764,526.242313769966,824.5788783342398,26.309495423746277,302.7669977689149,307.8950921122484,639.485042718881,227.97014269929272,278.59692455093807,480.6409803667281,486.7332635791142,1
337.02129678349525,911.9465137057572,439.13005344057984,16.218651684829165,913.5930104926828,240.13361230768317,676.9105884909674,400.47513733520003,59.22894192099726,549.747904124717,551.9984052750897,196.38458267200986,305.77192091530117,778.0976185559101,181.4594562852031,433.2251494509675,564.9078737103982,457.28200324523505,595.3118478731124,23.933093365829716,0
552.0857278507657,776.2237331714472,361.287708113022,588.8879905906779,517.1050791111611,747.9599779411826,832.6595773762812,87.79448072560014,431.33719930974337,783.2407203038771,939.8029640371198,422.32301127140516,703.1115603199826,944.5270234671215,581.1007245092313,864.4347859044017,933.8882415922017,672.9260649119494,347.2134482744747,45.9749434159803,1
422.82519884374017,775.1800951318452,57.62787730831753,389.573275543058,258.9525909818782,270.97777973346973,669.0766868295437,654.140908888145,46.10667287993364,981.6492344971884,655.1414878819771,226.0645233982044,772.5503008704076,683.6827732196845,841.7973015801723,559.1228523935459,400.50996416899886,564.8772499549576,935.7937349704614,952.3592944166876,1
529.806618183784,609.5163653201322,660.1979374171452,589.9864586542842,247.33421549378244,758.6611167225248,695.9976430314457,663.1729294174534,871.0586421944055,913.3237151264138,470.37920736482243,1.2147201951335784,505.3558452726775,448.9788486393087,159.50485076369324,628.437537066956,462.8152682761737,61.27519465365061,686.4840060682612,224.68341827191063,1
35.655763920490855,274.7787731243887,603.5271024200875,190.382081271111,668.2199475240067,180.10884720692687,950.3203887706997,857.8834352986416,278.08865933196216,970.5196450218319,987.8238608403934,946.6575860292397,622.9008097794587,116.7690744770351,958.361081990118,142.5137124563799,226.16027398480998,536.8685360551494,767.3783715352484,904.5798362203536,1
68.14468262422902,37.26377230286593,38.18871909796451,414.99631755129485,900.079927989584,24.128460074223756,790.5796012558664,14.815477152901991,52.599600864126074,999.123850870612,397.4585321568965,887.6622447293487,222.8085024489157,887.3711957966023,169.52410505084936,274.13924749296615,87.04364210386773,735.9332169778467,533.3444013507706,6.190884607540914,1
322.4065158760665,551.9543328523629,61.65907731593245,875.477644246444,897.3982038864391,946.9206514070231,357.4481875510853,117.94153841420186,176.38253748525622,786.4173140865599,480.85322239863734,109.30164023541079,763.2808740846996,448.1105043682909,767.2095740649128,497.2082354154934,27.10601330525042,978.797979719304,379.2800591869603,528.418688806819,0
978.0593509187973,474.93803496624577,736.400275852105,586.863994964564,361.5771949268369,57.33235196331832,171.5686452197246,23.785193010440906,740.4741728675626,154.28268365885302,267.275577156181,249.0088208220198,408.2667899898802,109.27148620985128,647.8035989089564,388.7361861151429,232.3169898791706,339.9630829184864,815.0175567551292,617.2630930339903,1
498.8789194502242,233.74966043718382,838.7424433481053,57.752841111634034,86.32133979858448,181.3955983722928,252.89193229028584,452.8454056888083,621.692662804817,279.7958416675579,323.43439063086686,65.50137568884796,457.22487545930437,77.31641573004056,737.7190967533651,296.94816573682215,898.2111230087747,683.4121988262066,949.4798757462871,244.00897748411708,1
229.8740139137584,516.9424744914751,468.22533137855424,586.4614866657092,16.817005339942348,170.74788624903016,138.50804951633356,460.8815760030065,108.4454773701945,98.32018923452812,116.24845664855576,433.8370641814179,130.04750210529338,115.77931516141604,951.4460176831934,189.5038813855281,902.2179824957489,113.67016591040979,54.899070625438085,895.3438316747178,1
780.5339755141999,566.2942166540132,346.03652224720514,86.34391748289572,180.35806416328404,104.47085534548184,91.05015101847546,761.1447365493267,757.6712002024498,616.1238113185985,579.6847726429309,370.9882228448115,323.400040631983,106.15916761418387,656.2072206300443,377.11751935483716,948.4893756504789,376.43675936402354,990.8939925617944,540.9155374342531,1
348.7704476440777,991.5772799041523,777.0496361661449,619.6110167673492,459.6917961571446,700.2346113151484,30.358828435584904,716.1789955907954,15.053088616839405,191.97011742419602,698.3097892058147,295.9578796772591,586.6687662190197,943.1702561705501,406.02478182487334,632.6646975893378,522.6494907765996,327.4512330265664,96.79945615553653,556.7659147038074,1
360.2835293757404,259.7423065262561,107.92546412605675,787.3103227018282,47.36113147217247,677.9394730303176,383.1112447219076,879.3495392947931,204.96572952858827,412.9373215789581,272.67587913620685,691.1369792995689,600.076091489583,317.3652817063638,728.6915919655582,194.52531969511188,78.43830650183203,571.4294772115843,269.9492062378549,845.1447831578361,1
438.5256826761087,595.8454212557463,941.333735023583,824.0215162137079,270.198774630142,419.083511765041,403.0775234097047,730.6453987846336,944.9162528308156,541.5479203534231,489.1562306216345,352.4440827668023,829.1082254834289,837.8176975344317,320.68999277563825,72.21546890002062,985.3488490051831,233.94969987454027,965.6357625925132,315.1101172573968,1
442.067760856529,379.6566616286746,994.8492222489239,5.848281217861739,634.0259944855476,112.17806302356503,399.1432493632972,247.15660142909456,466.08488501955725,291.9871328764447,566.2833927238895,861.4748451537425,377.796557684424,991.4166578384924,227.5957210585815,528.9234129916824,613.5348957053454,203.08867648606733,582.8708044617478,502.464253627959,1
700.0353778599818,818.7523626590423,852.7534017882515,753.3441346003036,34.74975956519288,690.6596414805329,842.6692813717394,887.1079140169305,165.64684122511753,569.7596550064764,978.577011373229,820.1933067060141,819.539823437297,771.9309739470644,782.5308305828091,948.1044123822211,373.9101792516255,112.11274618870193,8.194944678338146,121.18002417825357,1
769.8794691057745,994.2664154940494,328.1542473130725,71.04548890837292,166.20085827827214,568.2282809667389,243.57288785246212,473.1945088164299,554.2017523171519,876.6943749499852,104.623313011581,720.8299141195039,851.0179393706213,936.2863253198021,335.2759437928612,520.9779652004526,216.66823670314815,105.92626965831309,10.113684185484416,620.321698553352,1
194.33986461621566,362.09402416469527,571.2717213592472,761.0848863373606,56.77593203822617,656.8466065098357,512.1170073034154,646.8776680304694,876.5136381273297,948.3179337267622,681.6618056595803,309.36361348588224,813.9213879885789,54.91895524165402,346.2676371853037,629.7533252063737,511.33156507317835,786.0046747410274,376.65764356423114,743.1252735114064,1
334.78610646445514,663.3807362406557,385.5833944424376,173.91712645907876,246.7762786272537,369.57723533822593,226.3324610268862,299.7565244161293,297.67192217058766,169.6496042018817,812.9155129456941,335.9489509218283,93.74549914766395,804.0723857750529,711.0753784704123,218.31310798239056,784.187130593325,731.0949025372574,58.24988563990241,480.6727167305668,1
664.2869542490739,297.57701433241556,36.50056453676997,547.5462402042714,593.6288809154388,253.07295532234585,634.1197716045037,928.4579176587524,626.5530418311888,236.0240523590893,263.1761619373404,602.5268880717463,794.3838904005081,711.7100832858629,115.89758136008466,494.4277212863809,391.1316374488154,647.540510691482,833.6348748817996,672.2295536603461,1
412.0560348155641,514.6966427612363,284.8377147040102,101.7507775746963,752.0404303991265,332.7353859040505,777.3884768834855,460.99664790267457,426.24857684132587,507.81880161942684,625.9133174451298,384.3617468139836,572.0521341559845,360.1481827202198,747.9407052693829,595.9304525382526,391.9189995702863,889.1111215651589,684.2962193005212,930.1838298972793,0
218.66454492892873,623.4914628870653,125.02634342028718,944.3762749940796,653.1607163902497,524.5240872994535,204.39034229802,900.5596115860241,805.3368574253086,619.7751143827101,956.9574175734207,21.485418381415712,287.1520587155194,311.31486944108275,592.9659503517344,933.9344916176054,6.016539008639521,588.4983986780315,939.4677646389123,261.9237441941336,0
924.7468400773953,997.762988026503,411.34264717083835,295.9710611571117,849.4552797570946,601.8014603967122,940.6448004813403,563.042547359316,957.5069399950066,255.45278935667815,176.30719882704315,992.87670970795,150.5822030745989,731.0365306663783,985.9895471447311,40.6021112069761,662.8831248520131,278.63376742503567,253.81924694764757,322.31891590150553,0
335.4751233249158,465.3564766874345,302.12261570239076,324.40349705749327,412.78762435756613,832.9664212290787,929.734827713113,670.5726139391155,36.910208943027214,887.0790131691498,750.0905681493224,588.426695865017,794.6256139728218,93.66378890210048,841.0304387746328,934.798446141016,88.85018642242237,999.9570954234521,927.5746587584148,545.8924690126203,1
270.3117668031112,208.76805524296705,64.57954762542161,633.6221995196852,41.68153805408814,574.6590853866081,91.02661789268696,810.0228030355315,450.6388451304627,965.5027632691387,445.46518124030086,44.99609345052058,933.6293663951375,361.33861954491175,240.1428188543434,670.3197559637008,450.9200542380573,843.3719224406271,793.0229684506766,143.4952971763206,1
283.46779782065755,831.2549639174298,162.961013073605,450.5132100129685,669.7666058651764,901.3374863310592,175.8176688413532,861.7989694293665,948.4359018679041,140.03711984777155,277.7281067161379,519.5468610967735,696.0933023231703,502.11445820182064,665.3391446644688,160.75557132663874,500.79579659407057,443.9355444222296,676.6848503118044,139.93796214649612,0
403.56892328684637,327.9548622391612,488.23746085484,85.99348673103013,171.4321107731994,792.1671726617278,204.6406304163928,126.05189977212916,407.5786129208088,834.0614913951287,146.9714069142507,0.5642863352300909,767.2076699459561,3.2574569961294486,378.5425630757486,901.4450928917973,63.05993184295355,342.1681642344154,125.4119744993204,516.8919142388831,1
354.91955584330327,73.69676778528056,896.3163197563681,450.50363777412326,934.4592154889734,373.4801153998146,974.9756050468166,932.7225769506512,999.1400491396151,365.9203676089735,519.5280003906014,741.0890566914632,165.75205591365406,251.28159008266348,82.12087302644278,185.47476943933927,719.7154646978593,18.066907392588206,885.3918441462365,79.87855663927922,0
456.1630352139604,561.1258962931441,186.51540855606996,864.6303742730394,572.4625126152715,786.5536853364015,89.00157026964794,472.62605384084935,393.00898660019345,133.8281594623455,699.0589834103031,349.2737776549376,679.6682222372244,369.7321073209111,803.1741209273346,420.23629457813115,94.55366636965779,685.4867111664119,829.1066209499011,832.5886295833664,1
357.9012725799473,614.9890777678226,796.45302076648,531.7804128159343,7.967339355007486,253.67568675557973,379.3752695549978,655.6034117297246,733.0315028725671,683.9912178840142,136.15122806689394,903.7314394427302,639.1099037866295,688.3191982352234,83.8457718834984,491.98532535036264,253.6930122276747,452.50947557328925,563.2946371355124,851.5189827658802,1
691.2866955498163,557.7246036744829,188.39236328395202,746.1078772714105,313.414169166942,278.6154492363724,167.35220730071242,850.0568288959066,102.38688135303798,666.8476532632626,980.590696706914,221.36067647572187,380.33776179683684,556.2026729706591,602.5852118449121,459.5017998469334,743.2668249198432,713.3669475367924,871.3296030011508,725.7712765723835,1
138.10907270010043,285.9059838323439,385.603972943345,667.4548832393983,411.78552084509323,550.497485582114,194.08382725478367,123.77191323833125,261.1482040109738,328.24495355763963,904.835962505438,599.5642857169776,877.4763224425078,950.8526966919904,951.5047502119877,197.3218265669293,709.0287265313191,155.0176304272194,45.042808214573846,105.22215906405863,1
370.6310682479774,146.01390542633362,702.8906701625098,498.1889877173433,224.85060330473726,751.8356292675315,229.24698417501833,594.2716258210662,763.5717182400061,389.8222258336252,876.5564451708656,648.5180329848799,821.8635148921425,105.32830836757856,309.3176172763724,514.6693138431206,836.6151786476636,472.6678937558779,915.4983240793067,377.18740812220994,1
184.7754072176393,845.5915274362457,608.6962493731486,419.5718345984857,910.9160668451382,173.2273770304854,824.1352111759402,333.022171053051,679.3916285126409,218.40117497877287,581.7422356075729,260.8973814620661,942.0348366661566,178.89785329767426,210.81025560172728,301.32505371300175,979.7294038304584,494.8483770477565,523.8801027401051,726.2543637265748,0
243.262839190597,691.4153316546341,921.6651090632225,397.56531509454027,906.4389411276273,42.40384939770458,681.0358053406928,693.2259366084072,49.102090420122146,57.76002461135599,243.8154678869492,751.4033455066192,699.4016071496959,789.316669248338,310.5871386866316,350.3476409492321,12.351895395472656,123.15413248847162,974.1280884624675,975.5290948297395,1
488.40658832456484,37.63514570350224,146.49463277610474,483.1466919638968,0.22768832405628547,312.3703340234325,320.11926926093736,354.28049741635357,995.0528242208824,196.2175177108274,784.2067389894188,586.2424718193364,920.8362434107412,978.0653528112878,28.79371215008142,31.808018528561632,66.9359576019325,760.6681553066726,508.36715375383557,540.4152923632113,1
855.6190734191033,186.82181976147515,8.244999839773115,698.9018487955678,22.9617694032348,976.5912255165665,133.00349513808396,750.8868443884952,949.3322273915413,177.13278188550098,950.5816113113052,766.6558641436953,105.40480666578478,479.81287725627965,313.8479853751788,787.271139703382,848.4032510803032,690.0438460875398,911.5142255936782,878.3024875128488,1
358.9654020564863,274.1625375126663,911.2213164015562,39.28920551094872,810.9134673935324,863.2754221878149,771.5929545789214,204.82929075536526,584.025101377731,842.4603187237343,111.63549772802416,172.75593218936967,86.27687417635843,892.3904888866209,766.1377216730326,401.52464425201464,228.19503564359022,956.0201653909846,214.60968041632233,158.97505949576606,0
640.788902444958,828.4842940202643,535.9306554380779,219.25955996072645,452.37923863903984,603.3239219858327,414.2533191407626,510.77504830068045,576.0566530461257,84.17060977224322,574.6065221360992,517.3419109414333,474.7611165034602,932.1064529889524,488.26376824288366,704.8029948056447,883.5883754975818,65.64263883397959,936.6994679654107,236.12932107064398,1
848.807042720854,600.5643610563815,123.99966430367849,696.0515974976441,437.847977638878,861.3089360736625,976.6108688261922,534.4334116768545,561.9294356867617,69.47008290594081,684.7891187353612,547.8383608617535,290.87496418702506,67.4192885861532,507.90805859346113,865.1919771273003,787.416630312097,142.24894401472088,327.5670897723818,128.73593891954994,1
51.228909021490686,426.82242899312075,844.8780989356777,991.2921720288915,783.6085614461465,403.6994711275119,489.22269682693377,295.7980168244244,840.3964452961177,420.2564991884648,888.2229224173159,729.4671145253819,29.19104231142555,251.80795184780257,691.5224679708534,766.6022537496495,305.603755520493,234.26707834834292,884.4245154132469,584.0075265149671,0
92.06892719475812,237.92046013306688,769.5105331898461,599.7269176249182,889.1432064286306,561.1825803682738,629.5069189830931,711.995019339107,864.8938946336523,6.709234200106828,267.38151488360415,19.291520753113023,859.8732764540484,730.7493597248455,581.1234672452746,501.52968196212635,78.16308908681602,319.51202843787485,20.628704672947308,371.014069399618,0
705.7466454950244,466.3872770390291,360.3466736724068,710.4411760646119,654.0434793780106,975.632715979853,13.54411263476285,215.39421254944523,481.6563359259397,371.25158928110693,847.3457237585071,846.1916724859548,810.430445368104,203.02432724860031,468.8893566347531,385.73047249756087,403.7739851071892,658.4257057257792,667.1539816850865,473.627685391715,1
148.08390822259264,325.5121627226625,635.3760440071518,695.3141559860467,526.4282528738637,778.1917906421401,302.7882167217839,511.19508013839476,764.1300276521581,439.9746484001175,330.57475703709946,871.5176341481958,993.4082835748138,260.6842407812968,678.9701415547073,472.7016380095383,474.0380482970804,984.4228505133954,724.6293303185221,808.5641537148691,0
235.78322246238892,461.41331801263277,533.9983230822531,863.3530257994477,621.2614987303041,991.2571266633438,566.0459800302215,455.9302912924553,289.75813150494787,685.1938292949528,247.03791405641863,823.99027142683,96.53904823262639,265.3719063975503,809.081017096571,94.9515848832404,60.87305476872984,294.2514818084388,528.8692666965784,547.0168616005283,1
123.30819565091899,881.9273588633101,602.5485644665163,347.47162653933947,262.904087573413,56.40404642585794,85.76776853457402,174.59653880059633,26.589268782612585,970.2893230903873,76.65982786212643,315.07984074395466,863.7494161957832,320.5415113134391,188.85458820597833,985.9134837450351,697.3717237093426,297.79210985482564,129.88193342037647,134.01709329280885,1
952.0843650884248,717.6134502319192,757.8203860596086,513.1359754253116,859.4484399284653,562.8842783157198,989.6900945877969,990.8684422245661,502.01964215213235,449.84804591287684,90.34546715255564,587.2975138076587,660.5659610172739,564.5812821979958,938.1038647429186,118.04837686507264,325.6358493522542,326.11494058988234,325.2250179568997,894.2300547036593,0
528.6426607762248,699.6481271078544,324.98883963528135,633.0167720767164,186.80301197704662,873.4766167986475,779.5099921482343,687.2787956595527,161.0506593374469,344.1420368947943,75.4863223364295,29.996057396265762,653.4444010025135,346.4493309060461,58.874995755099356,849.608814570592,756.2810019535748,289.56405418803655,842.9633050770283,173.87238923644398,1
734.2043956109809,79.52313844931037,269.85530203546494,311.741769093146,610.6790958341206,778.0349200568822,396.881692836496,243.23341455114334,154.59240353995185,982.1667150618134,41.4227331930207,427.88516780118147,821.6435532381797,676.8839333549327,261.44377305431345,616.5752674253697,14.744928150395076,991.5223805619759,918.0829165663087,77.45023389869377,1
501.42292888337124,339.2427389094895,863.3139426602069,807.7989342719625,116.52912593955655,385.975558706498,890.385840471394,183.2227828570423,161.65298356540126,227.60405797803895,500.37348215482746,908.4969179546619,943.6363197707672,842.0445167561971,108.30625004876393,771.9007259100531,741.655686320432,673.2542453218681,177.11230215161024,246.6384702736517,1
776.8450842454259,89.56572685490593,393.5246873731976,912.9433496495656,669.2790860376689,492.3353902290255,151.49752045265274,113.30592832841313,925.2370427901615,227.73833064128291,529.4834405795026,514.3627917446721,903.231520356308,961.2632865231241,653.4342844829753,84.09567384016248,421.55349048603074,18.331606943778223,358.4657363468714,372.28059222210175,0
17.562443360618406,416.9717158628269,505.7130157162657,27.29234853881868,344.05759130808224,257.6050797009277,722.7427536222314,931.4767765948895,525.162178753497,495.8023016038637,536.5058615373636,707.9068791193714,337.35071764333935,420.44944357906047,740.810282353274,187.3185281941996,734.762286737866,281.3642552379824,983.3630035499422,714.4754159904144,1
139.39445441900455,838.8379473932965,137.6727647199405,870.7564188738742,483.22909408663975,15.486839496553717,410.23668985435734,335.5364079451183,208.93886619839975,808.5711787749682,234.662523121697,279.6656656088787,23.85638497028264,969.476380019974,694.921404868195,818.3416498170507,709.2602404911959,411.81379450867973,323.8989679964497,997.7028236750509,1
921.292327355392,544.1648445363254,161.5839381776708,973.2060384055965,938.7813302263347,726.1181356265814,784.4862672004401,61.38387793615385,116.62343809980291,308.59698417364854,257.2092673619141,131.30352166672898,715.2803814625275,127.98211652497127,743.8083219796189,60.33244168402918,494.44966153323924,159.17453415084492,567.3213886402403,463.16611346060574,1
301.3193793131188,52.79391509493636,420.0931385283244,847.2390239508078,649.6030336736067,86.8159148635923,724.3730320514912,765.9835324136793,466.19954478953565,894.0354676669427,298.40656654217145,797.8192897632687,768.2820495433017,776.2926794741345,452.61490690221626,634.1243109563504,580.1442196928828,682.0198286292482,671.617933919962,32.56261680351291,1
394.2827621889461,720.9141856031256,661.1592653348903,535.433359865553,338.01250081398024,258.5743545112743,629.2510411090954,172.19846442763054,306.16058659909595,30.987877359152872,560.6924394361117,443.51617690721844,760.3382358610185,594.3259698122455,791.6909226546496,937.2930696720632,77.1415997900059,236.0392280857564,592.8003286381368,167.48483960029924,1
983.8337623825308,474.6086773607902,793.7783880009105,80.20986888801585,425.66737056855396,317.2825909786516,337.49829314484504,968.1151735977404,707.3503997223195,55.13322737802228,576.8415284281986,225.7885390164305,749.1164543561547,382.23241179981136,878.9348987298135,528.1469726139164,185.69849192688116,28.856244452983958,946.5661076673385,308.95340734249686,1
154.55507580948557,204.30539738360554,973.6247725378853,333.96297905073516,472.6095637590506,124.34005630835199,628.5312736507594,852.4159074916693,343.24263901284877,89.78640945249016,190.10373172194673,467.03281904634684,969.4805716323107,906.3109114842262,100.66283129908359,328.7214199913885,902.94716202841,911.6954659250392,482.8311784171935,594.0510108325143,1
256.98559608403616,822.2541626306312,421.74454131324103,38.28817245759908,974.6210700523434,215.2150678522088,216.71666040068015,466.5031317816123,638.6128550812394,253.61169592105293,825.9434184871958,978.2422527510182,713.1198994078908,287.92892752897546,912.2665018456954,925.4736131021244,944.9757864739387,81.03849242605665,146.45576325765686,33.31420148097553,0
473.0943177278763,69.1056356435833,430.15247723698803,201.35940626103098,555.8517379473325,400.38444757321946,553.3920314613096,719.5391527310969,73.09365690288993,99.17853452307045,630.9876419159602,168.98081013249788,261.07081077079,336.5200657116272,779.6820716083654,873.9451227171596,630.7906157352721,282.5970992659186,157.5443073886529,679.3647115791237,1
113.27593966560944,489.17589686046927,861.2215694082632,611.1777732539724,896.1689045278483,968.1346001468086,552.4711755336966,809.1743598901653,331.00086531111606,127.14226976228315,430.50319564134475,763.6124198696501,72.51002226887383,894.7241024373308,803.9761915630494,851.4443384134939,135.46991591914724,726.2206714025498,217.0460978908526,233.52865315609117,0
29.425579223704812,396.64691842821696,311.10352290462197,918.5591126545671,418.4532591506258,301.3483796375922,967.8268310943923,416.051023987029,163.3964178793218,924.2567306081419,225.3925426116321,292.7701712187316,205.64684076880312,889.9362240874733,998.3210617823652,403.27491494897714,449.0781596210399,746.4400267127711,224.28290768349012,824.2922403532292,1
2.9583490990819916,4.4152534777994745,571.6273449434929,150.534947088225,918.0299016757434,405.8771705935732,328.32084507831473,540.9152790253426,40.96930355459616,598.5901289792771,110.51975394814417,213.58157597635895,667.0978781189875,303.62410068763137,495.08937988676826,412.41731940454554,801.68287257942,922.0852611555467,970.997020260496,709.1217770933322,0
312.4817410170274,372.77203879171,397.46696093010513,293.3876388355318,420.2943822640155,224.34847835081683,101.71812690531034,280.0635155445711,501.78330090632437,369.89525056995984,53.902635988707594,579.6170700435767,713.453013716949,940.9288899388478,693.6392442890501,285.18532325982983,782.6305774312834,961.9254236423274,951.099406906693,574.5583048936138,1
615.5645826998384,12.530762772788083,807.1107529292095,12.728044195467469,883.1130362595943,410.94559142254286,328.1597301536568,996.6269632761124,646.0197951972808,997.993982202953,54.402915108121896,655.4145891771437,218.3971112972667,915.8265091125528,422.65480111553165,276.227155650502,168.90264691759026,900.0997216111421,310.6341221293999,316.9331915437792,0
801.9390030876378,640.411026654554,90.68441883332412,79.46048773210012,814.8977333943088,703.7684777045419,97.51818977195681,63.01178904986892,726.7490993228997,253.54737840212937,312.29141549466175,338.8858646492735,184.18910083676977,230.13044630513411,915.204968136039,746.9142347746922,36.65949051744211,995.2829962919255,962.0841326730841,461.04470729871485,0
241.3251396057965,307.5424296622574,828.8144743279772,577.1426712685542,186.38530121627727,800.1610170125552,372.2796102533765,924.6095542989206,167.19222025791126,139.95413860465888,121.03409086292471,33.90894089357921,241.6263335970785,989.8780605267733,818.0765733503957,426.078414577045,750.769171478994,761.6779816010709,642.6940365168559,400.987313755073,1
710.4134156944316,229.1752811237946,130.43148513450697,115.74442472849744,500.98970183000546,472.60595091393895,472.6193395142619,931.6014565982268,280.6790991852912,368.84749391294633,39.34760644688229,242.38994739877927,890.196497980809,616.32893405861,356.54419876491386,876.8929507097615,639.575970911558,725.9440772729456,32.88549650552752,788.1528009378285,1
621.5313796959673,816.1753836749833,947.376032279972,907.4680695147863,520.6234598282812,863.5753215955972,108.26331896591834,621.8006168383284,490.5850372197611,312.2945297816786,121.56217496312627,404.8667741713725,184.89813587128324,198.86535270361972,164.0891926729481,793.1023016798247,614.6009324353631,497.9333327292886,788.7742948467805,945.3258255892076,1
432.09688820426874,209.6008606273163,417.6513176960902,662.6917417379514,152.2500123945687,692.459917170334,227.24200559921158,48.932170877028284,580.9350058294432,24.747406718450215,966.7655973470701,161.26167690375536,853.0766610865838,770.3676702353408,304.94002648352193,130.9849964977341,958.4799041439262,379.612719309643,381.3526192386888,144.02405073308455,1
712.9589111035974,178.05521793396474,130.56188426560323,102.3521642517241,445.2494884827822,524.3018941187696,662.0660649418362,87.78387680652988,341.1796447038118,464.23996299312455,967.3173405126186,901.1417952309115,760.6750816928543,733.7994854882959,125.22567969203202,924.0075052319453,89.60861886316007,523.559170362917,78.43851170979099,331.79644984991216,1
713.6735812111239,991.8737283986331,834.7923069092875,188.41644515493482,830.3323292908132,990.6138856279708,678.5590816989884,837.0385772512124,32.8575097304934,48.42527092881077,146.06949561443327,272.639874355608,239.08098979245352,600.4594571683645,585.4999245300221,134.2236420499049,479.4684106683572,82.42846066754072,785.8772754711197,124.08210006712417,1
402.259118341034,920.6123609017048,911.064102632192,347.00404255391703,677.12449251997,973.241411050614,654.5886674684823,836.6719694124167,806.4569602439482,377.98894013812026,38.54176313191549,86.16569500554805,307.1826517156415,161.48481745240218,892.3756105129638,364.03175274696576,292.0360978797685,224.8606976097166,622.429720534007,540.8231731764762,0
124.52870752955725,338.61451035746114,677.819644793411,288.424644488643,782.3822767053503,433.157744222361,117.33834530063025,955.9109409524992,291.10098505201177,163.1120706912329,23.92535310109811,731.806514910552,963.9846129714135,959.9885190209241,908.553674968452,863.1834788519249,41.997330905259254,514.2468230737459,980.1253936563069,117.63615549827034,1
887.6544990316644,310.2723774373796,221.34090242068393,375.4050364675232,784.6745868733058,223.17716064648042,929.3610975657423,524.4397186234381,758.2306603554828,74.39224011142942,951.6899540687491,286.00576706823165,342.8228828045965,479.1311316918171,111.52658373105528,905.3500406245957,163.50909101329492,46.79368850527887,667.2096091660547,617.850559123472,0
929.3424710620526,614.124826157816,786.1644067358445,991.8274412653415,471.33315551823915,34.68170713168106,356.4699649407286,698.8200702586605,650.4061953923139,692.5901265753655,522.8337663230227,267.4138337765829,817.3317626664489,958.9699426624663,434.0980191728857,858.2599898526335,234.73270331319029,598.6605280816115,714.4773264401135,859.2895577507871,1
324.76751924600643,705.2131197172146,954.9888912264972,611.8014055481441,681.3214891044946,47.883191664884976,20.059687014275962,647.2460297870888,504.86197685059983,827.5698922757678,520.6859279663523,134.6346576096551,938.9396523775044,801.1202185673815,98.98486566204522,898.9076744720978,149.00842548583148,237.994719835088,44.625859964231076,168.73429412941988,1
462.3531368621731,896.5131015208166,270.3252529610267,332.6895170528863,204.19351809334984,5.937811515997149,931.0853695300561,828.9974399617315,884.8684836812117,456.5180863753432,872.3477396685391,763.2040166139088,643.932904792688,241.94105343338722,811.9315412842791,318.56861112910553,463.72312960137606,864.0038575332055,624.6095924982174,284.458257957631,1
100.8266576904947,791.3455035276618,205.38617373361456,31.952717727089073,242.13713358231715,236.1365624048676,160.18034941511482,860.8119119467952,369.3641733321934,556.4266554544549,804.0381010873558,478.100979360857,216.54280857460284,629.0770259322717,179.14573507001663,765.169863170059,231.66971625296185,231.41822009448265,126.41899104515497,967.8020454793253,1
869.7969082629231,882.0959985783313,423.66792760387295,163.9828803270419,979.2762327650112,240.8254321127017,77.99690194547637,701.7966598185798,502.2253443074044,81.98951458417302,391.708773210621,153.1816970347558,839.3456368543928,283.9634698085637,592.0124805330215,495.98901829413336,874.0840744293816,476.0516732311503,103.77454511986906,200.83101479413045,0
549.3642888047215,326.8889414028965,362.924079921942,108.64816903512387,930.6123456433237,539.6166042913638,504.9508113955038,299.76788817093905,90.66338684935616,528.9348142466034,302.0083774526029,67.5861189366701,142.01238873937095,645.7745797610451,790.4197134417474,250.58502543854132,168.6876250773315,445.15442067057774,935.2992528302791,885.9050886459819,0
576.2649754910468,808.7649953654901,42.545731230901,522.936000319809,323.81275335078163,700.6030908848511,874.4896325118535,339.75816489388853,56.66335951496404,329.43186309627436,724.9921599164069,867.1258461804954,27.09687721585874,751.6892473261613,93.6967973407623,453.2905422281458,36.88292637206902,540.7572347634392,288.72052687973326,872.5461481615811,1
589.5170409785546,553.6948141511209,510.2418060475842,690.8685549053714,125.78064661405041,356.4572336153269,373.5684471730186,54.75560191337414,466.7899395139491,392.607707993971,302.11730198756834,302.4684955853764,662.6507580017487,467.01642494981263,606.6473706043338,469.89304000834653,205.59890242119982,247.6076151142379,31.154274131518832,24.67920527305756,1
741.2019462165979,903.3035847629199,507.5337802871567,775.8265943999803,242.74133714158452,883.7915899573031,561.1705546186586,146.1804686745033,577.5103303022738,692.2518328514939,9.329370903730094,500.89665371316295,660.1927279763341,450.7412108405705,98.18696387480475,788.3555830996324,846.7469576518649,66.67501829470201,328.1419463261671,228.37839850305753,1
888.9205825339345,296.9102280013249,943.2350286829941,50.21470658390281,420.1758105890142,513.5715231153971,788.7100869407617,320.4718594658116,655.527670358617,600.140287550057,650.5381092658753,798.9528394388459,895.9278298274862,233.43497575789175,281.59588164432637,30.779586021563166,603.8139327327901,953.8385090169747,767.0977635273069,915.6146720049259,1
871.336003110591,793.3047872279534,158.79250667594113,825.4566576162917,888.2447450013188,299.74764279556996,392.7044190951073,126.07026254600406,917.1845072735165,879.4413982721418,199.14337336043542,909.4391880144004,729.9144461168717,551.4149415204841,271.5453846375612,433.31597225445284,793.7305613021996,75.54984418921462,754.8745962161756,351.95753959270246,0
926.1300150385742,212.50965896370556,793.3586935174317,361.867208473583,436.6812990629617,2.0819523749286972,434.2470850988863,408.2141742747649,45.35364139568176,881.9027821372521,712.5539183551292,82.83963915611947,361.39853625559107,629.7880642237105,925.5154058876826,461.00023489197616,533.4611827387729,910.7879053104632,155.34186826161223,809.654443061685,1
783.104453261738,706.0408115311351,835.7162083808477,475.75834201667965,594.62977842499,994.4301733991987,57.89779547592766,509.75417550316547,792.874929781466,660.2477087907963,964.6346492247305,372.05253723789366,833.8957697101633,126.64570918177031,848.6163381309341,224.46196440737322,237.71704198094255,272.9407860351447,579.9239107795242,732.7300728488365,0
409.05141860508263,150.23817191584342,748.7106245786231,211.67519930642277,195.01447147612382,347.98153954508473,120.41910492633856,63.97152837022424,337.5429695179082,471.9627937855385,248.83437114399777,442.015189471108,733.3069081975565,213.24542617171326,896.1507901592497,146.41147685670097,640.1711323715133,742.9958989548652,389.22103122319163,537.943817855977,1
741.9518021019717,215.60596022640388,16.74073275000143,364.38351227128794,343.7497110086918,888.3814059068184,770.5748764135267,239.74594483739108,3.8127912519705376,255.5669481828844,341.41013144572617,184.12672700640863,379.6171054228125,433.22483325736295,877.780602674727,550.1646031283886,261.40547534539536,987.3227278800248,939.9461963425792,79.88663286200337,1
177.4921940248011,740.963971726703,199.92529651482894,683.3987450350793,489.670984409623,438.97490956439543,95.40771109551471,852.170462924967,265.8094317726837,571.4480058129753,593.6749907065073,23.089282534999533,773.4131480784126,550.6129699262167,271.35849393367494,237.8012611417044,867.9071129954976,572.3936070465593,63.3626346611994,681.6104532334712,1
778.8957519081678,454.4253898489483,746.164498405212,805.8708615917479,861.0246024710831,576.3679328786449,701.4018907501907,884.8335813319947,964.6668286453596,697.05284454559,268.7304443801417,76.77010119554973,257.9975679478603,545.6006265232718,803.0807236613338,48.04151716759086,226.27424621841496,317.57566158441983,747.8852895985955,569.3637257897602,0
588.0737481645143,898.687477969342,611.4820167194916,421.8942863599655,661.1004209222934,3.2522881007213122,798.0387283588204,645.3012620309308,882.6621842672677,690.4825136012755,397.05302112133666,813.4400893450688,361.65789905654475,548.9350139674312,890.3832490118987,840.3359625791854,705.0996496089151,777.7018524661745,891.5581865971466,532.2702647883114,0
508.7483354577148,548.3299734329795,816.4984040913065,34.06641181063219,73.10683832188913,623.2053003327427,56.23034384993875,639.0229627905431,911.7518530075814,791.5085053704607,440.1874815699717,866.4045633656895,886.0530980175712,734.517564063466,710.5883010917129,929.6663389271171,132.36559908141044,802.3929978175602,752.1170482787392,876.2546210780569,1
42.481857563391515,375.0311306121107,493.61741363025226,701.3722765442549,601.1923890460085,651.3718766287242,724.8459877314968,123.23486694157337,525.5706142278018,8.934851197878846,719.3163525872858,537.3117595937512,803.1075518161545,433.6060176250302,641.6792595381695,87.94329080101537,692.4220037829165,911.6601314060566,998.7699356129583,417.6377991374468,0
473.2500495461486,274.9417951631754,584.0940883613143,168.5596677697423,57.809177139231174,590.3705899125249,682.4524523425263,729.8960081254935,574.7722715382531,489.833226211366,849.3283835604677,546.9622685696767,195.88405851127067,462.7856651597353,641.3574821510343,774.0291092323297,521.6939753185909,278.59993326626045,933.6712593210201,493.4216347672111,1
159.46586166151044,870.4207165459369,815.4634623877191,851.4503910003098,392.0497072375029,753.9834045776206,29.719771031096798,300.33888784006746,187.18956104098172,135.06045134770318,98.8271309464247,34.41463944658074,203.82732770004463,884.8172373939761,879.467459668806,887.425816791826,945.1935685936493,35.48782332092304,95.36392974716689,373.3121680673184,1
645.084125701991,96.73250216824437,510.4134884617002,39.74653376553982,663.6790968709165,819.8046494840956,355.36725197290775,598.3144604847677,306.04637528189903,91.02437320027302,745.8820421529496,927.1758456074592,822.7365724492801,228.03262530265422,150.7526778851801,623.1518656086574,174.91495512445755,647.5479837462954,478.9379036230608,720.903762310791,1
903.5812680256262,511.8208573830926,43.00092183260051,944.67174850595,293.76366476499504,390.59135575992923,776.2312377310255,420.31586012875454,234.17770222961943,697.804591315656,779.8991256662114,366.62556131891444,425.07081108674305,636.2630568266677,472.4589409106941,5.368241385889316,564.7698860453369,293.97831113026376,948.1260953976546,150.56302565729317,1
638.1664615321718,889.7775833542195,455.1181681173685,56.143246812375594,910.7240730817564,82.65733672655418,231.95482793880794,851.9262872926894,230.19046864724336,33.71169316864464,265.621940411477,76.44368632811238,694.0130187960181,647.1767187429909,290.0767465976177,962.2726677045118,515.5955953599337,938.8331537837335,826.3114537785636,828.2332425502773,0
750.5354034863643,350.02966839382964,10.48316211609157,834.368997582684,642.4475022743076,70.71522806804253,322.64873040419553,162.28976902370397,315.4476172890733,839.7837910868659,410.844037390114,443.20600636831176,303.0424463401158,189.26231288147187,135.67588809725984,31.095600461237826,142.33359424609938,489.6563098633555,80.59267607467002,423.34626612508396,1
506.01505288366275,988.6315809398242,216.16430692478073,244.31902872613443,777.9649786346646,93.21237302736685,781.4171834812694,199.58579857207738,197.19001432322858,345.85722742551275,217.4999534076747,611.7530855613754,433.73746379413626,792.9202008819083,744.5845811775031,477.32804027444445,705.0084949562381,309.5370635493225,217.1137364251553,26.751644621046733,1
921.6515936305663,745.8284098099653,647.4549393621617,608.2108411197605,901.3389089498952,982.1741301805527,82.91530959843729,160.49489121362691,803.5001483356491,822.908910579753,120.15895263694132,436.5613028748014,675.7230761606718,280.6757524243195,80.22194249136083,517.1235609243832,908.8884493350531,271.50731410133875,163.75721303138846,947.5111487614867,0
886.6834126781547,218.31994344061755,766.5844218102088,649.4788249717893,949.189120635141,946.0969573059339,397.03719715676675,145.39212890662833,698.4082183554522,954.232467977426,280.63329901753843,579.7748365200081,81.54333367185407,80.02884748878513,711.891335108722,288.17600244662066,922.5234657004661,196.0473982981167,498.622256244987,735.1272378790167,0
334.5284831412838,381.31268615140755,723.1105932158118,975.3904529722325,697.6038289538792,574.3653162397048,339.82419864728195,848.8135380813832,11.00388115364681,951.7536308079098,8.142565930271072,662.2080528941121,259.7837381180633,571.6635824304471,361.7713294009017,105.35070068428077,274.1360791144658,389.3395757044167,659.8909003879668,794.626784015961,1
569.2427657902728,458.83087260548217,520.2220083898657,740.2805909473063,844.8174466048393,65.21935290424553,145.57856948373782,958.3495385746778,249.54734879592866,522.3828697318155,197.49645330523802,22.22973231554082,886.3339485720207,58.030188655237566,424.8455196823737,828.6224901719897,627.9062921230831,847.7560035774617,745.919061460662,31.200318606530054,0
37.65796044863301,361.97098130415407,532.125185016257,218.60485671197605,46.44745028999975,477.6385502931075,461.5907817641459,426.08975176175613,924.122296827528,665.34612311553,426.63718013901007,625.9939552262424,614.4179492902794,81.57461340236583,179.01613951359963,411.94564346455263,780.0262876048313,767.1891705269323,5.81309089318971,770.3491915203916,1
757.6688275256525,989.0515762543477,182.9325924443601,228.83065726441777,445.4443054863205,767.1332619869872,4.932153911764048,957.8503091501944,537.0286027005294,212.48111279792968,969.4072752463139,712.1664617580371,496.9761160853245,334.2985227750913,164.49757814641075,158.97207509798338,794.932401237481,420.0769098120358,266.16065582772495,202.05368862685603,1
949.5223110259793,208.21005689230398,109.07704613885639,188.60854371642722,987.9709152027347,415.5748834232277,154.5054126570904,400.6937024406434,835.2178554478668,353.56810361382077,900.2975553833876,647.1937153296146,691.1193437242434,370.10602318112075,124.68859170498891,156.8897687325138,311.09157376536467,800.2024570387396,351.4094409111019,127.63632453677232,0
591.738072632676,606.4921799777544,544.6381814600113,418.9736348135166,9.482929841354682,681.781804830912,390.500129807271,747.5567667760442,342.5713589144452,914.933346490232,88.2937576406645,925.2893986318811,859.9628471703631,698.670912501988,317.80181908651605,451.5241271046934,61.25983031513893,181.38683304454284,616.998322558014,853.1786338226392,1
587.6729236196811,362.9561259113223,317.50866812921197,649.6635342452845,136.72940658479325,738.6149159955754,24.66084049306594,250.24357706490053,845.7844677268573,500.0735021382071,808.7994032131851,853.2045311661794,890.2574109719229,324.8288359925452,735.0953225699163,24.376025601577034,739.3008758942881,998.6872935523919,762.8507970157708,653.5031589900792,1
408.3834773088465,753.3370575849951,268.11648615065707,542.6447784105816,341.2477633375355,648.0385085855147,262.8743857129261,566.7330096131095,301.67194939457755,527.4606221807144,886.0791851688132,756.2342432698069,757.5801001830908,345.91780116820894,950.6147526301523,977.1840587410745,236.29229231015415,663.3231017673194,708.7485780700312,364.28813289192743,1
629.455249312701,356.7668203787412,206.26870639762407,603.4324649645266,614.9969311090986,171.25542622223622,99.68396805143398,784.9259052820546,695.6039652402991,738.4496820302098,968.6672476302319,137.73908139589463,294.161893234554,294.27030565694554,265.06623789386754,236.42602529075873,735.0479159402497,171.82895787990893,545.0359072379575,419.5003862189596,1
875.6570010897515,911.5056752978137,207.75526382435706,786.2856796895287,705.7431203545138,852.1341060183589,965.3684300586684,169.17319583616498,761.5796063529444,407.77886089566863,176.55751437525225,129.4846559961791,164.01694861135076,720.7678215503813,652.4611014771413,644.8276726602381,716.0977306438248,255.71002448318046,512.7859772564162,809.237439614014,0
632.9001652890475,618.1447311576952,820.8272010649198,582.0655813042728,13.488597079637232,722.7324149119978,475.7173197200134,820.327611504354,683.1160301741718,469.8509629915244,30.23202304436634,216.11483009137999,82.71184661362241,36.52929919809822,735.3880371594639,393.33382081282775,933.2266062336362,410.35022377412656,44.846632302008025,588.5148517722297,1
798.9822337064585,784.2189037894509,760.4184473568936,153.40159767037477,749.5770790481557,103.4737836667453,286.07215869780475,251.71813945615727,863.8437527220818,49.08429606174902,23.521467489399427,989.6888779336437,606.8453652721361,654.986599861567,954.0839886470222,346.0748936784054,737.5252212895705,934.6193612280163,560.1498625573076,758.3959537907307,0
238.59898930861422,408.95330142794984,895.9202606465379,903.0685975559347,611.601320138777,400.4862968587667,830.5498292898092,670.2719510631996,215.58965332742764,809.6055930946385,347.50263456053585,56.89147645653214,448.94269419596776,437.86193200372736,177.6331607331253,324.3212463046805,854.0652506570932,206.61670549618862,172.22850499829235,898.0852033792531,1
573.4017262308228,607.4463473195614,23.011304511479146,199.34696083288162,249.78630382660828,286.6178589775885,930.6794177629869,200.80470692585416,279.1927293044375,917.9979268211237,734.766725643392,934.2623774879617,40.77283372773988,912.2358989506847,101.07204983513441,879.6226940617973,42.71092276019495,48.85478061144488,326.0465903888681,548.4821714897998,1
254.3429667271082,522.9332447512634,330.72923735904345,849.9784948959364,767.4271169945425,207.9352538751251,507.9233941537161,933.2152837834274,270.9908156690738,678.0643457743485,855.2488102440698,767.7188914291139,896.8879139327836,383.21914886229223,688.404876386567,588.5002080105303,135.11043847937165,368.37157957245347,751.4732247331763,145.42060944134815,1
719.4652713312772,927.0478980118787,917.6006285047048,172.2754655083474,454.2649954292304,120.1669991223827,678.5375159458129,753.5128758478729,687.3967026919878,145.8670248999997,616.1963199479294,48.86429468914611,237.2165664518804,168.96906510494725,295.20328641049065,102.52715740449337,81.64522740050117,179.59259072000899,733.9242235783579,258.6135940617655,1
924.9159225488337,370.03926206694393,689.2343163397805,975.58165697061,33.272822467391386,673.3337913560858,9.01074885787545,3.4009682152325027,358.88015746358127,342.5794530456239,176.0288207367061,422.2032649395475,232.58682983638644,833.9351611656774,396.879940136861,130.51097999518169,38.20567567513511,66.06545316479017,166.82140035977278,846.368632653252,1
576.8471194491542,633.426933025068,25.876564429525907,781.7205799509403,861.1988237767913,994.8022492398296,37.52985263201902,206.60201932030364,57.504452781060756,465.01962607419847,585.8949461247919,225.01344474978436,442.4016731702617,883.7828394042884,431.03601697085315,74.67527177131383,430.5736944089957,67.75639581655024,276.554941773683,903.9174278241591,1
0.0028682523448564368,510.5758024052085,847.6512223794124,678.3702666264975,296.7916907320012,284.2507822441904,427.50392546321956,501.3880573031142,349.7872726221124,857.4862073571655,941.9636061841868,559.8438618535531,581.3951726679544,362.25197008238297,394.31767012483044,523.573830416575,607.8442189915098,443.7793014501548,786.7827533922111,668.2220814589665,1
876.89706636734,478.50894232337436,407.2900193587986,319.4111093299278,591.8779577384435,664.2189409286792,916.4905379429149,331.3440311676968,250.13160229768894,370.8689087450204,48.05735626173912,271.3325192911494,359.1073814483187,879.5667401810753,936.2811609561743,644.9844450376676,820.1459003173525,611.1463750950852,199.36778222475849,172.15616238601106,1
760.3900319909661,673.8170931736288,89.77694524161761,998.7344483051872,336.65822333601056,379.3083108020634,591.0969999989816,69.98372661566566,142.1713856275435,584.1342579397761,757.476909848945,544.0055686754556,517.5779211622101,360.09386232405996,51.4810450175236,660.9262643808288,828.1453531554758,719.3369249328307,531.348374293717,161.7997073878944,1
193.14142975845218,86.46757622264356,401.43629184021347,935.6103700268732,849.3664713965353,760.5140147123767,643.7488567932305,771.6409048843055,747.1229305491604,629.2275483419897,737.0827390288969,525.232787359704,67.21379251327674,69.0579087972638,582.6028611549976,174.43979850303316,840.8770741203197,834.7166564061317,741.9393996170116,135.6615208190721,0
152.61252798325953,8.443356520359103,341.9879146219643,145.67789153839615,732.1728099745897,240.9911052893391,113.45130091775457,541.6020595372456,464.74468127843903,238.8685348046363,697.0694060564364,507.78262732473445,318.20509580074594,618.6409313590656,653.7303602294835,783.0699154584131,550.5369978217891,587.7819697161259,404.8359474001019,779.4054336858768,1
689.955225698131,162.4550952208137,956.8569301890867,948.9421347829713,794.4989231677746,669.4590668205121,458.5096422207483,327.09516652232384,635.7994473486372,306.1652331551023,970.5978933169298,750.8328435875151,815.902665118232,684.2195541260596,322.3739554344197,504.4266763233952,949.4141527899682,656.844485464454,787.1597837893864,150.29449449424405,0
945.6440807400958,399.64509714227137,279.45638526231096,371.8358158692783,555.995900083468,518.2655093804337,354.37680181802824,287.80203766733206,149.89104079995187,810.4513470893029,474.0017207644431,873.3689382227022,233.38447792968543,736.291430360719,656.1741596867132,74.15139511609104,323.4789388955025,455.5433665548197,647.7804522847093,567.317770241194,1
275.5782437494867,391.9321550278158,504.8597801815529,732.3176042513364,998.2248074795083,356.18608947184896,547.6956846382357,863.4525749054608,367.109515725737,749.0058900617088,442.86262114756636,630.1044889894652,743.0966264786587,731.811555732689,660.2435126565374,235.67165132713885,11.13845234694477,615.2469140859469,121.97831064900345,886.0407993165061,0
841.156687043483,213.44203010336815,339.1428801638051,557.4272029097231,269.6420138227592,669.4981640442883,730.5088639851297,652.9883983610733,870.5483754972854,21.997715736865707,316.9595826281295,417.49197406731764,822.2185088915883,658.5976272558668,313.5703184035279,101.08019506789789,818.0266529703136,568.9052399146769,336.9849399835225,139.71244628804192,1
186.33665656704434,395.7015994140022,897.1687276538955,911.0927431919421,74.78928094328407,110.0928245601076,862.3335880447815,49.15536312177815,612.7179204430452,57.6556142735124,751.7904736646437,548.5290680703123,255.3923286109867,797.5873618010157,81.15493032539666,263.2945662333619,508.46374837910656,465.67189050769286,904.3899480230516,189.070043018432,1
324.77099915880945,899.3753619536898,992.7025439236573,603.7167662560721,930.7390418129163,807.3235334348519,997.8062552463908,557.0358761885391,433.93014799940124,717.5490229437613,789.1439263519596,990.470924030062,163.31397039138918,63.40501629619799,259.3905875175944,277.2424312318854,53.50383794160651,796.8694482843996,792.2251363118206,608.3991910147921,0
129.29698897700715,862.3159236997726,335.83381342385974,631.2931874889391,59.460286495363505,912.6484086999942,349.9130811020502,541.1385456846361,313.199251478526,499.9885055485661,314.6266805851341,971.0878131543477,910.7211582797206,700.8209224832367,933.5702759169798,901.9096013834192,445.1340321107198,737.252667267284,419.7355872809333,913.4815714907521,1
207.6633869411807,509.45694363194474,565.7558683752553,439.27674384322813,394.16063751676444,125.48461231141039,22.762055020929985,524.5403816585655,850.3332329046918,653.3398571769741,768.4038525906199,633.1508408964539,501.9978791012195,525.1261101102745,709.8403836418767,784.6258989471883,873.475922718086,404.8698958776623,195.2534086556388,379.96599019518516,1
744.7669702011772,27.62223829927024,735.2287837597296,594.9388130213422,674.8564664911177,262.1953266654137,7.234978546149962,81.94393603194582,241.1817887248352,796.9705564342348,439.7672334343431,482.7226977596377,869.0475687971697,335.3802526098539,31.30600058874766,310.42120791063365,575.1972874539869,538.884556457861,206.31565149988106,845.3769042495431,1
676.537834524607,681.6140551305001,517.700990591091,373.81919404973394,650.9977025194863,465.2000189963993,842.338695746712,660.2586265058834,432.92064973498333,38.73799421993218,474.41102121349945,311.27144367262093,541.0675197406645,653.6619674826308,111.771570517202,116.15288912462651,191.65693781778236,292.04788186649444,631.7678370285939,876.04572825968,1
56.963759682294054,360.50307066650623,995.8390229168252,573.3163312484952,335.95000516050897,586.7003425002872,3.0322437938611335,197.1307166682653,238.98576760120105,155.19579556908602,811.1969480832825,327.6908055858185,301.43543154197164,792.7630252913401,287.0223417340761,872.2825357139892,259.61991974003604,201.20391576032836,732.8280211015684,118.17192659280073,1
136.24955841049157,448.62135729163833,531.7373526850622,294.5464655616883,279.53891253173515,758.5456763584172,947.2637834396896,978.2690475424173,683.9063944731954,7.646735747610545,790.6491498650836,630.1609676704685,814.4975182738733,352.15961634122783,806.0736997318285,63.88572933153613,252.75756484423596,99.84985114589051,317.49589101473197,223.70781568474652,1
985.5996116301,253.92974601571672,653.770182842633,468.7843551904166,576.2899780637816,83.40364702782222,37.53070621539789,371.879126554982,256.31225314700913,127.78189337308754,704.8827766820165,981.2826771240975,69.52275181857237,906.8513717813186,297.8507169244384,355.76776384161377,771.4994814273088,352.99305598801857,899.8753824459038,901.0967198607221,1
57.540106836410864,476.71995984704665,505.0061912855285,834.5945554788681,53.2451441823697,472.81412470619046,314.97064334216606,839.1104337390876,415.8277521099624,458.0635726455416,509.13372405415146,158.75488395790293,182.87036898277952,320.4636537558783,12.775274910340361,559.3281714891452,412.18377372581404,177.95824094945556,16.380040470092005,207.25023202637195,1
130.71308874270017,460.7183608581026,647.2128038960295,514.4335468620632,843.9849652409243,382.5245829860021,51.13923644512941,555.1519766416818,863.4977457300952,757.6331383294364,885.8059713548705,828.8412694186242,67.25144687820695,942.191789732986,678.0294951916023,664.2977707430572,57.92735754044753,757.7733646483192,404.735035183024,791.7498595841771,0
794.676995901744,302.6729415114482,572.9026048272113,303.3471450052364,721.1796486813583,885.3205108224771,413.865792169698,346.4562429466467,565.6763595704045,353.3832381909094,333.61712133659995,139.82237259622943,845.2164769741994,670.2643215399395,165.31865394615443,68.50463179300381,319.1991679089683,170.79923573389232,931.1412810241777,409.8819133027625,1
736.2565462485453,578.3852993966594,207.73890856454636,339.293396317171,154.27065383936966,918.5067854143597,588.5612713455982,165.3820592884091,921.2825325697776,553.3318349806051,342.2419236373865,414.36487274392675,298.3042894133591,212.22255271538003,340.22754123472254,853.4694425680868,986.5165303249846,954.4389948614352,675.1228558738674,933.4995941587799,1
229.3461087124301,87.95145018472516,956.7708461842772,847.3290444056971,611.5028966699256,234.1574623338224,547.4451879090815,796.8688058005159,996.662104503012,848.424636431722,941.113729227715,979.3294232234156,354.7657971090129,198.0555703244128,835.9523805015504,884.753236514194,563.4691188705677,151.74409149336554,593.5554046963197,91.85748130798854,0
324.3296003512396,790.3072051497763,513.81485345992,460.99090220656393,714.47597975467,49.60482236307995,479.90200369172106,553.0425044279286,119.19042595931151,513.3175391770934,766.9133348056547,561.2403584548393,720.9686366556583,108.92418533829584,173.42751541957057,289.06476814440964,345.1852919861896,791.3068632025967,50.642203734419525,819.698622614233,1
696.0806996778091,173.34711037917384,759.8433845893979,806.6104467824001,354.453822297951,373.6578021135142,17.961821197885364,972.0629978992702,718.7604992613024,571.0286383534137,789.5525823669406,934.7047764207349,556.7189852820376,143.32336694358506,918.9097685846608,247.01116855173578,434.8406851477601,742.9584074602843,796.7578070379315,876.9515499093708,1
35.5334730499528,856.1730546341721,855.7165448417394,285.6897446898048,527.1123704166557,930.5629743042718,144.07811829069527,924.2046943057815,293.9937878283838,767.7749394663787,84.92543693350785,393.54089841526763,550.0216952539106,974.0101716014345,424.83664658137286,1.9231033839011147,735.3049100978832,695.2932723532061,742.3807706290281,817.7947171343216,1
720.4667089957289,575.0070214178921,589.8233304372974,297.87805306433535,196.72794120398385,918.175258601969,167.6934045775046,516.9370195803455,156.85843747002926,338.5184059078941,672.9999133049856,970.1646568668017,922.7002274638065,695.5816527870844,137.83664926504778,563.8675328290811,994.1299920474302,391.0761182055482,262.12672883655273,983.5575354664286,1
449.2574507341678,62.32763402645269,223.19503082954074,300.47336096298494,466.38413386380995,258.79043375128384,325.9593943146677,867.498575920846,123.29642143920194,19.76877250483311,190.1226527100609,537.5076091404172,722.0297759714018,400.83633728703694,570.7715098110644,457.82106575605263,279.9051911877445,430.6010375193239,658.8108844079302,27.79742376664307,1
816.4021378120268,689.6818514037312,864.0198664028973,232.67835001555116,817.4437256678565,698.5504287456549,589.4981472039854,681.8261384685605,129.39533852576858,855.9458848945245,956.8767734139768,674.51307177693,254.09428438266679,644.7166426208781,444.54564981894686,914.429067447642,800.1384142790436,338.1900487500827,300.2493064792816,680.5139264823399,1
121.00128795397069,277.76330995647857,565.5563154172389,339.3456956328963,255.0382548647151,510.4879697764853,729.0945552795796,612.3000732689079,257.4806036751527,121.52666369806342,785.6001806770273,521.972401717464,711.2539617105867,195.24755108221382,520.303217043962,865.843753497897,56.12733399328984,466.50327172791395,358.8396810223496,71.83281040955669,1
602.8784803472597,165.7565690763978,533.0172435085259,595.891936470791,422.26615738327075,74.15505603993012,248.0348612710631,435.2340724959689,888.7346488714824,126.98582612679255,227.82047017040318,962.7574056154268,473.64583693800387,523.5105734041863,280.2356179006496,90.36819958207664,146.50158074660013,40.207933390241315,731.7130504487634,301.53191932519894,1
765.4638646744324,7.033440736322172,247.04799013040568,312.6428807676012,462.2091903576826,987.802556869013,457.3946799951141,353.6179011525389,618.9265702469894,483.59124030585974,67.28403386340509,888.8016812125979,14.754052535092432,951.9276462604464,576.7988530871451,501.3830900236257,758.4195181707751,960.2211955275858,855.9099237077004,963.3125345011418,1
247.20755629360968,246.4549163891333,732.5834515868238,593.0119898116632,522.3639610642,304.8128233099077,981.0452809016269,55.052377077448256,608.1894362008956,202.02481603386556,650.6955769618685,145.78242329306846,99.84806992652418,498.5253574016949,605.8137478526528,698.38219690987,233.75868228696882,340.48280231934524,187.82777323861944,319.91068500895193,1
776.2873652177008,398.9503133360296,592.1847285562167,239.34724691330422,341.99880249289447,808.3952209511799,757.3096378232646,689.5114958734235,10.038652507759815,776.8779108189492,483.1002411461052,586.0894740925446,138.69521606361158,778.7713446851026,935.453923528153,14.110183296009215,675.0989217874884,266.68549294392227,376.27651012342324,684.979664855894,1
329.25524428480867,442.55485670447536,900.6278433061799,547.6798170120383,2.2089241646974234,815.469516794484,693.741739264957,94.59436989379866,154.34125882502136,334.3926042292986,777.5811780275814,396.87529522818755,487.3527955322815,783.2593004948172,200.77499852576207,924.4974186759905,304.1506465818583,434.71175291302586,732.199646814925,701.7676552460892,1
639.9376058507536,116.60162576287303,867.5327439333373,793.1676593312316,474.9738182387083,687.5597273572225,664.3274855461455,632.9412588333388,574.7664133243475,859.8416415631935,116.04271266833454,911.3263157344461,960.4681525203621,89.04475110308074,579.3192274156177,935.1465609457008,579.7826000465482,569.9799898740561,735.8861773874582,183.63482261531817,1
48.56838515355433,253.81658949944497,36.49279926587112,494.64918776143776,548.8999392128909,484.52512633095535,301.68800883706245,879.8986100501254,415.4650552711088,895.4927242331167,820.6552772316496,973.0489502011131,510.29243835049584,846.6832341018684,774.5980882053096,1.4505007896008504,614.2761821858036,288.69824549343406,313.73754032543644,577.3060773439609,1
977.5519313179515,822.5890149519648,730.9079772220902,832.4015299796531,404.4156754146487,975.1081244043272,542.2144936620203,672.7519820226988,36.766679190999405,749.0840944090345,509.64424921296126,320.36773546695906,682.783336185489,934.3692753708026,785.3186967262324,978.0040288347386,423.9583314383101,894.5801537375343,148.5174415572874,863.1895227179436,1
222.9996128451559,403.2275647751736,810.0955828269842,623.4705064453074,51.72989994908339,486.53405603343236,103.96281034720745,20.285341930045277,616.974674954889,44.60805672158297,942.1870252050019,30.446133809463703,916.7024300827919,137.91429547467737,500.4283874721781,202.49916624990328,17.08747173724334,181.640852657441,450.95907588586124,373.7819559334352,1
705.5662927814151,773.310863857488,964.0814253548775,435.47142559782736,247.56012597140764,567.7423211505769,696.1668057903827,436.68446262121154,918.566580970944,255.84313558649342,254.73942194768674,128.92338801516055,25.79003130948465,587.5485295280859,644.5826510942705,476.8552188756118,520.7707384967376,495.2699805021904,463.1699123731221,520.0635665498371,1
227.32869004608736,63.11153700936145,671.3905402029624,476.1200647780693,825.299591594582,15.110322455783143,55.29167957373205,943.8937873077874,109.07723734279028,574.2474013651108,927.8928687747192,629.1008468289048,262.7112235581045,437.85878257421086,289.51390108955354,865.9684815690351,638.2804353268934,715.8223854502169,782.4554286722064,68.31322517468475,1
207.20522634269324,536.4818204621458,376.07002553472046,972.9751575494403,471.31456005680815,595.802157778661,101.81702334313958,387.5765814428586,955.3611855554955,70.17839762664235,58.338503516265014,329.9819432030414,653.8950362790556,995.5831351708479,211.94350593494948,971.3858913648165,621.4653684300768,589.0200636461764,999.5513119024953,409.18526574272283,0
608.1763134487841,17.87679574414991,428.52134659771804,512.1601099109035,48.010850197990784,755.0243647405755,215.62033775265843,669.5672872652169,607.1174313633184,145.99980034090365,455.60523354396156,279.5663969036627,185.32611644874743,968.5930192213128,959.122973626844,984.9233469429173,891.2682527883192,199.86023481880343,166.25631849422163,13.560488703756036,1
378.97267861229733,717.6925601374327,922.6461953822575,666.6880217976363,64.9231273657772,16.83505167702981,591.536258905453,1.1915602072499754,147.26056360052598,851.1921796045209,464.36471100877253,487.3698541595598,68.86569598419467,225.2031465529236,697.0793618757622,162.529408395383,550.4858785020026,138.81862134068902,550.3661999657629,626.8592721502262,1
972.6568121166995,517.8991652786133,800.3142002559085,362.40877120961824,157.97369508279445,135.89656686919238,219.97571329304367,54.614784801533034,630.9735367249378,16.456923925521117,470.7422977515063,409.418476248144,384.4965286863734,134.31233177493894,586.2562964577583,357.42995533743283,568.5152150019397,817.6410868202308,482.3911046341714,835.9546862885428,1
281.37579067349793,409.4055608672723,480.1255636118872,957.8772037041398,361.37817520081995,918.5270055584494,297.2148158508567,290.65915099945363,972.3263533153328,540.460997094511,85.37914105682609,739.0982623574689,94.67010433876966,142.14223167531537,510.31021178008183,814.6633777276973,203.68382561941533,230.38357015602983,632.2117365236937,58.408964672821085,1
869.1487198917774,173.96266214119694,785.5474635043802,186.9977343428727,783.8069513137126,730.0871689250419,194.06899838950585,724.6677663833239,86.58167513679894,493.6294554054257,73.85446103773785,0.3605120721942301,967.1799064109526,873.8464805375278,614.7245554561545,914.8958622343222,19.681320079171893,390.3692918542141,533.3608095576624,158.98684062469536,1
506.68794060613754,567.744513282647,670.5916844453058,178.79523984421542,994.3164014141638,49.885804967858995,372.255665062439,36.702199871338046,86.23676748806398,282.3853384170774,265.7962671456302,31.631614827831058,292.0200035603715,659.0529441539368,80.82189147944952,826.1896025947757,844.8342565629277,294.142876697527,581.0969760542071,831.7279850288403,0
574.6781467631213,558.5571987309709,836.0292859478105,977.7931110115322,77.43863645154848,213.04778053014374,91.56696525358088,986.5187248101057,463.2135739385398,445.5165209071906,234.90507244784965,455.8025355562191,95.57434217453142,815.6091562977826,550.3413114856771,915.1293353404466,568.9124602952724,83.95168160334565,781.5794409956471,641.3882526416307,1
612.1438705123265,372.80431555786686,209.93192876975186,274.76359498005297,566.3783971371349,945.4286431344342,427.6143470948733,183.51383115268428,689.6718350557073,178.29124699251275,450.4138751603729,606.0929383632347,65.97956732905973,87.94721439868347,467.30657891383777,759.1539542101226,15.99303328876578,947.5275899080913,614.2535789044206,435.4069165471481,0
1.2760700889112853,971.2641789902027,929.1005485639245,733.2714005877921,139.36439341963936,875.0535000128893,759.955878978414,350.6259192469646,489.56406154985,25.931407850282472,767.116347816903,596.2587156117037,672.9972824300049,895.1283780125813,79.93214777409763,465.76496871461035,684.8771609662087,634.2989152855416,798.841649827442,733.4985323357832,1
947.7857896902902,285.37371410422594,656.701816858701,355.57924489162684,451.92686633667245,588.654270350682,607.4167276497518,191.2253165647607,271.28391840740085,699.390849128003,38.12112466813888,923.6085321782148,17.479162965344464,355.0253216959604,717.2701006113474,939.7821318953347,174.3406165575767,924.7197843018968,330.24639640891417,79.80122395798905,1
29.412057488325427,612.3605956525755,668.4727164447781,762.6153994263631,568.5231104892054,344.03771468655674,374.1087235132161,415.24467867994196,410.34637576347257,856.4333807127696,972.307317745251,556.5947549501634,615.862884485004,425.2152273380023,569.3570562152443,471.29464086026354,837.1134114956503,804.3933324607511,4.243362855596011,457.8250094482174,1
412.1268235010406,123.21495762875313,686.98916685225,105.2241821339076,704.6797463419364,204.2281241131102,323.62966869069754,151.1158640054707,446.4907106265378,892.2879385474524,552.4755297231062,882.4939323407909,372.32158874551357,346.6079002531106,392.14162010197407,444.1125766078493,839.621274606173,936.8106148502446,739.7010750853414,966.8213837216933,0
890.3400455178205,487.07944829287277,323.1003835763724,631.5251177841101,395.5594729354719,2.8629046494236254,147.13559231068098,230.64671201422325,457.2975930749196,462.73470930559347,799.9512954625425,113.86601172558753,268.29746489911656,436.3983256156421,528.5488534774361,806.9034345488761,101.14831967749981,486.38052809316343,614.3592847323325,445.33881540516563,1
545.9213721214736,629.3432540006462,893.7129825364614,60.37685953468785,32.41030432814374,927.4385459414051,365.2717111377326,443.7895970263472,109.49922512609255,382.74873372633454,944.0638136905816,446.6837778159708,464.889276067591,114.54017451970633,181.24066671839023,134.81540134267078,437.41517329839087,390.6432602213847,880.0087150201141,125.42603673587959,1
147.4526000090156,305.68763483815485,978.7644643189414,838.4861049651349,808.8061936899934,677.0569051670785,637.2229781448507,482.1448065932039,656.5728942615548,11.719472522274677,751.6709409622614,743.289044161062,339.7841019414511,21.53692662285833,637.4180774999016,18.933719703755123,858.010351062408,976.0059052610934,198.7939957769186,144.78194662630173,0
197.68285689766918,578.0006146460839,178.02220087573482,515.572978383963,786.0593157033869,384.25701558133187,46.78518139456456,312.50849029644445,275.02292992504897,598.2363520234453,105.8421345144157,61.34915545875397,279.15696849728965,22.84097463920498,348.09545265716156,955.4373580911605,932.299950973902,184.6870353977439,69.29041451793339,988.659602447764,1
571.0718329182555,20.642210910740253,920.4501933569244,795.4344392868807,911.3806007232438,72.9519488447109,884.5026833900217,798.1946596753884,960.3837296852859,156.41823763895135,449.59706944844646,378.1949682902619,254.81027579195936,628.0053991598468,425.3161031968131,814.114996311365,523.6490038836822,490.4888480349968,891.0575418187933,879.6581622938716,0
790.0671905441582,714.418977118675,925.6292010061208,75.51598680020754,590.5327821057014,93.39500414740442,899.8113245654166,154.19566177054512,501.9511356974581,206.5913579090527,888.6172872302583,524.4862033089966,901.0146379838992,542.3495593959785,624.2798869117026,542.60423458219,307.14137439539536,841.9934453915341,236.40665078159373,622.5485878153739,0
956.1690125543608,744.727967865124,915.4954579921761,325.7521371875943,445.111658213027,956.224137919314,537.7284226450229,116.16144583693521,558.4631838944385,382.52536624934544,245.15590684000244,626.9060523443792,643.3077189907115,977.3803111599711,852.5295199106456,344.3873491840925,309.0754761090121,498.5300992663945,869.3468520798907,104.91630036085509,1
540.2182513437532,441.91100279477956,145.90782859919292,502.8095502883736,872.9732141949726,45.29459174172368,603.3043003961609,421.2189439993652,334.24836747137044,565.3496590052653,266.8864939577278,158.83626197759847,170.45873704020286,746.1421834990268,265.81690722480477,908.3529133362983,424.56860364079915,0.14341742075119068,531.3373555712702,199.74072264677844,1
50.678901456054916,560.9235124238884,407.9096706446117,250.49097618599336,425.2497375981673,385.80702223488237,129.64958678897932,428.28723334208007,14.34992586164141,99.83539547328158,138.08249616546775,477.582385792215,624.9337235569062,744.512024151145,15.168283540407002,740.3946999342895,30.125664735073165,638.9425419624619,412.36239671739463,199.1156184609032,1
343.3028849334695,509.6967193526849,461.4683738227973,919.8266510970112,136.14859303924774,22.299413951008205,624.3980556792942,125.52620624232446,381.2687093702861,858.1606790432488,784.3732408344019,78.782756639456,850.6211392968538,784.0923852266977,112.71306672809145,274.2546422413382,822.6126126970696,7.212388971410522,766.9849569597594,661.5310264332668,1
50.12657730663628,808.2306132020057,76.91770516651341,430.02823542378553,983.182622883022,371.16723561639833,340.0212904541684,799.4479299269201,684.0838389588115,59.99278238285066,405.7733795449845,913.0494828118382,410.0501633666677,268.75273644148143,48.2473107722603,54.73823189478888,780.7658826710722,774.5420904492955,323.3417967066757,867.3185560873504,0
5.029759306474646,633.6346193356678,896.0879802978901,357.02617226477963,754.7966473949052,370.2476335925828,625.1242848740112,390.22587748100455,521.0563951919592,151.4352240092537,998.0153079887607,223.7061803169964,191.78260397963732,409.1383061095107,633.8674804235851,840.3630933116443,742.3792210746301,574.745156348659,647.6603757512943,758.472147907702,0
843.6452404186209,712.3320981855744,115.34182232395274,740.017921109386,282.79151763081643,604.6914972804808,762.3113020695508,965.4688885394964,512.8569107290459,152.2520800358137,944.6029405491652,416.61014146015066,544.1510571111207,54.7994195476843,699.8708636452823,460.64988741529123,770.2837385658335,209.03551154772504,815.5681660755907,489.68208805629496,1
56.13468887851669,448.8540769999201,290.04871024133325,358.868941707705,535.6271604964645,377.62639541646615,429.17869566788437,393.86439662202844,237.7304218577828,36.996923174669185,197.6000583101606,439.50560327720314,69.12938853269756,314.61311748175666,537.9986277001029,375.0063203729016,42.75916218490594,314.4751652442412,494.16103955840697,341.2379826432654,1
884.9429518436382,387.39650639632805,723.6366000834205,588.3822130542425,665.383071877761,340.2297174571762,351.16158740134864,762.4019601011212,84.68419164961105,284.5915590183984,793.3246225755141,101.90929258908321,382.3284153840317,944.5557787457541,581.5905317053359,267.36159796980706,971.9428998899033,962.6264911419228,768.3468010721206,121.47387890178041,1
965.9242266630105,863.9931434572007,287.33201089465746,604.4585154053577,484.2163146993237,231.99862185075025,914.4879707695189,268.38181777063073,672.8697623413398,247.59248949720603,248.05680407249352,566.0539143675558,104.26274014886016,158.8699173845183,889.7471205647604,0.7253594210404612,487.61165793494587,624.0987965832662,829.1395986493917,680.1940531012771,1
147.22824839746806,420.36071599535586,108.80891732698983,470.34198988216167,735.1484943827868,99.90563149097554,789.021238327046,217.89130242803,810.5055433793747,786.7085894685346,618.8978976726977,10.564739120977219,624.3089265427333,607.9671188636798,464.5471132670598,986.4009293503511,117.16156805231026,982.2534271932043,778.0950378427274,700.3500164143284,0
604.053492473574,295.5890176111937,31.197918889180222,152.01211621769795,806.0489047816831,100.89064641233291,952.5647341102356,592.9460673185417,525.3900867670525,522.6070916166244,720.2610274178808,9.675016795972379,270.56671810735554,27.346100501877135,177.83250529854166,77.35560523028006,640.9639499842099,263.6097035056999,292.21848064580035,734.0600622100003,0
829.9769324248686,577.1814290534419,873.6610767621887,605.0055834014403,588.8932911645456,188.4900929213147,46.87772274394153,729.3646378194468,321.98765227209213,8.672374746546364,714.4034461883228,401.7163827743333,420.36711070185993,269.15374783859204,296.6870820180437,361.20929405760984,593.4849811240365,669.7880561711877,105.38930067748409,999.2527024786058,1
801.9780619581885,941.734453808546,34.941995848421726,480.30256814081326,126.96101011998363,316.5348733888319,767.2610758899125,824.9355070581798,609.3248307845498,848.5735690021714,55.398715175347,66.52313588109526,74.542460137908,114.14756469291643,229.07266601386323,540.10323408708,657.025638766716,805.4880784364892,652.9046210818049,565.2880803136924,1
395.7933297602646,480.62807504755733,1.8932884281176454,646.1638049036867,852.9058288335088,471.71621112615145,840.0476087080992,771.7054837816696,835.4287300134583,204.30606653605764,675.2472646212229,488.70095426433824,319.1691504275863,523.9021227144892,399.7341012936787,225.14856425206042,788.7472079328185,525.0947959947549,320.1776793464293,778.1783395037119,0
938.8759240969175,685.9181167402485,132.448899298111,97.9819598322702,529.2894556287305,479.1389123761082,774.1076661538652,305.8759327120626,86.10153922527908,90.43445145010188,348.9930080791185,547.9319892527151,827.5836476789327,109.9362550775539,607.3517494438215,615.9943386773352,660.6523961302719,506.4440146579187,817.072049848196,710.1134012091229,1
982.8754047279923,774.8671268900614,386.5293611512498,581.222652571866,590.1386740738984,837.6968224768335,235.72916708899393,561.9596211514389,617.0939853837941,789.38808132435,536.6717021541209,52.23388924345096,862.3505658768468,932.9599764547579,628.6737676990177,711.5742920034843,856.1942074096512,147.18488469817493,280.55388095808655,104.80982416834873,1
470.73492897225634,551.9190834660567,19.676864314655205,213.13579303718822,900.7073161178631,567.4244442212349,353.2157909336846,702.0878296076617,597.4747498724753,800.0697823814954,671.5613925069272,504.8061351198948,578.3120440559666,661.496381742959,754.6313023132486,62.89499606525373,206.42052840672454,693.1419866794581,255.57869446778713,200.182130913129,0
393.78046671477983,601.4010206643854,256.80149493963813,529.1001392058321,318.57546271182355,420.5215809691617,708.2796654206911,362.0485068588746,936.4228196630293,55.27418256886707,846.034668621534,707.1248682968943,30.9258041651449,402.9956087733203,891.9289663446804,596.6331388443308,653.1773653380242,255.3306737144091,798.1606716064806,508.16913681134844,1
481.32069280344314,993.0676500220382,970.4868040927714,706.7562960140054,54.11625083118044,184.5788700990455,120.4286300261177,474.9218789791519,183.27200324508996,656.3538074707085,829.0432418399832,738.4659860485967,82.272051975398,885.9540406773216,847.7987218509652,528.3292856748453,116.52498865691463,186.00076120453625,860.0005255519334,124.81756887426509,1
440.4631878944142,252.05757589229927,664.5224184390207,515.8381049467845,607.2111341823554,268.2081893590027,38.002991857416845,271.56406686492096,832.6848359587842,200.77994856733594,452.44230864811686,660.8413555847426,383.4780290502955,608.5195447892341,767.9856153221322,121.78523953306896,328.0952891543971,247.9536435981683,567.4792188052002,477.91660316918785,0
646.579930285854,957.0581101503717,267.56152985071236,581.0624139474793,576.8524211928934,969.2742728217712,401.3706419873132,985.6981666533095,105.57471649740513,41.01424320155112,206.8543762596251,97.25580460968786,280.8603498521758,98.4783045316141,439.6854215358201,232.94502949614593,354.3403533599191,173.77437179951937,564.4941406779133,278.2562046815761,1
181.02058680734646,720.4825722133033,598.98961908947,332.3300113358323,34.4891147699754,104.76526220617643,790.334727208528,833.5756966516718,640.0393365068916,919.4955115915188,815.8943376956346,401.118674892453,587.6588047241897,428.78181250421653,7.809392977315421,415.08835730362836,492.94002697335026,186.98032693594368,644.6195151332871,16.39933312469044,1
526.2958466028248,52.45543514499307,622.4138934083815,655.7097871343211,22.35971799951897,386.27394387822835,746.7944844548861,368.77915002910987,474.437060849925,164.13938138383432,470.65001948514663,457.95952680554433,190.47757716814328,841.8926181502993,129.44366006634013,100.04987450172031,7.544108297938834,417.3218919296872,378.06060344699324,638.3789340914669,1
488.5656017284716,567.4646619636571,774.7886877543896,832.3501615287173,469.18248793885664,630.2925494018741,930.8116358855132,93.31734808218106,62.41814925796885,488.0428926189698,769.9753167463359,799.0067315474969,437.82168970258715,458.1190549381471,738.9663968757789,973.9223327844253,105.74231549322933,970.2139755274064,788.2706199533402,191.20313923363318,1
335.23499542194793,389.1810917073144,120.52883010275251,319.6556418719905,529.2156712181593,931.4110927144186,90.56026742523915,412.36739295654587,641.5884011994873,105.3040741949045,791.573378354393,680.4162043369088,867.0151498761882,630.5036769783334,523.0092154430995,298.96703696391404,113.87786880442086,326.886981419216,931.891643764785,805.7915999400261,1
962.4059552136824,159.733390334286,535.4811330895152,765.3921514299732,748.06446250458,348.09795462363337,128.32930081305605,411.2376121801019,793.1276707499469,842.3202699845132,709.7809474386465,328.60181439283355,589.3748278757907,654.2767029723615,751.6622985137196,376.39160888921816,542.8114839180918,828.5792101569136,338.080201447445,764.806288952556,0
688.1091431577157,42.080392860459725,371.7121708340633,986.6578954721708,94.1431822513833,387.02819067759833,572.2954528368377,367.6406270162275,502.9985109764138,248.00558197529142,346.89843207682947,818.8749486707287,624.5822809610978,549.2285773312859,740.8159775469634,644.600379914359,715.4510533729942,688.4901156858499,904.4632247332679,453.9312273468946,1
274.264511851102,479.2619423941914,559.2913959035393,689.4648748308981,928.1149243308233,840.4413545728748,49.26636232776682,983.4860519758125,192.9644687228722,869.5476313689078,926.342958739358,849.6131752387802,158.45178478918888,962.2300817845708,432.7400591007995,507.9869720687099,690.6046056743767,240.25995869746197,115.14262943048381,858.1435453528027,0
234.99019282186828,196.48190359240692,306.1388841295292,978.11379634994,189.81280894048803,435.5717801700917,637.4532637037672,251.72818609585423,528.0360761670403,766.1725471869114,55.68187212316311,971.3962422397706,47.837108142018245,490.55639162400746,925.2057697882743,797.819607254489,685.9005762242746,493.1821118951032,923.2300534486154,460.59347722796184,1
771.3386956045174,363.58734423471697,932.2114585166131,719.2971773370303,864.549946482447,907.9479132836107,103.58362129354026,525.5308734578422,665.9482807086993,228.2250290640677,657.2837447681761,879.5739386169005,663.0807559724611,130.64433201651892,634.4031439369999,754.9010202228789,494.6326114542072,176.4970195014808,959.8323507955561,932.9080748355915,0
946.8699367789892,363.25365459919857,178.1953377533949,663.1728882551373,207.02253196397902,378.4964838235669,324.24939684585905,30.66292639938095,758.1977692076301,189.63142152199762,449.35551373851115,42.92682499911615,407.30410691927153,67.75866322857115,571.1235171612366,242.2793944395244,898.3422052141658,284.21793703770845,94.83198096252377,518.6774613776792,1
688.1145050277338,673.4550105892998,806.7066967230502,855.0800284105533,133.651582168815,781.3051342249524,695.9319301395934,3.11551528097187,845.4862130998492,303.35102991368655,339.26364355135365,41.437405021728104,568.1485237654481,472.000772093022,153.66929020048525,110.83433683621058,312.7577480146362,863.8450770664012,463.4471575827884,640.9681000475142,1
279.04679367375115,603.4659045810495,815.0398221884703,603.4386220297781,470.9639340162918,269.9759959679825,489.3318267357889,324.50244174252975,467.72622426650736,157.90127287188594,767.7300302386119,73.90348276165281,855.7500963125102,279.084698525342,576.9131291207768,281.7699532527206,749.9598293988039,226.1595413478189,748.5489112803206,309.61419140030756,1
732.8746984863055,658.6738663712406,825.7836328462034,302.0473062849819,316.0688045787928,972.3383478640841,535.1216703561016,214.06941464118378,708.7976490968986,875.5514827941432,308.4814671504663,709.973259135645,227.35358663236062,833.424112731631,498.66631123149284,243.09736529696568,997.7108254962484,431.0021336368244,998.5472980394359,144.23802645299932,1
477.9482334246693,193.52668165214627,810.6224022237483,964.0888255406638,393.1633953505376,348.5177365405977,960.3899291329567,634.6928757307563,990.160027965507,701.5226810704138,518.4682566201845,194.59183926662737,777.2214782825077,4.412874718971671,555.7127259572842,206.45368923971319,990.7018112158073,582.8318085091992,639.0211286778624,134.716742414976,1
163.55966542050072,474.2766747048961,39.38990993829727,410.0050719782854,280.1732250873706,708.5237820557958,32.40464674510501,260.66120375839785,952.7441666941851,903.2595279641855,791.8578359781696,51.42903922949515,911.8256182298882,580.9282048874594,88.70488293296131,373.91229349977885,312.79218798979855,994.0530315799022,37.66937515123436,283.32397795020347,1
333.55732997366374,393.0335110060704,895.3271995693539,82.92108409493504,985.042412645511,745.8602411152224,633.5013329725198,536.4592317564311,864.3327317834871,45.86834208255497,175.13481745300064,854.0163444793724,225.18927387656296,517.677552533291,872.5252309101103,919.5209116198761,708.5816812769759,200.27139683797225,947.7853612424806,526.60125591789,0
711.9773074207118,974.5891597402216,689.9782338808807,339.1061701936445,628.0074207273765,49.60774723709671,792.73892269135,297.23279858894136,19.677321103957812,596.4902048654842,294.5745517939367,270.3691480712773,669.4658690830815,471.72870757257857,51.82907562055617,730.86226050836,355.2447973570325,8.114775711375088,695.587339304086,299.40677593103703,1
563.5066485737792,457.64079314277615,71.8837703448546,74.99437722097157,715.5790724964637,237.34375861474177,304.2910966925737,152.95553612145474,121.97366330592452,424.38038759312144,976.4242271221068,328.2652084584412,331.65355503970704,259.81136655750015,149.90089318407485,579.9557903090732,395.45827987826607,888.1157563431519,549.035109485297,433.2589186302057,1
365.6111863873882,972.8964432690692,449.85485659518844,404.749542989103,412.18247515425685,379.5828129927994,974.7455832000868,399.94685520036444,456.8820117026199,819.2764371127741,141.56201963582316,178.99884253107678,774.5215761256347,639.885356276313,351.72104589365085,361.20766450353614,491.45010171581174,232.3407293628069,546.619678743236,778.303834816322,1
204.63470189734755,768.1209963069571,91.1111588469724,694.129954047783,99.90779152591244,754.9614719347811,836.3617310564914,525.0788189414023,589.9840926507759,148.40006622345325,190.52939308455063,441.5943299163134,731.5012814472722,673.4635127636858,703.1737697361605,971.5753574836054,46.97986699209533,62.288658878900335,5.211891313294248,323.8421295436046,1
439.9693781755616,977.9685415821358,933.7419108711314,598.842839761783,879.8315768190222,985.9028693045875,991.7265990101919,757.5041717782085,63.054839099663255,859.8687295764706,426.50774139249904,755.1675237089023,610.6064386486163,901.7703446514349,649.8738963587804,129.73747533828816,885.9255975246219,264.140410399335,88.03388056402328,118.5811372303901,0
121.68289136845112,284.2541694643298,373.32672664861076,78.51666586920602,645.8623144197327,915.6963363375065,71.80873150626677,615.6379692752728,712.0383520226092,227.69484900440528,18.18503405114036,402.22183581377766,640.5074267972196,408.2257122178804,24.87282549913028,380.3277196167614,365.2836828601401,843.2530592035364,860.1121196458691,653.0883751238664,0
968.8791734952581,572.2175873382863,864.3313069193015,915.109626609639,35.025070465023674,584.1471211967815,814.191886090372,689.392877724216,286.923943996942,812.4906397227779,25.924297872634394,737.2400518738604,293.53915000799947,713.3534582770808,801.3433755995593,60.59075152359239,298.34778920635796,370.8215437898633,279.00411095370134,51.80691197512588,1
995.7451352535724,206.59366945975975,290.60251402648163,35.843053403194936,373.5287195285073,167.19872931627356,841.9752219938335,382.381504785373,133.71113402559774,748.4219652167243,896.5737337848174,129.02957963709804,351.459590622873,347.191289586971,500.29780174879824,708.9662289908988,570.0564918800981,0.9048969031923981,690.2669838866042,830.7225491870495,1
398.7431138198531,936.7445961076397,272.06462403914657,325.76378721626975,329.38205439303994,589.3952323497016,657.2211276499686,227.36354429016458,826.5952288622867,204.89020303077464,907.6232700519311,947.4158701849608,940.9662562277473,451.458679936558,197.67866785806964,538.0061653344679,67.6457904338048,167.14302403018343,355.0063165854056,771.1074860127557,1
596.4634083295467,953.5183292792445,359.6999169469495,517.452622226648,699.1810323302473,457.0573378902183,968.5663428014258,823.9241557905685,303.3022356690961,768.3546569300794,631.0773681894988,669.5733420832402,73.85539995240798,801.9075482615827,333.8348909086738,935.8071993715744,296.15390984215395,930.2305759381156,40.00644433520873,196.54680410189405,0
521.5154835275422,810.1155266652592,190.9912914324371,777.374458833121,575.7199429295996,613.4104536935765,624.2867492517623,470.42433645864844,241.8013876339077,434.6862765503292,591.3274058922157,162.33087459694596,130.49482685281143,789.2057970359459,96.03458317549463,577.48676031445,98.34531979711592,212.15472034878812,141.01931707430825,463.61064192361033,1
353.130919329395,122.87919446296813,391.66376145291724,214.28459797138743,234.7180203040874,983.3402689079101,853.395038287229,11.411641354473257,667.1018540891115,645.3251060738654,617.6126935959564,35.831257671344986,648.0892534069817,732.414986144585,26.686496581537654,614.9996581948405,537.1432357764842,619.1033524893428,44.49242426761757,206.61310675280598,1
374.2628037565399,403.583284477785,999.7831162132474,834.7599964150622,300.1355474120784,893.2300136072462,75.27941424913209,72.91328941453656,387.5745416788706,599.0804163245823,533.1938621043226,187.67027743008668,1.5933614055818612,672.9998371287624,714.7047656623713,23.500243679817512,687.0037120208284,331.6162174136654,763.254954873869,619.9454924821703,1
480.63692831303797,469.2688147729077,267.8803617034984,641.7422976301458,297.05211793007516,698.4030004579844,483.02694784207245,633.5260879615697,894.5225039050395,465.5311314064383,359.5730718779555,947.0992127507672,495.3390136387206,533.1598075980428,650.2226406762272,324.86002452676667,84.79823937660103,683.7989555120866,724.9508017043324,99.59224434954639,1
676.7684185578861,735.4971535617746,67.64952267124247,146.57568379286755,817.7473814741818,913.7745480247847,488.315252522206,267.25786421224996,890.4013986087141,324.2881555542184,454.21288059227993,140.63952210568442,489.71813712240186,972.0933848740483,960.1706759559338,703.6962056491474,712.2588098583236,538.6608717802673,321.2557264104181,624.2369035102046,0
640.3280408803885,687.2600656359266,472.59387908236016,123.42856207497744,861.8229424035974,337.8069197145439,257.04836978718737,14.871088957182032,944.4056102353804,125.85482269808901,412.2871156702113,78.63830721897402,306.00881807897326,809.2817680274459,826.9183032256794,373.4010160060913,957.064324057078,879.23961991624,184.43319652517297,92.28186973925767,0
546.3494667657435,491.1022503534027,326.9086856548463,15.227156985982537,298.36662282184045,464.9778743423195,548.3669904303454,882.6746769445984,732.7534256651944,973.8662464622399,845.4552000894925,705.6936115384538,566.6136726596753,610.4221085016894,772.8043364366587,338.8152041595408,155.63857604659083,590.3163890598618,140.57530022577535,54.70851561344059,1
674.2469851933367,452.18589628492134,797.6871405978453,298.69563779740173,942.7516482139913,396.06254353405114,416.66838621532065,137.33707687220308,107.40391227330315,123.32334215196883,569.5913619486232,433.4412554564258,182.2671571761981,587.5277739324229,141.47987563032393,136.6045167396438,918.1426101358833,356.01139653962434,175.78250197953838,433.77367166671996,0
594.5073306072491,237.90633938494176,946.0205461900339,894.9333838499837,931.9928846389183,951.2802130834373,416.1580086508183,523.2179158993317,96.28159392744973,50.965099013752905,240.13012145171342,206.83362441953756,944.3304731296967,441.4667146093715,351.6763067164285,811.0731871574674,829.0237529827456,44.84963706730838,871.878311185134,928.2225119141833,1
294.61524404952655,245.46755881691107,460.3792541642584,806.7661528683255,670.7032117982081,861.9317245639045,451.30419349279515,566.5088725239995,153.69727094795672,217.27493336616465,437.81109548141785,807.1484865630661,396.0221002983607,528.6245724623082,867.5362299014687,381.7155987485422,344.6809241929448,838.4941042541884,330.9766179485887,173.1907113787544,1
744.6752395323088,471.6802886294825,786.4923181446371,168.82412670664215,418.55751623061946,830.4584555939406,18.36852019053692,131.97420398672466,355.7758343164314,192.94349667835186,901.3463121050257,782.8901847241485,859.3953905478877,353.1662523195511,268.58515718109976,991.7103994130688,397.27087153822913,213.3480216681961,370.9830825879701,20.803443273193945,1
534.0796436843383,110.63441074349434,64.3388938409849,326.8227280371908,957.5230488582129,547.8225129530763,313.22546785300966,894.845973849631,596.7047632925611,516.66016140367,853.1944604097584,855.4867887791829,704.3548880313333,612.3159184958184,888.4332237177108,98.53234494398555,297.309062780635,10.545183088645715,830.3973390625664,359.6159181631802,0
244.11000050999766,736.6703290586003,6.730494462830694,465.89656574772175,992.3098430972141,732.1586318366328,151.2118729186128,55.64399429918332,122.57738262671502,342.76387258807284,535.8373328782068,954.6101306816641,310.4502492351968,603.4635246599449,245.33519271664983,808.1888752344994,560.8879347717027,876.2446169003715,124.54239114972532,497.16262801991553,0
889.4310244822515,925.1159111373815,321.2810763079231,483.0865830337464,296.2668650567916,55.17362555860083,541.6003754899713,27.5978886098448,934.0712725398319,449.25896536972607,792.0762310610212,539.560556483155,70.71888942445214,186.04875388061748,765.1236030342892,144.11797972973096,542.6775396237165,925.0394003569162,778.9589759248096,553.3191745107979,1
917.3128659603656,818.9515946292505,521.2461897956584,974.2423960732655,226.3417111475038,673.5070257019823,57.77650376089538,483.3614250217116,299.79103305147714,865.4202463801092,371.0310695160229,933.7417921436563,835.3647853463806,656.6871847652798,601.8449356284086,355.8122051740429,565.4621021190236,145.26668582385506,735.1805047847593,800.6783059135205,1
44.81789459185326,194.2310782982032,472.0508996670146,606.8646241368722,156.5892058913645,847.9609211659817,580.1959935957537,205.22530742775203,549.529569230681,353.77997739180944,726.9592335603788,293.9825594965251,612.9788458399538,166.15414894414516,33.62855542002408,855.1675111278751,644.026040443016,554.41786816836,295.17066033284254,501.5968219428306,1
606.3450318069741,580.370386630584,705.5042392998064,260.5410988680786,994.1521591272374,351.1631992606392,170.97317512890297,426.3108104535919,710.2021623415228,782.8924279807986,465.99893971889406,739.0484162957158,337.9760717795818,173.10899114685265,496.4311668073499,325.2676470524656,845.8471144917562,221.32175563660195,674.1042682974094,779.6897739858189,0
763.3361703258413,661.4016259603061,532.1042867546159,602.2648056026962,185.52564108948678,83.07927898331802,405.619970314583,147.00058902708935,108.46554550994402,653.1263593048137,865.8565932588642,981.6946416635936,430.2454327683448,408.92515800976304,720.0165947678435,914.1159241656243,787.716969842427,367.9582971548113,519.8241437042797,308.6558633438681,1
800.2742953823692,605.7577260141201,85.1437383410949,991.4740546307097,452.7434773920702,861.3386742033103,389.2982529040576,355.4965656493595,449.9081085385235,958.9644970382591,799.9224938199615,491.02891383506807,752.8964079539522,204.36562116646695,705.0409515105491,293.42476724358966,510.89809885066995,511.07766812030906,590.3087674162941,776.3830296419206,1
919.4220308244693,769.580976192841,626.4883855996942,526.9392102728771,52.041486358990305,45.13294793369471,413.8300976254676,183.51414076710626,460.09223737702365,188.0720756934139,565.8908956243044,42.013189333784396,418.1136691727178,128.40712474329496,214.61791873934266,372.42063568468654,774.3417915255068,518.0835393315448,452.03740628926715,470.7200992333973,1
115.27882519668819,843.1041959408577,105.19759159803843,927.8596413027215,130.80436273853812,800.0060875396019,842.4589791636464,140.70682732122197,260.19364988687863,240.51879414436473,224.34622595130293,509.7864498887756,305.73122748583216,182.7439763511234,775.9528032537855,572.9229668547254,97.68497083336858,352.6997254096951,202.32392125423348,599.7260707412016,1
354.44069957522163,151.79683468107362,41.69554646223717,310.6007670054177,517.5386649920189,290.0296159152398,112.55030882026662,670.1981948857143,382.2332219959835,765.2155065610859,24.064885002183512,349.2495869861764,129.8178610657701,608.6103912714229,82.25511886061155,22.35378793577114,75.46841793826297,541.0594547448804,25.572021100041418,309.75655935697546,1
704.9152266275529,321.1699425800072,6.63691638954278,63.768521024171186,415.96697845954577,215.39697845912963,411.65901945028094,301.42272006825334,698.6022125910466,369.2716699482713,261.5966388248503,367.1794132845274,486.4459924431812,377.8407659888775,257.2786419453966,46.46727132162587,577.3048038667652,32.4973924371772,803.4114549712419,971.1791155061853,1
208.1096852594181,224.32122273467326,384.0432783926471,456.2272553760902,459.5132926712956,705.7243373893768,928.6325597445635,646.8801413236204,913.6114164829553,194.08383525196916,471.74536318313034,801.5304135857934,520.876090944373,453.698972863398,145.84907179684424,360.42310000136,288.83211955292575,580.012692892218,217.98582067168394,103.65332543343897,1
307.35450613786765,31.757613778834013,178.84647217778183,764.514229832835,985.9870325484237,206.4597478619219,332.7549341305569,307.68697535669565,908.0959246576119,860.4071541725707,158.75828806861537,517.1259983052282,852.6015424645417,525.9614900337241,958.1034940406289,882.7390968557595,93.13925789703681,338.9111131172806,641.2072089755321,376.89700222413404,0
943.722982479604,196.55493836207572,835.4586069672603,899.0189928889918,517.1697819824859,551.9891289999041,435.60096076646107,628.4171125410743,901.2835983287946,161.56735208193484,66.72238055694446,430.00474966584056,378.72383608749703,600.9820077561834,241.46636205952365,603.3328302512201,993.075501675862,215.1780484031035,635.4663262789182,50.645155345303,1
496.52675732452445,8.421370591509604,102.04494319820712,879.0383792580533,859.9494985714807,578.8428158148593,881.5334800206131,253.35265689773445,756.4661420568794,438.1987225928666,188.67925707579369,117.83957172682302,958.3091005846594,355.8573273145013,636.1239566155274,850.5651132654102,95.90313547037354,522.5802848177432,774.1666913795686,505.2861173293359,0
820.1368479079725,516.834623058204,817.5464673685963,329.22751550224416,496.6864263746277,747.3276963102483,531.9024246364947,157.4753785118822,130.14464486028686,71.21875895453933,289.7999590437478,482.9301992995737,102.6423014501372,306.82530140736577,452.8598398634017,827.2559208893955,373.8594860655947,821.0211129521309,362.56097702971255,511.9035309469227,1
691.5852240708324,205.6452141260896,568.5097483478025,464.84388862533746,570.0291831521478,243.93484105230868,163.76902446453113,294.72588649509447,783.4307511845074,16.647209278825237,381.56512923581664,333.93856287770353,659.3197921722638,233.66310201367114,98.37747823841036,487.80057279543996,179.29959531925675,418.17871808024364,246.8233830597998,19.521261239363042,1
715.2280759076708,99.23890768770826,351.31420485995034,247.0651665297374,379.7624336485638,114.41136651787976,564.7796912153684,642.6482106105608,245.95968635036814,730.9975454691738,217.0617632136188,977.8738223324877,39.33281921022002,728.2491298893842,850.4795197565912,158.30900470537836,756.3532677992503,152.0312197469711,368.1519240451484,555.7182471241822,1
304.0311393881286,897.3676130636088,205.6988805913378,547.7197410367112,667.8814292884094,988.9356065984264,911.5521234906679,917.6294140790158,872.26304017742,720.3627046982416,557.4587918989795,210.09488366577168,326.1256674472848,0.8929872356812085,300.37358594985943,154.4924893460562,334.1379622724622,265.97273442871307,136.39435234619012,647.2236947368181,0
26.938183739952382,365.23491230212636,246.80495069909503,142.55895256858685,511.7643239106786,827.8422507906588,515.9290707615492,518.3924385239757,399.7268709948035,116.90089535825021,633.457915045768,967.0317856937262,190.08982518259964,499.020759312686,187.8237663743866,631.506411524931,276.4769969202586,59.249368698322534,41.811479812649544,981.6293548686813,1
617.9286903239749,310.7160573674114,498.27929216902066,526.3054344312022,95.74895395205041,941.6945768714531,982.798718137064,416.6819261071144,156.0006581459057,788.2801869532701,178.8280001052417,241.95536612131662,775.2918527517107,657.2194858134123,353.42256713496334,69.43645644901663,744.1919523348691,624.9588256374977,557.1439805513113,285.71983562195993,1
287.7952875342673,465.3338127529037,364.14778707465535,660.2005000926973,594.6360448529831,629.6650516092246,854.5759214203154,208.00052745882803,664.0240310509438,889.9874989458353,803.8227200171289,497.1751402099596,366.1243135025455,913.7623926355034,677.2000267547992,270.32377478329107,618.9398121732594,9.449689714300046,407.1032755097902,909.1387991490976,1
647.715746309025,693.2044165526451,722.8295592446392,15.503949745589217,467.1843382339187,721.3397414911286,153.298817280925,394.68125180724553,577.7212427155175,374.4320608786151,367.23583824452976,461.31734907243384,684.1592368918681,41.26776290478895,733.8443803682096,105.38015927794397,409.54525456302684,807.4769823379764,865.5014972097018,384.14897917068424,1
308.16312953940405,848.9213018311292,963.6258880465102,549.4292552374728,498.96459219456625,669.427816923981,897.0380353649682,620.7469312596835,96.96641517080218,25.61925310085833,526.2051766270612,872.9280596803268,475.7307588043487,671.9364290295033,119.1197953385158,518.3252076824508,55.59665502861644,891.1578070508904,450.06169766122986,160.97370719650783,1
921.8730074413015,72.41192401870688,780.182627082189,13.913453078993943,713.1767698090122,577.5337543037034,933.681258007934,20.842629097618914,386.71604636955493,176.69473040277362,714.9153163291302,725.8125723012656,892.7840800500934,786.9231835177919,985.9740773643498,73.0858194700682,161.41496611768946,775.7786728404558,566.0277703191175,756.9717243219868,0
847.8284994424081,310.0694152260781,196.3049828527197,62.25960685327514,212.13669439136262,683.0665570221511,760.7770655610925,62.65389979132996,201.55898129956174,999.9815894649381,792.1077543815737,8.451565135673578,656.14321369337,97.61249528547388,679.6648676530256,785.0179254184184,29.337033626804065,316.5694054401871,673.0378197643553,65.59298989731421,1
412.9576374922975,592.4331373914962,430.64258207274776,602.4114801528636,304.2523414312498,948.4561278022112,511.7022588571305,488.76753602083943,696.629821807635,520.7833394295398,359.9606315769305,241.44359686712446,54.53463817480664,423.89787294305415,798.3924712113626,661.9075110324312,224.13858969685774,312.1697028937796,892.1637222636867,391.24376794363434,1
122.63071130111936,843.943286183517,826.6434892499046,947.4649495777094,795.0856579142479,845.3519358913275,627.7130375673868,138.5895679526695,286.8103906133094,143.95066602778007,294.3108986587731,597.1604209494008,90.51940617782329,453.8209052880325,92.56732648697219,534.4548553578417,451.9699686222218,318.8591655781293,930.2141543359179,175.0138273251176,0
148.1339416195183,773.9129111211674,716.5247024925603,573.204379442727,467.8875106338142,213.93369962107934,18.918311817943902,794.4253838920882,801.9021595739515,671.6460203375752,696.9865768714968,834.9881393648182,229.4015683215722,356.7591317354791,948.3951578529566,944.6432451223484,291.63718099531224,401.71312627193623,868.8920441457078,771.069987656825,1
868.4041871685728,731.731010087287,132.0685576126892,571.6950060667709,891.947746476692,415.48632440674817,346.1216628057482,946.5701436525694,60.649242937033556,179.97123583611463,105.97562036627562,965.4407481414511,126.18842719404277,836.8655558334527,928.4412230047171,636.6488189239201,208.45077350284134,570.3731159571325,311.17216251318735,787.8681354269208,0
666.4358210862101,719.8236962284103,605.9403390498121,153.97727185915332,651.1897868616862,757.0022746304448,492.7139188631099,882.1314852776966,628.8295222385119,441.34477987684204,247.05167101282055,732.1872548495041,665.2847895583415,354.632523824905,73.50535951391979,375.6131216161372,111.94260502404585,110.46041298111442,951.3954387204301,671.2732807230777,1
446.8309672157995,434.5978721497371,416.75542316187364,181.87852138751015,662.8761748386743,555.1643428944737,176.70894138315774,433.31422112727233,548.2803064222749,90.99341148850404,643.8121123420902,479.1500861540459,171.89919853474711,628.9714476871999,310.53498664129285,604.2771748023074,622.1512635716838,874.9011616420123,253.1134835129396,584.400290135319,0
853.5408626606007,809.0218358753083,910.1736050817735,32.6546818825052,996.2273571090561,308.19486734805366,140.1448414351787,736.5585481739533,849.4462241312898,774.6040696214451,376.2727353609528,327.57448960561396,912.8460300004614,281.87069608810356,81.04291558181554,32.592116673763826,79.77147770676463,48.07141022318362,936.2807691929404,103.90391913175657,0
883.9622525219191,311.30164690264917,953.0312494504227,412.3331907277945,85.05624215717111,39.47785056707798,505.6865497610965,264.6735097929923,395.6916728865565,657.8378429483953,990.1428399400718,439.21579923241137,959.7736509455194,27.6775789967868,165.61344055059712,383.3033005770983,40.129831986474905,761.1945153922827,519.0339779587322,665.7525780362519,1
863.5009520478756,532.3715574088264,66.48605522482897,904.8931107502119,110.08365385541963,505.23787125563746,62.851990571497815,79.11785384585868,645.5997984582046,355.97437531187546,105.31978106581619,827.1817588914873,175.13085244674454,624.146537846424,269.79356159035274,2.1186171484641747,171.58089997528236,506.31419937966507,866.5644570040786,90.82116519091643,1
780.6091680487043,561.0281743544591,906.0761250435439,266.7099197808559,174.0889081767294,614.5275846638409,823.4461996158124,666.5342996123378,267.61551828416884,816.062058771437,430.3885019979198,913.4137398941106,787.6269622377828,604.958237773504,189.00146976890088,412.27720833383785,732.1092406346223,256.28294399734506,356.9467662377068,267.31993337736805,1
317.3145483517571,404.936999017548,728.1512772283731,43.313253152796214,419.8333076279742,925.6136011115087,98.56925179602594,679.5718092146775,842.5899837220013,507.26062900074953,357.98689141629416,386.933196052909,222.67234765713383,815.100888920894,96.85276139240484,550.2402465771132,787.2975125600715,587.0637300111885,647.3539547321833,201.57682819710988,1
737.5521173558343,652.4888269849012,151.07049427040153,14.183406702993118,304.1765646272546,383.6926747254884,269.4418820071663,603.5441021342822,389.6733477657981,15.57612251916629,723.5451063728292,354.91158666693866,656.9702155177857,799.8747888840065,506.59895593248183,864.0130432848941,966.0339896883943,603.7810686468222,137.0664457114762,770.066066378554,1
687.092729663548,460.2550391611268,853.2754645826475,868.0355516387638,315.2288103397497,595.9340274791292,803.0233422254092,737.0167639569082,512.6082173125377,817.5976271353538,319.2217725495855,363.0439335400089,926.6576171872882,776.7187495590354,294.1754558845322,935.948309080956,446.37629114683506,934.2287502477498,398.62537619849826,911.9528827774506,1
141.30419047183017,813.5717772093408,938.7781247795199,241.90128994725413,111.78546283237733,292.18969504116734,561.4757348324076,198.00367755582215,935.6679094798401,689.6805925492151,528.9166331450975,324.27047893744987,923.0084941051214,884.4013212850413,985.6211178299532,899.2254160150205,812.8386500322217,970.5097587036387,282.00488689142855,295.2636283025739,1
445.36886698302413,101.6406616091422,565.239733352352,326.94309603929526,422.2623833281698,15.933558164338946,332.24881059518316,969.438857161065,131.55453614715228,771.6142221616876,245.00490403788976,461.49499435547403,534.6601407512203,346.453299739436,918.5126148697805,84.56602117268086,937.5042001954055,258.0807205539877,747.9956957633578,59.81938677349963,1
90.76370662847866,379.27738350443497,447.75011899046433,946.947693169698,972.5825262744831,16.992001749486786,601.0732693275427,227.15144816240806,420.8826975563998,696.1476505803126,3.65988595571487,303.96763013535445,777.0938805803581,860.4420174036534,862.3592365071892,378.92042537108193,750.0083961449627,356.9192035027059,777.4966117910143,936.8867390007653,0
5.30413205696334,15.551832917573115,539.7774316854119,301.6810449752284,13.811243392310102,714.2003413425562,431.8269000983078,904.1034085052445,997.5574353807085,157.86531204547148,199.90428451235022,544.1338981588995,658.2795028084468,822.2563943879047,738.7889084408412,745.0460485072849,821.1179555996737,992.123613846817,507.29389604640164,262.05423575943007,1
692.5994980504207,345.44478096382556,604.7499275275079,846.7012153328485,866.9708375930763,41.095275332248995,895.4172934400531,24.474635958793844,503.8145404628536,488.7977874439848,365.12321485487655,562.5022140653714,526.6267502261264,475.62437755604446,465.14466098300664,318.0075934249943,536.4670422079138,311.8615365852404,960.6376687082027,164.349623368783,0
895.8646933412396,816.6246681366347,269.473663170816,686.2631186356814,328.17714562490806,605.3384647300047,469.25245331948463,296.72561630697436,8.860335198746627,732.2384933947333,466.3598470169672,835.8263091811037,685.1858392271383,61.678058998734244,641.8478842970677,770.9305309499648,697.2376081624548,398.69108285292356,747.7192869238869,316.6018488403314,1
50.54872397823951,89.89482955419648,990.1279175198268,388.22116954393096,57.18176116502993,525.8180533272968,61.78792761311047,194.73539615365476,443.66765246635055,881.3439962661074,844.5924383396191,420.62941714150827,745.4214157360051,100.98034110652665,280.0132828968386,998.7361291055734,467.7382414621669,690.3499215281486,579.6249302863596,739.0454045660275,1
765.1348978571303,143.32715016607435,184.42313799633425,182.34995152415846,276.62198887094326,573.9487326591925,686.4270908167696,242.65436072705538,635.1035377975746,463.78766594547847,499.1579909424477,487.909277636178,103.83678376753713,135.32516972010055,701.8432180489843,966.4605172636147,435.802700837708,402.5159298635147,137.8676551387178,123.62462119107964,1
566.9798518412439,743.5858656341463,18.45463672936298,671.1446328764744,781.6115148367256,910.8445358021503,397.77540230706757,103.0474090314043,198.99393501057227,617.1874961518242,258.90445638394624,459.03793669383555,273.4847329391531,987.9589201885543,489.6456729099892,450.269619979017,349.9598232945069,348.1721622635421,713.2518365754397,55.44649544200286,1
743.2268935405626,578.3317508195929,596.5050688752871,344.70205523331987,997.9808653377338,373.59861299202646,565.5558202233149,991.766564852965,720.2125836495023,739.5040390664974,405.56637407333363,592.284544544918,826.762164727942,237.24177106345311,787.8445240500015,40.94773888499547,66.02320237891779,435.4084342817839,795.1532099198012,574.5611245990239,0
261.9603367073202,662.7231743408076,937.8243015106482,372.35374527975574,939.8929336526126,92.79535207008283,669.7291498988582,847.9960183714544,192.98119714833518,383.638691619726,197.04840784453214,657.7353544144615,487.7082659916383,346.61455428827526,348.6319999251436,215.13464248628412,368.1423362260685,883.083317662055,210.32137395424678,434.04014439910145,0
319.30309775319967,623.3147073053855,885.6057711152889,540.3833982364287,675.3169311468005,865.9592964185427,578.4697892496862,932.400891865448,668.9452062219739,27.340822018525834,489.30357055711414,96.84092488509621,611.4736797457605,415.1022488945425,286.4205370877829,759.3127922710114,646.3398828252425,710.3012829282711,253.75332072025859,969.9458983312446,0
779.4936909826876,504.6117618223466,877.5667616083763,573.9786451862586,134.32305075611006,691.8794597219169,802.5004434173417,928.5362399299236,602.3615229006471,270.1111186094174,784.9313703509416,98.19930903810148,952.5373933699788,122.09288568176058,885.3166421711206,518.1941493628669,51.42976368630836,657.5456809399548,380.1192085400478,981.1652333567097,1
201.2389309842443,149.40198702676588,850.3474958631218,621.5462634503101,256.0047672380883,796.1776302433996,186.22811351519962,387.57343752457706,452.75042290015887,904.6040149465343,376.46372704004074,874.5785138648588,985.6207854419139,406.6315311200282,286.5746813053498,216.8299190905072,869.9025056305379,166.11358540467225,126.09701928901085,580.2440842701562,1
659.1893696876962,215.96162266503904,548.5548649281039,108.0057709918335,163.20751734105522,82.95753898300472,714.3642678059888,120.8499130078603,872.0123493168485,612.1861109428415,403.5805721510811,651.0731058887063,194.28001606176292,73.1913899495844,405.9259873894975,780.6227328758611,855.9655665397327,842.731972371385,760.5418938803205,413.0139912776191,1
989.9080617100341,855.0207730895119,291.6643913815105,375.45074495862383,432.9917961979323,957.6461715987019,688.9392041674366,447.15892199993743,204.34183615162172,181.7907972379732,568.7021336908679,191.97261030898716,667.1555174891905,842.1186331933912,459.1585023081498,606.3343015296055,818.5451689151524,943.500003571715,378.04237736231704,998.7292541052449,1
334.5661561952652,16.3144582767194,252.31285977918304,887.131786417547,150.02903222237418,203.18098351104717,49.127599114561995,499.8229371154429,60.35459404994037,716.5511232396718,182.31019151605432,735.938000314924,941.1825343234219,689.2034061185757,675.9710500838407,333.849075780825,464.01147498351935,21.926442123890276,925.865419257474,967.33127846694,1
191.70579403203325,904.2357489071063,149.68436894295067,471.90644830899197,411.7687234798194,601.3848733674312,850.57682733171,958.9668631628122,84.89237872845634,175.60469349744312,220.56116967612294,171.27833020041228,502.04760586773824,829.3195741944144,955.347526891593,507.0007306131726,604.6234486033222,910.2103460791157,640.4855168267724,878.1548180273472,1
216.44111293441293,8.29224127171868,193.75182598170716,232.3127443712103,142.34343454465858,508.6859054444346,859.6262763921471,156.39880795624583,759.8408334094987,850.3774195451331,893.7064332122595,891.6132687132538,626.0458029845239,509.3638977191125,549.9989412423762,320.29595270670575,476.35128485576297,405.7322354408821,527.5772310442903,501.91453467950566,1
264.266299000812,163.17640257697963,977.2807715964256,333.66387470026905,73.27876422600954,15.306486050331358,754.4472353665566,427.5378754324458,694.4555553571113,480.2483571407126,382.28874550027115,943.5413271094538,921.7514183190857,491.3962573237729,471.36577610916186,285.87139126886694,793.6633430386147,172.69612977579553,751.9988167557824,651.7467692591691,1
134.18092110414747,822.0743003829111,837.2853775285483,825.9624738692798,73.56660720735042,586.4333365882667,969.0538122791668,742.4929179159936,500.94408129557576,830.1009104382838,424.5892214014848,336.442647938901,427.04423619972897,698.0514217719468,579.3579738701433,790.5584724586952,409.96864061230787,169.4101595159705,464.52365325261945,917.9170187218956,1
808.6080637166812,779.9084312779196,789.9593492815122,953.7453737708734,240.23486985090327,300.0881084823115,537.2215010804111,63.892036171041,788.9512615934913,711.7135437692305,986.9754448474166,870.8033457799337,549.9401818788789,351.53093469042705,127.89837336889565,730.5485852591022,474.84362314569506,872.8899244648389,503.0450226367824,802.3877947357824,1
718.3223587480215,518.2024863540447,395.3277106531966,148.7105320514468,597.002332319506,664.2193319273936,584.4298168216192,210.19809639056763,689.4834368119112,888.7459990007906,657.4402912759207,387.7996670534273,390.3401265063262,351.9257573450307,420.50581268193974,312.2107482502593,602.2294009649586,875.8355009885713,248.0065794316746,934.2159926108068,0
790.2805308949061,939.4388665608662,970.2528849943134,546.649926154479,680.4258978704578,724.4547848027122,522.654759138367,201.46706391339652,887.3393296043082,299.03697213118284,236.28799119469025,681.435665328118,625.3634222602703,421.9772471156003,521.8539970116184,461.26696504390975,704.531053199044,603.9211719334921,475.20045164257294,477.0741568240784,0
115.3488684112557,298.1756581729808,481.7371971708826,890.507126211474,267.1374415734574,458.8690334979738,756.1361897005311,883.2279761144974,862.4249728421266,79.350401967347,964.1402521003873,435.8768076016156,173.1558513463216,190.16870644706628,179.21774838530513,563.4691397261518,234.90112933874187,652.2302669672318,320.30791533782366,750.080625968103,1
533.5796741402911,415.58800980159884,192.87462774815745,268.8386628687209,257.781819549071,290.64980730237056,874.0785595799349,413.1830319047762,129.9060219995021,701.0952078451872,525.2387815865936,620.8922392787215,919.2239326708573,962.3765602580988,926.4927745682837,50.463166782717565,126.09686789083018,401.04983910432577,422.3642542993624,685.70038440223,1
321.5572389739998,867.1110516584905,81.1105915255158,1.4031315916511744,244.3168715122197,310.73291700884374,51.35878453446219,729.6873265301283,741.3238762675657,595.8240317530248,678.9305594135218,669.5737100845304,867.1039343945099,466.57906995015594,739.2803623005644,709.3218255589193,363.51203183914237,373.54413071717573,917.3780936618284,969.204693429135,1
8.763696811864508,614.507162204718,296.2616332195899,582.1136301262706,17.772241689372525,221.3374934609722,817.804725586589,174.89433306199766,782.1462432813776,657.3402815788158,513.3386322473891,885.4674104678247,787.0334987825636,551.9970962604131,361.5100150735033,377.55306479535875,773.6211520396033,44.84853216862883,743.6303412529367,469.49494061634255,1
613.2016522599384,638.5246256390759,779.065231005622,863.2809370142018,556.9604389079294,283.09191847703454,672.3080372690703,32.09680479911181,650.0797394117128,567.2512346063953,674.7586307606814,651.6139989865849,780.2839898581315,638.3726617405871,973.9740714829923,398.0913330160724,557.4989823910503,506.4663282232725,474.1109388157165,348.8893721055615,1
227.91708536634246,132.56000700211422,877.3404660241677,710.0388097119356,291.32871691778075,287.942399615617,783.4765646744117,737.158121083713,553.0265039716652,615.3721813796075,198.81308142481458,496.3713453508942,219.82156120319752,885.6229314014272,716.2119470738218,109.43394964517073,76.87472845073206,799.2916387798259,150.4344101177162,358.59236582505616,1
810.9043565484021,313.1585198605319,616.2308319484616,526.7766884113097,578.681614060685,504.9174326658551,728.2687159832819,70.45164483624899,973.7103406816536,144.420786893688,664.5509326355071,42.456403708130416,114.70384774097863,868.5506579432655,703.7954599145457,427.76388486494545,425.546643498502,985.9698911070219,674.0479306063175,158.888575696842,0
71.8817316958057,648.5843017653254,837.9602198706548,205.6630155805943,128.93028942392593,47.428071143829854,250.22598230094516,398.3815380414413,781.2021872589514,171.9643247288999,230.35667155589246,24.478746290516607,265.99019841619463,353.9559012930139,104.4755668307088,460.459829521518,185.67705085136942,28.111209115442847,808.6785835636284,989.1007205134216,1
859.3251966673776,445.58164221514875,270.3992760248771,559.5727837733363,330.72975970491046,999.9467152069841,721.6029105864268,34.61953499086889,736.5725351212151,958.0846406008126,103.03242737811824,526.9399022223797,839.4560123894424,735.6108829691035,664.3547243327299,773.6463171380707,941.8804451644436,549.7185612487481,377.8386704211323,305.52314177482043,1
555.9940649426283,598.6250790273058,95.34946745040185,11.11316232360715,407.8376093886954,301.51014078435213,591.3782115083263,401.66917362221443,454.21960109934224,824.199521779309,363.6453734341329,812.8555019211485,231.75097541881973,789.0705709685566,433.4088490508542,214.92592829952727,393.10913090096,337.7120933992914,463.25231445332514,312.67129102204007,1
987.7536446182505,460.92990623916165,91.81945769963396,326.5337119305671,787.2701704961967,678.1249443522289,642.3551292146152,158.37426941874156,22.70306584063686,754.4474188497361,244.71456694808512,242.84313432132532,293.1990216657777,731.9574620584451,967.6877505862225,577.1361512882739,944.2612160714128,586.7646500943388,559.7919491148064,994.6590610097982,1
200.36810120184668,319.14194257500696,545.6202948146502,18.609437833610908,844.6442154453306,137.02480639072112,272.2441413943969,142.08513823701009,283.1839504719208,227.2791206816347,720.3632939396427,252.18949682867142,171.75037326752607,450.953375053285,674.8412776379203,87.30337691454615,64.58890207494639,500.63385894792975,95.12593322133789,271.08776004361147,0
877.9528997694293,19.670903041650533,419.30556578815583,581.7189692666757,926.8277565191439,923.0386689636545,232.59739555968684,983.7337738996557,750.9127944055967,29.59509175716013,275.38827791523147,547.5348914717953,277.3653565188393,829.3381954722754,694.3133771696074,929.271658337015,563.8295321108463,383.8482157966312,145.10761151910145,523.7783681558077,0
870.8640807488747,981.3240750950964,943.293785439133,203.23306501733063,548.2569698737086,67.42868309913553,702.6411980680256,694.6095917419019,347.41354800394,517.6179004561385,666.4213823118205,310.8800054019973,508.4105762156085,104.02363706760399,290.52599403781534,978.9626805152076,865.2959300716903,556.1714537583305,229.79749184856112,99.66008094194001,1
728.4263779266737,926.40626465634,179.6450318961823,870.7891395114495,384.5035143512564,674.4361504229803,797.1045920203737,923.0899671933628,441.0160498648995,883.7261100676999,133.23799176293784,385.0996047730711,133.98953128208956,43.33074807565973,853.8856314699538,813.5852859374287,39.47680748438431,49.452884649519135,304.3433925077617,949.5230245984992,1
368.44797750391723,521.6721417558255,428.99618657408723,220.02877254162613,191.88042626567747,804.1352708620257,751.2359076487737,717.8524196633805,746.3929235572704,851.0201978568214,821.8339362985823,934.2832822106584,426.0988710352933,331.67464020740346,907.4117475313012,415.8259803114852,826.7405064423427,474.24005601503603,632.8638375234566,819.4251426247052,1
23.677152787350053,567.6408827494005,562.3748274355614,669.6019328876004,576.8355347996943,224.8987793824242,747.4842679828049,329.55444574621885,552.0224893420956,634.5290714015626,108.03832689546822,748.228040407327,688.8530222552815,228.2505022789182,976.8960117865785,374.98068073561507,880.9847324418677,813.5276906096055,226.8410196142059,86.41615402229652,0
812.3488898649773,198.69247389249168,785.3037170072674,46.3009147850364,307.61743646194736,44.06382226803984,745.2877096760499,475.76346979924546,788.9721904964433,779.4920760293833,86.86388614368413,122.14052027870603,486.4270272487853,594.1382716230521,931.3531842686742,5.946325973811395,627.9192572041286,57.22870860943174,725.6550149047121,182.46622993664462,1
477.26546179787545,174.01102054013018,238.5782170951899,169.91279564456363,455.5029044545146,390.64918651028114,958.9110688917439,249.5765057322109,622.530965624645,14.221308442146196,755.8567247816724,692.8688610797856,951.4533746762045,931.6921144432359,357.1089676310997,439.7790075054552,840.0369208913907,470.46720102350224,642.7017082625409,270.16504741313463,1
886.5263398550732,256.51213177940815,128.77563420029793,400.8503835786514,560.2750172387899,38.077448637172104,533.653228199983,441.6641578910742,926.1940342678755,90.32619698918309,54.6333241534328,338.0317468908295,288.87392834292035,875.7003238328549,956.1898966144857,914.5584890516784,583.6945294044576,50.13356644199784,322.4811678516023,545.870592970282,1
166.57630937820412,498.65016169630474,210.87542334957797,453.654424909975,558.2856232095955,905.1077977750855,480.2544925692462,818.4526066209521,530.8368142449492,123.36306856774793,896.7043207565421,148.55329324554722,320.31808527493456,254.65816566384947,738.2913519901787,702.1470011816323,496.8922095145938,270.1475040332264,583.649402696184,448.3522174013632,1
106.29879798455855,673.4375281463466,508.38324229407095,512.09761064026,599.4945739905025,149.37423131956317,180.54150456047768,222.28183234362453,618.760042253486,429.2161783913221,776.318692689181,515.4431246645433,128.99398660381368,544.8101689281694,760.9175637610534,155.71599075151732,212.91319135036323,685.4985961376849,25.212980338035873,818.2238785690615,0
393.4269673844386,46.57672412842062,86.55591092705373,913.4785720453649,144.29691551566893,439.4168393595386,585.0223107149055,548.9662122332276,330.5939165591109,933.9956450389852,343.8235922076629,586.8441329043509,376.04762514685075,251.41956792530428,334.13566628383694,261.7150975631778,621.2273931148363,560.0266356962995,609.1916445483183,750.5530578346805,1
415.98804707885097,123.81506835347645,165.02975079573255,32.54208663887981,641.2326721589125,480.8931100007692,441.8722433782112,913.769649461365,23.769511516039564,643.292571501708,13.060092395098422,474.8331984502455,838.8734786973015,133.83341723972586,477.2891620829991,578.1908134019337,408.00309394462045,737.6778051114012,510.67653079511285,531.3348447820842,1
171.84610717108774,819.4922202973721,620.4663067465675,38.08035425641621,611.35364440134,403.2589170106806,665.0348386777531,203.45907528368312,378.5993519637228,631.2820280211705,235.9462160270549,259.2788202478495,797.5568408364696,97.24191744443334,641.1558589495077,719.5838246686815,941.6175008252881,595.2172122048979,432.1020579327526,142.26796465813985,1
799.1301440105248,484.43371908282376,376.4039254704382,255.9435397243589,951.6347425379946,664.2397792523598,834.6379588162094,57.14613150506786,87.74260518136524,70.02512131183447,962.4136357573775,904.3635930037508,558.1834845882693,43.40532317830059,223.05370072758356,97.36670276889758,553.3013786014092,50.38524871358629,972.3812540373889,351.22915111191367,1
626.2594050213153,714.9757235739552,701.3085008783022,1.9846481050833642,837.5038017690408,826.3949997551753,765.100292203291,672.8164650944597,546.7801735651392,851.384022695644,338.29272999848183,350.0780441275241,59.68188728298385,498.3634246854189,761.5909292681057,581.8658615401174,503.75707019942405,946.6127128370063,923.4200449124796,841.8743452468165,0
601.2976545262981,168.506137896662,188.31572395026942,963.7896095110231,567.8169858464432,220.9683550560536,812.2918283241587,598.6304334323056,506.6753318005947,575.9387040931854,521.6579023600854,555.1572053076236,322.3792793469251,991.8137499700249,684.6508039779891,90.71004928193437,124.31065316586188,967.6771793977263,176.94794322921703,622.4535654149845,1
979.3539536730099,369.85299308146205,386.4827068208638,646.2173810324208,48.319138444894996,247.06115053419975,187.6524231223933,609.0752088665733,789.7357706324264,436.74501796524834,874.4444476106257,191.82857203608717,167.77779113040015,625.9801742137927,862.5063635754308,850.9019750937156,123.78091865826579,57.97971257410184,70.43508858196057,842.4965911364699,1
772.0430413636074,786.187992228988,732.7590587225374,465.53454479540557,546.0067757948864,575.2160808476807,17.572916061049604,48.45055107214602,230.84981726397103,669.7128485015776,46.949138905703514,793.309820481486,700.1279758170849,189.51599469933123,767.2141695764092,607.1774208503045,684.3913292900571,707.5856750144568,160.31538574466296,102.18778012880736,1
935.034708780367,505.93254467969695,804.4705126843622,873.0296024260651,865.4745220688436,660.8851329204946,549.1370215417434,697.9026098163412,56.24617223519801,644.4501156610002,334.58915209485576,787.4231229494993,36.564831983608045,935.2034610992035,570.9912916064227,403.68376592985464,508.35209978160265,623.9477622746942,777.2854769377948,887.0862810633494,0
293.2155364077811,639.0644894152919,450.40260950316144,319.9023819739438,580.2190279373224,747.1212517886089,520.8654959537085,80.03077046298156,184.44493479530132,298.4158676366796,541.6348375980547,140.88551632467173,954.9853732919449,630.3241525924362,122.58535929915182,577.9082589212467,406.1625889636621,63.38581069348048,143.24420884976652,731.4829319373415,1
992.6623311600852,286.30733640957095,291.59333224170524,680.9940048958093,343.14767254098643,480.57068639380117,902.881577945772,817.4769999725419,550.3043871770845,465.91029328522626,784.0893498139234,865.2698617756987,368.4824432945081,634.785293072439,758.0894068139437,240.0426551956587,412.9499430665773,198.76286540701105,514.1345310932396,418.4725072616806,1
610.5717492860274,712.2754488922661,181.1069328975764,266.2523990392909,466.9924783448398,512.6582258142392,152.61638250906338,368.63787822521124,145.49894021797272,631.0633107059076,268.5494052290561,558.0500548180722,697.1109566050397,273.3525030342723,944.4406250785745,778.3208808015116,464.7949725620762,584.6858170378582,576.4037919243507,371.89709102161595,1
351.1564621874097,514.993120781419,583.2078803478555,59.272719783101,866.953001090115,601.9219448419266,186.4319230975219,713.038614666528,490.83182427246766,283.00894568380807,747.1143802449692,607.3442235550331,398.28912346357004,854.6970583025785,775.4017140093088,920.630393954786,739.5551116572452,387.15878167625664,273.07833819314243,796.7410234340417,0
869.1255486700006,231.89011215888357,528.7085495416194,401.1046424437734,938.9258044507206,801.3511741073103,176.50732000937975,414.9765624897923,350.4743025703463,282.27719376063067,100.9693739302332,667.8741839132182,604.1503600485053,765.4580826315423,802.6823655141179,431.60337565067084,53.16614501035954,740.5817049998487,571.7122908591892,586.2645950650958,0
437.75771877998426,827.1418900984243,685.0337206058158,802.8700963225235,938.0833333302228,799.0267102566988,499.6335414785951,634.8453517339851,183.60489554699876,913.7319904939403,403.1109982784056,725.1020182373485,297.927379211565,299.3608519671905,982.3621615952248,838.5962177870748,224.29949899360668,690.7362299091608,40.955056237755194,441.1652592357722,0
768.2223204314989,979.9845641957502,218.62256815122316,926.3861877817318,901.2367756597516,706.026412296709,811.7583916455297,62.08992747861642,906.9923947921656,585.8322780429229,447.79775662511855,201.92118291080808,426.9715013494124,198.26495163596914,490.5947897823112,490.71394240659197,353.4999182040627,3.1346444538372653,740.3395585410706,197.85503328475562,0
434.1484854609553,296.37495712801353,654.8595258533347,625.8180243143772,877.4921328267632,9.105916955567285,197.15717264109733,808.9921164511217,193.1403837718021,770.4947518343124,437.7000223469194,333.3921810560938,247.25087756351692,733.9542602222107,360.81686912637787,385.2423440514328,610.4945970398066,599.5785204475666,41.17212872508791,720.8243403520669,0
395.3001068706607,856.6662561043889,918.2777537040155,332.74023743487413,397.1821909213087,65.42269173651094,654.3354433782572,949.3981727222574,962.01999298021,53.00366744345231,488.69485943082213,554.3913107773593,336.34428242477435,486.216517129581,348.67614473917575,778.7883821059253,8.044381801102784,925.3740177994258,156.24387279444773,658.7385717849261,0
189.52729393842083,102.96791328741838,507.86975555972845,951.3908667763193,807.0028945391431,121.47382286950193,28.818662036262932,41.5182555579301,785.6812234218622,23.937532761507676,974.1902480048678,894.0529619799626,332.7421778673274,888.488287017096,371.20876962412086,712.8410950131099,185.02164537879617,888.2571495990821,409.4046014131081,283.16936450587013,0
379.12854280686525,764.4743645540902,302.46067278399335,858.9605181084494,102.69696660945249,211.85879083003945,801.833982451916,770.5618865616644,330.3878166630998,700.5548625177968,690.4039637292398,372.1678874644968,159.19397933788494,932.1341931750408,198.23024572864244,621.7777962079211,17.76862237808441,759.7437132762783,789.8145008559693,597.7922531901969,1
131.1732550546605,181.468295695148,635.2785148018206,31.10419686116095,549.6903718896791,333.97916824771045,787.2004465418274,434.83819113423425,445.80844485744285,154.80621671086524,280.56661899941605,862.291049630508,106.35836202585081,380.92615791763143,200.96544240183266,909.413872719425,884.2985970855416,68.9997792560868,373.22164941054183,201.15972485911914,1
933.770703387317,288.1671586056797,388.1097680996218,760.9711527105201,89.7189579048987,452.6217097181604,944.127652256916,886.0572399667334,483.1996253304005,630.5012149363118,909.8617186506483,832.4779524111218,935.6079039140639,759.0070282378268,656.6081529857911,266.10997537714377,316.9678648344808,743.8871078725239,810.5233789563167,950.3956996112846,1
703.5980142934793,593.2809641031284,709.474509126679,980.3785384319131,245.693717356651,155.9384663667811,116.60858661321815,51.37629087998141,773.8601199076398,491.35383842297,533.2951879222601,3.6254967499997903,970.8779345504146,922.6234699767653,530.4075907870332,53.23006328379476,546.3807771148989,181.8284787397194,444.7428184374506,35.76256044001014,1
727.1506129345966,215.71318608161317,220.5310217015608,701.265584571604,56.26997316862936,929.6972508994569,632.9803688919892,94.62757380845555,794.3185987365102,835.6755840139039,625.2363799638016,868.7158879384543,244.18704608695953,668.0841131087774,807.2857502985617,253.98991351729862,504.5486400438951,45.98689524574839,859.648440328794,745.2343820301633,1
559.2356644277952,953.1776926920484,632.325624186952,150.39315485051785,277.34165353405473,153.27137613561393,621.5900116711957,242.4002572620526,237.11514663216994,848.6373473143518,867.7887414987499,768.6430805469349,241.9312289016322,780.1415915457951,93.0399566800928,93.14108744311744,931.8253687478325,598.6454249581761,240.26286526475616,215.3085275620471,1
115.23129505087626,610.378541944104,979.8322909245571,424.6543763019368,248.49374566235383,897.8509435902539,277.0657220867313,713.650305309806,170.777456803478,526.6350851864722,913.2817097386283,248.99308744640092,157.00883434825897,129.69480311010838,517.9871963963958,522.6045516017552,958.1891285050641,409.44656040071993,628.3439035787103,939.1328585041525,1
552.3072214649127,176.36330929943512,674.6744276521654,267.4010818536118,199.4452196204024,157.12265204480457,229.02979740207118,786.5331657214073,839.2054606346246,454.3145902736747,127.97879205457019,761.1611276000822,314.9104540864257,1.8345594808700794,318.2307560285432,469.4722762496285,44.47773715064862,126.9123847357987,873.0557591716702,11.789153875476298,1
588.0147104190359,713.642365270985,576.5321744971656,458.2817140345663,390.87324637850276,519.0685586864836,365.8403980128367,910.9393576958172,204.49512485091702,997.1926726763752,112.22322212766589,580.1320607541157,652.1827769931572,254.7837711495986,546.5795242525552,20.16018960482402,920.8252604839956,115.10931509581323,919.8006917896656,65.26456373679711,1
472.0906211105881,605.5306701575588,12.56568875777675,417.8803415136728,773.5190305885748,931.0829541018736,855.9569526324768,268.87489135747256,453.0761920485553,78.13495776449064,175.80199063614566,616.3298464043513,627.9119860083545,18.305282800400335,281.5429623715623,937.9892695652046,291.67633069908237,900.6777359323607,748.4468052819249,628.2703080909105,0
764.3388933314019,205.02493756213102,696.2538366016777,343.1438045824764,632.4031554779611,387.2450887447131,334.56958197788254,636.2305025107089,653.6164204849107,939.2692792579479,175.27249152196867,882.8334604072285,65.105980424215,855.6185328578331,721.6403841946468,214.73726669025805,373.3449030889238,275.5068890083121,104.72368313573976,216.63353506364257,1
788.3138221377744,485.38629098345285,845.1388848349244,754.4766726426648,280.18039330588493,83.4303984078234,91.43259101238587,315.0945789474139,677.704651223987,305.47162392523154,907.7090090466721,858.0655194443978,461.6431446694668,884.2554081567779,144.76314637826803,917.965176957254,728.7088811374404,691.7929806790875,96.59139252080895,977.4294469104,1
845.5337147731622,261.17251152388565,413.26345755561886,391.4759495492968,949.0902686614932,303.093229332368,280.9359611001123,868.6260993108968,985.4427213462083,320.36470453067244,448.1684545530963,915.908503342453,866.5173015471413,900.7081467879397,778.0109144108686,89.17506328505121,903.4425125718672,761.1495052023338,530.8491146427093,937.4813339910578,0
888.3652474521803,914.1308447852659,182.647619516482,835.2617020134263,29.025806886559312,764.2222399170191,947.1009044020142,51.52944660764946,810.9523135467865,835.9827994416632,28.766849266294912,99.8149835024107,307.9713333929214,875.8117157896279,536.9611303562045,50.24575499221673,31.00602757693416,606.9005718758308,891.0531233677143,433.4485509638063,1
621.2435566329277,137.335080642367,596.7179269101626,237.8170050229328,39.250626430648914,313.97910331951084,963.429588211907,886.5973699655374,779.7351880938866,80.99845586831078,761.0920338906891,106.8990366125625,478.6746053831572,37.22334188604404,555.2679720333532,118.31218065453353,890.9035952418395,495.9428085310572,71.08994921135903,563.229974984846,1
854.466926228998,704.0993898973932,33.600668297942285,257.47868067972166,232.73795516495034,996.3545498904708,96.76405962104417,999.2722517701335,646.0788244821207,93.49870350540156,414.92932062037926,454.9352774381329,768.8517503747249,542.7199352715417,972.2400509349513,607.2346062624109,570.4371962865579,325.64686749750626,871.8183177531469,943.1492589517864,1
641.8962161265846,523.9401576987552,726.9560736454968,140.49921024645994,582.6472664066345,259.2081212694413,273.71673456307775,101.65507519467742,99.58263625192166,730.4645350135362,983.009043470314,297.86592532724666,160.23028763944657,893.0636170099162,971.8802176412727,574.3625727097846,433.4261552236158,561.1814912826255,231.32603599297397,338.7400494477284,1
767.2707659619712,51.04002868926505,72.10594555349437,301.4650459850683,97.65166631140987,810.035600650634,558.4127607241044,407.4789688651758,721.6047927657842,353.36267050157113,975.3555723951638,989.0584292099169,592.2196954034795,585.9674347776798,371.81949984382567,810.8240375132912,850.428522199565,282.6034979834554,418.8867001895892,832.0680730155274,1
662.5158321407653,960.1493231297512,326.4139293194437,336.2534115735918,765.7999940139438,154.9373659556067,402.7648596476621,337.1855577741902,11.863363366720225,754.7923754597034,467.6540813297071,669.3071375919942,507.10922993368376,686.2562931113133,972.668456342297,181.4585371997003,860.5933879335134,14.387543474053244,602.161624086011,843.704880504629,1
707.3501873919072,806.3260050814129,229.23902013273212,883.1279504080566,663.2892704967411,246.90587692109145,131.78765683921523,220.09452816912466,676.8919635219596,439.78203907130654,642.9421332496788,494.04781685378293,112.85462602434926,98.20980619855845,937.4369112369719,509.41901380140274,921.3274565210257,674.5682977193474,205.7878170334746,651.3778054007236,0
118.45434697300827,276.4071505787015,503.4522909026875,836.7718498294396,869.9388823258417,102.42173375180519,881.2357574621836,321.3365544088027,173.8030128745348,241.22280044301746,779.1476976056508,167.3342040339919,203.88790689002224,859.1852386649643,948.2185437544302,254.1824410683846,519.3537372119929,373.25317779755073,858.3818906937365,104.50673031006264,1
70.32389817759687,372.38598096200303,387.67605658700376,673.911478014233,198.81140602749824,833.4136666488725,24.225983198543855,245.51531938852622,904.0284277089371,519.8393738862959,15.909695236413945,338.8626579440026,299.27201957101965,172.28696101531304,311.64077957990656,911.1254164641538,611.6536313686521,23.03354493339105,741.4880013270993,146.73650810375872,1
218.68497019059907,707.7792437637112,659.0755322754204,233.1506943479814,513.8202279289021,619.1737747905593,525.6163339481948,237.91471072629545,0.5603525755137895,77.59448320760087,403.9894244990678,243.4050293592186,307.94648792621814,38.965399925836365,673.2440439021559,396.0160505834276,648.895276828541,416.00005389606787,353.3524287072706,640.9953231759756,1
596.9277603016844,868.458396121785,146.94091656114372,354.15782302017084,920.7484887499306,376.41811636052967,896.0228338387194,271.7734343309586,642.3644772577794,690.4709681609836,335.8626145070933,387.8477731915462,757.1203157125798,421.79653182148127,645.6844452132386,968.3969135778309,331.198672124563,350.8385636225375,658.6825832194263,804.7139010728824,0
967.1043040066714,960.9590881635967,38.696920649187724,833.9850417316493,662.1835302614271,51.15272013250127,517.7857834531593,177.17980150083457,822.6017613293253,655.0220805700941,413.93650112232126,477.06562557559363,243.03252125994612,965.5086621649262,160.07100288319677,833.366414821849,977.4360349817837,64.88328697488444,88.06929141883724,111.90619802970414,0
204.1774054655826,169.89421489990553,586.1563401757455,461.87653164591194,551.9842495611872,42.57793479826111,503.89066149391084,138.7400875224094,401.01832705257914,524.5282241751052,429.4697875208835,444.24690197268046,992.646070414843,986.3059573797858,352.45547350935857,901.341041761216,312.18071961104744,168.55853378079544,451.5128669374554,761.6933047075877,1
397.6633521492047,181.21767929944255,515.4621970097031,572.9389953717202,492.9756157842569,617.1112308972788,761.8632154121908,959.9230428905489,354.6327931366693,252.3223029295121,672.9337166896286,311.2421566656864,544.9999465890514,122.8495917335154,940.7781652652319,975.0830828806039,798.7951883250474,212.85741459451955,666.0881432315076,472.13956377092035,1
686.0027360885847,500.47910798384333,690.8527527359508,356.7584817516114,666.9140713251417,109.15615175699244,892.2132046783383,801.6101788382691,957.3469043510952,192.59246965199407,381.64539138519757,912.8150647197709,879.2424499082211,69.9180634383394,507.9573624370066,565.2741647288346,772.8909042171294,244.96387299714252,76.72447516610981,838.7499921158045,0
684.3008276464233,168.21499349228307,517.335257922845,229.24137114014488,634.2438292950351,963.2511234695585,968.4238543625571,635.2470720834152,15.30878947065817,785.5700907720815,434.212075268403,714.2397798007784,729.3535808361635,691.3143165457767,57.60959945852273,30.659628923158433,917.156728696838,599.3842885109647,104.56879924297313,709.3921244429519,1
441.43626056468577,278.1116706997412,780.549197324877,845.9012757383958,323.33602667661296,480.98296396534533,726.3551503307027,805.4026817744472,882.5180358218953,47.40839556834753,573.9132524945885,339.3129153861787,59.35818573785634,126.9648938369995,742.8942933729031,539.8236714856863,172.82138882023202,55.84414443628782,170.31089029466784,658.4351702470149,1
376.5078691210417,576.3426028621346,507.72758269212426,921.2559648012823,40.38192644389626,40.20111197244947,662.595290948561,381.7889532725767,67.37716142234763,74.65414568890493,996.6278608062762,739.7474278110772,882.8491956788757,344.13007651887585,517.956675904021,49.92695325756302,649.4565108958165,221.83353938413052,372.1974569029095,55.124672170365876,1
564.4915143202816,948.9768411299777,577.7355103728949,163.11662215490063,181.98129892601546,859.2815549590082,437.5900292810333,678.2020796974433,863.0009033262241,472.0495849201046,767.8653891103148,584.1687889401443,106.47150894442348,7.057190425019622,729.8610271874177,841.5889172138761,778.9150902613877,92.28601570009687,872.009276285059,41.23504230633945,1
888.8203446797551,316.162698375063,205.9993998112487,456.761055399148,256.0789556453662,531.2821908195813,481.1308347550178,154.99513338841453,786.3841509897625,409.3749682996346,805.5918328060932,494.3829248810259,246.83327232351692,903.5954699111564,630.8927079798763,768.6064466862641,304.18811005812705,9.860329398415413,366.9765251040438,988.3456182119313,1
967.4525762880077,415.1561591397246,990.2894862826414,111.91292591950275,763.8053114059762,216.25939595860189,794.1281979182952,729.6943106236777,120.05494214121215,626.8407512777707,861.6108770537385,837.3384340041016,142.74817253917482,734.432141632662,497.0921596052278,877.3956024759192,417.0909021791599,611.8467584919954,105.61953157002668,194.45679308513775,1
367.7580573473038,918.7195488977494,7.626573533226599,556.1395270264109,850.5288563388731,723.6813328385854,477.40055364249133,309.3188988543398,674.8108818789926,225.72265476750943,464.8239739373947,313.02466326496756,514.274629506648,895.0428779717784,796.5183325647087,637.8016006974663,673.4884499808713,324.5374717100498,382.5564544494168,228.59412513427068,0
85.79348383558904,426.87614317009746,244.38998340319606,458.96156205998216,947.7463708267977,168.18153667236135,2.1900468907033455,357.49709056380885,600.251091298541,76.35614112201827,458.585416823315,205.55361524911865,866.0711786411858,833.969120197337,437.72860385944136,632.8214171721835,374.254061389382,491.980106426221,71.69533908550673,239.23302651390122,0
293.9240147282577,517.3100845548468,561.9648256278624,222.09695502624115,235.26688753210811,17.836248093108466,155.86383277464333,494.541303555047,867.2594520325929,371.5682100028517,518.696506065588,313.03831060639595,309.09702749110033,852.6913380031873,636.4540448765911,128.89334641141582,21.035786173302707,255.42799747177025,711.8509155719661,260.52838364188426,1
142.13245795171582,721.7380685789859,947.4084948090626,13.044863257309803,156.74774373068212,597.0521293963915,895.7461737884558,665.5910064817607,636.9444910325072,92.16111841256192,292.2230257710089,812.1771791837053,154.90150166464878,650.7012722495267,386.4474162329019,447.903239729332,486.2305598827792,919.9495765394128,174.32870746032026,222.95051760153538,1
68.26053728399673,570.3786201938047,730.1370175784554,812.6234570711607,724.8631868835662,457.7515959624798,692.3957755290345,640.084101126752,271.0359044599445,803.9721812343893,314.671525429897,781.5702176874615,939.8482893917627,574.4830334905255,242.16331831033523,68.62214663778154,662.4718077354272,42.58177429084387,689.4677120514627,121.81988890197893,1
586.7887930036803,238.62659922297092,781.0737473322279,955.8392743647771,224.21560291773156,810.4092100562372,665.9085735291612,285.4229300461598,469.9898277502489,287.8243556543323,984.7670332995137,662.9089350054518,709.0362875966107,461.98528497910684,245.1187929366153,110.10120418386116,296.1771484075827,377.8265617777685,2.878026197533412,123.10949970189577,1
521.7517814978734,22.22585906596386,74.98294925042337,894.6834701427057,978.316204336411,539.105738359474,583.2387528191593,246.01610414827323,327.8789185836807,740.7519525808892,714.2657444700612,365.4186085167099,918.5789593730767,494.78656801940315,738.9278771473208,853.7002428620895,769.8053701575415,576.2544424965438,778.4286920503827,161.93426654886312,0
433.13922547718573,652.9356348951035,311.6890719197621,219.62930270488735,329.74073999049915,38.28146358261208,656.2216217750001,808.2684320414082,263.07856464493227,681.8386853798465,646.7778301777195,802.9673040084625,439.1428370777326,236.9468358601553,288.9285977317012,752.8975718691194,689.3860657710659,920.3995231693247,938.0237131910455,167.37995594643905,1
278.9550939618458,691.3430702181213,83.54191947383494,907.119107188839,297.70333283279524,372.1939179884525,627.4498046775439,924.616910319349,119.70119602377672,649.4253535576182,710.8342315418398,565.7598920433311,640.3613419571038,204.92734625011633,58.98008032084046,310.00285625071314,932.8373318399086,66.51937644968254,696.2726158772887,277.52381889945457,1
809.2031289544766,722.151581005761,106.72470260493894,342.3492103690008,799.689489629058,31.893147825798664,219.5282070835781,148.70403937483778,985.5730554372669,667.7063831895234,174.72480288560888,724.760280841381,73.17976888318223,209.70522611962394,524.1980896163584,216.86940617408212,618.1229641548213,739.215274003102,327.61650097100994,287.34124045756624,0
696.6196345678576,914.8568700769829,480.58895016946656,863.8353057363202,737.4388230280925,182.85065085735687,314.372125759767,360.21142632646485,641.9602673127256,883.0491736453207,103.65484019389848,540.3864685765371,303.9283091905728,1.4538161026780294,683.2457560002454,922.3032718991005,748.9507889545868,27.0408600443226,411.71344462841284,706.2468121300855,0
332.81152080101816,134.91014601656482,267.6823434652522,80.52068312050898,404.0230905768919,284.3036482210899,411.3053048147991,817.7724346584436,661.8971563693269,705.1605641322304,222.18420601357437,932.4944897197845,909.362463306216,758.0448322534302,875.8667828358039,104.45499251023271,818.8212704268753,144.52648752318277,601.50439934761,702.4004589968972,1
381.78613039149513,751.2605878700649,770.6775468575994,376.87381021881214,372.52535096960924,799.6036375555258,764.0511121240457,149.11094989083716,845.6634988373819,159.04536695167005,552.6638124543671,895.0730281176831,847.1698872280977,446.74271600960355,15.2070507067672,483.53557499056865,592.7749910265787,450.6666196911016,897.8481827900814,691.0103173321895,1
671.0304381548156,766.7744157338726,650.1784699190968,237.62545249515554,273.152442018609,702.3155105765186,813.7473108701382,432.10349408001457,106.88891825162239,409.467410741439,739.5469991500682,854.7946066176642,236.19468643417073,694.2866430830529,53.04716369237528,375.6287961828495,607.0154115339985,360.97665914491483,432.99571056449213,160.57124859042858,1
83.77437363263418,545.0438491243741,989.3138004268164,843.4501481980053,760.8439535107156,919.6586489975027,316.32729973714993,850.9347435356129,989.0070765936191,82.0451212488037,431.04297295901296,881.994355393085,503.4340372540157,38.13668158220218,893.5754683653832,852.9226945147701,245.27176745913903,436.2147301800776,47.94197749915319,596.9696094340344,0
533.9153057686684,608.0669238949904,444.0390336598018,268.55412098790345,714.48559754224,515.1267662173343,845.1702864613005,425.3017833454025,369.85025978285836,155.50711652884053,953.6842708861941,955.6339186948736,56.05274191937715,998.0562341561737,980.4000550165198,981.8881882968066,328.8707911227838,300.92219038639314,727.6564275147628,646.8967543165365,1
216.23383051484646,294.33008315814754,536.2515085366348,794.1122065885974,544.006531551666,318.143532542954,220.5425085684758,171.75614136556717,736.0618828389253,583.2182163234612,354.446591076548,661.4720662711986,434.1107906608768,871.1523794695712,470.87164194317245,466.4474488298835,645.4274954083294,33.31325758119108,497.88309935456374,516.5820542315906,1
917.185107782653,956.2815346805072,875.6073353947339,379.3949334140835,483.02921872070357,104.17606033865145,147.79139101177628,920.151907739472,444.737816772528,874.8444330969895,846.1103100098743,990.4584031414423,448.7923436165203,276.391290557765,343.86805026779035,788.1130870690521,967.5372834530004,999.3252936663334,717.7072773514843,487.0395492134245,0
893.3804162477323,370.7066094726985,632.2933361508607,576.4465441904026,653.0580260866182,464.81422940819783,528.2650649243458,85.67753224872443,463.0561981169987,712.6657028098414,464.21645411113013,359.4011611471998,543.6810270387546,507.7378656228532,268.80883135052494,363.4079205565347,867.5475616418037,420.4961742433041,616.6606909683616,519.1274011382766,1
788.3234334132385,911.8473329699915,756.8365932314222,528.5412253689456,770.413343787924,515.9010404396226,444.3101314681929,650.131507699181,492.800670000054,980.9312314106672,352.138465172012,841.5230606688489,720.7405659977077,256.82236906730236,545.9138081863119,968.5706877629686,8.463238253401006,383.9821215082896,154.00454296793487,832.4611936484969,0
335.06999962585815,996.4963960582581,984.8889926325346,458.30948267738137,292.94096172358496,530.3700812898549,536.4097517942863,669.3106979228834,771.7417507327826,24.374944348585892,570.4564187943408,52.38688468264752,623.8848726863613,502.5707479102294,843.4663484433165,836.8980694935077,417.836145914887,738.3465913439348,559.3811035468223,662.1144414681825,1
163.48438538480949,25.5113828555692,893.6514528128935,943.7496479661687,759.0704485763014,742.7102916531387,323.5315669977179,901.6045407067834,18.657043769396143,963.7254198268163,622.4309367127441,276.3424502898252,448.83651703926506,768.1386525484419,934.2936986956925,395.1745597069507,739.763947737745,658.0567056116624,693.9201269270503,31.50450167799823,1
478.69572399143334,440.8972684560706,880.4244636886916,605.0806560188457,214.79772827752518,37.686095590325095,389.40617813800395,911.7583762662872,976.8487631964636,796.148001456401,518.1881134724899,13.969598952920602,548.3471177856612,472.1508423699978,505.06382115825346,557.2055981199071,107.10843395321301,784.2413002032355,588.3388638936174,312.91211549107464,1
849.8472052157332,665.3526213434319,468.47311365257684,764.6866494718839,483.7945790551926,905.348499678656,380.30085574827376,312.2643681383902,34.41597480899139,353.49126068848557,306.09766572773077,916.9917422663865,37.10917145366277,936.8985597962254,882.0068639053814,272.0604079447535,723.5080891473557,519.3303981862595,279.177294519527,920.6404877645244,1
789.3784980000931,342.7691925578022,181.02490274908777,524.172578009981,931.7757656723684,978.3974563535977,684.0458586380685,893.6510676389355,726.9241008663748,773.0845232019723,699.7672897016789,274.71429936514147,451.1141551819956,126.47919705680377,258.0572729114476,21.93217363797395,165.3528042767899,166.28351162781385,66.56042474315305,870.433682886946,0
224.9109161075986,249.85810631739702,866.5632771464975,858.3619872029817,464.04861977763034,517.2369404316502,700.6480997326828,196.35145287575628,411.13112352354295,318.98098662043964,376.93823863878487,393.76486628624286,318.3526086252629,3.1575168157835787,901.7313296407398,293.38219771779984,539.259067262286,375.04535089746827,73.92634634091944,465.6614725054552,1
487.9848691386729,14.18534229084123,216.1778244246567,138.2831437009644,155.2553834230337,380.8395780587888,687.3091125520084,549.8409731466434,820.4870524563567,171.4836326823278,532.8665780918126,642.9508318617922,467.7629237443194,171.73484123181638,130.72240009704606,36.6710864655202,354.4997140074747,776.3471024764465,197.99242426331944,435.648095904583,1
800.8075884218657,239.76169735365517,432.2884011539085,909.4312331239305,42.97240673335301,692.2757502702036,659.020080086065,575.564336139593,185.5128932791845,516.2183906589172,461.1123710664963,913.767464818963,510.2476390773636,74.66725542402675,28.627858228597592,442.8855998492034,779.3230816798178,474.3943531022149,32.66324319410574,226.4976960376317,1
14.861291067547855,914.5796833001734,803.685304332284,267.55470211446544,73.33316777428666,354.447869459532,357.23249587549986,699.8313019301298,368.45150967759963,843.5469093163049,690.2704676218247,388.6356864335512,633.4562052096219,592.7046540210944,160.20783073643807,641.0041567640378,284.92381723317595,646.365324408538,705.9466110230445,567.8754828194502,1
540.9926465280612,889.5981345907423,155.14355832296923,566.0312167158297,37.47860179070428,527.5299404341878,625.9789298009576,96.27485040056195,388.6179527249527,328.1563302721286,190.51495585978228,961.0759325924593,868.508963421523,188.44248645478302,735.9385444273748,590.6890825851211,112.7914636082199,602.5315230892842,122.70587997185667,331.91067282173015,1
431.7242108376994,899.2623769569235,664.9615225540773,800.9791441353171,592.9244018831878,145.36906429409268,298.29746299815764,760.5766439699103,316.0821516616816,274.62402810274153,787.3184884489409,979.9947504332484,147.0157714413277,211.81860257703067,825.8349846178111,752.5408879855089,359.59259539609656,275.5076739401072,807.6624274786055,549.2695038169574,1
739.461620079605,535.7266267706458,830.2550785523209,550.7712904446767,343.7410683703129,892.0908911867873,679.3657838214036,68.85014838051495,220.91343161845646,155.28742927977436,838.2693304659791,940.873287126541,525.8787664831153,101.14906100010434,393.7079330801308,504.87512286870094,969.1225171354181,380.88494650718684,355.877703332428,827.0923134464449,1
398.1125327319859,173.8405522400277,83.23732629572488,784.9711493870075,125.55013299169615,327.39988480030837,185.5359957366266,344.2417144587047,787.6356899586593,200.20796425632216,467.5648228216821,44.450696016275714,785.3138688053674,81.17298815877649,903.6151194525426,809.825134776582,94.8005647341874,112.99777837443803,914.4499676625481,45.21390116161683,1
649.2565942025298,153.6679626747397,24.298090332106504,989.3914122602188,477.3610953657278,540.9287926683609,918.4922714150367,966.4483706056385,420.4293112926795,673.5321812542378,431.98206768697924,734.943112837823,629.8427588989305,873.0994362606824,422.92508075624625,633.9450977123831,874.953848804806,980.6072592305308,51.67839129375884,600.6547061423097,1
384.3780635699039,307.7976392234494,739.7873063512045,285.54197720823504,483.7228007208386,271.10691928320796,652.7485242103851,680.0945876457055,148.07388471174954,803.8718674409594,952.3941226959287,998.2256418166974,960.0985007363835,582.8147352035841,818.5093043773718,747.3468831098422,875.2569083495156,768.341917205437,685.1353304439092,591.7848185414653,1
454.36548427390665,253.3873844648904,620.7147214909704,980.3257528191808,719.4421826724783,971.5847343729301,669.1361472503659,901.6536058436062,688.9652978424278,812.017672920488,138.41223382420864,40.658602476367435,309.03860870912916,330.31084469868665,104.74828010447213,258.6392478787651,712.5605133916434,532.228997034149,235.93743823655356,718.5018704034319,0
359.15400557534196,155.7754777139234,736.8639909466538,255.98422439597746,734.0064247928605,186.4298587141101,199.476534218903,25.685834639957328,956.6306758128028,845.7446537179816,171.67112678853147,79.51928944736942,491.6783168584012,643.60084345283,64.81180705180356,468.06917728559085,642.8974466302751,883.405735606525,624.4281028941101,548.8847904124971,0
214.21738578766457,414.7733194106724,423.2191531936599,225.20672969960376,217.8770468450525,172.61912819552072,211.53918524459004,45.40568377735221,664.0039107103065,887.9829005834068,293.11219298957667,403.7582841900046,651.8737178002816,195.57353339331573,926.3146766102601,77.1254725653534,823.4653652801265,105.42847009326772,503.83583422839575,343.5306608103189,1
600.9479894806718,606.9712004666026,111.20050812846915,518.2585909088865,154.02164741996117,403.53841009229365,592.9135287251752,662.1517923341916,923.039637545328,97.64421763120401,832.1685999661872,770.9396238712148,457.70512907716665,343.7186122953425,470.76468839518924,562.8596457545724,747.0715446802758,69.06424076847995,315.8135088795822,650.0076659536078,1
708.0323928732596,498.9430019075882,695.2287160394827,311.9762801279956,606.127508883488,350.0601259508299,123.0573057163391,298.1588284088157,193.35274234244403,47.07786729054586,690.589086587955,518.1603334452902,97.23249531546607,946.6851230950696,979.3792931680451,867.3216331288772,982.2417481143488,944.1535860024322,540.7152546755434,212.31129377467173,1
670.4966097117306,855.7308291383146,342.64795001621803,542.897764728842,431.5475727177962,1.4585075512283385,873.4376594250862,566.0995433678529,376.3927943181168,693.8871893408021,378.68921976033374,625.301042237573,953.0832487444865,1.3908297532816416,81.70378428928548,726.7487428901051,516.5356661701413,461.55372820734044,556.2194066982396,763.7638746050559,1
697.7647425332412,486.01373977992404,916.1872705580221,973.1888875167976,857.583919087467,833.2240071899769,816.2565492706555,859.6256087166653,481.7569774353846,830.7154782113275,179.77121705986553,454.9092203334246,299.7250107322751,704.7666202776686,269.9690739566021,779.9785184609262,896.2207892823446,507.4757525346356,510.9692192548142,829.4517047034293,0
413.2488907757873,940.2425380347918,374.06683224845705,410.1881015213984,608.8921038930423,939.7525559480441,13.85249362280594,237.09862431286544,492.80343965291695,499.6907810342904,584.0897513902418,791.2902919357809,359.5690068576611,358.231570092706,255.83721791934343,932.0038545023726,735.7802670498118,595.0240319058635,17.926566557385893,820.1742160718248,0
56.149308168292,427.1936153736997,293.94523753061475,101.1152245092073,994.9476494951157,182.0375399798718,605.4150358647748,291.8412724832519,745.7391730944969,30.31809860145218,55.26604259164514,47.84124186176264,190.5933730887115,467.7823450837745,905.8335297257408,902.7281420602064,962.6809635529,584.7644222561684,487.2303249659855,574.9857265623432,0
55.20592244417399,110.6359580969265,935.297638633995,229.3387736600019,215.24305555517208,486.44010445073127,929.4028219095966,135.60653227962027,878.1409834484508,338.3258373231672,707.1739502762734,394.1894299599499,707.4965894178752,826.3042446358609,147.0514391398088,69.0538799784205,918.8982754157571,70.91733200392203,441.1240830299317,205.40318761801757,1
186.63619233566575,711.6639646150445,264.46608158205555,799.68136001545,185.25108124835677,835.4043841799098,361.9028879831774,651.5326465398704,98.1290434485278,659.1955109141915,907.6398837935626,681.8477260195865,554.501582799411,333.0210866600361,589.3090218159787,854.4168826046459,986.3603277440643,809.9225417378383,817.2214320880079,42.59054071397106,1
745.4856454183304,175.13678796122423,885.978571575779,734.9886197051447,119.37915504095986,605.8721469217013,414.76813746387506,509.0266623103542,8.66604327019771,471.69194142269464,494.87188350064434,58.67515399039958,182.74226253597504,274.02147777163685,288.37862750895425,340.4573106531371,528.966356039197,243.22413221212835,699.3709478094044,364.09167511897846,1
19.238474316663257,557.7601824969498,230.26978025976985,83.83038827507161,175.8925899207232,325.55939196888573,40.49571578411915,926.5284718620937,747.966759431177,427.18011254834965,748.2039769467116,784.0907684205314,629.5285356093378,683.7595940534811,772.1897460393627,314.74915167830676,131.76987498432558,793.9650852349318,521.1908938206333,772.3729833621685,1
569.5272606754006,279.3974807097962,383.6989388981796,285.46513300138497,754.7777686475347,221.91285970830742,484.8487466015814,860.225509867678,417.5692950286709,252.3037727766334,440.9591749045338,83.9243782473531,922.8373107535808,325.2645967063078,662.6341278907951,893.3546632473409,237.79834143103284,519.7967583254128,946.0791060951453,26.240978798310888,1
379.55326032065284,731.4012019937145,369.05296839753873,274.8332823451436,667.4472860660347,18.739918592344363,549.8979567481794,352.26814460906917,72.42359924654929,925.121383716617,153.5339803603991,978.7206683381661,883.640117443923,869.2063763443754,824.0380829887862,411.1789617477996,646.6141927742544,597.5100866176082,821.2779881338049,6.383722601801423,1
556.9838319888305,157.9180741751549,995.6812556641067,662.6606860663971,332.9023323987719,922.0776270279785,674.7205843066735,924.2435242938085,862.5797058465378,939.4689404849019,492.33116566153655,50.77778127121291,348.8550169246961,505.68359975188014,156.57699793440884,583.0456772185618,556.2316146506145,104.7940809857496,844.287861573043,486.99677229808844,1
302.0994532844311,526.8199268612946,786.8128022817364,123.93235475482578,858.158484177433,147.5695650268879,813.6842325914155,77.91583047663852,683.9288505274053,244.64987691069206,838.2335334526066,172.67702317901367,475.6640154047402,144.6570066037769,958.704243368511,451.02152866449154,398.6545951526831,606.1017188443599,611.9086455310687,830.1587363214635,0
641.786158124333,729.3740297142169,794.8298813248745,651.4657876152147,300.72404692787933,444.07736195792114,977.6714145066028,712.0157068469168,276.9534272982493,186.26219181407134,819.962753231194,91.25294738468337,292.0565087062169,814.4199392858017,694.3855235702368,176.99574249469575,692.1232956245815,945.8793286542398,63.60587195924872,616.2170183301469,1
378.7943967750541,665.0029418348104,939.4700769148681,942.7355095424826,354.2354919949239,650.2857731855637,997.2009512666842,164.35774880968512,187.78867985623404,743.4191671173936,243.47550410801432,217.41958958366314,723.7670518745884,439.1889591826024,481.8775886206291,145.868139024089,902.068980979405,121.90145304987965,587.4524187910896,935.1747076191385,1
413.9949209161312,310.28010017858895,388.81139205618086,578.6395049615785,296.9037899242958,250.68993271585805,567.3000594049286,787.7202855670535,435.5690505909159,983.0603907426738,668.0171209876415,244.47641404350406,82.24285499560291,576.7210770131932,299.98979023559247,805.3889464382338,587.8812515274722,218.3530477314003,946.8473510930926,986.4915788484727,1
160.63667718204022,239.0679383670774,982.4210437990342,112.01981163558072,214.26568513167265,676.2870699606046,751.8737793813634,363.72115553982854,830.9487513747604,120.56662459493339,598.736525190108,562.3608951626024,955.8804419787011,930.9725117551523,374.6548170432479,719.8759081698714,184.03094225793603,985.7040493627051,940.6735959086494,814.5006206922789,1
586.286465490519,34.46191336728699,427.17340255366577,843.6669324708337,619.7426681264167,526.037332437483,71.18434932404527,369.92792435148436,116.18201493104208,293.23547220646685,548.9943402269053,0.7094468401035448,323.58239423051185,556.5529473700178,363.3662659477558,717.8026336505262,504.31265563711634,962.3896989170962,141.8532797516031,691.447940514581,1
564.7481000509642,696.6524699748772,136.57395107195168,763.8307391678419,789.4629616062894,819.5302032587026,446.987813244638,275.36749286888676,922.5471059387474,252.81610762006602,895.8204955536502,543.6949541932546,525.6563505597892,536.1734222379763,7.766436448114145,924.7186865309232,883.3318885603826,505.04362623595546,673.5447864267284,907.7621578692638,0
219.04746944790543,541.505955536661,945.19711223259,802.2406674988307,704.1676107152281,596.8961974896796,25.346060822260654,143.68455034749772,297.79216504846306,838.7970217585787,264.96123570618136,632.9359487782109,361.5108775919761,77.61626249050391,267.4175337387711,525.5367484560841,434.50859591926303,559.2537902565552,29.09723158793387,689.1162937869411,1
775.9281809752564,404.8596606888084,903.9262807701498,666.7172330650246,631.0577024214012,537.8497447705714,17.938149164678286,918.7911912110991,418.4054986714235,82.968030230971,248.15690443139638,475.7004972946622,661.2104566224621,643.955255784343,272.3957811962786,37.3971475020447,313.3811022418578,585.4129485025486,63.547235123055046,955.5699654843411,1
823.0625121362251,617.6037193309303,69.69834591744406,904.5937948718588,712.6204105706528,150.4061043295215,761.2166584432667,860.8135184161305,372.85455908494527,860.4120238781824,427.2793387746824,21.804428473817804,529.5305856652787,233.8677515680636,73.97300341642877,610.7843643641804,927.9020226002945,839.6896241561575,108.9413223509893,211.35249095383023,0
981.959605761263,603.12064765063,720.3505811678646,411.1884262521924,832.7847391488891,837.5348830955278,535.0723374958192,33.12645097855227,899.4269619381938,624.7085319047409,943.1938260295859,3.672379990106278,708.4295856311825,378.6274327708371,668.973845886872,417.64899420276214,927.4511015889697,219.43668192232514,285.9722952375077,178.23510355776895,0
191.88896503513553,895.0343838363726,794.2896434255782,198.32352722784464,788.9475322775411,556.6991732223202,844.3145280729551,498.9043918459276,981.2186980129674,128.6286766928747,572.9969618328201,41.10408223042694,567.1549098357482,471.9391211063474,203.81997932992002,86.64536148079883,35.761438010421976,550.7276894972649,634.8149026137413,25.529410586008773,0
201.0269954589985,211.08182261334875,260.52855989788424,506.80902509976477,629.0946505746055,283.3084236581217,644.6139855680635,957.2996953332391,694.9502335629177,219.9631723477484,701.3468165838314,810.8702726329408,536.682480669994,785.1167610661153,600.8528763846996,958.2179103987747,129.7052702797471,897.2409193086803,575.5248270114448,38.26975696110535,0
269.80548555876027,822.6546051427048,856.4595285303599,296.88143895265165,940.709532882865,421.8481971250282,493.99910736662946,59.550581718656794,881.3538405770113,927.3309777763174,835.9506827629494,31.599944251240466,337.4442496277877,41.903826917183416,746.1960720458725,375.1049341321012,94.56760879370407,759.1392288174682,364.85076975630113,732.0504484448826,0
979.15421703245,987.5499546455146,174.49142537461228,951.5891130500154,837.5544649296229,265.8729713215131,816.2356557570657,851.1381878971529,93.10947525587676,962.6921690309243,698.5445220651372,919.7286513483339,160.0616933402338,27.885336789002846,728.3205786680895,387.4494072458639,641.9911878533691,695.2935293019399,100.71605748128066,871.6859122775429,0
269.25684306814037,154.9597568826726,373.5440744052102,782.1652508940883,370.89608547319943,27.404622847739812,714.905541059349,67.36344056203181,445.7767056167866,347.18584624865366,491.2070788940772,296.3421335640204,150.3033890643223,728.8700807657738,921.3733555217021,701.4970285459761,563.503990393231,938.8884969359547,778.4797034405141,555.9478827401638,1
907.133831131713,509.316945730231,80.63681510095033,353.85686767827417,673.865571919772,484.0060841969631,529.9425696095747,347.4698917616117,263.52006573471976,297.44723823554654,542.1806713242194,164.50714309901338,639.2786833594519,987.1887293366284,108.26520997131384,714.6998680162939,59.581503482766365,965.6500854775774,260.73761186008903,11.873383639250058,1
388.1734995776964,594.8917513834058,91.52531181454171,792.390282366605,298.6473847141406,817.5850683089992,947.7155047424139,321.8513741821839,22.14978272635848,517.7420050198526,27.52625511824491,815.8062481748859,461.3175951348513,268.2153263301437,397.49910170046576,496.9579305357127,799.6138322427008,566.5820278478778,634.6748951831519,338.36959859657225,1
529.1319411515786,48.902947845438696,333.6880010988408,433.3656323958366,584.1073585486946,407.41240684927226,640.1163242526777,439.3011116966191,88.54406311326224,959.932868724705,358.1487477229106,115.34793316260661,993.723481462202,985.4302440002551,719.0125174967911,991.2168280560478,995.2637813291053,995.5689092028498,214.48253209931778,669.7774616719004,1
728.6041890144608,729.6187814552527,499.57314178600996,833.8527762502464,151.41840494575044,646.7118653959666,609.3119273335233,677.068768678554,716.4871639394491,444.52109544100307,785.7853522621263,255.14870045920446,849.057441587687,936.3462413028753,712.9508083217015,761.8746708777422,336.5075904243316,343.4581113694176,990.2620919354482,534.9368473647509,1
148.44060203633126,61.217660864536725,428.89088347909853,924.1750740802538,483.94340559368464,449.81078376589045,306.05122518364925,509.85766182587855,986.2195929154329,722.7265379730885,920.6447075342261,955.4532268934324,605.5260435671105,488.6743534976892,65.8815771557475,453.0522831161724,216.72864120760138,680.812082559781,562.4850669244677,17.67076522532507,0
551.3862291909485,331.7817586228545,732.7203366168161,57.471066960854245,853.9227215516356,272.5908674939291,152.39083465906432,464.15588127247776,654.5608821011475,963.6868855561579,20.357785453724798,355.7941228417387,237.24355115811179,948.5298177864255,391.8957803485827,158.08538943945894,390.376042816853,676.9460467397962,911.7804330176237,780.4231597029029,0
326.3556289119067,364.33598680571765,685.5792713275969,969.0213420444164,485.77094541884037,958.2505600172647,52.12541167480611,883.1341038723841,235.57578888698637,150.61736247882774,281.74357765951305,38.14084585710553,602.5036473275712,460.2798106278234,88.46275020053484,479.4255932897007,696.3906075292115,112.23467175294499,945.4430129670171,142.3173554231294,1
350.07506992043545,269.0990234353655,179.96351113723043,402.5892088374834,130.6258550424876,24.58866723694708,813.679136052519,307.1046499011331,985.4018358153958,998.1806713470496,53.861490173776616,290.08112929957554,787.2946931219165,457.16793524590514,303.4662846115782,312.9819031990544,995.8880153514225,301.7843742854258,221.90991516517045,362.7316365984267,1
754.6377749415373,754.3905638656624,611.2489713653513,72.03626407657926,512.4542372124133,984.2058131511222,588.0015111509335,403.3657896061141,106.42309809982208,168.37119053391925,251.19777522678234,337.1403103410764,514.8767890657178,472.2243899534654,242.19520436416718,956.9646328258693,985.9795944105323,97.74319820292932,685.3514469598266,0.9200435792288131,1
11.825914956461014,942.4222096097984,31.847305313621565,543.093874784106,972.0310231220193,998.2750243398565,200.61862524785235,648.1272424460748,766.2904754817714,846.2165383250815,160.6272868323454,264.7166941964317,344.15830374589206,1.5977646192024686,971.5134852858264,28.654564784951763,240.2712765267493,214.7719702382904,806.9084290333332,88.21589283520703,0
674.1643748491344,663.3399981769428,238.13215780943887,667.7570141597396,109.72595501035475,464.4829609112532,839.002580276295,137.80483681749823,678.1781258130802,746.9969384334095,265.3652755432815,882.4960421006971,451.0780057649547,690.7639713024578,962.1977622613513,779.3824358573363,782.4097318781598,899.1013748130454,733.6562264626723,145.77102855909152,1
160.27068182442005,666.0534045265806,727.0941421804882,588.1337301379657,152.77605220365763,783.7372142794443,571.5172110315193,670.6459544220648,729.8383777632272,796.8677322103223,149.7407058253183,471.1898800626062,102.46274336922323,848.6650213159625,224.97681082390898,129.53149484931203,421.26394383528975,6.728620502875593,604.2919109927659,943.1896316307132,1
285.01513678766497,214.5108658343603,123.61427914022404,495.7136057676091,383.7320842615398,302.13077059341055,658.6468681453292,450.9327602538379,410.08235711967654,105.10953488601693,958.7353990561785,532.3777345700013,831.5533310242662,798.1764429715407,989.2571559579627,127.25077737200475,979.3325636376163,395.2965010233598,647.4773765132212,437.99828550083174,1
202.26428819296714,56.16527322140963,213.4144065896477,749.6786932228695,200.6104916107001,77.132470781761,999.2541693719259,507.0435639519708,8.211303513121493,534.0536999492035,224.3853274015283,446.40246074837563,469.5828818327704,407.5711324010444,449.9183783670958,930.812470646897,354.6122260778016,558.3018203414141,921.2657467099606,370.55065887357364,1
279.6975960436882,223.50500770795435,975.6768193869009,173.8424163631759,5.320580544785902,410.71987094541953,255.2857754853094,110.9732665272477,160.42571794529647,481.2594282757526,512.721697224689,247.89867012754917,13.149308747846034,651.2543327693696,303.6911276268706,120.49725876105366,423.6639177485296,733.3977017501119,286.32708590970634,407.67577096759334,1
844.6318549539013,28.561169619773842,301.28699585832686,899.0620765627511,475.36021159656383,422.60476074865306,154.79232951072086,560.4706611175019,568.4891834917785,628.7470898171251,532.0683860760681,18.09757883033869,31.85316423719142,502.59381668722193,570.7730136844244,737.0376228354414,634.8803985015464,370.92709805717703,966.3215629524096,244.94746596811146,1
599.9866262312041,82.34570767112548,29.14646784894903,826.3726776010805,849.4183978637178,600.8781933477766,326.5345934098784,169.07639739222313,123.53891973958086,831.8850336759579,336.8698062128428,141.79630780306275,13.464621795665765,687.7049377626048,377.3176643804462,562.0576529370513,214.22454208834785,213.4578464982373,118.28476216858819,130.70384760973909,1
272.4822323968027,487.3205192755371,601.4615224804311,879.3713829045026,751.6969079660272,498.43314220097324,498.57163787691206,577.7798493404954,289.82167356404454,35.53534137458225,200.63358718134293,322.58359766544265,504.34974692356394,359.0367318349418,234.6512136583745,705.6488981671532,989.9568191675147,183.98076488431246,983.6747268878762,821.5530614888971,1
948.6682080358241,508.8326357010824,352.1550411445525,219.28659993979016,541.8999122702124,999.2029631960141,989.7305851338793,996.5750259883741,728.8336594446023,19.244242963999625,944.7705900266865,945.535421778866,15.426993778985043,561.0815822500126,837.201556549443,636.5988665470586,961.3563063966317,306.2057798698046,294.054403615477,531.3673525041767,1
211.8003879698318,821.8944295292267,373.95749573320757,215.80037229321835,521.4946757172678,165.3964896125557,675.0543310732928,218.6443009694462,519.1252183080076,766.6199528006116,764.1097496741306,612.3807112208546,376.60777944093314,673.1329858076906,946.8111454974976,865.868783475039,945.1368101562724,645.1348502566626,844.3041141673506,920.038026053907,1
390.8576399125713,930.6314383849984,723.692049790132,246.77648156888654,34.807846812051736,944.7956983589945,989.2706174650536,997.4232103854224,391.13048853938284,409.7462082413145,335.34484470128825,183.42942667557637,58.17549309995385,75.52060835558838,923.7158558566476,755.8749843040066,778.0980264307839,620.58371797123,12.57728981768047,210.65469277871063,1
922.3712766617118,4.64898851088813,294.2700842955771,734.6115198047503,992.9968763865147,924.0264773331635,206.4491918784197,900.1019803177525,646.5267348859039,248.2643764573259,41.49458781115767,838.706759015403,252.5888130241294,409.2580790912442,875.048820093369,777.006021944229,832.19579857355,613.0438785042145,577.4775689878743,3.4946256484194027,0
38.21078387632226,744.4574661443542,285.776674156861,162.5327893522769,721.6768038983284,399.6666722926653,80.37045782524277,242.16697406051935,918.0127749275921,824.0298322270166,831.3681303898923,298.0094189018727,730.5493786445323,34.45904490516183,145.05897866828244,225.89030385757724,503.54605957866283,665.5850042487162,94.59740237056047,735.5367838609047,0
500.4557400172462,158.4838973733338,845.9427656450514,516.7236702506069,883.852303085461,511.65349592962593,513.8440590866462,207.89582584632583,12.25713513289206,302.31520056697605,478.30163916054846,572.4731320900894,587.0342056493612,800.0271444266317,900.5700176953511,484.87752049044855,653.8823390346868,266.67761891551567,93.65744256637376,839.073650723991,1
762.9036784274161,759.4088205563947,228.00495775840034,961.4466377164775,786.8585048701441,813.6163222783987,461.8295688405084,236.9933646652709,675.7376622623548,808.8822652796359,297.4375086222305,94.37124378754957,72.23232260420819,604.9670957694764,165.77617386835985,869.8665012588189,886.4785612554465,445.3952881885629,108.16495053542197,4.8627091406462375,0
442.1188259265664,295.2880121801171,514.8349547342469,805.4512813230141,721.3328871373916,923.4067358648211,787.7422412091494,60.116924184867806,544.8266586190808,182.2509500831705,37.77851860891612,739.7154063839465,153.26058930885267,858.8533629822842,73.5869295056597,566.6610585394916,419.0123093522867,580.3771994320219,504.7604286062556,296.32242516479266,0
753.0250996227567,65.03898091371919,659.4153571331349,376.7867223401223,698.5106580092665,249.5386465215872,366.35071101208393,265.8598835924053,654.4734262826315,646.9264076624893,379.7121804420042,408.29024285682027,400.531129211568,786.8993289010548,877.9823055687989,788.067732561873,589.021101571456,901.6656478195167,140.76617574024908,708.8482703183488,0
364.14749902280676,330.7928203286128,920.11985493814,461.2063429208774,353.691586484994,309.54747833534344,662.934881919097,969.7684200131026,330.32943419331775,897.6137613851585,166.53682351839416,663.7213536787416,551.8887354899997,451.80288220326025,307.15698092568044,163.32216949642685,217.0764596664022,943.2172830786848,615.4414680671113,596.5883529481083,1
422.06559694534604,827.9211033479186,552.816015964665,72.64413095752953,987.1986662431824,545.1076115165167,470.2154759665076,843.1145603641696,935.0001666023738,9.654694182681611,273.30764115707916,194.66806598822572,179.431312318029,297.53914686477134,840.0389019006753,82.68980891849375,787.5198090927602,401.9564863222778,695.4890268376578,744.2920674524756,0
210.23030575684155,346.4531138897017,789.2280761454813,839.4722682444416,177.81840012739636,184.16439825891408,818.8943277294059,234.53890429261205,374.86537753339564,101.2000842724795,476.25234087428214,332.1879040720089,143.686123130353,799.9133458133255,490.34096927720714,263.59720518369477,991.2004743499084,17.616529214054765,800.4489732445335,424.10161712844865,1
792.4489649590448,468.1363121044162,83.47649395385292,330.98704597558816,771.1740258487829,100.20923706558582,28.697442161512264,498.2261936193205,581.6772730637248,101.21506289427428,297.4587735426354,948.1615923879135,154.44076340303292,193.18842761891432,560.7832579697707,105.98073812873032,777.6054210124598,678.5081604760724,121.45379269737955,347.09425251417423,0
643.4225399374683,174.11458645811183,647.2721148973458,988.5794978781967,683.5777799763565,973.7051743083183,696.2244447445458,62.25078232614278,114.44912368806726,363.02359285230614,338.2692900246926,438.86422854265993,45.4654741562831,828.4537850462169,514.4336335935255,947.0965450033941,844.5717091024369,242.28982812281728,164.20521977158776,443.16716110563294,1
18.630318948232638,530.9074834523127,341.51681333041506,812.6676039573683,915.4586667743841,434.754344096662,904.0150232134396,25.760599856853418,163.58919899402392,689.3523260350823,152.18499360794502,281.6171481647315,198.2036358931807,873.7187467759097,625.6848923912212,980.6933107807718,246.66541208618008,580.9696895218997,920.742303406392,210.9590501377332,0
75.59220963286862,782.9344974063983,730.4577837702087,582.7151703711795,766.6402981696211,659.3462710603598,793.5712646233073,235.42699768520882,184.6754939310562,873.8582832171209,468.86254372459734,575.7430149065201,326.6613006289605,614.3637681601904,180.55724234082328,255.435433592773,806.5993739744699,649.9065109700717,174.72610221118933,125.0919280728221,0
715.13782970813,194.33001862469445,193.11670473655894,731.5874791815704,198.9009649727359,668.4934203588567,535.3993807397588,860.2108603498899,530.0817806106006,129.6724186324165,726.1903339937633,798.8857442540567,151.96648163542204,614.163179735371,723.7091932109505,420.6649529461167,74.3914577404775,962.1843762923846,910.4276816975097,553.6770072202884,1
877.8032773576024,469.2883132720992,493.8323879320333,72.12351302066699,725.9318024224069,640.3461547107698,798.4493974605656,532.303186264124,818.1911864933759,844.0655133226377,293.27747643214576,77.16370783410775,609.0672248826345,146.18117478487957,136.32480377579438,850.5644437831013,863.8542666213988,174.42605853565675,586.1362078434825,37.06633270321114,0
497.7505579395861,623.9496736724358,747.2700086845778,971.4278302238337,772.6345924625596,829.3838122225784,623.7223526140847,206.6845069515777,629.5275438847202,318.1322164923128,164.09098921086763,206.15680137305824,294.37339848632206,424.95049890581174,21.26774479775173,412.33546850721024,839.0038255977122,955.2229046273192,563.4039048183033,808.0942388612812,0
838.1844750270465,62.635266442551575,673.3528925059071,332.51384738042,885.5135570107168,245.47721723426065,149.69953667917713,768.4709191374839,407.87203744194534,378.38011167734953,835.6615281418552,304.6237012605025,832.7423560788101,738.515306395735,394.1020417164571,400.55106500747195,230.82705950048864,517.9285305251127,546.721273661247,902.2058580827726,0
596.1138648540517,851.1097287718169,151.79067270335588,157.0826661969631,682.6616382317246,404.159689589618,571.9570203436831,168.5403695039932,313.1494679524992,394.00538667654627,395.7639082690827,591.9368150886413,733.6318897398972,169.2860317510989,490.79499309960875,762.6420655347832,463.70795966796794,219.34264635819878,151.83480484772227,765.6922980237364,1
812.5548944670625,335.10280260380046,418.0798372514722,869.3506216314328,473.2726305150028,930.83190909316,89.10547557173909,178.4095329808919,554.4559971894986,351.63841144415755,388.28914313394694,431.9515192086867,91.82397507844576,815.4241826168933,20.77533960868294,122.48058167250653,848.4709999397816,782.6643039394723,907.6705589682375,652.5655089665411,1
825.017423324988,748.0629310609796,936.7755367759853,632.841591049446,415.6526906846153,266.69537693130394,620.6086747604803,579.1703676225349,487.95807744706497,807.0217359838987,56.31134548027084,814.4386706249986,369.8551508822203,118.67705951496788,285.8448056951198,893.1484748055715,876.3918079588111,926.656298001536,708.1725060329783,505.82838850048904,1
726.983128098828,626.8232669031947,509.6690173334547,398.237538450701,641.8890739855508,879.5279425750987,837.8564231223585,379.0827465997806,24.437283679562107,195.74790687244058,378.1097866703167,132.7517764368593,243.50855109461233,878.3719433333,175.08485558476406,316.40007957310326,358.7342862705808,685.3724307190738,84.25761492064565,336.1463566602803,1
849.3731685030886,186.39983686060592,676.730183183671,315.9983441435422,509.15819629764434,112.01310601034787,547.3017185097626,727.5065153784682,989.1844086216561,696.2299056224269,289.6487374771813,13.55953056400483,465.6407926918635,661.9470313062754,411.56016967608366,508.5567994812984,759.6426648498855,388.3147314712071,792.3313145596272,840.380467557567,0
294.15632018851556,949.1775693123379,689.5382514756359,162.0833198563568,508.8354131132221,209.37870116547097,312.3961092247413,836.7966787161107,2.0061375204492027,725.1055307996394,831.439766665721,193.13873191279208,446.15332118940097,106.93541997025868,648.7832695168928,277.661423076025,820.1010173657197,821.9921769136847,268.9877982959142,20.60409604984692,1
779.8966338442425,278.13348754773324,442.0652237027235,935.5238077706031,521.9236707218399,216.28034520992213,263.97793847710693,373.9253396122836,489.32094161040663,934.2117959973714,951.7770791239177,653.4973816846626,343.1113060274793,391.6139023535099,201.29211866304453,716.8193302016543,451.15498394712074,976.9766706345322,930.72594972971,736.1260554929655,1
188.7388787859634,489.90533006826075,583.2371374083837,225.42398318004598,508.71901079043226,337.2753510470754,224.21534431956647,643.0310031292145,398.4598520384054,343.83889770281064,665.1758387794312,258.1192110281356,127.58099024132497,695.29388700564,488.8648757476136,13.96494664476422,852.3772467178126,516.504510555187,561.7328220697278,927.4588661112725,1
354.14918007497397,883.2610924985504,20.92973797621567,721.611650452195,624.5273892427374,892.1062559506298,567.8323693866733,119.10006345785173,326.30149373827055,874.4412214840268,551.3198506474156,481.8977174794663,114.36421512384443,471.2827151652248,623.7076558092434,342.6244064417806,423.6330407127824,878.0947795791451,660.2764306076152,723.6286500876461,1
546.3235461428486,261.68516601221256,121.09868034296012,961.7456722795532,536.3301027977568,838.9408044683253,842.8812500034418,22.282373888178885,826.8375855421559,666.5488013941828,576.3473533390561,743.4830915658516,724.6612740157565,828.0540762750145,643.9406753475992,309.3924227966048,275.12396483092004,588.0127383391076,397.1781918626185,828.3797202029734,1
86.06858357181935,50.46426947826011,946.328918239567,519.7663902665385,767.4596302125567,541.6015898928621,786.1600146720435,629.8191532415526,249.58903912360697,18.146066789739955,440.7598666576906,153.15783073073962,181.99032289959405,913.0502868746767,592.6015394745385,133.13411604484037,129.2334951964358,216.22105331669172,152.11567502208933,90.19593907396184,1
884.4681873778295,777.7891781520392,391.28902777139473,308.3346915711238,356.5931608483281,166.44115534544045,621.428890016969,586.926544019306,203.69744052609462,308.924358250533,615.372192550149,840.3674436585987,739.4513356796789,795.0911154161192,61.98971585888147,742.0080186832989,524.3335801901102,764.1312835762319,242.4095419177673,136.9351837740732,1
319.0721195857594,68.76748567537349,405.6526581030145,866.5520578111391,595.2339252685463,785.1736764849671,53.229914262524325,327.38197611969065,693.8431520872514,166.96661016393466,509.9733705887126,552.8880598618134,933.3174489044187,657.9906282641675,975.6190201441516,773.7388667720087,516.1947674856726,793.4929640549299,64.01751026891611,169.48014186054695,0
186.01561442218872,450.96716363639075,878.8632515811802,17.433298896748163,570.2785496437251,220.87930007647316,230.57256299331996,498.08848857751906,769.1812009036718,183.3436365472806,846.7010942014616,918.3617275289927,192.20696341720733,343.2519739693296,573.5031076682113,862.4621562478136,210.03063110499465,881.8799824485461,173.55196962066134,362.3751643707919,0
106.1922334307892,751.8441713387757,692.6605579309469,755.8801852988529,938.6693616264633,587.9570803776782,56.94824114495245,45.42455793906686,198.32491148586928,721.4666978977394,773.659860362799,181.4499651543876,787.7335720432451,838.1668540061162,876.479535572979,101.36766871925195,874.8766536092077,782.4652407401492,152.26236887509202,9.5082506143509,0
806.3575365920663,787.9161251484496,591.5755865883009,175.13367668759594,737.9476450001964,854.1897905411465,721.2326332811609,697.5203143933461,808.3338374028151,775.0506455247073,152.72372050187977,922.6382029599434,58.713060026773675,808.5643357219218,815.5988799815269,787.8175575979006,971.6841832516126,994.4264691876941,476.38844618905506,394.8767377717642,0
490.7878900450152,798.1305994408308,872.9672019746296,694.7756601577929,590.3204744584793,942.0898667815734,469.14454407793505,13.845006349259116,2.774182402543013,766.1749668550127,178.82039577906704,613.1596834866041,876.2675963860333,252.29297088475755,957.3668417797434,737.7425557848422,785.1905391193272,827.2680158481003,150.88148752794118,167.80386099127642,1
510.70566479551184,227.18775600426943,618.2257149921817,698.7047414068733,167.86724106341234,13.676004732937175,524.715126729073,225.51909376017875,843.7382265881605,211.3517246700092,261.6538307508005,73.80630891692186,791.6135517709026,621.7921354438893,502.5870725961975,247.07459647936835,650.3147947956052,573.6423789353893,695.9173628012918,274.1609110201414,1
862.8805379315643,786.0092353351347,49.62003835013951,309.99758430503687,815.1145405669934,435.6409593660139,333.07969533130523,468.2803733819193,374.32017829926247,939.9697584500649,674.7497765873433,245.1972809820251,763.2022903442473,268.0136316165436,810.4451336676873,318.689633707971,178.8476515084597,938.7935271309267,511.59292388775077,101.68344587382627,0
619.1631923327088,25.842003306304818,719.9232168454926,131.46265911961507,256.8021762199112,233.33498617545823,495.93828152984867,291.32658139653853,103.32713483401012,580.4343245525885,934.9335819075885,934.451097350323,519.0344872204657,689.5868082758781,134.55188924953077,323.50092315820535,741.6447433909416,507.04224895859164,470.0864850860711,154.28863889461374,1
524.5238652778094,960.0263484679491,51.20429497230183,298.63796223001594,281.6777307970031,523.6411252446467,681.8508397660546,687.9910637165178,949.5050989445092,646.6124974285219,669.8698900816843,18.44176367937056,852.1555496624577,255.2702512073518,688.1764852055305,420.3484890917422,155.41989363847065,76.84896050811962,265.54657005844626,327.32062192049807,1
938.6698728616071,822.5460557637507,280.0158189690442,191.8236995059487,78.7751766765884,994.9264634713585,19.782603180224513,623.1036661281046,912.7930131410961,36.72770022684935,614.5780030965692,83.69127326335901,188.80839358443924,403.2232311894456,990.9765429953515,629.5543940973309,352.32600724273954,281.36500574441357,732.4512311165091,974.4780224425809,1
423.5597487136419,1.0982160605781388,13.217809433910045,475.4791508056233,257.1987905897121,169.5668460546932,692.2583236085644,603.0985801939233,88.8912303350875,835.4757290166641,261.9079845506307,355.48388417751863,536.9510260611638,463.69832074629034,37.55463778650003,59.28263415538615,469.08509068438696,50.06032837605068,44.81426479151784,897.9663905042576,1
870.6347165953028,380.56307677985603,556.6421468612067,281.1339653656772,923.7540403345347,358.6185995838144,831.5684205854803,100.45016527925677,149.67188365250894,309.7941589209482,16.446042862776512,690.8485304883327,245.229103014598,438.3658468605198,971.341894630535,816.0203060572304,253.8662112684057,293.30330986133737,435.2618417344436,622.157112231131,0
535.3582536162422,737.3903182311373,852.7575503329556,473.65021247744596,551.1126322467653,83.46968583192394,834.4812864413996,299.98030625665564,664.3531596601267,65.17769348704616,232.58445297391418,885.5243461663632,592.0698028872699,346.38582603247147,710.0423852793169,694.5526857887266,484.534967145827,198.63793557371778,55.90458006660348,296.87540861188353,1
648.9769443076349,807.9351259430766,859.3381175225328,121.93155867039773,948.3733432709106,802.2638766146778,233.11818240551008,878.0065841236737,176.66954943927016,974.91965787363,859.3115220407942,988.4078363059815,96.42288009226618,134.66369828873493,98.27415697210662,813.3667733503979,259.9163675615397,673.0794300462052,930.273035557553,591.5319677901281,0
215.73861365786695,135.23035510485494,439.7388145498086,569.8276568733086,984.4809268076922,148.16502162023625,991.0573586036774,185.06079166819035,149.41108342620203,750.8299228261262,658.7466318571234,125.4987956610002,947.7191561352313,654.0137023410115,83.34581454235213,448.1139565573354,209.07459247450254,983.6758904966536,249.9537460048221,662.1271130666969,0
542.9917081407712,308.68967815308855,272.9879544716138,86.10827930899279,347.3501189224829,424.3203328898903,16.249499289196166,355.3972729083804,474.2808649299152,264.8868330432623,82.97912349118985,957.8391195853728,727.7152263753536,267.8783896336363,785.9852512906366,679.5072127237864,981.3411001002411,123.30884888579918,17.511230696093616,669.9792935557728,1
455.2443406710819,122.82499928140322,1.9798091853761024,654.8351101427061,468.7677420987456,683.279687291726,248.41363900273672,934.0077680708076,544.6916200225046,304.78187504207045,751.7412773950676,250.6132579493433,72.01986476012145,759.1281323083716,35.93561555106739,579.4342695977647,800.0911748514277,409.0262301339399,463.0098926867597,852.5516011816586,1
946.4508977537305,506.03882361567344,689.8150826172903,938.5788215103704,516.0171578868861,172.00189792291175,607.0915333036398,455.44200166847725,948.9629141847945,539.3984720459201,903.3199932849915,944.644278775973,114.32147728315411,501.24181574966195,663.1425755268427,583.6340368021228,804.2294981138942,766.2392263749788,308.4924678545834,970.9669747473428,0
295.6550937075565,351.4017939361529,265.4411174766502,328.44368158057523,55.38704788475079,179.6807390956504,607.0927218921405,398.57291033113296,0.007575103976198427,385.8600233230114,436.9381612111857,139.72502432262334,127.3792618218409,209.70906310332205,2.4765345919192105,305.50769104699384,398.4485766990138,483.0017620132063,699.5561915061594,916.4677950853978,1
683.4017848146292,557.6400401217616,708.1145619548748,674.1921437642451,50.10850617484153,166.10976106298315,775.4311751540184,994.8279188326082,629.8306596470086,112.0876847707073,82.9819678968926,591.4622219772828,416.22638853205785,328.7362494460049,382.0381580165343,482.3333097193173,922.5613858072569,278.18750054491557,736.8287220646444,421.3032054478106,1
73.39513128812769,744.8486671502233,481.4260993665531,941.0754157773704,809.5190607219981,965.9526291991579,336.5550781866896,628.7987617410785,316.5007286988384,559.4336907886163,170.89194315244816,412.8913695668074,592.9407400696255,750.6855846590037,802.2300581030378,383.221383391393,778.2470642251398,340.93339266930076,391.8032155471092,789.7048569566286,0
830.9207089377179,597.189916755453,771.8778541287547,905.0170003533661,995.0747211067189,43.86026627617989,301.0096709088406,107.69488636357927,921.2243322673164,277.3969699588495,80.63000464663727,866.5507863736897,244.67978422794312,604.4939920154468,707.3396082379231,643.1740421747926,231.35585650847725,460.45535349385904,420.8014444595241,52.85505338007046,0
821.4343656388002,491.22672547019755,581.8509847735512,628.2075483988791,996.7109995906422,923.2589800078921,281.3359012313602,730.8884155515177,962.7498974557457,780.5196900602424,21.00007767872558,312.3455852260377,123.35639673637667,389.526139852534,353.7532244589081,286.0997784025632,272.6264450493551,246.4804909631375,830.5567084918956,800.8215402055527,0
535.1093281371993,334.39020708274955,701.886184571985,258.25269671580196,477.14393082749797,323.4649585353704,927.3751632241647,858.6075315436375,328.3963861886531,563.2991989297375,566.6487358032566,1.3555908776999859,168.92664098721232,271.2196754984214,584.2639430500839,711.8084698781859,69.32032254385534,321.00249319815845,77.03317408644983,623.1540340051146,1
959.1548702928521,590.9657688198017,329.64436663006427,22.236008332809142,804.650256283646,219.66439549393445,15.86180305206808,127.60388396752231,825.1711894752576,247.36400785091405,25.50344406616645,49.163104908541364,402.56371458353226,324.6639466882403,201.9213067318738,463.3695084305809,840.9628892721531,656.4055766679215,896.3462878801436,710.3506518180445,0
159.37179022177395,220.4474341067404,155.75295259860988,876.9660540181235,584.9304667906608,705.6742084607159,423.04384262056493,879.793655732203,14.70916753310525,788.2899282513123,899.9638892223545,182.3930910927586,112.858846625149,579.4192819695545,64.58725395828357,332.4131045114954,248.34662909942352,362.74110961071773,323.58072975302343,439.0525589587149,1
479.1962585520224,351.87725855395024,936.8609011166964,499.02616576957547,499.2412076780822,428.9816326948351,615.5967527009208,537.2435102503189,338.8169622322772,948.5081938235545,50.999640501502405,700.809668197463,746.2824898714683,553.2711995744178,135.25392037143868,760.3504387267967,720.306485385023,28.828634091837113,401.30771114322005,840.593264040376,1
0.9505420188694602,48.672637081013214,760.5647948875331,330.09569192844356,783.391213806337,849.2102230775811,568.8691900913069,22.119871600391082,810.0901164154086,917.8553536568728,258.9861946354447,865.4290268586491,334.38951145777594,91.84735775229869,738.3434840894548,953.8083501958002,50.21467351840781,830.0521508935609,242.04502218504464,471.78853901733186,0
914.9752364467274,173.86621449313145,786.5050134732141,91.89370082069581,200.3943484813965,358.76860790957153,393.68944568136885,58.995737568850345,164.33884971669,301.9537595209986,715.4374690648926,84.37253242849741,517.785574626873,550.0218066900475,346.55196423505186,0.35557382574713525,826.7673713963835,469.72309395357024,482.49541595443355,963.6406469629021,1
752.7141869396427,691.0119166107891,425.67064691803955,455.9702778581176,75.71377417366965,703.9355107569844,767.8159361054154,615.587325011375,819.3636862519261,786.7959757848148,571.032775359131,63.48435268434227,157.48217781335438,864.9908445411497,437.86701977161846,389.45878500955797,110.066816623543,458.642418426364,862.4915373744195,915.8439912353113,1
894.4633447106202,802.9129345054286,219.07445851680274,803.9085198073811,120.21714283371965,599.958883156761,645.1519529552028,672.2299035136668,609.2111644950667,687.3743254413869,27.54358941911694,597.4110098450949,353.1495841667239,103.33656482374565,298.0028311292942,683.57743336574,350.01802727323127,673.5078375222342,120.28403159869039,866.8672573422429,1
530.3103252152473,298.3841209839174,168.00205641172684,752.8129705093137,90.76290997149172,913.4392484607698,741.0925751956954,525.9731484575078,950.6477895812792,244.52061745720098,693.8641249106512,141.88975675882298,460.84649675593903,82.66496847399696,860.9266622772406,7.116168264452716,594.2777561134669,386.2197246179911,321.9879317807072,798.6169428946624,1
964.381795404062,133.7930305797682,753.427680418409,701.3641113827218,393.8691800288492,165.19361916872654,232.10584240857958,619.332066944506,444.39300333364093,704.7455086297434,379.66509905529375,533.0993529729548,549.956390128751,88.6798963901455,666.7392341221544,613.790181940478,898.4991560116117,368.9870363052936,243.00610606516048,980.7512120897111,1
155.4200813308465,641.8207958718776,689.6918465896364,443.9193902559857,231.4233360861604,414.2410931114381,843.7669546973774,770.8006969265172,513.0576475759196,954.5005952441236,536.2904882072135,755.5261408808964,637.9760527300979,510.53506518406965,365.3309573441821,624.5863874372641,11.05955680102577,769.9523275489917,100.50142345847301,947.9602547944852,1
964.7056651381736,161.10226686218277,60.483541627648016,291.44730733521,744.5755282418203,967.7048958574205,882.0502117489882,359.0356601076949,678.3364897159429,119.77066507901357,160.4117442165056,47.3964619479047,635.3510604291605,764.3031435098701,820.9453000477831,848.2596620931399,466.16157381108627,938.6209730355578,48.34839635256893,884.5977704152934,0
990.297926901324,361.19226857607913,698.2830430260191,185.42294669624005,183.5934257549876,536.8193911791027,450.2995546257823,85.67595688764496,432.69447850379896,214.14899029109125,935.7778118904841,627.982245065648,671.7040294074027,862.9634623443225,466.910744436737,177.69667777721742,129.53117028083994,523.7333404145802,888.5901057202157,619.4816765908837,1
656.0088087735627,344.2017626728131,672.6311718746276,679.6784561897865,125.21317160548861,964.7010102652512,805.073763688552,741.138329393525,940.8800969577758,565.2755885961691,233.55272201057076,846.422008486203,746.5859403924219,342.212591237232,729.6766970297709,182.53908061164316,84.31285136632228,607.8032257523968,824.6183817471788,126.51980412465048,1
594.9150593261195,403.7267021881845,930.7577369859033,143.66539358782038,917.3553580286391,111.39360506489038,690.9227713439525,86.8927336564479,803.7687241116976,166.89092603432744,189.63599023469448,688.426689739405,198.62533039529728,883.7013039147407,648.1134786011044,244.72308801890796,220.73320386742802,610.07231911046,287.0760934804546,667.8305368741936,0
716.8139649105858,547.32194353167,322.44121990822896,107.60110541584422,694.0385757403886,641.162935725545,289.83319130872377,316.7762178814405,633.1639244922969,195.87837821182418,188.58306611088827,126.26274590933528,894.864171075108,618.3296645059435,510.02201690522776,475.2336928029004,443.180223526904,24.380841943563823,861.8649563859723,692.0813627622321,1
705.1735383829279,491.1350687735177,173.42276362956176,219.49842012529874,706.7692208782439,624.8111829846538,598.293172663294,370.4244160906143,710.3847389094343,196.55567567521092,91.6366579209813,444.7730649112911,64.30571834206944,602.760888856731,343.4829403909323,594.197438968661,198.6245797228522,113.28174713911699,69.99276823507361,465.69140116397665,0
54.440907761963416,942.4465903776668,909.368555107324,359.5823996996533,148.06796561833835,396.9689722320714,358.8842309910285,631.6952384433362,559.2502165953235,84.1263271894399,237.46999469893336,306.1908843820776,115.45213402468069,43.28182133395953,735.1777092749974,327.9497753313766,453.8571464616009,761.6785703875695,865.8447027262401,74.44043082991591,1
831.2053772423719,497.51650276213786,962.080169815242,58.49538825667422,219.1333859886584,274.67368353467947,593.9230216954453,273.8314235793198,296.67277787872916,343.54378667949413,828.9605131712023,641.4609222236204,277.3588097333958,544.7720865209789,229.38329171055904,32.68852344053008,380.23133087787585,338.9628496259859,877.2152257977395,191.92819142346283,1
707.1278966719038,42.23347411568257,607.1508920199776,422.7813730273546,983.1983911469437,841.755367895613,17.867870332749945,821.6305313606593,714.6305278995505,532.4281367847959,578.3969769061265,870.1153876835701,777.909869878443,36.88381278608166,766.5435519942741,731.8451711893873,918.5364421813605,846.702158954626,61.258230229608635,852.571740120904,0
165.8357931129991,439.0988061346872,900.2356959794083,305.83178301430115,972.6297721782278,265.17290468567654,280.09452639356067,706.6728878119466,932.9900315425125,925.1115012568055,135.28902843290723,233.33485476659376,146.77688568646153,229.29320052706657,512.7660919024352,849.4215508135708,481.81446902177805,852.9261964393531,94.81149385842014,255.49458701758354,0
396.01171431021334,773.8428968208301,906.8269688061852,800.50776026376,728.7667205696852,144.10437194367597,446.46856365286493,229.01065543621212,555.4700581761157,803.8028627303717,834.8020826189944,451.1080051066955,605.912268147568,363.3212777641903,336.53746548328235,256.77896681057666,362.78621077873254,735.4631684762654,845.6959683130597,919.087443443913,0
195.47885999528825,471.4742128608431,765.0189864252824,955.0871946935263,872.8942952490165,824.1414733745496,910.5192909714276,400.40084128129604,869.3049996619734,216.25093781387372,844.4809373218342,364.30414048057867,469.96248558517186,343.79761632762694,10.904400744285558,467.00254173768894,946.428621524921,374.4040658557913,533.4721243368607,613.3789779708942,0
760.0227356653894,48.41611260724188,146.1063543803055,885.6944606859655,329.2292491777319,275.2030143808843,955.3662045412376,367.3461828474156,858.0011814499736,987.1488984825235,648.4380904897931,55.3931184220412,271.7388888399468,323.4190274316423,836.3575396920924,428.9585395826587,301.97567360953906,249.66944610108243,680.8050771500006,864.3626498137533,1
732.5736297598745,498.7872384576596,983.5553358840602,646.2922724921146,920.9173566073626,254.32914720060606,851.7385075913933,631.4848193221335,495.2560282893356,523.6941705291313,592.5860358873849,759.8975911707885,216.1612445799028,946.0258715097355,479.9391990457159,214.6811750782265,189.81934465396333,110.8607835787958,679.7251953033718,198.04564860595852,0
999.5074108753014,214.5236121955898,71.9721224815646,337.6108253032677,922.7269838757059,421.79054276659855,899.319041372449,458.4164732176973,667.4544273841847,830.9814300098639,274.8900937278892,19.88181466947525,596.2254282547574,543.5971455455775,632.5029496804483,322.1801131274833,648.0401543540238,50.93031127558323,966.0823838272831,722.7681814254556,0
200.10518890696628,530.4880031827868,874.855712059981,5.7818232945088255,218.67841958809174,677.650770347385,793.8666373351009,274.9229463978596,790.1147059942538,674.6738991379515,48.27683409371952,147.1500509985868,334.41248577962114,956.5190986989991,4.114690511714314,234.63827008503836,619.2570476094145,954.1869592738207,956.9031822967203,945.9600569090932,1
811.2811939385566,703.2941381788961,174.61551697231826,840.5063546370212,578.521484251227,187.589786009704,737.0300849949899,970.4696928650562,267.46125592445355,230.51834276091478,773.7959408212423,876.4341440611138,773.0875581940439,421.12068076631516,394.6031330689178,364.03675195483333,887.9401654311414,641.3143043361754,696.5298947169257,663.8277669037625,1
700.1800593857662,477.0713475002199,787.7638181243994,249.2112690883027,784.9141866237183,198.17574824032536,43.74369411972645,416.5519659576513,438.8987367272241,558.1195712283591,70.99455970794688,15.709523934067438,732.5850139818662,956.3077376046331,308.8665513662312,787.6161735502133,914.4107464309856,343.53134653708526,82.63005531707857,886.6154681146355,0
606.809958343928,548.009792537638,141.03750710198804,114.09662731214698,29.712110967674676,539.662680536614,379.3572679417121,152.1005700002489,487.55510463063644,118.04511446197618,363.0478735485221,801.4148482397762,883.1359628786729,593.5370802157223,30.259919382506162,209.9030890611172,130.30147149696515,625.1614795622992,830.6101748344553,586.3967720966177,1
782.3360829947974,851.0759621162154,968.5021934037457,508.72499334741485,78.03750363009543,325.99653094724033,397.31905474236373,669.5572745971556,60.797885264539666,572.7289660036679,695.1657215192162,339.7480710118974,294.5925352977303,959.3816062104033,656.1866368682728,452.45342393289303,123.87769771724288,668.5738033598261,386.89265875759105,27.87170613511014,1
11.554047585284,361.35102694242084,917.2564552404966,82.51452584863227,909.210212627176,306.9640986437033,878.1777123881084,415.6905811996278,314.97841623261104,55.98442052895414,98.81660373364909,632.5025108306577,604.9189433263374,160.31603025514806,352.8106740222596,788.6559447023071,756.5520022942113,506.92949228621455,802.9783042194282,970.4124942692574,0
404.32231957440735,990.5505483372397,817.0955834745645,275.77797055733777,1.5762063888504763,177.42381134563956,133.832918571683,636.265620212884,683.3712657760278,872.1112556044848,525.0052859137976,940.4473902105955,781.9582777774036,713.5950264238382,692.7258536309188,42.02978616830622,863.9947149942027,962.8921351234367,129.06408423282477,734.3154141990971,1
323.9479379511866,418.60153214328244,91.35643823682437,968.6508934472115,107.78710030304528,606.0461153998262,123.48636283899805,469.5000105831023,14.962036951639446,827.7227804435279,568.2875986502777,533.0884551964966,531.0778359725128,700.1499785592436,719.3811189414979,750.2869003138156,110.4902236462323,151.69896389962523,351.63952477260875,614.0974166060934,1
452.42662169478575,634.338976206686,955.9477108851002,831.8836894044975,20.04666952318923,284.42015517916064,396.70339804996104,396.04037505396985,434.3277648820755,907.5578150331038,997.5955829966919,80.27896716180926,503.967988983715,16.046132285684635,613.6820219789341,727.034052198651,505.1118745908403,713.2772290920441,601.6289809933094,840.0245682185825,1
388.7758146637168,726.8225918129128,543.3203740566105,520.3926410536217,96.19721161804429,866.4165023772459,977.1547145028204,374.551701355513,502.9846039906343,108.04957932024595,172.96955399294222,878.6767938090809,124.4028945939305,189.83846962027084,999.3832820610536,217.6624220055996,487.38395712990643,922.121460916376,798.4399592464591,583.9161653051099,1
764.3908724091839,410.3075436722665,319.4745456796503,391.68834092149586,136.26618542928915,286.6914016224791,755.248580993332,487.4497562981802,340.4132415903225,394.47370074102474,664.3297231972979,553.7922275893222,478.78742004592954,190.1063104445021,49.83183973005234,0.6575891988441773,340.24122878779053,515.555250933805,742.1993501526099,849.8075516228171,1
979.4659094062803,669.4493181123626,831.1325059619038,141.60438533932907,472.52437974284203,320.3231890612734,129.4974715651339,615.8341361438578,719.430221560094,12.273215107478809,758.2868465535206,176.31127148470415,967.853774731265,235.73247316941283,570.9198186152288,590.9969110413879,606.4016562408412,812.0866659212134,156.35004234082385,416.03595274452186,0
178.69775035262637,462.5424913788312,332.3692820319104,81.6257451171869,68.42545405259182,751.5680894892289,208.51812305599583,57.492739422656754,962.6308034508794,137.16055658160496,80.4564154670926,191.7887350327484,830.9551912920534,799.4934074576108,316.5434243022974,382.2758544650453,274.80822093990355,517.9601530609964,975.8994537141303,80.0791448437751,1
278.47711152191744,350.88439354484615,34.57784580834522,667.5349796279717,907.7046326034052,596.7910156232692,156.63012075782268,119.18933819851962,883.872530294784,252.65536590397176,773.7834337642166,702.0736804847578,212.43319087024904,951.6316490074832,470.67042649306813,424.7779668929682,63.331551271082475,232.29294704844273,708.717259727899,673.0821109105291,0
8.997313946541464,253.94060018263852,448.0983715649084,257.7641523770705,90.3344849820702,272.591578975267,800.2215298561662,764.1261611143292,672.333776723498,592.5282483064733,993.9711620840013,134.78925081453352,636.2550255130391,730.3892504589794,761.0233503002013,702.8231618681798,95.62455311096973,418.535882515543,877.8042368805144,263.39097759518495,1
72.6254933638899,269.2019811098877,153.43972831882223,238.06463927467846,58.70333549655493,837.2484296832063,251.53796245328584,216.39095034953115,1.0313191788809961,132.33402965067887,438.4371276813902,162.77252464860237,486.1425723679086,765.9235771594263,529.2024318734411,757.2070520857777,851.1738119517437,134.25908074534388,843.0733040749194,871.7527432083805,1
585.8415129084723,34.20599975165239,602.0080454134734,618.8686228389057,62.724775445725854,201.7024187925488,791.4542516900794,160.1335375464865,604.7594851498445,774.2514143415996,192.77986534229697,379.4246609113671,892.1895725497311,94.19745735160213,916.0851350243207,850.68567033934,309.3366350411776,407.4114642096603,477.81636914410865,228.22191231745458,1
56.898908937560336,0.6772722234672512,873.8665326023197,147.2519843546113,766.2646734432645,416.78209678832724,779.450216392868,536.2378776938758,819.0427443764265,685.6239581048859,522.7956991950372,781.4700502548317,247.95373367378716,166.71834976999523,556.8171106622136,504.19374354750755,106.01516824456125,548.9836337821622,841.2484816445196,685.9742846594759,0
140.36659766750225,871.3993298878386,119.80720988975524,884.9644695527438,889.2233809186148,298.4115962330072,478.0406954471108,171.43970902244686,442.57902279852743,773.0079060816046,344.6080354216185,393.49015883251127,835.4099641675832,999.6817456749018,49.784051987344704,218.4537302037155,631.945999755347,340.8840202926616,618.2949752941236,488.44402889481154,0
629.3506965877946,581.3538943166062,960.5011735797638,87.88025392287312,511.87446431913344,449.8412913458492,843.7258593719561,9.50629890544208,554.0663177163223,838.0622246263198,106.09207028056922,522.0269386922683,587.5122730208674,189.7646112096062,310.6427533015319,960.8569284355689,986.5720281259505,336.9710664380221,198.69874756272054,890.0136909475948,1
282.4497796632995,461.5940141724675,904.7053415404979,838.3116562358457,616.4409410274685,609.0505374587822,960.6117564977507,122.6179503305569,713.3679585436477,528.8842050562101,93.97938016030294,780.8512620793803,228.91332054919587,97.08441074785567,844.1170739053086,684.0959531219685,221.3294730309997,897.7721233957869,123.78974634479279,797.0236713986421,0
782.445772447819,19.14486923544967,423.58757716009285,235.1818359224168,631.7851207749356,959.6340927218848,386.95805726346333,818.7858794903303,529.7546120058316,876.5459884459908,811.8951425008505,555.665111408216,286.5797534304808,235.86906446003465,661.0424748383033,692.5796598720011,185.78722480995168,65.47885993511426,245.31063482056658,805.3163569931178,1
470.673673129963,423.83989954043733,594.289064699015,269.3517234563435,337.08994238849965,435.4964688247773,53.83147580138748,79.87609473787616,233.35049266126484,772.7040611618607,880.6826154913225,770.106372747697,703.3356801122741,598.7502246934762,989.8298137004094,164.63064952316108,128.6607587567824,105.30995437610058,244.19203588175154,391.9001920775352,1
112.0711402182173,572.9508597763853,268.284841896985,215.56318838932998,643.7519951412773,726.5528294869615,762.6345901890353,353.7427765024357,75.42276050463825,878.768987468822,594.0771204509017,704.3011582065119,925.2602331208661,629.0649216319201,4.790984790757236,635.9112707293102,70.2547098630698,373.3441773392124,27.23713219297419,386.7897696967835,1
933.255325127329,435.0657305750063,268.7274204966348,792.3342555599859,29.68395751029218,276.02588625967206,351.2499877082403,688.8749190261015,774.9702984597916,955.6771222535572,710.7202684110064,68.73251602353392,829.3690832882016,367.9320430581132,543.0966438566056,463.5785387197018,693.0155544951358,214.7026358629679,342.0371176239443,643.470483831065,1
922.0952577907235,561.5159240603255,126.4684429060613,78.2953382549716,348.7581542339718,277.2403960276656,11.662486540460314,643.3810892346157,164.79538948660755,593.2075498638703,33.56057876733265,478.67056265655606,107.51151621443289,538.7313192024448,449.86530756637944,377.219918936531,558.6938551752488,994.9320544616317,135.2718969152873,567.3267410904258,1
506.8369053640596,331.90042455704025,836.6273465263248,137.1362965724422,496.7127265233188,179.48335542949434,628.5666975372998,439.9880703936944,606.9609351917456,326.51481654547933,890.9441068276633,884.2444229097864,929.3700820402804,918.9387212331984,472.39485763096656,147.6140962731999,943.382098432473,504.3529359682525,580.9021012520982,902.4621345344173,1
716.4199086753387,33.81104946200897,91.54876986835137,851.3930365275984,531.5331866279536,109.60112567525316,52.53956242069202,440.39690082434004,653.7574696815639,981.9959015552903,818.8799881209914,470.57407043547516,21.9425555884033,261.35094219351095,73.28855667686751,547.0583429582281,30.058619862110557,979.6224672405809,610.5021818271009,574.5942731187822,1
505.04041495089757,766.9359301498646,87.68380201491344,963.9885430370193,977.1822914895589,676.8698721983701,976.5555539268864,470.10688343779117,300.2638494420713,480.7013754135325,319.20633416977574,685.5447090763256,401.63463532655953,167.14470988947073,450.9515937008978,837.5953467175211,662.2424875298245,792.6720398680926,276.452501154967,748.3081115630557,0
373.41369913220433,320.54411626420807,427.2499257257304,617.0135692566122,488.25697507999087,759.4452388658128,965.2906735055186,776.2855630479002,336.51750031449444,226.1860292827943,892.9314970820295,47.92065212329499,398.84987528973716,849.2344196900117,785.388021637355,323.48666419846074,727.7407559158603,947.2050696919921,190.63677588801664,183.41556544691073,1
686.5339734366336,746.8073447276373,843.1304360103105,82.81531606785386,73.18115178030993,674.4078004932192,921.4013885294503,897.9573847660217,591.046700020842,481.6318270557126,394.5500629655057,436.70029554507306,32.14706981028237,556.3640694231634,333.1901502394594,826.3322803457137,439.63316125486307,949.8179003102886,735.1581577553782,107.01942456327218,1
640.9212646258048,450.8750625316855,614.5277251599117,851.4578886158411,291.8350092560548,850.7529805008018,932.1647687469779,675.6977369746241,639.493561039028,792.0373709526905,685.0602491338382,558.2488171654547,811.9756720978742,46.37346976735779,724.8720726141861,48.948421749176354,157.7693360169964,652.1416331266806,701.4205098110782,936.7724437683609,1
355.5743087432125,578.394087431693,371.3511500014935,656.2144770379456,623.9529970190304,738.8790340754277,286.1867189703455,173.8909285128013,725.2828294504139,80.86006502248844,981.9906633042372,869.8561799309992,201.57190160329287,55.086738185825766,376.98563868338164,161.83919089129628,546.9778562194738,914.237942242285,921.0503829283122,441.36229968060303,0
284.4531836692216,311.24266785136746,837.3492289192087,157.15078397785686,928.3195119606943,186.16211492843271,60.47979348918631,222.91228543651908,522.5312204065455,61.15797254347377,890.3518843677397,723.7479318998085,314.626196939907,867.232375684192,565.3230392556964,786.6783614222933,821.0907025756512,429.8397235706785,171.15131162760332,389.9778839220719,0
261.691182225988,554.3964673585717,561.9356768354247,47.79926295477011,836.6654621219405,702.2310368120317,838.656658618035,995.9963685670566,802.5112395349508,850.3283206874451,725.7781080965569,144.44839434067148,234.26431815370762,111.35618379553391,90.23341959552333,196.58491585319103,754.6777390183584,403.8705896990824,416.6592444205226,552.9373427613948,0
161.65038205194693,380.1919416391515,824.300030672579,477.289691715431,123.3552355324662,44.82878566677295,948.9740739192669,844.3273568684098,171.97180255501675,72.12340455595113,939.3105644845117,132.1528696780896,882.3254866024001,519.2255164342369,851.5730360170704,95.59420354371228,692.6356080161859,402.4625833709268,509.4635045819541,664.2931582120788,1
485.9906281908936,472.6532480438267,986.2141322119649,310.8003692967817,669.1755983147165,275.1523377712323,135.0543143134132,458.63829559305805,245.90284625659996,836.2354330094587,786.8534344690663,942.7353766848111,959.3847269890048,291.6381833694888,432.3807591014882,445.97610784509,957.084064935088,246.50347091172796,756.7225685367835,767.0198860882549,1
286.7581212004289,319.50611847928934,637.2740666550848,473.53418961865503,120.34415814488997,741.482016181466,776.7731208852787,198.25174876604547,291.9060474026218,677.3424216437287,527.376899700566,30.763431568745947,950.7039308917973,943.8827972789338,992.3208650691415,7.79314186459934,957.5466790789424,303.50884195625406,721.7067434755726,475.6530232024675,1
818.6836597290575,335.4532591000768,134.6027607776712,845.042808337557,660.8925998398761,463.153835096472,347.76697502127615,42.38298585058875,897.9076918442257,145.64252375923127,319.82144585515834,748.449545231954,437.0307044279497,896.0312639448447,99.20257992113801,462.38298221900266,322.8285049171117,977.2235618535394,169.3250830237467,772.4455048871356,0
9.557215173252697,788.9744350352548,90.57854470674486,776.0127194127753,200.86149455956593,887.3167732598629,321.74493810958774,670.3473069459541,392.0613340201837,9.485592300317425,931.2295279507703,967.4990502887555,863.6116893097281,498.0886598564591,767.6894487906189,690.658292769257,783.4079718977208,31.022749617400592,690.6962625568185,370.8243498516143,1
532.6320824614179,33.28441738863275,782.6012339645828,254.53468521370627,946.9724539492562,230.28724994618855,317.4507003913821,594.7146859714702,982.8544123294748,90.52624397089926,535.45290926934,393.1861594670701,837.4328630585828,282.13940985132126,69.08768605729954,223.51419952140728,552.6371619701573,990.0377786483582,184.53430925471937,450.8861168326653,0
775.896152137322,182.6576894531572,772.7175362672099,621.6764435470373,155.8389631563315,157.5058026875801,389.4952354658834,514.1938236584776,411.78191852292514,832.3678394673838,941.0921199680978,272.3988709499422,645.7211527056763,181.97965386180792,449.25941859558117,482.60501165709127,603.4576872291533,530.283998764238,775.1727375086574,796.7513266375819,1
647.3180228972415,497.76845763471965,425.6723108929802,732.1157188764848,130.66451448293026,473.10547051544694,253.4509904136143,507.85821993900515,953.2749083444035,166.06514404986905,496.02595650712897,56.78181642063118,431.270927073095,333.40434892622517,263.44347681746314,15.181368474634027,759.289353871718,718.9547371704364,403.77298798894856,132.5314879213274,1
224.88412180573124,94.48150862549332,128.53905632897644,423.2985597456566,506.00916996660084,854.1727194403155,578.6895929060613,100.65286314028488,137.02607919987275,929.298077138752,743.1924654710315,817.8419267686692,66.16110357532878,90.18218592414662,447.35033910899637,611.9645558469552,204.57570372574284,335.2314184803835,644.7303283112278,338.83404457279744,1
762.7148124690854,925.9479339965342,156.06326824104133,858.4318302146407,362.87890505213124,834.4676259178914,466.40320365335464,207.80059638632707,284.2599124178179,371.4030775538535,537.3821776125235,710.4877248833104,699.2179195843892,572.5073132072174,948.1235887739808,999.6991896810755,935.5263427133117,550.9071177175897,115.21776878658041,101.02966476684749,1
317.3864521556919,461.07820517328935,740.6887165194665,629.2721776030584,7.2994997405211315,961.6819359527861,289.63442071050736,78.88756427320875,404.0984457758413,360.75956898347584,414.92357997281795,740.4549395674348,916.7793086961067,29.41038505637261,374.24550776079457,95.851654423861,306.47365417143345,333.945865779854,233.32259899308917,23.17874564104305,1
523.5007907658295,237.70751716644324,221.2951972553282,174.98052175187829,655.7677058692011,554.5948706329577,229.49014855774442,381.18730044416805,671.08703594632,298.7259276541191,647.9992980697575,167.88670770389768,491.3600538787024,784.2543181243906,871.0909413064222,958.989928553619,934.2188362879238,305.3421337952903,806.265200282421,947.4105669168563,1
13.967819075604515,309.71514543530543,429.574279098092,696.5669290607985,29.894471519004597,516.7080788329339,918.5615790973386,154.55340925341477,158.83891809543115,423.2712793097433,598.2836507887808,724.2235668847969,861.3528642089573,668.2551973715806,77.52207855122128,119.2094587990964,777.3332453142145,620.0958030372906,357.4237467608343,57.66251662143718,1
850.584698910893,160.15742469976757,531.4393471789507,485.8049852629125,463.02128359810723,78.90346664354131,435.85684219366397,772.3458812814176,728.116634463843,660.4676156596806,955.7464981134846,993.1808553412264,436.2738250762673,363.44242911671296,152.3703272211503,593.6899091990113,14.217041916936735,704.2821048415049,647.6255613124702,650.0151939950777,1
278.9916027255598,825.0992397877028,821.0192885814927,234.056867424575,425.1215702064485,343.1370856076782,888.673442654057,26.595886956347847,946.9034077223521,215.50357540748666,70.6414614032641,65.3155251278984,696.2580407922273,9.55643026355213,542.1198599458522,920.0907208251011,575.023434274153,240.24153871115806,287.28047936531533,842.366636093186,1
424.07812067009655,372.2864034299177,20.63485584686553,417.1826787627446,403.7527766403245,278.58620286135016,837.3902952298254,204.45749159569658,382.2591500052045,326.9076030854535,336.4544724692746,617.6391664743453,837.8981766776326,942.8580810290651,463.4168846205249,442.6899862082766,979.0892579675516,273.8759856578019,204.54489277678724,283.86158744909585,1
68.700524698452,282.2282857589006,33.23627358754288,792.5239343318149,650.9965022178491,266.7262811552919,703.0619820470935,294.3910971022851,442.82369093564,141.89637560666668,372.048081065678,807.3358901118826,801.6605324616628,663.9076598287895,385.7714904121914,334.7569489934533,232.84627648113388,470.0699696900853,895.8285069445898,212.87422452377837,1
91.58761807590044,360.7865789729382,39.96787229047249,569.8576836819019,98.07668195732744,432.32170555832414,625.3832981650285,636.6050718496415,385.3076195359676,923.2967604168347,707.9895401785936,896.0844870745277,824.1522691449032,410.2613512815865,820.8422871746102,932.8295340929874,463.03365216990335,525.3819599324602,653.5363263872491,910.8628028319812,1
130.43913362961666,707.9000709160402,195.18718364700226,842.1001645300398,459.76591593476235,242.21508039934093,812.5066989173183,990.8725996115609,489.5475736755196,674.2403202663236,183.32621594676445,388.89424176801066,612.6159909494955,800.4347043346554,744.9041988335355,435.6551398084202,950.5268391241217,555.2895698842106,681.4943031410821,977.9486706436429,1
698.1920635487761,445.4043690183691,669.0699705097526,319.35627969516787,186.2436800136875,398.3681651908888,959.9443387988857,965.618950785788,188.98007657622594,671.188538409942,877.1720477161248,36.99945764870927,782.6974284104678,191.50153533669322,631.8970041021403,565.4637899617073,766.210574323257,94.46061651965498,497.38927948631886,434.0476643202625,1
425.93746959849585,272.95070372991637,868.5473571294355,21.517363117321885,905.2933136396044,256.41585802436094,882.305113269974,711.5417003698166,406.1115583777455,455.83637788738383,447.0177264815631,781.0532395912896,185.46703661882546,708.4600632499087,237.45168799425554,178.78554167653783,92.30395731381901,976.8557095690788,829.3841789266197,190.9608894431001,0
178.2657242171739,162.16202732227504,15.680454361699404,416.69885313258493,802.4309842639655,403.57156283072305,680.0765295268118,511.3465201623767,106.86336233212579,567.8833600117855,471.1482700946958,148.54647736175176,376.81409337204997,184.60056772412702,720.5739969957649,331.4556129094631,108.67628620099057,793.1454840747674,179.60005630006015,333.50042712750604,1
123.72328073253635,163.02181434173113,414.1446510630937,88.04450404434905,619.6987657079242,791.9790253869124,548.8693331260441,30.264980579012168,238.3324961343979,592.9082182089454,89.85681344790008,486.23193927630035,980.7731478487734,99.83401405434545,712.5229996542027,206.2664299508936,849.6604704709677,742.2178938542772,533.235637737507,120.07684053199286,1
206.53623566519818,724.5713037607647,18.9379757518886,561.3888193795611,389.9965041372786,751.8924756339836,614.2124971860433,136.66941206786154,686.6707241774131,174.24834740313622,704.3016412973443,836.3558043298909,209.8128753614922,813.7669691155029,539.9896293781376,885.6866097636986,217.77568496002186,682.1383955952169,428.3846230329257,492.7076617094195,1
533.2738623540903,456.3462270919315,229.0788590052909,554.6927510345065,263.88622183697964,297.95257285470876,150.5638888916958,128.88968961475567,494.4245607960259,702.3433239940078,707.4162885266564,231.2433308893115,805.0228991088567,627.6782137963081,955.793204261935,641.3455624536874,807.7202448863255,127.34306695912257,294.0831661019626,313.0805506285729,1
954.8570030794826,449.4253578882317,507.4620617756317,624.8717947724278,932.0044765630911,486.064675050902,400.1408229840724,267.0354139004659,955.4657745464691,930.36391790909,469.2661586227569,783.1713286637245,134.38084152147022,795.6201036665152,655.8756890109962,529.2785722484072,615.6136178588721,128.19838405885187,703.8649134189328,105.46205550093923,0
889.2122097074678,834.5662490387425,810.0250799894685,519.687998438851,248.02019884396321,669.5290755450876,870.3842810874665,728.8275719755196,63.706352143116376,733.5790444235384,496.4148039221339,277.7744355428784,838.082250588922,609.7660247035096,935.392288929253,43.20916810810704,180.41686549360946,395.6489829885533,913.4750221034526,240.33583272401415,1
267.25517518355815,492.376517022392,113.44335946761997,242.53038258440208,453.22426606440746,241.77089573352072,159.83936384393115,976.743653189169,357.09637412883865,225.97434461275978,788.0195902279501,721.8598205807482,925.5468361042163,806.5773050829284,755.3715366696522,868.3890114751226,413.1251820388595,340.68815088187563,740.7368305590151,500.25158401233017,1
389.9165238650033,995.1553397628263,187.35380128353174,512.7766763173721,342.8293659552092,148.70515427592923,676.1271057959699,747.6792844771944,34.40245690606702,521.573292134361,345.87591545219607,204.54467930498976,227.11896755992188,267.78144806170843,531.1315980352895,6.642348745228066,687.3876978206937,422.2401701178388,37.73768001214739,70.66331340412147,1
182.5060962897491,241.4504549504436,481.85873630086815,264.3159928427856,471.42705626875716,633.0305145637064,821.0227600700144,659.8869816149277,963.4279586243911,845.4297611571432,36.04035710700026,846.7024418949666,613.0217446983468,647.4265283764231,145.1088039795757,978.4599624835195,618.9572885090925,192.31765955622416,999.9712327211909,399.08727535837386,1
651.949953033383,766.5023559253522,229.83744306358312,130.18464596592162,228.73288130959156,443.04439740957633,716.060093537652,501.305455891771,798.5638924291617,822.08072949008,235.40494440238845,348.63553549958783,19.49178757537007,913.0829979795466,862.2890441159608,199.51425487956175,545.7368542428835,92.41909446230035,770.968415377624,517.3027183185902,1
738.3044394414073,525.3032734639727,96.98604350223027,137.67838385407526,207.16097507771514,629.4597176021234,928.2981376066391,667.7182781500044,682.0914897043464,89.80360398033638,762.2738959626462,989.3344522814583,435.34088350707424,613.6598722294649,869.7608078379063,281.5000691550065,231.1150892313507,209.12428272066063,537.6651068349346,843.0290610750551,1
110.31704050840274,965.7708471948225,428.9919849028039,111.97471042624596,842.7321749486317,137.83658260989372,183.3898508492947,606.7911234053008,331.78935426380593,699.4736391510747,53.18595174543106,807.9955675148653,760.5361596467386,704.2104932745864,257.5702796646947,88.69421536142342,778.9148791193068,703.0247115086303,260.6123069383522,552.1099034133788,0
825.7510577159837,341.48168848493856,375.39737634265725,349.96218020323033,162.11973283940983,756.2439509197401,178.27524508055458,168.0446460012821,877.3515615579734,37.750820298006914,744.2977693314205,128.88557940226065,362.90381802011683,704.4623959633224,60.09610778277552,541.4463427048977,383.23539616087874,917.7060899183276,513.2962028443145,593.1023199549281,1
798.0023615806842,551.7710657263251,64.43756823039703,218.66455614555636,145.44074417305163,232.83531545850545,61.79800833008231,643.6829664031663,429.40394387848556,313.8319949189713,889.2984916087291,372.02940579707564,254.04461980728667,425.29093758403303,632.5223014909476,385.9339778727302,820.7535132206584,543.2780679302404,484.823813331543,540.6961184581248,1
319.40823712414436,469.8801765512074,208.39097217854152,230.934076724433,442.81372479397965,809.5802500659923,594.7421266786965,471.0874073321601,917.3915159411885,220.77308964159135,572.4747190674365,388.0823424934309,143.88930329621053,745.7198571880728,777.9279905849501,74.22614236165937,397.3061839223937,94.4075583124876,920.6049196398092,232.69692341100966,1
822.8357973916083,864.4073473964676,907.5998871121781,346.8325958034796,290.1816428239793,515.9012866630761,707.763235470629,423.82440313299566,633.6932276069942,545.2402936657741,172.7407429179536,361.0301650784419,190.37789240633575,825.2451002811947,152.57753543200246,436.2312161033672,902.6986840588268,450.491477897648,993.7743138163872,492.477286738123,1
842.4848436845492,494.7278939973696,347.57584494237904,819.0283408309186,28.36041830014302,186.27903687788373,882.8351602277596,951.1174458782389,484.39426270694173,143.06401932514478,959.5773807754323,155.21187942135205,976.1291116875716,475.6347040773592,664.979756029655,367.9045652257085,402.5758371162088,642.9905510913046,50.60475887598881,436.95444466047417,1
133.0397966735559,138.35671482157463,694.7645712141441,455.1144958305171,699.0334697125671,950.5748666207292,376.9773428745401,567.7601350609076,559.4867945191833,545.5990923560717,337.4111932734001,530.6822487225826,736.6000027482643,465.0743189961892,260.54713520156935,444.4096217649964,310.79206755204336,502.5899488810915,76.00117119651229,864.0600912857813,0
47.893059589987686,907.2941121055301,39.470048458564165,358.6660243642531,802.8724497814031,371.95015153704804,794.4254634956235,570.717530434809,67.67179988761896,641.6709454460988,45.31684882165343,79.03923173945537,138.82149586138326,203.60407562144724,552.7908867274617,315.24978139473814,867.5130620562653,719.0298627728323,857.4650426092512,247.05345226530972,1
407.1882730083104,110.74869073511596,88.82745107990408,292.9575649869618,783.2143839766975,523.6342876068392,421.4813819636807,739.024191360533,149.65928929206407,887.0271808322515,424.45211750902365,540.1855000460718,74.32463481190932,648.0935881211202,904.3568908308264,349.825882542373,639.4253690762783,808.1223625753257,945.4718258449369,735.1161883245244,1
204.3619980740391,236.23493289842966,813.6764482522444,907.0495582118405,399.0509039828578,917.5259865230769,283.24048848837356,89.43659312746799,191.42074941080344,936.3633264755445,617.2189032945035,297.7120129436501,490.5076585799323,58.750437324364135,567.43687831305,552.7330601280511,521.4789443172772,351.2775985711523,865.3287557200044,31.489748049461475,1
356.7005443411623,294.08313954099765,947.7343417108989,432.0837027349437,161.812171195013,755.6087950951155,827.48060249126,915.9402287167616,613.5253142077808,496.2035109370446,307.47886220789013,557.1776163954653,225.0437192261846,590.9597745046834,769.1382420666804,438.4322011700187,160.21580752917475,559.3920926189048,434.4777485813054,701.6455853295929,1
811.4735960120884,463.75023541251625,666.5133998357105,682.6888167545789,191.03841892469177,324.80106421404895,873.3639993050721,316.99357891883926,694.3236835405772,665.6757015606775,926.580399842326,960.6005681051536,82.92003173674357,798.2495270945057,238.44526570254476,638.5872032029166,227.5151545546944,967.4907715841551,861.6358565708863,422.5164214953373,1
402.41172462373555,371.66058331205096,146.41333864979322,152.87217508685035,859.2260240487291,466.10150769799264,198.06311522703834,92.10028483899757,801.1763741122136,809.5283148099854,840.376775341334,550.2733697987674,583.560189435546,565.4902922140113,884.4275440301864,757.9479355743356,353.14013665687827,224.43895589189844,631.7331477115474,439.90318961305405,0
30.933135490974095,28.48513526452534,777.7769308182246,929.327172099206,373.2196876716952,595.5763069433672,377.00995749795754,787.9342787309828,751.3566303133272,165.9537324469952,414.71566867678723,413.0029644911457,578.875710329465,767.3295322335024,918.7865761317013,385.8340553777558,911.188169969283,89.4377946474173,170.5028088449121,630.3789512190766,1
365.2854077414629,954.6499541786185,83.98828895106847,539.8820228847683,633.9353302394646,437.59133871542053,987.1946738707396,527.7839175308934,537.8112539554523,685.617508832058,274.7266123257253,600.0974061300548,683.116529417113,569.8110894594895,160.0470295105847,628.1545604572585,532.0732118939088,321.64430352316253,462.1444247009783,319.9509097186016,1
211.2636594871111,281.76044034075943,870.8699633481364,940.8783036632036,319.65688216677626,652.1847827579205,12.83491848414753,943.613473152581,919.0407756821496,695.2563593158535,235.989385565483,231.80270868880905,324.4548043613098,850.4223034898071,930.5622040613102,932.2411377959181,834.3144552858986,413.7274329065302,635.6421369458353,556.4131293820343,1
258.7510805071035,895.8615974982432,574.3298743030706,867.8790947320442,819.1443873637024,70.27090940998582,548.7371525460966,877.9443818090564,812.4606506952538,130.81589268638817,786.1621480264808,638.934568664987,497.4847576770467,614.8110732339698,292.85796509584685,280.5736064232607,754.4636557145024,150.6045804049,353.99301959100194,180.1443122378783,0
95.74013441385765,715.1276578530989,530.2735975259827,394.8883754464749,682.5399820010223,552.4626612496867,501.1697102567293,515.6107597532789,911.7141786788865,6.633017456866508,475.33177266931483,422.6686816529953,934.9642361044104,591.7237233530161,533.5811058297857,419.8521209221925,910.3124843680054,733.9614833290995,194.8912701837865,592.2146435813993,0
651.5836817386659,914.5254403734526,116.39354026526505,24.39753473717976,645.4110714095618,214.4254810102878,983.8642061305579,771.6588725402596,924.5701064775596,524.8630055532642,167.58189345293474,500.1865496847324,196.2382665293243,190.88172588317641,163.2400435952147,118.78011645730346,895.7721444821359,449.065494669831,699.5289179169847,149.58213745557114,0
651.8233553557365,382.0296570214886,165.7989963188029,153.62429681543787,660.0959272740014,428.72075616955675,582.7604602166336,374.10931730703925,279.8441169202206,560.4203672482433,135.1305117116548,945.8473552141602,111.33832454949977,58.972960569580344,25.407093557117012,115.9970343251161,138.22861055572744,502.64328956917603,105.35536640768028,291.95311297142746,1
744.3120592389021,745.5368500948051,113.12223269132404,938.1982144150995,270.68930635435584,718.438177355145,221.84093783474458,484.52178838383895,137.17466339958452,571.1070749033835,389.8351304567187,479.31939301565683,183.66930380272694,244.9330250036037,597.3614890623253,140.39660351879246,400.7078946947039,71.34271698051475,77.25915200063905,557.0192052481025,1
64.38350921492109,405.16924285580626,924.2539264129463,83.30695303538604,329.72561145903245,194.56522339001202,849.6646867756986,147.5188409284579,662.2691879516528,683.7353844710162,755.4701968027555,418.7753139334128,249.01008204043896,792.6815701383865,747.6874040242595,314.6117430096767,835.6965422112281,387.6317353358978,479.41855867223495,558.8470466320832,1
820.5916012896878,596.9946499276676,199.53708916537428,435.36458927463804,664.0763704766578,697.403602740122,318.7622974651211,717.5677708638125,464.61559296452214,95.22184299851367,747.8380560176213,131.241741804085,546.5033783317931,846.7951729306246,99.94023486022041,136.86778346767105,937.9330035350151,904.0289081567603,806.8718840208672,505.88717509672176,0
433.8003178759151,490.7188768734041,782.6258446234651,419.2703320363347,688.9143677499889,792.0012287126598,428.88281139418905,67.93186099481352,214.23778510416457,173.3102629834463,142.4409273888243,640.5196959473733,389.84029542268837,796.2443914921928,713.4014615369232,620.9044166342271,432.81024561312444,330.3281688532221,356.99960807729326,469.6421757568955,1
269.3997545024266,8.849874129242764,660.9222455464853,950.2093946851094,348.33821844677624,834.2979974783163,180.75279402030264,650.751734054121,292.02999194116705,542.3092377961793,294.17561085169564,975.5282249898111,146.3055900683724,827.4252926674814,547.6867076232085,514.3398718317915,914.3553416662614,723.0374649894011,866.6848498567272,788.2272076604729,1
999.737116352052,70.78928188951595,999.9849390200932,220.58508951221634,273.4555043934338,220.75250459658636,468.44435951697085,380.57368136349754,400.2127013313226,750.1274034789153,609.5340083638869,227.31643697988758,477.5963996207514,848.783471358485,835.7943070403602,531.9452927150642,308.7422846382977,999.3884946320754,104.97527062769363,18.7792786102855,1
581.1264915161214,421.3996976116502,603.7117428875624,54.47974646964926,0.5926221574590329,71.35687617829112,547.9645210823484,367.601344566185,924.6885178275832,68.81193952981157,773.9531186317969,780.5458676706482,196.92125052838372,4.570856411908908,820.33662599775,520.6596601127683,971.8053238643936,940.6806944718705,910.1139698893411,522.8189921402952,1
748.9288417749884,93.02953890123567,394.7938614166707,700.8186670981937,155.27987742636296,516.7993700949542,878.5442014539434,976.1094112152953,23.936232145605807,623.2253256692413,904.8800924917005,914.0625436430887,11.203045673572664,399.42145030141586,49.00897441122065,184.2498818624462,374.20128522592313,925.4907425598383,937.1908767232507,2.236922712499756,1
462.48733637527874,913.5339491564267,767.3639938505158,292.70731205409527,459.39110803478775,985.9612591649429,460.52892304156876,328.826038968816,957.0369360919433,664.3775672358386,464.3857657391719,447.038569101725,434.1369183880087,761.7194453654005,943.1347638917107,785.3112491259959,533.0233981611286,922.845750347748,55.69928401073554,955.1499261309458,0
254.11108928241376,358.07682598081357,921.3893848210307,437.26043452702845,995.8101015213077,989.3872915337981,265.2995368793868,514.5589519611825,361.00239903044815,115.06716656512361,882.2500010473161,553.3797149295859,449.7778913643018,565.3114746025507,974.981531547609,18.281354000539096,679.0359458528815,797.4224692517856,478.04712082697154,868.3397322346905,0
471.4201918333243,391.11094274987227,529.0997335933317,753.4697227027282,626.2795690535975,324.60681742239495,924.0619132521439,62.2584858958124,206.3622418731691,642.4120912395339,69.54715834768189,969.8364795837243,192.21037838457445,187.67095187550854,106.23789588924149,372.7821122944674,544.3579713653717,248.53556049055237,413.42357422976903,850.3699479429565,1
302.82333114296165,588.9276527830077,446.52581545324443,306.49989273340674,412.75323422813335,980.5901611168126,581.0978290040928,719.3866954389331,783.8646493294598,186.27538672381993,888.8542336387359,736.7950812371992,4.770040499376904,826.0130951065098,489.82965902652273,777.6965678058667,766.7895906933124,593.4463325677541,879.5605883275185,666.124543740367,1
833.799303099407,771.8799265110955,960.4210757068362,917.7207464230775,326.179924775686,357.62427231720216,481.40260966960244,362.64457920530026,248.0955974927015,139.43544027789866,37.5125859814962,712.7502907045667,0.6336443068460929,747.0057771074038,962.7503201325643,42.137430927694844,953.697020901155,486.5838288616275,659.6219212080862,50.410971341295685,1
354.3262691153221,291.6773604983662,604.3953594830319,783.2042482904712,702.5915040187731,207.21456443810504,376.32331779486185,164.3375170906992,326.431521229373,208.93033508040193,333.47491294851295,953.7869290037303,491.69426712143473,30.00574509593068,140.5779844470365,72.70888721920853,879.5162746964437,84.76040498455085,0.6942083788726849,342.2190086281333,1
876.4095111761341,672.9892967224959,866.9801602497827,371.71119595099265,992.9081404552991,225.52154065065943,468.03896090362093,20.238595261665825,115.58076332754963,213.9757028776821,74.97970488704031,393.6577099875946,222.54300808823012,869.3406652915612,753.3236218309041,264.272712896791,202.93078768937966,85.32391291715157,792.1986510069709,707.497889676521,0
707.1756616561366,985.8907853217681,348.7693132135484,855.625760658165,9.251325265688614,124.4860258304128,976.060044029463,547.0937019983616,603.7867039018613,909.6693663688499,131.13218222254463,306.538256461016,650.1841678486908,689.0457085731481,389.0851101870041,540.9337961491054,309.5236108164311,895.66790884701,64.85606242107356,66.64401737730086,1
351.93753409485606,461.71950362705047,666.1785363979064,327.760202277121,780.2681346297182,682.0439789960484,927.4741975620311,947.6880846855763,849.0477061017544,329.37138739612845,695.1467498591123,720.2532706115175,272.06188912218374,179.3594802806152,975.6517917392688,599.9046802677592,594.3456826199324,299.7905202341029,352.87653233650417,97.93654460695156,0
740.5029780590465,806.8359794685449,523.1439222204377,690.4554942334955,300.893408200491,490.8392467982028,633.6784884164333,224.81802492352287,762.3905526422277,740.2152161620478,195.4088690063991,516.7788187438928,457.12635704178615,387.5490307768156,120.55799662617994,871.681511042801,832.2198207731406,209.5625591957504,657.6040916418307,662.4124321744952,1
357.3748949536423,356.3812465999565,547.7089576288653,199.08365698099527,282.60066518945735,923.2343615512505,880.2309061128177,16.22707432022452,895.7666328870978,590.7795737484934,848.6091856297976,527.5256796736583,993.3060917795838,378.44638752605977,478.2116693325017,886.6372055044163,150.92956019666204,42.738661884706765,203.3881791621408,694.6498231541646,1
18.496064556857927,156.45826456353927,127.52038642027853,727.4035062763442,614.3443054618034,689.4370463615476,118.40624303025481,176.55177683559964,509.8478151999341,456.2342474992664,885.8844175033653,915.8176756667258,774.028375356752,801.4449900248148,80.78398367464746,798.6826298842503,567.7061965165866,380.21231848535166,188.82415565879552,752.5402622059872,1
880.4752752915575,167.76547623616455,665.9442200961424,810.6183588042267,286.3476378829449,694.1741008233191,537.1207593577424,180.83432857757242,529.3144996600836,108.40779206003803,21.146118960330583,179.04975228895225,396.2391707578653,417.73075042399313,271.80046343469786,514.3910349350022,314.5425508126685,908.8144640017997,274.37257405383195,940.566873999794,1
648.3694958090931,618.1028491769121,909.9319977507749,300.16499167815334,608.5958748452434,690.567152190156,786.0688559541345,177.59742245491873,61.637730148061955,900.3205108004719,92.07263513969899,437.7603363649907,248.03026542501183,65.68197466165005,55.92187770700752,366.46853994934145,701.626684247719,425.68319486839,103.32248980988234,249.37170975539024,1
942.6170467131055,255.8525318564422,328.32229821518075,768.0959030877475,62.44412036192249,15.960751684338192,493.3371062444988,992.5244903446219,77.24014274253443,874.2838252916989,987.1099421388033,964.3602557830982,682.0537578614301,125.44089313824081,948.7348629405157,804.8371830272313,443.1599752833356,562.2107929748664,403.1291061288008,465.42424852526784,1
359.1943471953275,483.6264638270793,510.3839765847049,108.40150917614754,520.0697597725124,547.9490346376966,177.5038859738709,885.0253938884125,822.3336119084046,745.5047364715866,665.5517432699205,173.63692403292174,259.5981886330924,686.3810777111773,331.5603290898136,702.5502796649406,115.38311138290169,94.93359642338962,2.7275370733795823,961.6660607210742,1
989.7989687338554,234.70916648178675,951.6743158771731,946.8062367960841,157.61791897539356,754.9992709033771,445.8266014038107,433.5467293637059,548.0823110123953,912.3118926617968,311.5335778466909,844.448046212425,320.1597766473988,475.8623024271058,165.7444594150286,448.6864745037267,973.8372259184067,360.7814706364918,716.5852505544029,448.5522793548198,1
71.95910849027953,545.3082530667662,504.4149055704598,951.3768429875458,233.1727189553996,265.30382322541004,231.15235998407556,504.94644937652254,641.7563630264538,79.0047252561501,610.3740184970233,731.9614878646677,398.38007911680364,535.1830492291822,514.7033240005994,868.8683005552897,583.6748198505646,45.83637573525845,281.89750994784737,991.6922362682132,1
180.4042642159126,983.3003427242662,573.3352747089555,368.49261649413677,256.12740207108544,457.39203370910184,393.20710388911374,341.3286569721903,417.9577603686456,508.74485002088255,443.9486700975721,606.891482524275,300.3364579090367,590.1638541709757,977.9146029157137,264.2239041363518,748.711167790761,916.951969473367,61.6239892220315,112.49788395076466,1
855.2023766576856,628.4437934816683,208.66855184732958,967.5211469393893,106.06419036480885,136.07710708078048,419.2395429028013,512.7891009936676,156.3816751515915,707.9494494991868,710.9041345321733,207.42048097470288,551.4783418024859,593.9797457769682,455.61652307016186,144.80737982430503,190.42169542651732,559.6739563176828,615.46986371757,741.9559416296372,1
434.36603076064904,896.2707564533325,609.4268489472889,138.93501191875814,377.8402515509116,537.8558846035613,61.574835156995135,605.1622488895966,516.4223500046844,633.4532608364059,532.6690185631853,277.35579114995545,152.12417082031203,39.836238514193376,962.9104866371368,590.2512001909658,11.837943442084221,861.3032709798345,18.99910113475056,117.19867497944603,1
949.3929517117577,636.1131246282299,510.72402932946926,239.43930502922194,577.0304042144048,817.4521838743465,69.55754870229636,240.89915802857297,316.2496906517249,56.387272663084076,867.8480425176207,270.43867146058034,501.1983701383971,678.0240951925721,139.7465461699322,671.20110942349,910.1556109586372,727.1832026354589,322.0140649591944,310.51956523892176,1
216.63959320822556,252.10983383862163,361.7075528629218,48.92650416423139,744.6435426777042,540.4389083632409,502.98609462203547,946.9609829186651,865.9930311021076,375.19622276399014,180.47117049082595,875.7610137650875,342.0940716419242,17.646323770657666,590.6606213886381,247.33222472376914,762.8871544924599,830.6892917628746,189.00066685294192,539.6735796489029,0
50.33612244614139,659.0429376895028,129.07123059521342,467.33939833405526,796.3308563908533,448.6158737830224,464.7238956433547,65.09136432640771,926.410592987298,725.1540513879578,384.9821103960357,177.02076243278165,342.1521188955926,495.09604501177915,699.8844345031287,636.6670324157718,937.3413755361688,636.2383495496092,713.8219146934119,695.1976720220639,0
357.8725112038031,625.2902023050639,344.1920323170138,353.9062852541393,975.4493897898102,538.0491248130309,448.77821771882054,981.5396072145064,636.1527688421739,988.0704463871451,87.38599211399168,168.8120419096487,113.40175292318855,524.4332061940536,60.65243455787839,282.47810417176487,366.71574658385475,886.8321485661284,477.23179989748724,444.354642234018,0
365.6997565750687,512.5589601023255,553.6023225176868,395.36652983586896,608.2229615085487,17.825953426052756,833.2783197761336,933.6690779908055,149.53731933685677,293.30772559562513,885.0602207746601,694.66009843115,250.92466718789174,431.9776936988612,194.72487097844072,2.0788601566473774,902.0787132681205,669.2932832201486,652.201635288481,365.3141716236484,1
713.4173706839366,566.4947983781454,188.25541994528484,379.52045656754575,828.3195304171753,572.6524374882215,153.1154086588614,281.1358552890102,937.0947662487916,211.83265816390352,122.17023458495247,201.98332805254594,253.54454285111848,369.3106171811299,341.3649429656648,656.1742103351554,416.29312458831424,430.6053702464854,118.45148268949823,108.69898048483606,0
198.25393101532606,629.8843098901614,44.788043469222714,622.2420292509746,695.7974688344764,99.5308548373115,867.1890363044121,650.3078817035448,511.89412903611185,568.1458657862719,729.1999952897576,807.0430580929117,66.05476626182683,151.86221531551146,248.67244033783243,752.4687844455524,649.3501947988741,750.9537407449382,997.2243375068357,332.15568374009644,0
595.9211861972249,247.59914410019957,8.679479037977833,954.5944909093561,13.232187635663252,993.555312698963,84.00103399965487,876.602987797515,539.1050565083531,50.850668755983875,794.0091892469178,96.40829608981993,513.2828410488877,684.1038148687436,785.3351226388593,698.6593863890192,986.9376661017774,811.6854737966978,263.15764836618547,264.1351283327079,1
552.5164242216613,193.07437116533853,384.2505064912295,517.6552728293786,573.7032248937832,26.18564300771764,185.90071271543985,534.2813666708769,347.99883700972833,990.1744406743471,137.28834944995882,956.6070013166914,731.6892302531205,171.85980047205584,475.34526755072113,984.4273788847512,910.346332223048,59.33216900056482,796.3642624141215,214.09032411204709,1
272.1675514467147,786.3620644827946,24.48879593369813,615.1918779482547,939.5743813205612,260.97888476084063,879.042244445078,950.2563617415447,731.8281594099058,551.4028095568553,817.2718342388658,987.8580492212112,875.4217741696764,717.5658271242183,596.3434036097482,600.7323252857544,647.5360127693284,974.2658078307884,279.35972564360543,212.32541956257,0
769.6226963452419,402.22447604601655,161.21539687220465,693.0181580604669,668.2411706104153,713.2118029875209,87.62789983787012,28.227304723560053,614.726714341795,528.818579559021,529.1698892483773,884.3009999506211,124.60176436076576,345.14989663189743,212.144260738812,494.5452790081866,510.31691864397186,637.5685303148753,416.36374761346275,596.3726829232609,0
462.2970012314488,922.1231372870704,422.34010214715266,501.96831684822706,973.8845618685374,648.4845171883384,830.6362470747273,865.7254759561592,858.3501382366206,320.0989974975713,686.0619053157923,737.4685724888113,118.42244925878742,231.14889381180637,561.1646339630639,153.00516890702264,166.59890230466613,59.848003230607794,247.2255716708488,38.67267164311916,0
414.821195110745,876.8055217182432,178.13512759941852,156.98158428645792,287.09990972130237,656.7217543395219,596.9788751512291,150.49023459236633,327.7948078414531,264.04725423144805,90.3193918139954,121.57072008307735,719.4470742410881,582.603500527423,121.09991302738466,659.8399281573345,32.85266425484501,136.83855319870707,71.21405563309312,156.146332437202,1
58.7115697068864,752.0831165708964,931.1051283160111,851.8548347170353,855.7233173962892,278.2466588899731,675.3120062249046,616.6636849583502,650.2247722382069,108.26371206235763,169.47422411055436,744.5263841817928,753.0960081431704,912.0979098228092,547.8975378958992,274.6649195549975,250.84929304211812,273.7492374976342,783.1170634313589,449.9985457928144,0
190.99517806785536,987.3210553873869,766.7011977041087,754.9920425230337,757.4378417686693,779.0011192593911,640.6752968414935,161.54696229400656,660.7554262836171,668.20674951813,383.86555816384805,306.8537538106805,977.1586530685266,166.47605421364352,173.19315040507254,852.128432661221,299.4710893269297,701.2284789762175,104.48834768749305,845.6438478973269,0
447.5336921617807,117.9885968022022,414.83696920163436,833.4409695998835,298.119869241908,235.51514136191344,356.36868501376495,552.8305870041847,259.4206074321981,409.6984332056823,880.1006889106161,438.60848141269435,241.50048630913003,779.2223999514116,843.2954436575961,312.956636255291,418.2530228210394,367.1152309992195,112.52597821201383,271.6395634122662,1
395.124633495275,888.4355677345965,80.69234216810017,574.5078750178014,193.82304396147887,682.7311639079429,597.360555941892,164.5730385498897,894.9048052636825,528.0023860951188,125.01332626761186,169.3325623602725,213.1222538574159,930.881618691336,403.96079609207726,315.9594304793371,551.4501708482729,565.758536585424,644.3445368546664,403.1226585582338,1
225.27414364086695,259.4504238503178,750.0686015044429,372.1650325470428,873.1783610068072,69.5066377144703,602.4819912768709,504.9229191205097,47.12144423815179,815.8002993896677,347.8192624455617,975.6457984606627,959.4215349820219,26.9599754150629,436.1453046050454,508.6821989530479,844.7237227125556,566.1440734659841,45.792434600496755,912.5471481784903,1
5.725659762393143,285.6884842874007,630.614547678882,166.22603617681742,980.8315244526793,965.8803097389989,426.20326933094634,722.361174281887,933.9455536790941,764.341340184415,648.265054524895,836.9690017243836,32.51202475944548,912.6472435726739,749.6521362364236,144.99690343724615,554.0519417528409,370.47003349445174,90.7018989359788,779.0231545662355,0
644.8475101926294,373.5549311283506,499.7354633530142,628.1668032234237,861.8949044933081,823.7124160046068,944.5650485372474,716.8107326924306,118.80007884064459,846.1595281212755,597.6747838877424,634.1814591315407,318.47380413188944,488.83047319139064,276.30062115648036,907.2469723930587,968.7474523808808,455.6115296474941,849.105936695983,346.6879303636673,1
336.37076246608746,814.7043928279232,305.47250983545814,566.7388742117345,215.43678406179413,382.46555612672194,811.1837379039293,177.66542798599272,781.9951131061947,483.60585944869405,385.48812164488345,899.3114915777105,542.9632519139149,217.41629641726047,854.3606373577566,904.1873742879371,40.877978495652556,708.6785299791957,374.97424268936305,513.3956837734438,1
188.31879178805488,303.20903781926665,729.4608735676547,280.2865185958826,389.262120173968,930.6778639871567,83.16649122568343,232.69989181817584,310.88809070773283,479.6306279669452,280.7396286093111,517.1136655039052,129.60497190187692,497.6012672364821,428.0113223973604,292.270264106673,94.9909352199827,509.7463791173,760.9533457749723,753.266322485371,1
242.1969301912963,846.3877703250392,961.0279033915068,395.3769505406806,702.6880485810455,720.8932978916897,345.808101983747,467.12959684243947,726.7268122624951,155.007235173498,661.2038693554434,572.0086359933958,782.0077395980584,287.3536268136128,655.2840242350713,689.2151770329739,449.84445922111126,221.7185807762514,764.5028404016108,55.150581024835944,0
639.6929753852284,721.903149532561,796.1241793580451,788.8551785043047,951.3225940875656,491.5722033055533,451.57008377146957,839.0840322848185,832.7269194043292,632.3451812355673,219.99629793720686,288.56569972251634,270.29914445925607,198.8858054685968,629.2362852819664,190.89041248230097,747.5977363405312,844.7640394496149,957.5664560657323,870.8886999281685,0
406.12129694262813,969.7473945316584,771.2355088977486,269.53660262623794,640.2331652414101,976.0759488421767,305.2598236572267,583.36425346083,754.4566163588942,957.3428503246374,514.9529153423476,383.42679248243996,617.3831786390214,487.660032540136,876.937284709149,715.052832958543,787.7676532365097,748.2915054056268,935.9684015099688,454.37447011567644,0
801.7070264145159,210.16127619852608,711.4574905595836,668.5301426173511,479.3104804348365,233.71690924053345,27.15853518209066,447.4302924961632,843.0829282330801,207.8796354403962,240.44872836651498,999.4769467294178,537.7126623613723,210.34747590105397,525.3581384908932,801.4195406105225,346.66158801588045,444.92379987921873,300.78039541142044,596.2164562308263,1
123.37984493150512,834.0359987751095,767.5881191766533,371.56610214842203,483.5090555199555,422.56940674978904,262.0293489115474,631.3782917644447,83.6706630897096,881.6127020136786,452.8751931795266,651.5346833340883,790.4360150764873,599.4095588800299,380.2338949265891,478.9239576044344,127.65052401127531,594.7686663123355,96.82386531506249,373.6676198366876,1
615.3002769699435,180.38350079325448,603.7877770495759,654.8147767208307,132.4578270007254,20.92126028077457,589.7906657384915,875.3061287141792,669.9362066397673,196.58241791060493,470.8521367832896,189.65341481649023,861.5088422845571,583.3439371026212,53.07913073824544,371.97536949578944,802.1141034376786,92.91328067081983,98.05174725853105,573.3243182628228,1
168.95345564714415,629.4869573347746,489.4457178991729,247.51832958470698,757.0372438841148,836.8456844263268,88.8548067583832,96.79360271491622,791.6038508122936,204.50690280880346,951.60373405073,680.9089807584323,749.8176023825517,332.4780214552875,82.54789871259682,519.6492664246797,127.89663356903714,888.7060096282635,952.5902864187708,190.99685972517867,0
798.5458170893502,56.808848273061315,427.82105570688714,405.47673341225334,395.88221030381396,809.0928972601494,572.0587559422574,200.4990720342541,799.2883045210888,151.7576867198942,837.2333988536509,957.3816650244111,521.7843481354668,231.59177814533126,304.55992063182924,8.970004436816282,895.6011124811782,810.4431457862739,16.867801097254166,582.515766142001,1
405.52360717894265,834.3387329406332,233.19505127942963,439.714389769293,154.76622252498973,473.7656303657651,778.7369868748144,799.7152783909813,773.20214910162,241.33951078697268,770.2478682093305,379.75733416715065,273.6258696248598,153.48134310311968,817.4291043438592,391.20958159585604,307.5897804372016,12.371237394828372,67.66504769102222,834.605573146655,1
770.0167682727715,590.2868773520286,946.5864185610372,194.8393472244455,497.6871064476901,972.963756190922,320.8413709210194,313.4711071082796,519.5015295599082,100.08718470751444,858.7605097229234,27.44194379981146,736.8045189963046,380.2807182503748,936.4520646409813,107.77837652984768,833.1698662606407,649.3368890984343,467.3542577325548,57.36403480164298,1
274.2373373408549,7.849388908462429,479.06471609986943,704.8512051992991,392.7621370745757,491.17246098480905,965.4036361698815,857.6796856172606,177.24264083738194,675.7130527155883,968.1851478118949,274.63562353028215,886.8574953622118,261.03080847344927,320.76720542586577,703.1803391709674,874.1935265754602,757.2787166397146,348.31145607033653,54.18305234672316,1
700.9533102186076,383.1480976470318,130.389444089387,130.40145372977142,98.5048165650213,347.6609654189149,620.4100888443174,197.09044723271685,654.3199435089763,350.59073838993436,489.37411990010725,944.7569352055866,303.6977912976613,112.59668150326463,108.23601698873198,998.0554110809737,426.31819402786607,385.42841116250804,363.8866112871192,462.23785839164213,1
477.74372791880114,352.6808170234429,145.05777311064892,705.0986571204515,996.340549853115,360.91984851479,803.6120786892328,6.673529266912559,864.2589100456776,695.3927108283779,302.95563438139493,862.3047820904759,616.7270686119543,50.8498834649338,297.0093788483086,40.38763999250661,393.1683373646566,182.48805171793148,685.8830063268209,60.09310949979463,0
686.6245133413004,542.7719014316446,301.6264840618901,287.6506881794061,89.77576557635625,508.96706234953893,779.2810149396894,418.9487737637155,275.18458590756666,481.39565876352583,667.2262697014062,864.3420159359276,443.26684728508326,553.6793834604204,56.102541416870324,451.89330269907356,915.7902250868923,505.9805762428512,345.6320546314097,278.88892106715815,1
138.61763273431603,639.211575517123,70.52018678132954,468.3408236431441,797.7466714768252,799.9273366813064,754.9455074779969,245.04285408485282,157.1111322134594,545.0924719006094,621.7340069294105,930.3316183776477,238.2877269214829,257.14388531720897,508.6924163080837,778.7186821333426,410.7411390050905,473.8530826524259,914.6939368793005,293.7489061482493,1
502.99777858387864,850.1883138470299,466.5833903897774,755.1784312045613,745.7422332770576,750.5420010353849,850.3261051542355,425.4029098046589,498.5072499093015,713.9618152660114,285.2304477696309,297.94561957253205,109.01715940681433,388.76314995286685,746.4835135587573,175.62873713838823,759.3997592879203,61.06647133058895,991.5674745180983,176.27887208982085,0
932.0729433364552,291.28032820909357,96.44849538506728,288.93628868761203,197.8876099783783,801.8186247283614,384.4220703706177,213.32024949808925,286.92190212918234,332.71300903726575,814.2504226761963,221.1138292186895,669.0642319326838,721.7603114347348,252.75793676307967,792.0967694889018,919.7699560670723,660.667753879201,270.39657295573693,925.6591053756689,1
382.79907542661664,407.96434732524045,557.402602300467,164.94471591519465,656.472970640183,231.52461507655286,825.3499674049629,419.529522221378,193.37296458279818,846.5914159217454,922.8488048380549,282.124125004676,88.44217322190784,74.89000598932594,460.94084157530955,309.98321539465934,495.58758920194026,897.0082807332092,798.034897499066,188.93008975375304,1
129.25109649968846,59.44283889867064,120.70739251756434,134.26539523724423,650.5956237095513,331.88489755191677,634.415005099267,444.52629722541116,165.1145394558282,139.75549428007972,618.8349774976248,859.8467289368309,215.1790819485947,430.71558736281247,846.5888981254122,386.0129102066813,179.58635590336314,66.83983048982844,260.2108536363181,93.4473766217957,1
920.2600301682511,79.15400547743533,762.5099064864667,562.4615254244858,361.9629532173569,268.1269024249743,55.005284439341715,215.0319087295215,448.9685131000234,995.5315993065877,780.6751580494673,101.11217602868572,853.7317129518649,274.30109061876783,452.0864191312841,143.90218503086305,180.7678574490844,781.168395558448,195.8790839463057,585.5886568272142,1
650.8486565100217,823.6955084980066,592.3667172444553,661.2981200186457,1.4582583919408032,677.5410087554719,386.4078545808032,199.7666402049013,165.03063375031667,688.2641088499183,698.8107537550171,769.9693933860358,824.2293592271166,34.2334938021901,376.1841413175424,558.2105247263148,469.7528636268407,291.30723858720387,496.7346173153575,465.7038092753395,1
488.479759305984,738.5185262304697,94.56797629849744,25.197376441609578,284.93169556044717,525.6524771271772,327.2904753330084,710.9201145073202,54.23495191607597,680.4160249175336,561.9484135320629,106.40457430544092,267.1585169482083,682.0521814520459,899.9883356759312,872.2345403814564,126.66408699600629,512.5800317639578,627.2353840081564,464.4341134048946,1
57.110553049470106,601.6568942084416,801.902648366839,389.5098524262006,736.506286103883,613.5509190243914,886.8370832529536,574.1921240196256,341.11268037017686,703.0688139756645,379.5707402004244,35.6495415177378,137.0710400259716,886.0822582964001,563.6974055095455,352.0328433479256,289.3754447546765,327.46541773258275,505.26601036572237,29.92666304551861,1
696.8891922309124,989.611963641617,22.48626402287257,211.619010817393,513.478284397577,779.0632940305107,596.2648705672486,678.337239688737,683.1340085552104,894.9725052104947,684.1279417563867,114.32018556215617,264.16104411498173,729.1303418148065,412.22707481137724,586.1745061028755,960.3589960566196,55.16470327650747,944.2800028047817,603.1612186751194,1
183.90065483056472,848.7758306087062,487.6863839267752,238.82034657476714,970.0438590960619,644.8020106638236,583.4300508772193,259.18375514497103,72.21390279914186,891.8065448164222,544.071716656733,107.0188871388964,994.8554812686777,278.41247164046945,853.3512387656838,809.4211262262577,564.1908041338767,723.7452495188688,940.1969457203556,118.52728106689514,0
211.43722852365045,724.6080396196719,250.20316391442276,137.07633737652068,629.8296344363177,209.02665226785223,805.9098078548765,548.2002556989465,216.06786145293722,593.3054574350664,230.5668887969874,534.8009346229064,691.8232531950184,729.1779362595969,246.59167701002448,946.5946208917533,220.5432361232591,481.26496793885843,564.7514641072179,659.2656253620703,1
873.6669596431493,130.55758188047696,347.08983505076554,312.6746794651383,581.5128736985357,326.60333937750585,345.476968270757,926.6026007886709,527.1626940723975,287.2825512023189,312.79145509154495,364.3962408979684,337.5320190941056,72.74243777875688,7.0050285029567005,541.5381153279153,587.5291632678329,637.8163387683454,600.7370391783821,516.3972701141846,1
631.876164842659,505.90198593962657,220.45887189383106,380.0487544002087,139.9678565482625,425.9656862222491,58.84915049256734,335.3240152467251,117.27876828970562,145.84173929375854,370.7712076761408,911.3381575658334,157.36605066862086,113.96819920100387,733.5009243867254,617.6410232296964,615.4103390160984,349.1000501160766,51.446034653216735,532.2504587963267,1
558.3311099164007,708.9744536701517,576.9288267447761,155.13296866237857,566.8574671041498,427.7055609292374,411.67760115478893,609.1079297824143,69.07896559415904,553.9468841646263,522.816064200676,526.8439729418675,731.169077472308,524.5092173001369,378.00929504395464,339.45409031574513,779.671749006681,73.81061372564245,378.31193614368317,446.66348873339456,1
917.0146313356213,47.80811071393276,309.5128559836636,724.3953748496447,731.7739795494975,354.62811296199646,804.7125711088431,170.3487312490547,749.7524851340751,610.0152419462745,345.9889619240131,190.15114544387802,162.05371644702905,161.86103577660893,223.7546232008527,75.60006908193306,657.3653171769053,117.8787094279945,790.0514500249371,328.9805429991576,0
610.2736677536898,289.3128504610456,574.2102417576433,273.799325912605,387.45471661733546,559.9315109298045,241.04096594770064,412.75317101267404,54.42543132069133,753.7888239949248,606.9629129652967,827.1293508840444,648.8774173441246,849.0272531994067,721.5658394469511,899.8001253656295,387.1716659091411,250.04435129575697,712.8531734513175,638.9217619605299,1
732.4232346565037,164.59287940476585,320.66472958982797,591.8661806640378,305.8077090524745,291.16917008226017,591.2115727424695,690.0487443501693,480.8773816617751,63.68819674333337,816.5961043455458,621.4189480365716,250.29043058757605,934.7790081482932,47.152733614644006,27.00470833259927,202.63631328610708,75.01347550047888,609.1643966075699,505.74389641610594,1
889.8891814490295,374.94468039856434,98.18682645653954,377.5304719593504,861.9272085426595,156.20826792687913,989.4087725417161,605.7640039880852,574.4474909409181,965.1204656893442,468.1711520024375,696.8546049107184,295.37369913792213,827.6256341909751,950.4471025967717,742.8805213318773,462.4343444307439,105.22182541589831,58.22813378751468,403.2745324757877,0
274.12979755976085,648.3109880453969,101.18547843805969,30.72959372660211,587.0382700658047,670.9218895530666,63.07957671101472,536.7758967545708,211.09533803049774,169.11662388411796,222.70923095250538,914.2759096543418,169.44214831489924,756.9578153407194,115.5773803571124,565.8643484726973,747.986125263347,406.1660431886711,828.1482392771636,233.49765384240183,1
387.3057998906575,565.3551773650172,875.4539683980544,512.4216022925833,511.32396250669154,697.014994774366,774.7307959245144,884.5560512050552,18.00904799646652,744.0291248570393,930.2055005644942,954.0455109885697,831.1511197174513,297.2514603046608,73.38482404409186,844.915901564075,303.69339345583967,479.54210327226434,10.210590088461702,212.08006716267647,1
484.7609578622518,890.512652033093,585.180947226957,837.2978265589464,398.08441913925094,839.7896468625173,539.6823892354656,365.7804600706296,886.2676100214526,66.58341067040597,514.7360415954747,324.80534296264295,140.27205056578174,728.3135464971389,373.40058416904554,751.9440822513961,768.7768672426442,384.34041769553295,845.5409729820636,662.0438604930466,1
969.6468751649771,947.0172771992117,372.8163330434319,416.003599218476,710.9638085319631,995.6939809972978,903.703519916226,683.2402624969699,940.4555085681208,99.50993941305542,896.1002232505422,638.4075426795429,526.2106733166388,807.1957220647264,830.4332560978099,967.7657793324297,986.1458858570265,936.729355525254,242.86466455214762,646.439172560527,0
602.7587839445868,871.6298735398341,132.10943156574606,170.46950928643167,375.9035669464149,642.2122083541183,791.3739073885586,136.0453602268765,427.08641812732304,175.60041894131618,5.377580023182782,262.5255174197055,543.3746123714074,329.39901702304275,993.6911943613243,962.5804832040648,661.3766714246565,536.167258569093,478.26250554189744,178.276826963786,1
769.174477270303,462.8291789474379,990.6921114039473,629.101838556689,841.3413432172819,281.7260465055619,543.81949192015,389.89950943857264,246.88756978239357,191.66173975639222,392.5446993964674,874.6421809857595,94.70558586251121,243.49331415030008,902.0551053771563,642.3791531760999,61.9667203341725,439.8720594918608,494.357134548292,99.44108594193834,0
855.1021411870663,547.9683568533544,317.42395587112725,536.4397494140244,142.10218642774518,45.192021584573695,913.4220349754281,136.410177684428,462.62751937688074,508.5575832865169,956.8017736545731,568.6752898003235,770.3686730818082,942.3670799268504,349.3900622718238,13.746799875660741,27.403075928916444,414.18436135461525,827.8564363569328,610.0645515944866,1
86.10784504172398,854.2790321046283,833.2426091937195,967.7383365542014,32.03295527011307,337.05575949942454,207.0990898559365,267.20892292815836,632.7563074196414,455.28902548630134,17.82116671091627,770.2501175891618,206.3857416643978,70.65496325733145,859.7380806034348,256.36212351773037,697.3150398764898,868.7032464733286,898.5563441642927,111.14337533782725,1
852.3131879164188,283.98904159545555,957.7812430619553,73.21144606360497,129.2700452975617,904.9827831841328,306.6038172611575,914.7826849985488,676.9030831574678,696.4379300548246,790.1440084171459,400.62818026855587,655.1065466913149,637.9819066269297,927.3027820052126,981.8063356220923,408.4212878638154,469.9195646272346,627.1828375821593,839.269299477388,1
374.0223536489039,413.0641452704308,281.28886969450065,467.9431729384751,848.7048911757207,558.0303427896093,653.4898977531374,975.7831922603727,947.1349533741154,827.6315768581093,239.3205097777693,311.8059164056626,928.9276445187294,45.67647398115804,926.7827389043824,619.9709214015086,310.50230954831113,115.48690454296995,823.9996884791217,916.3768165329353,0
52.52249648783636,373.4975166253497,162.6475151352791,546.1902353132606,897.8233316490242,85.86724695458558,820.8071324165529,818.3227299033657,931.639467250079,198.21117148068922,112.68686908427328,843.5831401341281,390.6750595698656,506.7645212200377,98.46822656182263,513.3063231250053,957.4737062810717,659.7147095086262,633.7963606008059,365.84827814983834,0
821.382938668029,636.8640466713674,778.2317255076588,809.575008302127,127.74453154658916,633.5828377546839,886.1133567082637,728.44058538401,795.9457163888699,422.5608552855107,890.1763376489405,0.9784013576072947,513.8803957178455,877.7974466944871,856.5906597053867,302.85221562193567,75.0315949602921,134.1303205191997,549.7688944971301,573.8636287568213,1
333.15214475601505,279.92163880730646,826.16307737519,326.0715672303014,17.66518607373746,964.3859385350345,303.10481131667854,780.3925363462547,92.20043746121843,608.5831485717024,541.5210569041318,118.82437431019044,338.106428885815,40.0929999908739,461.55422952844407,536.0309675445676,514.2440300027865,988.4314488253444,815.7939761455275,650.3261382262097,1
989.2780990973632,134.19482517189851,467.2012572448252,828.287686626928,269.98091022160395,803.5257077225922,81.60655198660515,456.3356308276434,675.9920979031263,921.2168923988942,697.421677127143,175.5082462649643,719.5458375101211,857.9988811140094,702.9900445050395,376.55191362906425,804.7770157453594,91.7236790304854,900.2194082240088,806.9941622558587,1
233.1762309281451,926.9951042983938,615.5519291862003,605.5382677135038,13.789364602372345,324.8613475690384,638.2985139659779,950.454274403464,549.6495962340608,219.29802169079292,693.8101287973412,462.5187114940348,710.8152693975072,402.60793660082794,528.4674763901559,378.2610893724102,491.4545854518817,124.84543667893044,111.2615015478895,580.3205718876817,1
321.3329700774529,120.1991777597703,727.4936063924716,212.37018557733188,638.400815700139,997.1119975937886,393.13967029618334,52.145724553359415,456.55992755221575,111.40284445148163,892.1603594934514,415.29486926918236,420.7973485833538,706.4104295769056,781.1075500777101,914.9735941194052,161.9240756240693,853.7334947628635,913.2864852541544,387.4785390750325,1
437.45797670758566,965.1150796284354,923.5324166694302,933.8507220474183,458.44350123045143,206.9861686652542,516.6572888934564,683.7134734458417,978.5582949975585,321.1985059846094,973.3776966149159,325.67924108683854,206.37789442983123,586.5080862977393,213.69686187344627,996.7654689631942,368.4116843794443,468.6782323330696,774.0581256172202,86.68332751161512,0
736.6167256407745,819.9775949161236,698.7145070040854,621.2185572408911,835.7967898212391,726.7942073402086,419.7385824637129,189.2696800670124,372.2748741890197,897.1434041164564,667.5734099229393,268.8592853929941,483.07696954982435,149.5163603093118,915.9187802937134,37.571078119587156,421.5012788747475,753.075749878695,155.46277094071948,500.09618729383374,0
480.087226568813,629.8535439445759,396.5286884459376,380.2253414635992,840.2289052797087,393.57005071221397,121.83690538701109,460.656148411884,800.3780745826019,54.32336155789852,972.9555821825254,254.70122443620923,630.8055814476354,351.70967425682056,127.52125687326155,920.5616950523864,299.1815344245353,213.1698264931856,131.41653526255493,898.4440833426745,0
232.93134897761337,73.51464677068165,173.88471640140278,224.7558085160164,25.026237240155513,362.7713495558408,801.0683263099122,377.56151235209757,213.59060719368694,612.4640655068854,126.48867997579572,923.4832092978313,961.8992074688562,639.835975037322,432.7091647636383,539.1066703547154,58.68691626815226,897.1023616193065,272.62719831244164,931.5734577311991,1
539.627141157056,182.37788363208207,587.7212228001472,960.2600074446641,295.4737265572125,906.5439022885411,837.4549566969154,207.34865449923456,340.9148294259462,512.7158050414928,80.59339804999254,943.7744603034844,856.0422755250497,307.68731527042104,852.14107082417,56.911676532169,547.8283152617972,5.710819864433336,592.9048501741863,128.2067260994255,1
633.3068169984966,811.6987551762935,662.4967657717397,318.62030479839257,748.5800324157045,224.70283799874713,674.4555158207094,815.9862529056207,344.22929674065915,403.1898145986428,192.69571443576461,422.2668072944461,519.6492319269963,501.74662384684143,809.3071623471379,436.32224945006857,311.3159198429839,585.896314692433,250.74829222508887,536.2035096128728,0
984.4058850294957,295.54709682385214,318.89006615104466,703.3450596686379,363.4029343507843,41.69544676485759,953.1867221996058,650.3452418659131,143.40360685943764,63.47645938640534,42.11203010487985,588.8189696410271,836.081900638345,922.0129296574518,131.96693509778424,152.06615535541468,343.1119236284368,211.06224307000087,265.171118005151,50.13498182502296,1
525.1317047473715,295.20935699182695,939.7389923547016,929.44372107462,333.02540471931695,329.8240638334675,752.7002264035652,175.8658958459126,804.784811014842,375.9006556237799,993.39628832512,193.64366424896673,493.14837303939294,293.0278383502288,977.4314880452513,889.8904378116453,940.5560825878001,44.23295805330474,0.039576976118782525,999.7057791542171,1
22.65270221572191,867.4582964198188,712.2457176905328,95.98910523236492,188.02567047865637,263.5846252200769,498.2363528285666,609.5281336595273,398.42324746547763,328.05052336172633,205.0004762209192,350.64945301139505,128.48248397872285,626.1372837063648,893.8309105991032,831.3954774789988,413.4507467965581,736.6967736732339,306.6499495564209,953.6503231042814,1
155.94142160782087,175.81850983649593,569.4762789486031,116.11729380564384,230.6825132999666,63.503671560226294,60.19973725629968,26.76095507321985,132.8413711843298,113.75591922991313,247.28432692222512,742.0673699306328,188.7573687274774,658.4492887557788,60.86737214632798,816.3837838600377,891.4271782962162,455.60574011924825,587.5356640766325,403.67704632044456,1
649.8260565752605,456.0912692921296,661.6278599299656,922.4241406275571,420.1054975697035,443.3937631787349,451.06380667416124,881.3916908569199,47.66163412360302,264.97697470670323,543.6108039320517,751.1653944881521,98.38233652082783,332.5321749576119,619.0848053429581,730.1462247518218,410.3530904598963,27.11682991483555,962.970640127322,809.8406468310314,1
339.3543197812965,544.7912721012761,531.0633206089016,691.3029949664116,384.2298598615048,732.4670163903547,454.60780039153383,467.24419583325016,380.8185552543939,121.81513375381903,878.791703937384,607.7965525718578,738.3427679714309,533.5855318198437,433.58412704150294,745.4499459249449,475.47469734714053,662.4318426388185,73.22750342778484,183.98500939867546,1
978.3093032270965,49.95957979519816,857.5670228649592,684.8787444474235,936.156409253981,20.154192045054863,48.4664861586539,623.6483419849487,678.5189485723062,313.0831009080315,645.2284016607542,118.3815313159302,824.5694743631817,371.87718198344055,157.41838008072196,560.4360021278001,437.301498256766,499.2990564225407,602.3768639143681,546.8513802061515,0
969.7218176808221,862.0315119809804,254.16657535922582,920.8547633216458,284.4099964269612,698.7726637534302,793.9372324023989,227.6177346820929,430.25954974772895,470.189346631302,332.05739940311565,813.5340742302975,681.4699593084865,358.21799904205267,929.9492384386904,78.07886426941913,975.5356855493409,193.58639701494306,839.2677750670408,479.9757561242101,1
104.9864957277612,739.7057949952824,467.5988346218076,522.8613900735463,495.65596481773935,832.5769280811433,358.4242894235595,753.3340524569278,391.16763529684073,77.1568092342897,696.6278538981423,974.4735757574564,578.0697149927151,646.3322401040274,178.2356239770273,307.55826654865615,626.9445410158053,669.9348604129588,325.2756021448429,51.06617010889869,1
436.4639446593739,542.1286855644723,254.9237799036186,685.7015393100384,860.5521844370887,592.4469903886296,577.2201289065929,400.2185244543597,442.24488670477115,627.3743613345283,442.7636724480185,18.729764073387223,758.2528998763984,693.7593131363882,967.8548485764064,436.10827532721584,922.2360434984553,364.04853140181956,583.3196857259067,193.90355257362668,0
604.8580795174045,713.848541563692,341.66150308911716,821.1743085554363,695.082510203549,100.7781507358434,958.9364216701792,858.794751838311,261.9620339791563,388.7242635031354,589.5989926599448,873.6329235420629,732.4090427397402,161.96218414239328,471.77932993284855,735.138621921054,819.3000772389503,430.3411402220475,501.51899170507244,277.8577234069747,1
852.9695383549139,3.303202507265457,297.10667860128405,445.60605882965245,379.4061387735166,887.4738545404999,796.5229495183839,760.4898480386848,136.9855783305084,688.4890136058177,203.6659583090682,105.92894013914378,479.5183940291855,949.7295835630913,208.00719090969545,803.677349972777,59.84240891455617,212.8463977051137,303.7446659449274,845.9904205895641,1
460.13837534347226,246.94089539024176,997.182623248397,544.284782135483,564.87943571224,287.41312780447214,331.85919808425746,966.1016648204611,966.7636561363106,207.22256622671807,530.6148596554581,921.5659222791505,358.72338483851183,368.91532937619564,353.41119665506085,562.8515597177866,321.0962497735639,675.9477717348328,732.7280364045978,218.51337665730875,0
258.95696556152706,368.7409914065101,160.30862012084424,304.06002657440814,158.07036399313733,616.9323446363413,130.4800378325225,329.86833757273524,364.48438275977315,284.77646464862516,467.7663617238795,810.1790989432649,348.4241751112535,23.25266497769396,347.1774870236852,283.8659001558068,844.8676183899832,786.426050839096,32.993332237829186,526.8210332359906,1
75.72164080747179,671.1477880352535,136.7999006682068,126.03096824866289,571.6630065055693,876.1606541237921,848.7297469878544,677.0620282942211,919.5764534275149,257.88360753978515,661.688287597323,459.2034879593453,332.2971628886129,946.8493762322829,410.87166477407277,799.211685225077,424.36795457241004,962.5725177817808,721.2716643306113,996.6714359406417,0
940.845106718679,366.76816448336103,266.9871723188255,489.43809093587686,181.49177294869867,377.1231296231758,341.70358265507895,35.481342984905794,721.9807012593697,503.65723487096926,806.9507013760764,164.9202145351645,581.6503893144754,63.65735353972379,13.315598691952314,110.69405099170015,409.42753338089386,55.39731933354153,363.67024267990234,380.68639605307555,1
303.79866446095747,856.728642985872,496.7802174804704,663.7439397152459,340.3303046047299,190.15956148644764,485.4198107255815,583.000283068013,755.4890977617811,995.4112604515263,914.7694447814271,867.5846034963809,423.3054998830308,634.9552488459772,145.85258262868328,462.9931482763272,945.7697573769249,631.7868597046083,526.9005195831323,526.4328207690927,1
187.65161188309798,739.9117892211339,446.8517218224285,982.24792430852,452.2284148509095,953.7347529138244,497.96310131370524,418.1312496438042,65.60956181433907,42.50042546062649,915.186599679641,898.5261293887113,375.31924156897026,223.27244668680822,225.8634490770427,185.6197738622112,57.168561706497975,402.6242378038509,896.7220973943203,867.0985140089765,1
888.4469596388104,446.92001728063815,884.4364898843403,369.5349453401337,735.921240171269,632.9800440257541,567.817342867569,654.9739008392146,750.4010316611889,73.32776702758193,53.35510848148073,205.70472289759056,387.24322835885414,132.5877234874765,664.0661381604442,602.9026649035707,504.534550933628,900.1563728308912,899.9646053229113,809.971913947615,0
238.64897526085505,667.8333059796195,479.40619105697635,670.3477183116566,68.9551913485863,407.6994508320797,697.3851559945583,382.41353584628513,387.37771047135783,738.4246728650174,727.6855564124803,584.4891837695574,459.798439443559,460.8530197918852,493.33936123621294,944.7820271976453,639.8459460077015,631.6936175210211,93.3554961332338,9.492985527603803,1
461.96210960666605,107.27815882170388,118.04884377959324,597.7477923573794,985.2586249592673,119.5948241337721,735.1461940763747,778.3132849375105,925.7186838506333,107.12789607435025,962.4310550752639,667.6131843034985,732.6428927723033,345.90761169617036,609.5206857465523,593.80291790664,642.8077668539125,3.1858755861913224,52.64837163170066,594.918929443458,0
45.84212185303493,911.1250615788217,817.1548254974684,811.9576588026307,803.5401783140275,976.1415237546512,406.5960919839969,511.8566375214516,816.1617089284466,805.283771618886,429.27020844932105,533.4388261848718,96.21052587809208,93.19571914408797,908.6325545646366,75.36953080823395,350.4183232437641,655.6241949973983,819.6522019268949,48.096047988175016,0
210.7911750003335,16.867569066321032,31.80760081113054,677.203010328057,797.345641224926,864.4667186332381,12.760337038124291,136.90985989692038,505.29061348857454,927.8304756232235,932.92293092239,872.1438364025436,800.7012467331795,857.775515425358,260.69055885565916,964.0627801334226,383.9433771425652,672.0887577672189,213.21213709031016,148.83164457828656,0
509.7846885470625,895.117358880013,373.8437646034789,405.65578571868565,439.1936116524021,483.4946355154819,137.21245972345287,162.04995227925366,793.4476899042235,513.3615971003833,339.2972550679348,102.59826243738878,202.62660938788767,747.8089944205994,331.6494507033927,69.44691720084562,658.9308596194022,532.8077403676423,134.47878417678317,145.44992527400657,1
29.861797135923073,590.9636066490946,638.4922821099065,21.846442802301745,679.4271719762692,334.4414626518346,775.5654187136186,703.4862673699707,691.0300164931872,65.060028111948,46.77804915995254,581.5144156874732,218.17154880307277,768.0041649689404,3.103447085833544,239.14381029763166,579.1456347904286,681.7754062791904,672.2078350311706,530.6680753013752,0
396.879804182899,215.0855724501949,266.1941165407853,50.12280323465579,353.62899691534744,656.9375192053607,655.2932372170854,758.1770253796725,579.5035438906929,638.6730488793197,817.1594646963946,491.9527089064094,407.03195649230196,141.28046557461826,523.9495363974237,858.6968991775975,840.4620433978299,891.1299523868687,546.5922339770138,420.9312318289274,1
919.6165880094825,289.24705544008856,539.9938809661985,713.4995613233244,562.5761363535593,804.6326238884882,637.5976260059865,316.8584019646984,828.1541487322465,617.9637364203658,60.793480359039535,329.2045063904324,417.6780355878987,530.8121397546612,991.6117464198054,152.19310726804724,450.60979102289434,589.2774164594832,127.9708097008504,949.9997397228101,0
767.7920866974137,807.7862501840792,602.9132290044855,527.1323329486517,822.996709245094,367.3713691013507,858.8717651343794,773.2511010605061,461.8438450098652,785.7658170875093,169.7852735492764,244.2514935668435,199.39972841512278,467.0374638871343,551.9305195439027,217.06503732588178,745.0288504328352,62.36242548815996,553.2377057771988,950.7042903803571,0
144.9602183874691,437.60573663506875,548.5041867077969,988.6659340165606,586.363832302388,702.6231730435327,251.24502657859804,286.4560470123308,851.5924725532278,491.14086497420664,677.4511506249028,244.80454842395406,387.32316022617454,408.77829838325806,154.88372140741058,368.8020286621976,589.8773118210851,247.47213937941126,461.6402683380098,332.7930010263755,0
830.1839749053975,620.0055713425862,153.87628167779877,417.5509090984313,179.5227238018814,646.5055421044399,470.44742517815195,642.5595133006631,609.4422555276478,556.9266744155032,728.5581107945823,641.4352434709322,751.6395508113707,288.7153248595917,829.3458554008387,561.6974837068,384.9936928557446,208.74945235301368,847.9157767055975,684.3639015637483,1
303.41735975937877,283.8347199069522,804.8228447790254,208.88588567208976,393.3690041989815,45.082010221172865,555.6004484562437,609.8677137554685,317.67141429530966,463.8141354945118,476.9714098853005,557.9106581208378,221.28658912518307,151.81533399193236,906.8954787359521,297.80670580012236,97.2336526031482,956.3363145957691,490.4408085330126,537.7345649933834,1
69.13590009275794,536.7777580140728,564.22870848904,711.4099385376649,562.1469155924024,876.5751848984994,384.60030390051793,760.7764067895872,716.9886569285482,555.3146299826846,46.158947110248036,471.7652006663202,320.83874814108617,172.34926722922484,89.82178289953313,157.1200929288319,540.0204417213869,690.2009258672888,368.6177922622539,252.4345561841872,0
978.863294255241,963.3154066937971,918.5304156367657,545.8756536656026,160.68904910050009,468.09594302442713,967.9962696214318,302.14723238805584,383.8401078305975,113.97934163738988,647.9423247592619,332.755229823964,974.3748992990827,274.2118152560882,560.7521700370606,658.3116956146985,169.00011367184155,513.7745557787985,304.93823581746517,819.4225871230533,1
642.9324264424145,375.20572677826647,108.99904766316348,66.98126710048614,789.6312470649539,729.9006970885472,166.75460473374503,177.19184301042046,410.39972491414045,676.070355861916,558.0014848103757,450.13747172235543,640.9794880850637,695.271354183347,291.3477864636679,81.647098484537,889.3534220965583,25.264133259813583,473.34874741122104,12.950900785598684,1
882.5863505290387,88.80975656667678,953.8847978274711,451.925949957535,492.1057280921467,23.908292664153173,868.3857636645414,867.332430117981,56.9412878459642,79.1533265424521,930.7033126673666,372.5586204505764,176.957245955787,332.8493874405024,754.3216408131876,866.3008764384346,883.2461248475247,563.4089665530106,937.1565698629258,76.28602035959587,1
584.3557900075059,223.03815708037288,937.8041068860263,163.5718250162823,229.86909062372285,490.9234298592987,918.9174796212551,696.10808162679,909.2923559056799,876.6720658687674,938.9907495014958,330.8594409123774,106.54611544213421,541.4795450395029,574.0659302215109,518.1719223777081,120.43975006770347,134.28802119765015,197.99737704486685,13.71677278044292,1
458.3398264655295,438.72285582814686,116.65226738628375,505.9293403080818,361.5256534657636,772.605809348601,538.3531672967345,746.8511075573539,875.4440057356986,921.5759907975424,216.24930732895965,850.9730105640534,895.4635233243467,369.2538916574112,562.1467210776619,291.8113089617798,954.8088563436055,877.0791161021767,343.2346235965604,467.2410850325045,1
656.0250214854154,771.9997627898472,496.6558436714514,185.77122172391014,280.50130228131343,743.855974014482,231.69985477253795,198.4242475826491,125.40245302022923,219.5766809084817,460.0035510280831,40.590155860207425,65.6587671855573,934.9932491345907,810.681123116557,251.6509700087647,567.4606283441886,509.1435579527386,335.9727154532429,396.715026891861,1
726.6249972685862,492.0231871797574,205.39837306372667,732.352759075643,214.72633065018587,936.4603817114576,510.49703970159396,701.7685818201775,370.46877774463906,974.5154550254753,432.60574784458237,994.7732416549601,191.02916077185338,348.39653386288495,521.7764719043638,468.43734636057866,842.7118214325322,769.3632540622515,228.64431763271486,850.6169778565351,1
948.0798294938058,782.8455715645239,867.0739242224106,862.6392687449969,846.2390039321842,992.1619824405927,258.52423677014093,809.5307706674512,673.5990596396256,138.50961786587234,888.8858978711912,200.4264405031686,837.3525214806454,800.2196185950394,493.80715935123266,783.3019809834387,800.8118493643117,705.7885029826922,450.9585138074371,609.3851174376168,0
172.35670423182668,611.6333016459466,121.68391021545722,996.3218737628192,277.94521890302815,809.4418143707427,352.43872714239467,724.0407765370179,662.9448845060793,457.0739234751395,116.18332365982775,868.3580184758775,980.0392502098281,276.940535950596,860.4677003039185,769.86041046504,576.1175462510786,646.537800337188,692.0355534057005,658.3832928231157,1
871.8187568200984,570.2526492517588,505.40683430227296,442.5177542278276,301.63482483989344,327.76583685120977,7.851518443102501,103.79772771302387,914.6530353762686,910.544324693118,182.74932665148657,539.2548246333955,985.1122739700932,847.0875459921688,469.3214855829418,79.28680395683196,268.75786586591977,332.437744162263,531.2066697815403,315.85025755274785,1
328.68882808986456,944.7423943982133,868.0311896947683,907.9199970833047,614.2691741462249,843.5855690052279,817.9771206413319,789.3512940737643,714.4852503862587,726.7369871203166,897.9132778646263,253.1043285048368,844.8231204472613,474.4414534077973,971.0988031111881,194.58404274595753,19.53491251561923,593.8768762740772,722.729561357476,614.5582093893154,0
558.269230067579,543.0825297333073,487.1588239505844,387.19287837228933,760.9702883827847,187.05304536101076,686.6530826311321,472.5993116244308,116.3981275135092,578.8670878743948,648.3232866021294,123.7811163483763,12.784808921404878,796.3382392363628,373.5652646373105,382.34100449012897,969.481620588556,461.81841556931704,823.768785185243,429.52353717121804,1
329.2055759133994,679.0580717488577,95.02762584752045,823.1114823694977,983.2919817097034,180.7674613581255,579.212257087807,538.9194967129877,397.0517077926069,469.7090326680392,254.13847602049643,980.5788799570632,933.3819576717781,365.9453287984539,29.831694232301253,143.40913271404787,729.917030158122,968.3321099886787,327.9484662872251,824.0607935699676,0
543.0421169777162,652.3883611164844,902.8979528093283,724.9898305085752,710.4578143259739,948.818265060911,754.1138552486602,193.75836316287166,579.7884204345866,192.64498617898462,687.6907224840165,56.81815557148007,612.9855817274387,301.1004790743676,989.1726080819382,899.0749735886684,795.5053554689833,198.78524712973777,395.9163124724068,515.7189888051905,0
535.1022572122123,451.6614852234966,701.200288579744,650.0005224447897,842.1247092609599,55.242531172721264,53.803286913198804,867.9788441230324,709.3683669390847,708.4364847912244,926.0395198394903,0.8824138312806262,804.8540082951488,461.5795035616724,534.5983350763432,604.1128246882428,302.62056528352565,282.96208745999996,533.9053854588294,367.4941425851864,0
156.6041647805775,158.32563826031222,123.61879393306808,426.24409738615975,910.047884075841,689.3109678509311,19.424436801688817,602.1960379588761,338.97311432696495,680.8562282495557,752.559236698841,302.3041201820897,851.6876543216957,162.24132088702626,447.89914497660357,282.4822536051741,59.83107454195768,544.4198648719581,97.85112477138458,978.9651779187116,0
115.00976786752226,905.081543044389,897.1496292584256,416.2145572642214,753.339925778587,989.0360533600784,527.3561819506173,451.4043966987015,398.2128647880962,917.3825058912497,71.39622520151944,342.3934953988419,483.93132558481665,123.09024442332428,79.37695346255502,217.46982394661796,657.8334593432568,133.62275923748433,662.384395640364,248.96140084611608,0
180.34871405933794,613.2531010454292,426.6228157131191,491.70163260692243,349.5303556672786,813.8646860226978,295.6986857474917,558.5191511406115,856.0363152033747,750.3892859589661,841.1810627765165,995.8185181642793,423.3369466986461,689.610669335155,161.2766739772995,523.2884244336833,474.77960319730516,112.98379698364214,184.79915210779717,755.0914670722382,1
117.26272009588389,996.5781525654892,546.7895415408304,624.3892969944908,396.9766201671839,171.2909050524033,360.7575392020515,900.3349603682783,584.1443978102003,586.7756347449783,574.6017314393931,829.3310216957509,860.5388054248311,621.8171726710634,870.912670993411,57.710622482401,345.13473647599125,758.5831974303131,204.01379508718765,361.67125397209145,1
94.35558735081729,304.78491697716623,915.6979357514908,506.515943901346,785.5099562790366,156.10264964375054,52.79427177957952,774.2167362456512,873.7939194651048,538.4821072099161,226.71089407943523,398.8088330019564,357.8726101882506,481.6562508467841,119.371930468679,382.666320323957,871.8855792675897,643.1560734133415,604.0954560486581,982.8197466270284,0
75.79769669943792,936.1121398834475,942.7183689886429,768.4116578791658,766.0071238011768,298.1951117554875,300.3791003521127,955.3625049925586,23.501932993015284,675.3570332279387,156.56333131424438,852.3469885513492,476.8581432832203,184.5726542315863,697.9646325545981,820.1818398371489,464.87389873828045,290.3699062492575,219.76287659566495,355.2961960590543,1
943.6960716184076,223.75240832845233,315.4821575939208,678.9015621199608,758.7244540678848,473.8528927920018,57.530377257046126,104.97745236019485,597.8441078658273,461.9355639028407,399.5436050300398,381.6863741013854,538.3706587586139,818.8092905382175,896.6579076849098,344.66223579387145,593.8786009003717,134.7644489518771,220.92903914168937,87.00490642923464,1
985.9633519610314,727.1115272888635,773.0487845053401,123.46945227024975,608.8381481224334,263.96128164265645,69.63769071030667,184.92039925633597,219.17055646595284,910.1984156824852,410.15263100258346,40.51330964836253,756.2900214615817,714.1987876773952,895.1728568691813,113.1799715824815,277.0396105958103,87.38854512349926,271.0354778902803,27.739997248313554,1
410.6210618708481,793.4195460970762,961.3677276199106,591.6059639193384,476.0930854702711,418.0817318063137,493.6357841840635,737.9085701627776,986.2484098347065,925.1983558515548,842.4189034686917,213.30895342826972,182.1622170758679,625.186744867668,794.8447485785917,245.74892286575312,780.2748963442101,338.45057032782734,513.2189001857221,412.1072094349525,0
493.98000620977035,694.2411610274293,233.49073043993673,194.69168555017126,366.2197680439263,961.7586918626406,0.9256197592962812,766.5344357308045,518.8021265477728,953.9070636426266,545.3581634253167,188.05900689939415,118.75087949296004,876.1028616196577,594.6345143517502,240.4591138017105,181.46529423312953,567.514270148842,564.84837446593,817.3618883715709,1
845.865119606101,174.73244679900824,327.91393800681334,517.1549401441935,172.74582916261593,917.148243801131,455.43661552405445,924.2950248602746,522.7036918059734,817.7132779364177,24.139299211517915,157.91521664600415,923.3712015584331,558.2038458806521,413.89171324144945,530.4644169800562,531.7437282912962,109.39118832683725,241.13875859171742,678.1653196400256,1
