feat_0,feat_1,feat_2,feat_3,feat_4,feat_5,feat_6,feat_7,feat_8,feat_9,feat_10,feat_11,feat_12,feat_13,feat_14,feat_15,feat_16,feat_17,feat_18,feat_19,label
892.8601514360016,331.97980530117724,821.2291230578318,41.6966257252499,107.65667993596794,595.0520642062403,529.8173621928216,418.8074285566543,335.40784927332925,622.5194321960902,438.1414261088741,735.8821063486902,518.0364119992688,578.8586002261571,645.3550958955938,990.2242713734164,819.8581969218413,413.2009348161808,876.2676552066274,823.7594325705213,1
54.47450782235463,718.6372365641943,802.1705624244754,736.4066438114389,709.1317507811673,540.9368543025281,124.82417438060978,957.6472954696684,403.2562987349199,216.9511603235601,717.2758464533194,994.2074384219376,255.61405560083506,671.3094319392804,599.0059131391165,717.3321455555131,937.3495346449046,351.809768539702,253.634097471396,402.47250903677303,1
746.510717184985,724.0705674116883,406.10779605838934,989.3798482800023,450.499280745166,373.80843410035294,709.628606169202,82.45855331170849,398.3729188112832,770.8809663078797,764.7509835004671,283.85938355769736,189.54219037038055,471.25096473531505,334.80604450262354,734.735043713651,189.10711553486436,331.10407412108765,844.2284208225689,615.0240343223761,1
885.2640797373716,976.553020407678,836.9085929071825,180.8246260859393,618.4105084545884,476.10887327334416,404.1566546727281,741.8836875490091,825.9332891691836,683.2298304876416,139.2716054909724,702.8250573984112,58.83729016413808,192.66547475121587,924.7937649551963,405.1024573639916,148.29153260094319,682.2871306745838,163.48875076461843,648.2252410665105,1
251.61414317047803,41.37550130090173,958.7226003159738,66.22048081343156,512.9401860856384,341.29659121992097,660.0098186453978,844.4273371187893,603.8665567071057,587.2136909757353,117.03303553464184,710.4503354427769,204.5232578451328,490.36779325715963,36.60853043601075,315.403575588771,863.0304070993419,558.4666182241689,546.7078262764857,367.8246589341122,1
828.1566850989472,276.350459432639,125.65834166662404,562.7810794926762,267.33900537394385,775.0349283063583,179.40634553953905,783.2566713374955,607.9963208342926,41.74887615355327,561.2751321916013,668.137734826942,938.3926066665845,786.0058588119633,750.4304715208374,497.05097583455324,42.73250165287767,816.8674964457434,13.623744191839094,550.0411857151049,0
566.7967713250513,112.9183347871464,62.776239831264235,574.7242249670239,485.4852657906897,301.4220971351398,39.795558046628486,633.8941364741131,124.33568320054367,11.605844415387367,276.66658867853135,301.54554009416125,180.31763150334424,66.97796308146708,779.233953526027,400.7484742283162,245.81485130675284,523.7721878560011,254.98569389321503,851.9084618044272,1
483.5035780903277,623.1499511360751,973.0725048792661,354.74752954185885,224.6456342207055,978.7138056264708,587.0744210008128,981.6813887375007,968.6660803154441,705.1039357213881,19.38580898099773,612.830389452099,249.559169039823,129.43570725402643,366.26113490302725,200.09350511422008,766.4814136756704,934.1811650828181,26.402398058938957,256.0636043076847,0
266.1980451941595,142.3277134001134,951.4993108296669,247.61195258996338,356.18616484191443,48.93908806575353,238.13067121040487,882.8247555627051,964.4330161070075,656.0278241145096,296.8611068308447,59.33597269800251,864.4364849323109,155.14089742075242,269.54809001645964,548.2046507109377,252.2774400445402,844.6780856346234,502.21488254650205,484.6893932379276,1
905.2586309138749,915.2683857425368,241.62770380508712,18.766892231132147,670.2896961747723,270.5634083865133,14.306451540300857,97.13039137032065,418.83770541897235,120.54822701754708,207.0889975480471,745.0554657868729,455.6879955622395,113.50963458792206,215.32366497184498,930.2432541673045,7.894747940961677,641.871839423087,644.6625276420202,680.2512803767995,1
578.1534644263642,784.5282146717309,821.8471822496911,646.829335341223,179.6396308402217,726.2730036048633,284.71208776287205,841.4765515419284,570.167146057021,85.26762186705173,910.9521963541704,462.45591120414986,942.9037012561581,40.492282104544365,107.45496959969792,755.7195877070145,41.777584228388505,451.563154844444,816.0858319603275,419.1977391510995,1
189.95912245533563,843.4105854744222,107.24631864191714,288.0185884350409,216.96878840289835,464.2672233505861,319.59038695566164,909.0941756538136,785.6273777645777,705.7506845566874,139.90345034074602,611.8213351620728,851.4950269822718,923.7684651434702,662.2105870913468,258.9794737688595,276.79967455769116,635.4779918591919,724.4061088576461,305.5872539721948,1
677.9625879939475,506.4934418609347,829.3857531324988,683.2980592985734,910.1012164545892,119.93962069041586,839.733132975359,948.2698557051432,573.6209319128051,4.145027377523536,33.5122841211396,412.46601419179683,458.27724706416564,477.6518169858909,681.4208544705069,754.8914345574335,820.7847197282468,346.3091534927728,614.9501149592423,392.867346381825,1
725.3456535848412,563.4726398070129,594.7785357950778,387.73661731380514,634.4603359524214,867.7924764357647,651.6937758432597,128.59401976213314,88.73827959453551,677.466378122343,355.5940961876743,314.72634644579824,890.0536399235916,863.9153775960538,805.6623217095042,357.32326166237794,640.7812555275829,598.8325473601285,235.54235584663107,589.6962625569764,0
997.0066324658832,52.474636996154175,237.52043388671396,330.9867669247838,800.9341902380651,443.6794406459306,62.72351305437274,318.2567837657911,830.5192965702649,738.4472518792137,278.834905055085,728.6001530059153,319.6934400427515,152.54138302835662,984.8783928562218,261.63004740024564,608.6272093391303,917.584911364531,642.9903579097956,426.77953027720486,1
397.2159799627009,48.9065953670772,81.24660268089434,450.68048822017926,922.3193499622099,233.3694530363959,868.8592371439024,806.2270065025709,174.15402548217452,312.3774638444279,428.3972502145301,859.2736902127691,634.1559357906374,824.7941149237448,497.0520903013985,582.4607402418369,453.91223385225766,258.27167315041754,618.3366282592216,575.417520936495,1
867.4132881310578,924.5765954294737,574.1522517159141,694.0825647924046,392.1967849635786,676.4406534395972,998.2120606646823,940.3822148519613,141.23706334481355,938.1683194805113,38.657577468729556,25.184666744696994,177.79878214748913,305.04792192778496,984.7472944513141,943.4614478301278,763.9555679132717,623.090082386836,968.8835800397129,573.0162688523557,0
213.21954583550817,133.45376194280624,763.7594244638767,527.3183045751931,817.3946012193052,793.8510558157122,670.1770037575368,776.758180850311,688.1448421083189,428.7647624422234,830.1449879373625,915.8900638418643,777.4417941022584,85.8496575056974,949.6794807749228,477.1257010104434,885.4902367199937,84.95536383678282,938.2320761379538,314.8569248390063,1
421.06198180891187,685.3384882919546,90.81424695910889,208.0150447858725,583.0111142752045,385.251611845942,106.3995111998387,10.084976149848046,896.1400203846055,668.0253821901549,323.9317346389542,886.0668360015186,967.2223045515403,81.54113332918334,260.4803022610297,529.6715505744322,920.6482040295659,233.05637395567024,935.3508011543965,901.1279868302428,1
338.20611700422876,225.23549719156676,183.3561539607267,54.97749128620599,956.0799494095778,146.8118936753151,957.7732917946212,339.1275677947776,59.31203857370782,819.2313392054057,803.4025159901757,463.3244257317599,772.3546273649747,748.819215970585,450.69215511302974,283.3714394891985,142.48950260666825,910.0838077037502,79.10574762248801,725.660828289452,0
77.68235615038255,669.9554335835235,60.29360541553519,111.25397669992087,475.34299694032944,80.95789618432082,31.95300997160078,639.6173082269856,895.1742725416746,483.2326065172566,837.6605185409029,708.9873799772215,933.0299295778589,974.3558231604237,588.156891126261,946.075335755932,705.3451816386486,464.67407145985027,915.0255612218099,579.5950943959314,1
239.19956500772722,389.5009631179359,422.1159008966485,164.06050937539763,24.999796961841735,52.611351073453825,678.366520117856,253.87555701612774,152.0549768911198,197.58303353832596,818.2832997280957,891.7614905966481,454.3192705650101,740.842417106343,575.0314838240178,488.51515110809305,644.3995503487523,948.3087780651117,802.4430049042982,410.4289593490509,0
251.4099569280247,2.623751928110152,291.2780469371802,979.203671331192,423.884936771224,540.0838516067811,63.6696825852231,142.21099459460396,985.5949075003191,535.72732053921,221.15928743283786,641.9373931228016,726.8484761855707,504.11343154648137,328.82757284473377,722.1986519363564,130.2019813828069,720.4931674347025,447.7464219119587,516.5665220022992,1
626.8054367581517,859.5936901531983,315.27701037299306,696.1155972619072,116.58668220381207,438.56557843463673,717.177390918296,889.9222757043458,557.1539010494547,633.3827319198065,532.2407181197523,345.75917170916915,845.7685535303016,574.253994685416,260.94902393743257,797.1116463600092,834.5106676047255,452.88503155777516,679.6141588757911,93.26760963179991,1
722.5702963984061,336.4740950350814,22.54245360714846,705.114961022808,548.249358803069,828.2680274546609,115.21660093509767,993.2072529695583,332.5205639517901,133.94620545335334,42.37443625984927,320.8543985875101,209.88855467891932,574.320151585025,958.3870531915312,216.79778175382515,329.1228323777875,266.11682887054997,271.06277045800596,687.0935869883601,1
893.2254890164317,584.2515010145089,400.67683647505936,425.7511983657772,552.9864653512035,305.4690810964458,257.6935539281323,909.9187123849238,511.50498823115197,119.58667542365976,570.5859900637633,249.96439414856087,5.395043445200809,572.1028132518269,358.1993948865248,683.2827688812905,613.9946359618442,173.7169990272631,301.3599115252247,715.8693402965832,1
430.68519966173847,134.72271783753675,173.9556748411394,725.6760677631202,624.452339656119,555.4056384766685,55.78389762681202,388.4812680679235,445.73332580503154,584.3476109942957,696.0872789431041,717.8855568018996,591.9912829327245,270.72234422260175,408.3089956048178,775.6379611937282,465.57769486960666,403.93177871054877,854.5300420925704,995.09665306209,1
420.17625273966144,634.1937853738366,911.2954152004988,154.47052435305199,291.1919761664578,647.2600227419933,178.37043163533284,280.1032383814098,936.2029541948316,314.8924846281468,96.05871072640149,499.33000114540584,76.01921311589254,250.9784126155946,955.1719455343342,841.5277644044015,148.73069667959805,246.19847149002106,54.75961732612922,199.83772782664445,1
809.0218313962836,914.897695531866,624.971052245252,85.4606962534844,501.29659690460716,667.4734866489831,106.56317225938349,582.2151831337732,755.6345199224902,385.61716423507755,825.6222194058877,169.77221588313418,263.900344902558,804.9581931466689,684.5416199730628,781.9976291590515,178.6446454658227,953.4081378010608,176.95301198314007,696.9436883259887,0
308.53878797793675,509.15892548500466,914.494197305516,777.75287998449,749.0318328855462,110.83969283584972,913.2284691911416,903.0771253423333,984.1151148017628,113.01498044570435,382.80266121811513,274.96173777934064,848.7099316957508,899.1417461944063,505.19286398951033,221.2824522550231,48.251758266658285,880.9640200007836,948.4142388203071,754.6765622023821,0
823.9840622533821,311.0017517497059,128.99061382022202,100.82144770537582,671.9723853329816,141.87542761533734,923.0363385635452,244.91066951069152,748.0654189621993,611.042958432035,344.8837351900128,631.2304992714222,17.93273980166954,764.4574726250746,171.97259371722384,612.406506151594,117.60678987579098,570.3960893698035,733.6559236477835,796.5823902199709,0
136.2590248925075,476.8416852218207,411.03673417334386,399.0885583278242,830.6649171612484,187.71480853805878,761.5168506635317,735.794842642799,422.4329305403619,137.0463653508327,704.4817216956457,875.0482689617646,175.86409682902948,117.56170484679241,210.6042299462777,443.4779851793852,460.4748402096075,756.9328851347534,164.23193112051803,899.5603204373898,0
521.6949297898275,279.4015379846713,22.7604869824104,585.9157877803932,201.88958776873744,441.5317727198017,960.7786887925547,202.41709932121654,413.74583400965923,843.7417518396336,27.215571723698375,671.0883248599923,465.6141704457797,342.8093396041193,499.9792686291622,432.1173522673045,557.572097914146,108.10333085148693,355.0308147665817,929.8655110286184,1
503.88130968221856,641.4766139372624,470.63148143826226,967.9146281813607,116.39542867232433,350.5740833254909,680.2081310433239,785.4299423708817,397.7025091681936,740.7688885353058,372.6760831045931,97.59934038601081,16.97196682032431,141.683569151683,987.0734158994843,192.03833288347326,8.002420417221767,568.4456862478335,482.2972892211829,297.91036127646163,1
930.6081615600149,701.8074630862862,414.2149006018342,23.678368269413163,690.7339157039765,672.9480971123093,337.54540225522953,972.3224430723174,921.1776959621643,502.53155647472636,846.5799282356706,852.0192846804747,369.20354470514746,992.9990053140702,389.32539400385014,760.6737175733148,455.8339601787991,114.74306677349676,560.3168746245325,707.0927597038058,1
611.9427784258238,298.8640766981351,888.2579527411568,792.8965061067194,399.3186101169639,275.2875433511888,820.8833245740874,268.6179537310583,260.3521967957203,268.03341579767726,606.3303797279351,274.65059149286986,858.3281220421813,283.6451735000011,946.8843658492442,391.5044417449708,714.7378696793013,176.0344748749546,175.7513454910472,262.17895327980614,1
284.52525156004526,667.2177708726947,957.0666450597613,661.5191711521626,623.3397114258374,976.2647099236696,311.5331081192501,796.3365472157648,619.6664762215098,623.3910202908381,392.76720741772544,977.4395460016939,316.107318146539,266.9376829643556,618.7399081582817,74.83718214004442,397.1417414416887,605.6286063412506,575.5684001567952,891.644134597495,1
897.8090863321138,52.07151060115722,719.3345544429081,926.2831287350484,297.3436051883118,111.92565268523636,852.950460302916,533.4729680573893,801.8293843998101,447.5190059624865,908.5396490104532,907.1593164226636,439.82412789534374,848.7785584220915,807.6806678220461,595.5542216461964,325.67156601051437,244.7933974589772,738.4302065445048,756.7829471598486,1
20.038351850295232,752.905394540147,205.835535783902,291.78619172667453,784.4810938772533,619.6205848827107,908.1667583907973,917.1619231596242,153.3866745517799,322.0745617625098,680.3286579980632,745.4383188817595,327.8747711617134,266.37482927296105,812.1471546065801,0.03434199970775431,870.9914394815107,400.91749603011795,499.1468139562855,936.738185955176,1
538.5924556637352,470.6047266479414,698.8618331549941,408.3378322551392,588.128106517969,737.2440819010127,134.68958547762443,690.0267237438106,314.523323723642,274.22710598635615,464.7128288618353,198.33813298176196,927.9721698404893,922.0783062405773,639.8147408977851,360.03935203439295,481.7663572435298,518.5147443232476,64.17383271386123,188.60122003327274,1
613.0960139755421,242.44578589020915,98.32310452107096,762.0740006677906,140.67652009805255,76.72535128643932,932.1179835201572,295.062195303003,822.5559646841331,223.0422876225593,659.2964329067136,657.0012880290853,853.0013809515863,93.33932741152884,532.5083467277248,710.0535327269343,279.2381797477868,563.5860793937113,117.76597367544784,410.8220248782807,1
620.6976165119224,575.777999973803,160.99983331066926,185.41863572625482,422.15745065457776,45.71260053843962,932.8669186391774,54.970175818777165,799.9266852425553,976.8957993447419,743.6733056667479,262.15834944867333,753.7972804061307,452.1819173214322,331.0373557769645,872.8510114572529,806.3947027447426,283.77617620328056,276.1808541722125,445.3063204001164,1
115.11454941454924,374.5304412609325,493.57589571778095,677.8956492411006,67.45832052825607,160.4338361654627,379.3233584389075,469.2738274167938,958.4499848965378,891.3416153356465,629.6593306480985,808.0412824547544,17.464837092391218,407.61194157679483,926.7164240510346,586.2514497076359,53.57303403748925,630.5329283258616,359.62470443644503,511.20843819413363,1
258.7418562531556,139.05105102154624,364.2566208456558,97.74873348532698,386.4297513963557,928.3042636530068,550.0331830200568,217.2123248151908,739.2003615030699,735.372950777855,797.8094140709688,681.1107223031369,978.976967451331,176.37881180342475,415.3904079805124,495.9349345053211,203.33539842789315,383.0446968417324,942.3487077332657,582.4001020205791,1
791.9198876562469,282.61466608732553,621.2718755389218,227.20180509859767,217.65570545662837,968.6528360023221,296.37020326642516,225.84565901807295,280.0413397761028,27.179725688313503,567.6415901596358,163.32908638989764,407.46931734036565,737.8855990015109,863.0791382941283,228.16733690589052,514.505646122407,80.33514548862708,126.61247693665001,382.4045006029091,1
654.8643141825712,301.8119964938326,84.9637848739152,434.69303144881445,506.0061131197566,878.7060367260186,319.6024840650531,320.0600958560158,63.93314008761697,406.11773686867105,183.89275157256358,581.5316244692175,452.15742995551625,213.50538048200696,16.811612525419626,991.589495709986,976.2960380374152,120.72689960633198,876.6397311656635,988.5079047206996,1
250.90606432130812,838.6459118934504,522.1147236828077,525.0892651191816,88.45561910862831,454.1226651884278,991.2979888293679,132.88308866543008,857.299122512781,882.0602412800976,85.62237036262843,716.5240531414231,11.041130280300294,366.3831508240758,873.7883400994209,884.6185403986101,973.6726101704987,457.4002714944342,281.68498386506377,508.56948398227684,0
433.4135695726292,664.5369991169629,936.5293268329153,448.68225894831846,880.2855574938393,812.3942448131968,190.97812237482194,660.81642620257,846.97063325129,652.6587408347162,832.9081205343465,458.7416846538285,474.38425215158264,760.0866565919889,607.8727648424177,867.174760334389,438.0813135254816,839.7412834156295,636.0482206126293,303.5822575031292,0
716.5775288914208,852.8752132119853,289.8460638639708,172.556631630565,591.5051425623149,972.202605619068,428.7052891071095,81.3948540946784,175.14642010029112,741.1604589747617,74.05378134818218,407.40056607545205,442.468174750804,910.6084294916903,55.290032546729705,31.94951985029315,905.2122277574612,470.8122081927453,140.38245245685366,776.4354743333605,1
313.35562092107637,636.9453171023349,577.6899724577535,183.38093266553778,857.6694270182315,424.82404976913676,749.4208723728946,927.1716313060049,316.95484205598643,817.682631882527,612.6390590614251,254.34817981378976,700.1084385801249,129.4120369131244,408.5217549179039,96.30157607383526,151.6390390301243,303.94148545511854,732.8446068270432,135.12003571216735,1
950.3657921056589,383.93150855650225,267.42966937512324,233.80336929472278,334.7821366719441,290.3152046673487,115.80620021280752,194.07626890134932,869.3652378773514,637.9845263966391,257.74445807948854,897.0499069241778,705.1137213384778,364.7559401567589,981.9946478441399,261.7843091791505,433.03846055507,510.9092877059853,912.4585339683205,546.6667330976887,1
748.349179279323,118.55705198383515,867.4636358857771,971.4791215938986,888.2177088082625,207.72500007291316,938.0312152835781,314.37999375868753,53.59720403637746,53.798573762134595,974.5817720453022,451.09407361637034,918.5932792476633,36.48035569818764,757.8672578906702,136.95045244633707,307.16737335000266,448.7079768331128,831.4060861072076,873.6602746760096,1
714.6996176512544,324.18092611619534,823.9099798854643,213.97319002134964,585.4097138530726,29.49992338534568,878.4745634471553,636.2016825688257,242.57098047325098,356.1329822705611,495.51587688167297,790.7697670068825,487.3259953915926,660.9093568247607,7.164036001089613,269.68492484614535,685.2141987104603,995.6704408174295,549.7011267886357,226.39786979072517,0
664.0909733152635,910.164591884346,777.6341132588497,131.3366354439254,349.1275490658383,364.80053977641245,934.5004734794317,385.2201741252462,513.0106327792957,364.5024878003399,981.8370999320111,192.20769584212226,148.5401767324025,344.2265102237018,66.47590206697839,742.0165872199016,72.79890177160809,808.1714844375413,954.4347726658368,520.7140552584718,0
845.9006274590597,641.5545485978973,295.6284041504236,796.5408167845435,964.4255236150295,889.6719875191774,327.1651173351553,491.7343514391429,38.95454224080497,700.1684769515149,260.27966698549585,407.5502175176119,352.36971410029327,95.94552782799892,105.13403638950847,720.6795723735813,497.7013915776123,653.8099515830011,595.1904312368141,412.8626985991692,1
126.55515673735773,215.0930922527422,212.05565957541972,780.6548310044143,848.0761026148635,977.6359275215227,614.5781010905226,585.0690595845573,541.7987176995532,829.4123634658552,842.4440559172623,258.0840823232816,142.58638973941706,944.8253511750751,677.7208057298999,834.0362578523194,792.1115455931306,560.4292143005512,11.424083197150381,321.61596203553313,0
128.80693289746992,524.9296933015421,586.6363821662972,197.4261121407277,519.4107608887332,768.924087432221,70.61840689258713,344.18411057175337,325.54764886745835,644.1972846662787,737.2625138596369,390.72206588558345,899.2114156951872,809.6692406381234,105.15227759171198,58.11711301160349,398.427045277671,17.097322794396796,637.7139626792439,653.0197518548332,1
795.986199018938,591.0510524499789,425.3877063683098,357.76362255489414,289.3635182137482,31.36148175197495,106.37350715619165,526.8179041799858,202.92850577664302,276.9857014521412,75.50171684473916,567.2053742707445,524.5017843329824,889.2069764291288,357.50407401551973,625.5837044886066,491.49046100690043,316.65658188970644,940.9232076167566,474.95327885334535,1
265.1841212865252,826.8443741975931,86.63354511733456,191.58201945883425,916.8925641639636,181.2270391284565,413.42457364215693,863.1016985873748,871.8022674599925,374.3926052525518,578.5655323203621,925.1458115373275,677.4978613402513,509.85115812301854,601.9644987593234,15.36334021760888,56.68019317373118,590.5413233944926,631.5987952045421,603.1961841621205,1
303.97449981739675,551.7537843102712,503.78186799656487,276.5319546870466,947.4177739731304,93.79159450758023,988.5572497369237,27.313904796024357,252.70490239686572,214.4164293700499,122.59634478604764,317.9634195174541,330.7809104793877,62.279873414421985,656.7108130919128,2.491765863649187,669.365008397194,956.6198595185616,903.1430293658353,957.9282894873363,0
412.69647733687276,502.65442205556064,759.8320447640754,331.8749006811438,671.4758013602694,607.890158793517,276.4196069528557,221.5341593761737,878.0515100183409,368.8256641336843,804.8548513798664,113.41445378506488,270.38770407609246,58.75599857641034,740.1798408881078,173.1175075283169,496.56089154298087,457.56676818864474,498.0206284889569,80.91195037739251,1
268.4292252639615,821.1839249691882,406.3589460011019,903.116006183161,156.0702809170844,839.7192453784405,841.1342888325207,560.297847168827,287.6277644892937,279.4922217195207,333.2712489104146,385.8086514778277,662.5348801171735,309.3182218772043,804.8148842780969,92.1984534016541,913.7485296008242,312.4017867732779,729.8238763106898,503.55324478775344,1
43.14722726454079,291.2642701182431,639.8281136652679,968.575208732023,818.334853631406,997.1048493244068,423.87924222186444,612.7397434639266,306.2106803375888,252.07683609748622,15.075274879165823,210.22653881162722,466.14424673722976,201.56194919339254,934.5250605754189,188.72502214694777,897.9033741261549,958.4179688557656,823.3525534159754,553.9716967195446,0
534.597810128679,406.7798334349091,366.21215221498136,712.3681930739741,760.6446195948018,553.279197279642,258.6434745490155,33.48483343103559,533.0041709678724,88.70019887540215,37.65650296285117,594.1608992618116,75.32583667179993,444.8911277161652,606.2742607817164,243.29655853123933,918.510153005715,422.52379956542654,119.5391017700932,325.5606276189559,1
305.9698620299558,319.7187955781755,631.8130981579676,88.15081086661691,821.8802317175436,976.190819286405,52.383204414372166,832.281083788242,765.4285396485786,860.6388664174717,611.9158849708626,80.25059052346606,459.583653688564,785.637852214837,953.512788192565,402.17733264691424,291.02064637332916,687.2482900064413,942.1152990503964,545.7395630463186,1
640.3337571077863,125.84619280967979,7.969491456209732,588.7690934477258,995.4030807567514,520.6068199958215,261.37278592692223,353.3400832532555,834.1849941901837,669.0170235247556,455.24437530713567,709.2755394080552,237.74866323277587,945.8459243789422,328.0929208177664,943.0293595101134,644.7288146405185,93.52949728240323,364.60644565448894,30.6321182674022,1
743.1978878604716,62.895704688476826,976.2868289812604,343.972226890052,231.28011354972756,322.53460056867846,806.9570243325242,382.28411110703286,859.9585654366488,720.1652345790257,210.86271180052597,395.04506441259434,210.91234855936568,825.7741402683779,229.32951407949653,277.58301705908104,753.1963041590238,672.9807428281898,183.43682217837355,923.3550840466385,0
610.0038045226711,571.1102265470424,225.00646846475647,205.45698831751048,673.8545692107781,407.72858653363085,550.2820786650032,141.50062345484105,350.7303317776388,560.9995598884929,734.7686028603632,691.3082931446164,106.09415531606436,554.9959090518429,660.8751669810352,842.6041632550632,367.5649908826273,807.5616770299795,0.20965736880673713,573.7455283628032,0
154.59990191959838,51.472291234660574,497.5263395372469,291.49584837856656,268.63938881017515,599.341282502318,277.78749353021925,348.2286798104699,349.0484100075142,548.0368541660631,937.6622737194111,94.48315579918575,313.0906277979173,690.8742783120849,283.638322570542,865.9771811769566,273.9326560066325,167.64117726001527,109.0273802833026,692.617422306518,1
53.888036114586704,520.6521331356844,4.566826052891937,544.745801352638,326.62067313951195,618.2592586719508,841.8605373621328,837.4672883754041,246.04641880428724,304.85508548597926,153.26744785067004,987.0528219330266,114.88203213202841,50.8639856204165,962.8552466392049,73.01170284379654,265.30386708745255,50.47629621132388,923.1726042735852,519.2743906523325,1
922.5836612757911,651.6357830088416,578.5663373736256,407.3153893337763,263.0500484694456,794.2857552602034,230.2517707170908,69.47548890921662,565.8025875539357,184.3630127152125,272.8337036690117,894.5318159524171,711.8985026416583,101.6609614339935,903.4000362571153,906.4986550297433,937.8061102165711,532.9915012599831,375.6586650298177,840.7461955728247,1
933.8639000065723,807.4466257550956,942.7029156370752,86.09444019521418,15.927639012267903,677.9750889103194,204.546983025211,686.9982192686439,354.818314526561,602.2807797753017,269.35730621028284,191.20635117018358,227.1315801732554,713.3391048509883,775.7964231330542,45.3610935211719,617.8163252283977,998.7133586547728,922.3375523885196,73.08534575741277,0
593.5839855769588,898.5520279803703,732.653008448199,602.3785357299427,321.33130871289484,105.60692750471023,559.8665944805326,693.5823042648874,625.3733688771806,303.48891029074434,985.0077241258808,481.5032432186902,293.35129166924054,816.4570799367491,680.2119758396876,808.7460158568284,324.48215091696375,347.1817800365843,131.51318560722302,6.583340817709837,1
12.07751800081125,903.2426927440576,870.9076478206752,675.9099488364242,94.22009725623226,200.52564468107326,778.688661031405,5.649625838803352,663.6912754913332,17.41637150916997,679.467162575209,260.84808258994417,808.0618493754678,581.2982662230186,302.5789688318212,693.1692261095507,92.25170319985732,53.13739957429786,419.0988667673311,640.562535184956,1
701.4010835585482,983.327643576917,202.03596764313292,332.3207250968733,330.57325433466025,95.55395984424331,179.55642246619797,165.7199842213618,24.070272066260557,881.1379921519107,207.19855258437957,377.54397397300875,907.6187101869754,938.2407862301576,928.8299258840261,801.2769887889785,636.274602021601,890.3604961925373,962.8578859436869,900.762170164119,0
403.7571726859073,803.7982366281686,340.228753887011,50.30924312019247,477.0667288368036,806.5760177909576,110.65452339848336,140.9761137857517,865.6542331475493,741.4546485230247,326.2103442807076,610.1203117865111,120.23619124893837,668.1347902421514,721.1334112264304,927.115077069154,147.3070101073455,242.20696978699553,285.69823125253646,744.5654214633744,1
749.8970015636057,717.388422167892,41.85643509486958,317.48349326322045,266.9847900556301,396.5279713677169,34.773522108146324,482.78335523392167,228.89741751467608,940.1195475861472,45.56600206721606,982.6741634972174,445.6641254604703,638.638439133789,911.4238472145582,648.2445180145481,297.63117695250673,975.8524318535102,605.8109961300672,715.5960434794561,0
819.02320346391,596.1696387117577,491.42565657183445,890.2497073784468,183.75966622057703,445.4210526252527,425.46595645838113,471.27209813706605,309.5156713674919,243.5949585037839,282.5240769978431,533.5754440117686,801.1276034144205,675.2837663890456,565.4596978687379,934.1286052613285,451.21549609567313,875.9058704880854,379.20336948646593,671.6392764146927,0
77.61938412178915,634.7668238637665,650.4587508704288,702.2802733358225,977.3289602984386,860.9371097850175,114.55152192905604,976.0125546035478,522.7779990697476,827.6261280030569,513.2251403697269,942.3354956419739,862.6555568071869,993.0461913730546,613.6375601721704,240.61822168701764,983.6833564793506,363.71007459019523,34.80756550589159,544.3878376990493,1
558.8820970394094,283.6720299924392,276.8548192176089,450.00550396658736,509.76579386848766,112.73489870832132,980.1803213213393,397.84509269143365,396.153997435605,726.2718247043287,328.7725423248977,313.793746028574,546.7111860567436,293.99583867888356,631.4005804605525,530.5656555648103,874.2843200307971,773.5588495235947,286.97937957154505,273.6985270391481,0
746.8675362592085,730.9607940102921,85.55728056150613,514.6682955915768,812.4136922622456,856.1749614831984,752.7731572699923,164.09346055163732,251.44757772996306,293.4932468433888,258.2411180298266,182.84684589537724,929.7604631690136,38.48638277427507,829.7725081524496,95.3400621343955,880.0247574641883,765.3055099029941,583.4716081913067,708.5300937680188,0
459.387265981841,300.7346505177374,728.3873490728384,232.99733617245022,571.0050497768914,908.6805236684428,917.5723625144603,122.68608262332681,380.22609872289,187.78684932255229,931.073806033225,466.198374667257,956.5118176352622,268.0777746392388,406.95859993904605,660.0514684549157,378.04112353882056,998.8300942221709,248.44579231772312,491.95840898133423,0
566.8899136703026,390.60536615482033,117.53068423048619,94.50670890013113,527.0478788288295,5.609628060634808,0.5759209724970349,787.7760728713292,512.9985063550143,863.6061145012245,346.1506284992094,911.6637761367311,912.6538356794125,591.3899056088648,406.40360105278484,476.61876304515204,293.10298197483587,751.3247181404184,646.5883270997393,624.1962449902236,1
380.12579157259205,821.6671282688668,519.1637935028159,346.1369567717076,109.99554224562912,141.65540813140154,459.47718482166175,840.6149662799377,485.81281451224925,93.45898533373764,580.3593272489625,753.4086901623193,798.9176281053037,727.232968283458,774.1688745084473,134.95285319465134,293.95499408311366,896.3436782347537,746.7951923453227,388.0893684653719,0
570.1763770492121,613.809297553918,848.4786494761255,594.6974141571359,688.1025629178769,852.8849179346151,940.2362181156695,844.4586230016972,299.457214080742,101.59221634063587,477.29806205863235,833.210493711828,547.578471187277,877.4491159179456,252.62292902098426,253.66054187384356,93.92798323020513,313.98524107493506,1.2292618893082752,454.2500145808485,1
643.1573618378166,493.7423902227731,613.3528035985487,652.2348405211808,715.091020658284,276.6129326145984,84.7748727685066,208.76074488060303,173.8635378310568,64.93749910896373,966.9093068615566,183.5876953307004,9.135885590628945,811.9614661224521,480.30996680461635,25.913483641946566,812.9062873922238,864.0306129017324,698.1247968316719,355.2101053230192,0
642.7777230685809,500.74945741083855,945.9870816032895,530.7549263876399,876.7888552780935,446.9864333499805,339.6382429903435,272.23254426664,25.467473836249365,221.1929984977349,971.376545865485,241.2916360780304,479.4157442062281,98.14193625321732,319.13368399786725,801.4026983227404,546.7020624328063,883.0894200844247,821.0268362653325,675.965924670552,0
884.7495122881965,990.0787083651127,230.36194470789818,421.83296027543906,425.9604163290803,329.3490751753072,907.7256458418606,862.765326440553,331.1499031202586,645.0987879150308,794.3293711758267,847.7123733573789,948.0627989214773,981.8119765769492,321.07416316047187,714.6349774081758,191.45984981175468,778.7833910366252,524.0547500586832,948.3446867874826,0
792.1382600814005,446.26852196263366,765.7167294772905,500.6954921876052,600.8412462134108,734.5308347291145,633.2978125663842,904.4105900526524,147.6879840550409,252.78214092051698,77.68100444383319,606.8913273789352,898.1372732636244,601.15769313459,915.7473623361205,33.66908430750315,359.939251304308,549.1427506016626,787.7268675687908,998.151987654323,0
15.255965096613533,285.3293924158738,805.5860360663792,241.66906563987268,519.4142202079781,43.099098503995734,497.61980256920333,369.0264856785783,234.50149522016594,839.3306859082395,74.94043865270217,609.8589887647069,583.8563975688144,179.63565704711414,401.7032994500198,304.1707470352526,791.5137960097161,540.3899036605848,945.1070629684765,854.4517186976078,1
655.9017464862021,465.77345208434906,304.63236927876716,393.62395190135715,366.96096830521395,925.9981146147635,916.4228075954567,591.2678089969506,850.424236065842,972.1507706438997,895.8193985620827,92.99306758421278,714.7779782357953,264.12425627760183,79.01273358021932,112.74870854227869,629.7117953742417,451.11750274767417,589.7583653835601,278.6028134019684,1
492.47496095935827,644.9460626685503,892.2555273940818,536.8278781776572,731.2409822066679,381.0717834293086,519.8673686643302,388.92652341673494,587.2508871014226,44.87005158561086,375.2807065921361,776.842555055628,644.3766042091092,776.7691387094541,370.7105206112932,568.7167026195889,520.3799372802639,115.60470383361732,888.9120943748114,560.0424878952659,1
588.754019310962,108.57873581926358,746.3334276921576,673.2025073012228,345.5539260315786,590.4074963965829,471.7476433181954,718.3838691042721,140.77562935807842,45.385339986842574,388.95878154285236,794.7502255073344,204.70114833057318,30.704444757851725,650.0267544723764,375.0199715735374,51.80435907356629,681.6119238264498,428.71180925384033,199.87176546698382,1
256.42441557361894,788.4201599296022,9.772913697794205,20.739997514517494,189.99712255245083,661.681592950756,988.8190278477086,277.6805860637274,649.0638675849988,511.0643714499528,932.4501413206374,404.4471193429289,235.17121741243207,299.78744044012285,921.3849687071975,727.0362586121182,393.40666504441725,454.3813585726458,694.8718026281351,359.70679365282155,1
689.7193243235199,60.170991606442456,357.58126602159865,868.2285774869794,144.60081442330264,746.4803056581294,608.3449673059222,69.82505803511508,783.2641154827659,918.3718953355851,179.11850831398468,374.26005184125376,789.4309073261137,973.1185418134819,603.0455053987616,920.6835910513197,623.0554618890533,214.6598646960698,11.961286267705983,940.0719592555475,1
62.50992130553523,730.4446840273107,912.9723204177111,919.5489396475494,630.7465458340245,640.3518740267342,13.565514753884788,943.194305239772,171.28806520951701,592.5151796049656,780.3651955236694,706.0682705807882,221.15925904834845,580.4889365513282,338.14714668314303,940.9957202671299,850.6199290478221,41.102638423958446,799.9817041191227,987.7945443308879,1
80.83734432898082,630.7767122653939,517.1276046313842,573.9167516674636,826.4872371559641,955.0305592659901,692.3853517383444,297.6063002444187,656.7889730831765,119.23312873464498,6.158918937338775,897.8073295420928,679.5314198898925,449.81618363200516,534.4455411019524,18.703823633456906,482.74757378333,762.3631511311388,289.6844971527996,613.1589848429612,0
440.04776717510094,218.28418102802814,215.97134195809542,393.1162911399515,986.8160288785039,83.50049697574302,25.672413523116,500.40512416672044,825.937690588218,993.4358392983139,291.41445235331474,703.9359141494612,368.8777287405512,248.5062349212934,851.5510855925725,270.85955752322724,160.16696939808705,732.7562729134611,504.65887550973497,756.0350876976016,1
358.5367676535134,849.3987069216465,614.666970651564,880.4921176790851,561.2440161911669,61.22202149920663,574.3580880724041,642.1283579747137,949.1264639087366,225.57533463784807,509.0572073159464,58.76525456961579,743.8578095140535,719.5475062443489,676.3923631175222,364.1327750234017,850.5620959559719,307.36978387113965,302.27956058742325,605.0804848773963,1
56.92487998287643,461.30115626156174,228.22746695434893,630.3103288221321,467.70768859209164,798.8940332550387,663.9321652789148,784.2580935663677,350.23859680547343,512.8833937180642,765.7574229854317,574.3484471974749,669.0051308161251,527.9652509296958,888.8273467775158,710.5663658595148,747.8587589477286,822.3443461936496,119.43417473122054,599.9688068113428,0
196.49411356910008,881.6603460084172,531.2673219209042,73.70888592006209,857.2852049091318,122.17363814832794,468.9918132034151,317.4645462599851,828.9330938643471,697.3934452307278,494.60021693156864,230.77522138486995,326.5867652632061,156.59236184379986,19.422128393733807,504.6850994590557,372.75822053265864,215.7851073436674,758.434348989804,994.3109385924045,1
627.0397341437383,524.542825504864,408.6751980883457,812.6513444301938,440.8068442381956,823.1531458440031,362.87804541511724,147.5657693148832,478.2702362611898,274.19067285618223,907.6152813923957,974.1028667622829,347.44663573733294,781.9897983191196,687.2984918044493,576.9821748489404,204.7332143545556,562.3955290845302,38.64546844103156,57.922725245069806,1
287.7723929522936,102.43124955405436,396.5276604729201,555.0335933243898,256.6727047496392,66.56538942372892,809.3018811281099,163.08540900502865,840.8405378307395,351.59496933112854,761.9531715220688,601.4182872870605,344.1528953530456,34.806433510361614,632.0059033606892,159.5981184883616,927.8595046612122,790.7523663310752,861.8244029015868,225.6495898455536,0
514.8500802960284,156.64592150205127,782.3032091183288,183.2563535623668,721.39379192577,176.01529998741518,438.13410252414366,643.9457804970087,306.1915596201944,386.5782003054751,231.56700497510784,823.5983083842096,467.80067155572414,757.8822556208327,871.2560842334625,369.9272193068513,467.8040432620023,996.8600770441428,780.8784959604953,147.50798431774348,0
506.2696302631643,130.71277959982942,689.0334106013822,762.1058670039984,479.1036302673656,937.0554775513292,276.7531374053399,861.6186014754439,321.1045945403025,523.9916023090522,263.86213145864735,82.94304442759315,301.2810759179513,524.5935948898353,732.0035150315003,286.12888233208145,448.6702950866186,146.97426760551934,77.44172512003466,190.56378309769485,1
832.094399928273,314.9079020060874,932.6475268394066,521.5414583425235,942.8971484673607,14.148800700814256,405.2975073890141,53.73791111809978,786.342124464567,711.5297748151153,511.38093634587653,511.75210961372085,940.3931499686139,123.5958847017058,751.2865915381872,399.93251856930243,772.8508187942912,166.74481948428732,195.57358202080678,991.2885234376944,1
878.2836780813439,445.3962964970406,288.70017216569477,186.3076998418467,319.32927310723124,513.2004022292249,46.14531451683401,103.08036129406206,670.8958452151668,157.0212801301517,398.49299523873196,253.89620091392584,280.53683464671474,960.7740738275435,319.7857310394913,81.27862663057705,400.6811882165544,682.8324957991383,341.22867529091695,745.6802698164659,1
65.00349382456716,861.0464054705443,336.6737453220524,714.3731843105613,468.36174961846666,205.38907674229344,227.7430182023328,40.69709705726421,861.6902736650003,510.9102215762121,706.4683397240568,909.5292291092634,894.7502672402838,261.7342364314629,290.0208035966535,63.59036225603876,55.16281585215255,598.6221223294488,101.36072890960146,686.800781253661,1
649.2745602940562,653.0095988886814,597.2699145777707,891.3005378993868,182.40689563386724,883.0398134176147,464.7043593273479,330.3801416561831,51.336432635377236,245.29220955065733,573.6492116930557,143.68930991141315,765.0107928944251,453.4705299131373,42.9716468185618,190.90145622760923,487.43318528221744,714.4914168158645,969.0006500936308,592.3274144352598,0
241.375148313672,184.732724587758,633.8240051789361,753.1763129259828,42.70995842105907,587.4646619589402,432.6646751762836,497.8232796681611,206.20515765139925,971.4779217509555,893.4292208909621,748.6654608842301,697.6776341223946,571.8577311104118,668.131387581293,163.71747428798977,526.6634790080868,708.3671866120683,896.5050335424195,113.17769729022942,1
96.18638199851436,591.7441543373819,30.85885357717355,787.0220982742102,550.9074216472935,726.6643835829806,356.3241424133693,642.1332041248189,277.63063316464996,349.86251902004983,384.87960478554805,764.2984286860982,980.4412628312698,441.58596251067286,906.7693518729243,84.2546817965667,173.1975646219046,117.88705318060421,469.66206056286177,93.68976480874636,1
761.7927535314295,443.85165821082563,430.45049191488084,773.7395681960935,501.24177919301616,375.0825929561216,719.6674046146409,607.4029356523856,749.595113245778,361.52603402925774,397.9916788961887,919.3683339710525,25.743429725589294,339.1730340916673,306.8369080285486,886.7572295745347,166.37520263105608,806.558312940369,530.5082426083484,588.5586325544253,0
666.4322082360139,829.046868624396,935.8828027320868,310.8802419457734,6.764635519030948,362.40414490534334,70.04012304821894,758.4863851626715,368.6691877861646,624.6238232595512,933.4250590441401,950.7492592599285,624.298507016636,603.9856633198108,797.3827254775564,842.8382264729022,918.5808045041273,576.1283741224721,342.11270969681783,624.079804872932,1
969.8819051668447,264.1391979559348,585.9525066010568,307.45355057722867,133.20838780275767,968.0331294786023,937.550108476956,649.8285931427309,483.8641810890293,563.6500196914747,946.4166239548565,250.8009120881223,806.5572275406389,588.691092120961,429.782966624469,271.8555860845888,193.68663211212922,810.2427027985449,100.72399899409312,462.94948033670227,0
702.0091084869226,640.1259445986361,504.4836282611204,483.7593129511668,267.8905456622801,170.04805116188882,526.1237781430898,73.46664003908299,886.5311157294179,218.33007423645336,149.38743250126706,938.6269535048118,397.2432923453806,185.46022721115963,439.34714238426795,704.9955598758073,224.45603558790296,99.18262790641042,467.45242335114233,795.8111321024337,1
856.1843691772015,594.0593799412742,270.82652981307666,462.9799881367269,340.88054207403263,1.4909102142357522,217.8731923390499,615.5081771659771,367.844287283692,392.4830376566265,741.2348709150057,212.2616180088418,636.5546514263056,516.3038221418101,291.2811014006984,897.3819264131769,539.2020311693417,490.6430618526,206.9920659252642,766.0388086949727,1
369.1083588508993,523.7722259006883,189.41173771043128,823.7921331107194,702.9344928410536,166.99400712803202,741.8420011572795,710.32253799586,185.63186628550133,387.4736921701327,578.0595896956703,876.4101605954082,643.8868076640225,214.2224018879536,834.1567603788278,303.82420322336367,726.9616499468065,480.22096001883676,309.3733303884761,952.444380361662,1
629.7879729036248,122.42728111360557,785.0584396510783,496.5306698022257,82.87872860478195,398.0578161542333,689.4450961806705,660.5100179487664,348.15706613915654,580.4499215019343,260.9304183903293,159.36782975434994,819.6111542634707,391.53970695728015,355.7885351309148,690.311305175305,904.9149802002285,235.26568510735623,201.04892161759992,39.57274266956456,1
482.87867480032133,168.6449281882434,64.7458887495097,919.8502137922364,641.3066703689104,187.0097284870812,871.4282773798153,282.3139021490457,507.79874179624363,996.940984146361,813.1584069831533,495.95068227854034,563.1073090302787,757.6052472243208,805.7559485749337,132.65724838402215,351.1226739232498,924.4865818882354,158.27618707622847,342.65671260958385,0
812.6332798650297,319.06578675623655,710.7108455071312,294.254799629558,693.7825814812776,814.1270098444927,391.79971562739934,981.0357994361214,633.1510814793377,294.82608556140667,343.0284556758817,956.3701872055726,923.728417365395,772.3278764836053,861.9450858997094,967.9232310869819,504.73182630668333,224.4539388787995,957.1689999021442,110.39608734924155,1
839.16792486471,430.80036358674755,903.4453581265823,930.4193745400771,429.0970996563902,698.2767740781053,445.6657782899649,770.83152901841,598.730710587747,121.18427193699266,392.0043783309525,415.509468799527,609.3077551916855,381.20435545067966,134.82158623870833,711.4644216281454,802.8482212526853,688.0394308978042,222.2473511069437,945.1741947405027,0
151.02950099809,715.3405774813497,793.6867275097585,979.254604665035,752.6265177264844,840.5664740310245,899.1925527682472,190.5507760842208,389.3048574339817,114.88211882241362,139.82598282308933,404.1747038640003,751.157755410743,355.0499982231555,47.19542034428659,578.1330062399906,750.085093715837,839.512881301045,749.4438060536185,712.3426125142786,0
411.8237879161476,146.3531402943856,897.3827878298304,192.72619928197233,832.6598422407407,210.72668035518083,597.7076209126343,936.0427804653829,456.86563661322646,840.441909100999,566.4586391339747,352.16677028114964,219.6770595222367,73.49655897593877,492.0003563201766,973.5389154115576,326.5644888731618,135.75721621858105,309.4071291736903,285.78160897129055,1
764.4118442272255,392.16969515786326,146.02745750982783,627.1784842052477,995.5548657823801,543.5152428225628,835.7042612146605,993.134224255543,845.2800793759644,573.0066578126825,711.3106408406355,487.0777651042026,593.9161105963311,840.0914347512879,363.21488892505363,19.22339374414095,52.00111440699595,491.2124910588269,102.06033040201201,462.5580170927984,0
24.225576978136544,198.36653319993803,121.19131272712069,658.8177172971427,129.6836358316349,78.45229033195056,961.3913672601618,651.9603531502113,878.5383788980703,774.8142382911876,65.62873080995502,368.44471856844405,834.9076640290174,814.2676286384551,78.62288757815195,774.3284612845733,736.7995669322133,281.11055725100476,230.36805932115556,969.3766846178873,1
944.4541093543438,507.0782716770634,386.202097948356,182.40700936963873,983.4649658624735,947.1691644816904,194.34078035757696,165.81109870771382,474.4637834988812,687.5924853167334,901.1040711613,741.4433454066071,757.9451247860973,191.12406951038795,337.03371676035596,299.38979670901335,159.78144450982688,448.6736002507036,544.596134563085,132.08477675183738,1
100.27670471014771,863.422699744897,48.10835930547375,178.68612720194267,978.0115758614414,74.97046367313021,430.84411385258613,513.2456706544115,365.9610919529792,118.85731017015667,428.22427870677484,179.3442959680108,525.0519555892618,926.5960379675117,808.6714817402062,603.7650296313092,786.2253216737004,954.4139356423359,821.3457539996203,178.2840462240255,0
825.4207453983433,402.5851081881555,428.62220498824246,621.2390005310929,631.2845646675947,334.2700627918315,877.7509987943978,163.5338637032401,799.5691692108369,224.48398610299736,335.60259152439,526.9488802269615,737.9070659666993,888.1629469175725,261.8555627372824,954.8044243890779,366.1067986578843,665.2213131904055,741.2274332952678,272.181933591513,0
856.0559801497236,819.9222176407056,886.1043953546191,114.85946448349826,397.96190779457976,641.5879398331227,866.0955238368648,560.8403928749472,978.497948678585,370.5546880518844,743.1558777120803,640.5884485727075,626.4543957202717,593.6266606250676,368.37104380994333,104.09486656901801,473.6286616076809,791.2775459966264,554.3889110879167,76.3138800682166,0
121.06763022341016,694.9130389598836,363.5202296910557,926.0268707225206,152.86395060571468,214.75728992039245,669.4059096744014,483.81457212848886,682.749414016866,604.0649736138942,833.4464838219562,220.9079398347651,172.9713188227614,250.10286421441486,865.8757098201979,305.5098723092753,417.5741044651594,281.0680146527058,582.6610560623362,581.7187132754821,1
732.6598173842337,567.8231066810004,479.1591358757271,545.9122485066647,556.9161603157443,626.2204253651606,863.5850423027089,998.2760745238287,251.12928357038922,812.5367728656572,308.8570072904457,266.8970032019601,896.7277501830013,176.25481513891384,558.7103046365283,893.7083312475286,462.6016628232482,413.8325823767164,791.3411182490036,781.0221541479858,1
123.08852251805547,31.072276749649742,87.59078942802145,48.82790585663466,718.616173506613,253.05396013894733,234.44474689602768,925.8023771618014,692.751449546248,858.5016601125143,724.6512460310931,849.0832352470983,398.772927014586,442.98047224488613,487.78941058804816,992.8455637938838,415.28614924054705,84.84417525759224,246.0726955789807,711.6099317050696,1
87.50778840179495,648.6468293121127,704.4882530874829,955.598537430503,879.9836060673864,873.9242099302302,977.1240848945695,783.3074344101564,513.7225227256622,63.35987478083116,976.311649692283,121.32936689905927,223.5597816552537,955.2137512224165,805.2234991937587,978.4972501464214,710.2787079433148,705.4817569846867,670.0639302243407,373.1679087305945,0
830.0320102567422,285.9274911267058,914.4029600398817,875.6651690718676,640.7681967858147,801.8753830896815,856.4942514900794,126.45124460083956,636.0937934406137,835.8986764976157,429.6784618980233,754.496839005282,259.64721720282915,448.54662482528096,207.29771450937085,435.28659997666716,384.4770109178875,723.7319934614053,83.73676945343045,927.4213040852648,0
982.5399013153933,3.1587364907781357,702.041767911073,70.74288424048514,20.90486750144771,785.4039416894688,636.8542678891713,822.3109245111721,699.6346035270366,322.52693533967533,384.2519148901368,806.5497938979362,216.0610730566115,286.43236914671775,210.65730797883631,219.19298325265157,480.70676627506447,544.4881037152636,599.5010498994891,819.8504233201649,1
369.39245660330164,657.1500389396472,434.593348283278,598.8718259893523,804.1759327652356,144.5839876750411,128.1736963790805,367.5705751027071,513.0371683253559,650.8412633760721,176.79888934589394,755.6896458690312,549.878280555762,485.0698366539434,83.5777828592158,935.3991966180307,384.2035905425887,247.28331561890406,604.8873934545028,870.8857601209221,1
822.3002291903582,193.87346620937873,731.824287787187,702.1708134289962,87.21028637542804,857.9784652949788,68.78039595971298,727.1919629148987,81.20120602763149,838.9115671886782,351.5060092267791,785.2202015838967,390.6383515106282,83.20850592457319,226.8160823693347,89.1153979124435,14.820455902660235,839.0465738119182,872.8268715253217,346.01186194098244,1
935.2815856770537,832.4609626966095,154.3621276711501,514.7302349270224,516.8450035206434,170.54840263362703,241.57564644131878,915.7050279122394,878.7593696134381,625.0108218964018,768.7752741133542,675.5190440562817,591.424655314991,206.1802968086287,366.5536736663866,381.3317711688544,287.5885870178245,906.0079007361654,769.9290962767241,653.6002078958848,0
864.7987491339736,282.3189146271163,824.6867793084009,273.3830633620129,213.86176024073998,969.5498905629855,307.6101134144084,891.0252009543534,492.75600503821147,727.6853063852955,499.7094907315179,474.6672076822187,829.5637528000611,393.6219942287896,9.062417788429645,855.1789750467926,742.083409343111,748.4601153378655,641.792739514402,630.7137028252397,1
54.8190903428587,492.1473016869007,426.4134884168136,350.277307775526,892.6400618246765,588.6496341293531,956.5294760325116,905.0202234424935,965.1798433586384,762.3415511171102,337.341972218533,698.9651110009047,809.9764177948737,588.4440929029395,176.4209599018949,275.14404982531306,815.1928410533789,97.0655877525054,800.1209900837393,167.4531655165542,1
278.40734948880606,966.8953976940123,805.7842669497009,248.67643277349438,820.652496732531,605.3412392499605,496.5442628123676,662.5974695490161,780.9308082754566,558.033325299536,593.1817162981929,836.883931807964,258.9754697912799,435.72177067454345,281.2709902769028,884.0240369624171,428.4503415917419,455.6613433647081,244.00656404114008,488.9151400531585,1
963.3199292506281,301.56910171163054,809.0444290844415,587.3598883425277,185.12661540505638,965.5499120824763,562.5129846846384,984.0245008878517,907.5991494398544,549.0114089719076,397.0592151092497,895.0497352300604,1.5475014194231695,258.7486227931256,666.1303723393067,267.38364610046773,546.9327589758798,499.6388607633184,897.3778092016665,547.3900841360456,1
440.63173361148966,880.3789367476204,32.659951778921894,472.91558910726695,585.3748137437094,655.1099050034207,229.20394237437435,323.03559806754424,152.47481826609143,453.99479985642176,222.59952190186573,87.08245952904514,723.4982190886836,598.454882767944,460.00889842850336,333.3969883958486,609.4672971151084,155.72265483227267,19.47205393438345,930.5252983626696,1
805.9674671885352,323.44867163332015,303.4305765211596,582.4142658079103,784.8580003306112,840.162904123697,675.1243785681058,758.0316398442034,516.6374160484905,968.6484708023072,417.8995133993547,433.5881760979464,544.7651317289617,692.8997669593438,799.1688095262089,812.4437382052043,977.6167092254414,997.0784937911171,844.30405470635,259.6799730551407,0
74.32949080862895,73.98463169265557,666.8765790247646,899.559054871991,933.1364847108355,516.3687835886393,793.976138397693,373.30991185151674,625.4717156730682,879.3773465500142,781.3465497589018,377.4064528598412,642.8744047506773,885.7594287760096,736.0527501331053,125.9471639172347,512.0043187027932,86.36438076706932,805.610595212864,615.55957760457,1
763.1050692647917,165.07636074531828,251.05331083575712,976.7128267508247,573.4819313641241,446.97082609906124,66.96197559035288,445.24040958254716,500.2897301750835,848.3286902334938,294.1673750884628,227.03425581318214,537.349002324308,772.3837947835724,403.7037146057726,209.99639942095516,62.337882698114136,802.5265420690221,375.93952211419736,781.3006374457623,1
736.1383992537386,930.8911942207301,129.09794518853568,414.6065453374921,109.47995301745561,945.8847636865524,107.03103362215228,560.8376102787249,733.7319403446626,55.60267043442168,167.215691002799,952.7046034069155,858.0231018328163,819.5949962673504,728.0940978509766,667.7536450725563,746.6826685281214,9.726551698182039,828.1451653572764,431.66276258362393,1
347.1517134872567,356.48083360715543,622.33795108433,757.7354159831831,93.03686091173657,517.3630962305887,678.0258752876994,728.6144381366722,218.9540886516085,74.59206932380414,464.25511820831355,95.68537619816253,707.7175346804788,245.6456549656072,621.0789965686631,597.214945040636,231.12183725342229,553.577220786352,906.7756675286587,839.6072830722914,1
985.8801869450284,848.4756286277593,658.9429715284961,814.870059158222,932.5531537955977,323.8909319449287,465.1843714870596,178.37223298892567,633.8482966742264,796.0126929739491,353.05701019970246,614.5604437174117,585.7337142400713,608.2088130293309,560.4460398754844,999.2301789295142,19.885207691616724,11.897233903188752,61.01082029022664,465.6342746214248,1
864.9147735218946,423.94366228783485,941.281971078984,371.312361739793,131.39748737524292,690.3773618359319,739.6713430297558,361.2696937681614,776.4484985954406,667.5241859693156,142.54064914224872,469.2708140404079,216.30828790319245,5.501788629867388,671.2801461689794,651.8333498687018,133.67374410049428,378.8298049703336,921.8726225666834,788.0871869795635,1
335.2922262054645,690.9779669377305,365.34414392468875,100.9902579745916,113.55966439134768,214.2965062243486,545.5777907991779,1.6003843747288693,526.9746914555302,360.6659242764234,787.4094998391325,510.63586811505803,123.09967238128317,421.92871619678186,182.35755894841577,764.7210556665519,798.6077385910165,673.5758783947731,429.7556489106619,370.9407474644626,1
154.64189023511256,432.49120395383477,972.9324654674168,455.56627544017624,808.8051698911305,725.2958563711145,444.17623023723075,891.5270478066469,305.2217090909517,215.03491975688925,895.5068528401674,899.8223836364848,599.8615515170598,991.2893769656994,645.8289919642082,250.9927203849506,211.78864470317603,392.21347443554157,574.8771823042224,205.5697768862461,1
135.39472573880872,112.22738485934292,216.2238283441178,792.35665057566,874.5679712911972,152.02971097936924,864.6311712034793,567.2102988547274,569.390230331477,706.8981683161152,953.6783421726896,799.2326830464896,775.0853260971152,183.2438352087976,378.5644585400205,613.7665754747363,798.8848935794848,725.9101758361536,502.63713724500445,28.48507778405662,0
766.882895480341,623.4507737463928,8.941914507008653,323.7597382878512,302.6390956950734,525.4131685440744,458.0275383205422,919.2514221005907,675.9995462770785,76.84932763443253,963.1398779750801,591.3398189251272,117.7176446092083,701.4874763407289,523.3747472360649,704.354183270203,817.8260774572052,135.17668219560463,462.70613331319464,209.02114866623933,1
45.90386490289311,514.324237342431,56.79268285717099,131.2446133981353,498.0076000428223,195.04616750857372,460.72320223720766,548.4162356426667,368.08990356630255,43.488625338407694,3.6454379406217763,656.9579507019109,844.7474564501767,379.3885130402913,466.7929494868891,117.56598989336386,299.92182069134134,558.4903278429708,720.0382905766487,615.566275228779,1
758.7888660159907,913.4695653498621,977.2276222146687,32.23192091731519,527.37838158339,318.2826863951881,949.7873555982784,574.6809850686268,920.1297563971576,84.35414287173182,10.011659720059352,995.4892762481749,870.6841560281889,723.7334200870249,961.5027679128448,226.26001762328963,86.40435536125734,475.23584705780775,217.66543669353143,591.3430233721472,0
800.6097827106303,656.726133126033,369.99693866268166,750.9928491571425,363.842793888132,744.7605291182758,129.3215513758288,547.1922892004078,115.1620555897731,890.9641418516362,582.1257969205448,802.7527756454599,24.715174750204795,38.128947367189305,225.08038231260596,135.65256462220154,518.6103899803674,64.42634655106161,576.8605864969866,27.3717798042441,1
800.2879223372169,524.8478828323712,204.0684459934977,954.3410878306584,19.211009575063052,553.3221274603003,364.0271283944233,892.0129332317398,598.7423501072844,411.64740316303073,748.1744599473288,107.48411197584696,910.5608900088076,206.1715222897017,745.1624391443682,271.54208696695247,500.8164453380728,271.456542042078,319.98498740840176,3.8506103059497976,1
372.3536903369766,685.0772650493227,222.847072188166,896.9116164909517,655.3294140096052,275.85539115275617,339.3022394733617,849.3026026392489,161.68059455617058,431.33906376485965,864.5358966365902,372.1653457558406,569.0883651880216,499.9197910334406,179.8406052951127,128.04018603387158,870.4937026861759,829.5507763267974,887.1874773330564,452.7325735788796,0
984.7029152487074,567.7454642657061,717.0522174236597,502.8106388617113,375.22238019829314,267.1878520291743,286.70478142204945,792.4015958884196,172.92544065013627,618.4187144114402,346.85407947484583,160.7519131553341,54.674649974323806,546.7968112033859,431.1014956588712,965.2960963298216,559.6819879969162,106.4651328894256,965.0794785651312,600.8500471443223,1
825.2925509440327,837.6382004648431,98.70456363475367,594.3913276016558,654.6691541489635,74.42103039428748,797.697386993891,453.69154431633507,798.2580531595532,244.9820407523684,429.9709775035947,118.31583564412318,139.41416456322798,853.0217855853754,360.3781897338499,815.4129427601414,660.2116601040757,944.099348663025,438.76441044161896,703.3395079539418,0
998.4390880904257,516.6932584189359,463.6890000959133,104.761091773527,532.7709626098795,75.19002057689251,299.82111111448563,85.93319151079216,439.7308609800589,144.40929489028122,978.158048917618,21.993952222539747,665.650014000152,695.1170811955304,148.45853648020469,381.2116883166287,459.82086079684257,48.12953700761613,705.6083885682834,782.517864870725,1
430.08357549212826,67.15750862341218,523.1781723038008,631.3504440264188,64.3018826836772,487.9786652144554,712.0193386187212,857.7675849162655,440.08215727618483,800.9452736110529,897.9493651518843,622.5449096082464,947.662851086612,734.3067984761682,898.3371109029497,641.3170301412281,679.3270456992009,756.0817610878747,869.4094407758347,584.8206290744886,0
691.1651993697698,171.6730674170054,676.8223317190183,263.9766007930321,360.5528245165296,761.0660268192871,634.2012855568776,948.4886195984226,165.4242929047315,197.7707240189458,763.7456902655314,643.3737129064532,997.9227667249169,270.4416435363345,471.3403172240027,58.29914592865515,962.4585376570094,701.2681655332792,475.74291384757163,127.69896112322631,1
882.860343818995,737.8346609094361,624.4761634060558,468.1013018959629,821.3967003608989,843.0259255615922,826.9354306430797,486.16080193514523,679.5853915031006,728.4110836999823,322.1966337004094,753.6695527097786,564.1658878616695,505.2595591382101,460.1495481040146,184.7380084015866,957.3235311709661,130.1040572022889,135.04896424904078,495.5518810714478,1
342.4658631817142,170.1077699047122,544.7131183809705,275.547720965172,675.4435773770603,353.5154656629526,577.278879060281,768.4393033451993,203.29237641279107,9.81704569749342,130.6394341621102,541.7292626838336,877.0101324956034,497.8635652782023,303.7756695721577,865.8940916522259,21.433422081757247,125.79017786745716,997.8217266243232,332.21121466378236,1
1.2227246082668897,762.0541374457133,228.34634541841936,543.1778932113583,951.1118649226974,386.59136668699813,22.091389472643662,41.13954728962599,278.1313888426563,221.66584361198903,422.4639756169438,706.1006917303905,971.618103136199,228.12718511334128,885.6533652817498,722.7433000432862,482.18956756268926,802.7982476113053,322.55989463126025,717.8140614012278,1
710.0661870912013,202.7211656274932,608.6245449853324,715.2360701042056,891.3553154241137,832.5499837177167,378.8626837359723,759.9196888693663,596.0602004543747,118.55693131410739,545.1433460017965,108.5956109948769,913.1859700831362,214.76290559574574,466.86496178005257,391.8515762333091,552.7450899304001,768.4989931365013,209.8171918826285,815.235811850131,1
78.49382437985098,232.30707640595273,21.47231487983381,41.716956051433996,96.88503846820085,372.6387292031473,591.9407248530662,999.7577300978362,606.7413585684899,338.48142764072406,165.28152520803107,499.6646893497976,34.595545172316776,675.0500257876479,641.6939011719915,196.11725989919248,526.4297957455909,761.0642755770624,58.57691715001545,312.2923973207136,0
203.8632256983035,694.1678635431393,905.203218648138,629.7887189511987,918.0107863090516,231.2158249677746,715.1708888382417,130.18783633474285,305.94004972011504,733.0670904626558,796.1949930966134,150.83028391576804,855.410587082389,259.2917731480797,524.6179231809864,866.3036788567341,814.0793146433595,556.1264743639277,109.56791301112779,967.2480115814752,1
815.8964934488209,118.91108504473202,472.27772073194217,820.5508413208197,25.413739562874294,599.5935459147046,390.7949334189189,207.97743112843216,189.88843756812813,900.0384317722226,445.5274487620516,664.7556746950473,145.13105278377114,632.627009655274,617.1886069604915,840.6418987665959,807.5484280286051,358.7887741658492,409.4033394023162,931.5353578244006,1
952.2698514490057,542.292748383448,326.8715283619419,131.29836370031234,758.4905868285517,948.365390820084,17.909505676410586,342.29164657778534,393.13014122267253,217.41209014661032,649.0999399120217,752.8591298011575,789.4010154585985,405.29957816379846,859.2319477289739,907.6955295476389,327.04783287821846,846.0689815051607,899.0837840560896,64.46965621555934,1
820.2422626326539,951.8102732747856,525.482893793678,342.8208790684639,973.2596162472009,599.7400452327304,267.78756625623623,832.9388423741713,688.8400819829377,146.45716569438517,72.53072900091573,694.8655122197815,738.4471374339178,604.7671300022618,147.08766090929637,545.0835468265824,28.564496258092763,464.4521179111062,227.79461960695656,639.1358098178373,1
853.8737430361211,258.1689056535329,268.43186256854455,679.0685369292966,708.3118503962555,407.4735112792377,659.7394806685955,972.9670450710794,323.2491432318435,199.08401304125445,294.4152938721898,735.7574346754849,376.5981494202736,987.982775511355,506.4455789072737,519.8038864988479,980.5866511910381,861.3740489484461,66.60503409441576,606.557152795227,0
736.9461361688169,406.02198705103024,90.74145429392021,346.7284088515011,453.2601502738719,390.14113711448226,749.6309532657722,730.2127559536063,969.1853008691315,382.00984015522266,803.4370141907755,761.0415483740757,831.100415895153,687.607361675862,119.5627423231761,22.508466890282854,327.48669287210674,693.8670106002867,307.8126398379868,86.86656446708052,0
689.1200839286307,978.6069833802666,185.60667287448396,490.0747570989756,566.5772574690787,76.40541437673743,684.5012262261915,863.9903869157216,286.34957490254607,512.2598400174929,733.1104158926795,673.0367433734709,252.4958883516041,863.8616487050231,228.5262974852107,459.7992731690829,223.65712269943018,287.4876538316271,400.94875418318077,107.86687353454471,1
923.4963618717784,818.6033298093137,47.426345700988584,369.79174978191566,827.9017030067171,390.4285329336932,724.1853492251756,575.3495411290153,849.5971735132642,173.80404573312336,212.74647269408376,463.3487903438708,308.4409953966573,216.531205961624,223.49860212021454,446.8053463522591,975.0295717829505,665.456910405081,847.6115333014355,15.839008735377359,0
362.0637390259299,954.7103415668208,699.1232144403039,463.6048877839989,446.3868836255067,765.5157285283926,835.2480101819972,435.2571955800869,692.9719530458293,309.51624341279114,245.7969094008271,831.7133272252346,170.95674085518152,660.8446037526952,206.2959388747353,382.6982846955035,779.9491975500554,608.2441224236165,342.64177326612423,148.27542096650458,0
984.9928904626403,509.24246954335484,478.8951109423143,576.7710171186609,600.2425371258518,576.5048869024511,499.3118493754257,817.5808845895506,362.65138189362233,18.130221045462914,594.6647408810204,790.116104844065,580.7798958412382,245.45943375187318,251.55644616708128,342.56255070522457,603.5291577019747,191.77873928797706,117.2441588225932,591.5255962959653,1
123.09253439560175,28.632439501413252,335.2141305401961,963.4940511906597,300.9773490733214,754.5111289534378,248.2826018984976,550.7037434617856,579.7381713459247,568.4483776648168,381.45620722118645,344.18626786187156,796.4345581727633,427.61158420848267,236.2842393587341,958.183688732874,672.2244104644392,355.09430058073644,490.63355328376366,244.50705632603487,1
581.7827889476778,306.9134419843933,715.8415734740433,333.65827939830626,924.8037526090104,294.5305112636466,344.59221156923235,201.38914131986706,994.4535654727024,671.1917734401351,443.19417200460134,255.71668112161748,102.7154323666295,643.2393279556808,139.7959549155019,73.05831425738718,456.3112564027006,825.6627798959548,330.5816294248204,408.8226609756802,0
750.8304047189288,257.7568870493452,395.83164132740444,250.67162492657192,736.9306960051341,836.8723591712626,123.26362988481642,431.28542095179034,100.28831712991737,592.1210198686558,428.1315594484023,34.048758592335474,629.4594339258445,266.759195827112,664.6182940656811,11.166830845432685,341.66224676183197,618.8105636549386,19.32854136415074,328.67789952826274,1
285.52196904444395,340.4497772880305,633.1663507293248,975.1257840292322,742.2807926842693,317.0732190608008,389.57356345391304,638.6730841682418,793.1366857468671,517.8538042221718,198.94461763873383,502.94490221271036,262.97937547599116,137.3144858904265,50.98382264171952,947.7604192651513,27.821792237482825,835.7122818195577,697.1348531847343,290.2710094835667,1
611.3818411549671,894.5315249893036,838.6835804570655,664.9985785979754,720.1082004532253,892.4564329974223,173.26249663067105,689.78639235952,830.968060059208,174.5982861108575,344.62346307986877,723.2389670479781,957.077423635517,541.6161118314276,3.8563871448047404,887.4798034361414,767.7195608551262,728.9931798668234,561.8714495605964,772.810785542871,1
408.2938267311843,260.81299718614326,436.62314943360315,81.79158550677346,999.887536320721,895.5248735028568,135.5664204582744,157.04962132824042,335.7293750759858,827.3515035425138,701.5672847642679,45.67867647282375,200.7512511563997,154.9996659771875,319.51129119627797,403.03063251697904,883.3152216574624,880.9140879498119,502.37561223660634,536.4512468764659,1
629.4149556124361,325.6373890098231,118.64410645671319,12.108270512728447,759.1238238211334,17.66461917396356,829.1293136102255,895.0969939933044,273.13540287225504,351.02451321540707,854.1085289285938,603.7656236634215,824.7827503014647,73.69250917300229,981.3606825309768,669.9073294404055,109.01654404708083,536.4376355691618,307.73674556723205,668.293853043541,1
359.73251742570454,763.1733839133752,818.5774333784233,183.28582325753817,183.70294825853495,632.490027638119,1.2426599698789342,150.43445054465076,391.3784802546169,635.3500647178796,14.401890089064784,125.8759095288574,47.17437911953881,161.92433336704048,964.0985422693611,503.21272161009955,678.3833981208603,760.8001836760527,680.5297994194516,721.5312714352033,1
37.3719253688638,468.43079161418444,404.11260440525865,624.1004948508921,520.3208901791901,949.9161713459448,176.09747021838663,934.7332918946529,239.9127317168963,897.4738759270018,67.68472671406455,988.3543183653276,436.37529192573254,532.862085467458,48.13601695228442,386.83606874176655,733.6716504227421,484.1375439665557,754.5072724489422,18.245802502282913,1
83.01980012232025,323.37383581877657,249.0226914719953,520.1250519197963,524.1116147647125,217.09857192448655,99.81368660333546,624.2986019339022,169.80335532586756,227.12526364212937,402.6520698955015,125.18688964576685,455.57889731297365,252.98670609861796,315.3698021356235,791.5111873613434,21.316568273497705,557.0491907481179,191.4847006957956,23.39030471089498,1
218.6045083759559,388.3354499526791,672.9002883783049,717.8000378540103,918.5135408053769,986.7222424643247,676.2503329098275,311.8095202869926,54.36397290716044,83.15090167301686,716.3531470389704,936.2908587894583,692.4138979445415,222.65204097184244,575.8879082127878,774.0236655734943,288.10198622336867,112.97015748551675,278.35806924998496,223.03638837259166,1
654.8971713750196,19.834830242648206,877.9984921540612,694.4535252203762,942.2524719920469,703.2835094534303,413.5018888063633,995.424685022116,84.46323502179153,936.5879905407577,584.4748140087901,854.7521885104115,357.2488902480041,196.67636814841373,750.2472873265172,975.9240243033269,557.6012786109212,929.8519447640073,248.72068302893103,644.3784967364137,0
259.84052071508626,305.3974829960089,742.1426686954909,823.8253014095751,935.1816996810705,855.784717691666,641.1349934179517,169.46521796818237,646.0574354080766,913.9949001124443,213.80199799821585,284.5024249335295,258.9886038221516,564.2644665799726,684.9737813202573,854.9831351819338,265.33743677351373,514.4306248614688,109.94816853955436,30.425801144400744,1
348.30405456758587,832.46611937626,94.19525984296773,418.9015550803227,431.2976260824327,439.80664296007075,654.1671884405838,362.97954811760667,680.4053667746028,515.5656143215683,991.0024056897852,939.9520074079186,797.6090381221526,861.2053529135833,507.7180282935968,533.0546378092714,190.55625251650488,835.798803534251,941.7777205338522,467.22062766913564,0
521.0332874647838,424.78854559527866,830.9272063995571,303.5335436626483,27.79962663673452,847.3402344628118,997.1695569641468,208.05313210716304,56.16578830222074,555.0281842852642,141.46977430155872,400.0340961541773,394.66216337893877,178.16192651532415,784.1385165454868,447.779915995438,64.98524227148673,763.5987614984392,655.6280892342753,163.45350374237043,0
649.9024247302262,364.9274676133841,618.648653996985,411.96547349036695,740.1207109253194,2.5193736773690967,562.8546990789882,606.6482143486223,335.95566574333645,108.88293842791774,851.7126476781048,858.6044935728696,310.8886918948451,56.526780923159656,30.875694904130334,555.1630831689135,636.3706208199516,649.7029770590294,895.8185135544878,121.7779105553457,1
40.86891343935783,132.45680998046637,388.3809088112615,984.9860925620101,403.7830138503143,941.1620472684115,835.9971150586223,16.597573092737683,766.7759691560692,0.27128347652893847,8.892404089882788,663.2535200230527,174.80788069272157,778.3140210768391,453.36480080201835,434.285880371269,619.5325705789027,402.5125312561608,79.88949776833553,104.58699525932668,1
857.6648305546755,579.4828344507745,172.92817599525733,464.5789844334928,254.16524841572752,386.0488398181252,700.3827555839897,875.941635746226,508.5628347960131,246.56756808034496,936.1287885544374,955.0904180893335,334.97880899758104,905.242555719045,150.4836653424625,470.74164063752875,424.94265265997575,108.43549873680792,842.3638181736289,73.47683336655253,1
999.3748617298442,605.1662113047602,67.53948816614187,91.14623138218036,560.03295718443,329.1533423187157,471.0505563153603,285.311618522001,315.14764490376314,120.88963676554354,500.25015152480813,919.1540322487931,124.2084785874229,435.30385357703904,105.2093506304883,414.3503561045725,702.548932427642,899.1926872877959,766.1622409050187,713.357105984134,0
360.1269987817737,961.0664633951369,146.56997723487996,515.7042541972637,597.7847885803842,237.6472939873918,231.13273861459993,236.5112812628747,806.5457956260991,313.6547171907396,397.76545455755263,348.72443383093645,238.69693310942586,875.712201123893,926.0185069360547,210.1527418995135,13.485740587604322,266.30962670083903,322.79573717174515,1.2123825052610115,1
116.36807027482965,909.7856014684988,293.28013445300394,835.6464008919975,918.1219291662972,238.59066093637392,692.0514077722693,625.5177852370213,917.7983879374151,486.30368192154083,93.11011538914093,933.357125055825,357.46329087966177,19.6158280288925,243.36922485260715,872.8994212331475,147.1937247640107,15.15188260586664,304.8753972680479,190.44617256318952,1
229.90322858014588,530.7318253169659,305.8817806692512,330.18895826812576,107.11674158163409,609.0432694267392,311.0024949196237,107.82764687609492,819.216512355268,269.60045195309743,430.2403838379907,829.9058754682943,612.0110134645,151.93736566492467,719.920410574684,324.63921710016996,540.4801671278624,848.051139531593,843.4606375158793,958.5755862356225,0
955.6934218265801,515.1902236923729,574.0144216152726,790.5483015857274,81.37329483546108,169.10768402816223,470.63161939427755,363.2562342872668,152.74893219459395,634.099175748303,679.8234042492363,940.5265563394006,9.60474464662986,735.0148284541689,976.7018720836872,351.0203804731883,69.57832267258645,844.0083452498188,990.0148528977838,884.0116219827252,0
543.9860851643126,797.3264978968821,90.6074896268112,897.9389231233515,8.176376204993563,971.3629288630274,479.4002634984701,370.91680455560316,33.58938821370394,159.493122974648,15.332951034670472,241.47032176714455,387.45589434228475,550.910420393801,36.290631179571434,215.96834793335873,673.5259717958763,755.1785937891037,945.105228578825,949.9196034419874,0
18.812898532637124,489.83062058630935,756.1717318510738,807.0644161882859,981.389833177705,305.26880108985165,81.72559560998671,122.45612520127803,924.8591994717161,372.91099765868785,609.1857713964482,939.4853301123038,515.6564096178164,520.4624307118916,582.2513792654364,311.3762668598749,107.09267286816215,458.86733198101894,380.8696558659346,538.4043633898789,1
777.8123419470893,871.0094791286468,280.15749609848825,884.5006161069053,273.3656598841273,218.7770993992214,310.478251487633,210.22241364784833,281.8859594541017,710.4574619785983,795.031298901649,205.88891692526835,924.5797613415415,200.1627278557401,745.3481139848184,438.091479956767,851.2199675255131,656.0802565955363,522.074009985418,851.1246546302958,1
499.8912133204121,736.7978889820447,811.3942823403195,616.4223117456787,806.4651134464021,257.7314838763889,429.60513189462745,306.30926850066,79.68513891717733,746.7403905610083,781.1836079853426,751.783847305331,484.4339761109352,28.703031249893264,949.1073106677125,689.1506672577334,276.71602794150374,632.5826519082887,9.752792364665863,756.0702809108113,1
632.0908861612817,830.6715007605138,918.7587899374321,28.596687914631215,774.4151926106335,116.04052883296568,182.53316341184998,752.4643650549352,23.535032487043917,244.79185206468358,792.4967634688877,335.7362176256576,603.4224839121919,472.76433837075604,7.491270346902001,580.0912218950787,588.2290889474353,789.2578820133417,957.1097653017353,725.0919845907354,0
949.9848244533839,156.90240667926724,292.978285317527,604.1602959954612,251.4912955498919,472.6660321732102,184.31619378259134,871.1697419583951,778.830204471433,442.489761901435,683.5635260699075,36.67759478986243,577.74719185969,732.5017820286322,518.5836744740857,964.8404245965529,478.6321665843054,275.07191300336945,980.9751573803348,435.72646801132055,1
936.4577052627881,449.7685110703085,910.20174818852,105.03446375151948,407.71172421962166,88.82123975447675,486.4655238800714,427.37832117994714,368.83790725676266,391.3372272492185,391.76356981118755,979.1943105534328,694.4674151631455,125.90251745563063,206.40461819349852,245.66129084361265,264.91660381639036,824.7612211157323,729.9161122977133,535.842304088364,0
945.9246416084212,171.4217501399179,621.2000793616558,845.6910007082862,851.2084721103383,758.2827644678043,679.4143966252341,991.1671567381959,304.1264596531931,502.3657187176135,276.44337769671114,725.2973146926945,315.1355245391194,28.135312371004307,972.2468330006229,900.5765807070462,494.30754128534113,812.7955584360633,981.1156160096004,514.3657458027511,0
882.1012187281567,807.2806555636458,284.9584201196855,263.12147711283274,390.85174282830417,872.5459177356107,609.5885010849946,217.71906302469912,468.7343094342851,4.241888430460361,835.4762733211032,694.1980492728527,74.78550236086801,320.79172944333743,942.0853340431373,146.60220700956606,555.2509368924517,396.12765782580806,426.4663136801267,75.24570019544552,1
875.2349518279949,36.57911898018862,384.10158889183555,855.4565822692776,521.1823611427512,267.74733482227043,133.37633469777364,217.68579773271247,289.16533705122504,219.7840593616045,207.80256435819,22.159469465331316,214.38163534824207,487.8634798364836,301.6079960061262,420.9729374443771,346.3254917996962,453.20662796177646,40.61345327831645,199.37900025852252,1
413.45135839230494,663.0946478484284,534.9786078832582,16.298168007922055,22.461418493881723,734.9144696990523,887.3325287857664,931.2860878702811,802.5634489231004,168.69241523838008,844.0390157524504,291.54831112581314,497.6444593783791,402.33411562782385,851.3219792205298,400.0680725917232,262.4661863348141,391.63649238412233,842.5292412715331,955.8275079129418,1
671.058010444501,79.46298307404398,970.5407415562264,785.9147335673899,942.6090937080544,323.22949250746035,868.7432289389341,51.63739657556299,707.5688326868541,33.96336687341417,443.5902615134475,949.083670311084,944.7541029666338,319.6662303780534,508.97976294237566,172.27885745274818,996.7828790962247,526.5179698092933,297.95775041604844,235.50542449571608,1
845.9199181889542,28.417359364241833,312.6736416559215,328.9252769975934,18.642702597491123,401.7548035643612,853.2620853678137,967.4614422910396,494.8939042982048,477.8654217875945,583.8649918817847,520.146934952862,410.98787354957113,643.6244132431511,191.70027466777972,699.7875591126292,730.8113566971153,378.0147203322726,953.100778957616,235.79254022910524,1
806.417198348614,800.5729820479766,333.1170231324884,759.0135344766246,614.77683148379,859.953551007445,336.15320647089175,629.1278114082977,130.2338019851973,18.282521785097927,146.87515395394547,477.09787245880773,681.7613704735124,812.2499148664774,952.1465858619421,63.01090206001725,344.35564140026787,131.32134316455546,299.692198465235,836.2228755876154,1
325.2095085708849,488.4179663391518,178.00055532596093,862.1030097830511,202.91014886332547,923.2045851720912,699.0770218702968,475.3451176572909,153.95412075177904,938.9755358701763,717.8586670770592,454.7628627141981,223.86586588343494,152.83511861556966,799.0482542583309,364.08036999112534,156.46981679587358,34.66473676401938,704.714989280165,257.67740451595756,1
3.83307138001876,827.9437383498114,331.9370994038845,240.36839454535718,877.6917605975574,486.9482660174993,734.866501923272,88.38704719007396,965.2991379021356,624.4899608246983,617.1089191356867,135.1048574156216,387.96796913856014,367.94366835792937,751.370816169607,941.9853328029552,156.61344084562023,136.4620529097329,87.38278979493896,702.9239328178049,1
135.11200433545156,734.1206376688112,833.9126061852977,940.3147639892845,626.526021688418,704.5114715411912,75.37623730461573,212.8591532501155,381.9992467112526,87.9843875570906,117.65180641797023,742.7978199982828,843.4963677633988,1.8979340895499686,101.54605017417873,869.7543564733384,334.69385315319767,989.6533867351802,826.2555133261417,885.1824086895512,0
159.4513208079723,354.4011420181636,875.8379727867261,866.885447756733,626.594826673892,496.37918993092967,816.6898990256376,168.45470665813056,98.85341629673627,904.758062099022,880.7473495429907,735.3884009619779,648.6586697512004,76.8862085471439,944.9858866019645,453.2322179080285,84.08740571616735,33.642872106301795,958.4299171289592,487.1427713844898,1
815.2066941019715,154.42178399534012,122.71976037191878,473.08116723128626,13.059325724514736,649.4082631538035,296.75947802679406,419.6294201694577,236.68484494733676,561.8108111352185,504.5023618915894,609.4724157054978,426.46685455626886,828.7385608556025,769.9062792427246,919.6213974720224,543.4558180390873,646.6369754603845,45.60287795271489,809.4178513370646,1
704.867597402769,201.5046676163593,383.1472387128125,955.6848854155562,402.13448342776826,683.5559430836898,704.8419437026238,815.6039003350692,612.215077120862,756.1402003368463,211.61544426766787,519.5909149175885,334.87008837812107,13.661856295683283,50.83677320776181,187.74894824070455,197.36734993257576,189.02842899405735,955.6804701622468,379.93018751295335,1
93.35437134162838,506.80175535403714,763.9612132088489,127.84510641938162,778.8516202184165,184.4737238118297,614.6199360209122,375.75160133498287,831.7057159467171,256.9575111796002,361.03179313137446,4.215529091420422,158.79291808733964,319.7366388853755,449.1557985804337,971.3914699249552,313.8610423250915,345.19729433572354,421.24379909519104,610.8172010444677,1
539.6669434358006,418.4166187605367,359.0441721373678,332.391552901387,830.5729276211504,335.70050847964495,631.175906354088,905.0782731809138,907.1174140291253,13.528054178403636,503.01320024826146,311.5887810667634,700.5661148016975,541.030447105926,185.452639670885,850.9918204325849,408.3176567983278,899.5912940071835,164.65618640629654,373.4494152478468,0
973.1801986068016,866.7936857409024,814.8439013001366,357.1311390370153,155.76057439645362,108.77463430537549,11.653763226040725,141.5628944827544,998.2496110514625,464.32187298428016,427.8584971247834,540.5227658191658,788.7156372214629,213.4674132592729,319.604881565543,965.7635295655429,69.66539120448034,978.3332310915883,8.433561884217733,767.3801748518292,0
785.7217575234944,426.3305816050834,545.1369225262489,907.2257962172912,709.1035909194409,538.2994127322411,379.06618105342795,336.02008162877263,288.96356998810677,502.1762397251314,75.67561873780126,392.6748586095792,554.7511911534457,392.8478060520267,829.3253532501352,292.80177969786394,381.8479950449909,943.1410134228647,939.5160512502049,123.65827231797799,0
382.6464201865429,228.97003555141225,765.3332285858194,927.4970780525776,823.6826417096462,494.9066827555293,697.6482791699998,424.3351369269144,43.45797344092173,74.87870270159314,829.1134490680323,921.4877201752104,873.6090854282817,502.5893733545217,632.189047587652,498.8648610290921,19.608371586154362,304.13003300137586,485.2259917505213,308.81807650829916,1
926.1021118287126,73.69454556272225,168.7528930000347,720.2479272782151,860.4433046682616,818.2950533360604,25.042227648742976,749.923359562477,272.05180512249785,589.7794156262898,788.2228373512462,932.7588261826683,798.0948045603017,589.5680213694228,439.7287954808332,648.6358363681005,937.8403398687065,20.968161359337767,563.2670212498828,389.3559104199642,1
799.6493528221054,31.36602084806217,646.0376516028443,86.62658502622689,106.3736495429719,932.5199278669887,531.8539801559716,824.624157119515,423.92544500110296,645.5820635755143,596.7936694474923,62.78090192845009,69.5815337955521,92.63699841443862,878.3383471420881,693.2045550695616,250.32298834256693,818.9791596663325,552.55454976786,840.5529896267384,0
19.490364232179758,61.59067795758744,738.3156470678528,840.834492957891,747.2839534052627,182.10639286655817,503.376849676302,286.7833234162482,470.9958444978596,231.74738085470216,177.11352655541535,500.10632796719733,686.591821548619,594.7625121462368,508.64091907456907,615.3031932478859,321.1370665579022,951.418765471942,283.6753436253699,585.0503324397855,0
289.1858338737485,471.0391150062645,703.0280293488453,745.961607468264,825.1231246457367,435.3229640196358,808.1850338594459,758.7277385412092,424.9053429191928,206.09689144872723,798.1721478831678,101.6481531563671,116.7905502219324,978.746016554195,409.35976470329604,682.6579049450293,456.40439342997274,630.9304479657806,609.5943862817583,775.3505707228259,0
532.0705471425092,19.17227197143234,968.5544197674526,724.2596268672108,794.2340137152631,977.0735848138573,764.3555047803331,604.9986432515982,45.73683867251377,949.9796553520742,589.8524751424783,228.2527129936389,259.6361367005465,933.2672209381345,436.6819849938107,258.3520645668278,275.8547214894761,299.98841347386553,462.3779452484383,579.9771120322437,1
631.065825502091,143.40956549561278,799.2830506302302,981.482405080103,509.5057471375377,57.720260124474066,978.818629365757,994.7282491614719,802.9953445805974,201.7466437201827,75.2661456632061,889.7594133035526,174.35042178063742,297.30010530391957,871.8184698935152,910.0368111887451,526.5621473899732,853.1245411871334,268.16189283612323,192.72158219886293,0
116.33175571138854,836.4511549524932,121.54761844631857,372.42531907816766,658.6761157308173,891.2988876416142,222.7096567971465,119.08970196560398,408.98463637141725,805.9744344732351,522.8653315372717,547.8325947672467,596.9191267150044,903.8777200242317,718.334469120594,951.0563341565879,220.59156576554918,180.78789400919325,188.4803676187492,533.4529293907414,1
829.5818513057227,100.48743669988202,889.2421911007001,184.2431885955198,330.9355572315954,75.4071893053746,694.5331085862967,416.4769694265111,339.4661028099316,892.8880262668699,338.2355898873144,521.7518337369318,584.8240388198361,186.26258322160726,58.46954757535372,704.7328942409299,385.65587991583715,392.12851267251267,869.7723554689068,263.64368436597505,1
701.8728784609333,965.6305389493466,566.5271507153336,60.28179228494801,422.2104517439792,139.14456193150548,834.4675161046695,830.4461587146619,805.0921689308158,673.0636347069973,207.5458679984955,262.6279934257252,169.99437845584342,62.17897564994057,865.1895224552655,903.5575301022689,793.8247284844238,220.5524452319898,577.0913206752475,734.491372933821,1
678.8406754440504,499.6417404425663,971.3836741667069,311.77758505817957,531.9424500266317,897.1090697427065,142.53319427312218,864.2656480198615,631.1539422630535,331.6162746503043,405.9200191331828,750.0092614159629,429.1931354714684,987.0632846664953,996.9005917798365,719.911433083422,879.4946469054186,673.178478120092,860.4259730265152,499.2136898832467,1
391.6020948813147,852.9050220696465,500.02336931696533,798.4090379882663,392.00784568298474,899.7750697151862,255.69311857597478,783.9188444886696,996.8454416789979,226.12502979529282,701.1888269660575,437.14395800147366,668.6499223710912,370.8222751334723,156.2659055578861,694.7686721037602,514.6209983416409,80.16319282424023,277.7410173930611,61.05386907463173,1
798.184094391339,614.0507580079428,604.1109211387718,856.1687811573285,791.7274527722676,831.6994608827998,968.6216297015204,734.6532156575325,273.63655687861944,205.85540520271627,930.7832097320496,706.4789420051449,853.4203826936919,219.9497251560093,760.963830856197,855.2628108747367,91.043696391093,585.7064846593039,892.1273657878862,59.05852315514137,0
394.6931489070643,113.63647831604085,453.98178413610555,106.2369967276029,631.3822634582953,954.1164313855134,639.1913579361063,830.3638916823335,133.7688693318333,686.1648050244012,646.9560557120511,662.4673188945017,899.861674583115,614.6460608474036,564.6941470044737,808.5161288017779,697.2585195312308,614.121278258106,112.73655984719343,907.8684261177848,0
453.95173084950227,535.5287774064099,635.7407794620055,960.4771685205757,158.90355331682304,882.4662244340838,610.1326335950458,852.1921630722617,260.6213295370303,102.9227211486624,855.696397692734,967.5332696219004,725.0964132964151,620.2224037967075,66.16162111620693,246.49973391697876,437.34223625755766,3.720679706192831,214.13900107842764,677.082187135585,1
109.97323880735144,28.849258510589504,921.0704511910416,100.38462978833418,398.27930427669713,47.3120298245,794.2535393919663,781.613074890008,702.7266318471768,288.17267132598437,1.8117370680349465,710.5735655122436,804.1208372867719,620.2662657557518,351.89818384649465,951.1700273576977,917.3844102184754,957.4198980838809,919.8997672565623,245.27778493113317,0
644.0716337566652,98.42124358260452,770.3731081688054,289.82158464322595,311.50157722580974,950.3284313235735,601.6497291725573,754.578652393159,24.92849100034167,601.9826644804075,137.9033646511608,935.0169884669062,481.72342835411786,621.2414095083418,628.8666578531484,611.0606152792033,762.8897541369004,304.15947040972634,738.7657648255731,174.03358391592772,1
72.92819459447797,816.2597757335785,894.5123329872803,627.4435608114176,293.82554005905513,909.8484370213932,98.3813490700759,215.57514709860325,824.295350748961,820.6115990676403,97.03688079263573,103.4883193958701,402.5471629062122,342.4011802597311,410.88498968569854,730.078733816842,282.41181612650814,286.0586782950595,506.62585995613085,109.10173247563736,1
51.96007899047217,737.3290675312008,255.82519902272372,177.96283377287492,537.6849204214896,570.7799035648619,642.4358397847112,523.6264091497729,675.2811037765817,1.9613315570765621,840.0327044731848,992.4298392679074,952.6872245270248,589.8729220795769,343.5393574780893,711.2364712218745,500.17458729136024,688.3254188384309,422.4494062553017,650.9966873164856,0
188.49652129811122,546.2873999272264,941.919898496249,683.0261938264325,851.6109607636785,46.80841791681334,579.804816423727,18.52415366189164,549.3987189789788,830.2533468639772,37.36722128257885,509.46057616056515,477.2680640778539,756.4617636393582,440.0240906428661,996.3086949484937,466.3591938335322,959.1557174138746,830.2961896256376,967.8438662817341,0
287.5719695278184,884.5313932230522,45.56314927328786,856.6267265562511,771.9747367404746,52.81166227697276,276.24164663534134,67.94086027157353,630.7554697625765,315.4339848051596,26.87570400847028,905.5863497265858,495.15145575359577,958.0427546770791,226.443335125157,268.06384987463605,442.79419859203216,40.74872348830083,727.5722577168103,373.2486658931664,1
974.9579557520256,834.6959688681178,107.78064767165341,936.305003850181,2.4238848832811577,237.6094679823292,887.1820044427354,923.7784978607018,662.0083912092194,797.3083442600333,393.3282368720017,988.2397451344821,308.2269558886427,267.28410501716047,684.983931939527,601.9411819697559,901.777351757902,766.8362611368458,669.89314654867,496.6129766563101,0
821.8245566950392,298.09226482256355,779.0802231430367,608.1789244925767,406.0034043140931,50.467693036019945,273.01903828303364,167.043180917142,936.2462015133809,976.574614001326,886.5884782240076,946.8444749852144,994.6379737488796,381.33514295155027,688.2191580645837,812.8773089349448,602.234759836151,361.18872164011873,88.02586440258476,539.436418040917,1
214.5766500233418,533.429624256776,785.1320845249952,920.8041457097994,737.3687567499579,705.8818031734222,363.5735176894684,922.4711459535745,568.1767070962419,984.1222728677545,663.4220198157464,611.6612383174846,838.9414700949661,176.41711417500116,917.198286645202,630.9877975985562,480.125173082913,263.505765056541,29.684299478681563,750.1378355641964,1
898.1511155177963,896.5312373879087,777.2565206807204,984.8746441734681,435.2021592199432,524.3164038629624,443.4038296855556,509.24066717202396,107.42399038232698,375.9479310398606,527.7220907955394,747.0516626593413,821.7188199977039,534.7923947885554,226.51315862738485,6.36658613730523,809.7392341886067,332.1402454844179,797.9266542899958,733.5807406754519,1
141.75660755440734,251.34779185381518,155.09491407870578,528.7952153252372,481.0821913447435,400.6072297075105,574.9349879477504,47.50560139445093,779.122197796165,129.70739826837809,180.83690653252071,663.0824368086733,644.1799572625084,696.3527628116201,467.16192827088486,809.9803407219562,972.4513607827967,691.2804832478789,998.5056592292234,511.32733000492635,0
412.03106656203147,918.4109116549565,547.6826771550047,353.080186726366,964.3747305273914,213.4953199122256,988.5241800821143,664.0167272106686,654.5745329094468,61.80576767847468,23.621581562255358,52.287642664014534,751.6488667705943,992.2942198077455,885.9785446802025,971.5371607048128,446.1774801714141,233.6328054894503,462.67717561183366,632.6741806385592,1
660.424597193705,603.6356663927307,684.4472526884756,944.360857231957,105.97054409214634,810.0529201476902,840.8573708513117,952.6763167605584,124.09386665092758,400.6990632159584,327.01445028951525,278.50616150813124,714.5702109758896,977.2354247644395,693.3947054685709,13.051211867641799,13.900070156797618,996.2564655321207,462.2915647860981,786.9281276859057,0
85.82552632591333,595.5141929497726,442.6481887541297,567.5905855254797,992.7496018402727,513.1916051459224,51.392649186993154,447.9099465450663,92.5649536102795,845.1040592451373,207.93284437731674,183.12861999968743,80.36979510314357,445.22581116732727,498.8973388161929,323.7258632085943,688.7424558213486,737.4260972060647,756.9335908275993,727.2617411007302,1
875.870933459649,144.18026931590944,517.3977159179652,174.63562393598997,493.4455009953791,840.2726746147234,219.286237192583,504.41815597941996,872.2801126651588,742.2953312478237,400.61452053906,312.69636516809953,154.83361024626063,146.08137301261038,238.56715743560974,685.5277655575826,902.1734727968101,89.84633270281594,75.20016579641108,452.2151895215515,1
326.9170069223497,448.72025164840346,921.4554973921935,683.4476635460238,769.2535772754006,920.998786943836,495.8417658614702,698.1891545896297,760.8504141061555,637.9919996390682,946.3023085331853,280.0400905173569,356.79256270522717,176.60390788549296,439.57010473322634,732.1426358410436,769.4247183675247,280.89570656408256,685.9868525618153,309.3394832329848,1
819.218688517236,503.1818289219788,451.1361105487489,452.5302595560032,657.9531226991365,783.6743275840347,743.7799391312209,385.39477401251764,799.3150316982724,880.0956911686015,871.040340501972,77.21072492695447,250.91271480678924,433.69935540088176,653.2982626982536,295.9886997897878,708.5427772054338,709.8311616540366,121.91040227456762,301.02525279690593,0
262.37398467885333,180.81037026742686,30.543137629352568,717.8920468754965,845.8728163309933,609.6636248665924,212.92005804045743,109.62636543738158,211.49061162793225,95.13266592662262,465.13985809178735,421.9215870560057,851.0661022565831,62.20632323565955,465.62371064703655,621.8699630894578,635.8642954110983,25.58061118516841,128.22532530832265,32.649684353423524,1
69.91109258357564,537.976388298837,418.47403634774696,519.3375900777396,645.1002173245846,745.3598742680315,808.7956056122995,976.537124842108,343.4172931748766,131.76490445885247,663.3754962112146,919.46770464674,445.04649044050745,873.4204614601493,108.56382290304067,81.31307944021104,138.17137678874136,671.7467082286342,825.0100701875926,242.209667666888,0
794.0961437474241,763.9076796930174,88.84952422428216,710.8541425086456,619.5514526022679,218.84250361089397,864.1194154989208,217.65099501946028,351.002583178605,445.40068092078366,99.4965165322942,767.5891780457833,69.45667346983531,308.28714099795826,745.7502107551517,706.1623530472888,854.5369285920859,932.5804199132675,30.37805553342632,79.59995288660238,0
180.48778415070387,966.3031327753841,853.857016556362,917.0958486858993,737.2195115996705,152.43935869156965,640.5527027992442,537.8523387040987,774.7004801231736,401.77861880083253,780.2696601158593,493.99711221101205,911.9398799656675,318.02697789477475,156.28563467363043,872.7719670080104,967.8603136364425,353.9585826367545,315.2278118657135,646.0119697146849,1
993.1425292975001,155.45371099375004,900.4674483097754,392.89948326606196,698.777563006634,481.37688442671043,845.0850370952402,278.87445458243866,621.4547900252468,194.64079476210205,904.1527897966745,914.2088887858041,28.23053212069604,997.3376776324561,632.847541136176,846.2703459107449,172.23356532748613,675.6124134283742,43.36801469897744,980.9023447350645,0
672.3470352210671,41.7819194447081,747.3772484089014,802.7757537205314,290.30807375451394,108.87974785562105,94.85925758357938,355.36817494867836,966.5352571984805,132.75762719229013,188.1523360963685,361.1362837235721,29.279673603511913,75.67103420420773,906.0402109102008,368.16101959540634,124.32797282060304,375.572282246633,823.9024779727538,613.7538589826684,1
231.1570437094258,206.55504708457428,635.0775677223804,757.7190768572945,23.374793171943132,216.57930931138458,271.3509025873598,819.5989395824122,583.7339493654722,65.6986336582741,673.6683326602702,568.0164590054563,245.86274168527567,395.70494107847486,544.7806081836166,256.15633953334094,470.0398904473987,970.5198370845455,119.6438236411883,865.4046075210373,0
844.655510796593,712.2394519373272,277.68882534099635,564.0718058178833,187.8923691421378,177.21431168114742,925.420941789682,714.6120924877475,622.431817269461,697.8099217531525,311.1376609062785,918.1332434997659,409.37614764328947,4.270935210271554,920.7784195419465,770.4606706612144,784.1881366060395,995.7751348274562,739.5692719742099,707.1066289085503,0
88.91251276561985,88.56957447097847,794.0496622717654,899.9368441217583,335.50508775251785,693.9740441090918,666.5754374930455,998.8689850720915,274.2234698209896,893.4291292749099,534.4510004334401,37.99511466026706,695.9668812208341,549.1738109905007,720.0043697156649,739.6896571321906,297.8870840071699,125.99929756802719,789.2586447669723,423.32429853003106,1
743.6741401713496,257.0714066726747,355.5401566522347,403.8167504887872,337.8682655248424,835.7287503532178,453.74533068009794,379.34216968141885,35.037516006770744,721.1464075719839,754.5677915577124,770.9785724707026,619.356215865919,373.87450316358974,719.8636121161867,746.2983989325587,637.2675346893593,817.7784404249275,132.87686003672405,206.89204513213943,0
554.8761654926651,668.9439166649391,650.0989747368482,38.90098964062727,645.664308207818,873.8043117771372,597.1263302430993,221.6115834087786,451.23860684255555,121.66142410934665,100.14271065742297,473.9565763630865,892.0045811239717,954.6675366835794,772.7416853011907,480.6731130444536,400.6082462169547,152.60450788359591,358.5409329675608,514.406619340006,1
456.4036113347623,984.5317680164146,473.63533377122445,483.3119875135323,870.8302695642005,169.42717055259172,43.56531749656423,511.4123770963378,806.7079473362758,923.3306153226422,906.9344733903556,300.3081305936267,812.1658019962111,230.62179022513695,300.0070092542324,283.6690832672896,933.1943823814997,195.22568851288113,60.12246891418383,999.9557408467605,1
914.0669854421179,292.3560840320797,476.9040768994857,642.5394422081918,414.92815368609,60.798827344497155,667.2787698718046,999.0962410872893,302.38443705242867,46.70797014708772,525.8020350064985,529.0785217009811,282.1319779235747,19.72793391331895,171.39390976376902,247.78727454103745,517.034865459722,309.8635173357619,786.1760284418938,25.32947749242853,1
769.2701551797394,41.04767097515172,84.62013882762199,716.9087172294982,212.11439987284342,165.79849444747407,448.35283362662625,958.5508387709036,258.1869891955555,876.4308005859497,35.197646321147744,80.6244667502779,817.7132480691857,989.1031953102607,212.00822796455276,253.21787280038933,668.8092211959973,929.1206755502207,43.197385877330795,536.1653029345538,0
577.4103774752944,497.4812969474938,523.3727438357603,120.25864047200818,685.5309172240177,191.7085976496038,849.0168433457073,194.75195788482037,531.3205707502794,22.535724970021874,754.7560443669965,916.6426794662478,787.8695693653149,876.8334332925423,662.6772920537364,277.3173087382458,872.5651429072458,216.7248101994661,744.3248411162427,953.5576274909974,1
358.91197296313373,308.87123806573635,247.54613744945198,84.7919615605981,892.6614144113136,537.1509620986425,866.518427429588,116.2073198185426,479.65219762048474,462.0111488243518,880.7547860146701,244.0354144282707,163.89327923358098,838.376678105629,161.85154938685176,765.136196484109,705.9810200245996,445.9681311778212,176.85234944595152,239.28810239904163,1
174.6692896989982,763.9451895383904,96.5512467889198,680.4471945618888,669.4179260746483,493.8395353901984,491.7353003140868,274.4911738618184,607.0924383745466,655.9176386446634,121.91330001131206,239.09749428719107,184.46312903294992,962.3111489323652,639.2479448843089,4.3217339889988216,630.2627744206072,729.581230042014,314.28465134360573,491.315167401162,0
887.1615586871683,127.24570619849696,859.7593818948659,703.2408609437858,97.36094085111714,688.5934355778551,456.484496399447,523.7635298628488,409.10246663518103,325.2925909025396,282.4484782597897,587.479558849834,294.141380780234,406.81880565328555,742.5199688605364,908.4143081181898,908.3514103730465,126.62855338630696,432.63003267139067,319.88558704034745,1
789.7809916478947,888.5859414613885,184.0023018751572,458.8409215120075,207.72568410515314,203.81933127371832,861.1117464881794,716.0577792814204,521.396240813284,197.52241405238658,498.943792246173,496.7759150922111,498.018412796148,705.3883695082984,592.0722054047461,863.9435964885203,676.7412296228757,716.0085006553604,697.8235226459101,212.09637819684423,0
792.2683856433762,212.9260910657861,205.74025021005139,648.778198317373,205.68147855424257,943.5228617276208,686.4067732818907,308.0201534394326,721.0323627969141,474.31313649187825,894.1680529740332,743.7944047833047,776.387507705557,22.854086036987574,673.0019057816559,185.49758887488045,603.3674275645285,568.8298939276956,504.0064824176714,711.3884485153154,1
5.126157898801109,618.6736334504377,781.6399646818235,319.5338171412323,672.7314237410963,217.75859279050223,110.37070491030553,849.2599144328411,481.97287405275847,288.01599029876365,95.38855540899249,556.4181818984127,441.8439053470925,487.39614083993655,75.87602735147603,415.51328472729546,818.9871364040022,47.500455747146674,304.3903043185122,854.4092956301406,1
930.4560338952633,806.5628671814588,304.1697674385529,35.41588003523377,543.1831117014369,379.8828619968306,283.2155452751399,63.0053470027937,690.6496613283465,501.062245953539,932.7893153386417,682.7832021109463,961.8088653368413,75.98017385163014,368.8327128007989,190.8859962141619,956.254856070821,995.3998832723698,631.8926269383383,509.6914129687783,0
8.408437078854082,59.62685563128878,450.47894973048466,902.610754668263,984.0093870865552,747.7755855268284,289.04313050026644,523.0471740032415,177.98801032506827,781.7388776474905,216.69402917426694,382.219237314964,596.8660955860057,533.5142643824299,993.9510123906238,834.3773005853801,860.8560252724955,185.44568372594773,155.40517880141402,991.9598217358159,1
362.4629455782803,734.1155983830779,986.7813351490056,959.5032666724072,214.88687910051019,69.72012231380754,533.7484577859278,466.3999361141722,634.0028463067433,620.7808278247032,476.79040278063735,108.22630730250526,462.65482855783415,899.5623463973241,430.5841254935087,373.16584116490856,785.5933107913789,991.5173962691472,543.6499755986405,209.5612546949719,0
803.6846803431989,843.0632443440318,850.973831339149,375.71045240639,933.5709164266799,241.1112158865697,656.3811967919593,792.6704684452741,609.3702228254581,826.8124824130255,970.9669627205784,455.247681030438,645.798117042244,292.2338735517752,659.3052145406446,51.51941516495639,106.8600068186285,14.737351288753086,460.20445411337386,301.06271026986917,1
349.29669840838164,661.2135872752306,230.1816158491755,84.35098828453592,425.96116321516286,223.29821479156033,783.2397696669748,370.4075372764257,121.14137954033188,275.40232662122764,666.7668518562051,551.4674877753898,281.7758916710806,127.60644392300757,291.62848975930933,621.6127720692057,464.8215253540464,889.3149791642845,726.9463910999251,787.1766322889727,0
749.9641617829916,936.9495667678746,565.1741057210154,348.05244411535875,751.745165173157,83.21409317320827,504.63839381060683,661.7947880670673,676.7309615258794,150.02295400466448,448.4755188525472,942.620945512762,575.320654577247,716.048673080237,635.7492211146287,233.18456530996878,599.154343150307,293.77540558248893,949.9460605225499,607.2991368177128,1
221.59375879249154,383.4668161001327,687.0903652541797,125.81519437984801,203.6937278345109,370.4668359673695,236.91992930350136,466.7905055372057,964.3029285152012,337.4138597629326,408.83476991015874,982.6688539163558,773.7393559365611,595.0688298446472,383.6851221401566,33.21569639381416,133.70624724714264,369.3245317785729,115.6703447594919,396.8464300076068,1
212.04848973460443,195.0452624823138,600.0017949242675,28.37787837918082,446.8475233154081,144.03378008134592,402.9692024429895,907.0368329481178,814.8548766844601,228.71560149085747,617.6259487068359,198.99510100992669,287.83877475298937,459.51647330810243,273.82084311931186,606.4463561150342,632.1323041354733,326.18985187847835,805.8151318124703,191.1122844064994,1
733.1265167039049,165.35385294338144,988.18744451523,264.13621612159875,851.2306616524199,445.86491398620853,428.23040350435195,907.2750990001713,391.34352301412946,189.33632809640622,591.9501276852803,701.6968364553004,595.8395068812148,186.2108569199854,199.89486622438224,650.3645722244286,737.5984615755871,457.33859750803754,210.61332064396066,548.7982099104598,1
407.74664849704214,352.3640384159767,958.3289454627038,8.457235587910784,985.6332472212047,370.25586902876006,2.9102179210764856,752.7150772565477,172.80471299712852,109.52592399627248,533.9434628349818,475.5205506530157,799.4089447796239,485.12183315902024,703.8249967064395,50.683675942487014,789.0598480667916,885.0723385932789,965.2813493896867,741.7158373466009,1
655.4587145800114,292.64576271023435,631.5884486593828,523.5781604731417,950.4303940854329,482.3422037242263,909.6292426991873,42.90203332458597,730.0303995608724,352.0868147860263,689.6562679591445,642.871205071716,494.6962405970491,150.4561253907576,182.89759676396477,166.69928278227985,801.5774449079805,616.1774750596916,806.0875785276812,647.6903126033488,0
753.2934614093247,111.8974885255164,871.0798061920256,126.99456307416368,173.99647010515528,810.8213180805949,264.67850910392644,820.1679376131972,216.69378310282937,828.2261888799771,672.4807394070012,244.30709477365374,18.064199505083643,706.7643615114631,308.18225938028587,669.4832838477565,744.5992599686713,21.79455708973088,266.5158793264789,908.0860194026834,1
597.5826957722297,453.9448309399674,770.6608987935601,727.3784746597264,341.8387492020647,221.0985035382156,880.3984386013523,951.8127883320266,278.842135591661,476.2261615726536,298.23931029406083,576.4369876612637,688.5301548981845,151.54697372829185,170.27977423821105,594.6852266602108,284.3070339093228,509.47521484527493,123.04107545045906,359.945542648328,1
94.74045069363002,646.1638229052561,743.8314730210062,726.9000898596587,188.45360025440206,173.18991090928105,800.7837528703249,264.8752884080636,440.51426934526074,423.9426709438322,846.5112213116637,58.45530402844168,788.5736854890026,567.3338524304667,583.3922836202911,139.45099764344303,300.52280286506914,802.1134419802669,794.405538518197,650.5817774665429,0
593.3369344635341,947.4657194061036,561.797441722074,937.0852194233436,873.1788293744501,965.9455573136788,978.6778624120379,319.8045572362663,939.514627771179,0.9778398701363322,784.4805223486479,577.3504385150522,296.9719010702152,226.95986787548128,432.96416137520066,275.5023981914649,913.5945456923403,620.3007545686876,468.015245918313,230.3758387078526,0
809.5555045694697,659.2208639202394,936.5806809153079,862.4530334335312,753.1339703693014,957.988909524567,812.5629644923335,783.2499376004744,724.3145380426782,505.8316222807092,360.89426112481704,650.5516101785493,983.8429577963881,936.3949113706045,866.9536915192292,212.2645117443659,818.9917222418999,582.0222902321802,225.1682819397064,952.5247316807538,0
848.7407013924362,52.79450635351613,934.7603241352514,674.7585503028172,107.60792175834067,295.91493578733287,520.9633244369122,885.9484672976375,10.535205594479624,75.3047660033842,678.5242948048655,21.76441903332449,771.5881230432975,78.45622396618124,765.0492951349754,957.4740948295549,905.2683284940974,482.66923048129985,797.1665638316276,622.3039800293841,1
130.34343161364382,611.6718052094305,289.01644917893486,60.75076471026652,381.631110419006,507.8521821489356,395.69608434454983,664.2201743332746,46.394503115103625,216.42457487131296,210.5729137381992,141.32301564707728,365.3834847687685,791.6873994814856,423.1443114802607,244.0962457081084,870.9234067484109,35.441962664681135,470.1724257576809,128.70829877760372,1
84.41214594156365,720.1361989450494,452.6700425318106,965.5891421301477,732.6266636391985,674.782376705665,480.71555691129043,456.1905642945219,216.60091249060653,620.759234118928,55.73133629622884,411.5240413506619,646.597796754662,783.4697069068912,402.5368020031913,463.512593756102,950.5892176205107,91.56828773430826,201.72209914456386,269.0403259724057,1
770.9840931989062,766.8879525323409,257.336712403753,390.17195012219963,551.1522860615404,980.1869451200079,492.22359744324507,273.2229173452394,422.68252032837626,313.4363080193877,668.7528648851755,650.8501542661909,617.8184742940018,305.398775753395,51.93139654561851,269.26141934788416,850.6265111482085,544.9936839793671,708.3352388388382,469.0475364533355,1
887.5400956972512,295.5059622979471,862.1203907746666,590.0853829002363,178.70347532432694,706.353347410347,417.89990135395414,728.7744102711629,665.3673836813181,14.978551943487517,516.5184146839993,628.2035137226393,359.46659840872684,522.2312819154765,711.9476836515939,550.8744764416214,38.55056654699629,466.0638642292138,345.23294243550185,842.5224076625127,1
366.90009059565887,872.387875090473,518.2870592727254,50.896040901696416,196.50632376535404,506.89292903608066,993.0535904884182,384.9369718564174,302.627373130568,780.9867937231023,617.4790850834942,486.59542370075826,704.9893456986102,392.0575190668719,6.475043130356961,725.7012720648372,270.5398912014767,419.39797761803555,505.80599144289874,839.0116190721383,0
841.7039465262986,765.6605165155365,222.14212285353906,46.00144117243487,27.94024158148489,343.6567752841674,987.0165448450289,203.26779342519396,429.92369650621697,838.6338020314623,381.83288188151386,449.2052460625876,364.55289124448296,133.50824333141898,107.11779529303689,722.6624202180762,173.76309098027488,18.2424533105795,507.89956088006926,600.8143898962367,1
516.6972501218028,319.20514292334514,535.6744510151337,209.6527061317669,524.1879316689873,942.3216011338764,821.1639632160384,313.47364345113925,277.3902345252326,570.6041947105747,432.6398964216208,421.7316901279519,426.83110810630563,270.162256624365,865.6873418646119,831.2783536736054,763.8276456406767,910.7333056824913,520.361412346942,737.027151749545,0
971.7341635765429,428.0168828785033,475.4064371035948,179.29153398166554,959.9038437796304,475.83233858128926,689.3668753592437,790.3082838333108,963.2395962251334,332.95149095177976,689.8321150744518,229.5466707356111,470.54837610301223,767.448689716019,879.2761443136014,637.3949340909089,741.4663901246657,151.696642271018,360.3123791069799,679.194436672007,1
611.3022768259274,502.1235996510506,48.73308378551855,722.6796538093479,57.38426486774229,366.41378872222685,19.052010999215717,755.7294491478157,912.0087498132644,869.5204941069223,58.63206657710707,610.8125614804152,701.6591890323305,12.368581371758225,479.3351327939687,475.1529207492662,112.12920501329171,165.17755322297367,957.0625140148954,116.17426836443434,1
265.4101977678922,850.1719714651207,242.89318407023364,372.32810909953616,681.7160467704051,360.22386706093914,637.164584785164,472.8858303755099,562.7234959785336,717.4845058316047,374.1199716514765,915.9071234208053,499.4383874546208,272.0323589055892,560.5440335902965,618.1496010296414,185.8182589212619,812.6307161977821,284.0763193349838,19.797142914875,0
974.322385009751,27.563245325868735,613.1814257783021,172.4409651380332,387.3995740872597,554.8248497622209,902.9084250997792,168.12935064480084,834.6390685538348,42.40143992520251,792.4421000789008,616.1192756664578,730.0100006159572,520.8312232530743,258.88047625715893,319.1158607786161,273.2305442678673,179.8406603070414,191.5531488179768,990.8669977022863,1
446.8353805214216,938.6160053170538,869.6483195519153,634.6586774961434,495.2389216588603,538.2709773493976,24.999298329807516,995.5624720297242,741.3052830996191,592.7755280989705,779.5183011514149,329.05278655740966,875.3804999965982,260.6504664705024,918.3866617745743,632.9788963065449,177.33542459581275,920.1681908892956,861.1451074217645,302.51573114644157,1
610.7255630596429,329.578892983567,392.8557392995803,847.5346628999009,238.8401524185686,350.66906230895654,557.8675887067492,873.8945576051199,38.15153872566845,143.82040877665335,806.274895467968,181.41000113801664,946.1576938640272,345.8053962942438,377.7721986317604,293.04011103871244,234.60871418184692,326.8937587418566,312.8490092727414,471.4699683547888,1
907.651524653146,308.88899716300654,52.447188913713916,138.97329075438148,558.7485441807733,746.3418343044988,767.9831542272823,489.56307807249186,931.4470128039762,703.2761583635738,51.0258505858956,677.8482238196527,506.1039624117608,332.39875304641885,809.5751460833353,956.9771307753768,676.1598487301618,338.0414197883118,130.0382903371352,246.73412055338895,1
23.765507525429385,117.28435245675128,32.626381754433,250.0357201763933,562.8063263560445,705.8632704955038,4.481912204475247,77.50570086348507,967.4939130165845,562.2722831095771,74.78251118982948,811.2205530407771,458.9018397800601,32.32005825010642,689.7983195137175,404.181231149467,616.2890312666091,31.449433033636897,641.2179915130644,32.12160822730403,0
874.4624423941963,899.7172127442421,472.80772013365333,1.5593159931154288,344.15538485663467,270.2005627104803,839.1156748793121,466.8300577580662,823.0455520653492,533.0065240742263,430.2613651391612,378.70955135821595,299.57287289599054,465.09930701527793,827.4803815672237,528.896938498351,196.88356063406687,416.07759011756565,107.37426575898556,670.1454221516195,1
136.81699794139024,95.774500675045,797.6622742650435,208.03616803589765,223.29058267267666,579.2350711334963,54.4144263479176,920.8499440709236,899.5252177063021,189.19366287469174,197.9512538635233,986.8768076543164,945.0916630306475,890.2585829746766,637.2989742779488,929.6821463061071,50.76503431795742,529.3781812517007,743.7295443299184,581.1120509873292,1
205.97225694505528,65.26437900102312,232.85254106025488,662.9576834528324,471.06806976406136,701.800139749935,1.077754468356451,227.593622470464,541.2607948870634,723.9914792685828,705.2832872065225,997.5934580984513,667.0845959994842,243.12848989582247,519.201322481055,902.6259411514694,288.58195750523043,7.499219302581461,767.6427895897392,279.77523784976864,1
221.93068800005534,769.005999178432,312.45056717665386,53.54141385628974,626.0693565916007,75.69571846609324,672.4946571884229,149.15137201285035,8.210923149370553,284.13264344092016,202.56817109752635,127.26426593514384,579.7187127059435,812.5880792549226,529.4811882609721,546.9603793578258,943.0471652880908,603.1657980776615,488.8545989296348,385.10481399788745,0
796.796247061914,548.7959395633261,143.15402433193358,216.78039317184894,16.348234914297045,299.15114670011434,237.23840744237344,824.3029291590797,373.3892421516617,945.851824575363,121.86355165616803,556.3141460514564,913.8507146125619,505.7354832746799,812.2713097693882,228.99770919426143,888.5577348207265,661.4484948697533,375.41466047548454,122.27312758482078,1
104.84134028030844,20.301876545445797,858.1475971713676,105.529621917684,946.9200401970272,944.2444552376207,871.2759306210821,489.5386067931041,740.4462258570537,162.90344841418025,559.2215261796974,172.20682216217241,992.057614647797,263.78801793101246,478.9901582401508,667.2873148556374,516.7847210377786,533.5802245576895,859.2427570503896,605.0968662911638,1
690.6208460369385,357.33044658865896,705.4393302381869,823.5821665854668,984.0097748108442,567.480619937678,905.2345247905632,271.10908661376055,24.847838478413543,112.44147490729739,216.49483922936165,521.5758670404782,658.6011324528072,551.6192522926441,824.7754504349055,538.4265948617492,592.0808356498461,290.35665296975253,724.9860535801932,450.8187467563983,1
807.741340122554,741.6643590084666,167.83039449794634,569.9205015633339,485.2544370754582,294.6139087624297,428.40591284507644,289.87619314439183,137.6082327557131,787.4588225556408,293.3171124678244,996.0290462191147,85.1558448442139,501.5295800819434,731.9750178859892,143.3779816739219,511.692581594817,587.3354445807073,634.3756986097103,698.7414133471099,1
821.7827065635335,789.7467725545487,881.3996527314524,150.06258524134086,765.6786623098008,593.7773925799887,929.623837626498,357.43264007283824,166.19183482538847,672.0538489198101,867.5994468087196,714.5222971925645,498.2529731424739,280.76462982477835,937.8949741467645,300.87675012295824,125.54230261032251,356.4381645307443,271.5231887793169,446.150167594351,1
153.3721913364934,456.77730916829563,880.0593709034265,66.90608612974191,793.8774039371593,377.0628248365948,344.57534912355027,292.6168669274882,288.15669044133006,179.14093474338566,918.0542483492849,663.9970804256191,450.77794963441596,9.890653405465466,236.54196065289912,128.76095427438838,361.07015773266005,17.525192588475846,947.2820177975424,525.7924364986267,1
673.855392787524,434.23120109769195,169.22561917223211,887.9277963525193,954.7595710461587,812.5398507781257,155.8093719086907,342.9932116174441,658.8030438869833,67.97535946290023,537.9084815711318,183.89805849178543,861.9390460392216,774.2870885030435,36.97283651072492,576.802147785116,20.760803152595653,646.1069508343428,721.0233003612948,848.3919535445582,1
449.01524428792396,573.5178536220247,472.1470614399169,115.27855000433695,452.7548583504364,324.85786864436295,833.277195156576,268.1316065091104,495.46201165738603,816.5799531810502,342.2811293754435,954.70725206996,471.27759942833933,431.8830779828874,685.9784634618609,781.6770599737287,46.5317071190543,799.1886892205348,230.98901927695758,166.89849347710663,0
6.790373677451056,0.44298030732814464,519.2236374879882,220.02502068619512,62.58262721875174,380.7946332157356,825.8240248350319,622.2738942398373,143.18332514523559,341.4149389710134,887.2081030610673,474.9397382231105,508.579677329974,495.2083295572792,187.56171167282508,541.4921197357021,564.6229957398864,952.7902050441834,462.5520644842981,718.136526905689,0
83.66067186165071,882.9013756003624,591.7871428936437,502.5274861235788,410.25796439478233,754.1910285248505,319.65286605507606,220.2826287806585,212.5696773816458,686.1376209229012,162.09580245117237,172.03808081116557,328.25894785638707,660.029171819338,357.5986999210475,315.4444359826798,687.1533568997658,71.08523439751313,925.0116949345993,761.8485366267159,1
609.2648483959433,516.9308151213601,520.6157921141374,470.2316153080134,805.7431560595131,420.93188460585054,396.26609813497527,233.82429157955298,282.9680632268502,396.6904109707617,982.2548894300659,258.1647302703384,863.596122580051,498.2234164805028,891.008351485411,591.4801318666644,329.87628815535953,542.2106326537537,178.97490410360683,245.89952573687157,1
635.3235738573178,891.4129804912849,148.6257667537837,546.3771466047664,356.13750780301245,936.8590280440415,276.3956168846574,728.2954027230992,401.5392578179917,709.0136397873695,260.472959853173,441.1081876935774,586.5938424384253,341.08140028542766,944.8814863686852,448.33539719402984,117.98863372516743,410.979436823102,654.3433409833344,306.17965226815966,1
485.31483127946564,838.6015065864734,423.16927061280563,635.4380864482418,230.44451635954943,717.7189588415405,225.70510058278214,150.30673659403737,17.554527341769543,784.9934714875609,590.5316409036938,135.88489876483777,647.0134169070324,953.2462660825898,218.98808947887872,509.71233758041615,682.0090757657433,37.94135787652153,749.2304077161778,344.4927914531983,1
883.5044525355913,582.422587758401,960.6986588681152,665.0135413991204,443.34695819938395,638.1205475608363,561.9630823737696,898.2060160252746,630.7007981418037,179.51369564732144,919.7725105725837,481.3375241308708,289.5133400985812,489.8312436367338,491.8484007688331,348.0781390526512,816.2774214155381,80.0342020589354,549.8854114730856,331.4341240261132,1
663.3938272292473,451.50058670443184,750.7093550551334,921.437108655373,486.0936830157588,778.4016750353852,311.6507777071347,172.53981743655987,844.8232193173602,431.8181131588332,99.49145614886412,885.2114509738251,311.6507199776115,23.578972714307977,810.6829957993504,992.7816072723407,135.9137688269024,557.062641375486,812.5280862061037,349.3790567990922,1
96.61771120590757,13.191307876744496,7.063005910063036,886.7934903988403,92.25839130034996,847.5735704391516,976.0215296483765,260.1831372279644,707.5797297120075,518.9620546523564,748.5820627471874,276.699244695367,751.3294509075264,247.9791335106145,384.9083223071583,756.6024826787084,318.1938536724442,655.115569199482,619.1047252583318,31.762050972318434,0
144.42870597786828,326.5308833025211,147.34962289590302,499.34124776293976,411.3800570064945,275.894802247866,87.69337505630148,994.6421641691578,976.358286494544,633.2693711400841,134.63704915878938,252.5573411283415,16.247684396072714,650.5118471550408,690.6317659441047,571.3471062442923,262.65767823817185,320.177921493903,525.2279457933348,481.2538673119674,1
39.12010366623952,362.8500818511748,983.940690134447,720.3560541446764,594.8927209054192,384.2163005328091,625.2740383865928,358.5699617394418,329.3560212630885,462.3654686416228,903.7391691738499,631.6532475910956,895.0994661246112,435.13757340746616,407.2754058155639,413.74878966324644,676.3309573566452,790.3605008191514,636.158876226861,831.6748425259229,0
819.7903009310434,992.0967003638192,545.3097769567477,702.517964985798,377.1474096566915,32.58080012789899,74.12297363459808,160.35684763727477,202.82408227844206,487.08836959315283,67.15562212850068,761.7925750374676,619.5421340375707,362.17550330163175,252.6992295312188,44.939374201017344,777.8965641704174,666.6486729247541,848.9306044380309,629.1701156511187,1
805.4617642229971,728.8708846540687,44.436332866447216,358.2565092727691,347.8009006435988,408.54380097288276,768.9322026967213,607.2765511928282,14.703666503884328,417.6283913619312,960.1403677787848,270.2910509227879,675.4256078363901,735.3870537140803,937.4218717025225,486.88977561097977,593.4173003166552,4.679797839285738,238.5164207775986,204.3280844009724,1
55.08166319132146,240.063648853707,636.1705913969076,288.3579834748093,514.3404137619084,958.1763040123817,994.0933632493518,781.4946924687587,925.6113446796194,424.4734910008,253.94535475501468,627.5685746038668,654.2942260756947,715.7382236834114,745.7367473367201,697.5928999639726,409.90376784879754,672.5242871913566,615.5997956675319,323.78861559862406,0
843.2565153034341,890.8496806816368,461.4724200661642,259.6756491080294,427.3506656923679,434.8601099164792,721.4459583789926,778.6932138317004,427.87723590528026,630.6811510518421,122.32388288401808,651.8104235813801,150.4090932610511,183.80649976762976,190.87712200463102,88.66990417164222,902.3977179531713,251.2064447753777,194.65725117870215,472.8617743107413,1
430.3398082543011,221.76710482148522,72.80842579610524,591.8529232912357,372.70720973337313,584.1019269085853,433.6244749927816,280.5873603607766,242.3515646811083,879.3853466232057,30.655510189333768,883.2250368642997,306.4823194955111,388.824774382546,569.5185976238937,239.46354179594175,411.8851852192301,647.4813830522148,606.3722767340564,681.9308633035074,1
26.08139144518462,146.860057388034,170.64778148568337,664.6972087819757,821.5725574806305,852.5317903677987,826.8980813645456,450.9767084826836,176.1805899372274,935.4124723171229,906.4571029106261,557.156699757152,240.4037484306466,849.759633726512,323.2076682584547,695.38761998628,615.5879743015853,338.26692216964074,920.1622680903636,457.31574941309384,1
930.8356738952054,105.59149204155294,599.1461717315912,954.605877576753,609.8208995441513,866.9548544371396,692.5827393076747,369.1412510993153,699.4965778802315,868.7980774764328,247.06799756364174,722.2290515668564,22.62436406691293,75.88861245612866,493.0957237853073,465.00356339694673,96.06501678088352,673.9584050379474,477.50560638793263,745.6811689256708,1
493.3599209749617,680.7367653787207,127.43643352163325,47.15499821683811,49.50048397852702,62.1281270141818,367.6441537911108,989.0550749084936,765.2243794794074,695.4239102464904,922.2798115934465,411.832933433933,315.8085928298492,723.3263436216465,513.7698855490949,891.4889656937502,815.8195216480377,667.2463526579368,959.4951805864861,753.9612407818297,0
929.4939003602182,543.372483188326,506.92073413762574,34.04096072421103,898.6688861715985,378.0546005312191,263.4046791290402,334.6577418957115,625.3280532237702,540.3692311347605,72.39612139314578,571.3101927744575,873.4944890761279,872.8288259180677,986.5373029267143,283.25846848080107,349.664438438415,476.8296340908457,789.3282857524555,184.28551477762812,1
496.4422080534987,14.105251574598077,291.5497219610118,5.15060027205716,600.3848326831683,853.6379841943917,412.1627981436855,60.69152188612159,447.26165436227336,632.3054269461157,263.12748038316226,339.8843488719157,659.4879272945991,362.19762681745084,896.6461622018933,556.0948757913663,547.6995006325247,631.6006531749375,515.8544280229139,847.8029964665595,1
383.05770649132796,564.9613559308181,314.2757068509537,720.6763755251146,388.03199681766245,462.19417936273885,470.708134884247,585.6555493990127,463.6957904802017,779.1876390862086,161.99908587513144,96.05586146324885,749.5111880290589,679.5089524949999,377.5763567624514,681.6275582729578,390.3233269898442,793.7953055294113,246.53728698429845,126.15533631649967,0
864.2775781408818,98.4412650438996,191.8466120804676,96.03283638669946,444.52229585491074,890.3432930861256,101.12343328822205,396.4857406553639,750.7363477339426,835.0273107833992,136.91905795485116,422.8008812017804,160.69122192125596,357.2218695724612,546.738752537996,31.276860967569988,913.1679239192973,791.9954287876259,522.8355607904475,847.572122803203,1
733.1653380377661,887.6206429417001,703.0729760006914,404.6071205881662,850.1630206732757,812.423367276804,674.9749994468326,778.7844821001373,896.566558974086,130.9743856297584,801.9095342818271,410.6710788787663,921.3563790998729,410.9404009256019,393.4292669699789,732.6888275720113,842.5617601594959,601.0603318630361,514.9888265420011,707.6049631219598,0
33.36327711118003,398.3494829191898,49.16472551874884,569.0883460825073,288.7316492352936,763.3736458132647,420.10439544115144,99.99493027518291,140.37045393903836,3.0649747673817673,352.51489508943826,234.85885155650377,481.0202760281858,342.35479924579624,989.055579107357,868.3098358934889,734.588845019993,248.84867761784702,606.6199204875662,612.6737694142171,1
389.73365629300173,211.17592162154153,284.8247143765741,434.27051613541465,884.2008702170411,257.48053826599715,401.911332967996,542.4650020256042,381.14552531523617,215.8338672442961,209.60744304865864,588.1285014695959,282.8656695851466,527.9293370979861,897.1864502744506,64.52242871567626,66.75756478430395,333.34743731317275,82.19054160688066,574.7233524599413,1
383.6634792356449,893.057322891444,531.2080686762974,967.1463091223351,559.9738015093911,557.8971460995256,595.2616944844459,715.009061558376,236.44879828210043,954.4049772467181,13.33378959506437,666.1047118957442,899.9946360791956,853.7708254972514,728.6798733045737,962.9361844265082,206.51457841515764,274.372791774033,939.8386854604436,569.0456343804519,1
97.44488276078944,995.2367155053412,727.493103856014,572.779903523571,122.56343280254866,270.92631862192627,599.9910928141763,76.14029267725763,411.22683789461644,510.9130749397974,187.2279371532034,147.0143473266864,775.9312989505692,537.3838050861925,728.9271691919337,458.5127203020402,402.0132995704031,897.6460483729161,432.0433479299449,721.3242986377733,0
23.690747777151856,730.2599766313789,970.9365601956574,203.82877376258378,610.0574131940764,28.48714754628756,360.33320454553177,880.7313585047558,290.06112708359524,767.3078704812275,902.896614601343,881.249442766138,256.115705758466,904.8186630373195,329.74954537334946,821.4091970790325,901.7496428363455,721.3986947622079,745.785644559031,96.37546808759456,0
477.51286685088303,441.56958679102866,322.12980191186256,226.5769660298308,20.69398111351095,768.9112940998766,425.9207838466429,744.3821234801972,885.3341386314753,493.8649029537191,878.4493369920975,849.6288633719113,62.6699360850701,389.9234295093501,614.0028049094122,331.4743496243878,663.3807320885776,997.106175956918,393.75558962317103,126.27197991115501,0
455.3406280127633,425.9005543719324,853.649990905162,641.1881077557222,61.72009483581953,82.32958205843887,10.661904934906596,807.6760670225624,594.5981093192278,365.7936347033552,538.3733188401658,205.44821154158922,89.55872199659332,249.38560598745252,618.3429504985477,539.2513989602691,951.714411698828,956.5807897286168,319.9162104268457,167.9626557458622,1
576.1017789176534,968.4875852641526,88.22600912857826,875.0161303262724,729.8842251027654,580.4218063595928,284.731643533729,349.7869636407307,775.2747611515563,19.820629277960023,174.42821647810248,606.990608012072,556.8369399384227,486.3722307088546,276.02074107956355,424.29043285667933,358.66970396950893,790.7820214792039,102.44439909437986,524.4269636840505,0
964.9387135972764,58.25804497294129,81.98007261256402,904.9763826996631,743.8098010332,797.8399604994502,487.2864562643134,843.9126784104583,78.5992962872164,732.5889999801446,325.41804758671276,240.48187396863895,861.3971466000426,315.0418672759099,895.8806666320855,678.3400622302806,595.0108711060209,668.6387925750331,270.2536282452952,585.9741549975965,1
546.0971317298606,367.8348379981804,924.9395159089366,128.91911800643717,876.7554905135275,122.47946005464073,750.0332794700017,968.4709289534343,97.07278197689895,391.4748856053012,188.26455089949457,827.6209690014871,479.2215984995145,530.4613024525727,435.2260661429116,767.8746364495211,572.1549545281787,415.50860339128184,877.9515401771318,383.819841559327,1
245.5155006398999,905.2613963751653,561.6951302781229,940.3721982324228,763.9668626505473,894.8442602402301,895.9043331989216,808.9054140636318,94.99296940324075,991.5340346703483,886.944624071282,179.87974601354728,314.42208887761393,584.0026101163335,466.16479027852876,904.3584192651016,895.4251120846442,393.20038770614616,875.7783169649398,163.45622068910114,1
913.8805127287585,820.8726092114373,98.81703776222395,351.9926061691927,777.2292184761554,273.07128620896214,205.73792679702007,376.7218589912056,342.35812364705185,120.09714052685095,639.151204228255,8.351894365523638,74.56131459245819,53.29047821026434,589.6216638837913,654.4644198200374,25.552595336292395,741.8019304449411,463.8392596124886,629.7758099418643,1
824.1358301734548,266.0103462207254,343.23202178335,8.492964267281966,730.2897320639825,707.1995253718825,661.6278822105696,565.3075023193635,285.7274334248725,983.7281386279672,574.7457509771974,899.8898867859466,236.6939920183041,463.56025213242947,964.6863909152552,494.54748648646375,275.34229049842065,166.65150714303346,470.00294817421985,936.4436652754043,1
404.43376904843365,142.8380036764464,288.9890729677272,209.59560150716928,82.28673889581961,919.1334550891255,707.3757299656613,827.7198547380665,104.47529719224403,963.7318333372482,453.1285843178227,233.13881353324496,518.4278550747703,856.7208800658976,415.7389052696436,547.485058588055,558.8969242490974,964.3178979818719,584.7456005656848,807.951228811403,0
63.10360035757323,958.9430762068212,995.9388995662953,367.12478359841884,779.419062256096,933.1209724054089,796.6295587307867,507.80421580162005,437.1858370418078,37.08672296796689,22.76940760680901,153.77161350540482,143.71966302693485,799.6751979936965,288.07656165164553,941.7963493599601,349.8854827094131,758.692460696285,133.78611332973034,696.6499289083009,0
545.7959797615797,563.0382578986869,506.41342261369084,350.37540717519886,882.0738833938124,998.8042956451405,643.1444418360442,641.9638183795902,165.51761894964955,48.66200594670167,90.48507374654302,285.9670713347163,490.61717246295865,339.7156018271766,45.50228271160328,708.9583797553556,762.1725358197946,846.7471279615846,777.804859686052,828.5972084726094,0
354.1438298537396,965.3351088063113,907.6373557915985,97.14118152347694,197.55667043120317,108.27807420119562,554.1538756383258,434.71321499615266,856.3890102251236,552.9166769399114,651.5042511634463,945.6014663940897,13.385921950087031,393.24321382916185,271.37520711553753,665.9503605704544,412.52997311109027,64.39542005290988,436.57329141519773,702.7196751782348,1
906.424217748313,865.3380841751334,768.1274063315615,176.07191034900183,705.489747209535,958.0033617960287,38.41559158900021,910.3534544627611,628.5679702570973,985.694025013372,602.0261730575041,726.6991967388425,878.5976239691552,860.6850005101638,475.06561493977216,645.2982073195753,155.28433861129653,64.78781754026197,872.530126107614,245.68349031155302,1
638.2229121422357,798.5942835642927,845.7264095109693,602.049237318736,214.69597272256235,540.9114518104027,549.0673937292961,160.58994755266386,67.00020870062428,5.2192003093203265,881.1656418763921,429.4219507391166,820.0247380456093,183.31779432995975,97.25287171850583,70.22979019222775,946.6381847252379,116.93504710457981,509.1040323726833,62.78940273852596,1
864.0795701490512,671.1596481274908,670.5727209637994,768.2123115735807,854.6097696688522,771.5524432570922,423.1075904693968,341.48587973461974,629.0708088099483,280.258860391572,378.16485278955537,427.33893546495005,456.88558844626635,848.2055866825307,996.7855297769133,538.9291014786244,400.53271919904387,936.6623601161969,371.15619477631014,761.006405188074,0
868.5891346311188,986.6445095684126,158.52198518420158,110.2781252729389,697.4682739228369,179.75388443949848,459.2204618423932,883.226508408907,451.2893450552392,770.2095293140517,747.0309060786722,805.9487507702063,953.4019995169297,253.46700637275933,840.3202525301143,808.2014964637085,414.7953505797575,66.49319580770585,947.5097304342231,345.20815040224164,1
738.951814364575,711.2118381699552,447.5971100198054,24.18825254940171,805.2229491980052,267.0746647529176,563.1505628710131,952.0195675784289,884.415462229372,289.80368266039613,35.68035001602598,64.51283649288165,626.9799929899716,22.260718314617066,121.1642717488195,141.95577581922737,578.9163197967166,239.4131177237502,144.47189291649576,439.0607799299406,1
493.5802033759611,949.9091658138449,366.2933334133036,433.5651071834038,328.4632187769233,606.0894724592227,709.1081122661337,582.6974465204578,514.8089052563662,959.6843921454791,562.4079685001853,178.9926477649394,849.1646641951788,801.0266641182504,239.2552088255917,237.18519670505134,167.991548520927,774.3509670363256,426.97330707086644,55.43346438402597,0
654.8053359686102,662.1502974848834,87.75359070696854,977.0499058706944,689.0531049653455,599.0055469142555,374.3009538309987,809.2485541990925,556.3557027181732,702.031912942655,5.13887475702135,121.63000718203665,336.85924103870224,210.59706451729397,82.29777062384092,768.6846670444118,127.93469948819126,359.2036815201164,821.5190772551979,25.93422654306876,1
574.8973863226663,434.90416693869537,209.36721338039843,640.3561093865613,684.6671146594507,579.1365418925595,367.7671689114129,628.4868139287747,380.1940429828016,322.52390297328645,970.0846219629043,388.6945524684801,797.0110812098666,501.6009043576476,450.51218117053736,393.0793741686921,670.9054987747559,567.7945020901564,312.2822723415133,260.56101152409997,1
864.7825894194219,15.272666578715842,422.76203843948934,411.13796405222115,143.6541202955498,163.05836667447937,867.133834407014,712.4959167151194,343.1482770882108,947.3898799999613,412.14839808561396,107.30437048046382,640.7510865863297,833.1153467795309,985.7484805046162,235.93278182366305,701.1111817999315,722.313415147924,194.43733451941904,368.1053892300634,0
641.8948804058557,200.97317029233164,30.148655501090804,205.45758278421877,788.1075243046781,598.3866177911365,378.3896479045924,915.723187233533,697.0381304545458,994.8924476511562,507.81424900165575,784.1845654057839,227.46183913256257,528.8716521820484,964.1297573555678,415.5211063061972,480.2769647378915,782.4179545087038,799.6936965953,408.0795651461355,0
334.4980741844752,93.93052753103714,229.93085362037957,174.0985730158523,329.0980802377109,727.1412304862557,23.822548902877937,23.220948731838554,310.9210289802263,837.2079635607706,857.6665469815541,552.0758322663481,45.596011134758754,824.8001112076015,93.99379179756761,606.6704322188692,182.25414521820161,559.587010817761,372.30088556981434,644.2096839235012,1
100.26417122164355,518.8276315648999,334.075378070855,634.6799707178269,673.9594056344891,622.7874661396122,149.85738911777102,998.8359700451772,78.68037736317757,578.9674195796782,217.86056176045366,948.8413867874406,425.852084618189,107.45814003192177,645.9675248319116,197.2627884333449,345.82533458537944,386.1077940483354,436.01249385769,353.0415013369397,1
208.13351036648388,515.5034130634581,765.8299902751617,684.0556421417124,442.2632073452975,730.0148913067098,115.8330898417117,317.76344239472286,781.9305350809069,23.409395956672576,442.21226289172876,515.4560911846772,79.76337344233941,630.0614371165109,173.85874975693127,289.25136553471197,229.10633482214382,789.2915500978779,466.700954251972,666.5072648319951,1
718.0191314334263,199.09919404509924,953.9206859076154,763.2914840415668,516.6219276174653,486.5868823149765,406.642255212082,575.7181895319139,693.9375495173423,347.08040146989595,951.6957795419921,441.5896064391865,815.3316332243821,970.0411122464673,343.1241040914745,606.103722330086,236.1124008681834,570.6311109494322,306.47839253083885,110.00043519211656,1
296.57960604402854,757.7378625507589,919.5172079371406,97.11590939938675,213.00756137623657,294.65601560648594,281.1061603597219,873.9055122438792,875.1131313355712,245.1607076509813,140.68083402010734,121.27501479078373,877.2969314594778,233.16530933436042,172.7549139600414,434.3251765439538,909.9937412561264,968.2351448632227,392.1308135038166,591.414296007952,0
166.16454173950967,498.7034900765801,778.3173060734979,453.4830298859308,689.7536304786784,891.7874210513934,368.33219085513235,744.5349803133481,429.3375367872422,181.11040638581179,554.720345497847,775.0386574566719,864.1512564557513,593.9228845552867,140.40088040315746,298.20791195491546,853.0105179946231,9.99596250333945,274.548731642022,598.4131969736467,1
448.11106341912546,79.53341196539765,671.5254534229084,258.31412434762825,996.9912397873824,328.9465897907795,642.0138431191338,354.7912932421039,620.5236401924011,592.7063198539082,627.8155805457603,739.7329957346975,553.1390464550649,849.4937973703342,357.05788967754836,296.52359270093234,940.0864827596379,439.21956216170565,47.49439560621016,398.5633041967652,1
266.23469540176114,352.12049689274204,377.05343424206114,915.1843078118343,988.7229141116983,579.8043905536473,526.9530488955966,881.0203362119131,162.16839071862842,264.61947655317033,797.2773619444273,90.13270782380489,385.2844909993416,298.3953481168331,778.0511737347531,386.69188714543634,841.0975519844475,592.9006173503741,587.9152140730681,712.4763371895942,1
264.12187258351594,712.4794003479398,921.9511262180231,99.02868148737676,953.0783305857369,8.063303738540029,440.7190431329089,991.4821925367835,505.12638340986814,601.7841927643573,117.81168119111007,237.04378356107557,978.8374998327041,969.1445066888631,870.6850198316853,507.78960324418364,400.91658206622617,104.24957557432724,640.7147077786675,728.4927266198965,1
157.44365002324056,767.5824416271803,300.6875228879494,287.1069201633463,651.9900718278286,327.1820485909631,780.8252218267655,709.8723570588003,442.40836610431967,807.1712473155627,100.46737744320788,879.763611942375,822.0474698857129,779.6385808439913,235.11311383259437,28.24914172673254,396.76697452954613,974.2301931792218,219.03426660904114,797.9334826951042,0
137.67163665793126,21.319485173940777,890.8405503842142,711.0802415997407,477.93633894752963,318.5853675030081,361.57001178793723,345.38515748899965,242.84879829052952,649.7932732911786,83.46510105914662,664.5665776254568,343.65471725506245,137.596563878002,943.9139811050761,822.0405835929207,235.02103708456357,933.0319405480105,172.96920422945993,942.3786036926965,0
244.2554612038661,665.2512519124307,747.7382397234923,266.28405785373167,546.3816127637396,2.643320368480695,385.5994156207986,575.6325906056571,441.18743330918034,204.18807313832443,183.43475990852076,428.4410598873102,290.60955032000214,557.5031341605307,144.46917354031763,174.6198656208915,104.75923546135458,727.9628605713305,933.7432636246577,67.29229999137576,1
355.94200618562087,238.39587206178737,730.536248896521,641.2849899296715,521.738504089431,170.9236959220466,755.6624530490412,733.2590609905659,459.8901738718265,260.59024254171527,206.45723898315626,66.7456018125221,870.0455742145124,804.7231328999773,837.7523680550523,669.3710666373757,940.9153959154567,872.7200452280852,42.07347719612764,536.659036041221,0
601.0008592642673,793.0892235961055,528.7616847207948,464.78278368717474,358.9048513962736,157.87039342402488,379.5945158167088,348.30085752724347,383.0569721945095,545.897839348748,132.75977865097232,75.17702405276493,587.4933620630629,348.97216696458423,477.5701072246926,585.6756684304273,530.7505212730904,843.4258511899864,486.06675512943576,923.6685646768375,0
914.5893194521407,228.38385640459668,672.2838515527682,772.6974663795481,131.37261664111588,109.87355483541606,313.0840207647736,953.018612900501,861.2630443229433,190.97437924647764,471.6781714561026,686.9900775621446,129.73258843861913,430.71393174313675,228.2237956096319,63.03619866384802,727.0188452796879,387.45524678770516,923.0374176556901,616.1598749079991,1
179.24299994210824,664.4113903521197,931.4351108009383,332.7879457471805,331.84652624389435,661.4833506599904,724.1402220738371,93.86413665005755,557.8192498491436,630.9229722345577,495.80233804241203,617.5455153925095,67.28564200912612,54.474402209919724,834.1807101917516,995.066671130276,358.9103017006744,900.4796819104864,273.6512728051268,534.2473915308665,0
987.0523163567532,318.64047887818225,975.0122527789531,342.3846773065623,505.6920413016457,207.57207442772895,421.67594753697915,119.13048462911291,37.045579074819535,599.0379306787663,586.7215002734199,184.73170324004263,677.4686596100582,867.7262552908904,128.2825919666981,207.24445457424213,181.26276649509032,758.7895373626316,234.98025269569888,521.2280854057778,0
117.46773799732657,394.7154546035176,556.8062081928205,823.5796593450598,925.784770991149,546.7406713701188,974.1478939351201,945.1675360900117,773.9788832085769,443.035937232463,578.1969709748943,17.221077465282452,445.9968985588562,50.26986011473045,738.2929630304513,87.0692624689351,823.6049364350052,493.1261394871741,706.7683544559544,503.5840069565535,1
792.1960893728904,598.3604396435285,941.1992963756095,550.6499712344223,846.497083183509,756.0404359257263,215.43205197207516,630.966282520762,869.406284454696,535.5000980724399,398.39847639389683,288.75827385731833,44.784984686046634,149.4460006323438,76.61513554210231,979.882654961729,229.23518766382378,878.5105571578512,310.95686538107117,763.9146365637454,0
906.4617356832587,8.129778762310913,864.6918648998067,858.1420510435776,825.3672634725566,429.0952620532075,793.2560824651136,47.13923729860991,24.747680580937235,169.27466590579343,901.6983265781236,161.00880972311404,953.0914210459541,186.61430583219442,889.2212357036486,902.1869111953941,903.8042660699234,398.92151250801965,823.480556694836,992.9385163111239,1
970.182039829388,543.0253673754229,162.31455110275195,790.5125690338534,780.2531870517112,780.6817959246298,689.0677710114797,589.4935042012764,311.40489972241403,315.1640698587552,147.42015312592127,437.33815822679276,304.60752452204684,719.7355300485515,950.4362699063832,637.7832925685368,633.3754236705932,850.5472687113347,842.8052000830843,63.66993761779804,0
708.4148139648798,390.55291490283525,599.1167905603073,537.8798489681192,403.80458792594465,907.610208771238,560.0144349276557,995.4703982671256,560.3892141519704,872.8146024166061,936.0575491853607,468.6002491620687,571.187998873886,495.26688005043707,246.57471813936016,704.6222646986188,979.5182604757927,304.08197679901883,498.7976298944676,974.9610266967115,1
440.83275548071254,203.6698712020165,793.839351869722,260.39375819780406,897.6253842196668,323.62026600151415,679.3217390892455,476.0132557077757,69.73678434056252,926.4742005821704,338.767609719826,799.1499900782866,343.34512586335273,300.609369071705,151.46926218724786,93.83666660991629,811.6257299227284,998.0365038020383,780.1594327125497,69.96687355635967,0
961.6476816397286,570.6555710139447,709.1855939376621,758.9595863149651,972.782885507658,29.92014479187599,428.7831309074801,753.4922608765503,180.84879495691018,767.6173371124235,936.8093903257078,312.2616158763066,767.8353594310729,584.0425764247545,119.85607337706838,759.4439074119541,708.8390422127044,967.8312557024701,579.4848857178039,461.38256747923066,0
526.9294838226258,892.4903869200834,751.078073286003,472.40917579210117,31.60930809761009,5.908771725804729,106.49898337650976,578.91718452385,231.9275712167269,281.6359940197718,25.395856525681438,776.5029706977011,188.31474456401753,764.5027963641107,464.7730604095862,94.13336036159659,40.96026127996944,168.98071047279927,582.853817277839,533.9161359495603,1
233.8297837006149,128.4748881584823,242.6388871423757,411.4310720125439,359.95618072529976,118.07584547181315,565.0000104447447,455.5155176967034,518.2178060287166,417.93201926858603,41.681098595820366,287.15022945440916,650.6986302626268,878.0050399811552,939.3264065754983,388.43530828567043,63.698563487011306,992.0075376311569,709.7820331151764,486.95158886307655,0
518.5960361782346,654.8295459184311,849.7204726260973,329.4646562427163,865.0626164435471,33.88381783850214,671.4270953995293,318.1343597383934,321.47295024664936,631.1800015105144,276.3007861448158,318.6426008541875,623.1239648136382,295.91792368050585,30.909464008774478,412.3000364617889,435.97833652443495,160.04298916882487,387.0711949274149,946.3314690057069,1
969.0109972291234,906.2468776370687,652.5082482963289,660.5911102290781,357.9644048587415,220.0755120945601,888.2833388043811,747.5440146931169,590.2140012501806,58.0840381550235,559.3807391278727,670.452462900931,156.43525174177697,42.965437610435586,923.1373890387092,737.1167031291878,176.96125928064987,328.88546832570944,683.5992800761162,989.1822845172583,1
840.6674514427814,477.2063544240468,574.9234255258599,268.5506847382766,79.48699036238504,641.2165816903212,568.3438766831688,232.15660047443842,296.3302488064263,893.9114148575269,404.0375177119695,985.2022115528979,646.6312101238316,735.1227239908757,818.0379184128205,251.65839758855046,102.04949223014692,727.6237000215147,184.69948489780506,909.4226323030417,0
100.45769954777906,590.2206491026718,849.9383860139791,345.24826669547195,327.7421824928045,402.1482570790099,822.1458801081948,496.41154957166225,819.5706797696694,957.9642616595712,717.7465603309842,800.689416536514,50.4939419342989,853.0330564715642,788.8346833684108,586.4125848689068,374.3193379416373,295.38692744509933,171.78842125870887,262.9400679602648,1
22.937149591715222,399.5127999159349,816.0876568396484,151.9988133701583,503.2267744608281,110.16072520287968,845.2454900398628,656.0973760985729,283.40759081517916,535.2233477097899,701.2408981963882,89.18268614139147,968.7438757013422,657.0446688047437,876.1161900935692,336.661238955321,761.4473240715513,909.5450054268506,560.1005604058204,0.2386555463484985,0
431.2151654950687,494.00124809916355,913.3765504703368,614.3918973018319,260.0446505695083,280.0758371404811,297.8740028857798,77.78682260365721,553.1084892490082,408.44679870563283,14.82041175446691,868.7833772357859,464.2243347230003,170.36448582157527,164.47848089144313,558.4038915941576,685.3397336353296,163.71359718516908,579.6910490055488,18.864306238703833,1
60.63397656886848,319.87352360528774,971.2328030326994,23.647018792270714,927.124271578265,120.4457130456188,661.74495601049,225.91331552512582,222.86211711604687,374.0632882886589,378.66583716453226,833.3796279789576,833.2311111692808,914.5844399120128,516.4704827071204,41.171145503410614,255.5752905560882,82.07370760796084,838.0913495424627,835.3991230022247,1
890.167482216928,150.34319398421013,692.0804309462313,613.6195922152946,391.6186686139157,83.2239254174072,275.3860050245326,370.52853865632994,698.9793241322426,393.26403265386733,62.40176886205062,467.5031021091809,114.79225226944622,568.4961503474486,754.1323346229619,344.9454996200737,314.5696299234446,373.3013815882149,994.0623082250279,313.316544286914,1
484.2362022086323,433.2088737568406,65.05185275479786,728.8390267611954,892.429812261847,616.1893560803405,742.6288288762728,157.9999859490816,545.7462108272539,815.895489194741,757.8805570350999,916.2777120554317,277.45989743605395,944.3974077760429,865.3033266829036,170.46339242201435,441.33116045017096,155.93932478346707,624.3624058011357,590.0143907713253,1
853.3659471897275,728.1853765899048,419.3298292798814,761.712204428728,870.5867006253051,115.61410685376006,36.652048064742985,63.289834334131825,0.8379234163223837,66.00930242618175,400.17476140465135,314.27089435940735,773.3797013420965,733.3087248144265,419.5702165894798,373.13290106669075,726.7812744911195,265.54436175455476,630.1476488449862,196.9633615741704,1
848.8801812905189,911.5424649340669,663.0835541265776,823.0752628617724,110.3377891731725,588.1514341884406,431.9230888737534,788.193160831117,117.27761847298268,805.5784380505498,274.179973125739,614.0962606644956,527.761203998151,627.1679811134449,714.8281422898617,852.7904737656248,396.53078044767585,71.43207080174973,88.14220036871079,107.42843886258069,1
236.21516740450176,585.8437912554692,404.14151527273043,325.01384966247826,802.984548748068,172.84207064317704,199.969556607697,372.5884799421494,699.2193674695441,139.34576191204405,992.2156025719605,599.854251931136,80.82028372150462,8.040124803066263,619.0360512421661,716.4438873327798,307.1614436376805,121.76042412490517,138.4874294438021,858.2221979755003,1
526.5932925526331,863.5887937997272,267.7214504559289,51.12743696751454,353.45026837781955,73.3144899718794,458.26077028549196,401.74254801973865,289.22192195781827,923.3212863973423,189.81445559257583,435.82127950387695,592.7799277295853,65.95435044565635,161.43556600101394,523.4987086984388,756.3824366052496,703.8351519837165,690.4306799127947,2.368925871641836,1
673.3386355864964,389.2499544458753,499.5988916227423,730.6282193221773,373.8141211169852,270.5968532441454,883.0486168931567,385.7638145226674,162.6152259377931,553.7845083417825,202.3016810874755,176.45618690569563,941.989332910266,1.3800286887105662,702.3207970150717,182.71442002364614,493.60202864414094,888.3657070265755,501.6924660127422,445.1356514328933,0
511.7763325637991,284.4197458656587,431.3733688669995,774.7271779035952,567.1512403675803,606.1966384472046,423.480684315085,227.7624146461318,541.5977265752192,764.7401024012769,318.10333152859226,244.333032450054,591.7609538129493,439.8625971989535,368.6727383716525,807.8961052426927,262.0815788145169,370.02678705884784,555.9270917502805,927.084073499768,1
301.1854954211892,358.5326035125671,263.4735731079234,578.8738684527511,804.0053929180938,96.75297261637684,603.7732345176549,906.7316529993017,44.781623673409655,408.5858956848416,534.0996183864736,2.5787737005279476,593.2598272565831,178.2468155546295,793.2682640350782,256.19533512249194,295.8974322779493,781.3234000871929,998.5635908171434,17.237371570455462,0
189.73094580937754,252.32217812222302,202.13706303655732,843.7624568835885,63.38416955495574,738.658256793527,918.7816017429219,541.2043967440201,718.3797293598307,837.3289504427421,585.8863137902644,724.0272520341738,199.45116390787788,903.9096977030553,573.1382804083621,819.5015626982944,100.25918290119972,150.34300023235946,301.14394776021425,327.4276302002874,1
301.0053612172028,265.1320075412815,988.629582929755,693.540799309999,949.7440567572753,87.76956056387209,942.1227742410048,18.91421117071246,898.7197612924894,154.71323482706333,605.6120181626275,752.4349432403634,14.290872730660764,837.4483034112926,541.3711682006425,961.693112822732,342.64812240565345,546.9876890958026,749.8075930743992,189.42538009676645,0
62.14384430628128,679.7975972353571,951.5542184619088,799.2861462973541,545.8223798625296,101.38166000636272,755.0083526935755,728.302820806463,985.7766883018927,901.6831702610656,385.7475947447807,667.6966052330242,734.1520738072388,820.0562224156484,812.5456144162891,402.82528710830843,202.30452811944133,475.2554160215582,123.31653709106816,102.13124796948325,1
302.1683386325633,272.43561170575623,492.0080538666988,517.3753031012501,486.0800737371449,971.7889558860654,225.8255662341817,129.7920971341745,71.75280323664457,876.9882741785423,733.946325312194,403.2756089277032,613.8455427091949,918.163606339068,389.469537705886,93.80972644728335,195.45243506590114,523.3394063928016,785.9327020154877,592.691008794605,1
640.1179985681695,867.5361574121794,817.866615752526,333.00999843934187,260.63715804794987,226.1031131637321,171.27512934191424,98.61217063410909,381.8405896824064,495.1688875116963,409.91200566924016,220.014580655306,461.25735225474875,954.2471681570206,503.3936819008509,188.72087233689848,692.0752456202115,769.9144405241166,44.88652193671827,414.6290521187187,0
7.801368786611307,170.15283399790005,737.9009138376398,137.79013451193555,141.459113270592,989.9980753904302,974.9404477622904,226.90005185527474,781.2742277871747,688.423047194256,396.78402801209046,637.2273891218099,220.70330107291102,771.033829954079,248.52552376378455,526.0730903566142,283.18211613316066,152.43849106935437,737.4155814072874,81.19122410486423,1
174.2421694378211,30.50915676117738,600.8373024869481,368.50014658333055,604.160102422019,407.3161736361113,523.4314845806582,111.89696778864987,395.75922614049983,485.33501876031016,547.3580042673015,299.77889528593585,442.2240333002029,347.7290848522252,812.2246438080281,325.04434054171463,169.27616635118204,137.78825136274253,681.4770524670679,995.7006866444964,1
416.6959523721432,730.6761054863128,514.3948541698246,497.13859621005895,152.62910549835397,887.9280643114233,816.508216066325,617.0700972758901,43.90317321090498,269.91068991718817,423.5630151375709,535.1296754269528,694.4070565502961,71.96485489977111,917.0938495762887,118.86966335668959,929.345523190331,28.623804454115607,500.76519648748564,502.7882098140688,1
882.0848303085369,256.8738489727068,909.9218222532274,958.7583864988684,248.42598036167163,514.7591003182469,849.1596626276731,940.0616065899751,542.6877725921676,132.75991532278286,624.1142819406418,784.6047591955985,854.5191099320946,540.5892963562776,136.70100879590575,895.6740066593674,499.0207001212057,246.64342544613714,436.8825758829649,21.36079107596778,1
452.74522467650337,343.2632356756197,410.4500471901558,758.0779280985612,141.12426666906885,370.25615585312875,852.0547756940947,322.8736239345078,647.7499538854966,321.30517608063946,123.67445822855461,275.69540210333207,73.6567694717738,144.25904564131054,565.9866389900357,491.4075237317752,941.2456131192889,333.86016902774753,595.5521420542871,902.4058994655911,1
895.8584184320276,651.7293243636467,674.7165003980349,271.1127250119435,969.4469835121741,328.6535508269893,111.21801616523253,478.210594963313,524.9477084806543,25.219351094353026,668.3477251924445,227.0474357666935,29.24703443581056,831.3390211221182,180.8161265014927,642.3024479444271,413.7294968166971,905.089692229594,87.16244834810571,969.181217368079,0
878.3868941331714,473.71017714638884,315.4806324644435,200.9677975128168,458.57322925485823,525.2508867029653,51.16636612285619,133.33516838728133,735.4192852898045,913.5207349873838,445.9066531832682,17.386481832072587,316.2584089404922,630.5513240850083,764.4251352440137,534.6660627317365,604.1080113270897,868.5658045071052,207.75633701368213,582.1218604005851,0
668.513025587998,409.7934629382287,774.0535315405178,772.1685142721767,703.9076852904175,723.180966609362,929.8705866467028,978.8378181621782,173.90871476559911,459.32868286385053,837.6249665223262,469.273259188817,293.62431077800454,93.17368539494531,261.09063259171495,725.6857197445618,922.3987855625293,292.60603325798127,744.7389432018342,921.8811421641021,1
727.1766163159559,880.4869929195357,774.0986084509337,121.12281819286164,573.8066594443801,12.419813907370791,457.23369083596464,890.9286634452449,90.79823168924884,978.731319556821,991.5075125916054,382.8058710541824,437.5143533068164,334.5723519530666,521.579398350681,989.4609457321702,271.9205811531165,599.1242354385877,660.8350243747802,331.7681490479188,1
774.6718688528839,674.1565669240167,129.790868237868,345.88599526999195,545.265878328438,62.97331476113888,152.52631717554354,399.1001799491218,994.810139184676,538.429059200225,687.6160140152887,287.7707854311353,223.11221118974035,394.3678234986806,405.2267835458525,872.9975086581298,420.63207381972876,350.8865262652505,413.83471882281407,424.04174714133893,1
49.31135564586497,712.6462670235502,169.27040195112852,74.94013099510188,95.17459443864328,92.90744710919785,689.863639030276,646.8873998948293,364.206131042226,329.65045011079275,887.4261419446419,14.439656112987587,534.5127677638526,758.8260764788255,536.0671947724092,875.6242561935672,417.08601013921145,539.1575964419442,18.434718325359366,666.0087475813652,0
321.11791405113644,526.9003877295294,696.45023469835,232.97410110376438,37.99609932686754,572.1351016439783,768.0866314734807,516.5493576386167,605.2990810102324,119.0811587326751,832.8068987735586,361.4598612339045,804.5451268643021,141.31790905161057,519.4903985628248,637.3537089509579,666.2068070466896,497.0442820513137,752.8515900796583,495.58062721221717,1
994.9268199731039,853.6142405458131,973.7457293472012,760.9603744921126,458.44529679695376,686.742143592091,606.7144257649682,35.4756901883101,516.3634945832678,619.569119263413,812.8715264647034,927.3830318040447,840.0802159294153,107.20328861250673,81.59805158101862,447.99607556258593,425.8687523265356,326.8418661718504,438.10221264164863,468.04374432525253,1
128.16838918566853,891.7002910348232,969.0098585948025,762.2324632695105,469.1680128893477,226.4138899135152,287.70226615570016,164.09893693118127,750.6944721239137,128.54906672772327,447.3310579059689,956.2991489928311,653.7375667400825,276.75762849766437,373.97924399282056,722.5434162372819,915.2597567583663,887.5735136152657,482.25778991011515,2.5000913958083126,0
870.9827179009668,389.290290631182,321.26991491608317,892.0567791259475,886.7965007953381,855.0784989017859,980.944370727521,353.1216155914729,794.7510667888738,321.49658972402864,373.4200150769812,902.4719142965606,526.3728804857735,740.6761975547812,841.4818391764932,539.984385104377,72.85839057008093,345.4755087300686,876.0612799022565,622.5710779235449,1
84.58070668596108,868.814353283619,714.5704597720654,327.9657298273087,146.151031094514,800.3804466879049,925.5324716861617,592.8649617454229,516.7528966933177,514.3925935620122,491.8204478079036,774.4201777832034,253.57420777739526,6.746951823415115,993.6493374631395,639.392208799841,877.3754605378159,555.5432447629648,728.2132618607133,111.16311074840701,1
177.31416718928705,993.0256502058999,231.531279459404,743.6907787156858,537.658216929515,328.42061139422054,108.65169718839284,852.530387849618,42.56691158274306,960.3069139980266,666.5700972554246,421.2922801166247,359.2149443828382,174.34321198384083,59.23130830608348,727.3182960285096,596.4833806992458,459.7116215130411,688.5705318219296,96.37779059313945,1
918.6408281270409,44.67214516843787,716.3707827979583,130.98819251262185,284.099406957622,552.6952119035066,71.51730384156185,658.586941424037,264.13744806291174,95.62134039696035,137.96422044056388,978.6061522495352,714.8800766279437,755.511755238935,496.2860430947891,863.4755764100939,772.0947954931216,867.06811751514,440.37167009457846,822.2479733298842,0
694.076451212968,855.8522328725828,892.8038210399092,200.8746065563084,138.02774968763254,909.1605381563975,598.1591864149099,578.3063750733548,981.1819530120885,151.20389805806323,715.1101503628025,948.0341948700527,804.8601268073573,939.4223828563531,315.41297053200236,614.8547381899472,266.6292915174379,637.3474121374467,395.5959712813419,88.99960498543469,0
576.7542337098846,556.2625765100127,321.0677838171957,707.8289580243905,79.29135990065461,713.0416942147839,748.5542627692071,81.96113296089247,403.4394703940931,758.3216662745044,884.5810094220118,267.70643875321485,664.8506944312609,691.7506952732459,324.6698371609973,589.7861318523443,133.37092935334925,38.595541312089864,769.006253426096,657.3723360105325,1
910.0242537004307,912.7874585042582,595.1884589894036,273.91825860699447,936.910462287043,373.420137367354,943.4500344734731,620.6959668049759,479.3838034659346,89.54659923481879,483.0075599211893,596.0187594768655,342.64830055883147,56.42363933184302,581.094129709668,759.1003990624571,524.8374278927262,960.7078666676863,977.664101999755,159.7996054930324,0
439.2753705795749,869.6301071327601,867.9556391801625,898.5259912647336,852.5078719939908,151.21718645538508,432.3194953264722,716.4004703581112,400.32295187038767,288.7091973416658,680.0272707440342,476.3120738313045,21.263672060038765,786.9200264950664,919.6609229700573,983.8428403798481,0.5811691437412891,304.953992132449,163.3897434301922,953.6715642718926,1
745.0648252415406,55.67839004595654,237.1377460747759,811.6175938745356,677.3945780422221,237.8680572921481,431.12678960222337,385.14263076769583,447.00449566724023,366.3335738155615,303.14722265972335,897.4792553740004,815.9456821817384,557.658226864738,739.0920788792536,302.2391385139286,8.49325920182209,414.8232874956995,202.89447424051,791.7843607161949,1
451.9325321525793,220.98843310588344,283.9919967255232,662.954520109795,359.4848908337768,133.33371660821302,950.042568540018,149.9122379888539,729.0933925896446,241.61190485187046,738.800069535252,653.0083224074048,706.9085965113331,462.1941611586208,945.1954329461925,67.59797373281573,753.549523222427,691.6123809807139,75.7871328387134,178.73363684469456,0
860.0501928919145,271.6542005998958,475.62808036463997,190.29337123684408,706.686069307976,730.5200909779438,168.5907482102672,506.49255195013,113.65819814478084,321.6499895620909,821.2325095540084,724.0807273535114,858.1983454205281,929.9000894399533,902.0611718604189,468.36229163926146,899.3543191422665,434.3349505479652,938.7208608621421,654.6474691167343,1
704.366961243139,512.2399570732464,504.81955841166325,790.0961650663811,777.1256857433266,224.0402221108231,79.75188774606767,725.8593690438106,559.8374702868373,280.22434767967985,629.5993737292753,380.4440144781798,164.34588808543816,426.265425149018,633.6757841745673,725.5816626572182,474.6354799322695,26.025535931060496,256.3903034215774,290.90236451167806,1
791.001623395083,105.48207209227189,300.207543959218,902.6206400356448,95.01310412116814,720.8407875733093,43.0412570665496,144.63670314018296,399.43393686283156,963.792325915213,489.3762432908403,352.6926955234255,277.7863679655067,734.879055173006,395.91858393852755,185.5523340304469,645.3111059916421,710.3888063279245,411.4871786227692,867.483555349477,1
348.4883881170234,102.39428770276182,867.4684815353016,793.5228690123498,435.52888341687424,275.4999343059544,553.9509715107777,657.2166574790994,140.74499368758987,736.6103698712059,775.7830589855205,321.4000866969691,387.4336823242845,592.5201305738888,706.2966831274723,965.6021281061047,105.2102854984871,972.6991538973832,573.143642520884,297.3314363617521,0
798.0598970999739,5.509358617751481,813.8735158163794,113.0636979937305,461.852504103719,858.4135112235325,964.2228377242317,190.7179025093191,47.92389675077779,941.4642959015265,417.716763323303,885.5319699455104,175.38309596634627,825.1547064794579,37.83562537803065,650.9424518433989,310.0276949540701,297.0691733787699,271.6888083828357,112.49981600205739,1
156.03284392892658,27.80461882426477,300.38251865957255,325.7989218731118,745.9371988066995,953.2866575446837,91.61900857670102,133.0973394155609,93.52506990400877,153.3058966134282,594.3096823567145,398.3588814988358,151.65125822542257,712.6090958276662,582.0230639756337,800.3162344874231,818.8565122129515,346.97359323450206,881.6105308650535,662.5913536564323,1
431.6551956411613,135.20447056055073,843.240818465442,88.8657003753952,11.93965996394397,400.08770791835104,591.9928794209267,608.1986227021596,106.81779632561373,100.85747108420617,862.044284302811,59.157695203462815,385.17926919040104,946.8611245293023,604.4070654023163,434.6958004691982,608.8965522569143,820.1429006923267,295.6459055279084,40.17118126888008,0
727.2531172963268,935.1622456302275,441.93722876907924,800.1510590787602,965.9086427023282,538.4416643315104,909.0545046990023,238.30137102685677,478.4650197035819,632.6553114204088,553.1383117913593,587.0764736918862,703.4928320240577,420.56482740961434,509.9477118739335,89.23208398908888,441.50172406052144,995.8810786510331,235.5992596773896,472.319336905582,0
183.33831776417352,718.0575405746382,554.2529685038427,737.2997678252195,638.6407443154802,662.8263231703575,393.43916052086456,134.06819093259847,173.62361524208058,558.5018862957392,510.8577465811604,736.5488370560857,632.0707622419822,147.8172556140279,550.656328130364,663.9304501578929,91.67690031363551,177.64784630319562,303.40701167267656,305.5036221855439,1
546.5668252242831,938.1096795803348,707.3759503963884,445.0759672029738,310.2540870028636,699.7077290113743,238.9173142544675,32.46744476395402,765.7060846907619,415.01101274595766,112.32098711728466,455.5641095272457,968.0397509972615,859.6007122427529,120.23043443918291,902.7975205447398,743.1743906466799,315.90619959658994,802.5761542986965,2.324693753005036,1
60.07361569878367,848.6322560614975,705.2744101506612,113.03368118611267,598.9748510307969,316.4796600807348,767.0361403113815,473.5064829694352,227.41554079539782,533.9910346815523,134.21967157181348,489.4309387564671,904.295860325921,632.245971184813,639.7513056301682,294.6140646093477,916.3801223775049,157.66941691726677,701.9866175198828,45.16982269930525,1
645.1328377484003,216.92707306585757,172.2676245941932,838.2886755142914,664.8494500166835,769.8235506579814,8.237864537553596,171.83511737778446,456.1993574238377,288.19839879374365,271.4231452750737,67.83219652517403,941.707957914738,671.5734358551182,618.0765167589634,589.9737882754217,14.7344929733203,479.0964722378912,229.18878250656616,828.9901508755746,1
706.9788322609378,350.41890557914826,501.3878418800185,430.9664401840373,296.91553083102593,359.6639326754328,211.2761685244775,567.4838712072994,62.31533426789338,228.10043664591873,310.3651280593486,824.9820529878211,711.6413124165286,376.34493896786734,334.32215730449934,562.4639414892484,36.36771296142971,379.8778735225368,698.1024230564773,530.5692993611345,1
980.6431906439626,270.9866871043773,802.76320263587,150.53675379812447,966.7733296313378,766.2006216505955,78.59370613925154,710.9238657596812,126.31499191115513,159.66675445211132,441.0570375591888,686.6439388314079,569.462131367585,563.035191523087,697.4154558690087,541.3278246962303,726.8205904123516,791.2435360901995,911.2489064925933,882.69932681475,1
275.36584716123923,877.0738610233224,295.4661908112922,135.31257960693398,350.5280087876701,582.6992505399389,760.9711928192534,715.101776709285,753.7039527846646,334.81561452564654,176.03615532754756,742.2468044259645,496.12913997792106,193.74312094070334,141.04665898027048,669.8740272035953,306.92807464751036,573.1715564879145,418.6548929420417,792.0364364010544,0
151.4181613589284,213.74857282499238,552.0039202101586,922.6331423867255,488.2625075585156,738.9118872627097,879.5881050691892,179.38111341557027,879.075239963347,724.9345094642789,834.3919662902141,101.69604812375044,934.9400688114534,19.57245830817589,168.36193864909475,537.9980213113007,648.5239980204269,584.4693729889793,355.35971697326886,84.93541492377155,1
416.56751602657374,981.2798687935847,550.2512384902177,923.2619693093252,806.1331415216034,43.55734384927678,334.74629077404603,770.3133905307963,413.80207121794575,880.9176710367258,789.5534907987989,668.946937648643,515.8087302109095,193.39218784289469,412.26443971125514,676.1605477067469,806.6166060921396,328.211998517803,216.2436897595794,606.9298099508009,1
19.643743883683506,438.1568742149766,606.3105885052338,83.54643033506115,414.76760360088394,909.4759340933805,786.5070816866373,170.9046652956787,961.4109333200577,422.12666791233966,253.04607033172843,893.2678702085553,53.13544271013193,276.80529375195886,55.61070333463325,325.79227452140157,768.7936348346489,148.83001679413644,538.9964608298792,37.84639111443844,1
715.8354497360884,696.8293042889708,645.5220515445809,508.7664096563813,363.3188961763588,407.08556823747887,955.7013834510058,387.52606961265354,201.5035238882762,43.33912215778379,334.2279044063018,96.44773080646496,155.37943514976925,545.3063749197569,856.1267017248115,523.5742292833276,548.337979274608,830.6525976572094,955.8108583739399,953.3684881807551,0
481.41013799286645,701.3435808400166,128.0705256212612,833.7787233265,834.1764327456183,45.03599085104182,937.0441288754337,377.44513937619007,948.4841925020046,83.38944973219853,774.602770034813,926.9054519632415,53.772180978483576,14.514249127639989,392.6568613553012,828.3381034473822,427.71381923975025,4.570079926024873,253.4886442864489,507.7217763950421,1
665.7110014502399,994.7434710023618,457.31468184544985,375.09694261243374,587.7022387885067,677.6220595238874,665.8513054836174,152.39147653592022,549.5319528749221,162.2900433763226,485.74739538960165,144.28989279798498,864.0081676910049,265.6859556736945,305.94713200505765,245.35278610207544,898.0514202580047,952.4253230489312,476.45885258044353,375.7266317539254,0
847.123177615203,711.6441993356619,790.68158400435,454.5051332697674,315.0180394159938,418.307936503308,901.4969286588655,766.1442956394179,838.4966850485897,611.8208511203625,788.1495166845923,386.89796099048004,799.6034907071327,99.67164344873791,718.7670582930226,134.41687250355295,863.7695576816194,579.8645452905852,722.3682420744448,133.57843880342622,1
921.9217118518512,698.2316472884421,472.7320769891874,846.1706662165898,273.01983116818894,288.88333546891164,855.407357538196,982.5323991114726,641.1985427225226,789.7588558363025,755.2023563998893,921.6833938787513,499.5362723212593,344.07517078649516,884.92991411389,712.033603820492,805.3159167032019,128.0303823130563,164.50430469504275,465.96293613004167,1
846.7999307021486,393.05865522915997,451.41103043836205,193.12209874018592,656.6409663621569,997.5062334911555,179.62527241701864,703.1120037597807,387.87190042218964,468.1073421761991,946.9128335522537,958.4649147322366,411.2750329019749,910.0776558019321,81.94026087877671,823.4127413172001,652.5813454388672,882.3822489192039,989.7337719621421,955.686863919364,0
722.5135381880134,148.97062545144414,842.4785735318137,867.0698276057418,86.68530099681404,231.8250577765494,830.6106686299739,19.034262197796025,430.3239662445193,447.0924409075262,582.2974858330616,776.1465378698988,504.5105605992116,799.1743152026637,414.5013967098552,6.984153909034507,162.86765470933517,110.41552010960032,241.93393339647162,680.1115497856872,1
9.909058952357718,204.99388802981989,681.5386026989034,751.4236905608553,444.32891419404297,32.60225809170314,807.0861107188524,336.0076376699713,458.79261985279186,368.1647116014066,691.0340425967919,866.8323360706944,908.691675634355,17.527076688486076,329.3353588807174,812.0710904225417,285.89644353004104,403.4935723336116,537.6659354194967,927.9410657118964,1
3.440281414923252,397.1598549168004,236.81298516087156,340.363583258372,539.3034151840287,590.1240669472147,494.13867484900976,629.4783936994288,556.5146768216819,238.38189119344443,766.1616477860997,290.2781818296214,382.6733302094291,639.9693843261247,44.481943245592404,536.2231329352088,40.104778359031144,261.22606418196057,968.641798680386,34.20930230289565,1
364.6269586524433,773.1679940711755,109.98385025034496,321.6604617641216,521.1226461217698,723.4909631465379,175.83749691190076,344.51534612521164,490.5604212003574,607.478787074078,147.4938895446397,734.6007204645015,577.5041577176106,839.5507310276945,667.7005862150445,305.2144631452154,8.817096421466331,692.7535432900289,90.15162087433015,418.73256807387514,1
150.36498934754783,943.105232232602,585.7035179239483,251.27219464767936,940.5787069878528,930.2411986978392,600.2647237456008,478.38445573320934,30.561082792195606,192.6514916261587,238.43898112339446,988.1887589296281,623.8407731620495,96.78563145575613,306.41350856987026,49.43235650455713,430.1493119583726,325.1887373215768,434.578469007101,787.5287730616174,1
29.093197411119263,731.6412603006792,786.6600411808901,462.7874838782028,878.3483370007058,683.2304953467084,887.2171907838372,621.1259518366218,597.3977166469152,778.3190593758982,857.8368076404174,491.09041073112405,236.7329236067751,108.81331159174646,153.46722863320883,401.23818065270376,585.5539606813442,222.69007209722346,420.3321313378977,710.0141765910948,1
658.4261087160272,806.9796361367685,256.4448894223472,24.874428631469826,543.5075935504359,185.71173549799968,885.5738348406082,7.526196551455588,354.1932189967196,698.6646062218028,745.5936529857549,12.112052978613065,897.125562312769,681.400826934848,989.9354646882382,603.0945496553262,454.81155519535866,263.04919463818544,472.8026050909996,875.9580263157357,1
3.0790305009842367,642.1725523644403,247.64731519731976,591.0453963148701,126.98540154108551,220.81407273979957,74.36697136869475,348.9333694752257,75.21690186359042,77.26866846348645,149.62053806599317,425.001280464821,122.47819072045074,141.21815874763055,316.2798369505507,119.15951971100436,782.5707470136201,584.7513634683529,610.6090601554877,862.638798760977,1
1.7332602367970962,960.280385518423,680.4956717260377,102.11360547651871,480.6102123830698,763.336053876798,150.98510154424326,683.5054734517779,47.97017037503581,460.916402326085,396.06893025832915,438.1966525164298,143.6480944310845,654.1444511856495,68.11624981303832,654.1137865260157,167.47434891966716,112.0666482160606,940.2724109736066,960.9295897267468,1
624.6684201804976,65.81138941388531,130.10901439058452,654.7524146919025,574.5575479287457,928.461559331884,932.9801711993512,358.1317357614938,558.5331490855484,116.7161531295472,393.9810398085506,734.9292135865518,19.467624794965776,17.52054685819204,811.2626006424543,327.8612085057918,594.9881304193195,585.1716857803008,435.10507746462304,14.707458632503334,1
479.5082327889573,738.3201145870372,661.5612089058067,154.28453616148508,821.4307464935023,649.0556676063151,254.4148599318329,146.529473155934,353.5258194198212,509.8210731335245,618.4928230526763,420.9569841019747,616.837168312128,607.765028818231,443.3105246188744,84.81133706009581,132.6248619936392,510.68661594018494,302.0586872903367,724.1926845903736,1
104.68063831862683,801.4680707812931,994.0507387514857,966.3537345677468,44.276738500515165,398.0226441546497,72.48529673029391,352.19552739977223,29.413039324378666,891.565612306402,795.4973919354745,625.7516155118738,316.27721496748995,982.5581431502919,675.2445054453179,237.20935743946436,752.8960436005287,824.0108024518055,387.79416602016005,677.5962098439148,0
991.9526272514742,405.43532881157006,901.111419992628,252.3163312000746,116.81225752038449,797.4912224907168,985.6598852861043,515.10069069188,214.41065508199654,733.3806676853566,517.6296501312136,659.2174087230662,891.4248581651583,983.33048549026,273.4058785277844,551.2105552514935,626.5995251389754,550.1417401179739,591.3051142492913,934.255838132551,0
895.764421873444,2.297552229889588,234.68740917234342,936.0934623369478,925.4308118365605,994.2436500599711,116.84427668146147,287.5690734851072,680.2471337945805,648.1098813873166,491.15752741847984,744.1715489616772,740.2713043253412,48.243993326530955,767.6748957732707,184.78400508514426,359.69277063464665,483.16202705411547,813.5685280443985,816.3435129547997,1
312.0471480727035,558.7124322412092,571.1840301003838,768.5623035107233,181.62196982818836,771.0803368467626,61.13466469481232,95.71866206719626,491.51212493288756,899.1151805056419,433.864735157005,771.8495655492362,674.0699598827581,751.9357129542113,539.824606194363,712.2631273201199,193.89530304314516,520.5909767291545,702.9177994658467,787.4681709754576,1
52.942534420171825,969.0434879038419,124.29753938541222,370.7431193524422,819.3727334710661,956.8961070547379,365.73343142584946,398.0553361818355,628.3482679010528,32.5511287367507,986.6249672725887,888.6443010368433,576.5247750779062,442.2552823896927,399.89815317013745,209.1375713037158,297.699229326541,755.7349046705419,244.66372435472493,94.06989215915806,1
967.000066185226,417.89639911317744,729.0416017149089,796.2893710608462,952.8209815884031,421.75160518397416,549.9250712929794,412.6057913587914,96.10330129501521,71.99540096030854,258.19491452092456,108.56420401776256,707.0797634570287,238.08820352981186,227.5320061887669,351.8136978611927,225.17304870834863,119.51914316833457,7.734860033690172,99.62820020398556,1
275.068404445752,180.42792259120276,660.7921767899873,946.4337461182901,805.2242372675887,640.6125383167227,931.4781845744827,118.27415008683506,913.5250455100257,242.57343509251427,887.3515952067611,259.4391952944773,509.6643134832598,466.9542592008569,812.9399799793767,158.51757618796447,497.41689898956975,580.8388441316222,611.4665911522742,732.5736249200347,0
324.1494391465243,628.1467836715648,756.1942066450428,747.7979927074618,714.4120229858306,391.3571964259599,853.6770746251221,988.8321663904663,497.825688796954,499.1328788379248,110.37730332404638,144.02432600491656,256.3075057937535,871.5310540315501,261.72887611344674,743.2008591260459,376.4364497406417,666.4304877600414,524.6719500647538,400.933238851122,0
666.6664092228847,248.43519311923558,977.6332052628441,301.4954265167271,410.3657746750915,632.9399783861121,289.1386600597913,320.1634574409765,954.4153302574188,995.313780495279,92.2232085979059,38.63047653876362,111.85032557143037,181.60517474330985,557.5546739446773,23.632680223716562,265.3138997054283,115.19777143845256,668.4530746186489,470.1555411653302,1
598.1060179973883,29.338092982366227,225.81366300177885,693.2283418250606,462.52650088344194,940.9071700571669,361.24369545258503,362.2970143617051,312.128206377167,15.836868754141143,687.7338881898685,676.0432203299671,791.3255603530463,498.64864025216593,388.27792298802854,350.01596743221774,827.6052390755383,650.9043970105475,762.5245693215679,435.5340683678423,1
402.76792976822605,79.14183851076484,435.7471176593546,624.9462359534182,307.14196597323786,460.25056182733505,634.2125105514365,854.19354663067,662.1920744100476,408.0232055810712,452.7184417122073,701.895101054149,38.04654795601125,982.467830911427,453.96983967957107,477.35590087711057,887.1102198147829,554.7325055848603,530.4112459321702,848.7120780115581,0
56.53482436433488,64.97770071071062,348.15750109777986,515.2756983768511,599.9346650131324,378.08591675852256,599.4954028869715,359.7898522433398,157.57231882165777,685.1798083328455,240.35102741524616,274.6908548438511,539.1561228560204,41.447992889322215,282.2657664764457,622.6483083598649,692.3120643123783,35.593083317839614,995.8118855364363,392.75203045494465,1
233.01619777846582,435.34894737780337,514.7549504254555,531.9825211346295,476.44417977175556,661.8899895897712,570.6102932961084,542.7465706915705,455.637338112326,782.1285412972676,600.7911727854415,991.1594867737207,67.10705701121911,158.18139525929163,525.4230591501945,264.21091816086573,439.78857630826576,547.3958311364428,775.1322961810718,419.60588090838604,1
947.9824267587885,143.59360085948214,304.9643929933479,998.9184933721527,23.82641818670439,510.55290389148786,265.9315401911911,704.7897484286282,855.3923198929798,644.6672507871262,189.4606570470352,386.840599612487,533.1394577076177,538.2815159309422,555.2601617276628,721.2627543017368,722.4462355752993,96.65481115514474,379.18696554249374,471.3819358599013,1
481.140566095046,663.9015988405017,56.73752071931315,701.6416071899627,208.79868073808893,115.37341646221444,196.70027704964767,810.7703913059701,555.6627822369118,701.6628954387479,564.2869137889484,300.0055779559191,556.1342873035243,593.0748418163322,112.00660793104933,522.4136724023167,785.5744865586274,639.7776001505193,953.881163174666,36.18250947132362,1
495.2702501524774,629.3177000303159,874.9051720441292,325.0003086493135,405.64373351586556,417.8821532990682,930.4579863228327,589.6057978481551,829.2996610986206,114.82984758653613,104.33603243966294,299.0525481807539,383.6367070846258,16.065623304379773,358.61622711420284,893.0502039991343,377.0831916923485,429.3954493423916,258.6317349596754,299.60953624467277,1
419.454037623742,263.04045959808656,340.9476773778589,532.8093276831212,509.996902138238,318.934460543053,878.6964715866075,370.85052190784404,592.2550347373322,153.40428027733532,660.8583682287219,56.50291294325005,556.7046198987962,183.57082889757248,904.460541435148,841.8230282929017,185.5048434705877,524.189204226803,888.7931305164616,139.1333237608553,1
259.07284593653935,414.15925446343215,982.5499812994578,94.28323371769731,567.6421770297933,917.6752052817427,92.96752924976981,753.0872029508772,951.9536084762567,73.95517445430467,412.9184918352741,599.2178212677514,968.028012409962,656.7276210391659,92.98365399983588,447.36941804218236,121.97974068783057,841.2349333909557,900.2476763343582,733.1325696738787,0
890.7073252460269,28.413887849682908,57.35423812167495,922.0890276757783,575.6850428892534,74.30329368983313,546.4797898803541,321.71271206454645,695.9380818520377,210.3461352612419,98.53511900287948,894.5213525860546,100.34232458502778,358.99846715313333,368.91068818196527,285.3197738863176,647.7904746338943,587.9020603113142,664.4375964787182,754.2833679774293,1
334.72269525109147,675.0028117809813,265.65277098492004,45.96080852030071,532.285846505939,804.1352085116106,554.7790011900366,615.513403229641,500.44458189276986,712.1392675188058,794.2800052245505,467.4498014999191,294.9225677958236,325.74556825120214,832.7598183528622,273.5552453655276,743.6492169087841,93.03260665651736,600.2667731171199,738.6611908833282,1
223.28341108781203,18.45989932779024,112.42227524629533,267.55386348639445,734.5437277225724,797.3451009176183,515.3260965403705,652.9262841793019,210.35818993668275,558.2957282879545,976.0851736093459,522.906146673604,20.626985206276704,899.9718935485708,907.1494981649436,538.6000204353743,981.329923114956,390.9306689891512,178.60021551325366,877.3673853938969,1
955.810578443962,866.7236371422684,527.1591214065685,709.3044840977831,615.4742581768513,993.1163757794073,797.2072014798837,611.2182210368645,472.60467730994196,658.8704142430585,310.3059165618102,880.8625926541893,23.227162039372253,661.5620193804426,147.3031139196642,685.9205131049217,483.2549807034153,142.79667547018116,933.4189617898833,802.1263347016343,1
393.10030270089567,750.4487317996765,86.34612085627413,978.1975690824991,358.76179178940225,659.2366828360933,2.2777744229269814,324.2218374655919,758.3285268294878,332.1672523872632,116.30618060281084,562.7052936431401,957.3469893343544,804.6654812437652,235.29879882564785,703.3713916562432,885.87793455492,206.02247281164253,89.73748921875779,23.384667014781037,1
972.9463263673136,332.11462593579756,363.020802076768,713.2621921481744,560.5330009014373,667.0554784920323,595.5065595879244,421.9503977085758,464.18364672597255,671.3990979185141,14.175157082122581,272.449164374181,667.8845052493135,104.40759218476003,281.79379460543174,520.2111705296663,82.64943671632264,436.93588499582546,557.8668098886544,603.8692329135288,1
54.34498054578574,422.2232517513901,772.340922685702,463.87383266680695,12.441124770624423,525.9354887085683,531.9044267384265,655.1142176653125,742.7280640326288,502.67999160004985,950.6776286713229,328.0761166601822,286.5727915703983,622.5156493840403,795.6462777612866,509.29977415444836,879.536197427271,37.97069740812653,126.20986582651462,308.3096762765634,1
476.7426825352401,236.15390241932454,469.2392113807611,157.62561853108159,215.62104612287857,507.70038797530816,933.5563139687694,981.277423975573,128.26186924186624,819.9999590441322,797.8744532540223,650.2986108778888,828.572057192362,709.2302219720688,453.1787654871029,99.72334101099744,860.6712894681754,542.8219922903377,86.4679577943549,240.67780273440087,0
298.1130450741161,734.1412533076167,936.9872943929403,531.3798818669541,15.291033623255345,727.7376443675895,365.406527814371,918.5891356408603,584.1754597711544,335.30811857004807,609.4214425979688,339.257833100007,330.053671684938,357.98777794595395,368.29281647414894,887.1644080255909,427.09701127395215,197.64447751180347,546.8917416145333,794.69008659832,1
509.68272994033714,498.32122315279315,394.13024400215056,680.6346547156048,980.7280592236508,425.71342551118164,676.0972087032774,314.1753166919088,92.43464799864198,25.110427007546953,174.98684787042717,344.51397256389214,5.8801287523572165,658.9804858140959,861.9510885152047,278.28635950070367,158.35020000391054,638.9527839162182,690.0803182164822,610.8869617075302,0
542.8161905276303,57.479049385078525,460.06373430408934,880.5413688559759,188.96874784257722,180.266754481888,320.5710531179482,500.715713086178,554.3452793579634,301.2499964791524,972.062502569919,888.9775697785911,31.654460124242778,617.2740548928191,670.1117024627993,149.09859054464624,246.7683432506035,298.62238229801596,650.5481876246844,69.34350668585022,1
922.7771576287605,989.9691398756755,938.234717206237,675.5751356790488,418.99962775548727,760.9157159838952,503.9274145025661,79.12876576681593,446.25164167056175,624.2983564016023,116.75369286919978,765.1881279957769,512.4015205897721,486.626112125861,675.6725578347185,483.85511818407025,406.4361246415097,84.5433034141505,561.6987207615891,316.63675621856646,1
21.849650160113864,197.72572069090256,842.2233475226549,893.6463904667513,859.913270716363,620.3278741628797,945.4873463966592,932.3237067007891,654.8289725635324,729.8952562957495,772.6638784650199,138.51535139536065,126.5229069661239,468.06642979709346,528.6176741243307,954.9352405320539,869.3970752534896,53.88138851336621,308.00272886090664,814.9643899670177,1
920.382650898718,83.09391004489808,878.3055448526287,460.54014121945994,510.0289261837532,837.9632969501959,554.7264716938226,426.4026472357977,116.95692333401931,921.4076890645937,272.9437646939906,338.216573954057,751.8141938583782,397.1925490453086,947.0737685284156,641.3781735590136,14.24991023505784,983.2248291760394,435.4240494968612,169.82996673493577,0
293.8332559037966,418.09880219479425,935.9293217959621,453.89124637586895,449.75474349561193,45.999641656538245,816.6897142231477,242.4265720373676,870.2934533158132,939.6924645142,581.426425184841,651.3752485672001,640.0860375463756,74.33220641789373,135.02824748721454,614.3569745026516,770.6536919820157,180.09756225330221,597.9109624741221,927.584363989193,1
175.17554065070084,977.7016566807251,942.7665949912487,599.3438093496936,82.6213996454237,649.2313885628317,918.0650691102705,750.2714536554573,973.4624233809876,316.7147566074313,869.3716099036716,553.734249825367,800.755305116904,231.77891116061332,11.613864095746273,665.1504129136698,995.5121856902731,818.7187155998417,507.6293435019406,182.16290155237823,0
19.98153887666976,590.3546207665156,253.71505452587039,932.8861989772512,420.58310132821055,230.96241935710793,108.14774645093961,872.2600608665304,863.5350586150673,909.2248498190139,465.23656904096487,505.7589010941505,910.9409273918345,587.7607167179649,276.6394297064658,345.4676112333902,93.82787961330786,978.457096449267,546.7663040264437,883.6892087824574,0
341.3111957777225,193.0005395779626,713.5143892476184,759.9543524040398,204.4796561638198,77.87715141644446,274.52143255125094,459.78952393329433,428.8878477209672,329.5575544641458,72.22889727594838,484.39423824536067,354.47047411640443,815.0175480093955,321.98143644490506,798.0828563003298,331.80549284749384,580.7253241988316,852.8967305164804,299.2902989741348,1
570.533959948723,785.0747983708081,853.8481430647449,30.700465833961022,477.74076008357866,572.661089873903,674.5589279597577,511.75644952098344,133.58133728457778,477.10020187174285,298.88666783024223,354.2313162825851,869.292130798465,672.2415382937849,923.1046746679804,377.65258806032796,874.6492889702688,767.6107849234012,2.34248831291739,300.2410774260188,0
37.10954016773804,915.4183718185525,586.8200988937926,950.7306968437874,679.7414721906159,10.187860986493824,168.087928016029,916.298788496029,76.9663187419185,944.7774005210024,177.41267213967205,848.384876540471,637.2802549957078,850.0819472761798,126.35320555173757,911.6139700626898,729.9001966349801,348.1877106347071,615.978296453717,871.4289901500885,1
727.615629651521,928.8797871431054,650.4572562429144,1.1858576589195424,884.0100960000519,718.813432330681,107.5756170601584,911.8672192820574,528.131929854382,532.554613691692,463.29085458770646,678.2814317683794,297.4589685560264,121.4548190718775,72.69543937156553,938.5488365395128,74.44385851070035,616.2324452334228,177.444992126771,335.343026926567,1
390.6032352914784,324.0525240703113,251.5673254413152,541.2855673993217,454.6788979066907,121.73746684914465,713.7780523249431,291.04362205677046,155.75018338576407,884.2907362668626,254.1126599033001,989.7587889248417,753.4366083466456,644.5152258531671,408.0121201885246,253.75574922071843,420.1521765357489,292.40204830493,651.3582507837859,318.4427525204572,1
557.1334695870786,383.5409090026773,470.31078772942504,470.7258524429866,337.461511221796,54.40158262357786,191.33235546836292,420.9630674878777,910.5765308579925,482.9946219595782,71.03533759448888,73.18741143703566,171.14817115738867,664.3047585842647,529.6649995946235,262.9703158331468,55.29318183157195,52.063086444134264,740.5681799902775,411.92498094781814,1
809.0976792799273,589.0092901779637,116.45450996380214,35.50785369540455,17.621365110722987,482.9077496410592,468.4993714075422,874.1978547455694,875.1783827603173,36.505185477068494,464.8543966361586,702.8403196317824,619.5543189595862,192.6552571417327,276.1137848895846,529.7863860517898,428.28869724290774,443.26398575640536,447.92675085844525,601.6177889522767,1
215.71493961167488,888.5181348713575,804.2408280573657,365.49758177297065,930.3949539265352,680.4787370070369,136.40209203848573,208.72197334497122,270.9041237945363,856.1906863938005,934.9682660735957,381.3609208653237,505.6858232751592,979.8153060633346,536.190175694901,522.6445843851146,442.85018411532707,86.88851964283917,625.4393628503435,519.6900091428126,1
139.20619983349857,535.530399041672,379.89685269128694,331.4028806890208,845.2928784533649,279.8704041385539,552.2050289618543,984.414800667519,456.22588065584546,568.3974737232608,604.2296996645439,881.633604766968,2.4240707886096224,626.7250075677414,875.697435317804,91.09534265437024,791.7339798968901,150.2189525036437,711.0677984180987,516.1494381904465,1
996.5150160730004,752.8964265061246,385.3506092597977,967.6017238113985,410.31618923403903,269.0440680860835,677.393920854251,126.58108202184903,306.27681616951264,728.6976109428555,443.3620290020095,153.54727576260086,962.9474794376221,164.0199761260991,516.1916718033116,346.9750651736127,956.9538228613177,47.02980416139147,674.3007803011931,56.243189818158235,1
507.86205987600385,252.50568555188414,538.4716132846651,471.2336065397199,661.0430352324123,787.7915502009273,766.2334538971066,690.6326340185115,399.9451304419724,706.5728935475604,610.6264406632858,703.4891574010212,178.99811973588285,647.8755188215496,396.84422690744805,85.97523163919718,912.7975600166632,257.2816016195428,276.26722618102895,417.41643196283917,1
473.44388185003936,10.974704834835979,584.0071240144417,877.5132226285887,659.8324829705896,853.3789835244818,650.2362547676148,6.308707655193313,176.43642409886672,734.0876938444063,365.53108214929176,294.94848122135045,849.372337423728,558.3850243722497,901.8407695264665,903.4408086944551,173.03917236207,157.73467151283117,162.42888571100733,762.1584826069895,1
548.4970174725744,385.3193370773678,998.1150836784552,773.5941275190796,607.7547515566964,173.78671040990912,592.8020541420085,545.3875736432362,776.4824889958444,79.9773968182449,349.7869591744055,866.7992968221616,462.00106894612657,643.1866364450868,374.9834326944131,921.1273367122719,614.5217781024568,680.6579143351048,267.3387316852428,459.0396414208946,0
316.04317285422866,93.9917654336131,203.86667002596027,412.6865284424507,986.4798803106465,33.65741705865843,868.9208042565244,116.87692215492174,256.81046576888855,351.2744538306504,674.7488697836302,599.0390343173425,369.78980161124207,561.2827363923274,408.0912450994214,163.02302235700594,798.8111328944469,539.1258461960035,845.5423879435498,753.0520599654385,0
229.80927794991968,115.58259853115105,891.9517451887979,650.6418398822101,916.1375311802508,109.7009703249503,989.4888581469156,369.2351966886056,318.79071842647767,499.9988070017766,647.5714256611235,694.6194119740456,339.49449287302116,359.56451569474245,902.2557438399606,874.5981554805508,224.1109585539287,28.648452857207296,117.37612818810427,821.3966270276925,1
265.7063816549754,664.0089380864135,732.2742976739066,783.9538638708534,803.6555477425393,892.9831687098971,363.84350990086466,319.7430603124396,253.7603069029759,120.5571806135226,507.45379131258073,772.6315060028546,908.6149714478626,780.2353233522284,682.4991527765866,943.7110788719388,185.01795407732314,976.8909832917813,436.15474151959586,956.017872674166,0
159.31135230541483,61.316763332195045,341.9762223576098,128.55923419342597,272.17414870041813,937.0170355470439,714.0431738874665,348.6242441279436,625.1395368330869,719.9394219800922,901.0823562269851,366.36709808780546,809.1721221801494,756.3610098472166,540.695887131091,666.8546822008364,566.559316998531,542.9998083331341,795.630316135563,256.23713357151655,1
492.55935103800385,505.577234336491,701.3003289722403,778.3928526538061,626.6983087430712,818.54273012453,17.525711651161345,419.18362430021483,765.9975876053938,115.30018865272041,749.9586834865343,110.38849686849406,379.16074367442053,759.7760567960468,309.01005626175436,243.00056624288925,504.27293320362753,948.5849836215403,480.208472052379,769.3733802110298,0
557.4140145834184,538.2908686582005,898.9497095059631,360.61948547396804,403.190002887068,496.88270013855396,276.4698699089717,136.6032888987814,129.01499074105394,672.5256835661341,403.56379818522424,88.32184229252016,155.3592295397973,62.65631072140365,707.567237865366,61.28801864402389,881.1111082145758,541.0263800851761,149.66330521368988,71.9054057816052,1
510.57858466055626,265.9859290140604,278.86728398190183,103.32694972665446,757.7616604005176,943.342972069214,983.0078560409602,361.67930068907407,932.1978552228525,74.27528891854674,886.2689038256894,152.04342651667412,917.0538525455447,970.0002478884859,192.1838702539712,398.23027338078975,358.7206442413931,657.3708106763364,317.218421439157,290.6360981685143,0
267.73698491280186,742.0981962887179,388.98621107657925,869.1479546420887,162.86485179759978,882.0473103789999,157.89341720367545,776.4092737032516,50.92801795639479,501.2187718527369,592.9430862644246,832.1768221677419,320.52968942136727,370.5825187227979,931.5201928664551,352.59417816041037,87.82232357057839,689.559979353261,384.4392067624375,851.1233494153557,1
682.6098443865203,999.1680490497438,941.6255970466435,376.50205222734326,902.3845876951353,929.8967097985554,132.0707697894934,912.7899977615427,148.0803806488107,490.7768593894658,163.4046490584864,249.53961237597179,815.7771044340465,496.0041899254147,395.8717371861141,272.54888557176196,32.817969806068106,852.2526792402325,976.1676713528284,289.47398726763964,0
782.4422123686431,679.828790764873,829.8572334506107,656.7423809751177,788.9551022508343,628.1215386383196,929.6230197567505,498.42528460667234,578.915347937066,29.458350177808292,10.153778492439036,994.8040289691961,725.5463020712857,727.1519723962501,874.6603023339223,248.09155642827386,56.82039562591967,245.95557279468372,555.9274970362687,206.8574960256311,1
787.6424229666311,739.3045686619917,340.9336851844935,703.4805691645468,373.3823468825904,824.6484310829691,125.04835743760334,912.1040497950942,281.11244920222356,246.45551013745936,268.6654293040257,780.0211180004537,737.1958764231646,896.4768308753047,207.6643765582049,656.6023618607318,853.3434364446697,224.28257275307283,475.7517176396,391.05633075014936,1
481.621076003547,54.73954524113378,348.7264885943331,927.5718417816404,926.0783678713622,576.2728847670157,50.966136524231096,477.05661917212916,368.44574250245455,528.1956420396133,517.9269080323411,401.35925917176894,489.1693195364839,801.8852098108835,35.92121318925301,77.8835691362908,675.8317482993898,786.3587202119551,26.214261057690535,82.0664763156379,1
174.11618384464688,515.5488960527471,239.03102250196883,223.24082122330825,846.6277734403137,819.3228697443033,488.45905528388687,378.7754032023335,426.2054035050736,334.74096465313863,328.4138472509026,76.31170687214916,113.11434648085795,3.3328435020142377,218.11583212589102,983.6099646170184,135.6827361523132,329.0088085515108,539.5077751106368,855.0396610571878,1
509.0939124074455,656.7862160831604,756.7936207578995,542.356348140378,243.5352003976805,355.5169805831433,209.8459648463712,930.5911221682715,839.4050713961038,129.6456847983849,808.7323056176342,216.13382290815963,264.26912622279684,427.87607329503044,660.4791569852782,457.0894626548402,274.7134085836227,873.8783633353786,625.4024275616625,951.6645408527941,0
62.91435096655851,248.94969737443816,224.28243961480132,526.3555280378417,446.3014286363538,244.04831146982553,250.1580545337111,652.3109796495336,923.8202796218893,981.2364550358961,81.05383945687561,997.4816277505707,902.0278823698238,474.5382708784258,666.2768546119196,853.3105214083552,937.6663563628956,177.95045473263303,616.4932779151666,125.85320579416658,1
895.3095328365723,726.4013750483979,782.4143022389912,596.1555755016627,665.9651958577033,618.1323463929843,727.877911221552,679.7025976625889,621.4898728274782,213.04583736605886,47.36723711015467,463.87172051894134,265.1220490760865,610.8626512096171,149.15704144217256,86.65322439437873,603.62602846065,412.7455904787877,481.5504848909524,951.9454114820301,1
132.71607807226536,432.4173209251866,686.6674649160849,512.3062490182415,228.3319864049611,359.370231885076,53.80184831434009,502.667466711672,184.83055658302882,202.0982978664596,648.0307924537959,397.53501162612594,180.06889397455862,37.36003895288042,536.2504677397337,682.4427213748216,238.56302132109985,579.7860167289963,384.293702119612,346.3727584370472,1
818.4389766230911,191.56473502664406,672.8581900486255,543.037775926798,251.90917795036327,820.6390635416656,546.1004771552667,861.0893926652344,116.69077226586788,174.1140230230963,462.53543164194275,170.53576179459262,622.3696068394497,465.43089037355867,534.5865371973657,646.9810026697352,822.9846501242114,666.9874309894939,846.0733174852442,396.3230419954243,1
18.498207463407688,203.48004887972937,744.5801311471076,139.88585200526572,290.4260685453046,185.32346802830645,885.2472945062832,327.10693699542395,0.5092898664383894,217.67483315253412,539.8420780206457,936.7648147802254,395.2260273125228,655.5928690555215,371.6277778301358,676.9880059041329,859.1683829373684,596.547580317955,624.4524204965259,159.93774307269703,0
602.3983335076647,913.3852374539078,576.448483296725,371.7217047674164,388.23486088077095,783.0063978142066,292.68998194375075,211.74984909180782,486.9377352295331,491.74735404937474,949.8723732361067,926.7647289899512,950.2399680759893,992.1219210049605,513.0523327268879,822.9724708350091,329.33547854750543,690.3256182671327,827.6597763047955,904.0530737371724,0
962.0821984188683,350.2041706102118,114.02059477089277,158.37284127988184,938.6613914038038,796.5920594078102,284.31988792673945,284.0955828931674,225.28168442339714,550.246054456361,684.0209562803936,247.33058195453495,144.87134792697964,136.0367256856062,12.788925494499171,894.1182465307784,202.8300605699016,368.8981312509979,122.4239974992527,628.248183887129,1
741.3908247402785,224.69252889790226,887.4885238638324,658.0683692036802,980.1600875176198,88.27038310324386,758.1901693393304,65.95298019127193,413.01204591995145,611.7417610580734,164.95087423020715,755.8613145120147,26.200304305388777,369.3122411126666,426.44050156309356,309.5763583001281,564.5709340632372,665.5150440359062,171.12661573990883,659.6213981510142,0
595.3178663699907,581.5407051784096,31.5318087519556,451.9071799605325,581.457845369356,857.9984004445112,749.6047891233204,565.9790310642851,428.3543956996496,925.5486863026226,939.5366782556101,890.3839912867421,424.47053988815196,145.92621806946215,753.1160478474678,768.627413950486,770.648026709686,246.0117933167908,485.59429914807805,403.7966547471541,1
399.67051590963564,435.6295201537962,751.4390652263471,332.9107929003819,505.5382261072452,426.5699095150682,707.5035407011229,331.1920549092673,12.145860952367693,807.8391576822377,179.61969550515067,997.1190797866428,538.9039265779211,272.9072487768953,292.20807379856086,590.590237314759,864.2468722235153,117.69712262340437,903.4707674623942,183.90939848128963,1
21.311926286159412,318.01303633224865,728.9378301715531,728.5651750235555,687.7525275880598,935.036110198254,446.11464926683664,648.8512315477965,727.3005453945462,403.5033997188404,863.0541116306492,22.810993225246158,472.7395336768245,715.8495247857009,68.18531627933066,161.4516657370576,267.81166545714194,977.0968925774737,660.6931429571674,272.24232803402026,0
923.226750869656,920.6351307036031,576.7916824047313,295.7662095865241,489.42778199519455,439.821161950779,483.75668792871727,403.34909516533924,422.42182649013273,332.5403230023741,894.1423071475987,987.1305092848802,377.60763447657473,896.3694678777518,409.01313036604927,963.4301635440122,261.13363746414063,59.11766162297549,719.9804153081299,944.7004845831957,1
698.9202737583378,517.8558954764046,163.51217670604413,21.431110733510895,711.35190823476,382.1465277089211,161.69479823024335,708.8477552661018,190.0813298258548,376.2306633702134,873.6500612668957,147.42803055082743,481.38465598341105,293.77968942771673,498.3176685404812,660.0049476779175,973.7212705383931,430.91512963598586,733.782960903635,414.12761012882214,1
809.8658939468462,221.88376549301825,439.1735877892562,553.04503522996,31.040906278816284,648.072488635958,396.1743842257106,454.69176466546435,412.0132091592108,549.5915210433392,675.455110080597,509.9259417707902,927.3941959354424,820.8023085662211,416.5463930353934,159.39298313552365,41.87331016323259,766.2940440766836,66.502360859515,504.65350198903525,0
203.30422198755173,549.272108983298,786.5169721889117,229.84547129020504,63.994078436089175,426.2356202442962,736.2919816027282,894.0341589221987,824.279531336629,365.85997506172276,657.1555986086207,996.3994546725562,470.0959340726207,329.96845090717085,814.7346285146526,47.597452768986194,156.370774211532,328.08731728366416,975.6182720677375,321.57762625250865,1
548.2339365837889,233.35819146668302,875.8956975542782,744.74703634905,215.0537735234792,250.0144095602671,420.3238853462493,739.5218570798455,864.9127117615292,817.2720249287851,115.60989612555129,260.98922514586866,675.3941522039609,206.5302943231886,466.10499599210607,946.9872133622197,35.8741431748355,733.9479417341721,60.04746434733288,421.468311325878,1
201.794614173471,108.20060070424375,72.69825823074794,178.1855745797657,271.83808509869255,296.9279297038872,99.97785676008675,351.872666512124,326.041473093162,849.191018218858,598.223349014232,239.203145077162,786.9238606867583,592.760952139632,286.69863584611363,112.57952617468503,460.10282168658046,467.50316411384716,489.5789498494424,867.0455674039791,1
292.19808073384166,203.89594199329363,439.8549450315978,184.49907528058384,489.7787720541709,34.20307331970962,217.7938613624707,24.883521917615003,375.256040923983,822.5079525338875,862.9115478696112,603.3873218580562,293.94544134063796,235.1828335444659,622.5423868281217,599.1983361741753,757.8615198381783,737.3772154130735,303.4346171219797,793.114277097196,1
856.1132803983231,334.0522082577345,472.45434378298734,401.2956398096843,918.7509854732216,97.80674168136872,833.0269902750326,231.23708174882617,352.1262140700784,132.52304684595862,609.1679672777835,417.1277195452041,219.56791192151582,854.9308861458506,180.8006645600304,110.66766961389251,650.5284330128407,31.329348737060613,110.1134379180584,354.3635552428507,1
952.1084494822868,493.2350693404226,826.5508180126855,757.4194533663515,694.2737236614605,596.1466578598178,969.0436134860859,632.5848343270967,971.0332179023422,664.8973848286852,302.9452135769576,317.33775000803377,674.9527659153778,520.3679684628759,562.5360976741498,588.911217735989,546.3022390795521,531.8069374324756,393.7303143777817,56.90149355316121,0
804.9340467382232,274.79169462448425,40.15396405097815,811.1511095646391,355.2460163399942,866.2631830488288,215.37261800006448,910.6664836987122,856.7743611785819,190.0725875458611,520.3294782971302,347.8560865527945,936.6512698474423,181.42335270690225,37.54910484143714,159.70625692407515,122.086924744219,800.6503079658065,167.73089010054065,950.8339919343148,1
267.03613055056354,366.36286144073983,390.49099531348566,209.7354987260509,226.16253964723575,970.7849197017547,184.44879698244142,715.0203731722869,918.254594077844,135.3835629397452,556.9057418276499,358.9192422648967,196.3491511366371,33.53501888848787,641.0868662192048,950.9419673200439,182.49618668194057,832.0627229094858,775.1367272563201,615.4523614472167,1
949.6915705431428,521.6486880354217,339.39408871314095,195.814548413078,727.2235654053761,215.422430018154,447.6330179389606,281.4508814013722,498.45000082508903,146.5620651693881,99.67194328560625,439.6429099018,445.89608495725275,836.7525349197524,356.8637023809591,374.45753359064383,543.287781079711,721.9093566728338,145.14589243887866,992.78757864786,0
171.48541166232178,570.2692053795515,390.7458136273074,661.7816898309433,798.981291547555,873.4338904332593,677.3048712419876,111.26685870908636,559.3390597289475,772.8666754183649,799.818869620323,223.48382498469832,60.63662534415582,884.4609132020804,679.1549842204606,701.0286213164978,152.53954738516197,252.5384836189448,529.5277685257785,114.06431159202025,1
659.7834163329261,931.4326443440048,912.0754465059134,364.78765085649377,713.1363364250905,309.3054174574174,25.32975327143827,581.378728361744,661.3998465335977,22.4539191923826,717.795922810695,608.5093062494354,644.6220344195907,647.5841911059073,120.58771408815471,946.3239247932346,933.4918402009856,306.0016229706272,549.696068039541,415.5724369102891,1
862.4170789358989,977.0019084489627,975.1893767591571,466.07214533211726,869.1910133487046,214.35200436690383,460.63798196720006,561.6017279859734,222.2901121547173,994.7002701582958,34.249917757498864,340.71418977501844,282.8545159706053,840.7492252102069,240.5390824116538,630.4375601039376,190.0741958863158,219.735802619624,692.9569495376625,349.1150861385277,1
18.86112731601175,557.9403126942166,388.00319983434406,338.3131493748912,357.81199656566673,110.53267882055573,835.0915958407264,831.1567894669241,406.4475259926249,231.7723356525383,674.6651491738476,949.2801823395882,660.9410948361349,430.4586913479107,437.1248540640132,709.7165520665776,129.4125456720403,923.1423747016447,802.1956765975491,718.121808547079,0
204.667503013802,358.993123806105,538.3245539816494,458.2658859010058,950.8100470732733,560.9623011448317,643.7141400410295,398.1236357626605,424.5730180976176,544.7949210170653,271.838492782868,100.09840482015552,148.62458026689484,886.2496259858617,319.94371640813733,813.5054831845399,244.05069029809445,250.20748607561137,950.4716202916669,239.15589855889175,1
813.0418954462956,208.24376397338096,229.1393258594766,698.6619201387489,220.60543365526652,506.4342532040008,451.4975392862876,580.7737439133298,330.3900235844187,892.9463364866897,233.4000023163566,983.0023695818923,971.3902220589283,385.48905170083793,95.01276271308589,986.5785064873759,336.93393651970547,977.1466567047855,274.07070339415606,496.49964191712246,0
837.0502832776863,497.42844405048004,398.28067709383987,699.6469950666154,247.07335974215937,518.0666886560256,209.5207846521988,103.03716550020626,271.62779874741364,90.73886480589522,659.4691779464334,827.8843940732478,421.6152814924181,236.71017428644814,254.12147417199014,190.36093068197658,611.1129034488191,710.9371027806733,973.5664285701073,973.7545154013403,1
170.83499253949276,474.3262767181817,501.51352646092107,473.4542067930333,528.8172499694886,127.67769388235206,844.9990076985829,898.6579897441435,832.3174385017201,576.8364328626728,483.48790541545674,249.58206960153584,63.34263922823757,995.4712651059143,696.425013895904,331.78501378401603,727.7245574816291,578.8191069618,372.3557334047324,484.0046513237428,0
277.2580982171049,470.7941348557133,65.82326825645846,329.11745385207456,519.5572888118851,250.41543756663899,106.92353499656416,215.74985451487484,728.4086096109274,149.32812865688317,578.6577783568448,104.17013512057748,421.8144478827611,362.7333527618796,471.6338592121389,569.809962669534,79.3893035973654,279.3064261675535,954.5840582758667,664.991238499414,1
210.92727188844583,651.1019943067921,323.33208660453215,107.6902859505997,914.0773719783243,678.9868626494723,874.4187799323446,128.6318976132531,216.57246409232488,512.8679656989513,473.01965855773074,299.8676896831801,27.46579812057959,886.7337868627219,440.7598338066514,330.6932464836484,956.6020102459107,653.5878179153389,818.1446698649589,914.0298126817038,0
67.38254975255076,440.6220449135633,275.43922228767093,923.4777621396565,97.34760898056504,218.02345899439746,783.7628534460132,104.84663714342679,443.05097878421185,596.9706842402675,993.6128797772715,515.2758234465489,739.4810662997198,625.9911989846838,393.09377918926947,968.138627641359,868.494340926238,507.81010483310683,699.4778094820362,604.0436000676739,0
541.5040056963792,345.42456152103426,270.55789692601485,643.6833018521139,111.13974054154696,970.8545884493152,484.0477463861623,153.27811086136367,739.7572724536813,192.48145643756965,696.7057920589899,248.58452614963335,440.30514710870307,24.445347864567314,376.38305147275554,854.9749711332487,922.6610964432095,597.3131655195456,251.70966379894978,925.3924269831705,1
898.8337906158125,894.7533513476917,858.3424691927692,516.2157153279928,963.7203971356637,333.7476063041228,622.2499398168102,311.57576810458056,314.4137591080798,568.3363821614813,671.1321093952105,587.7616077343871,253.4905151779372,233.97842318461005,987.1036129095994,931.7799178964978,430.147237476331,956.2656168515899,196.29600082260367,488.06085349624686,0
214.5689193809922,561.0334976769885,592.706824800535,875.0669982605775,431.37732910408357,143.3071018917388,705.3306831957775,605.9543343349325,422.2597792112774,243.84705420714104,840.8232970352783,677.1342545326029,110.13195225077122,589.7876475285883,781.6960568654072,874.3493426411864,221.46091245217602,712.3015263919915,965.6278363920422,756.619712468759,0
467.77650341643715,247.32979879518612,797.9433442923314,555.8146040085766,101.79000536482408,732.7295139648926,449.1362303162231,263.1913711802677,403.38570897022163,837.3851051108157,267.45191316232473,703.3906907790008,93.05541740957734,643.9991907896988,480.59172233821045,85.08943667701341,238.4475893767408,497.85142558036057,232.08394648867846,736.3677478613336,1
163.87252927875795,765.0266049764753,990.8790801278727,213.81440222613023,363.947533185748,89.13161913595636,616.5014514532887,425.8943315538932,828.5276483676839,652.264493454261,655.7328681601477,269.90729873349517,966.0327271312805,623.6152630854594,214.4652271049403,472.6390221981293,477.47118402942357,564.5198761475594,828.5856129537274,206.7135391108973,1
961.3587421415921,853.1695888193117,133.78882361711342,869.6035269425138,255.86570227080207,460.35646018176544,125.29427494923307,8.438088029587343,938.0030004580196,230.38272641441736,789.6628360354697,412.15798704556596,982.6357105660884,261.36449994490295,828.0924905115849,342.44445659466294,543.3651213240998,351.6670068586223,409.29217019753537,440.8453797485322,1
574.0927328908537,456.78960904172993,664.6569135057464,22.337703222717554,609.2148509166219,872.940624462082,700.7795200371438,953.767619367279,769.4463056781992,337.1293234805672,469.4625838654709,761.1563966680345,600.4939963452148,982.1278581714706,291.30913068027166,917.8765766941729,791.0438708493516,838.4772783010674,148.38733643923553,430.86606239201217,0
136.45629147779414,650.6394207667767,466.84325516924764,768.2963237281674,637.1940470582998,463.7019292237454,647.1251805736157,526.8189473202038,836.5284429916304,521.3411107692884,17.018104984961703,739.7665370863909,249.58126791082393,455.1577840823799,332.54589513619806,978.9592849040289,118.82972609496333,614.9178355754316,393.16551672765144,391.55817313686657,1
943.660396922451,257.6188750348378,912.9649082458643,598.1029302471273,97.70442076961228,895.021556765577,309.57260315295343,474.4107247534689,878.441108817024,491.0824009540902,246.63747057805674,750.8561275504206,408.35015214078373,461.23711031015404,135.87661001515815,710.907865808891,354.8511453289378,623.6479901332169,801.0867336750125,158.05713952456756,1
371.92317260845806,371.19074333999436,111.63066521678088,324.33433364894904,2.181330319631525,855.8218373845422,270.68368023439683,290.00155896242364,52.47106340527885,715.7919496956472,313.40106657864817,167.8620238622337,868.3813059852332,574.279895310559,512.4985860839784,634.9365438485133,59.40476913990344,407.2683855602579,603.7911821193699,118.77554910249,1
811.0608307104733,219.12660415554487,761.5339276388174,628.4986929745266,198.96135945516548,69.02179824533839,701.8015795784254,63.86160870812863,332.83650017185494,884.7413574767623,252.13361999840933,442.0766466844969,814.7945401629793,851.971751732872,668.9437252129636,186.2486953888086,350.49308721203863,995.842519653723,909.7362278943449,883.2080827786217,0
274.01315816811655,147.6718557688219,93.60775211642446,642.9557854849079,323.71864556265183,141.41224740049486,825.7156612863197,786.6575877818459,811.9961020259365,96.3247844037023,74.96000956367644,90.84467985496158,888.0239261265683,971.0196283483825,792.2714520529685,470.1195980378966,788.9509670631318,724.6517047396247,978.6962563180207,585.6108886825778,0
327.23158060668044,360.78890956140407,554.0096522653265,752.0413223647358,374.51030178214694,233.28671645100817,239.73618938180962,249.87777568516057,724.5236284560015,174.95245351449228,202.02346701723027,764.9473277676564,401.6202768554971,830.9515234423374,500.84806355501445,891.2226893025631,778.8867975492466,690.097509536931,58.098541132908906,780.7956077879562,1
307.12283394518613,722.1461049903803,281.62920195245147,656.4553435770594,270.6374554173493,325.2213615933577,25.308673935311667,272.0637253286041,821.8672952961938,137.54460217355557,269.5316537647571,508.15253443594463,895.2303039629737,326.63607821374774,920.51820118571,725.4429676615009,404.5754936881101,131.4401097504686,433.5488751776615,837.7296269266433,1
878.1440855197599,557.242891755635,630.4843165786007,770.7139545616805,152.86960491127167,787.9217931590277,384.31543613478357,81.47792446668545,421.2324393807602,800.2251965576817,714.1140374536773,173.14215298399992,370.92437492975904,31.77205239646419,488.6921115766906,441.1441821112646,312.3149728411434,879.2061286887279,723.318995535061,292.71215605686075,0
993.0547615517644,11.489497629874169,349.47368642441864,532.4444526810983,691.4799924928757,990.719372484479,804.5290443638222,352.26965379911724,652.1292431715871,571.7441891871762,172.21953708659188,181.17271132442946,117.55450339776763,106.30309556583373,418.2905780866464,536.4920411433388,31.888355103445566,435.4796610986351,976.1083606856669,323.69728661478337,1
173.0616992646259,832.6128618026389,384.83697004445384,657.3629269797545,980.0711649442841,466.26641408360217,731.6896670384444,259.50693269217993,247.10684628538903,871.0687233329265,716.5611899720918,526.7969680968341,333.5497710940889,548.939103712067,701.7175847601156,350.2879039312362,877.186573310273,211.8596593532055,190.3429624670604,490.4362985881836,1
594.5960092878458,17.288275223392823,714.4903533876166,110.74576832202709,708.2562452193896,344.8890582372343,320.09984635221343,383.1957292025331,13.010252664985678,257.98635922290134,245.98191876586208,966.9448454282997,227.0745597408088,497.3974513807351,819.4542433221395,87.06041813567033,50.90968013185493,427.80067431005295,354.90303237832586,530.9253683566601,1
949.030777365807,26.805328296389376,86.8522689326976,796.8878963644204,194.55643312323843,74.32460933073226,361.6103085967386,487.3835341096526,462.58820492502684,46.98563137128842,665.2328505897291,234.27392900629474,300.66570346760125,194.0541161109718,12.99485788373056,417.1358509395846,23.262847416754884,661.9858794821008,517.2459703937864,970.6337503071862,1
691.1507989483488,682.5148881054478,162.59227883771564,459.0863465330669,245.33631892245012,403.96255361130284,132.9011749056249,732.3984982334406,217.43757095266204,89.82362254134114,433.4863875454892,470.9771013468633,905.7564974845226,978.6927542833574,543.6487807592426,594.3957912178194,949.9457940484477,522.8594793524467,138.93839033430135,796.4853246581388,1
208.10516887087883,274.39686381375293,294.8370887752372,610.5828678446147,740.3249003141779,100.62502526584672,21.73615300473186,167.425032370763,215.15804434781137,727.764431410393,479.48832960107137,836.1196792149442,381.5750961002413,37.05145496795615,884.1088713383613,185.15475402740756,552.5079960256732,49.80218172144968,652.1813345733752,536.1296720492335,1
17.217722046835583,839.7530333166096,693.4690090779442,771.7610769255002,802.6397597470782,53.75447083052598,55.357624004941265,48.600412144869765,879.9763523381203,735.4239456110547,398.96627661912544,240.82228015214545,401.5974229793955,567.3684769932074,598.2632904739853,35.152243775658285,894.6525917014787,184.88597388779115,256.3462104375192,965.4517221160231,1
916.4523620102907,279.95230196102403,321.91158147675304,983.3618547424844,250.6836926032655,190.95310630152917,462.4538581122345,285.03650144588556,225.6803968050537,944.4205477145231,73.09675066895727,560.9795739269277,217.80727428946454,724.9131043535873,120.78570123271626,244.0036775830423,138.46886559355653,414.40151987878016,720.7547045228151,714.441860035637,1
373.54569041203035,21.317177710823422,504.02623686425187,284.9898474958922,284.28989589320366,584.6712514106721,446.38877708866454,378.45281530066364,979.8692236281335,750.6552515532198,624.4910561531145,75.02106839704392,872.5827588762655,837.2008235952521,240.42128698213884,696.2073268193175,30.43061997401253,827.3198828638868,98.6229854270262,960.6731661056779,0
232.24302837637944,97.25622195087757,906.2514525288505,871.1506778728032,577.1686533641083,78.85242197076691,923.8332956556679,667.7054997385724,553.9872541022662,758.5637372896401,149.5593176557598,634.0900629180359,238.73908019112488,876.3891612167562,367.51465292716466,694.3341933090223,480.7790985303879,430.59466566759875,852.2712814233226,50.97900773603148,1
281.0756349379239,321.4400693801485,604.2467759881893,782.4565770751316,100.64721205176863,314.2273880286445,630.5102497744582,733.4428099626028,133.62034393065946,505.6189244376079,846.6096393202663,887.2914563099976,68.28693061980373,221.3471725840689,614.2327827985127,261.09553734721004,848.73652874263,173.89628700272797,736.4917811334201,930.1661544986741,1
716.3510235007468,632.3396935821096,487.02923381453223,83.01454624053528,341.80863177102293,54.621032197622156,746.5144856431158,581.0090050703301,834.2671850269539,478.60463226315284,663.7979049271509,625.6416273204974,918.4324994728572,772.7915737801966,90.27517226410986,919.2893590710424,899.1291825474166,585.017890674287,83.6642938370219,885.7665068558701,0
973.7546181489981,279.17827836408503,337.6516810474123,791.3936540663912,718.9629429498276,99.80398376732525,745.4283745503291,596.2466765486624,663.7400912534298,26.089605868055532,386.838614024384,366.3518812242533,309.12930553764085,67.84827770393586,512.0518203610333,587.7503358019209,99.62810966095559,262.2871924581134,726.2384458910651,249.64711406380414,1
178.73587103996658,939.5893812617913,56.59920332512858,151.9567204474319,248.80601926543522,203.4716196133064,652.8299778845711,456.6982282973492,561.4000950664545,970.4860096459844,827.102508793661,620.0634160521589,83.51838278539714,98.6358256814508,499.5911241770814,68.86622404929554,470.1865855618884,409.1956373344394,874.3344544899307,394.40046317029976,1
409.1465631408996,706.3658933250447,645.3829487339534,916.2882461789828,295.69927216989043,704.3075015364118,496.89830350555343,158.54126838266203,446.9360947234898,20.470428943667464,303.1878762839271,516.0027793040125,3.96181168916232,14.043196392928614,926.3815489673892,362.67551356850356,197.77221577705518,167.80377066937612,439.06728405316267,519.8349300577275,1
149.82090646039848,46.13880527349057,634.9560018369909,561.2307005791707,907.4517748058001,945.8388208048829,843.7713943011481,639.3688841884223,675.0379918087973,907.607798510455,283.17579542391604,900.5183649641787,391.7020255838578,717.0814685715002,343.2861802806063,196.59920928265507,352.7915020923362,52.926486277656615,130.22014855382858,597.7609706098109,1
698.5241057413576,974.4868939320598,684.7368751437435,558.531060357228,315.71666347026553,308.32121841390904,38.056876088711,282.9641210986279,90.49132228952483,196.06950602644625,712.092665749399,776.9096419565934,568.4005831198424,49.73340596195197,552.3829958404891,624.9626233158481,640.586862197039,494.63064017342487,121.39496712980258,292.5352252038739,1
875.6433073782887,840.2396203418884,248.92342045260307,716.5882685878676,835.2173801632215,730.0075152322513,893.2140617672732,528.2219809491812,118.28859009839721,584.0769058947419,311.26055685750356,916.477231273096,112.98412805299374,308.5851745565734,395.0223243104069,54.45043789449755,309.41407002110356,388.01983179053434,389.2944322145667,321.7329513224333,1
864.0363445357355,796.3342266424088,799.3995242814814,575.0902234638136,466.3702931674336,744.142616030426,41.732034905265,594.481046477387,620.6689042787144,361.43711616359064,66.50601776290577,333.0055330377607,662.7972178531727,427.4966707462788,78.90432444081318,480.1571016945289,767.7277612805259,770.3527946632983,277.9642087928703,398.9191525201248,1
42.19580980032334,541.4001775525381,327.70462889987294,834.0922833189005,864.97192607122,958.975942061996,551.7273993326934,921.9205510402877,871.912533110062,109.91418829292343,588.6019630599196,179.9756992547863,557.5928096723367,503.0191913010337,615.912165852087,560.9494654627908,868.7204574970287,776.3271401569749,15.420069508182422,613.0585177954073,0
465.4684271564452,580.1571748567573,247.93615720346574,165.28158534938387,838.4678612339233,615.7447495009246,133.56358365794097,321.79868438892703,745.1890865835409,766.0753649179438,498.40552642647816,853.3759273288331,796.4383426021141,857.1982320322519,452.0330715606394,87.75501603199754,554.719931672794,376.2558214551518,618.6007890369114,446.6763297576075,1
836.41513626499,271.1473135370781,554.613566637583,29.582017382132065,225.05554168108856,694.0168909664278,569.6607067455158,845.935676812832,341.21404945014353,896.5110114958233,841.2765081288651,136.84733851299168,604.9465265710677,635.387719050598,804.5382891059928,280.367419157144,511.49776708654235,29.013139098257646,299.742612649475,298.8912961829505,1
151.35729243494256,811.6851322523573,357.31366210084224,634.5515005495428,739.0982814373173,899.419348715972,636.920679055092,240.49525703323138,704.6900199748333,857.7817257143895,698.1409534980056,852.9189131170893,736.6649978402737,647.3234954829966,399.8408485859829,394.8066159878048,868.5045569838902,257.17936198870893,855.1242566652529,177.23035022672184,1
30.72149949164704,507.37515952088097,713.8347150588585,531.076790561557,38.700806729364714,392.90406484732375,637.8098389667039,873.0230745523679,752.1295536468108,491.0872349782044,838.430485162965,746.2211945847022,54.3897726607705,131.00530828774225,225.89712038187025,623.8851571959151,268.80654510916577,712.0173138824408,800.72501586482,816.8198911637542,0
728.5410573608806,161.60529797544731,848.622429023685,862.2916400828103,442.99712292005654,896.0017866194055,501.93637192921904,682.1410148963666,517.0129598315312,799.6091318145844,799.9108444553914,690.2214778058351,374.44089528280455,876.6441306153475,657.106256019209,865.3989893042138,759.1552011982046,542.9283232375244,332.3494813990225,518.2909796125078,1
611.8439971251213,544.065371591042,725.5991365006153,729.3211147396661,573.2153023322331,548.641954370466,760.7412847232929,371.36005836221875,829.0272660613214,443.32145262316925,835.5810309624346,393.7162170463294,219.37234496978385,903.4705036709519,751.9198597574389,241.19470014598366,710.890794377448,948.3009746224229,672.2844944246148,181.5096282493831,0
639.7720485467701,6.777169953024353,396.5961547301776,68.08504225217948,577.4143703734712,785.0095029206303,790.3592495779601,632.951450750609,735.4083456841748,881.7518651710869,874.1397191231844,651.70519209962,641.4527056188605,215.63552132285946,143.431100612442,342.6812750225805,22.533206858135756,339.69625299955663,737.9793980898443,204.27312320790503,1
86.0476031023869,117.7644508206519,389.34542864380563,647.045769662569,811.3788970746023,241.91861772528932,383.4763516229395,323.17160612501874,296.0768397427049,772.9176883567612,433.5306771644477,343.07393201967164,171.5012992745789,716.3097755673666,249.41069123783254,51.37417081264894,546.7687105739628,234.82682954693,510.59646392011905,379.1422261621462,1
389.95694905752,504.590316299684,974.952083549087,834.8894923286701,196.24917071645976,606.71536606779,904.1725888487023,604.3399636491333,578.3480876582024,283.23637370698805,869.0941208337598,395.5140900185448,151.9983857844326,427.79403621101,29.68659114283556,191.41389201486692,70.98647861154794,780.546119060716,268.81986311079453,111.888910446301,0
602.1552252276609,712.1498904698072,685.8913072982008,151.446977424738,72.30688114472295,377.4596092402217,175.6024145344517,642.3069022961097,233.78146597472016,754.6661762154722,330.97850225309355,865.6478178466339,743.9871340810936,904.1417352478172,119.86657469614282,12.412325744094343,51.414046359064216,247.25013782057115,948.4308522125702,397.64019813440143,1
631.1951734574282,25.978395311722856,665.1035067127372,438.4760188888829,43.00983838518591,851.7955537467858,127.28469464737013,499.2944154168749,960.0787814149149,1.4138261373378702,719.0806722623083,471.07851423862445,39.0695541261088,716.09189701025,533.6570684279661,607.7097911283411,660.7341785089459,500.97180497001415,164.25811855884766,72.97802160143819,1
983.9820532238226,652.5867731722311,113.27426362569382,813.1714871097803,735.0502579848372,24.376928387877527,82.13874682716549,621.2799656455036,457.85013433833853,539.8364455738088,292.10252157661665,722.7001367136534,964.1694613059318,809.0690204453384,290.6184825488619,217.6865610803107,999.7473689078504,609.0795708608545,806.9452296200253,983.9715709818603,1
650.6873212730235,862.6151750848761,414.2021793856911,560.96836323964,347.87043136943277,902.2166834147168,404.51215410330786,941.9625089442328,819.8058514102692,136.2161819185691,444.23629058126636,695.1877413844104,770.1579706253771,348.9573554287818,715.6866431594868,866.7376965302192,517.6112308727896,976.3566106129553,778.8659110273182,367.41898658992045,0
882.1118824704656,753.782473232255,478.0599025385658,880.815441036168,294.3452915933888,637.5198300541881,634.20691009211,545.7939125321789,248.09054429561363,41.79690345521758,425.29086066548973,451.6645137460565,966.962461044734,863.8435694905215,812.7532971681766,812.8660267786283,913.6970354319008,237.03524407000097,694.4631980816882,887.2508610922299,1
232.89600532259246,227.56248953652226,657.7205367522132,757.2661523075288,856.1297204091351,0.3646282741143203,852.4694984357102,15.256538477137372,970.0115973874654,489.34907507711034,655.9055436851427,501.5180451957788,449.13594796947586,677.9363972148558,219.27676948124463,201.7245871675488,718.2178916634612,139.37969170200694,320.0476457591057,293.5955831074006,1
694.5894483406097,207.13248107770255,930.2809323268501,935.356053090025,920.5333581965809,887.5387933270813,583.5035836295859,544.2298902874154,440.7522098777503,165.60814154721027,461.686395362643,564.2666361852994,800.1548466157122,397.08166067316995,997.8660890331482,682.5844559504563,153.6254113623039,138.141269794407,896.9514989472663,385.50044293487116,1
816.0960285638512,539.5900090982743,397.9221880138033,402.03989297209296,397.6446072957105,219.37726086454333,966.8990038812923,567.5874093342412,383.1224445455901,45.02604586767367,522.7793042043427,898.5454363408485,612.5358459148123,257.9188735661206,152.98500032676253,435.8595677322724,365.8106485727102,991.8073799049981,305.264880073836,387.11220777919084,0
420.33781961145144,752.5155053063542,761.9575743960854,260.1714149070684,479.8146338541546,18.379084664456812,401.5227765838133,322.9562988543414,643.5459465650475,344.5269934230999,835.619608609863,87.10577882023418,179.69889840383468,935.2496831981007,303.2915567113078,825.7173236300974,37.29635158956135,407.80709633746847,348.16314054757646,257.071752609385,1
654.4564654656242,695.2849399785028,654.4100213241959,352.2308653637493,748.6128461853098,655.0607850237724,273.29736937695003,592.4412089837812,548.3087809862751,685.7349199569298,357.2342784180823,209.26607127257435,831.202824057025,499.82526569772557,685.7719204510995,874.3744060960422,566.1321995903625,879.9222656522683,539.5090758178279,420.3977768645445,0
119.30375039544083,193.34699701422943,354.7651026685391,662.4481261492681,193.3675137293376,990.3581193960873,343.3258963305098,20.29395730802208,524.0445528289727,514.4120792448033,529.0277775006093,283.6696685300959,814.4930941809041,902.258146683749,842.3179431945458,87.03304700650082,207.87815488588024,828.0134331680564,271.9587693750808,409.1427121233299,0
218.12684178195906,586.311002416893,231.16975182017785,183.20368447473246,127.42749339761616,622.4688002922857,303.74349879313354,370.2538380595929,35.93806858567894,593.7884486556538,14.057268889706709,651.4518856403191,610.2424238581689,656.4272678973877,764.8982937942559,951.4947844635261,50.18079158171296,539.7487866584805,603.5723748401612,984.4741157237592,1
378.5154477628675,943.1821167269604,775.9884545931377,275.64354311745456,811.234560428121,564.1202339294647,566.9521484416416,4.676587835091395,291.44348374697415,27.9558788676878,245.0454946028674,676.2389221586357,712.1708496250827,285.186056466701,370.2276271434217,711.4674970405375,194.5570578378367,841.5447859616922,251.59957129084665,246.67418721877533,0
381.38043176572756,295.49662247418905,354.22800403235885,222.11690136253358,461.09886152398695,677.1556444243073,849.8618549240235,593.8534597341826,659.5466052256442,578.9874554235372,209.02999180178494,549.8150110305972,747.5373221219743,483.93543999549047,378.5560282887263,381.02923677988684,690.9725414038985,543.5571658874029,292.8389678100324,620.9538531981474,0
317.97660513083713,938.9306297275267,933.9033158614714,879.0759797866539,883.6285310098613,240.5487942336564,262.6193456586465,828.2777904421382,449.2851335237811,419.2917930173431,404.0164003346487,538.9035367845083,51.32917888172439,920.4183410084685,116.49434822009763,456.88947546616976,341.1123029640332,177.8430614493234,824.6032301848165,425.07895446567125,1
663.954546495874,228.93022676768626,501.0177257395675,534.3903132744502,482.94974801137727,362.65764850634054,191.09090161586872,170.3583295202621,479.8541473212936,359.15152748610643,112.76562008885571,618.0906722734046,179.17144422656528,673.9093991927289,608.8365849139136,492.4168694072083,75.32825329906623,212.23992147216995,147.6824344650568,732.4312979966713,1
888.3671790027294,240.2867380330409,354.81264644866485,186.80591170927875,664.510951652846,546.6102155577978,166.66503130888344,579.7972197999605,265.7593290143323,735.6062454994097,51.736056714764445,571.8960394553444,958.4264179549322,375.6291290265286,249.95627765073547,928.5202920413188,867.229799070106,861.532752536387,215.9549923503007,299.1108831722337,1
415.91344573082813,164.40047015060765,280.37808199591177,507.4787027969593,320.8175730583263,739.8611931096907,136.03208469465343,426.66009098794865,4.360132352773438,958.4420256209402,782.3944844712453,825.8406036412532,109.67254580652941,991.5227537594477,417.6449544696884,184.88327585047836,82.54096981989201,658.265490134984,681.4999367493697,486.7306489305031,1
490.1967941358204,483.89146659829396,938.4867551361101,252.03610270029054,946.0167641766016,916.373634134773,826.5908077128825,475.53968485287857,102.70579723608041,415.0916134190236,1.000535605362951,277.9928894573559,331.2902925271344,626.8891852474577,600.4719664555596,75.59845172923374,57.619034705478356,637.9733643120095,143.1445406855354,463.5037460078962,0
131.1793959471995,797.7007944528611,415.89461574388775,286.4092392552344,750.4842619688189,337.0908335386903,721.4413652851026,977.8412343499531,176.50348311101172,270.8122736002523,588.757064847506,96.49515443729739,745.7852580890471,919.7874638186669,786.3377094798169,936.1881271442757,909.47515333499,434.6369816307732,54.071344949411014,645.8471410163701,1
509.9201088559039,80.28243339868123,812.6325085386137,448.5106785136057,178.75184549536849,183.63141721033537,774.5742962546922,754.3830398956967,489.0603157735627,487.1135962290901,646.257100380587,513.9592436843823,760.5252476319536,948.1516947749398,29.85206813247565,463.7851170742401,672.7143824898238,501.58355598729986,127.02742798046329,813.6568860270555,0
110.21362375523059,207.88530858207199,517.897960066393,726.3756784750956,102.5385972967242,107.19890156406542,267.7039990546407,911.3757089071099,22.105810864736284,212.05440057531712,31.48879966547846,247.80483688213806,293.4798694246404,582.6147045586413,170.37976447983795,752.1723665882765,34.25272349153374,689.9582948421241,876.1736839111413,641.6604698687595,1
344.4139891250325,586.4603706988881,544.9201211668118,645.7460422342687,713.2632445939079,663.9711503632909,627.3812933145236,265.86914221062887,15.037951802988614,925.1262365982498,853.0897800364652,246.57005926829356,578.7346263982846,598.9791630435374,123.09434088930004,935.3952455419187,954.3728498193983,353.9887780778763,23.616127108445518,634.3887714318525,1
543.8500461836634,33.921223586494406,513.3385351447898,821.3629513617061,133.71600148265216,688.7572295451079,629.826984045962,298.07505527529855,776.5840511503325,931.5286628707388,223.68362766001493,604.1144535368552,457.8618005077398,500.548978564041,830.1173526700983,488.1927615178603,54.30891168313556,187.30614413364577,55.09267047072508,236.8473086856002,1
123.11885179636073,53.93379652638575,970.478028305635,561.1703726980473,491.52952933217233,623.8295073086584,235.32474399184656,804.8774180146635,415.5193957880037,615.2236953726489,636.1205525891604,231.12387363006138,231.84319024444645,800.4725980038038,431.301260764557,975.2893881835066,579.7942940538103,955.4309987483139,506.9083414974512,74.22180274045775,0
389.6259846621092,25.997298454359385,985.5113470726591,984.6701726097594,983.9143454618181,340.21049450705254,71.50040125689972,947.3959420789109,164.49343749311873,94.46816012939507,822.7552639135649,455.50380563402484,486.9416757831659,442.66238193176275,987.3749974675285,293.82753251524684,613.8211986131984,771.7319146447381,420.365742348253,90.69167627592645,1
241.04738258566604,802.500057164616,245.23102274864817,404.31759631982266,680.420763746724,880.7512720825853,35.63532816130144,402.27692317113883,277.62866267845476,449.42462089790934,568.4623419912837,82.42353255861656,110.3160644683412,184.41747408369014,718.8106671972215,323.3853970642014,633.2187420881442,92.07473313351511,381.8541754218707,138.72950099600968,1
131.28977225699722,344.5690537626556,301.4062190368736,590.3622664798504,245.19608649471292,577.9464635222529,725.4397721523894,42.30702532148245,651.7357751639873,695.3448071090885,254.45698304500453,82.10854392174282,182.0395414301953,823.6822227592,670.1044807385898,835.778197631793,133.27230591505247,857.2863953474605,660.2233647396486,226.53424667485712,0
866.3019014077183,837.2711231774095,580.8948498634298,370.0018057819809,539.6416301850866,123.68498776085168,185.45581059548866,391.2852221709049,502.5418375247451,852.478773465388,687.0697607636941,261.0506394393127,938.1579923794385,827.6007906193765,185.18500080039223,409.6363638963807,806.9968511049891,395.74983183898536,128.03024142492848,143.29172918599076,1
618.9141059831081,78.23354921055781,856.6122800603064,25.619245263448278,242.8018969720841,429.7176329232391,531.7496101585051,108.7786916746113,312.668221699597,212.8629919106424,195.37971548213685,414.99555039204296,45.34041541370337,611.6449663635116,183.4376979940503,791.0113252856235,460.1772733238575,384.2395800056864,720.653725510404,663.9079954588345,1
446.41593731817574,201.21582787341686,232.18748780973786,508.0357994593999,750.4546284603738,690.7568450314081,293.3266488453605,57.975035243879034,180.93242744780036,351.22143060070664,440.5975378854461,448.0958916676575,842.5286239887371,82.75579375335029,957.4436044309283,780.4482646125575,780.9817446047655,577.1278928526879,878.8598286361942,847.2303564586776,1
123.008291437822,746.7335724265755,110.08133390624009,218.35420812878726,131.53200844653279,442.64495280986915,380.91438645589625,55.92019294827577,413.18781850579234,571.7298421408556,859.2938927421872,562.3407058180771,764.411876525355,821.961392776771,794.4431335368079,274.87916195327233,591.0832874074822,203.60321700489658,795.9405764323601,860.5277412746964,1
434.8875736705639,746.6633769961741,508.4691380170633,170.99308126953105,660.1099593043135,880.8248205352198,173.41999642221285,968.4863187639722,700.6395576253392,758.7896452316445,454.92722145236297,69.3329959974448,0.1499790219203767,242.90160129036232,298.82767756178276,64.56274902085268,280.53678303386675,691.7984804387254,285.9008603156996,193.55119684491407,1
136.27144887196275,118.35039181150808,202.82130091208361,571.3109676669894,270.9059256350048,555.6148123468786,463.5000805826408,939.6079436158316,312.301764095014,960.0320923075708,369.947845078654,730.778720448999,362.73588552369415,841.2553737687319,506.0437649955233,471.07157815321546,488.55844242836713,661.7309192282332,474.669713237589,800.0370250306418,0
111.62403797418308,586.2936165710473,175.01155191247796,709.1802039176425,36.96203762371519,125.45700207545107,318.91697087486216,662.9079685595741,389.7390987015358,687.0378898939424,813.855248123265,355.5502986474339,68.02011261726204,542.8013584463918,137.42983970603893,295.7499077855392,121.88497932423658,374.40221757731365,906.9302343209147,257.70539775746806,1
410.7998487472138,736.1863944925011,312.3994069688699,592.968241493294,482.32501525574554,958.2557356849629,152.41683900088475,758.6108516944904,217.32716207306,174.8740944645375,825.5741235848318,650.8771188291046,0.08723393121423673,942.2171971016836,994.5170387237488,584.9295319108762,329.33531473262155,224.346483101178,169.59503486023954,914.5620430757156,1
948.2668660442201,828.6804251868778,945.3848505791842,421.90599138461636,770.5552547049352,517.447828436227,754.4192113343665,913.1415347274259,392.7113020455342,177.38523641160563,776.4885584175513,977.4842360272091,793.4432837975297,548.4423669891994,711.5867980846207,26.363435295076233,527.846514880027,431.7292862421014,423.1066282324345,104.40001800565778,1
832.6602742693032,743.2048028835574,972.4150486443865,557.8928336108721,164.00408179797975,24.29091958134155,32.174238059749946,946.1809407359459,790.6207031423606,994.1454978359301,785.9094570768593,866.2699601729495,288.56072344739846,812.8626932385462,659.8790697847653,972.1793548588927,278.6123902970334,315.7931370793047,35.916163592213834,368.2038688844514,1
734.5739384297353,486.75438672881745,307.75291697415764,189.32775000506408,196.14978770705304,461.2311050501342,120.66760723217274,358.23394029089997,420.9669833557349,723.5594884180094,906.7326677772447,911.5456566250401,731.1081048719969,948.3989551496293,93.76490567979556,949.9535281657086,967.8759188572379,706.3775830917773,228.17318220182094,715.3341358118195,1
573.9266039908298,611.0545932728335,904.3988807249007,401.9086669859977,744.5205645163292,672.0368831948232,469.04385080137513,47.17007093586356,174.8674595195737,837.9069885239379,835.5413515211437,938.6348989191321,764.6293932602046,766.1433611605817,242.63954235886186,47.08989097913563,264.470174252083,679.7979417283425,190.3342823261146,691.4716860349215,0
30.37034273431727,609.8816632081806,873.2919390138816,769.4679859151189,306.3818317953572,120.12522026640626,729.2874000109459,451.5666640899715,703.0355619538719,475.11216183389524,914.3832521937919,608.467522409407,882.3793983594502,482.4674155208436,944.7487572305477,715.9011291806651,502.10515683597436,100.6670917605631,396.70560969766467,50.62019328063161,1
630.6860811311205,511.34775278420483,793.9515068588565,888.7314104712227,852.4696333387343,20.131248695501537,520.9356724508764,409.81116572917676,947.6402830820415,740.1216654284267,618.5462731323366,641.8482721178771,713.7771125128759,436.9068549841715,62.51532391454284,424.2229990916048,125.19415918580567,677.5461666619824,782.7207591978041,206.93869076709382,1
780.4173441430353,671.8791560190017,403.5706246885554,633.2086765595861,450.1232527641494,477.3668034249946,795.6974233827483,679.4139577689916,531.9209392247335,723.6425254414904,265.1937629382225,695.8037140103344,286.30869026740294,655.4968348514614,146.84910483870928,131.33784565567353,825.8061466393813,992.5452521516224,710.3427440613834,990.9452570883843,0
164.448879902265,227.54606309414183,495.05914017648035,761.9009151874089,114.09410482910876,830.9868935382788,651.3552655903691,232.21741667921015,975.6671764463827,756.0496146454235,196.72380684000356,618.0525587248759,505.23720162906415,865.02346159903,641.9461388201612,762.2246858603849,629.6106907138004,932.6545078497091,951.6604477795356,281.8910811826864,0
77.92020030139113,397.50063271952394,348.830314078301,445.9435283722908,111.06105940956145,67.92648838316528,127.88247851515489,14.131349515866031,859.7683505715006,756.855408371689,850.4604186718892,35.56515753882894,60.932239611978915,877.8061248670078,980.9282274739389,286.719852042489,543.0548419124729,17.358790900598887,796.5433113737099,353.6282527302437,1
55.22212347593391,326.2624364882081,146.63787183360944,669.326114102098,700.2727143209328,231.78757652849401,575.2630596952373,776.8227027497069,128.6550335830894,25.672934679307758,729.9317998313985,767.4389383755963,876.5058815052639,407.3789542332502,319.90218713060557,922.8506594573156,677.5071304476141,142.06380933962515,534.5553172130495,876.0524485798261,1
543.17559637109,931.8961306878897,854.7173233944907,662.3012999537683,176.37367625095956,9.045110898147302,283.85240017229586,273.1406019191939,738.0824532538827,940.8955308325751,200.45952129438703,453.5752576611745,136.58273753230387,874.3650012514837,718.178955889534,412.83464658504545,767.1722729594644,373.74618265933134,119.0303819556483,430.9705455613031,1
233.28171351822326,667.0970584497691,961.5992423003606,51.40787489296239,492.98985294961363,828.382518851347,27.03464723205684,684.7205781354622,180.15872597110004,630.7574860259353,330.4824607791158,711.5858539950173,178.13070815918076,785.0895502715725,531.9575983415651,325.6490088921633,980.9178540627846,694.3125495668562,843.8607225361524,177.99558528155845,1
192.78034198255534,610.0296492447286,868.8664976240643,30.193758557013673,960.5548429542439,579.7038576566686,644.165137573682,679.99138699324,73.46958213858146,44.55866377494011,647.3192604506921,425.1405809501584,157.50061454207898,24.0610455280984,777.7158046141657,473.7849796306589,228.8503171404951,436.62426190748727,613.1008362618581,868.9302007024961,1
168.42167815891872,384.3275487564992,315.4836085713747,280.88014051056365,26.49029113022361,904.2033475989687,769.8967056497511,938.5454958237491,275.63712092393524,32.90542199261659,214.07544043917758,666.2459322567221,207.7511028104555,487.03593840170765,170.34541722081298,232.96651104941645,877.693719173394,290.4580394650926,77.34219867328629,935.7068229222142,1
460.7806923057839,736.161517483411,362.7022028280462,781.2580997320837,485.9363458525482,608.6563134976169,173.2759535036452,736.6668131119799,84.81654358722157,366.4516453467327,73.67358752465624,545.0278053492585,826.6523129588652,350.3875391149995,447.5082856624818,284.5756632916726,634.0802310553755,964.8941826113502,863.478723439554,961.1754413402286,0
224.17224073570995,186.93327565555384,967.025164117681,650.1716189258511,446.2019028202266,244.233036111976,264.56150772469977,435.56195245579113,802.0622474491304,437.66435702574125,365.34408782301176,566.0428142846689,135.31986110471317,232.61958848665853,550.9546736547675,50.36077048241461,987.7448029243151,914.3313489259023,52.16753141494645,814.8042102920527,0
483.41786377700566,915.4043227423828,710.5864674148705,528.8929505951104,148.13496366804534,313.62982536365104,443.69646259500183,906.1931984306715,86.9947816084562,13.111445184112892,585.8854590265371,461.9820188661783,30.220716181209916,717.1129678974817,358.3326911240595,862.3483344316505,354.9799778692734,444.2999307221005,497.5710050383074,32.73801233292106,1
609.9857574954596,243.71970665759434,213.85601477672424,771.1626858102348,170.40668707177852,55.312041221148746,529.0524848023343,599.8336410759098,298.1448102207408,173.78850473049533,605.9747281456071,219.40179996885644,388.5555398120216,729.8403311140582,951.3223388448521,807.7628060468489,326.4794424960363,179.4659305609636,897.3142833714172,64.48190103938222,1
44.85822086960134,521.3848119041598,615.5002128022653,788.4290169693779,540.0347836479043,606.5560860430871,2.3013459696467065,281.4844586741637,59.966830740177166,627.7582402637156,272.1199329863184,49.56442030956043,687.452416450523,35.03532680954113,162.84724312057662,824.3578884579686,181.9413470486124,571.7543386981379,393.9640362418863,419.9383985943385,1
821.7383694728089,794.4966493465945,465.58481634193186,278.87569837333245,861.3907645438228,106.04093549744353,119.20082898512841,740.1055480132408,839.891538021067,146.23456342224316,884.8681954955089,196.30012543992004,249.40101584983265,575.2587449755621,623.3682327396925,145.8113500279825,945.8112251776676,405.6247009183316,979.0549278923658,412.033469817673,1
867.5373325942431,981.8746199104819,42.147852165925535,912.5267970729387,403.160376826858,147.10918632221382,700.2679820313159,226.96574371616762,815.1098432461167,924.1834382816072,234.11163221523,687.0475093368549,670.3836379414383,802.642513126189,931.4785472229235,100.80110298961587,691.0080643047606,119.87072562134516,876.3006679768566,644.159752391452,1
293.19284011663547,115.84932651215519,520.6162255926475,896.80645316829,685.722389565426,108.61047311235717,300.0183410263765,872.8380799487404,787.1399994221778,596.4206455865418,545.2823843226425,74.00381664078348,687.4265170478376,735.0058427609139,34.12581668679271,613.1720738666388,74.33026394021968,65.1354357402174,156.03284631224255,788.4522702045418,1
535.6197412505826,168.37542445683306,120.56594852675018,949.4842328512714,184.63888357714575,653.847090916918,34.96060959268365,824.0089159410777,796.444557735317,907.448139044874,413.7378820803719,286.8082311264676,805.6244227759396,165.4542675467634,340.0974473536598,139.55215309952885,852.2900442951025,941.6073638878414,54.00306998287152,666.695176709974,1
71.98383151228028,394.2830472937734,375.1742596846401,458.13599265672764,657.9161471698102,580.535229942478,78.84312408617922,59.31034483317643,894.3497422975732,848.954952230631,638.4006999886551,639.2188678107846,625.5947622035666,524.7943077728293,622.4346801672262,121.26825442025068,912.6162154679798,840.551413578243,6.712430523822088,440.6110567778121,1
296.96185345575753,841.93807628506,749.7590019008175,947.7633254963256,85.23635526587769,305.57928687630607,358.70614305849745,108.93239815773393,445.6540072795233,110.83089740020446,608.3955487572123,910.4175995008007,848.0890453956083,359.72339695823894,99.21145327715608,135.11643738002576,756.2365026653334,589.7047956571008,338.3336424337682,614.8996804190267,1
36.02351429359085,434.24860771969577,596.1143112678755,419.24997746800597,358.0981242087882,552.3325499061561,175.2952155034958,970.4353796398275,971.3482666040804,802.5161542800553,187.1633366120955,207.62485731225567,508.4092450434665,159.81381716018882,654.7304826890563,554.8636666641921,436.2680370706673,385.78802450851003,40.62805994519814,449.0701955497741,1
973.0488123379599,80.9567067147392,666.32617599359,618.2674907680668,790.0526695643582,329.357963025038,403.3118519953426,72.30380698850148,233.52854562114544,525.7611760413245,662.1185147313245,563.5836756867506,345.2400062104154,654.6408004183533,318.17769005136233,593.4781482804365,597.5104332736487,357.49176153924924,737.6051851938608,825.2523669412491,1
329.8259573773606,696.7537800564699,184.6365598373916,326.0781877728874,704.9072516345907,320.5038679744309,298.79610361614084,832.1578657388783,468.16973816913776,832.4543716001215,794.5741535130174,646.7407192983969,238.7469154919556,574.7135090102705,201.06636282739177,112.68145367656135,72.26924394791234,787.2067023946071,589.883648665145,932.1580713535875,0
773.1598361991772,765.7421969352381,295.8722373638548,563.7698623633081,404.086228532285,567.9417850189086,688.3769889595933,384.61655086676126,665.7441671968511,16.296196717174528,859.8847857762347,772.5289282517261,466.3322400005967,528.9271176157737,473.6068760243918,166.9534226490115,942.1372978853491,162.6756407078134,574.2395379191383,473.42899052990737,1
820.2828250215854,786.8643128451837,781.7432215672615,499.6448737204399,994.4693130818074,380.4081249266608,972.6637761372654,652.0106176518576,205.72640348214722,481.20351146605555,561.6183735710944,656.243489362173,556.5402883466061,371.76511649582653,159.36062461773147,175.09139514990912,717.5293961638573,833.7501447900506,981.899192146346,693.5481918836196,0
605.3935041240584,654.7285753904414,609.660468530982,671.9666119190969,213.88886504858618,936.5636839818026,367.8699704639249,551.1401491096744,96.17694840207913,674.7070939576347,488.59662135535143,518.6536611477691,446.4460317224703,465.26897442414185,834.4106791696408,895.5395619586443,957.3573566077226,282.2719161265488,432.9040629620021,69.9073249930885,1
709.9162507376304,716.1096641514516,419.69003327282485,813.3751364802182,95.70334519762402,761.4125347408129,397.3897618050931,190.13281581647067,237.7375676927007,568.2092665041394,953.039405933591,331.588136725418,570.7856932363534,92.485035643738,810.0986062078795,241.13055318477473,594.6143570159528,311.91364808538515,852.6912047988108,542.3492949313953,1
256.26965794462654,83.78036621892981,86.76437097344436,19.70725123155559,715.9709843352185,313.09197075010474,445.49284003759425,764.2839578324596,927.7575177161787,421.8069304875339,527.8501146728371,975.679351044156,939.6837319244494,960.9369917072145,442.58897674402044,970.2957499590449,782.2451926594746,61.117818235873365,294.8310002625506,950.2179013556565,1
878.2256133465813,839.3807485152181,674.2092271958315,834.8611468725006,909.8887070805066,930.7765553460648,213.2505923227237,542.2334610852653,704.3620255653574,791.8866905379447,393.02623641792013,876.4738759850228,158.24028513881572,383.6710840526117,26.379088618672885,453.83908676646354,977.8759442227068,118.20612879986514,890.3764585489077,840.6807727527575,1
472.2782756994973,247.0254380442004,849.4279305244519,588.7696297114849,27.959630335301245,98.76431768155891,272.6706902647638,526.7756449735233,551.9161928132584,122.10404637419703,879.006671759268,476.9975195390681,852.2220129401886,455.11652372016897,378.4893629511121,121.68907690180642,766.2191669135991,864.4028073990503,482.421749316261,852.4507090563964,0
635.4050702089319,357.1038547171578,296.2529073014344,794.0940680367819,242.4442497931839,702.5309847600565,843.3028348039923,180.79262486119407,77.73012420847259,523.2634565142587,936.6988423028118,867.9717960207164,856.0405834195506,858.0873784314512,698.1837235220447,851.8826475539973,40.11227097577152,893.8883683793528,202.05843204088913,433.0645930834227,0
996.9660055294381,969.2198144530449,302.28748556382914,127.57706044692463,59.76313675445133,27.607323060652945,643.271148964975,393.650509540363,244.14365058613697,116.48682037791647,215.65174330580572,192.58109908391575,133.9664775945778,386.48865663686195,0.5204087266681423,575.203529326502,969.2674604399446,602.765639475108,832.9120965775955,171.56263080969404,1
158.53818469822056,406.9718222123686,713.0495532135496,632.7196241468245,505.27020317800765,735.2128405775857,587.5206438839776,881.210244571541,822.8189839143812,564.5938901492576,166.312398445286,110.47355829500793,810.013440828233,219.4366480508686,597.3005435839717,526.7755501335743,901.0268005169823,8.011401633421622,893.3960029196792,38.30185743301362,1
739.5406700346429,458.5458379919276,811.6777517467351,113.52186545762022,121.9338875782725,953.0356906403543,254.03053958495116,307.88374732270427,346.2965429112165,938.9877216077072,534.0462130223196,995.8690121639182,561.842868050045,130.75920583440382,304.1199420023505,644.5208547416134,411.6330449301179,901.4415014967849,988.4799385123921,885.9923303277972,0
660.2541627005108,270.04306840875824,570.5155246599052,415.9938679355204,566.9835747779468,856.7425067501077,174.77826779180816,935.3729565713339,447.4601570233885,970.3958289631419,475.7543837096387,887.1564235238858,835.0099531719641,147.42487939979975,700.4951715251412,178.83737954852242,446.19124623516194,122.05933110529843,200.86355731973492,548.1157863410792,1
676.1358760780112,813.0367773333364,237.57820789596516,375.23432454329685,3.7604665538876203,669.5147373469063,284.6964328189537,684.0635755875838,126.2059345094445,999.7499215309224,741.2672472858092,543.0286961592741,622.4885181612766,870.8954067763426,794.228592330396,690.8821194910785,63.451765099805435,527.2047117691841,786.928939097794,564.894704049267,1
223.4032475437444,768.4945815923368,863.3783436978466,300.4311638225444,523.6186591317364,633.3291490363027,653.7087627751323,751.2652785446363,412.12940932357077,130.09140827070786,37.224671008891484,46.07111602932712,877.6563404874263,96.57899196610443,298.83239101712735,241.30755505180136,850.0868279185538,215.6117569742957,493.36097616391305,70.39680570345752,1
737.9891953183994,960.8771373873681,703.3921710578937,489.0852104203791,322.9538736278551,665.5425330842379,827.8177705182143,442.95524243231364,242.25879318387322,640.6940865211049,57.12242681743807,143.08815262666118,31.915329704176322,704.9441089408157,277.24967037029467,668.0537883239834,754.3144780291033,547.3896074005478,710.6009187544207,328.23441931105657,0
69.63108497604753,750.4784186288784,58.204610674113866,166.58506203457725,655.2895888919261,828.4977702696676,602.3180920164732,520.0231642738266,353.5753160652019,693.8877072884871,353.6908178941489,636.7971387685128,413.0077104849359,97.70901033001833,275.2362877036833,731.83795324335,532.1742554445275,284.626502658873,427.0219331615315,476.6356654347994,1
513.7868995880148,591.929878315088,396.4602680320062,208.52171112980557,300.5733594586766,879.0785860396908,982.8848797387002,193.67673464419877,602.5970730382884,56.136799943758305,262.82041588724394,67.82250858534566,39.14571478984008,287.9399300997625,627.0496128902273,972.905355665722,395.9448204563908,776.4211259765029,923.0488654412644,112.13324613334419,0
779.6697565677534,329.3144183087299,304.2926558619824,532.4347213214494,524.6416953866949,935.5150085802674,657.7827737486667,456.11412775515146,273.18836702140027,612.9835516889309,127.48956425640489,231.82527520122355,663.2809979279021,294.35234470150175,29.602468424458795,388.1460198809116,375.97464285181957,269.4092602493882,52.07302120157831,153.3679881895319,1
542.5630787431888,862.2306053491104,547.3113522672547,861.5716818067074,279.8617043044342,494.37854474353804,36.69706769750258,698.5576218153503,346.53712629822576,523.6287877915767,232.8670025467905,743.9385446979143,809.5661561691123,157.14449904947136,733.4338314229436,689.3147724734966,213.46718869256688,482.4607349060397,339.03596244895186,759.8002345654184,1
217.92687934172972,764.0929336308736,886.89319686692,224.54960643548827,71.3975770462255,932.4127654566266,752.164751569147,498.28490644252435,193.8627128502247,425.10905148929044,319.6023352421167,609.0210795731639,526.8498250895633,948.460200072228,713.3049910748371,296.59417012184883,751.9274375926285,986.9193333588917,396.2306322286726,682.4109421531438,0
254.57134324492858,856.4509799442878,858.2410265297422,240.35679844212532,626.0159302515502,243.05405304830663,629.2918002306964,46.51410609158202,863.5185572148124,41.89972961576072,55.38928169105062,296.0637986163316,510.51631860892877,817.5517187639634,84.70878800883408,32.336392127833015,455.9058077475137,227.5857427915965,294.92600779495103,505.90986779516,1
39.903605578205045,767.6453468698137,681.3607371403045,551.1746594236064,895.6946769648262,266.01221729545153,344.9346822136835,368.00770312635865,93.27475930582973,71.66394808922661,281.3923478789097,483.1988673277149,372.5581744795806,73.29658053264087,386.73225391694353,385.82281346712546,225.0797221980545,503.8351399921896,153.8831313821927,565.8923410075631,1
600.2695329849288,536.2587474836237,945.3472967375586,147.3622034103067,173.23597108407597,22.9582775618139,878.8180126620344,467.7284190666354,302.0988705736959,836.0736924518333,652.7986529499628,500.6759445242409,422.42336535908385,454.49751067878066,958.8812194793525,14.119064378473434,263.0729160312083,270.8366569864188,71.94736526063583,605.484761710618,1
566.6469724634479,937.6552407856549,578.649711926969,992.3530591325791,179.76131049664235,235.82257316507315,815.7772591033143,963.8036428417066,770.9360010360449,835.269429921646,694.762002478354,11.011690153789555,514.3092238205616,73.93115136523431,246.183751738026,999.6210445938457,686.5597891720394,98.01180677229004,802.7684010618752,345.82745427116913,1
164.3832537161838,17.482385826830928,205.21772437907515,399.4096426933095,168.06505917781067,651.5077004216912,574.2526678364544,888.0717707520737,197.1027296325256,917.6147688415771,614.8359399580636,385.2638102085253,410.14440642911666,435.29888057665664,525.2166419284349,693.4912334005825,883.1231894431775,640.5323871836895,428.78538808576917,746.8280280591487,1
214.41778897070972,748.9438723360889,545.1503292477461,111.19373960772194,458.04799353621905,157.4616070462399,255.7606125679702,763.3862188402246,18.285579764019012,808.7211201758827,529.3553805591603,516.2173118971942,265.24960296846643,775.8102258377319,702.3834061718564,877.366585914396,915.2344523236674,568.3594411388825,295.12810406241687,903.5990586228789,1
786.9677261690488,894.4951848646834,494.0161833541665,541.0193516603914,915.2912549750682,569.7935275532395,96.88168691370313,12.913979731116854,622.2935235290317,230.185814076022,852.7034933863468,758.6224029062686,102.70467832082409,71.71600278767154,709.7256991209856,901.8923768132859,600.4972586824197,414.6235390870412,251.96219556400078,74.46689939918483,1
280.12285125171445,155.1674358370597,611.5089869922392,207.05043843773518,350.46483702468413,339.23455079183685,807.954309381816,853.2916004374782,137.3115237743002,625.7790953501047,927.0620677555901,845.8108349733103,856.3199057752433,561.9378271957193,128.04539894099221,601.5900636328652,46.27680009295365,608.8473070261224,417.814763197346,343.0608463758349,0
74.2389790353084,538.8647764117318,810.9098547403884,192.33477579237146,11.487183747969976,496.32170167666123,495.1847151520746,558.1151774613694,730.9519487947845,952.8370101402915,530.3143351307078,320.2034388593139,390.79513476143967,40.3094799593805,162.713112713187,559.8963485868736,797.8075251340534,456.87421878611667,660.4682721342479,940.5802266214328,1
840.1196783978186,198.62950400818625,191.12881594819407,657.4943528830394,465.7278785669867,25.69539356262873,569.0737721232108,50.92849999406934,727.9901741673043,319.2859169673917,611.8854393387769,624.6278770219143,774.8216239604338,321.02219509778195,693.2398091910748,38.919437038141716,555.4035308279041,721.6576421200351,290.97586136770184,64.18694515073298,1
396.99765116337517,299.27252280918947,377.898731109793,454.2058626914216,738.0899712651143,765.0170627434725,230.35990456499934,854.6119624926346,890.4790478279955,836.5215861653888,598.6247387265272,204.96651022542466,313.57650771170665,33.61327282377735,297.6410956451906,666.0907798493411,287.53531342858474,509.8116970764642,578.0788872768014,702.0169028320164,1
234.6223808269017,690.4148349146549,117.16809211775347,810.785381844083,422.39368159720914,297.1840503374669,946.5102348298046,38.15089506498326,384.6365887923838,228.74912932212865,185.4791782166968,577.5568850496105,284.616831569358,833.8928851127993,127.80134910522901,907.5148978389166,7.969876615587679,397.54468262596157,512.8575758189546,987.1266812099874,0
580.8646520732653,794.3537488675535,745.5618930044777,480.4983357310563,513.9445939908088,796.5727351889883,966.6629568843739,439.409384172349,107.94229645206266,62.386002682298546,538.7164570109372,412.25454173578856,1.2078158494540636,343.0999883178253,71.15101254419088,828.7342597602054,188.33352487805655,447.97420306546167,82.38307121881027,371.81308965368123,1
77.87897697156754,488.026801359393,860.3695947578277,182.88932507058198,44.2002442444509,75.75660966141373,486.57491418354823,823.797090148209,322.00343067678705,165.8223230138862,578.8780871420422,51.60105036700813,64.41724881796074,551.5137248025364,33.44402784687228,826.0801852194509,749.1503977158967,273.206408510117,49.92908523008954,836.9562634735597,1
907.2911264442179,960.103230819177,507.24267303810166,547.8288600877336,524.1628895243782,255.25349703817147,573.116430733659,868.6078875581918,53.63843838817728,160.84737294642937,399.64856738951215,242.01263996063938,440.639667077084,525.1367667304673,28.56926371656421,262.0696474415914,841.1926259299612,410.6787748223937,794.8946936875109,793.867994374377,1
998.8120205779309,686.5348705168507,499.10129949752536,177.4276054154993,595.0594212046962,145.7673390841805,169.99906325800396,246.7192207193092,971.2244176738932,284.8445608466593,107.91610408164864,645.5855642349854,487.5209084773582,352.4900652452232,184.00602207496374,535.1200634684894,740.0424071033575,568.8571468547259,752.8315932959871,625.0169657514764,1
577.6031182365347,98.76917532636153,247.13299867345518,408.99955780073446,847.2764023504722,802.0920446639204,560.9901901922746,129.69208961764167,856.9873882396257,321.0166465033053,14.695158526834451,503.6929299039943,397.30303469862616,627.0711405153108,767.5268032934811,459.3901407875726,828.1294154605423,584.6323941681788,93.98651746593822,779.6754047234955,1
597.3627191230337,919.4571015519591,196.10345009057562,266.2576069971959,206.91545643898422,168.4618902645466,713.6718508439064,844.6500525058751,734.0441438298458,238.54726135362026,565.9104835622845,497.8484740968947,728.6526198792521,639.7924006072396,610.9291800772963,74.17430713391416,284.64510658302777,698.4701740159957,22.38051862455004,564.4129549999013,0
232.91503159598358,733.3829073654972,260.97511578399826,849.1601961377575,187.150350792199,44.774461004136626,711.6742045055695,897.5286888628573,14.299289779391543,499.1158919426587,277.8071388448661,97.64133652901808,906.788373062136,359.92623279573735,592.0381313005748,270.18847975037187,671.0875654270917,820.1630042338701,2.808298976656687,406.59794704912946,0
553.2962805735287,184.22747782906234,116.54569823417037,443.6230270823365,32.285953502884546,832.6868334001679,886.411282043333,882.5090071544694,286.55080936685454,658.3264371363664,221.61240803271852,798.7659059651983,876.2821598056819,394.7156451276893,285.49773261835696,582.321622265123,306.3300612043419,797.1947580245871,970.8686024766257,217.74849873256665,0
534.9984014364916,367.85019167737175,430.74086143111066,333.7955091026769,809.9602164241408,159.309588473032,808.3096940567684,36.81063330506018,336.51029731517156,475.45214268891567,755.7783880135772,24.706505246968604,680.832667929568,684.1019286759496,434.7421355891018,731.7218429526396,232.82825841615707,301.4121911064255,599.2430448824476,326.8343938070506,1
291.94301287936764,988.7255741882647,15.838787717020741,173.1931982757966,55.79345615859521,791.0056412173051,856.2896330584775,926.0445441748907,380.7505043947549,646.8662396108853,254.92254283278038,799.6523308938313,569.9253941128826,513.90367465311,749.3266862328327,848.3713500582974,751.9280430326193,324.25569436412684,308.01326210260174,256.6138856790471,1
163.57471055363104,408.77520850731275,286.88055599776453,915.2766395510984,495.4242133364762,103.18906931431971,784.5203523792792,206.6660505776936,520.8756136530765,350.721557063569,301.03910728505025,982.2943394629657,792.5697033147482,433.60201191664515,612.6417072962092,506.6299241128438,206.13710318053248,100.32122030069557,747.5558291609647,134.18243856689583,1
578.5522673729537,715.9012124413696,654.4494126591687,511.17605716815586,76.75429910101916,756.646951151606,39.625983030824315,168.6383618348466,434.2574618574915,221.6028363838284,979.4678976049532,528.4618579620869,734.2840849068867,820.5339851851317,337.2154591442512,56.172223335689495,857.401162084948,497.14724758139585,223.11977073630908,395.22159940903913,1
810.1600586554864,726.15491545755,75.75146156312861,771.1163660863403,360.159944487138,743.7323773780278,461.8971354744327,81.07443156878224,815.5229104290588,552.7263043020992,485.2174998993034,876.7856734943863,630.2414474849217,621.8517664715672,312.5330189101637,862.9672891709131,406.5753166169546,522.4423010092689,260.1034697219815,545.5060358657478,1
691.185825785695,832.26136069065,82.84951302110399,838.1214666423987,900.5698871265605,650.0928730147373,792.0409458965831,337.67101683791986,220.33468424838944,452.5288181206354,311.54028394820944,604.659298447248,348.4304811794119,141.9146063631741,23.264696998555934,145.25789999697602,264.3479084601601,639.7367866451672,351.25267348347757,226.90853079131978,0
737.5712387668597,971.9246092155591,18.424274107845974,817.2637829076355,714.6573702085346,515.181858084753,767.0474640361997,266.36216343870746,841.1327339008106,66.32985655504375,914.123989804855,586.1695289337007,443.39339547209033,556.1854447197325,315.58866768638484,904.9420966959226,895.9758012950551,628.6726561207429,409.26434857088043,424.0381460284056,0
702.7763147070241,22.74833910015961,54.30951592582578,461.00835308161834,262.6968209176548,522.133586045773,99.3248738180813,541.1848374257221,82.65553911875345,848.479557964671,596.7393897513562,131.82502324640245,155.8101399227849,575.3365787985819,537.167769803383,695.2033332766757,47.3399989979858,195.74784341461427,160.4647060905705,170.21560861667194,1
571.3628900131513,716.9539018623952,524.1746420933256,178.63795840846285,220.56567319924991,767.3512880581748,345.27659029467316,928.7674608850295,615.6075731038324,175.07964747900672,439.2779157711111,276.13574963164314,956.5116118752106,48.783962660785775,952.9892718307203,703.2495383897306,816.9843383493926,820.1259899558854,701.4335190346834,301.710874331878,1
461.92661513653064,929.7711156204307,658.9806071564459,237.62530972335995,662.9485636650548,575.0655597940322,963.7745102963958,725.5994864406583,232.06992363846567,545.7115303071829,951.3165069188321,766.0231476888946,701.3364502737797,653.3518893805576,57.19360483261848,17.584888763623074,678.5017664316864,3.4339271440266828,469.81249916960957,572.9819301216779,1
461.60215128594683,249.31908316809893,107.27050260101001,511.3215082181867,710.4232517183308,10.765745892080126,27.662218773281786,601.7154755981547,307.06225711316347,853.9111857819257,414.9891079520819,697.7560289360825,709.2413682329426,737.1797344495404,511.30129249314615,919.3944569265817,398.676775166899,234.9244936232743,979.8790732967356,291.06027035523783,1
101.29000409067413,771.7409695517899,785.4022058861415,332.5054982731126,690.5439107998695,169.46962599107164,869.1202321059864,484.8816737808231,895.5443394011807,608.8428935206209,921.9270520965852,467.34775951525785,179.2891289998929,364.01181493075285,369.66448467725456,232.86590413858087,617.0813518542902,29.648856875414744,381.62211623463827,310.9308108210902,1
668.3464161799212,210.8702708277046,272.6473610329546,719.2125405281928,980.2158792238541,927.6898337816219,700.3051718265291,620.6922680650144,618.0269619742888,553.0487602880646,761.7259600482075,322.05967793863135,19.661769886189838,658.0712026220973,647.4261260839669,263.9180191938494,552.3329071388816,325.4846274434102,961.362182725771,197.0506736295311,1
709.0359219202026,876.7341864220473,599.1762466448449,84.77744671457121,703.1674796961265,860.4165790971364,360.34030219162025,411.53084904583125,158.35251562137765,838.6825467561551,457.6408505227195,786.9790792176093,828.8699475560412,692.1500515493602,916.9640581175296,477.3830342470651,655.3328637982962,251.77675644021934,163.86814455886213,401.29216238059115,1
997.7130786747423,138.90833489052656,636.0854373726921,947.7994399852423,945.9695482194903,377.6051657256543,283.58691407331406,820.8793207491805,699.0237983059812,408.55324468933276,990.1592226505196,22.525473409317986,9.276158312372495,661.0140395580936,916.2053083724987,56.30668562594532,745.9532484241598,855.0694177585707,759.7241292554219,702.0047123578966,0
400.12584822261954,838.2791040866647,834.330402649047,813.7690927872935,452.96768424737076,320.20111455761514,40.142999762762585,417.77908392906085,497.8166317118046,807.8880720790016,786.2331530819608,29.65043940448919,835.0068586181452,212.75393036744526,354.0822379728228,644.9100530660614,898.8844422607458,430.94674071570194,157.20077595333393,867.9979434661012,1
311.1226991265768,472.65724165112965,612.6238276726726,365.9264166931623,255.0781908550671,771.9675121881968,886.1674950351987,480.3599860350166,23.7002997314687,706.3009280469205,552.5610711430393,462.9454278546341,107.7249813218678,317.7069209785375,261.68642901826377,872.1605234354113,683.2889216552212,408.6393555876793,653.8921764259674,286.144783979539,1
766.8832159939735,528.1020387883733,989.3971185562032,321.38323177236515,32.35809342416829,767.164672176337,699.926337614994,874.0815514336138,111.28754846395682,592.5500588299572,222.8205790652832,775.6521525248988,217.28252169716689,84.34146243837893,778.5795501537199,321.67008704198184,441.7047474460945,376.6332324027234,756.7120669607009,479.40324925088817,1
381.83956318725456,618.54495074076,778.0207056689972,224.28559408237604,231.3970926511003,895.3479023756361,448.3352096799342,336.95399386289415,350.2743387372961,267.0651221696625,909.6154378862939,385.7025772177318,745.3054912620433,355.3341434192886,365.2567018547365,487.0619649455151,974.4856814607748,781.5285942187903,871.1555844732477,768.7287484465127,0
540.810441555717,987.689099300519,690.9139916631467,57.07504036533473,737.464614433551,899.1579386768885,430.2279013535525,734.7288989941854,645.8768207466142,167.2892214455448,451.8434660318764,874.266821210025,925.1093118999858,538.6026069051202,423.58308532694576,453.89321206507674,181.92145308468588,420.83350681640906,944.7509079647056,255.1355308018838,1
757.6689205495898,591.999776853756,640.061998128829,953.2308270242079,794.7823900758573,385.3056850538593,437.9697092005138,439.2458903864258,609.0710176953964,831.5669112877044,855.3433552070657,804.6893498065193,76.01891321504861,21.31989942061574,984.5896592326658,329.91914553569546,46.646394975637605,436.7337493205409,705.9319305228249,823.9697515813082,1
704.3754202228812,828.0113555627079,889.716890730348,295.4604509481503,536.87167085662,561.4241900101589,628.3989264130552,355.47757122398184,80.67988169775886,57.74296544960944,518.1897821925553,44.92091262173281,3.040337077281796,460.86509743790106,297.30759375008785,433.37000082543375,583.5958613927934,488.71431650365946,724.7059223354245,495.7173353446055,1
950.863064920972,268.7856637059308,162.30901460496128,983.967206683887,789.3702984618375,888.6902190689226,955.9362428391439,136.92912263771328,930.2979728520983,365.8057583297586,449.9638163779662,580.5209207243504,380.037297514522,212.1953851073508,825.1799126530415,347.4486807250011,396.7180323542735,792.7646389947457,610.9672729191175,356.5540485277277,0
598.5457241772638,57.21481601507683,496.2773789469341,922.8426030464169,115.32969501005297,480.2353481804176,406.8427717580588,459.6410034313534,754.1533606241665,896.3475784403355,296.02012762981246,706.3847612369427,592.9449457117569,47.29097275401462,329.11906312639616,957.527557885618,299.30083195530545,398.0358001615868,1.9253464334811898,375.830662432001,1
440.40967652557237,145.39733513799192,882.2368841245037,783.7005986841,289.44330874981785,793.4885315817222,303.95962819488585,682.4357917656171,373.06858386853605,626.5544777029139,452.09021095225796,768.0915539411957,347.94132566086233,719.0386332113825,415.7743337770584,93.69177665886119,59.64050197241433,40.035579579990824,465.50233205878186,880.9441103973896,1
826.6343101671246,708.7353507450417,312.00357083305244,481.9797925651882,123.39699131290539,395.0598725415605,823.0945085804132,911.346330257258,429.53839274951844,450.06541375744325,451.6994231768849,309.91309058829876,272.2466136128002,516.4203573640978,511.49105345939574,457.7050457874613,828.2890593672566,351.49204726581905,747.4473834419935,872.6593828247126,1
871.1086580217844,526.8009264360468,544.5637765334432,502.2900535038284,489.70178223032656,763.3863973422499,994.44437938621,245.0880182673948,391.7441948096028,77.83297475856187,169.32157345615607,233.81298117807202,259.6066359037207,325.46756121277855,479.618208506905,456.89381613680405,124.76348926012182,207.25897150077387,136.02830314171322,291.5325677547279,1
97.40416000547714,218.52157434339514,228.8393473266299,22.454457165228536,712.5796449176509,708.326441688532,40.25237800514425,810.5966834238203,317.7368828647918,786.3800849919098,889.325076798726,694.9583074254806,745.2958663820721,944.1728094813907,180.14239711944902,228.36015529069775,896.511583318723,897.0730437320115,732.556045139829,480.29106318897254,0
656.8159715701589,958.9533275618544,968.7746918834728,563.4299564306416,383.7313756162467,588.3188146043213,638.6182957101079,538.542962413735,476.35659287223984,908.1377243749321,702.1504751081891,614.5126495475339,933.7191870066779,225.52617327689072,801.1076525061061,617.1953468687925,103.98375771139912,755.8103902353603,171.49846580923546,916.0859538193162,0
929.9869871009205,96.8955337421874,970.2270370292099,852.3774195688289,666.0272719537685,529.5630677709205,668.8710042659844,298.5457024401521,717.3148786415645,284.8188987109231,357.2823625218894,220.67303511255443,41.29379664773902,97.53148383887155,677.1762566879504,10.399202397862851,515.5961561425166,174.12984758115314,235.85362754066497,694.8794070870347,1
464.89964223504654,878.8197465396319,201.96141466729756,129.52240250332136,417.17961012726624,720.275703095078,476.7309300163114,438.61071326464474,643.2660571229917,805.0817862295706,812.8668269666216,593.7229438193724,438.3547946804631,573.4816901795925,380.9423952887547,115.61606001607949,996.2501670132839,407.1097229466655,945.1209486498099,24.98839781061657,1
291.20689724428894,324.2342904604646,309.39641414091676,643.0959803430566,119.46398285981674,392.7768993023093,579.9529845922584,842.7460013061781,479.16952553814554,64.27591498577445,364.23928987611976,705.1500845333527,396.91891886702166,681.3449579959733,634.1905409182914,286.96318635312156,106.65105465202262,899.7287024175625,285.91000448426627,666.7631965287401,0
661.7478545325393,859.4724530132261,907.7985878464077,233.783524543699,959.5666654671238,323.06305836911696,993.326515640528,555.3456117766809,905.5459356144979,960.1294899523936,923.334706799059,743.2034763400957,337.79620979805946,627.4396198365225,49.812708679224826,36.51923485350994,981.0083279924105,373.12814980406694,264.78304315996934,62.623150579918075,1
794.1039397249415,975.5261338529498,270.5821196098458,134.06602987448014,331.36346996878785,416.0836752400736,72.39399050442773,482.4544853204872,239.60239064322374,207.47823366518224,966.0506824287439,135.84652539055742,699.8952664903727,108.008848702434,210.89923828183177,337.1736720249906,469.07492255818886,623.6973102570336,148.35648325521532,798.8847901737491,1
225.59540816141498,153.8985910900812,19.387487461878237,287.06772480881637,260.0845524033932,276.86003495161424,113.02528809326363,185.7929910894106,281.9673632937304,402.1970636351204,141.93277472920428,544.3778199246128,373.0927280828562,589.4431269712439,961.5653248524055,919.702959262603,943.7999797650529,329.91903256074886,367.83281095439355,179.0028856164868,1
458.43200137445206,164.1534494645215,988.3894172310216,896.2308140408238,688.4621713759183,91.58914191354084,641.898579101212,993.736558515898,428.48601721521106,218.46093151834867,687.1569292769709,885.006666755229,131.21334392880303,217.5306764654612,685.2625476471859,378.0070637131301,149.03750606664556,879.6811267663821,577.8579258656856,905.6324272546519,0
625.1770550055573,266.6688126780883,376.2957097040788,959.1879583855996,509.0134185120423,578.1994700778127,85.50207385725895,454.28576690503087,603.5864829892012,300.20837374454635,289.6940872687341,500.4078120342408,513.1221972573699,212.28023675990082,301.7954288329624,345.5585931505999,82.23369484742271,734.258520879351,214.7948877735434,707.4169321859397,1
964.385017539871,516.9483800815705,445.1842529376694,468.73391371121977,925.8819218491631,761.9321308878289,469.4619873668838,830.7890939808085,468.56302419026576,571.6286613365043,733.1097167697789,990.118326585745,675.1925988726597,55.19194807058347,806.8916817219383,622.6726743793396,793.4250248375558,172.26605271108252,477.25525590533744,200.84716041073912,1
774.0899654862757,33.687322765269535,726.3554982036073,359.5751466714313,716.0169434251142,574.111236325503,591.9337798705355,656.236274117819,622.6443045312075,975.8765222550672,177.45209692215082,555.0375243239173,652.2332766943438,149.68964694765396,736.7332852618732,636.8493553620472,710.9945067328927,720.0302661218401,714.7587906975557,977.2053304448988,0
503.9962351151083,908.2144294454592,434.2886979568874,117.05124761084463,606.4470928388215,809.8084845985378,704.3786639955674,255.53190880571296,981.1584038752136,367.33873638300105,408.97950495703475,821.1495568201461,485.69443395360713,768.1199300230419,962.5833875119904,736.981838550466,646.2360772946722,166.5460670088019,546.5274656584327,399.4129704522149,1
920.2082562380041,971.8726111633921,240.41129182748065,693.2659459577313,83.13190412082949,396.1774268149704,265.82551481968244,202.93762972625794,974.6339760697479,942.0728431692265,200.5452265568528,370.533620990106,205.44737347771235,972.4113042642005,74.7066864313467,490.4626545667682,447.0016242532295,494.0043213464167,211.92639947531333,457.2968514544519,1
401.98147602290754,162.81403170681264,211.4714235146522,500.58629551630554,0.8900701909463349,363.8759099841439,641.208096317376,82.33900781698699,664.5685028960346,34.25025807535842,900.4556812691087,628.9001093937816,247.24417509925456,97.9609086991946,902.238928892712,764.9299430206548,189.7740330329015,564.284943848091,875.1524115289462,867.9897813107955,1
483.5056417737579,619.6380078720005,948.4217562393019,748.1701448829625,638.1891558011346,521.2653491911599,448.9694561351616,998.5305318014904,944.8124012976168,720.0897156420775,844.3786337918074,202.1282361154907,235.62725790270255,440.436751249896,25.104885911616858,798.1843824802759,168.1714202939789,705.1457216547735,613.4817119335244,236.934597053287,1
943.6925463957449,817.0233789737723,249.8997487825475,315.0727781580732,319.02452410445846,425.15779928106576,470.4246748279347,603.9097718936383,828.627644457617,687.6901353911284,803.5874281016002,292.8507008440735,930.7723717845707,560.2141115031402,500.2459964517625,367.24612738242143,597.71085281909,566.7308241998753,662.1188451715293,277.8074007751662,1
734.0488276329514,536.0078826529747,312.9603517461085,248.34810892320704,806.9896553448931,47.74413430801261,123.48841782495634,933.9379587515058,766.7248211222565,192.06361389411208,706.5442564401171,630.4626156787863,980.151305050345,372.72645980502915,766.4806617029582,917.320365854552,148.68029360198477,787.1455104582518,153.7320002249558,756.1525248495755,1
695.1273021544813,180.1718428692083,316.97998728357356,41.16617192348171,623.3861856905054,673.1463257957882,626.2109435939187,277.0883698675539,42.12359081608052,343.11307977418716,929.4457592639499,658.4702465785036,982.0138835053551,713.055516964936,580.6281963327655,747.781713763212,267.6654305659612,386.45461010436776,553.6769464455983,934.4797038033184,1
359.30455006465746,844.0158112155899,518.333980282051,183.10055259922996,658.9038178985162,947.0906402493046,82.56766136064797,258.91741711385885,729.590263959657,342.1491723643315,480.5480175334653,363.1788520249297,370.3048445853695,479.57897716336817,820.7747847720404,914.8008182237935,602.7360636615759,253.32118254995706,775.1954252077938,135.95483053377,1
654.7860338180355,413.9052451665143,246.07097260626088,377.1616339100623,843.33082153069,417.7924470185637,360.8738394244397,703.143231695422,647.6347034931157,333.17663516138083,612.0018624188292,52.19276139110318,635.0549209252032,971.5035999564972,481.48573988374585,261.6713790360079,81.08882235071502,105.98009681815013,469.89815967526386,706.1141911813712,1
900.8813726981363,806.9395632303219,626.7068358343439,954.2117917570598,74.41364002752948,378.06869586050306,899.720379076451,109.16362193279672,551.9989336834682,727.8843029465502,488.522348860147,632.2978271720654,462.99394642923176,835.5469487045359,201.2022499332521,735.2596707995538,261.69169787705795,220.33738826996307,300.170776387238,17.062648997207887,1
289.87278490404066,641.2446448834066,265.2132249478701,23.823185512233724,299.58430478860197,653.1455456117894,758.1348714614386,888.5140063585177,350.6058201264829,484.9474738935764,555.4164627194751,380.46539984475703,801.4296862271898,942.6651592624888,546.7606707624008,270.1139268942352,5.994988786149458,951.9150924913592,432.1714337279565,419.20879347333096,0
700.9609359757268,899.0525439993936,494.97503347700365,230.86441534606737,110.36395207913597,117.65227341045336,452.95121878955734,201.10118863037363,645.0913480505247,800.7430972240433,437.06933660442405,243.99383261307372,864.1904156159554,378.64326686405127,179.56104105824932,285.47644555065267,304.72985590230496,179.26971472269648,366.1184970347036,894.9679014365722,1
635.5993893859726,954.9311639928067,185.25401380013318,438.64306381984505,649.3855628282676,833.704135433876,169.34703226896485,410.5961217891447,40.78737900406948,673.7904421541086,945.3611175523374,111.75350185250643,954.1620606981256,441.09817648083595,77.02136299419627,336.2890498761131,364.64341556473954,90.37230236482074,158.46189443583958,553.8195376662404,1
73.93496014415612,676.6339439241401,576.0634722907029,344.28867996261926,987.1845128323513,853.7252639698316,15.386811327093852,701.801231742402,923.5087621715643,276.1397023708493,797.8374139272003,386.1289284295524,352.0960359494619,530.9066693699839,260.1024945068137,450.5398848548028,167.74151617212252,897.1956090781949,973.4537663410462,565.7378036206552,0
532.7428257198311,144.2498291113501,580.2257780137625,37.02053861515042,849.3292638229572,959.9137816226693,567.741575107339,612.8076542248618,484.7673579027155,119.32240092169889,506.56363360828436,397.3995044700349,785.7723576948131,182.79648640933445,562.5873210129756,389.2789233415238,603.0963839574862,665.1666915322752,260.9895757322628,372.19752398392,1
848.4142093442331,391.185945848441,105.86437335625531,109.86813151420682,627.0535487031322,172.84202085653422,717.3808314452966,778.2643553811419,659.2983755365807,648.2563966722292,928.7828248019537,642.2446360674683,15.543602227465204,552.2886154261408,329.9884082371897,369.470344427812,552.535245117792,8.332526366206183,503.804243363472,259.1444445565021,1
13.740330700511283,324.987568920468,242.6644512224201,725.4048765770759,647.1737553873686,265.3768014311463,438.25192367989064,369.76793340706905,76.19332531519618,786.7891276216383,821.6559558671119,941.5487688249576,878.271797111202,593.2057109993901,907.6384480873006,572.8896224436944,906.7889443561377,63.93729395620185,218.2776688773337,999.2385774805125,1
104.64830109865264,431.1506374551629,808.6509146759862,907.5410664550761,821.0213672712971,849.1603633071627,434.99921311496826,59.64425766146686,870.8485212275,621.8859811788028,71.39815847024889,818.7170634974443,86.32272880066006,240.26509311441592,418.8580892046658,90.32334096288331,887.9999889275898,149.9680039013781,229.5861126403098,330.8158627161678,1
530.3461606947676,15.088701784279568,617.4188274265241,517.1574150001541,797.150806127509,642.6990011121396,437.4112156660847,47.90082795190398,912.9292617165529,124.34098008472549,366.79814203553565,6.554698148955929,396.7331380890884,481.1134999023763,211.2958653090583,835.2707234205776,195.7269483139803,830.1443363960441,770.9937146605586,184.30185937616505,0
267.2090936119761,530.0289964312104,388.327326033286,578.0865441661352,299.21715729227236,596.9806047060321,125.57705648461292,511.5000038617069,533.7132615392148,380.9992675883784,262.25513628697394,162.50138827922066,370.55440753416735,496.0367076196266,803.353083844308,776.719815111367,164.28045169189232,377.475002116332,676.4260260186813,558.387806051571,1
317.1685773129699,551.7574708083773,969.1132901090764,68.23707948109336,524.4943773936938,36.001025610163275,844.0798304061632,454.92206807497547,598.076926049071,6.320041251667297,245.5932511982172,822.1670319721846,701.6337174173111,227.85946222369458,27.36458023750854,57.55123191129763,38.78049049412824,905.6268188842377,448.1468297185145,149.90820798849114,0
266.7457909578637,248.27562455504514,284.2809346234894,101.98695449333938,88.63483120317173,138.46972211543306,225.62341166959942,970.3644311427919,928.0481367553145,824.680123819359,917.1777081555249,820.2480637639311,884.532051764556,323.0242195787638,912.5205757474071,820.65479572393,97.37262367039767,271.5899035547753,188.22872249394996,873.183565970293,1
839.8736455022128,236.46639798776746,221.72735151098323,824.965284135242,260.98370890663904,577.8092094982655,591.7759591313644,405.7884816363099,982.6004290032922,169.1084025785997,88.26565605135517,163.99891705731463,801.6956452741083,766.5746950996235,690.8856005469296,933.6185528969822,215.95258898729352,167.3444522299561,763.2884658445506,267.44272977776393,1
482.0609648243043,457.9338211685982,55.97770452973716,120.34035122217834,990.9318956487934,602.8627657018062,763.3049723331044,232.94919048276708,229.85443421482066,629.2770209209276,446.93251958765387,386.38570508470747,923.7997512540336,311.885727528349,980.21726492812,84.33612045034566,604.5377575990882,604.0339586813019,291.9272865612441,919.3180445661793,0
846.370818595325,120.81435444026789,161.02549601149673,699.0812589213602,761.4221042047251,427.90949846640126,475.0699204922322,130.69746967355277,693.3960456640896,170.86766327095881,711.7679334208887,933.6964046789267,215.92396026002604,456.11279739720936,548.3836949527733,222.82454239297022,408.15255007473417,641.6839562754565,617.2515274220311,731.3209449190487,1
604.2783716426102,533.403220170723,717.1498102973904,962.996249754187,853.5280051956396,325.84492896965986,823.458395057761,744.2670045548671,727.6865855242789,829.2297397111356,977.7339069099512,325.86233814947786,994.4035778790029,819.3412028515244,334.06357453021064,468.9354966199545,112.36122030271478,649.3021657274661,744.2137701524636,769.7667501868519,0
290.6756027205469,691.8456167033371,341.34926737850446,82.53254912829921,233.86549301629867,723.2812181272723,784.761957502963,917.9119370151413,971.9758459458823,913.9101861709647,196.90888954363894,241.63255640399385,774.2939690332362,390.0805069595414,405.04286164857575,399.6803399129749,615.8077459115003,598.5288093609832,760.0989071701522,903.4376748399334,0
872.1566089125616,952.4440937404901,601.5812393836527,448.5683716263912,72.04020855929217,973.877430264576,997.3437107603861,147.76066897013916,195.63998722875385,13.642157356844265,296.13750375626614,219.4788563906167,929.7571406709204,311.92607125069907,188.54470659517364,896.7564582497102,247.9230683590855,43.807372516114995,59.324715276549036,334.5265872716125,1
758.9594408163816,552.5118756648204,814.250963153325,921.1451322897922,888.6532223090587,546.063760883855,984.2010147640276,205.99514701341383,853.4338798983994,418.53385853420946,464.73977807759735,819.455546933539,323.11609443967706,915.430635317678,144.29802080873634,83.41138362136391,372.7403451592967,304.4881982158546,218.0844208350531,489.9744991633661,1
490.6853811646751,430.3997077272852,751.496840715599,842.953445656568,604.2639584856342,696.9971830620509,978.8181565836654,441.2699348994611,950.6237886016637,142.66125345206925,622.4144449404902,301.8731406524315,117.47395509734504,514.0318491130362,264.73109037020936,841.6278171676946,79.76619212354619,270.7895936761047,670.813937164709,362.82993862579195,1
391.1700486960066,822.4729788945701,593.3454295845747,23.68559573622997,123.78860787384515,628.0261288540692,318.3125843544399,147.45919779781403,494.41765911621593,31.735083355402537,354.3025199265931,161.49548284513415,656.7492939728642,95.23271788813315,80.84045815577944,744.6176526078401,349.684951286383,940.4096530616912,658.2395846871233,257.130718719675,0
229.15087353870334,815.1139507834043,488.63168178945773,902.1045048125777,150.84994661104312,830.2182944615164,12.374764751977407,935.7045190439137,738.6595641901467,512.1121705991698,990.2911959619408,539.1015928522368,137.28636525872062,309.1130867878489,66.36682657994064,510.0556803768199,111.32979230575168,327.5494987614739,634.9180159393179,157.60535927834985,1
948.0888043216818,998.2934000457703,267.9978580561234,934.8844871316384,759.0147104223449,410.40623743827075,774.3170824686484,606.4415410366969,418.2179659261447,546.8767762289289,795.0724468226014,131.50232918604587,951.7756404529082,186.9283085788279,870.1480102080158,440.7947610381824,396.5017281002524,181.79194406629873,384.91538662581536,639.2865584957485,1
579.2209778592547,413.68682312907566,390.3743897579003,642.7847511213016,992.2804430160796,552.3731524096717,371.70210737410315,223.44606234640096,652.1158606527597,92.42295032485038,440.70192014372753,956.0299868909132,391.69392176232566,53.65887383917101,75.07164875228423,593.0045392518406,311.1237041970074,405.9832786148694,724.8566589269185,289.758085711368,1
874.6575930349867,661.5078907769566,913.7706241662629,67.29104586021207,382.88101726246606,589.2591359457077,655.3773690873539,510.37789733724094,291.1764077621043,704.9003030681033,107.87743155722839,348.8967055858336,240.8361933663289,116.18197113424478,178.56038840673384,732.579869932032,838.6056841232078,527.0846892531866,360.61928386581144,579.8398220339035,1
110.46119687568323,388.57550273336716,469.6645277604462,884.4841492357274,297.4634328029283,722.8670093011477,142.76422521898468,220.37900804928455,165.96464540230582,580.4934595673338,428.763896549495,518.2934022808241,886.7609122703221,229.38960306707213,167.02239107024099,63.83195514128148,36.89513746677364,618.673576475551,927.3878205767223,602.7948046020778,1
512.38927945279,83.08044938469605,517.4237327592527,132.27266047230802,539.3770224461747,649.3057932032048,303.8182113063844,310.41212465356773,454.4160775965748,782.2499899008086,581.3612533668074,708.4280092038845,716.0862630662616,934.3096695110762,144.28464893684279,458.989736534972,824.2361108380076,630.2887616416149,825.0141632954261,171.47778401294556,1
89.44611021678695,802.7709042125877,873.1004823910963,549.1862326150065,765.8391528273356,223.7452839800287,34.06893073851202,819.730450239065,688.5841071626644,699.998352009697,958.6557021404836,829.2176941680431,830.9316629162684,595.1825867570059,18.327364877939623,299.9582118787275,759.2579800173517,877.589667395296,863.0023861463404,806.2564481958782,0
372.3514102486765,541.2516898862687,605.4016706636216,761.6318572467168,54.97468834462194,517.505095830909,359.8896816621561,700.8681783466369,741.5065737475709,146.9126658609019,785.18863035901,738.0982310129287,583.2231840116342,184.76488673105362,634.567698044361,756.3340924840506,367.00733417646927,158.32848433627257,253.02636118023335,408.7640114550323,1
68.54025226673832,24.043614130589862,55.481047191717096,465.1014658172542,903.2972917434363,194.08060573461083,912.6364810922439,90.50670749722501,132.7669591075764,502.2359179686606,935.09577690383,712.9950658261185,134.11329324763955,906.5301963329761,716.10771836065,122.22934804889518,856.7190089578223,13.852264409765613,663.9629177764757,824.5474381479328,1
508.3622828475993,5.868922690064893,5.600398092992953,499.81300071747125,585.6921848892194,2.9872722526772533,161.09418567556898,528.9661935221519,187.4884704584081,398.4174417935754,249.85350509579297,743.6322604449551,545.4487616633955,824.5196516281306,911.3790186205051,402.0123438991674,982.6677005305766,13.111954304012574,521.0811178248282,902.971652554158,1
901.9562080006441,77.81022104356484,208.39722726225963,161.01605023925748,585.5630626994933,466.47812792436406,46.56083924673104,786.471625174558,161.8438652698726,589.0187872113953,886.4565575107898,551.1540969976063,695.6741419682056,903.6060571633071,180.0481746539595,203.74518947607413,13.132428965457299,114.135666940976,414.9984407150495,8.62114776206968,1
646.5860290825273,114.09465450095557,237.81784742931734,780.484012521476,225.48822858202254,759.3843495604939,686.3522105032207,552.9312882848636,416.80404661750634,741.900628163132,927.1053328321342,989.1528424899374,681.1288184309991,248.619675588606,349.42897691142804,849.0124559066244,438.6265787953448,325.7204879340072,531.2953371072616,942.8849226052555,1
314.5248477449882,118.22689466556014,253.08381392993752,645.0272197902617,63.05704741118012,733.6010343574644,240.8051584378984,365.1024974520306,596.5477027110361,558.848074243583,751.264618649559,919.2330338389625,41.16233640584965,694.8535178602441,472.02425324766494,286.1819966147435,163.01365846410377,354.70623216563723,829.6859365997318,692.4783483376691,1
103.45778823723816,883.8570576187055,19.529874398676263,845.5590731141432,622.8745876557849,381.5328617730945,342.91737241582,204.98570188171584,234.51620306309172,428.04818114837065,489.8969973908167,368.57952189312124,113.01624981026647,538.6345520271458,679.3157782262891,987.0437774864843,328.3127065821243,112.90360126646071,660.4668793765699,1.790164076686529,1
711.7731801564985,414.47820719516625,25.5443079943094,393.9114492493343,630.1614179028907,737.1681983767385,644.9386901327655,115.85632784106691,916.6704205353425,527.6635720633643,546.5725476424932,590.7814185563826,915.2544178355851,722.0745028936055,649.8050423312875,684.680210016747,834.6786247502976,728.3334256441589,623.2697108749269,810.220977987163,0
384.65522530183284,819.4771886414542,31.031758837720027,408.08637100893776,543.6507159469676,307.52899322197226,88.65117104132526,346.05083303927063,490.5955054776666,825.6270007324936,474.01681619153146,103.33486112414103,403.5283144875985,510.56880874251755,868.4605758653813,288.08218925280926,67.87053359719376,331.02991303771654,666.2754044704878,631.4683725388605,1
629.6379163602389,741.3559766512675,96.9173495394623,60.93212768676648,538.2065497092965,478.37371468197523,366.7587745792462,462.83804617015403,508.3519811407029,707.1640862454277,767.958272885841,310.54247934088596,90.12652910580343,578.5552196111158,508.21454204420434,184.34174499186284,315.40279201033053,809.0119217317748,930.7271176377155,920.6760336851028,0
114.97515906344202,415.2457225718087,516.5629624550694,55.44792162227474,325.85617654407974,969.7880841497945,132.98075578546974,12.893564472469032,418.0892312180401,188.57460971479134,94.01538718890379,646.9866987031052,892.4805848511289,201.72817267861498,904.7031313763538,868.5495672385726,50.55448945410068,324.0413068150326,185.40004900038386,236.72358574043994,1
845.7966943434625,360.79477370116786,188.3862611395798,448.53856447458065,596.0509018561606,75.1848804659313,811.7309302019173,813.6112430119607,670.3186224545624,485.5900878178048,937.128030337653,27.32380334321305,873.1960332262481,870.3423903332109,455.1788647510685,374.5374917674994,650.6154813027622,370.5734606765073,337.52054198337925,593.8873306027662,1
571.1544887507919,468.9836718003705,659.5393691143558,427.6131405739336,94.7584043118972,409.2637361355862,588.7934604470341,696.5316293813373,28.993436172798816,491.78292432456385,585.3763767211485,735.3765923974063,70.74494729226532,619.656329729701,211.19401703863173,439.8800447441981,555.0276556898598,285.30040093053265,896.6312102330063,927.1411844781627,1
362.0321735130467,435.91583194720374,264.50777972694374,881.0820722257926,973.1262897526124,38.214520042860414,827.9171643278623,865.1163715376247,200.7931718362409,258.37966446704377,955.4010908027898,360.72022538939586,1.489607675842053,545.4639247635929,139.26733651782587,149.19908907915314,910.9369467406505,962.5183778100496,462.08129359543716,446.0534543915206,0
994.3997171819151,503.81090565990695,627.3229099660167,328.76553102681027,679.5441629718066,34.653331944240136,84.13520996709178,519.1331132438522,965.6792590262405,456.17325224269354,299.37242221741946,845.2270865164218,731.7219926798921,912.5645453366128,771.1185473747864,464.07596796779706,240.01975560891609,462.67884428414317,16.835027987288754,433.8236035714236,1
636.5517753424092,292.1490867485592,580.6991005884075,987.345217872671,704.9179479825633,894.9196203926032,984.1175596483408,834.9955865050254,581.2447429590854,85.90503505216051,0.3413838135700731,716.7779055634231,221.31463874358403,426.6782798219728,598.1148251813004,581.2715244296223,419.6514254276663,973.8524093233721,791.6101144339773,48.93315507918983,0
990.1682190669695,72.43073442297788,696.9860904997307,26.692912229177136,317.3698503843503,718.0267342898409,402.56492340121764,140.9226959063532,785.3718556814314,729.9553726536102,932.6620104633289,965.1796729588654,349.9054059054044,688.9933004371165,790.6301672554066,730.9991152068071,418.81534988474425,910.0042545154395,388.1943574081763,744.1870215425728,0
142.1842010524198,439.94883734305677,870.8705600313691,380.53090495199314,629.1741053654108,319.21440205300445,953.9552564338653,393.25437503657867,890.0013219600125,121.93564086835063,844.9530887240569,303.2573755027457,115.7966061562713,729.1727414513869,633.9030076650205,863.041590676061,641.5381034304297,187.1878552695897,769.4019292995218,300.1954205781273,1
850.4210643088425,300.30930670667647,364.53108561010595,171.83184289408447,354.031071062039,245.15519911273364,871.9944439803992,833.7727659593164,344.5796848833754,173.74150235502373,276.92288120036955,193.94367198917917,180.97549769134747,905.4583081641847,441.3134771055749,898.6654478762323,541.6898039999887,70.74377112064201,200.89744028410493,933.8110223819393,1
804.2368401011606,21.20300191827895,520.017708204952,110.16766962719903,320.0811631410604,83.4822949691031,54.868933622624795,408.183182129644,257.6298382523718,647.8517414379581,801.8405686766598,469.212980108369,25.321789661608474,973.9345930071173,941.2510286899144,114.5878221219342,694.5015123535574,488.91463735801165,618.3287838445463,827.6624085975138,1
716.2584624856781,153.41041300192094,251.8878415858987,748.6988918882942,122.33343358390081,868.6228929704284,790.5797201840569,485.1573116858603,798.7715216780441,783.4902554739778,78.88530742372102,559.5279071693162,663.513576730053,611.3352713071499,922.303793144839,934.72660091262,584.4747130857331,290.4944505787305,588.3053575156547,341.9247447124185,1
835.4077113164528,445.2112198974961,903.4129486570034,248.73250745600706,612.2620352705768,853.6570504958773,930.3580598460622,738.149354308804,688.3063624152956,537.9763195538542,44.937431668965914,766.8266666734709,385.45477919160265,4.735616714459878,960.9943570849555,100.72444382388701,21.858657254272273,495.785794512703,54.13879034657465,265.507946384977,1
245.51530288723444,778.8445177913972,842.7380003373178,338.14281682291903,538.8811322121607,876.9888787044918,399.02997457820254,675.8645516502321,307.1911247858552,637.2455267019343,630.4679376529646,681.8702359369801,782.1648894423859,673.4604137614797,101.43340744458939,374.93271337843146,530.0436566963822,263.93044788121,31.32049527539815,495.3048766358781,1
424.807872428815,273.41856728634474,117.792816136837,367.4264586911076,318.9928019201238,588.010516569853,611.0271567743679,545.4796983385637,586.9327081743257,959.6779493014157,126.92512139752854,435.37238724710926,139.1590468138417,37.27306549236287,687.0166296752934,330.35227889196483,414.1488205377071,249.04521714857364,715.9490196659929,844.4484051567194,1
490.5173665837477,566.1037349319807,29.15883641117578,809.5741243430919,855.6039335077546,90.64623642674718,338.2670748587336,998.4488035427155,12.862240686161485,503.81565140192595,107.02363624887434,605.4836636646273,892.4442709186184,340.4840790889411,502.0321840808946,512.948293463358,260.8434255312363,508.61290448302555,764.8356180608685,518.7291045983037,1
867.8977485437092,317.8273508305521,492.1192792955751,37.81069251481484,280.69178820393125,672.2434288118404,636.4257111487628,405.90487455673974,367.1290302522615,33.87416824729783,517.5852744337163,32.45757476220057,778.0446390776087,544.9051779799571,559.7529003842704,379.57024492783586,358.8964053943329,929.7722468548577,594.2028068580571,798.0827552651407,0
218.63321445513174,515.13531364381,707.3217432216029,493.0848921085382,493.62697794336896,464.76976811998185,897.6338300819616,540.493081260989,197.5801069750335,778.4546304105419,912.5639405842459,573.4370572243474,58.22397549636405,276.3811959576672,303.34676686447705,548.4684269038614,843.6716057891196,306.24654533517327,512.6771681287597,944.2598737105966,1
182.2655089082824,51.89847609587195,470.06197867808964,598.6718419838257,381.9415878805392,912.4660214521134,896.7577181488224,292.51200991012047,15.330809490076591,406.93947778042536,498.24310859920183,872.1272491596233,554.6803706300967,904.4023585326003,968.1276321949694,543.2885863855736,750.0279207184018,486.2642450486231,37.038822603781774,779.0139180714087,0
201.85667260963535,46.51943961350702,281.036098990325,772.5921405164199,924.4375448127413,876.7470307951224,689.4789850767884,446.7965097354434,572.5959361853843,212.80150101907125,410.6614870696149,559.3778172036227,924.3725091490542,939.159333759274,704.6331759081191,784.4445012072193,651.7149847203526,505.5120324381239,487.79810308618863,264.50959004797903,1
910.7830832948258,472.70226491124987,494.08810599690855,255.2566852866279,415.6715480102663,820.6053277811509,900.8263096200697,414.04267149716713,534.6049157257825,482.3379319153499,770.6761394748012,998.9663961377528,642.9704418978869,770.1429580546104,819.8742453551387,993.705553998288,940.212714809998,742.9157406544994,568.7972287183817,274.09637532876695,0
115.2658275824957,278.08961233008336,292.1777744701418,952.985121185114,841.2887637282537,158.63714180413268,81.31561916407092,382.1726026319755,953.5590092267598,137.66733378958384,66.50576010050702,442.87955919358336,807.9015295179851,196.33084317633865,945.0032867095631,628.8546209412895,814.8867563447222,437.21397081892735,105.41982355015134,453.5905394118905,1
792.0135606583125,833.8039156071088,475.41568752484244,915.8290340790405,62.180065018951126,93.13612790317927,941.9575897014573,249.18718785726236,583.7376757506883,855.0409320028496,230.9426548659299,862.4882668764357,325.59925865981234,37.7397532454925,301.4428063516931,625.5205481263166,27.24572608515996,45.33029549961154,91.92425077772182,895.2083058976648,1
297.71042676280865,635.4193479469022,667.3521880904752,280.3638075320425,665.5090605222045,213.6399946639468,234.5545321036654,955.7124578104834,946.8150932635807,781.4402378757334,455.98920138595355,963.194616513291,846.6906437201012,888.7926270521517,421.913714067782,97.04129830394336,762.6504070910576,113.71977978833169,699.7493869027546,128.5644521152023,1
906.7663970325607,659.3355028737574,672.9945244336095,183.1790907766837,499.53286691093547,460.0156470268583,985.6915453323392,237.58567085098835,67.91370237546101,527.0674427229793,988.9967943516662,337.66806995917796,538.7833404030981,432.8131481337676,316.02019738221264,526.851895297417,321.8700985358545,524.7054411845178,44.41327007823303,338.37212404545147,0
914.2097098053634,291.93725121840407,356.6595358600837,66.45883532964791,267.35179563681044,265.86342667246066,361.734221293598,134.62045402182733,538.4433235824258,491.7098545596003,903.6944502167031,175.3267658668439,797.6141472369061,694.8884522603468,184.27227313844895,943.6266905979893,217.66516588782414,292.947126540829,298.42222550519716,216.5845264599009,1
746.1509024158454,255.1106608424395,722.2442468366695,384.31979082207,986.5395773343818,585.7252323107842,171.04069563644663,350.8095327360312,567.04152445344,639.3850897111951,506.71567587673513,593.2638309337273,872.4735906798535,762.8427226720914,377.7535686576228,669.579972179716,707.6707300235388,676.9343461696866,224.66921420710983,340.33460044796016,1
578.7629465961652,356.74936842697434,348.5123196001071,96.67305075134381,183.83102709315457,422.2447101706958,251.76563720936062,536.2802260009378,481.3301476694288,424.43987667269664,706.8416864953613,194.6967366529152,699.9219535219935,252.6592712534965,374.61182131566363,134.3274610532945,683.0323961966449,886.6019647812874,155.20050174922272,579.0505270168107,0
24.475956074496818,112.42684406662717,463.7839065842572,724.6210393616033,354.9416042040898,556.8967990757588,690.8883740538183,273.887256503498,353.96688038726177,553.7454244511116,537.239807090852,76.48156378861314,576.6828924404155,917.677428928631,329.27195271307954,716.2285698109238,658.5941439154145,138.99378871522094,60.288955846502844,507.2553319789861,1
799.5811994552843,807.0836645996011,129.23228472012983,40.378902627002056,6.568492614588695,191.67192618837493,338.0345011579435,423.1358293073287,623.0286022481313,193.24506201242409,349.813039908104,294.11047445446604,520.5483370065607,312.23824120467924,369.637442021057,340.6053190841609,819.0636234257624,658.0812946847135,386.28423798583947,998.890879074871,1
516.871850706444,897.2477512442293,15.138889095142382,538.1621902560612,911.429074418511,587.9427966698416,277.1967989052757,760.4822477348322,179.38843577160023,605.494943654872,89.53986054203844,534.6187401549719,501.9100054854244,86.22132895713386,764.8682350735876,48.26948259184605,924.373553726447,395.31005408363404,539.3499080935634,357.60868412396195,1
776.0036571232271,744.7134944240472,414.1511113897377,810.5047525531656,399.23374924595356,10.619466946442447,374.0380034977956,272.41911037197866,268.67651273828386,772.088834687113,401.39277898727266,194.59422207091214,449.4423385695633,154.0621861078636,598.0833625632254,136.342338980184,56.917867070096385,982.3203681476356,632.1487675843855,42.680043107646945,0
829.7328502881564,593.8929405128023,912.0557124611299,641.4125734592809,391.7458016288845,135.59833889943818,93.34696808377308,599.3214593169297,957.5424390715946,902.9161568755877,359.5284733549429,228.35882895575176,766.4534040760595,332.3447435331615,109.19809486160537,869.0882520436774,513.2006400835519,694.1310422285474,699.401197458474,4.5102384682595975,1
972.5168257861291,644.3507137741649,812.3847716641496,296.4451273891018,852.7246896813045,510.03876550311975,607.7675630303396,735.944107899017,446.171432004829,416.4334044145297,604.3124523735564,752.9777445973342,758.8512050615379,458.81643979550347,346.2533774852041,607.18060041359,218.84396243673342,663.7461899888818,105.65604227659409,491.2009479065193,0
753.8085582244445,178.80127582733095,263.2861011701785,76.10101277166304,335.38972192436387,50.44927308025204,503.8010935201139,736.5906656692713,459.7858459478099,430.5216565898945,363.3697379099194,687.7000056141887,643.7398312944043,680.1831942901428,305.742083170768,49.130568838695595,698.5745555987806,694.8681966807852,644.0902320819496,910.8296484969342,0
437.62301315199295,670.402807471793,254.31378419505657,906.2543669054356,429.2139987464053,445.3978345825066,15.120450559120147,96.54710190217398,387.5125563174242,893.4261982221423,405.6757437238705,195.80666924686952,347.60729810362614,761.509811500274,856.7319658905673,235.1248448591362,212.0006667844956,213.60038833440686,251.13038634544927,461.488248392391,1
626.5717979504715,668.6689648634779,291.9391699686429,244.24204322621378,302.35348523791896,538.3271240655141,490.9392896710575,293.8557648992436,840.9095938599509,778.5729827120059,908.1724976443903,687.4341398337452,568.2560631039955,360.6970580380694,238.30839577676656,364.26954509675267,381.3866857990749,693.2799084606474,413.94534047379483,344.34069685866666,1
158.83443077163284,379.34833250746027,554.0474887569472,249.36870927869504,162.51137276475947,225.2940878988099,72.02098574131288,569.9198785752554,787.1141857723661,370.5306907056722,935.5191333755215,471.38531119659956,257.62960186925756,760.5195792780794,203.61773108018266,879.7367267522258,360.4008049505635,736.3411137015316,600.9780499315348,218.20191035527913,1
684.6571522648658,972.7466734224365,8.186839104538102,352.29315415422667,993.2898550991174,879.4401530010296,528.9463893002464,917.4440379380859,153.10718169732996,331.92974525607366,502.777225023881,822.2408900220379,29.120089990492094,330.63649126242143,213.91734323133628,697.9922460549631,716.0198346703103,488.8275633828272,510.4012554505011,257.10658060504943,1
400.81499894077456,733.7955084532781,752.7143325647808,67.83706057556938,972.14618152754,487.99716589659715,42.46600148406476,390.9988197015917,409.89775130022224,73.47925053131587,488.6433173533048,691.327551564858,516.6068058701434,641.0696835661623,289.6633377288809,745.1107283859888,301.5661605769152,990.5056694046823,358.54896351674046,575.5780739590713,0
497.8481193584704,630.9999642593606,664.6307670448069,543.2419538423133,490.7425194346183,497.7870654560136,645.0231696307861,166.0088475415198,594.3148113284594,989.3224363466111,344.57873802517724,591.9930169931879,422.21746011020633,810.0560593026354,734.4339784979417,462.68741040144437,793.8877968886114,89.99910382004461,983.869044520849,72.75790883500433,1
847.3352631387353,440.48036392531986,626.6758659335783,731.2921298719453,39.955176302553966,958.7256450729353,572.8372402482705,301.01751224419627,396.7351616327023,817.5989891532663,864.2121398207462,782.053490879052,298.55654205588587,463.84543215573814,976.2099892792239,709.8093682982666,690.6025751531957,722.8054204479919,912.0244596799603,719.6254675974487,0
573.7352983565237,225.56643855205905,673.2781860431985,815.6128079581199,796.292084060947,824.3926867043733,257.87453578354945,36.5579597278588,734.9903877163631,182.28321027654516,218.64408468739515,430.70891502188226,779.11756539469,606.0776468702096,458.3599156980206,223.70083815595166,999.9864383777538,950.4662538417131,647.5796533454156,351.9924064659823,0
8.291619551382357,35.04270795217435,309.5252144368571,297.22430286184266,957.3566050439546,90.55240514313334,713.9446783337551,688.0927905187139,226.75199519465005,871.8037200070704,183.87122218274854,925.0141142796377,292.0372494317967,118.06128155850526,158.78160656680473,686.1618846879421,497.4249784579984,185.95497184268515,653.0659709659892,470.71955610591897,1
812.3668087675935,675.049426623857,10.318449799814333,247.57660798822835,508.724795516174,554.470457187531,647.1456909661026,693.9470330541621,69.35539396785873,505.6856627332039,410.5043355905951,722.7579572424371,81.1026636957114,286.8387526509578,393.57739427881455,240.35113269629517,377.70146914576276,50.09004479054047,204.79777875539708,561.4123464824079,1
692.8044750835552,845.8636420410162,662.3527765128772,272.6469075176752,637.0111527457952,53.93907260507458,195.91509888461889,873.7366534906045,992.8272660045634,790.8783219697559,546.4646602531785,74.51399800580994,693.4244271855108,95.9849902265224,591.6676968951418,133.3800006481506,699.4308181731739,782.9815800946662,210.08438622090785,344.28630773987743,1
441.0754026968011,762.3019124963402,481.28758886871947,758.4639814208209,105.8938591374361,219.49465126000766,533.7704972790347,493.02567012154685,692.0240676159411,945.6891362505975,422.31229751518885,169.65569225047273,217.8118457289391,137.1928770408616,345.47023599148076,507.5491998639642,44.14528353501146,826.9488168834305,502.18168196906964,678.1020358488823,0
992.4178806871288,394.7519692131318,438.11412798831606,181.49252354304758,450.3522094586583,539.1820937197145,809.4690466997287,502.99470180698614,8.008213715096524,147.89838699087053,126.48699579021195,517.5426750745654,290.24909311387324,6.68548533541935,487.18495245013713,849.04449101456,415.58970498995296,641.2405135034202,746.1789253083369,944.7495923644232,0
718.1689057999763,357.1457923409043,20.410075231607095,139.92035281018354,533.7544038868017,583.0065485203264,58.361161245641505,857.8322097063326,91.94852919406237,60.12170540234463,230.29731855494472,580.3354806543543,651.6768830390228,435.2774004621486,145.25709346856263,397.831246889833,562.5321782397161,510.88650098945254,464.2562254929509,433.11619194525287,1
977.6839551568787,715.420446831727,554.6067573476681,961.0550596021546,642.9270122604603,326.4606730276395,105.12127066538956,195.41462365045638,658.155565019527,584.5833702019086,801.8854643698157,522.2602410137661,886.5425458535781,620.7640884005506,217.86141478740228,143.5422251492825,587.0063252980842,369.4718043079922,962.6849321153843,860.8805147461649,1
104.60997089415436,502.07053243538525,352.3287764509585,379.7116648635609,925.9157720349555,432.61329854931176,597.8695304761501,963.090342576675,659.2418434195689,332.5802193347819,811.4762583192055,920.2334976811343,209.20084310731812,181.18385228278976,115.2754769021822,533.6778760590377,633.2605694461504,794.5975928199749,539.2884956379386,432.755359219972,0
124.17244751948242,241.63764736395044,925.7184546058756,625.2492763455514,351.2647449011088,683.9046471785027,330.8464705577629,544.9802594131437,451.2383867713299,703.2025090190799,945.2228472221169,934.6176438700402,233.32080280901724,196.95679912138542,562.2121008235928,244.0576148837874,669.4711524535765,247.5412239434075,704.5633029459028,204.91488160623695,1
686.5563010162018,472.8831724931528,251.3181226815353,939.9556586520367,12.874614010424779,250.55197457362576,864.8381585578857,854.5273134566559,205.41178262191906,201.71300896356425,140.56579244144996,317.238180328558,893.8641710712669,982.3507610762341,337.89150633111575,102.05993658698887,226.67571830240107,571.2454332491722,452.88710387340956,22.94877670662987,0
99.10247946468698,802.2897079394629,320.0111634931133,746.8505821022919,961.6863276110715,675.3167699698007,962.3031099314804,316.0510981862232,263.27215317864574,784.2170638639551,119.71079730697276,427.08726341649685,728.8757641766125,171.585597571411,40.444015006055764,107.99771870074947,854.5479168677947,997.241518083286,782.5027607951864,621.5988577316232,0
92.18151521687157,837.6957170726349,268.7827745974668,203.26322361434924,310.4482639331004,807.7161749930368,772.5368441046378,564.2003060401094,170.12038944294238,246.80637005191764,120.64816529649835,726.5291672051062,492.1094460240583,424.5388179276228,713.6645012776307,136.6730864814215,406.6854483618161,175.87334876079973,945.7935305595163,139.63644124317798,1
60.019531531550044,686.0006282039975,91.82765292023231,72.59041720787496,389.05949630261625,484.9738741204185,159.461924502154,724.6859480489096,819.6405965339006,751.3596363929321,873.3647902521986,54.367957135607824,637.4046796140565,47.36369938741547,411.43638807149864,269.70885503984755,696.8380551565689,368.62167757022047,691.1852971272033,752.5907222803672,1
300.4088852886344,395.65355083962714,74.48675228838609,145.09463148966162,517.6403678196435,345.5034418861907,187.7115418876696,37.686118677950795,214.1344899042007,343.7760833379037,692.3082779694464,991.7140654491167,916.4410805016599,103.58136003254658,300.1803966410396,301.014258854438,969.8986556819663,396.20955168481674,506.9438814819228,141.5868375418392,1
94.61980386652758,860.9432815789248,909.7637972121826,469.77153322042477,34.09514940138158,205.43225702056378,308.49075998865396,31.05482616050448,625.6849698900998,37.66080169886121,712.6326075227608,810.8873572857688,105.06371064249909,625.9331640682043,66.92461675923855,718.3797453520124,261.6537374586414,676.3312821720011,590.0308447550328,948.7002152733781,0
398.4699742455854,40.1049303501686,970.4770655948254,512.9699770783693,597.8667167979921,56.03118401518703,520.7018185908596,314.4923037981479,630.2617526813289,359.34107581093235,494.04012076171347,481.0228436625553,867.6195010717711,977.6069142956628,836.382263182344,517.9282281903362,62.96447489436163,843.5011877729952,631.5793785185467,134.8918153055304,0
985.6578569365375,251.87181498778133,403.43808370978263,21.32813181527815,978.402822928284,66.59843105354835,110.284176874611,81.40694999886888,375.9737587466383,529.9635823138773,565.3137001279417,905.6408848055698,92.07206066861629,327.78851440841794,650.5088625767943,640.72831674143,686.884522574987,852.3630589094047,317.4326138953897,790.4426657094723,1
66.9868250210317,894.7550056863162,745.8190239268285,140.7656369118594,922.6297244284409,493.03656999691094,962.6749749429531,369.23269658728896,965.2681064341601,175.73179030055874,698.5669688515177,942.732971266953,7.442708283089905,190.7307297840286,492.0736105959874,155.9746911169624,534.1549934417133,927.8447706408992,41.566664199418014,447.12174767113424,0
977.309619099779,581.319573551251,193.55305218003227,921.7184746179761,419.4853192751591,344.31714806775796,223.18184465291978,436.0033663452366,366.4715399767967,267.2100498183495,318.78597849982657,653.5469992772722,371.57591989641537,630.3316791923122,269.1969430480675,55.232613037271335,10.743214057809647,575.8043948848551,180.96719092764158,287.1798546987494,1
478.9400006572696,239.41217344993672,609.8537203837311,922.3904109418453,784.9706719194328,143.66203337513826,726.766786864438,57.39779316353189,222.0958225439299,56.60058547926206,717.628839218564,202.52346530250043,123.34608846813522,53.153580263422874,861.2463927989771,526.7497635251851,697.6001207098006,28.62693245779213,394.09830686325233,616.0281078851473,1
735.4267650348963,946.2892955761139,338.5546515199932,425.4580603280489,610.8389873447551,525.5252669791942,705.2969550425549,571.8719765206898,659.5841929330372,184.66292733221567,360.661104466786,394.78114666533423,997.6139923011524,913.8000828442335,199.8558697555657,51.88762110013157,219.1245047805157,286.2594047285806,306.3200924524001,883.6600323360115,1
560.6032138872312,934.2930646843315,381.602612365932,638.8425460568852,644.2558622955875,416.1552316393612,40.72624987964246,683.5435978030447,443.6421764137477,396.6134727517426,574.10772112746,397.491070850883,774.4464460195825,225.29776141361634,487.0638380940401,730.3882287655049,716.8472965418156,618.8420649020967,285.6270615628006,936.0357190661074,1
964.0876296351012,752.5016409606199,638.7329598362238,193.20615237132333,555.6155220482268,459.6117357839986,408.88514530049133,181.81550500317545,486.871663372367,278.0494459418694,180.820520659008,516.0448800278987,658.5125902157629,750.6295766419637,379.7701534075558,585.6800275337143,425.5434967400699,794.5279314042466,839.4996418976009,781.9156935863527,0
168.40739726415222,893.2514212512048,882.445102056085,572.6852079604324,766.8359161300931,5.180836746657147,912.4351079459216,563.2999219889872,836.2656934650586,268.75545115963786,891.9092638993592,827.3430391472049,300.23285065256033,790.6010571457911,193.98723620081714,872.1360856401662,293.699544699098,335.66461396821865,168.32370431400167,863.9270871776564,0
500.6616940810412,885.899647643183,269.4455744493943,427.7430007563087,581.8045439968915,727.5461551384881,67.71490569996719,852.5424577364797,681.8928682968647,894.1153336509454,228.32384377004422,909.5639324034183,618.9339630871738,190.21111822794157,256.5038218870349,670.4474742792283,623.5884303766652,668.7461676607785,165.15308980484446,122.20214542552942,1
982.762897559269,446.6065395963041,941.2429836896008,269.5533418540321,276.6622917317647,86.06964423972042,444.9342701758008,121.78577402713387,958.1560463601118,629.3289028228561,74.04551883909949,26.583591956944375,541.1614222494585,419.14057981044436,284.53203796980864,233.71667929450612,828.0159986513595,904.1907485537178,983.0796906239568,918.1680191331665,0
633.499216893879,206.12802187746902,43.16871454817972,619.6004198965678,178.0445861277299,949.904760299246,510.1381471738865,426.9367901210872,428.15728242928,955.2788586111329,786.3911631191827,182.5775293406905,754.4244726100198,322.2666563781812,342.4801190313301,703.0988922607248,94.99191585798339,388.61839026802613,804.1894765676288,464.72790149626866,1
863.6831494249107,371.6926183467932,548.8517647216169,64.94967455996358,160.8629607778279,993.134491059163,452.8149807332571,536.7492736691943,808.9608149890227,348.46393865398727,696.3796116303846,179.33566251270162,642.7429733246927,770.4512120450297,315.62700811800823,646.4154743554241,312.0397530547806,690.7067184675599,813.0872191779495,266.9917185312335,0
364.4677228296774,130.4120142614167,751.573364286509,758.6336773154502,459.2298251025764,83.89066717926185,329.30283766945666,502.8558821398685,679.6915248546597,587.9160199374386,734.9119975220517,284.5665730659531,96.30433020941587,858.5588873493706,414.256596738532,112.18853672115769,675.145658117958,88.3948311803634,651.8676068054281,589.4877220007638,1
548.5285220709206,83.41127278068473,557.5302581382505,478.88452513049,51.743464312276835,242.57563388839253,276.07255584716364,308.4446890961505,731.8319597579323,283.61085058592204,455.6251636115789,338.0873463000605,966.2709817706515,746.7814437733152,330.73504568425506,83.18480359161107,801.4019629941944,979.4036691798528,264.45736788117046,476.2536497003251,0
303.15632976460336,605.5242193698418,980.8275519568689,98.9511572846743,73.17718868556766,218.62299854256418,273.36599293823406,540.7804083103623,496.2743046266676,661.8924209461879,155.23987022436881,156.27521816636602,710.7948002026093,249.4444175084306,778.1082412924525,30.468510816476837,714.4533456014713,503.5182006665039,480.2671161054717,99.81704192900132,1
753.9021742986326,294.9441816517492,158.81700753030924,844.4619669824629,728.5589604246094,99.86829991269808,839.8893225125379,108.78173286258053,752.4698894146584,523.265037686306,7.5061326309071585,708.3041805941155,656.7301316738624,554.8710037735506,78.07768854326835,878.6542719577938,61.13499098629638,780.0991801172306,985.3069221134572,537.9392487678066,0
294.8397955140613,790.7238729115617,368.95491958929017,530.4134572806722,71.91234653517064,251.85012679903807,721.1197713165036,156.47320018245426,631.2967016598577,734.8369057835346,870.2865726355824,721.0958974490336,536.8072098847514,867.4970462310658,459.7761205651082,671.5488524375355,237.2914270496812,193.5251257291727,212.19443298951558,991.8683999156158,1
383.28091246961617,834.3839595977068,28.49443832408982,119.20617157640989,470.2527338184648,745.6637884910864,838.2810671120691,967.0661206947995,705.2386942220378,118.28529445291036,276.796841584398,718.0327811683875,771.1317548429992,636.1665571455289,831.4111855414584,184.06096196249288,382.5438655912841,229.59093947587118,940.937930224726,129.79961762094672,1
711.0367331276468,540.9457817425005,504.4935277441944,739.7775093413449,813.2729066804695,206.93127888815488,997.6288345148382,412.04906771850904,468.114987887543,369.4626781247883,883.8580161636498,509.2327308184815,917.4168351222843,654.2234900706537,443.9260643742261,704.1196639340116,432.3180543513876,109.02319306083518,281.7277418543619,110.65774276966623,1
884.1703091583246,773.6049784612596,781.6287400589258,366.5224667588524,321.10325605124314,739.9174071177202,565.1102122602642,398.7501434193409,95.07821674228335,515.5337150628011,972.758643365671,39.58478169304358,726.5453149599932,928.1179567811764,867.3718798716029,559.0084631242825,569.4563449840416,657.7574825701565,50.272258358044496,859.0803706374714,0
506.8987995566977,178.86155748371468,806.422000739931,337.43213222692003,92.47874250508926,554.2859061064081,410.5005748324291,644.5669291594961,777.5919767405289,135.59380059526038,239.6545946524895,496.1165164115927,923.8069606200315,375.36017305917613,333.87645268938,777.6713399658618,601.0036520415305,489.2132831761078,864.3921652491324,328.07098113741085,1
556.268880921938,896.7652539094893,299.5022508571819,128.53892975989544,533.4928818199071,798.8758338356657,497.0447157285327,323.2087257393214,128.49388480426148,639.0483223849492,875.4100364177128,100.62667340074016,632.8946226769046,579.501440237031,824.5378304238099,624.0248976268355,973.1098173319034,543.5082865817953,176.93987866306526,586.4294356697743,1
381.48308131444253,737.3358542577087,286.7781380103791,372.52990582427856,257.1796786940942,172.66742172024718,206.1131678924999,181.26016253621646,178.62732645339074,244.3436978372582,303.4028885656529,447.28537168207004,812.5181277615321,881.0798087008017,287.08814426373186,379.81004042727375,59.18356028329785,616.582006356206,785.8142343683235,554.3644577007832,1
422.9862808774166,908.6603821628081,977.8165611148416,231.62781260135114,541.8944851711195,183.8020167794945,317.38454236633027,952.5475698375923,52.76319359851378,368.59816763245857,705.4014768380496,201.87528052171842,593.3286155787814,187.08396635597225,83.52378552622575,967.0208816572316,886.1596784360278,262.9904087975832,791.5394866088552,553.2127811116069,1
127.0755151488202,55.60952035147337,371.24839658762266,53.38898659807023,928.8677979617108,366.6945748584681,773.1950598841908,95.24253058683485,196.66482923509753,821.8057097889583,839.081621036905,55.76910727997031,398.8021873793253,954.856885867053,514.7625470701772,965.5774943551852,904.644480230129,109.27686885471266,307.93434672752574,493.45997939288566,1
419.1504593618902,426.9986326856798,486.7278260956348,325.48800004846237,133.86442048164304,670.934041089957,623.3521124875191,247.65694931956216,903.833102023288,19.400411887924406,971.100619616539,705.8557316332272,554.2881272091813,302.7349934009829,68.77166283533653,853.3828078213904,893.040916328325,570.3057707687809,298.49658455609426,936.7341704539074,1
181.39069506242043,471.41562139032044,529.4561929093286,842.9786466349686,144.04613269653922,15.817695779847373,829.8100805807331,823.2283065872292,812.012340630914,760.5359650201244,168.0613026002562,15.845925350454149,238.90408971395416,623.9216311945451,535.8358100007819,629.8444201479656,354.7806376064858,865.9316980657384,827.1702540694131,218.90916385153724,0
243.53006249710563,935.458792688029,21.40975345036633,950.0033406879637,393.7728535997625,442.53783341457944,969.0091411735223,739.9008495679724,328.7557040251031,124.73454513874916,918.1352803307664,276.9461710596509,324.9918484072346,911.0547774236533,313.3799866499571,802.7155875929999,1.0145419433635894,936.777612537783,816.0062538554429,476.4730202378774,0
201.81707428756778,600.5592048372539,704.5296989852939,756.4078322764924,546.4211229000572,662.6300350699858,697.0124449660085,651.7380373333095,131.73181925476695,185.666453682508,399.2792745782038,315.0232022091912,878.4134945284156,497.9285097315617,878.1667104327307,101.07584864061504,339.1645192189483,522.3264652901593,256.7380142963275,279.2336268813069,1
511.3599633204462,642.9451501397806,344.4802027808822,547.1437570613018,171.47142562847682,814.8396161608172,773.4921689380637,857.3625991669721,205.88008689816394,564.6426941867531,112.43294913192781,189.18538223154556,195.57403993471112,216.98217460478963,55.91211974567789,536.6683341606304,697.753402397786,19.703728429090738,6.841336605558301,409.1052223505935,1
736.31131683181,858.7879787576289,232.60268892355052,234.8619684624176,552.7688182569761,699.4917283581443,880.571912346509,644.8453006260164,885.7909374809306,325.7640166020784,904.7914062185006,722.1654872600562,492.76218107493065,106.10406715841536,206.64045853659684,464.470014211795,470.46158128038684,808.6952359712878,118.21539685909788,178.61484829385455,0
170.79909773036516,640.8238253259758,542.0683469522547,740.4403450518486,992.4192457751165,450.5098727566479,491.4122982404038,402.2498898685596,348.7571404512456,498.81721534106924,6.395521809097304,580.8548310739313,995.7048816930645,142.13212380481534,215.74232314516516,371.12752536054484,875.8294110321374,204.47386165238902,600.9545459780743,559.6724194850358,1
587.7629603702238,291.0643718576701,739.9313231427645,224.011127918066,15.559675685445251,543.2160581642554,640.6299303431516,970.1596669483511,523.1302919906079,39.979912790376936,89.46061593763521,28.29564412102603,615.1827873978054,286.72451987990456,139.88392269515015,689.6618211291765,159.13004144680053,205.6777949952886,42.47701115923841,579.7758739873263,1
205.60517575837622,853.6092663239399,205.5900069403924,562.1773905900509,367.6870746033612,556.8884831599497,826.0244826180754,860.5250513452102,517.4221501896573,276.5892067504647,696.7583562481087,114.82738574240092,987.1505493499238,285.4688506077502,461.5970408448493,391.6466832061012,309.3465244064686,855.0056322946724,410.03229666967786,291.89487762014534,0
720.6739012151639,277.77068298003394,822.1654401121209,94.13537760712576,718.5175646259778,374.6706380216782,634.3226518766306,221.30399443889092,643.3548279659296,538.7303772104514,428.7768069524072,138.48082301749375,880.7642383564645,98.68161211839998,747.3340593732693,912.1283470539362,207.7290402365336,977.5434216716003,94.98400326045709,659.6988800743802,0
399.8220221828849,189.43299715837202,619.4341572959925,405.79987723160036,650.0417832572513,794.44748760478,962.218223098687,67.48797221672864,603.9799898927403,970.1895947186017,804.7946616352516,961.5514279368347,104.08005455569635,759.7293684666994,375.0309183760354,975.0011525796581,170.5789116169435,446.12205726550934,889.0293129800997,956.1261595003698,0
162.67678148635335,319.44939390864903,875.2158875861157,198.53611992758414,252.91047144321644,501.34377475946366,878.7702651755585,151.58588663338014,292.42781376532224,430.4265029255682,360.3252398230342,566.3066476315142,430.9220215847005,699.2793802159578,901.0198947823189,218.0022799043264,62.526248075949866,195.12872214154552,589.5966382203978,920.6546177955706,1
321.16888926452106,258.0941067408499,398.75790430855176,862.6028665425795,781.2873829215793,707.6289108998272,173.09964995857896,604.5315697691357,831.0623999598174,8.269619155276352,537.3531569417289,381.10791538708867,458.73926606373203,222.34777259193515,957.9805518260986,809.0444738684479,142.41156170754,722.5507767039365,32.54909148179097,133.42713733914368,1
247.55390659326804,194.7396293179422,12.073037237678497,727.2330559402966,245.51010766182057,96.68729914944929,547.3747801572713,942.0700894656593,685.3831826531788,6.515783605943293,814.265477738973,103.28898113243723,536.4686996081905,231.4924189650146,141.0253190717381,986.7322019713928,193.20537944322936,170.25825237985802,168.26589564166318,544.101042302861,1
211.59139899961355,19.099052247045446,272.17726132834275,794.8283575176115,643.8936894425655,902.005813652356,379.25389445074853,941.6386734200987,993.8041214025419,802.8711155483921,146.21922077453488,847.4875869631448,797.6745741374563,482.5363217883835,805.5959988364438,971.4102332117606,694.8448383559237,488.9855836409346,616.4235119540125,447.2101459396909,1
649.7633758462144,252.8639384944207,976.3048401300723,614.7194541496019,328.2299442336115,557.5404722591549,705.9657412943815,895.5448295305506,100.62842550626117,239.68236721906388,178.6755609270201,839.4213113469755,969.9967039098717,390.36343473499056,700.6997628982141,732.4617272580261,632.1527246680062,506.64543900429294,536.6618718582805,578.3949305902993,1
341.6579988627171,283.2656276648824,82.21425626638002,846.4991983053125,58.34121478955534,778.0178225634955,106.39329983218727,165.23528013367596,957.968408374206,903.2355107331133,26.128171149013223,203.31606611876074,549.7497335027965,160.15525420384324,965.5616458669157,759.9993727047807,441.9609176215705,351.33200082612734,144.34651603778704,664.7304264386836,1
465.57552550787517,727.0477239292672,38.61251093153173,333.17140461926573,791.6370407389085,351.7480078792452,120.43444831672223,962.7463707819118,991.2813776606063,606.3660763344362,880.6908780869621,201.6385701870912,507.1646389037102,208.1003512359082,729.8664214972215,889.3340233250175,363.5850777874863,277.4139294731954,476.01731398348335,719.3408526021856,1
167.49222162611977,492.90048955909106,614.2729433351969,94.7498602478819,784.4496791742317,465.5312214712823,680.3979583235297,164.4645547432111,95.23116889267791,29.168252795836793,36.610183921875986,922.8264015285815,445.53281422852564,296.1229214199684,404.48003442347635,226.98121492604616,147.01433441818713,185.58957047381043,38.62321786815903,181.86771888563447,1
546.6176546372018,525.1960161596438,577.6907655087407,258.0204593569493,347.01328933356,120.38431284382945,131.66157899690546,191.97183675783924,35.11576966242869,334.04369645100553,42.601111057053444,398.1534285688345,282.62959436347114,848.086068894086,317.258444009422,213.44786336853417,838.7975785122221,786.179411140418,367.689699105465,284.0686498977789,1
506.6383845486576,275.94730333364583,408.2959636922245,144.14547682810797,178.74872635474148,704.1010953053377,642.6334342560302,167.80511744820149,678.0115481605126,713.2063606387244,312.3960353431944,43.354966583377006,80.11758737918396,900.8682984251101,447.90799083097266,546.3647372625038,886.929593738483,968.8102668125338,765.9452978814166,53.469367101788734,0
72.6821123923459,451.5923381921486,791.226516609998,73.887531769816,541.6031828092882,195.55818833266824,390.3819287146678,914.4432756769015,191.86137285287964,438.1467813438581,497.9705832516057,64.10169937673516,491.7966919791695,993.196008323589,403.6586087448377,759.2114535499421,580.1852699230404,952.0933811959678,357.11314837918206,324.56589021387003,0
948.9848952483048,738.8378889338226,503.9898176323062,473.2730847426977,630.3337302965633,298.9331874198331,625.2133354062953,195.12745928371478,949.826528921357,615.2821545625294,631.0662770420385,753.0088644956031,288.0497474873264,945.275069075708,92.05474856856333,659.4457740966834,199.45515825053906,652.7041647138005,746.0294490579355,632.2523820624365,0
461.78426912788694,374.6959470951654,641.4309123381015,481.18323044105125,978.679705338614,535.9248118182991,845.6499276998452,29.90516100312124,848.5782170033314,643.897823570152,440.32723911760974,547.3530203271927,682.4041315129693,644.5843813622872,207.13151454892076,76.32495913428461,40.47789349565467,973.7077120083763,340.3505954118772,898.381569465579,0
209.71065603561445,388.2768039640189,707.7855903959501,452.69624135911045,384.93956224835404,602.4149126379994,856.172905848264,800.6693386743775,381.5523007357735,152.48638627671275,669.7798963442985,898.3832521028442,683.252310472043,215.93568711727406,556.0460393832086,287.72090421346417,715.2817592522051,38.97193364200591,913.1591637965449,43.48369990263945,1
625.8559026895534,5.656823975592085,700.2926972626549,507.4635239884243,43.26554807528837,441.9228045000382,982.1269647604067,453.334486357063,551.9222912459893,683.0301860151502,387.17094674530784,444.16203135404584,812.2992330595408,337.44654859574365,371.93334208422414,114.63888707847735,108.84593615030569,253.6179292733236,274.43695223206885,743.9211826425176,1
528.3896797653076,357.8471147005006,240.4184920645902,372.43989475293813,524.1543458691059,591.2798236748118,376.8605351614881,722.3300849686772,243.8139237830337,649.0935774582674,822.1336254819929,323.34372855641845,991.7820259304531,216.93593168800408,129.72377860573326,369.9629704362667,878.865384204164,383.93946585551697,614.5101763992316,355.26285756957543,1
649.7107128726057,659.0184689007958,229.5601301206256,76.13827504717253,143.09565250581014,351.30841525449273,627.1646098437636,149.1861150754814,248.69164966941716,278.62878071558237,319.57158824263445,533.1380153564133,362.9213075041672,353.75080800078496,834.8210824419735,801.7000867206208,165.10117857081752,274.7291910468413,965.4904779840317,901.822137416012,1
126.47862826675171,116.30757288828819,330.7187858002174,163.60718389380014,549.8975158760915,217.17725091994123,510.57567377012424,986.2813967633399,374.0242449838218,801.6094177210949,989.9803849772222,258.8612581261063,792.4663808017108,273.1239134224908,364.1354048437583,158.75503633370224,406.8402855911617,683.7206213469068,28.488484373507596,256.73468365389874,1
391.61304829342635,152.5343534177611,761.812106385904,915.1944346168617,988.9841569271135,403.66429138367056,620.1028654791926,189.82896871108224,138.68000769236966,210.81666120652153,341.3707696594287,330.7095300486693,136.8004827683228,31.660287163572942,810.6369652234133,224.1750553715265,773.5788372696436,843.3878822356671,573.1118282696879,95.801583404023,0
680.2983718523163,15.844007041236118,520.6268427593575,299.8233953573802,771.8984876593901,311.221126835887,542.1507375890263,376.9879131511964,578.5944874181143,752.0263557312385,85.51428825418184,475.7562271431763,347.6128168548118,72.64740325942421,283.48748037713,882.7328827643735,469.9336478548504,897.2827212529106,865.475751699804,822.0474652648638,0
5.086901741935046,754.2195912962244,657.3134721370111,828.1547739927148,981.2649735301268,256.8807917484852,496.87776741572156,366.5254296294629,718.0914013961757,82.00455247490868,874.1926736220843,4.119970783292737,587.8515378360215,520.3032563770238,83.39163145031148,578.7671180831542,492.84052405619695,711.1324462090176,639.1775055622002,435.71208248906856,0
609.908789136567,728.4113027526852,223.68029932072199,126.72973877384153,119.45917156468988,377.41487280057186,306.03017354146624,148.51496200040359,769.8825157294028,919.1639625892101,73.922116388351,597.672638411915,400.8761895979103,783.5297177332372,699.2285989352347,238.20757139556846,270.26286595516416,383.51262552007523,976.2994048178501,609.4777896051313,1
924.8457737487142,362.907187021567,195.43258856446798,904.1771914093819,395.02418775225243,505.1945698704917,60.79999893637089,721.1554602131611,876.1365043004179,682.3515852361645,82.20501446521556,959.2639697375897,506.18957799209073,617.7063809987507,952.6229880564917,349.6065668183843,273.9744042762234,108.25869878911686,710.1522234704969,579.2701237293148,1
262.22336983820907,855.5289957317544,645.8381713695924,308.60379357209075,307.72220269136096,608.1050049922043,33.80315417289359,579.8701647149344,454.2512681567771,422.2251624021174,952.3772993357451,308.01636362701925,128.88805586951258,924.9466114078114,984.8060048795295,509.1668381487378,573.9048958166641,162.8485504387881,634.3082698073135,469.68827766937306,1
891.1345661008972,679.4586254741575,47.81941591069416,214.96968507536783,669.8145339023293,224.05813809710028,448.60565837642196,560.1624527753218,895.1512796167426,612.5419658632228,983.2891534608382,292.02429495053815,941.4827628810893,298.4391408568084,962.8782036004579,980.6231163908202,953.4675431978507,780.929111006101,111.38673784618047,291.81843951052633,0
629.928023295719,268.6023856418028,925.7350881973433,446.3261533324254,924.6387118386358,827.3801238332865,129.58168821919224,382.2923912041294,291.9556392757427,591.1548576785939,137.98367318641957,483.9885885636599,314.94547460802977,116.03305356599446,308.7060488350968,719.0348580692805,109.6961822116158,7.548749288550649,749.8413099244241,264.4100241433528,1
127.65160645528762,780.8566811670556,112.49292202999361,234.0473575796709,520.3967603491477,527.5698189874927,71.20079402223955,626.2779829694927,982.5989386682487,566.6083135604583,497.27773346543125,756.891528600303,527.9137684884208,396.73830193824944,280.0646308777259,217.89836421775334,462.7300606707024,663.4658538216163,310.4093631377669,576.8885493782991,1
141.5598259009735,845.4087826320637,467.9760256829143,347.6610439013548,313.0244057180134,328.11185733032477,893.5252940915675,271.76499459128235,456.2395160494005,955.2202837387325,650.0847409306907,117.63892033283763,340.68396307510574,819.9329887828231,349.7434012422276,982.0711715044044,759.6658041485324,726.7268038235027,569.1113061783886,996.8640711671587,0
119.01353905283352,89.30229453202965,875.5680280470466,284.63721608165906,94.24477229319584,302.3449781289018,343.1061560876109,181.90131096893924,828.4244741546116,47.254920423294266,293.5319507291905,464.64635504050614,128.81110489757853,199.4261243896367,355.8280998194988,328.26498449014593,940.5102947080306,822.8009773839111,982.6425818817813,35.03643898595288,1
284.6161745991158,823.0047498894974,856.5579836167852,310.0088888829883,638.4987815919133,506.8999574823696,724.6577256296309,492.8383058986464,935.9287566641991,368.6804712643852,488.6562147790992,815.4967318779987,873.1111405652845,472.2175269881876,788.834820845999,849.1945761271868,451.90917033706455,471.7452907232961,756.3368641385263,985.974110782126,1
112.98656339248481,383.60555959294254,859.6943234354211,221.91704158232395,979.0564229213561,586.7066951894698,940.1048046550075,29.37509750630618,199.38252073421359,48.91289431920887,815.866882076137,40.57814012909422,855.2827172445295,655.5584870576934,145.94741247645305,778.6472764360985,129.52141251415418,479.51986259557356,797.243237980275,108.47412594654703,0
130.5055205918433,405.1536761979461,939.505152259268,756.9539481092327,511.57537835896295,94.52275708938662,471.10048096704605,919.3297586211836,984.5636936944269,366.06660226897657,216.71348881257245,278.4981672029203,105.18159054360898,997.9027593530374,41.98105718511669,532.6110224998514,164.32138724594603,397.59347176738436,71.63555970549662,402.7844263806668,1
434.0365734767562,496.73941263785446,501.2211124912545,902.2199314025133,995.0256391038505,877.4272526758256,796.4034053043707,874.6205040425322,701.1253692127146,302.7049289304299,292.9788419005147,848.4674562272604,168.50988463612492,183.0575492614559,62.95456542383715,966.4098721105543,728.3743756988874,57.251285581759625,637.0008180892013,788.5307906493331,1
636.0802415456671,930.9878401940064,873.219944351637,280.62886387112763,490.2568347115064,457.78628062549495,921.2807156458888,830.7542543183179,20.40691187532717,991.5779364348342,477.992766307442,519.3207399442449,12.033208815441343,632.8284376287922,727.0427286021758,383.9930306432384,853.799445944484,434.1918554179963,985.7726985124381,538.8801438986922,0
747.3156292401704,384.3991045387949,427.16341081737386,435.0972525605985,695.0012352988421,588.906411078573,516.7497219314462,275.1975838075639,303.57705156967927,241.11128684412986,888.2691635540674,583.1244253376102,469.4069403620389,726.5069004618998,159.79157412826282,741.0455671388453,129.32690534001168,682.470220634697,40.065233970552505,160.4549166254592,0
188.07415041158748,526.8755553190733,801.0613558067738,312.2047756186557,702.2536997799737,61.7133426799733,708.5318132737463,614.5137599365687,94.00191053198314,478.10956563403886,775.8164765622452,215.41488192371827,693.1811178281312,83.61386994326226,446.5742442676993,877.8817315449918,990.0245426955502,884.6260352577159,5.445882989450257,892.0280879964058,0
46.99977929678112,70.59815842034057,686.6375771101058,848.3018943750759,698.3710384747086,764.9580375004305,716.4521188282033,592.9854550033245,861.6944559534775,144.77430134304225,828.5052447431244,938.8353238583412,630.6606754275468,463.5330890303637,542.8695310624005,806.0789340775603,9.012896674142734,973.9194164943741,808.2086354086442,458.8932232537367,0
218.30249962716942,190.6719478124216,297.92741470246517,898.6858515112452,758.6012529010748,916.952337996695,699.4774628612768,389.6664628880371,971.1591958996465,895.7879090513628,652.8565778891948,129.63431502667945,550.7683505708483,856.4220381634769,130.38303065414414,899.6944478817001,573.187646296009,856.2215516307319,694.7817251799561,526.3846877211657,0
700.9618417077156,821.8860914898495,256.22320070629246,73.89476916532611,345.8693867869448,974.899116149744,19.770818468606734,121.12019545241637,624.4499926402509,786.1939945039301,178.16164171184968,111.15054314528116,688.7954693790781,3.2115793061753273,64.1012875975261,978.7207300046299,637.404427538799,642.9365460762493,657.9582061118065,522.5963070542122,1
972.8634784081175,350.13629375308454,337.4405062457002,944.0991620473554,94.27884780930984,651.2941328352751,996.0258249684072,582.575668205004,250.34533398330194,593.7703259239319,296.9495522636244,593.1868023416083,986.8953159535855,290.0909031119798,503.23005734099104,335.4036898888706,698.3224359008966,850.2081737052209,453.7833190230992,17.506853973402347,0
85.14120371034784,236.64728627074604,192.9133513437671,498.96830006248115,282.61566152307205,783.6072420267761,124.25016730369055,342.2065788043481,884.0031356920964,504.91041652029867,522.3781001070862,164.86775335202663,890.0351222453475,319.6924408871247,439.9068305192031,515.8527793466995,823.9463887491025,452.0624672722505,355.2456814941609,688.2033467704384,1
470.9511698541377,758.8880777913598,782.825910392681,898.8638541509383,188.02974154260698,996.7100955279544,98.23829733935541,695.2282901156003,650.0321372097121,814.9409577956847,523.6019136814588,514.6765199815305,246.51141497495988,485.9287522463767,132.54328717839437,78.58970839930568,623.8970876606293,134.86610716005666,398.3223140657615,636.7988795693401,1
392.63644571742964,776.3138416883116,320.73847177410045,590.1084012411452,537.9482423707402,906.5954949398273,825.8032776391364,100.75214846124625,325.0503888316479,511.68901244833467,631.2462427738374,208.1696459886948,635.4832989127285,132.19349776346468,390.30523258041904,120.12652467307127,311.6719164532131,534.7002856169669,966.7475616197245,369.8918251253993,1
680.2083793809654,865.333896865117,198.55529940794315,679.2463959605531,497.9736565552668,181.43191687527982,297.353484562591,63.249955091460585,147.80553720539368,738.8595872029395,61.74415680111067,193.5755598395984,690.5253945032343,306.471666372321,35.387035436992065,834.6966148582413,19.03665109558361,489.62477996910746,632.5100077598808,755.7893582537705,1
629.341677951348,824.5963184217093,28.198941708085346,554.8336800490458,310.83432383101706,755.4696975756515,236.98797214984702,637.4189605428853,639.7299485199231,616.9320863535868,936.6496373503583,618.5848099099829,63.601913757698526,560.6752933611172,372.6372520921538,637.2092121373153,321.06889661471337,225.95915262099155,756.2662794833742,303.01223044583224,1
553.6815770535345,478.2238635611382,677.5450960865879,716.626790262411,33.378967163135485,323.0165127837804,521.1157258014576,509.7962920272906,79.43359204568723,738.3738301690792,868.436143911469,456.1402928839836,410.36502968804945,680.6646203445201,13.250710778368147,805.5599691969945,295.6666204379562,939.1106564563128,172.70925128814986,540.2174603335505,0
598.9538037581798,23.8986965906024,56.71535380220494,26.628869825373492,586.1203400647852,33.194286351090895,394.23814206916705,305.15089679616534,516.221783341739,652.6816809968415,59.04520908966049,180.6818687224796,145.7306993088111,701.2455709671007,436.4564288812133,255.36089445758194,32.054258213490726,853.8187286545096,804.4760227139316,327.75035388792384,0
589.3121006263806,526.2868984284655,426.34391653768887,433.15202786725513,936.341463439805,719.9607671781511,321.1162923282024,134.9115738539267,701.6228280747519,488.1399109656789,75.25063231924479,201.03969409126887,935.7128068658213,28.01581017763033,175.20497879000973,179.61821635825325,678.5471552615353,316.6808902199173,717.6990171019213,69.46360631023252,1
553.4983389456015,333.9549829153935,662.3503015534756,724.7114728752501,508.4801981555952,140.43964111626184,672.6216257486465,787.8879195559906,768.4966440635585,714.6235991673038,445.9239516171529,300.30154490870154,311.86052743989234,8.866609393450076,445.94590642701417,354.88223396231166,185.75667938891715,37.54840039061313,258.22435288972866,422.9073365735121,1
626.3156347271057,496.4147595674423,187.7650708778852,330.2267464298924,663.643005635665,823.1303073508759,557.8112533463075,932.0672728780397,115.36305581518124,954.3638669792088,499.6816477738576,530.9928625007204,451.43292880350316,814.5146094898623,397.71934525418584,207.33823214887082,551.340771168007,825.6998753826324,102.23751505347845,160.81413789759736,0
849.3467937931781,973.9123519402531,311.70793159945254,366.3078929077643,795.0133036982945,86.26423520143234,114.17753408661436,156.85522234892358,472.83216130171024,980.7690326647231,229.96623640362057,952.4256717667545,484.09497309830306,569.4705411934982,871.6918818140572,862.7936834253593,451.56028300565356,80.98756969782517,505.9694909640432,227.8857400314913,1
687.5460002565612,731.0410141137198,455.90800422018873,769.1662112328559,696.721087695029,972.3843034298811,49.39253307803049,730.6544572470959,449.9448641599116,195.62237661833336,697.9210068993182,742.2218143076822,900.9014819076731,222.27876138606595,939.8803504399286,42.323978610353194,848.1174060087737,919.029368491949,837.9167047565533,408.61140095947326,1
348.89973059209257,444.850580389969,118.87706144857368,272.50943803733395,759.5015895597891,436.1824944065258,214.8430589753475,229.95373633949933,143.99784471217703,526.2981507312031,166.80565814776193,528.3445923157572,757.5445599783677,928.9380960230889,106.18998455164896,726.7438860928117,354.0093847000388,524.233164017275,619.7395677464885,310.0009872782448,1
903.0536015177759,807.2565352467277,646.3991687406392,445.67039863615287,765.2418027327031,484.7070815253197,821.1410718421808,326.5957775805851,592.1407508865913,139.1155555349466,922.7282982299819,199.66237546704002,274.3818615422373,658.201050323182,687.5915723545144,218.5701109265069,586.732383809217,532.9980723036189,58.45565216520288,585.9723103811482,0
816.6832138963538,223.71124510796258,247.63287643791566,156.7604679730401,679.7203136769607,649.4559428553997,286.41223986436006,792.1610610731647,846.4156811098676,466.2527507867349,904.7012538147318,675.5179973845031,769.3421948909174,672.9327636624053,443.8200469369977,56.10590540506599,876.1235212558918,90.43764474381955,848.6159998635198,733.3428529689891,1
780.6097872310361,464.0825845001788,930.3958488240563,719.2299843039009,274.67758613965464,461.09662911809625,28.88519695931324,538.4205530584424,644.5695893582516,849.1186761982877,447.68712275593737,588.3045155607808,201.20067436741894,102.29875941895017,297.7257110470526,970.3979502111308,21.47811781275122,151.4701341967214,84.89577770468892,821.5379515489706,1
61.58803428798232,774.2787439636513,299.2044991518163,957.5592387425263,504.47969730522857,23.990550708072767,953.9545023439464,391.08615292299345,295.9047396990966,94.80510862787972,130.96020929898867,241.39656577340818,638.0304353595827,739.8671381669195,787.7296467606269,560.6803246901474,244.75387282900874,83.01477982715666,8.18898302868143,921.0297874070952,1
79.5178353489705,898.7451897470813,142.27794836085928,188.74627419706135,943.4478363663173,636.745576451989,584.5422379808497,286.86603898287467,843.8451770172803,207.5002378207085,760.4404094790731,452.59461668102927,326.88840790926764,238.98622452421293,869.0189357018403,213.5830970283106,715.3511887282397,100.54540997941308,483.32926411977274,811.1441066082136,1
793.0674882309767,342.44089416169965,918.9968072644239,563.2637798243641,675.1743328865011,849.6582034687638,395.0223524597115,138.0474978085834,27.31881199644226,897.609332398539,849.657321598143,797.8567415466304,438.1205864878315,118.01971027383462,449.77762664303555,514.4623800093725,526.0212020975554,536.9902372918375,663.0272697380428,196.04816241166932,1
651.2422473684429,169.42931155310015,790.7262564751669,439.94144677484223,502.75410354428607,176.2078438559952,411.39944446663947,29.437109873533206,418.03149768197056,814.4106195855715,749.3687629781165,555.4991983769958,773.7442866109702,567.8906991123288,801.3386859175413,747.8716829157407,72.85479118893046,337.6029176250629,733.4509980777447,454.56814558241854,1
77.80618956494168,387.5824346831064,106.82424759691655,736.8959735585836,489.66242053233213,444.1398661836936,262.60867188110035,742.1308975614426,512.8810320544878,501.9873872033443,184.60584897624898,188.67749294885715,486.8418890352192,522.6724030680504,935.3200594905511,403.67806096112514,346.16657380108506,322.5934412916652,252.57012620016306,714.9075194624554,1
496.0957827716865,293.4857954986707,310.0113808048639,68.2817542000912,267.0644783804881,229.5203554775469,82.07316130561814,440.03275577469236,566.1590502326404,860.1092860495286,816.702485215399,763.2113740425813,854.0791690685861,170.39234612450738,809.0915296903902,853.7030150899286,757.6270945041075,788.2173217502306,157.7841504015981,375.232438969804,1
796.0046698213959,518.9850996552891,363.9755922761394,91.46295408047477,416.2799889317752,768.8284652868037,646.0406218738672,621.950483767393,514.5668577469205,438.01116654290195,245.70052211778847,748.9666555079253,135.5082316631897,71.42260196483275,553.7531482795343,356.32344344502076,440.01986312633477,604.2928925902681,908.809392064177,634.5947559394529,1
644.5317890573094,343.06530970900593,406.97883241581087,963.2640561634985,965.3511970668767,936.7964399343639,294.95093203520827,660.7946773044742,462.25999876789336,996.2022523792243,361.20819372101397,18.83246181198661,123.14036682589979,786.2915671929024,961.9413828466447,290.2922474243795,999.4742114299438,222.6166950417957,332.88638646550027,113.8899151186885,1
547.5262821829223,149.0484096158703,525.6835033502758,640.372346995283,40.50613693410099,761.0283548276101,961.4838247648539,937.7494664601786,437.4218614941344,942.5918787761158,602.7762818944439,743.4378659429264,968.9820463378791,758.3332847829213,528.1406173792828,290.5587271223502,575.8008125057293,375.3297562186444,431.9505616498285,346.9010643954017,1
654.5952249079847,164.71250226426216,112.52420401781826,677.224797105347,822.1500784383579,283.711358966065,129.2396758484595,924.6182219801287,423.0362367014289,545.0642919291199,518.9873762673462,906.0844554165895,40.04023926254163,222.6928400914151,389.9666701670328,148.08460840862958,574.8469053186591,175.14350603561124,597.9144243797887,579.2829384533717,1
445.82307597988944,201.9208615328273,499.21157460169707,334.902097816542,751.0923801828195,715.3579056972292,432.59179836844265,806.6250059955927,440.09941225074203,559.3516116743555,203.21586332032925,212.3026984500438,114.34812572051977,978.294405280822,350.8149527229959,284.38052863227534,949.8657608292569,310.46607989789965,485.2450642219489,55.85750421614932,1
584.8899581315229,26.56787711635189,952.3383008400014,899.700024386829,189.57642098763296,908.1132561693139,608.4491670514803,688.6571127577597,129.6823124251125,162.60339630017006,457.70317789725766,435.82419680968064,47.44402693313366,586.9017603972779,963.5798624617164,780.8868589140775,729.3893800671153,269.5853745679009,650.2495880887781,137.66847462818345,1
886.7994193536234,238.02101993401536,121.38095510765767,859.7440607039508,917.6024532184721,437.7833506394111,480.860704076605,566.746815067348,89.00222960142735,922.5846938914958,387.24105854090993,442.77976269038265,934.2578761291851,572.0243169266256,98.1778517915084,159.3133728117615,191.26395935706697,658.9055026814768,485.14795708418234,376.13163810945883,1
484.9238400844361,385.1010114478234,565.5865641774229,13.473332526834469,409.16608107527264,164.41378552063645,735.0426133765973,945.7185418247046,873.6099029012397,257.6150030122307,260.58663690755026,11.824314274672787,883.269486363936,281.3872780189456,963.847524841942,584.0539966384788,317.491506975517,665.1045969979004,751.6414724461633,722.658825644705,0
521.8334856473778,196.57232697264126,208.45479152241774,6.649255587370173,999.8562302322493,886.7572686573312,871.4305974476895,364.88494395842065,159.7442172589515,735.6061405929936,320.92885426256214,976.6853903376316,397.50568359756113,962.4997895805279,955.2994743063415,448.853687667328,894.404560044368,641.7025562101485,194.35647702121395,266.2608942752481,0
33.16467007167556,928.6278155384897,243.99410003012656,933.9194001182763,529.7499234966565,774.5952441336563,34.130598476351025,574.3403734261149,750.2965369373527,433.45137226874897,69.7896356404819,847.2996058027143,30.152583904469733,789.6161477535466,668.0321847469354,610.0495372320806,977.9574256387384,538.033798887326,284.0707753580514,932.8250238481535,1
643.8992332602014,660.120081939735,667.3440572567388,53.92264347713094,321.09312442164116,457.2287240943583,203.40585046580927,500.7308361165782,619.9157536179455,972.0511484902163,423.31961126699457,566.968077174071,951.0244897146534,402.45180878135443,977.3205713447928,289.7244405159369,822.7146234521103,708.0140061633006,524.5101043846842,722.3376787652239,1
33.25544501841926,0.14054926847428817,995.5642271191499,201.82565384698526,449.661563070321,954.8692069994372,618.9423527214958,906.8493162286919,72.97484520670095,499.21399115721334,565.4568624048541,461.9887555813893,470.2620980949127,674.8921556549516,584.8554241361824,144.73029270618187,920.1294416367072,863.0529803619022,516.6582281151256,440.89594504469045,0
570.8882317962457,395.5163863510697,841.0178164459867,442.1527246076062,478.9725954636966,697.9150012175505,23.51980583262947,706.9553427213866,308.092595337516,55.40895172077387,417.54549454479064,557.2579185124439,802.2463448634164,762.4901666051704,15.15916964795605,750.5579963128225,272.84783878999565,761.3488531675551,41.12043957469324,477.15051864836755,1
381.8905042735603,301.27587439819945,978.8585041397699,78.39600934790458,358.23160466694935,462.15965881003297,782.8816467032054,87.18061058231552,245.9125441613641,92.31268735196684,681.3890141757108,933.2653796660987,5.831332247297927,384.66225768071826,13.082365787858595,551.0482839411565,657.526189766442,854.6538621266851,968.6657866910629,448.6951784563755,0
935.7746934276928,528.8054832994536,279.58711713082107,778.9371166422043,507.41276630889575,810.5589996543789,549.5928316812202,640.9711569808613,510.65771715765084,270.44726404747274,346.59464861924096,830.06853413759,985.114756615108,263.1367919745785,341.64080900136304,312.5909432011712,768.6891056244233,247.08904540317445,839.2513043230517,378.7104123648782,1
28.504095855825806,438.184943357791,510.3655617792282,667.4569745339186,437.6599274445989,628.4718961888499,200.3265632075576,513.8586638137574,902.2822910388583,753.9077036125085,307.2203359799354,306.4148667279547,846.88872656928,758.420614457883,8.145095840231598,897.3023348645274,192.15344698886017,300.9039905924332,621.1669925785249,115.25142555326073,1
160.55071268123032,904.0602967315176,464.7094706572953,708.6743732994724,991.4801398265857,519.9627584223009,108.16384108258559,585.9545617126944,164.29737242095376,48.31285358251625,80.74442803542459,454.4964073363149,618.7133421513183,444.70287178637034,628.7777331016096,102.46581702085777,879.8343391570845,663.2948552885115,89.13310861054569,605.3005732152761,1
340.1558802290419,647.2274159729888,740.6572566828767,706.29277824714,263.3141518569689,160.42338729452655,376.0076053762794,853.3475797278852,464.3758050645629,676.3625773933,252.9467312550614,633.6323733856282,167.95984676508212,61.526381138387045,512.1942698469396,158.104030958918,94.25328904979035,556.3467057719666,474.7313281468597,496.513470015743,1
457.78953019482316,70.08527637940476,737.6293731568366,646.5989459594117,953.759104568696,28.268816431145318,568.9835060272411,994.8793942589197,941.2456117295724,252.04612817541815,644.5451805030578,99.88880512638588,744.2887231724718,330.73009637982864,953.43850380932,122.80812608709068,239.91944829693801,667.7402550170199,735.8627323282988,545.1183261715573,1
784.7108689789758,810.7829390429561,612.8592557096024,202.80271119113536,137.29005968421205,262.38885487998397,68.68392758466146,720.757672448724,309.6213688537272,853.6002100659877,277.076302791324,372.5667579421826,130.69718862442681,657.3948718383075,776.8855418435897,41.4099926290824,561.0247150589436,414.4004217324264,887.108392067975,152.19488931517267,1
904.9733171328866,920.804375160499,819.6196956624619,454.15529490658633,379.8420350992201,119.22962804326254,4.931771795195106,221.7085659077911,354.09011425940975,903.4876846205443,62.11440098954224,234.70611451346923,37.783092446068146,725.7428818583896,843.9130342363304,148.63257631345206,930.4130751837071,838.5196200473175,179.7294425767857,497.09040874392986,1
505.6065746344831,748.1126419272475,761.9263163070852,224.36657429703942,900.2599938076404,186.46160150658554,690.7129397309064,371.70060325741036,86.71400944308172,443.7655910366527,321.9916709810535,154.84199848206993,597.9315912783255,386.91081388640237,185.40093807821756,353.3471392482974,46.12035145538174,346.60562185945275,787.6453989064478,267.4624262549743,1
964.9643144311738,778.5328372000691,698.5368084298756,798.3065968490814,105.36334876572573,40.19493957100983,238.757271193488,797.8882791610584,172.5964694587021,920.1713579257112,457.7353089149354,277.7431910868535,867.5424811970014,625.4604062006641,100.8860660329649,306.62718615744035,124.98860449334647,509.7354014213933,122.64848675319962,19.02418879185852,1
406.455622590137,45.06833779968722,258.53899271633117,944.1071594967453,484.99658681597725,957.9360401398224,997.8743706493501,911.150427406498,102.58826285961231,206.1432931044135,384.7234937617019,256.95840754550636,658.7387131205362,119.72445885044081,424.7452472190255,892.7108059595838,860.2170461260723,843.3290142502722,865.4294077751886,205.12049597754068,0
463.1958680733732,256.54324347094405,730.4818937857045,726.1427573878606,774.7269369786218,426.571986801511,504.4926798419618,950.7122596698111,61.987474659592976,492.54628099618003,143.8087190167896,96.68963456840007,170.07759178404967,403.9611638377101,269.80474906381926,667.6727533135577,751.5220557239833,799.4686105120047,384.7710943672543,878.8485993093904,0
705.6034975223397,219.272408159072,905.3400554229511,717.4021660709848,53.87791318201784,753.2323050504011,540.3463162865294,212.32507228792187,446.08261914707737,146.17195812887263,729.011052646066,126.02166565039774,739.2596098407356,635.6071612744406,350.8956898517598,650.5945340710553,309.015334762095,708.6180280926471,974.2645259068895,35.840809082977266,0
785.1619537361603,824.189765411089,47.49334625477619,615.2246411346522,96.56855326631863,756.3964551005531,988.5585281599236,870.7406513866822,981.0899247417822,722.5300668499884,474.0338551284929,292.8457239002724,710.2197125574144,560.9812328517287,331.7911290631376,829.0152754123618,276.21355428453376,457.2932232657541,590.7073068021513,648.4751767432748,0
820.3325287625485,321.029864829208,152.71308777075276,639.9626814638135,238.88812518877535,720.543306718198,855.486160530037,666.5711982264505,205.55545407241104,918.396056366175,425.3512557849438,597.0520169620089,400.40648506012775,596.1360720178214,813.5612650308718,876.6965581881198,623.8160721384804,421.4218270758436,377.90033136090904,780.6041412204702,1
281.3279903000685,106.26846971119596,388.14051622328935,319.93968124989544,182.42139512180088,193.25551482982706,730.4719778259281,380.16839729639383,613.7390550587737,866.7592959229706,930.0736801578471,475.3380615048548,875.6774354562408,519.3300472928153,864.2070540257466,156.6097685883141,195.76189190077332,327.66293676469405,776.4250524510471,704.3151519354329,1
869.8201183925863,122.88740132787524,239.85981245532696,386.2222975409918,591.9240507990971,11.04895217813806,613.4589033916642,994.4095999916066,771.6206308941782,599.0186295578133,519.0212195361441,465.85439351700063,5.305435293749716,920.077173242777,581.4392877473819,902.4129395300758,231.7493824342798,766.5433537611758,549.9569694431659,415.192781762733,0
651.9931553527372,211.87456567044148,33.3834897462375,602.8706901654015,298.3324419141163,64.77057044194801,200.65343810535686,865.3230250641415,468.44764497568804,802.3168892301927,240.29295954171292,277.94384474869184,945.8434607089298,779.6439460144773,400.708230098729,650.2764046767637,541.7509162158013,451.36750193929254,663.2986527191116,458.77433684727697,1
824.5263911161472,613.4541369833964,454.8914179295821,845.5537625049824,46.847188789093664,877.3682562460622,931.6721154407207,87.31036391775393,707.0756334685796,374.9811666997016,308.0118330688952,880.2928033898046,643.0882765874316,975.159265162238,156.73266233931216,417.91619907983613,718.3611867891719,541.6940655240022,667.2533940029716,505.92153927122297,0
581.8398482669057,663.5569262696488,156.26018762621186,990.6128211789179,445.9430599746531,613.6574185479387,486.7530467426434,656.0740308968632,413.3722595506585,304.683958054224,446.15899510795066,626.6374219456816,91.65014065760147,643.4023288776436,194.58062968513877,439.43696864555136,125.75968363752044,929.7411424834968,479.4133479651708,889.6397876830239,0
928.7830069295592,267.61171395089553,868.6520473434347,250.280520342541,862.4667343985221,750.9757762989087,675.5504214323538,94.05789908082608,270.02201873974985,892.2987638882651,401.80546147420847,383.6734778814248,842.9546667620477,664.0235023642817,96.52189858047188,399.00352693921616,23.98899487031869,505.4288086565778,110.454519129073,346.94749952388446,1
330.7288386138816,819.111785051795,955.1022104638149,404.76950196535756,621.9087768274708,723.2717723279686,952.2071367088698,415.7055663236464,257.63352768265236,373.71784013521705,523.1457682763961,978.2871224358622,605.6602371141004,265.7776809865966,372.41501336986903,7.16210497091152,849.6456589208998,590.0877758568149,744.6685187208632,453.1194170111414,0
519.0503609342327,576.2176608878545,728.3570022780652,212.23606351154444,736.823051943041,474.46039144701734,433.9617125299607,169.47778636813294,227.5604000525301,917.4248948656135,582.3192367263714,153.39584092914393,211.51278797325924,328.1127955211372,87.65134648894934,316.94072210584443,367.88402636893335,917.0124142526254,938.7988152891671,184.9285592049661,0
36.995129148532314,860.6618476542325,361.5010502571464,787.4325540342967,140.00746410046506,881.6398850857673,117.09141044938254,373.56359732962653,174.70080144113055,770.0848864934023,841.0810059242162,696.9786469869052,228.77364898216135,546.9045683061273,421.26781557277,536.2632926256786,887.2857577894841,746.5388070982414,701.7252833196723,386.4691835961556,1
843.1437777461581,183.76025272940345,345.8208493030678,792.6106403174724,765.4817271483689,485.083263632711,291.23346037077135,379.406457620169,877.5014608218346,706.277698295608,99.06320174718641,918.9329794522287,158.93430213611347,622.3134179044605,563.6300212600353,674.180433631284,134.8743227653676,960.5133776927491,755.1572332058561,998.460230186544,0
300.949904176393,575.8945795851433,866.5746017261372,470.49493173482415,958.579968446592,427.2562387405776,732.1905675357741,864.4120721769642,438.24180105355225,993.5825773430118,352.4552465950427,825.1500993296733,369.90317986590384,233.99961204784714,388.5838802426553,622.0294291234843,524.9209053783012,796.8575877051564,70.81459751497677,8.373806353933144,0
26.28143177484299,843.2985867883449,265.9885601087003,511.7802932416585,68.04208144212221,275.0598034244003,93.791110377352,863.5374862420907,622.5647138244153,370.68098485951873,985.2174144727753,970.4267310731203,602.0426131722616,828.611775188496,193.49111035060375,665.6301663532508,972.1212637207972,856.471340630804,227.32950360448945,985.3529329078467,0
877.5252907651618,382.22591443833807,437.28076909833425,926.9612918968558,561.758950757956,238.40301567567533,216.77504963828153,52.85797198699205,674.1151411127386,510.68688300674916,537.7910348041875,167.40771278807466,647.9879650377972,539.6011177733342,785.5922120963663,818.8726421139141,664.9551578552,386.7478657068335,675.1414021561588,59.84737400934037,1
372.07678385543244,407.42688368822144,256.6191006084443,994.8272573423748,805.6108164746852,118.08414901263265,174.36495569602505,68.60184750933473,494.5808996728936,685.3862767826317,877.0676504304686,720.2076412642718,809.4094263118627,181.5669934016363,958.8924134040387,14.037957661064082,378.144389263901,778.0661587010579,374.95596732929727,183.4827273669022,1
191.6011923110439,987.3349530711008,998.9599716687849,520.0836057021687,912.0471734083992,709.5513463979008,612.0934815646114,313.1383178123818,33.04251316272588,113.49972971618527,829.8744990866422,727.7849098497738,576.8723640321234,125.26843515306152,517.0963274710522,579.5125276447714,279.05949105665593,68.5962901427768,339.06170120977606,927.3492605591875,1
895.8513036002862,548.6673436830878,665.1658764329367,352.4223759946875,274.91974052345756,138.34504787263725,715.692732788739,839.9858797960785,978.6633968835464,761.9950901863187,478.18609546896175,349.5537949203792,117.44392048928643,4.715335936253173,35.25651053230594,975.9963614321276,149.06238570692165,695.2629923361518,98.09180460157118,137.9577013313208,1
933.7445542521529,493.35040680442563,260.4561015441327,748.8061680681853,156.92794545371058,156.4180975785897,284.3005775492855,578.9435356192839,333.2898036809647,546.6475451456278,831.391588821108,452.82578647790893,630.3673075261145,331.50134047128256,439.2877435266458,48.25829807065507,593.8822584483668,26.685896487802285,226.25015587608854,810.2077096351393,1
730.3621865515119,465.26163085891415,854.5236455557714,233.0214315120467,868.4752006532182,841.0840951124029,475.0639744149618,622.8238406079105,318.71450705314686,826.7253714047333,687.5445968947489,906.5000264965831,227.63731998278413,96.02228595239592,814.32353578796,344.5674852709158,828.4491452873727,566.5477990489413,398.63209826967517,489.77451397368685,1
602.5920149816636,87.46471121598532,510.278196736055,635.6725989728378,318.69869374040496,572.7318998620266,212.03608081727887,31.949889792208474,398.3054172241245,99.19362636165552,798.0379401526045,143.1879759371205,911.5836367979093,389.3534222055131,828.4244450808467,688.3682055165933,236.77588550623975,84.90519554473019,859.4954848863838,830.4627528049398,1
108.95069137642355,809.7996949328303,88.43670448006802,743.1550631638073,322.3668433246304,506.45476091154893,266.5989610341507,964.6124212055121,822.3274086548313,316.8585335027606,691.0041821179676,446.36960083664036,672.8651171897266,378.15518719508447,570.3905550022497,382.0648853734277,763.4899652634521,301.1133784764425,582.0691187406129,221.22258004778993,1
127.45527889883512,116.55340913269785,803.2595632958289,381.8980572079963,517.4271575148188,29.115034189604927,961.6922695261225,675.0208915052458,935.947098796093,106.82610291113204,277.2192653728871,835.0566196639714,677.6050471890114,771.456799509972,152.65879420390527,566.6914047438587,888.3669895002981,562.2641251746498,703.9615096755414,612.8953060272415,0
710.7773891723667,456.03198764683674,272.84359276631454,246.23485845677985,951.312195160046,693.4276349742145,600.2113729496025,113.07799155044817,778.5030475674605,216.96920879711857,447.6320375817484,749.5916915403386,32.42416827696238,688.4184946744092,797.8605069909527,181.49131262112073,250.52109104716146,615.7663286264319,240.42056815746017,591.740265785203,0
8.375255566435701,769.7392817032189,304.4639710755794,521.5731905231431,333.04480099620037,219.6455356439241,153.13921245946904,555.1584580911996,854.4052684476388,469.94026502042107,274.2271985170974,756.8682293433637,214.8927352331702,619.1422972463971,491.1739415419375,438.03519119068636,376.0785338974343,935.8916076882153,59.77481989811795,751.6772709023857,0
684.4807192570473,764.9834110375136,321.93527870865444,354.5201299100238,179.0313374546445,449.9427661641787,12.437545858619782,639.1281279517746,540.6318352160395,326.2630896951545,810.0037443805078,544.9995403397438,358.72057849836057,465.5948139570742,331.2526474974854,683.8992831618555,130.60487454104842,874.7142826237049,509.2541534104842,403.622935140861,1
640.9885367886018,72.52179562160654,582.9304526120211,546.2317876148913,436.1098439942138,745.4445103086476,317.7059604692313,432.90179324062217,432.53763536504596,615.4827050562182,318.17588178474585,98.14203585997305,563.9129743812551,871.7590712123391,616.7403375524314,180.1469940721121,960.3462884501876,230.2150940117096,965.9329982912681,487.6614646849865,1
745.4570095878321,859.04640624549,256.63290102187966,110.48470916397457,565.6422818964487,197.16696508170983,343.3513270414591,140.17593955292983,187.95442836536935,109.93897478087989,171.27684216518702,467.671872450059,572.1692657670405,915.7403631377235,780.8952294342457,344.0811318248529,172.20749997798256,340.29355556608965,178.10334363692527,743.9104961815076,1
570.201716790197,15.254366507065352,114.79475696829999,367.54038028526037,329.257893492489,912.9584288695229,371.484824793911,503.07464275463064,995.8294321063025,709.213240858522,915.1265951491868,186.4071001144576,880.8152181020394,723.5703697781786,923.1198109099053,361.6268469723515,30.535909143075134,184.98490746456164,445.2238246529203,43.83548726364772,1
978.2507116446349,436.7060218065213,534.2681078368017,631.8138119974359,944.6330643908846,596.7103136630038,32.54211689147368,426.80631225437173,487.1908490794058,319.57773205308735,516.4940785151001,898.7016829784355,71.96395536576038,722.4453321025292,820.7033345193059,237.11732138816555,565.8911387675373,203.43806490143567,370.7402339730035,806.1861925025034,1
560.6156571955026,827.3906082635237,155.53235775816444,703.1356796855878,745.3626293816341,905.8823318968758,578.6347176979647,555.4310756260854,648.8933715726228,156.9442035950819,827.3319455212218,408.24607948003546,601.8405560365229,961.6797411010883,111.89524573257937,94.67014029628918,823.0258571141377,317.51782838273823,903.2698248152719,71.67888586488935,1
107.6595635579034,890.2474612939891,616.6741479109437,882.2578668788717,936.0209807688109,143.60689506575787,93.12189955614025,182.2339169054914,351.8083139755672,77.1059249521877,763.1573300185266,194.98559706906082,881.4273288863859,476.26828679644564,377.4411241300303,78.64373825370996,749.0831629846924,884.5888891897123,346.5612185016296,263.80950429975513,1
886.5667658468973,630.8207921778801,481.71363860141435,267.24047132812746,484.5178519188513,706.0622970048106,233.36601395801338,929.149412455042,661.9214848282251,202.33268377219727,268.9022568163678,511.9635773060377,757.7821523161139,480.4293194666686,350.8030960036338,387.5143605716854,151.30860071438312,663.4152939417208,393.0522284176268,327.9954764702352,1
254.8573830671873,50.39406029575899,721.9865622734591,583.4046694905304,791.4115024579042,381.7333326251102,43.676855910240505,793.1265718971367,350.24466983569744,320.0168182344191,214.72061961153366,844.4422599455282,168.08555569703188,900.1267680599776,721.596597681915,986.953694880088,4.517892027977366,800.5044793780831,185.7343862839145,463.21421529515436,1
836.8160667124203,796.4345468098049,395.61667383656453,552.2028464502453,305.0347447924673,144.15597480181353,397.542934930753,126.36522384899007,430.3070791340805,578.5609506821461,452.27911548908605,556.4744129048479,64.06079451585866,468.1190782069019,821.1403871406748,862.6409353825347,772.383380442521,440.7479965232668,596.1578735979247,896.5560682338214,1
274.3574341346807,852.1904830127932,100.24613226860846,814.247756793319,853.7686757076713,106.98834911607102,16.58812690648459,11.806792172754378,606.9226132243613,347.8672456974534,966.8494892580155,526.723461589243,234.13976150592575,807.8761649225983,880.46665817815,231.97625637576203,394.5070542387057,572.2851901800611,964.3323183146156,458.533562446669,1
184.54753366052466,715.7339105193985,553.8740955232191,306.96081182944357,680.627320145585,894.2134071274068,153.0230195140986,818.5802230059288,646.2355699768736,993.2398061289525,319.6053653996519,428.4150711456578,787.8493658740315,924.2037853529472,466.82729176299654,306.40614726372786,755.79523502255,831.0130421438674,587.4781234753613,833.423799319933,0
961.7235118862469,553.8254595243286,715.5084266962866,9.926774561331841,990.2252252066515,79.77573364611912,745.916297901173,500.6342548910898,225.10806247300707,48.68279876301385,510.50330254326525,654.8367330021274,248.5122632790574,492.5534791008094,245.64664283665516,638.296979621546,296.58099857292774,288.92394525957064,284.8963624418792,144.57432085276523,1
443.5518819831301,367.04553410612994,390.9699370903843,633.4107713565277,449.0223543097073,673.1383657906139,185.45836781685608,741.965657449095,308.6886338318458,146.19536854341254,519.0361611374308,198.79958378110163,322.7601175053474,286.1778093978258,277.66202041699063,386.2213112770743,942.4873836186098,13.270721601865931,160.90164768738634,235.97735863412538,1
712.7113980881102,864.6477170864031,919.295727668779,860.7636479863547,608.9403031219447,233.6281653794342,70.68534771303547,695.2703137121229,727.1625256612175,804.5347592010083,314.93133497616276,61.843769959920024,210.10205130625215,643.2453795489516,987.9636706924349,947.1865128978825,38.39628248741433,294.14689056510804,671.2582438612162,666.5081087431765,1
687.3672891665506,303.82189196186306,850.2895824441503,666.5739017646615,786.0808183985826,105.88571848398387,58.68953967188262,858.2453477944474,625.0779249715382,28.3773741378498,60.32975885278602,635.3137635995482,534.0960856494837,70.8283164524256,335.59839983773645,753.8919709518327,905.4129127155014,55.867780501054234,245.66864648777488,331.2228900065166,1
469.84215544248195,282.17620768378526,497.625371911995,221.19472557585374,123.16913961043186,220.82556129020304,192.23936209244908,796.6789266297171,811.5316641548234,28.255953694323654,432.9789393947605,99.13242420438162,654.3872318159866,314.06498242750604,93.59884593624679,936.9974362081332,429.7027749247139,694.2878376858614,529.5884284461415,902.1817549490911,1
817.5106431112022,272.13645087262705,839.8173791930415,790.760463118141,901.3150703371008,743.7096462763498,610.3594179354892,286.3420095802154,271.8348018305434,873.451601147387,661.4419162335452,329.0804783302983,701.9380534126115,785.7380928512183,415.35829583572746,891.0113616104344,28.64921848259594,905.1034525791392,170.1438927512585,536.2343381858929,0
338.0463071278853,919.5810381608954,288.3131478258001,641.4133525627009,307.7071791602609,226.89931865945644,637.6407894625366,159.082864849992,285.48768258162494,800.5151894873039,39.80431691314301,737.1612493223081,877.3138979163854,309.8312000273243,508.4945651640923,234.69790871947816,196.26657683420223,469.05978982839645,375.3430402721415,492.68180234727663,1
179.62758189641104,600.1540769964237,56.70256669254681,718.8466022189031,458.2285489814589,292.49067168451523,965.6926321347134,2.3123086689760264,957.9171138370835,588.0834472393432,47.593775436739264,60.9834230132098,932.8272877566008,573.907141861365,500.6437307465482,656.0939250577483,542.8446137378205,117.45540601033966,445.84712431545125,395.7449293631603,1
174.0822286818814,13.453003839286716,195.87113808187794,388.6309541167711,589.0726087159838,748.9143432268672,336.52019502085517,503.23191731552066,929.6391421606785,468.04069507318167,300.61781003689947,725.8268436549814,230.81505826840686,470.5836900799575,679.0931453856732,984.2466271519068,300.78801086160945,336.592426650468,332.75651768974643,0.32041937935534115,1
800.6574807023585,222.9405487651982,822.9803650190489,816.7977031424205,705.2411045457111,691.1390030836036,273.3267294671263,577.9996581404773,651.7001519863187,980.843184148409,193.19582746340646,575.102778755846,998.823225130892,156.6960754924729,221.38114084581073,882.5382681122354,554.0683996773021,311.267601882943,419.66695319393654,503.8484667824541,1
992.151431467653,855.4131661954016,201.7554349411287,440.0652497037021,663.8134751517841,594.0788005452373,803.1023403291451,69.20953683826036,993.5763727081778,769.4392875495427,607.3477412383123,662.4759531077759,860.7405641650936,355.40263829228104,937.8700190686368,452.29689547798813,383.32722535078653,122.27095268161425,65.76001436688995,608.7518043840338,1
602.3358816471698,594.5050389157692,692.8426941888357,376.1573581596829,730.985553829675,495.61080968323114,328.1095040669276,808.1528125967402,637.8322647127626,176.39640415385537,511.46961087932107,142.49771659548747,184.8288491175599,329.09607709202083,894.6128499482045,833.7895915531662,580.609493671669,44.59816373060399,792.9966702147852,988.826656874669,1
341.57196280766647,522.7456793839049,321.10321534057806,150.5486293755276,888.0430184162758,371.6078032233122,984.558549949309,726.6953791724899,323.202703875642,395.82744834915786,298.807890213282,552.9535147548189,517.1707691818078,189.52777132142973,209.44661038883194,598.4950311164529,989.7291064198594,760.9377626584006,363.7043144823447,76.68382424920472,0
808.1919990069846,610.6808729997967,71.06885927546513,427.75295842584205,836.6857882529807,961.1050447654833,364.10313913953365,536.752145831109,976.0525351518295,980.1653211350624,304.6863964207673,987.3402377039529,784.3800120632205,84.10322290613881,507.0266593288599,933.8811940669299,377.12377719383704,277.29643430594064,17.815326737560035,661.3892312526312,1
54.13117401073131,268.7409253770912,550.0701211291272,290.94050855299645,877.198601552572,625.1824005224605,138.7479565131423,19.594965186951583,931.2327951286982,770.556118693292,110.95166288948921,648.2249778718779,537.9885607377788,592.2688738468869,391.4558052923456,110.83995576372186,838.6368529312304,359.14924063532084,366.42805399415323,646.9056576835729,1
265.32147082432954,926.171013433512,231.45197594343014,353.2720238523168,924.3996431888362,269.48315154510607,805.2428131618159,245.70436292653986,692.5639893787991,802.3910254464656,233.34197049583383,519.8768585942844,375.33858887538975,194.38381302921016,611.5481817624418,114.01501170042738,850.4961195564426,254.42118263410453,48.769401013058825,192.5778016827039,1
646.7094662654491,218.746526419056,978.223488986911,937.360477690036,478.6054043510872,118.28468710239859,762.9229324633006,104.94028594664772,650.9132942744036,899.006666879394,279.4371314537353,997.536330145352,94.73948389691277,290.56723357245664,768.818984109459,247.944610929977,478.88154076367863,298.0846663766489,386.13403614757436,7.8210197312869045,1
918.6108189180171,765.8751278995379,803.7935364695453,927.2020877132572,611.5859366797339,299.8136100573594,39.8222565469083,822.1631483772923,719.1490946128627,514.1543087415586,605.1598731091531,990.9237793473,204.5225941196247,939.9907767193702,880.1286679011148,719.0584615877023,726.8569398764913,918.7927931982682,201.49423262854472,710.3499215543696,0
581.2350464917056,682.3726728442397,833.9999736033379,499.1369224451174,922.2649740799998,873.2654715839785,39.17735062820471,73.92970716679493,789.0363429557044,119.61497386277364,978.6175448995295,147.09307861767806,577.6990191418317,747.1128229222288,192.3727924834291,722.0012618396727,654.3915804462772,165.52723297456373,400.87555088818215,634.9827251249465,1
80.4144108053938,152.08598108809224,550.3415570249072,587.2513385842124,318.1103825843087,853.3921265389522,125.01123637543998,908.2823292718178,118.93283275066192,679.9834570181388,837.6212612110537,42.37193993449439,361.6268847518131,61.33957795358991,165.2555845917828,507.46227174234934,112.6719291543402,207.13315050432712,44.88952280499659,858.1102908842871,1
958.1035530970044,151.49278436737455,684.1468781887493,717.4560065348369,521.5410897349508,48.678330550254834,782.4698831557068,872.6044879747769,53.232215099126236,309.47358306736663,164.4460942618724,128.40492157658656,558.5402108694591,994.6542986897279,740.882577070625,618.3853001030125,867.4735191115993,408.4271573624244,211.99581214153207,489.36114287402677,1
297.4694904023003,365.7184534050975,552.3567513244549,819.7361506056845,514.1003250661178,895.2789786373189,283.71413220224395,110.67121885253084,301.75958536551605,613.1278577264976,765.5120774785803,576.7254988600338,883.9442895493271,49.55480077139707,860.1317931105947,598.0223109775214,447.90878883701714,904.5158993654173,25.055531747460336,709.9540647196714,0
333.5487099270056,721.971960928081,555.2547678225038,903.3538817769808,359.95178607814313,434.0924701715686,462.5859227089958,495.0984739826968,964.7647275024776,600.2506109368308,482.2711029980157,5.482581212709281,851.8414008089755,459.0771922983248,918.3359169893866,744.8192032962169,309.8591464629492,160.33754034256376,843.9368683385062,429.98076526140215,1
819.5120489824766,366.3282824586981,599.7064561680056,953.528989483791,943.4446932939333,328.42744844750547,481.8567560801066,133.9875136689399,988.5203684581802,85.36758564226842,149.33777494687817,186.02162356995024,415.1281096455013,175.46184613703508,116.11360563641205,229.56304733847588,145.52130954471033,340.9821352373652,350.5252786050881,990.0476879173202,1
381.6226852322907,869.7715982921204,402.9468153083138,368.99398222507784,230.3932532904408,517.5650922714121,667.6638669812492,608.8553327478573,302.43396755142106,748.2707136907555,64.71346148053226,809.4584510990873,667.1903340862924,559.5384676726186,119.96621770363092,854.4395138888989,744.5104997787118,886.9065433269714,76.9984189198245,367.4314521762003,0
287.45200880482355,124.75163904364939,636.4089054670536,800.597433701143,47.67461804239215,719.54683776337,74.51658915746029,739.7984351977698,363.8602824618765,380.4954986121485,632.2185753604425,351.24017367438444,951.6978019723381,257.02868708644723,944.2242900760561,59.97695693529581,170.47710725637933,537.0868474808199,218.56488708174393,531.8891273206307,1
851.8905250133561,871.1204936012053,375.4784305324029,762.2586446350141,80.32903746904285,337.6362997984194,301.8651318560107,493.27901462915213,312.177686402202,518.7443379083111,370.7987533891953,272.66147872575453,661.5942962918216,453.8748543539692,297.53808337750365,589.9126083767832,132.50884547267793,744.5741425323663,174.23375411137255,89.56761426558613,1
217.2165486753691,865.0996763886715,762.4286028612009,882.5044507446855,23.064712613664938,929.7374877595878,455.3119774017992,647.1854229302434,78.73308199418317,557.8089255065048,406.5953251111046,950.5077658345588,951.0673242021899,780.0830209347014,947.5012110281433,547.5559935050475,290.6307033507259,593.0775318700212,627.798827094632,853.0422065435966,0
659.6949415692238,125.04124654651628,103.74611970547353,844.1411191656356,807.1477186036658,611.1537115077012,480.77505321926805,167.1376834974584,903.5360506035767,493.1616840334304,278.1931803185037,779.2065094638638,456.92635687457914,461.2307270136664,674.0274052196066,337.5298477660188,270.6222872698929,650.6580654586763,43.64889791684401,752.217003402204,1
360.10240559736604,330.95981247645744,344.3139832358928,452.68452945830353,909.4370815470357,355.5465667257377,227.2935318688979,400.8908978137976,460.8260158999483,830.1328572009586,198.14057279748653,329.2804851222706,257.8027495091415,461.50262376871655,855.3613405531759,555.8386793340326,178.49569508944452,107.2316385225639,13.607343696632302,517.548392512889,1
94.3444579824162,468.4569958071435,957.7843689251141,20.826860280043547,524.6814046934547,38.60431124402641,90.51782052018198,554.496857115008,359.5285303154089,157.5302720257621,614.2633824727567,163.12155916415173,466.249725523191,999.9198113502902,528.9164867862205,423.6013864854591,581.3955062180395,297.39046170903237,243.4784023755827,683.4192146773026,1
302.1720200233903,753.7527801583831,377.9829462077,0.784846260116101,501.6997993085651,620.2609988905198,920.1571059553521,333.84536750177506,536.0002140945168,180.6031984279769,87.59625297960805,10.612269079513403,468.0119836975568,48.98933979066156,457.1185036982737,830.5713434988638,642.3949262879646,900.7059060691055,586.9763210392576,825.4098551651911,0
411.65393400739833,18.850549998461474,896.045907813992,894.7986528238778,354.6617684253376,651.817822107637,287.8469274335058,712.5604702809145,379.2847044981533,245.97491023016605,455.67735494544814,438.7723091411272,372.35985361595556,444.6271433772494,781.9098220900809,733.5464166132118,483.6602585814471,145.27609324644243,11.10059732070734,487.5206381184176,1
870.2284622291216,883.239263732519,766.9508861101344,601.1318392981295,491.57506794391804,844.4764479181487,646.9082291278008,895.0902660821588,363.0267507559476,680.3276125897956,584.2653895522363,657.1713944831099,36.74814023701589,730.7349550481529,332.6554274798331,735.6492722261978,711.9977643860979,833.3803450959982,154.6424066913078,455.17284776684386,0
890.6735732708448,315.37049426333897,980.3503775990865,468.0400113204457,691.240239468869,840.7219912265706,466.283789413842,574.298846625726,549.4506014159192,711.8473024857551,694.1506198406036,952.4621599950532,124.6068227878907,707.1148321000209,887.0660766580845,538.0915594250812,789.2755105575479,654.6758142465436,504.41596889724394,711.5730489848432,0
514.5066305712458,44.17918611829441,627.6975800989563,837.3260439359236,610.7034655812531,302.84570692510016,897.8161301304913,381.64196678680594,746.5756518946761,927.749824601876,125.66640159612142,240.65364278900037,805.7498587774004,159.07815877891963,373.3555198058536,253.01967684774183,570.62925287919,823.524205714612,836.7843052055466,468.44872289089244,0
708.844807137051,897.6471133245325,372.63431608723164,167.94327215525684,13.355617355164885,476.3025905948397,987.5188486201635,340.76469924489237,105.78666833890426,65.64234535461422,603.3788478124897,756.5632546421743,57.44069972600796,208.18103677518107,682.141359861344,57.90536626958265,318.5879342015926,166.91746622308813,35.14448662954817,682.9805148811963,1
761.6596582159569,771.6459685487545,875.0252244371678,670.0025689932947,642.4216615632378,693.7080876600755,991.0017348344062,125.17544343968979,283.6525545409221,660.5410128588971,77.01721575094777,98.73977498693498,117.08725556694766,908.790828632686,507.52733455298306,639.8383275574348,965.9027903116124,406.76201507426424,728.2070910386275,212.26835470069892,0
401.90461839628034,346.034771707627,744.2171444812934,587.69461363021,313.0178022767856,86.61811439084221,453.98140978290434,596.1250059259894,108.29090172173662,175.86296090345044,28.81752087899303,78.85870660364414,99.32039279346172,699.3749432555917,219.0423564585542,965.2538268399294,706.4423113352539,534.5933812651238,474.4830906033037,488.006016402784,1
225.79325115558845,647.8342807256772,114.68078299832696,512.9375155161395,721.4139244036793,82.70883348467217,555.1635340181192,796.906189461284,281.452733050886,91.77500853873799,878.0785256380475,860.2649969286082,579.3606493844748,875.4987200717294,319.52607304422077,927.8351511951797,957.9067347141316,399.06617289747857,102.46358503603636,652.680672656137,1
928.2323894156311,981.1007675182495,887.7086508495206,363.18839337373043,362.1907091486043,905.1752743051944,34.203153337794554,3.052170242426766,478.885869199274,56.85494611379016,983.1957797056635,341.10395071883926,976.040927470128,741.5101162822473,880.5823460165725,889.3196971606366,5.236414206812534,848.9064729205754,767.0184447118492,226.22417896709933,0
296.6895185103221,812.0262328262099,116.32216131187955,242.31828079769525,171.2917633307862,873.4587959791161,584.7135821686915,981.3412845445142,850.5630803702421,57.70845322336837,303.75449823834646,519.2583291752038,77.52749940337311,322.7981981045145,431.7076313542391,943.793772911035,916.7893683304372,143.0838458732363,615.1853170294509,328.6635176975743,1
907.5838901893204,693.5381273364148,684.4258266388471,611.3994913983806,781.2144059319234,768.4882767881293,129.72325187832323,928.4003569967657,613.5504047748375,966.3982649130337,798.3565516782485,629.3694230861789,962.5429695559191,918.0494370353748,255.43627913273158,474.3508608346058,22.006836923946782,941.2323477877172,593.0914164931881,46.87280597562038,0
814.258641253831,367.5555195594049,917.1776049731869,294.61772813381594,213.8353444699015,149.09913270346675,631.1045461442391,2.4690308013137763,117.42107817830549,857.5873922424182,489.61700325985345,336.2892142554251,776.0809021106428,719.4994379345825,98.51698808963295,148.27372416055195,33.87904245953865,64.85531795508325,755.6439610798542,264.51938047752856,1
441.7866392709491,19.336679417971236,153.12146887114474,622.9853704454064,756.3266410338359,369.6634636690417,248.3137209719445,289.28318210518324,396.5670077064306,269.366575126486,789.1028902036953,965.2458263730609,610.1240745138674,134.15981422952206,679.3325607080648,730.0786445370939,100.68327724295878,63.469339112697924,61.6438770708796,436.2990591008908,1
403.83090081510255,904.3755199801661,39.235791156953084,688.5080411269179,751.850127774657,756.139482081023,117.1220440156957,582.3206020027036,286.01774130055225,253.36032354369797,329.34900012695533,11.778694739410401,228.10291586743438,72.7238133231336,62.06659379205392,923.5037239909799,768.8280606914956,826.2001630315032,832.0102011225036,592.7297791269352,1
180.9160352303969,919.16443235478,582.729070253514,927.8512490847127,203.33587628825268,783.83077022807,657.1871280919803,889.7500912330275,169.6128810397215,222.73910751465664,798.6244774326107,59.2322538627823,621.3335225095814,734.7160614136781,220.8315420600493,450.46958810755,172.72541381661077,245.0352965319419,298.7424763173916,996.2556225290425,1
24.565964907954594,580.2848371115723,247.2042109939536,188.03210995058507,457.64501737393834,568.9443222525767,670.9411937122547,638.7973551416301,106.77241370185963,321.70638168499653,277.5055866625967,457.9328715887171,820.8587818999237,437.87194451872745,694.9997977848028,837.6444886662747,848.6161375111675,269.5907616578601,634.5671079197689,313.32090208973653,1
714.1026660755381,704.7154847826926,494.8733858897056,404.16940221478916,339.9775640306913,684.9153688689133,450.49152277482875,262.5108199457877,72.79607007784794,67.5575471389982,806.8161650172199,437.3360264626378,399.1700987856572,277.9581936010287,232.63007960884886,175.38630850355753,476.6820488912921,587.1391722056401,144.1045155204743,618.7668958491203,1
282.0164606308946,925.927288849258,605.1101213397687,967.8092980361523,491.6182959125683,946.7622313579039,682.5035526518733,174.83191746471383,338.0964018014151,71.62883166712986,807.6387709592526,468.2645328378919,478.45645849479445,123.85726187742296,498.77470752834154,871.0449860871753,926.6680334609886,921.4771577448456,84.03550048370833,561.9375040739399,0
557.3585131991981,390.4390629483837,363.5633825193625,815.2644199127983,317.1534379518702,984.8150383912742,903.8066496843304,24.730317136576364,18.46190916044488,532.9577806455201,603.1086495237333,294.62648409954693,458.47984225425864,990.2095975898695,524.2260245305122,967.6029198106951,896.8218577980767,222.35804839321403,994.9038783221836,672.0606486197652,1
58.10808316212612,809.0781540823318,499.17484009404103,956.6978417339863,752.7137951012339,833.9726004512274,652.840638669839,230.0133291131541,330.9712037067577,588.874581718445,362.2461055863512,556.1142831906428,930.3305173442569,430.5815679008803,865.7253161483926,487.66107275002213,825.3796139121561,107.1369801933224,112.46980791342554,89.91665631168333,1
80.9141668206499,479.19696372135377,303.92756846755066,668.5584021914507,446.0012709767981,199.06125048718727,449.52034105782457,315.56802732745126,929.0341547062314,431.20277585354427,481.04465658840235,529.0508752315527,795.2550230816113,211.0950625421465,278.0534194420572,766.9120488037943,17.042023715078237,812.745530264534,131.04398760293145,298.60070479829625,0
40.24804859650766,753.3876866282296,649.567758047299,556.4264399626758,593.1108150637667,590.9086921435472,202.98039365718935,200.76293137733902,286.6693913560091,480.10564353095197,862.0845025966368,802.5599507634682,425.526281470417,390.32076349577795,881.7966054377364,943.5079756960151,750.9023006305557,883.0236122903051,561.3612781993645,16.35569878915355,1
964.0485872014252,861.2813391127399,385.48783927952843,170.7351909747601,928.7700995659577,715.3213477317189,237.5162921552888,884.8983094063516,539.0588484638906,540.4894913026121,827.7657717928499,316.5752970287695,775.4517842616063,288.9160925913529,823.2107547736281,785.9202647090929,908.5323031434366,905.9069239621521,455.588274272951,28.617340771391888,0
629.6024446686059,219.63497090688756,298.2425803848697,736.6554122411667,576.4218445801612,575.237574527899,503.26035628566336,651.5326089930106,792.5771959014921,556.6077623731022,691.9142557447154,673.3875023177155,984.7989319155316,311.32067801470777,25.27007760322686,670.6417469188091,670.5732814717827,786.8036630625941,683.1495448362942,73.15062046363263,0
397.99975406711786,240.92529066094968,450.16788047917686,468.8755406815475,575.9702041027259,753.166178314607,225.0362473760663,847.5278589704424,225.62033871209198,765.527694928867,634.0755808140435,617.3407398994112,875.0385062702042,321.76852172652934,313.84980212950654,939.9081555119575,629.7067428321247,899.5193597528041,989.2070359181428,388.83116563978695,0
664.7468086263428,459.05982324692684,161.19637364184513,87.69232802886462,270.19269056035944,135.86352926487265,288.6784731041463,938.7046179957827,20.422031475776926,537.5778720235527,503.65608465840296,449.7129920794938,530.2076013929251,30.456011805361506,54.16203280969923,815.4532134747711,574.9254958631592,474.3656884048053,712.7932647594434,409.4443555179678,1
77.08669730819872,684.9997435461084,679.4200561957429,425.29340609256826,287.9780102302759,418.9229675540078,173.64529670954266,116.10950499498296,502.2774456249239,300.67477863018354,795.4942466222408,538.9353960110656,557.3768569884772,998.3586903074051,900.7023944531732,725.6279687188917,71.08944255198946,904.1324177533677,616.4399715552677,795.7215309215086,0
3.841493425430609,223.80435508063533,0.5340595379488278,576.5472545160103,778.6062680151539,74.55068944139897,712.8565596154662,579.6279885290081,21.049143015397398,114.78854288821694,599.1017353421988,584.2727059760733,630.6820993252788,890.5213681640914,640.1266853160366,627.8988955767134,791.7299128954988,960.4854027295465,890.7849858346145,34.77349169609623,0
529.747554133877,285.1923501692616,246.25807907451758,418.5358649176619,582.2324020789373,737.6038453958611,284.0909798377399,773.8488911598652,206.98786785691138,19.7736804571802,236.86660615735855,274.27045272332197,37.632054734203614,424.51400911686375,54.304813904283435,887.2993404305914,974.5625790330929,526.6424385391228,263.7540012615452,204.57657714349708,1
180.03380101528833,135.98797990044042,317.41319784812083,794.4016789532108,365.5620911896931,691.7748172433561,950.2606995435096,775.7969111957656,253.66426385906115,165.52352065813636,569.6875139248514,957.4140922569084,514.9367678164951,173.5560267049314,174.6061109124769,541.8451102432505,539.0212413059023,313.3848412753354,451.8813404634241,406.2302591944088,1
171.3596482786497,717.9926167155963,449.9130818637742,986.4623639430762,822.5402775447452,595.3870439143982,677.2650819865329,21.315515791086924,143.1059097625199,187.51394339092997,299.7724791688978,806.2451112224478,88.55088964493973,713.1024526778282,108.14138921454708,654.3236442120129,303.0499224436797,97.2638888637618,323.86334943810425,199.2327677243295,1
85.3794262833275,243.85581350055375,262.77288826456834,452.9151750753149,197.72780005990055,391.24404846506025,588.6919608020279,986.3343181974427,853.0264473591653,788.2172876957969,390.8556871843817,179.20468968343138,272.631796261815,120.97682748456972,768.4998014926543,369.59723904078237,190.45417774265317,44.53979375466333,371.78639212702103,188.47141085110565,1
888.0289674253329,521.5862803618595,490.18747288473764,376.93862548395094,667.8144794695983,964.9355010446232,181.11622069719436,617.6284296960898,118.30318809529084,70.67217758440624,602.65108750807,586.8239470446047,743.7651149676011,596.8497434068338,104.71258132406658,217.10398994492198,749.9204060831985,569.9461799353875,626.4643931852501,790.8459770066185,1
576.3808676753573,725.9944963208983,597.3690385476328,772.5676555890024,677.0190756504031,614.4304055262234,876.3477892343433,202.91620828828692,904.9043089110338,295.1509229824816,620.8556630767417,79.58079982623678,33.15440331790942,250.0673404529521,797.4746578111532,712.571831747939,341.2841817022629,243.71714509911646,584.0067030240153,168.2414348485969,1
780.0618261232445,334.7753855604856,895.4501681550329,185.3449508607672,362.20917594212165,843.7948851695014,674.5447453861649,380.02539706750395,712.9869511860102,416.63627951763294,45.010610678260285,145.11758585168243,29.731352251057164,351.4055583507444,440.3406278190214,281.41590819977415,124.06459962025917,783.9603420397221,324.681007885914,399.0754906916416,0
344.5683978501556,366.39963750305947,985.250598369886,592.4042270551904,397.9494834997523,113.9172413529267,972.5436163353729,521.2058758455938,751.0764666921227,931.1378872430772,621.6059339763473,674.0325633754077,315.6619455932312,946.957533855927,202.7433632866713,880.713357404906,589.1002464429213,94.57470945763092,114.429896594057,258.9736391955695,1
275.62968819040856,142.8475302744331,83.71423062934969,557.7046759829535,553.060139318988,730.6990566492814,964.608826739325,895.171100697818,3.769355447991396,309.55321513681054,669.2376370831955,623.473796123305,624.6643194353553,676.4126383336448,533.5751593653373,533.8822128118763,163.5842292275458,243.1355743626301,76.94497425741275,178.1389830072052,1
449.0256945600093,935.5671266970418,419.4784729234109,387.1978689416226,697.9832979284491,797.2460923270551,920.6996575697062,975.7498365185962,791.2714414689449,861.8086820642848,806.646070108993,135.00239678463666,388.05107882185507,665.9407241972618,175.0659922663924,201.47596267764746,546.9231774660511,312.491628041509,526.8254303760232,846.7046765265798,1
55.08610759782406,160.15204193794352,642.7145994045885,421.19002721665544,527.0879117492457,57.20162949813323,793.3739570893564,623.4943508628184,959.916078308235,791.0023675677677,628.2212283451295,642.9052669619526,496.1495669590864,822.500351382451,325.3876402667406,148.63235026024603,768.2038135438728,467.4389644116574,822.3169381234317,954.6694605133623,0
842.8832283380123,218.0662922257477,266.2317002115505,193.959173369623,928.9436809576041,309.2532429873358,621.2562035205692,858.4767570945177,126.59653082557098,826.6039815490655,233.99209045811887,784.8313521700362,940.4948187928427,744.3273565505391,149.86250440337102,665.4682768639105,608.0421991540791,991.4550995942161,329.1332902567265,723.1928490178548,0
931.7918053781266,724.2627768233706,96.74490042300587,75.90793038884458,652.6296218249225,968.498812176995,408.93598664326083,557.6464439329833,530.1222979351271,368.6490352765053,712.6532087877916,123.3526847555818,966.7636615752657,420.81569934993365,748.702111275741,517.0314572365195,903.4530676928787,861.7298348827743,864.1511492303373,27.361371797174684,0
964.4294795365263,797.746973097394,722.126519965973,195.1928235110091,943.4076082669982,812.7813706556299,631.3193993632668,373.80726933116637,697.3636825396135,10.161566061156035,364.6902244900587,561.0853272750767,756.5789303447032,885.158508083875,773.6144422937673,488.858934866186,878.7124493927244,912.998454704827,55.628646559940705,136.2665055983576,0
499.16014084436557,894.3999607597549,321.8350510729281,383.8116831865147,305.31412850278514,581.3524042819686,937.683216615896,627.4636877103806,305.5210041423232,156.46381292682153,155.56486191225972,892.0087712252824,172.12945691142755,654.9289864087868,267.42554787014103,421.71668320596825,434.44742446527016,287.5908342479786,414.41490969970585,553.6694225769322,1
692.5993272894565,281.36425669367924,408.57353975716717,30.688329186750572,97.70425739013166,752.9318990239718,164.17826724779195,856.5356974704571,900.9381211485775,915.1879124282781,503.37028548517804,588.7248409639948,649.1367636157214,774.0275536043828,520.9614792370577,622.088174502077,10.452923664144853,225.52652385669913,775.5099409148847,331.81009875211396,1
98.16662425584622,130.24325764708666,996.9919550872081,199.48837455975232,792.7089933841723,646.8959549862609,419.5177900139101,830.2403876206336,306.0323264549086,596.2107099753721,82.11422349271757,836.1487293360397,604.6771151982595,753.2617971356452,343.0926622322543,855.1436394083083,103.694980436434,515.7628013416976,342.3272272668666,152.39260059404756,1
66.9687389190049,562.927178602878,227.47697428882617,190.605751858258,125.00725850644557,229.7663348411718,449.59853200191714,711.5641990784995,922.4002270166624,91.53901983976986,366.87712394767027,852.5986970038863,948.3487254951705,246.26515182612886,188.71210882437606,569.8264443608479,822.477193135603,666.4952292149483,37.659353078207005,157.17386842039284,1
338.8640354925052,952.455087935161,365.64107313753516,646.8194856523934,741.1146787040685,99.43250771347833,170.96204300338437,878.3092258255717,545.4669902961181,27.151423772094674,214.12250107921395,654.0295394447253,373.1224603224397,333.51657472964644,612.9139866771174,221.15017753575717,207.4417218890967,738.1475067187555,40.641370104791854,296.1597161955947,1
110.71436192557427,404.2368525712933,134.09678803180293,36.726315338632354,430.6657296102684,567.9799166873703,411.8039890666824,170.86966578691087,363.18675508525365,337.40025000459303,836.8267729131371,440.6521892584463,80.54295930853871,699.595138549584,833.8116941725982,443.86395557140656,680.4402397021207,969.7959792291624,505.84766861458587,754.0433805860312,0
368.2737402386528,498.56290365838373,699.5529169260569,93.55828570374847,108.41068724875113,418.1089125626033,198.14775027010623,573.7424101515927,817.5588926887426,348.13705982346477,510.83578363757056,930.012213418551,309.88896154099285,611.7965930820986,456.68144304563265,863.3924659568395,440.9838046937624,115.62381396649823,230.7685307394388,157.16207296070627,1
22.839268620196364,828.3265822564011,858.002947416469,528.640373914121,690.391383572211,659.8715012905859,540.113963406741,85.01025427872366,219.88702713290053,914.723974502767,789.9069729620563,231.86701261497356,339.1827259242778,826.8318745559641,226.42991137236635,800.0898377417689,664.6951207632978,727.6976979983368,712.1479707694309,868.0231860287223,0
819.2047933693912,196.11056458656495,414.74915212535967,256.49491066435695,152.53787816368947,736.0149411177327,494.31403067091185,274.100820243147,739.8192226950033,522.8097878976191,127.2210115542085,356.53801058245307,305.7207251283598,742.7808318662768,311.6373137424832,383.57811803183426,144.62049791188102,273.36863464144056,423.77555901214913,896.1459513398637,1
654.5467803217978,970.899721933661,658.1744919755312,72.07700996991528,152.7786880976334,456.058702256766,133.94863151824288,884.4526668624796,414.8797647981012,112.19385129212289,695.832778516708,122.86122362521922,260.59941640787065,708.8904103355791,970.8719544821402,812.8835091654266,494.1724526520491,960.7396964345619,124.76153626471442,643.5270446357792,0
802.5423492105515,913.989339743475,620.7374673783908,328.19232085956287,931.0085071434448,451.91434569979526,433.09835886230843,41.2773145396591,623.8879066428527,542.6749334605225,713.9173000263006,194.5587788058706,769.1828861523566,279.64614242427,877.9315771716133,232.54147514110457,839.0428560907186,593.1234363456258,777.0595832647728,337.04437888321115,1
125.23084865051581,480.3421069027768,343.19678034889967,387.2079689318826,630.984993502209,883.2834458598714,777.6712301692876,317.96717473124136,984.2793798482625,748.2539677203055,93.7198556952028,932.3082024102326,215.1916037186552,977.3769215394581,562.4075848090296,923.6896607881628,901.3386595833838,808.3169801204225,789.187915032322,512.0884590194786,0
667.5621139453344,192.93740023449246,967.5052078296837,785.8574615538105,617.2802130291777,589.45569036126,950.4714592352317,38.97490605523002,413.5903653996019,477.43808875190086,78.28177593318874,550.8397668928673,534.9323226383141,692.4614048508038,692.468650200388,122.56454556187335,137.18577370981077,458.85222748178325,942.5040431838693,535.78782774536,0
383.52437648060476,311.37430507880106,951.0781186876623,795.435727134267,62.821386138139815,926.9339445069182,692.4476241448417,155.0411058316886,438.3408293272347,170.95307074713816,676.9204976002208,799.8032724964571,866.3063299105511,239.06585862626994,885.8107566771429,346.7539065864187,840.2302350054115,908.5212665395096,324.10441953707715,62.552127845817765,0
921.2714681598068,432.93910998957875,523.0209183579772,370.509729105354,935.5532305818471,943.1286632856335,770.0505982735747,516.1353501001502,255.94995538289112,431.00400012431083,815.7273716261711,873.527922780823,619.0678362240307,947.2383700367475,280.1047568184519,655.1796515618728,466.845016912271,255.238056253565,181.3452158904173,683.8976490019795,1
53.092822740986925,800.4143012434434,63.83224415617828,887.8362003270386,770.9004791830079,15.808677744666655,957.3278393648022,286.82543843210664,776.9614548973368,230.5519430051207,516.3788914662608,992.5533914983176,402.09434841715444,264.07672991190043,414.2658639558672,982.1506322068807,887.7034298127206,909.6504534880738,540.2072570292065,695.7265475783515,0
342.74419013778726,228.23073113674963,314.95296806169125,862.975823435345,493.2061240877144,682.2324381218201,492.12107993283604,89.96046126749214,717.2827727936918,700.3117520113332,825.6117555738905,285.67131864580864,519.5427615963016,502.73106126145484,697.9374025323361,488.89697133090016,76.75699743034514,687.6793422658035,168.52508755642637,573.0810499389371,1
178.09840163963364,401.50487435223835,732.6866387863885,754.4996786459755,964.757785845854,209.09035471014815,20.39462266381742,904.1980171741968,496.9329563283058,70.309473733433,85.20917679697537,888.7933140409519,520.3015104286111,258.30533441797445,521.5786307455659,660.0462235882239,654.1636606881053,142.7332214323972,950.6081684752994,279.164192769193,1
865.6676586576041,732.2418117981825,107.85159653509902,592.2095460521613,731.4935315854751,414.3072022525337,227.84622445078173,460.3590901627816,990.4663523060467,801.0726170391334,554.2719690535016,603.1934024463766,450.81492660124087,304.72221432566204,209.91418130319573,62.078679192905774,81.08410144233669,921.9653710672328,96.52161023844053,912.1756438816844,0
121.42212147667364,828.8607394936721,433.1269897483716,935.9886520955407,398.4425435334732,243.35537810117626,294.50283768735966,961.6703424149772,947.0397700049972,585.1155704831413,878.9174389615705,412.1758902528556,986.7030271123666,972.8063330681114,619.3934231622875,242.3357174712415,577.2932358765555,458.95797310559095,605.9318782315831,546.4201228183553,1
953.9319979214947,454.39948422420986,150.10243547068836,622.4203026729723,759.3547110605905,129.438351685479,326.11407494343115,208.7033725969114,100.9097195080867,968.4314805857374,955.6135397360205,55.70031426189826,320.3488408303596,80.44709222026269,740.8775342916886,248.35324078314503,651.4859217205673,560.0179640330864,397.21266108829786,434.38014147089,1
103.61883629070046,232.48275716910982,92.48926456744944,299.7889992849224,972.4112069511357,354.08322639201606,752.5578487219079,223.63495977532054,109.93994817016173,935.3147574541603,870.4708275060448,526.4449711343219,72.5098854714834,652.4458505650801,805.0665646450149,847.2979177672589,4.68864075513209,849.0341149991676,629.2173643027446,183.26183047490298,0
320.10061752267285,216.67655927761155,114.91009909615579,516.3306930244678,696.9948070014285,325.84817943149034,995.0528992149732,102.19508863169213,763.8599438628969,484.19398300609674,199.12116646434853,182.8413313338485,4.366099124120448,130.70728586296843,942.5806484312722,834.0119597217584,422.0308349230617,262.59397009209715,815.4691093704505,795.9804755070174,1
54.838185604286885,476.3426383425603,693.7339646897516,19.876334134676597,626.3192265618417,835.9594839603988,833.5692665914896,322.73618586101304,28.326287630230706,247.79092297607642,151.97856096404473,874.8591970199858,592.2534442526076,455.05663200925784,891.8872397388316,413.61035520676694,692.080336819944,115.86808563075401,856.1202991918254,31.64015800293796,1
116.65714341199785,270.64170764437876,840.5455701217248,984.9104782036318,588.7816169919096,777.1172463547206,161.22704390199104,952.4057324390317,85.93805968524815,653.4713593505584,20.880605902948158,654.7638330289384,210.06270266478688,308.9213099838296,293.26248648255824,560.5564534703067,968.3613581987732,458.07088005165286,770.9265384433219,652.7601311893051,1
974.0563621555956,195.9160049776687,373.0741567334317,841.6286616328456,807.2147622422895,548.5488586060573,249.50835055036023,359.20495292608365,585.2801398192619,402.80869245978636,45.65051923304908,768.4499967061,735.5703267151601,824.5750278713066,82.76329712876496,360.3160820104192,95.76865737976281,988.4964821531266,929.0792287581963,393.54217845848814,0
845.1786049689846,827.1284227517725,226.9176739673975,178.28567466703038,817.4610958958506,967.3992056507268,260.2501982457759,314.7793124836723,459.3980661945603,181.61371517922075,535.2326553472305,245.77658737314468,62.39391907887659,102.56712341667374,550.6508417405023,683.3147221635605,112.07547837475585,405.88383038492435,623.2236083141761,956.2469724094437,1
82.51306705852524,409.2385188385358,330.05023957690605,476.46177870060535,528.3009111672121,180.43285152899037,872.8963553207171,917.6596168675933,503.2396887962526,886.8378236888525,355.15690528740186,561.8422100934899,148.86426776853833,644.429238643942,454.45927398679953,0.05103251968618938,855.4490633558381,978.0994518029819,737.301781149776,504.09782909165347,0
813.537006731214,695.9398142744528,516.3306608926395,244.00823655756275,707.4868588103903,160.2410132795933,26.555822209604287,800.4060698381452,429.1009448370293,448.31266698614803,481.3284679396569,825.2333360589298,265.36071959803354,673.8140433288529,300.33191552432123,52.409203552501225,516.6950866630087,53.51728791402244,993.3955079573783,497.1197101431931,1
676.8144320476521,797.2893471255516,205.44768939968384,978.2854362870879,913.643788353141,785.1644718063029,190.32206939704344,744.8402499481533,436.05286469388915,890.0118422065851,966.6208799546899,193.12851497542673,732.8840996753729,413.2000934107768,189.37088349130315,694.8941770381722,644.9223264841186,459.62927521026995,143.3308253683385,128.19865596399083,1
735.5106144174102,210.7029439018725,63.36787666479604,858.5726670175516,635.1998183213641,118.76956963650254,124.36262649098306,778.7465878647965,564.4285650695256,911.9992587578604,907.5941435869781,736.8736233691991,726.208627912533,682.6840442270276,19.3998235866345,410.24194458148065,803.2684774450357,62.662875515337,438.1748333208709,839.723571534928,1
165.80443485734807,706.7818223885187,181.91137656434609,519.3750329633675,587.9508365446137,356.4202788634616,61.87923775267357,564.8525219469959,262.5905546800339,241.2835483975776,479.5052417052208,100.36203511595043,267.93404955953883,908.5734700589232,494.2661589040266,523.3028791558094,514.5329929381547,367.5763079727288,814.601627736251,648.8898898979144,1
984.6179022890901,283.48307191215093,831.2018176241676,455.3441919692348,578.148900369347,998.14411900991,102.49071307219782,787.2084090456957,899.3009139416334,752.2040416480135,817.4171147665564,218.3704645137188,102.3984245992282,460.55528004371325,620.821849861642,627.6443009635109,13.242186318905723,265.63214735921235,801.670613401493,263.0743306091632,1
434.6852113200007,374.3140584284833,667.1241710875668,542.1787927876808,495.6451925653452,393.6220602423656,999.8658617667791,135.15763870552323,276.479741545493,746.3637306516534,857.2097913215689,799.1374729507519,362.28997475962785,789.907101479764,255.6319113810328,260.3098373102154,724.0322980097721,218.21506347949892,103.2115133437732,770.8310311419169,1
699.9880541389679,880.5430672629582,276.20994609570414,805.2428578107115,259.71047300096194,230.48162933799176,406.98996514051834,982.315246247862,2.768372669241237,671.3054905446454,956.7141427359277,92.30934319966522,147.61011284882443,946.8262439580849,224.65331426647904,59.21644563496653,84.64656615711574,480.0318967890516,77.76205378997192,674.3817334798238,1
771.2198046522558,969.8892823185005,325.2662350039914,167.4026108860448,495.1026932751136,417.14395710269014,468.0615134196967,65.2811008296168,728.8735711852461,348.8091012607656,49.14656438353349,249.25229738484077,542.9897449819272,487.65335740363656,848.4051654137243,635.3008205026617,909.6475799646494,252.88916199125956,120.38270349429747,213.70800950414372,1
312.0413037915103,653.4147626987741,216.11905714116875,799.1020997887666,89.30405713854506,242.13469597847148,76.05797097853473,415.2357628433735,110.62683473593515,279.4797194146055,325.7768212530074,914.3044952823006,802.4333707846455,92.92642610920676,155.1246535947638,631.6788808029175,889.6930577577293,389.94467652372214,530.8379952425142,868.9403373066694,1
508.9755011659557,845.0777368911359,943.9616142826693,496.7233325852223,136.8235232803745,248.10004972528165,356.1513042467147,260.83686516467566,225.8853410947722,746.1982856001189,34.737216710862604,741.200734008998,146.1165154924532,450.17713635621726,50.05946117871585,104.05244769307687,389.35579046625867,284.0487329817227,256.6403962966112,648.8183843622728,1
410.2362854130164,538.2617347058449,33.948992730699736,48.76724675353727,645.6398520754171,471.8627051165687,81.57125817993548,855.2736774496807,176.06367124865264,805.8643928148093,268.59660407522745,684.9651029742682,646.2918461262121,502.4601399058837,731.8764272282122,143.39069755324007,850.8459541659316,695.5220308095958,149.4741205372231,883.3826535257687,1
22.112165533236805,586.640904296976,238.0472315493253,601.8087865913807,536.4793718919364,442.2524868137856,721.637191105789,529.2946601664889,613.8169269974478,275.69609745169964,518.2867308051904,604.4182972199228,23.413954495044464,951.1384190415152,57.27009061981869,411.9744833243224,46.587348232958625,604.9444015850087,912.6991982346113,507.5934545687152,0
747.5097314608904,762.4020272427466,151.92543719792573,437.127130461201,89.78111768989527,273.6025864930204,171.10563913660116,621.9292642452475,175.81281266093274,177.54575222487802,953.109448571897,509.7769578168827,529.6652299430045,883.9839867150251,444.2263977765344,148.90290089751744,848.5395793462259,991.491708454184,860.0263352683409,835.8851054307165,0
941.4143260586284,993.2965606420156,480.64396590756775,214.73878650138823,774.8204674910407,880.6658646753273,669.5872457446169,660.034242499639,819.0798952790279,296.68993110291984,985.4734920780361,791.1068304254712,187.02759402777735,393.5113161107059,40.89709001811326,525.6680412831478,622.9927095251442,703.9919977148646,674.6306744111213,552.783335838142,0
476.08529201312365,184.64528103392942,222.89590216677757,710.9796605575314,365.3993276685622,771.7195836192724,743.4768897823809,680.8598562037033,866.4409543417996,355.33501034044724,104.05724388824001,825.0923293138828,911.8235834826828,325.29168444130664,408.5218095054228,397.6188618948412,807.417400655187,161.63198867096196,382.79555345204295,737.6464459278668,1
597.9451796518345,629.7161945832049,219.72722925091026,605.2891645454844,257.7194751195738,905.718787474991,873.2569656555639,963.8213688558061,177.98543069965288,527.25798555355,912.1935054216842,858.4712283550567,550.5992635453722,686.0337504853006,588.6969435426146,812.9587201236811,174.14581078990477,732.5102244269593,259.8977440439508,781.0566629469866,0
254.1676765840186,724.8627706005499,887.2809224551879,196.1125387164151,602.3157578024111,287.14157730213196,412.1343111410124,545.5771082104615,640.1266717990699,477.33828683709066,970.547569543704,287.05673513194387,865.4320699000754,288.2330118706414,359.4717516044399,862.1521574660048,141.89170845212539,54.28983292004763,405.43937141358344,700.3051850552615,1
210.3473951687056,58.757418349053566,954.1898385690099,543.5012334849836,470.14521208100126,704.884108577427,523.8495279056781,410.4587292044638,195.77435677731813,572.667183942035,629.8331058124746,415.570170393923,138.77172068321465,36.98904637341549,253.93429709833248,634.7096052091492,150.29926894760337,517.6676238585637,175.8025692934283,211.24796294556015,1
53.62363530863312,80.12516146208426,655.4955686349685,949.7387971622297,842.6867672743225,659.0352546885158,570.8972860829028,845.1476511563453,689.8724378121367,726.6582691386658,690.6017787518505,893.3075599355498,693.0999805811823,617.2273358619028,571.8577265684597,432.81440562909745,344.2571503552623,240.92186375070347,830.3011839316582,635.002403813973,1
801.4268272058683,390.315287863925,337.8009864853767,275.89043436050645,708.1512022997897,211.03816609835513,357.0506773114198,92.79437997721263,23.867921117196378,918.2252633837871,18.176353886268927,374.82614808068547,471.849608587949,323.57506026073713,472.7605593141928,70.93419302700154,155.46805802909847,561.5597725819256,397.47181391228617,403.58239958687204,1
474.2881884730442,12.737114038065878,574.0842731952652,709.2759170981419,357.21409045620135,795.6491518839138,977.8019440793635,875.3651094205691,269.4779413213195,648.0984797424053,421.3713888064008,816.68937364848,146.81727275421787,153.17740856524287,527.7165021502738,653.8608918325327,888.9747762096387,8.77802183190257,976.1946316330253,933.6060785213854,1
121.08026174315489,983.0894506201502,507.23449803732854,99.51916699446738,180.28602594763976,504.69330660361123,8.710510173720266,542.375345868327,711.1741186360791,915.2607124400126,761.1227348171758,510.18790126583303,886.2078574697405,599.8543322108534,929.6613216994724,554.9243394074197,767.5545335568827,346.8560717974971,137.34740510234423,156.96672522456078,1
502.32696695683285,529.9210294121804,537.0278354323782,394.5368626377017,425.5422799513145,928.7682645408647,16.853418268824583,532.723264125719,390.9320128370266,509.34561563836553,195.5962117335175,745.7538983750684,758.0732003040104,92.27623693069242,169.3828162991977,281.65089056949023,582.6196776852388,304.1066310662559,668.0722146907316,120.24231030168797,1
6.08818929281385,512.0796703518544,493.4527002860897,233.23511947181873,963.1772896481708,27.547289812200336,528.2135539847689,195.05616914680135,61.67224481451028,67.94850134215524,34.99806108481718,331.41658989892085,478.0403942695748,370.5231026200587,827.2836258217235,837.3296570996206,710.1021544273354,223.54941476835887,269.9092311830676,227.52696004329786,1
301.54778874561896,308.5818675542374,470.08500256443097,545.692812319383,60.072357522538255,183.72913383620926,384.2017304306089,204.90325559878508,99.31212147846446,590.7347749431741,567.5033713028508,563.2541379510427,890.8455532024773,581.3725708902206,772.2137430820844,191.58301533922307,596.810871861159,898.7859181003472,54.90369409661944,202.62578313793634,0
709.4207586849063,725.2979042796057,276.08515019892496,993.0114170534106,858.1856542278289,993.074486435379,999.6243588164415,166.77673339534104,856.5709185231618,426.70481784480086,925.7555583767976,373.670321254179,885.5306033087069,844.4083140821298,263.7456178352989,159.27413345177055,262.0232631514815,687.2784245957733,129.21643447537377,238.52807448983614,0
306.0962110003065,234.26541850446947,507.8348399852259,7.40254907062321,946.0362056003137,154.34039782510422,509.5152599105053,87.2856213965293,516.4230818598988,776.3331887497276,548.2033587602075,545.6277240543811,981.6919972847528,890.3054426870859,58.70423022905702,555.0946754522881,121.90918550561713,198.26198229962844,385.3518994063816,415.0427873531376,1
608.84590081915,798.4157760882042,844.3974908341463,767.5818429866486,153.26473497527726,326.82841701392493,578.8546997308365,313.87921296778956,591.370493903051,824.4876579829617,374.76746070761135,717.3207908575724,618.4967896531347,298.57096966668763,115.17307400440058,859.8011535875983,554.9383523161966,146.6321832359161,144.6758233763009,427.50480187945305,1
843.4427660088498,485.9710533391072,411.26833980454023,860.6644922063786,324.7806997921844,40.8286276117873,736.7403342151991,397.45260115523615,590.720421119052,719.7291267404837,811.2187381985939,532.1954489480917,701.7560329351329,871.8133564723145,149.01138912945754,994.5625814486041,764.5121059857161,988.0341635109223,463.24906251381117,619.5431543372201,0
56.24081986155027,14.127205086188255,773.6372143595952,291.2443150629175,357.8654231034066,506.42947403609816,962.0769928493465,122.0104559858014,940.3328825439132,992.4604324656417,722.482211836702,751.6334386958786,649.216241130452,91.00276616435788,382.2663470400927,686.1178668322996,132.30226240460652,867.157554618089,782.3443292252338,461.9218845365981,0
818.0545190810857,526.4188481012541,689.0904921624397,27.65744159534411,477.3629550428117,373.85480578868567,109.95061713982734,11.174911704290192,539.1729648247451,119.82992391533965,896.904664995101,222.52736650807125,454.8374206486755,49.03053014695424,405.8480535240595,275.63222081368156,120.19158768172178,324.6495388454708,146.66031339543127,289.09461668521897,1
131.95748985537824,692.6134862874941,390.25560184013506,937.5883865856204,472.6528539321633,742.9778369142307,462.9820716848794,40.51316796591842,529.1429163437678,744.8568703165768,32.839669210634526,707.8691142762843,70.87163394895957,325.9850364747206,53.25738970261551,584.436025873441,802.3762003929115,210.62926994234832,196.57539921714206,88.29174818601449,1
407.4582483707776,851.011567134412,732.0283569075093,389.80208704866936,871.6305054026475,87.59805909515295,237.21698477633436,275.675493527075,5.73400309973171,431.5849472977529,196.54041935480825,947.8008979271225,323.9379182181551,736.1090188530121,817.262938524235,57.78021431383007,235.76656608463685,578.2356314437409,246.9820611048754,735.1828915320683,1
221.28214169480353,153.11764891768232,247.99420229976354,156.59007947384995,26.04533027899336,759.0254398532945,270.2747693081069,629.4294037772713,967.9507831120601,498.4795163100152,69.88351766085931,749.8040407526332,231.69884168539377,737.2472623959666,930.6098728382667,577.1956641632506,835.3308449155768,675.932439423874,33.072910645542294,109.61850045366639,1
179.85612641397765,560.7617283031166,595.1608330806109,959.8160236600362,89.70782007602884,853.8960960524719,306.19151858079874,469.0063403843181,380.34583970268466,311.4001457377117,128.15553141865044,802.8460722471154,78.88749869765488,214.03995110113948,734.6233309245563,922.0796749171543,911.2879337597004,607.0184540339034,306.84949156363695,671.0197265544562,1
846.5723909407583,590.0644122246487,661.9301670544417,143.0071553896678,442.55497810557176,287.8361457295927,863.3923758175823,856.7845349439797,948.6594729837259,804.1404684286963,207.7252523794817,231.75515905478073,570.1518308822614,311.26414329970686,778.9297824565489,480.07928613784645,486.71631737637966,283.08285610340647,839.4652397152752,732.2631460711012,1
673.9540533093419,41.88477467808471,999.7796103148768,894.6865231903859,85.2238430442871,123.89910659088976,672.3887563383882,496.98742157123235,787.3843136997812,14.43617926362073,542.1563096656514,315.98640594826225,616.3908332629007,158.37910866696015,489.71154769389227,607.089472824712,546.7973284134828,294.3402656930779,725.7499731913954,10.925519519003558,1
463.49595593657165,902.8843484180397,539.0794835795057,824.8375643492739,664.2645837058977,178.30947887614846,486.14718299676474,579.2575530530055,926.9719382169627,424.90012623619987,286.3296618853183,759.39126149721,369.2497316940494,941.2707683702414,425.90273602519943,528.4678247316762,476.91206047488953,327.0469253896463,319.13021493435065,883.5209119312162,1
744.2669457109126,697.6283513652223,129.17878168284435,338.11355347615523,199.55677472958487,382.489094476691,520.2093668643884,724.721070350148,718.439047339742,528.4122745202801,14.829426416506974,975.9244096706359,623.8751038976329,824.4243492562277,322.9540490496563,513.2040715013799,319.3626415234482,761.2985758518389,328.10562184674774,537.1394441593733,0
460.85636241717987,334.70404759459626,767.4065876241716,158.1022078744001,919.6632147964067,680.2962887855988,5.5011203109052165,795.3169360856563,302.6345008651661,689.7503966579711,413.26944490769523,61.863215646110525,521.6127913657928,36.944807842452796,721.9418090498253,267.0023866462987,54.92884935361075,296.2796803958292,698.986472950774,236.43548049732533,1
457.62061159218104,792.2641593746129,288.87534405356274,381.28140891871556,861.0808163222202,742.1233624674279,540.190060982944,475.37489574349723,353.8637841491995,275.09740328857714,934.2288147251996,454.93944466229107,270.85682768530563,750.6157788559033,520.9769004811205,920.2856956058793,712.3914531691915,380.60778788062976,627.6251560407367,576.7200613859313,1
620.0916515321129,822.2439944399591,49.18227336412251,172.70008165399764,844.5729929415202,691.2313691761544,529.4823584742954,977.0770242558765,635.0293045931431,643.6470742443458,961.7873399107766,924.4153594678836,316.1347468408635,253.2848645445409,632.5242117781562,626.1976975132785,935.1170874890489,121.85120528360427,644.9116399683132,737.3788571090552,1
836.5915510765391,951.0449881774126,181.81747556398707,156.32881528197296,608.4673680745631,781.3805219364341,95.71234348812719,404.8775711881497,622.765908516448,582.3767245126697,372.50703564596864,983.1953739136683,824.752865546514,821.8246462913894,946.4634978707838,2.407869178666866,491.0034033878494,816.7895047711911,71.40124664170189,478.00416104423505,0
981.1598928712756,792.2408456817932,193.6281067413147,230.83621252458985,784.5352453853134,822.4834837276369,759.3503045412994,684.694760286051,972.1468505095414,63.03760527706892,158.1644542154287,903.5135741243502,222.85687938507849,451.9749708186368,942.6526174072497,33.37658198018323,470.3363568940676,304.6392410290499,209.93226843550983,319.3608812732217,1
882.6468134426295,644.5051923062188,446.1073813329466,368.2256617555806,235.84516322794246,431.6781631608951,485.093228070412,421.39212568004405,483.19530286485355,821.6656767136284,659.2847386735511,759.8001839817307,154.45209569867458,813.1925055408528,382.50919144873654,973.8049079523123,979.1548134381843,391.3027123489151,187.40611606269775,994.0815681888024,1
291.7363732374345,626.4230027146497,873.3764019354853,646.1338560458793,995.8627882877805,624.2522654762536,698.4703001434934,221.8191790795808,994.8519492329177,794.9566486198146,711.6502743660457,471.37497474109534,522.0525794191822,402.11972241530646,779.7925653399998,470.5208756801286,964.9971291216287,579.4910652846185,750.1617898396504,385.650968629306,1
589.6926512640445,410.64467202422406,169.26617726987004,411.22252581790184,280.3480027156942,24.054893502073128,921.4285283292463,409.00681701130395,944.6625763789299,56.10021347200978,301.63021603774774,347.2827178184759,272.81029594000586,214.57099432589766,12.853895674359572,50.98713869260363,345.33238168203104,945.5141533296134,822.9133874167512,456.2868838008587,0
800.2778769326184,179.48008349566203,662.6746980008065,944.4551837010418,312.9337266823382,308.1810830049759,725.747650305203,485.9611813749494,964.4969027135733,107.11361365087035,348.40606176290237,232.66925042505505,344.8285925091763,36.9628535807669,244.89054981198055,344.54515888169857,427.8355268131161,401.2129913665938,297.6792956346749,284.5487820055066,1
782.2725035827092,342.0873226751695,636.2722273039525,688.818534724469,739.703303811467,10.850811903406976,492.5327718012051,359.0926474073051,763.0797777897897,471.36615403265705,409.6698573681813,852.0301048760837,474.6163143199769,264.9968248672844,574.7002957835041,361.7099996570882,434.0945050613385,642.9399628018828,466.076610305462,830.307336213997,1
343.94557340003894,56.10159544850624,109.39034950977988,421.38511100150953,275.863671922681,630.1237645551012,148.22010660180806,135.12372124217188,298.2119466567853,279.66819403366173,38.012865313337365,854.3666865690808,687.0369058747407,870.6428030124634,534.5249591980058,964.64726358559,803.0339083571546,440.17886280232267,898.3895140137172,243.02549514689397,1
974.817833873465,657.9608212410445,720.7525838350413,498.425433130556,530.6519373354561,688.3291438208887,919.5520026206851,510.77015620694067,651.2755789975505,510.5422110696741,511.41790089476467,643.536723531362,715.5497084182346,537.5733975321995,377.54777498737803,723.767037699553,437.81937587068666,509.80068793373357,576.2145621999289,411.62689255398897,0
840.5196021686444,652.7646074505084,234.26571106467898,363.5886552736144,828.7259853814606,611.0663226754534,725.4205031723347,150.92237591402824,702.6479911738563,793.0875870480991,927.7335679605084,61.084914724901296,675.4940760248228,229.7388055698808,998.5006828829919,691.7627382384655,246.17251167723754,672.012665343896,139.3795019504155,207.08413719107455,0
777.0320747706112,836.1033043132147,564.4219131703936,312.8986963982806,908.8139879141307,156.64971801865002,297.2231129061422,689.7291876680498,537.7800557085625,783.6594281819794,890.3384615752682,875.3172003299308,673.7702834953178,595.5020334589981,361.04511603723097,169.20883651771413,341.46436987175076,419.38516602144614,477.10298252877357,257.53666809690367,1
582.4448648014791,829.3849843541672,76.63997964787129,926.4433391793874,745.5135638257705,18.859752341903622,937.44737289651,944.5883639577198,199.25583254854683,567.6933441968511,220.43334289213712,764.3092865928772,11.638489937077502,427.153510599968,985.390538787459,109.89741458967084,352.7157899959368,237.0510185556347,86.63590588944892,548.289191981265,1
422.7718571736514,116.42014173834858,535.208676321927,315.5260582150394,728.6475214562424,598.793571598062,823.6633360399815,588.525802314228,746.9650880996014,279.6942173647995,606.4478740654032,947.2681216350405,284.01854333821376,692.6147597432864,508.7133418380506,270.94016307106364,335.4574244274102,611.1140794997553,301.57616218207437,32.69107877746935,0
400.04767642727523,322.55091852386374,251.49170812701294,28.6707172557098,790.4115462829541,471.54752285752863,28.927475567116502,166.0489212899471,573.3323469689317,473.4088634212834,237.55138682191267,563.3510858368213,116.74835264386574,823.5416154450937,428.8488070738871,341.2964725545514,886.5095285708273,479.1297802438154,260.70954761714125,645.1779648849706,1
53.732128946397005,40.83725835637764,664.8116336626205,818.0482981503166,740.44843387329,779.8937220666422,771.7787938951384,847.3793310895071,181.14766063415476,863.3888740701024,707.5190980130168,600.8913868802218,191.02334541177234,818.1685020099412,584.8680399858443,223.07845060090258,64.79542796286053,641.6024615218182,721.5989139136681,760.2624233541302,0
30.952786603037797,534.7973554028872,564.3119099922228,301.61887385374206,148.07550199165664,727.8422060630938,246.59498531287093,632.3675023291594,632.9541656928479,638.680035833506,860.4897348501272,699.3076594944577,191.5034139508658,820.6959087456557,176.6308099401418,378.1515626986359,790.1177908296144,43.247127489658865,522.8506060780576,60.17528404440442,1
308.1865781493015,737.4817100757105,215.86183040427122,94.83716620790872,835.614476801418,581.5990872175223,773.1629601948183,525.220821872354,967.4348479435733,784.8611496654675,105.8110607508046,33.24386914145416,149.83426048531712,70.29894794219848,604.4633168062893,539.0160146460493,672.8618319129725,50.064601054334744,820.5281682449854,77.13304270949706,1
701.0262366529203,130.28973380091747,298.54163730877883,152.6737147210081,641.1852269823385,948.5000151485903,43.27782259094193,990.4502416445322,58.63047100002539,200.45155703208928,40.325607695250284,887.7364917381545,562.9064725653739,265.2200831870011,710.7351963440204,604.8111251579138,501.7984115117317,424.0856848591926,290.13658766751007,727.6505531899253,1
87.13444754267763,845.6590745737927,640.7386486403819,702.118154721418,896.9706111465212,574.987528543014,274.4676629509878,215.65034244267102,823.2882957994539,398.508810409099,204.78405886821983,771.2062228272648,129.75112662754483,998.8225748111412,451.9108858200015,932.1515887305142,661.7510567416032,129.82381409933862,856.9985811943595,293.23117812440927,1
743.896436803145,879.5598257577157,4.521468599388734,143.19356944780836,405.4689200853937,102.01547768141073,9.80482833930607,609.8280552796555,463.5585825647789,170.1268835254467,170.40024628471295,525.1773725395492,425.9909601510507,187.44709379180767,373.69159497505467,889.2394983697455,25.245821045693617,808.1768253871267,240.457361199779,518.2982109466869,1
992.0946738232722,357.1205454617954,179.7856726559186,273.00450849187473,848.2971984978756,640.5475329680988,299.23383250519606,697.0976730247363,503.47425834124147,103.17605890542625,14.188927890060876,763.7303618949154,648.6732982847451,215.04736496317668,513.0013070763137,527.9440988478642,989.9393264896585,219.07210003613443,591.2249880335385,876.3431936757987,1
109.3997269644834,262.5191842305,469.358968546709,400.48057723138385,111.8892371179453,415.0487769441208,876.4192617380509,599.431662705108,438.2028010980256,185.5180411969727,60.22413837273732,124.17634123404642,649.6938672044603,286.7104487996981,556.0459099326886,406.23056771100363,427.7484980632975,851.0386908632156,901.2089387109893,816.2559838594098,0
216.8071315321738,653.5234164877693,890.4764329678642,775.3100564389798,957.349342630297,449.2459547078176,585.2781254240201,674.9982455636724,987.3739772630503,104.12321116802536,790.5256617363611,974.8281386778153,612.7478139750273,681.4751543970345,985.3330616799417,967.0506814303394,935.8838786998352,818.8610137092494,840.3940076556252,970.7886511845566,0
557.8331688327642,382.30448618865074,561.0692527146995,723.0294578847245,748.1664415935151,100.41980494610047,44.59340978801529,231.69037192829535,546.4960738838407,830.9911342952241,308.29896589690054,406.70783886684603,823.0614861825406,26.41092824085145,975.0438990125294,61.031784323243635,567.9854407807329,258.38892588469355,879.1867070996464,570.5658340526417,1
481.7606595921301,927.3931002224152,13.709193935662167,404.9473537989744,391.2892882624764,851.2458362958084,744.2132972525125,326.5474481103337,193.1269926720075,615.5723753740591,389.956800088326,158.42489740181054,869.387969692231,433.3089418578957,888.3261119598379,783.5031207082966,243.52069545626375,762.4197899524952,151.40409772230333,177.51248217761494,0
941.2246661081483,994.1898405996478,861.7356054174435,624.0096225439565,935.5963233902689,932.0120877652837,137.66579884476315,812.0517032447275,178.51236894334477,930.3573960364992,66.89200507125736,805.8715245508411,180.01107896449543,771.259237085117,69.14386231540448,932.9521990349124,857.4212424129797,378.53610512988575,293.30715930797925,9.796901364360068,1
704.4503571899496,91.51712679191371,670.7192993191488,701.2481068735725,594.8419439616033,381.5614998780976,962.9886458298346,17.541627213512157,750.5460333413082,64.1867987341832,732.3536990026901,616.385586000414,725.6557545055774,594.8423431786322,146.54910892219687,318.0194715619937,786.8081464361528,866.5790793619051,609.1404303468024,488.5016475350275,0
190.89192474121995,783.4915773470935,753.7378162549705,116.58279907951629,664.7030737703506,895.5788733126421,762.5155357318904,490.51415368185627,577.2690845747927,540.3000314706991,146.01859325447631,508.64372221625166,76.3140290297043,894.7052389018612,921.2381535995424,335.1045060990261,266.4924450064723,920.7468843558567,953.9804804952068,492.7322405800323,0
406.09527364629884,499.7792176692749,45.40610093366904,526.1202378411901,601.3737984882686,838.0251567532518,603.3954092477925,588.466634196202,268.6202710457082,122.76099014335217,129.22278831108912,445.38622579690355,609.6679625422715,354.14536468303936,293.10701079028945,43.634424712357124,694.7738861898881,514.0609251190705,880.4763089929342,938.7894513984538,1
299.7360380445037,581.1196549680816,125.46222571834254,483.32353861308053,289.9492512102213,327.4351807707904,281.6981124773191,648.0594917561388,941.7642548073287,25.958195218631296,454.6456360546225,717.73460095935,830.4530442385504,509.591436214459,582.2421345756854,835.204589415826,276.8897814246556,649.062868360965,536.7501842451919,710.5129485759136,1
186.19184438089198,94.61512807801809,426.4241171044706,366.84796805607556,950.5424368399479,989.4033522039952,981.1607980155778,652.8180105602127,507.70480354928384,671.7484594082423,133.6086124150252,158.39179218164745,615.7695203794912,217.1508833795831,240.89075278640226,428.5892884035042,323.5198770412887,330.44463997085614,761.3832762247143,775.519781706554,1
605.3975193731103,549.2379964951876,811.5851468756663,187.907918102703,44.21563001963313,772.4697233401112,942.7406298244055,983.7228369686951,5.697258170591524,233.10244347022825,311.0551595203258,856.9707124168143,497.11110916453293,39.89715044100062,659.6617081568586,539.8742169275733,661.2714585117893,908.2696181084518,669.8709242420731,148.43022997369226,0
655.8186325247184,237.92479129071208,203.58245758570038,477.9710549739351,370.5144103404193,556.1362066366391,570.4427031915629,625.7618669725399,879.2847286946132,487.02764495991636,244.29174967096966,942.0293249158229,574.6622857439392,812.737467764719,992.2629603021368,757.5974327731209,233.43634587953744,602.3611485678157,162.65142883586591,535.4459460828191,0
744.8579622933597,687.089916978155,141.93405073782984,540.3071100608607,462.73423435309303,52.99152098952009,491.42114162623216,666.1078178394376,172.42001754241508,46.3397875055167,647.9518020079887,985.8048963282258,261.3056362745354,54.661382544523576,864.7911683275248,154.80765498176117,430.8943823030428,375.85479918328036,230.93759201628893,948.0538129221237,1
529.5973109795884,451.97409696395385,165.98958365572435,977.3686342733541,160.6640922654915,283.4486734307177,529.8554274830159,342.37148634909545,759.523990684259,946.3281314832205,189.7055407786049,384.9696913420058,279.40075500116336,315.43904639283204,450.63491811280096,722.6671100821967,897.1156375127488,446.73405824345167,484.88388510895373,862.1435511823888,1
130.98507447613028,277.3844163902266,171.01456846677766,520.2047457645263,241.7886292639162,470.57143019983016,896.5374302096678,336.46427183124695,944.610277494623,713.7937681560851,260.1299277737803,610.5412407871665,156.93131154320184,606.6092565106874,512.5136688374583,546.0561389615485,89.23794977736388,417.6323909664071,620.3456126230398,909.4820721343826,0
68.35973442222831,300.2912248075512,983.0533743563749,433.5215123157926,615.42801071468,828.9188568314028,566.2938454460042,434.23291124933604,414.0731836687349,194.70909845795202,70.24547199950726,744.0905350808275,9.923758114290692,540.6259214569936,498.88445034085163,374.8182966462199,247.68928202208528,35.97282772392474,465.8117013944343,940.2913371315246,1
593.3737364211116,406.0981192626294,524.5818405590488,320.4620698009006,823.4761407766482,440.28568380834474,63.9458679569539,228.9338394694198,362.12025385865064,338.27705656700357,10.793685608469161,915.1007680988249,468.1986127284289,798.9866367548892,615.7533400648133,560.193675913383,294.31433400330917,825.7553616534,497.26107325230674,643.7218161031099,0
203.7017839058688,903.7242537106761,476.52795794158163,647.3143285005302,185.52597231125623,455.144570372258,307.07246492440066,584.8457403504717,316.8050923364436,746.3471007005966,711.7754112620535,714.1765150401708,514.2919195131649,298.38271605861377,20.717134915601676,498.2489824597009,971.9441899637628,996.5588522310809,980.2890584771535,763.9123455065046,0
132.10548087376307,876.2965495437261,381.31521336637365,168.35244692799546,27.326891526640807,202.88082865579105,309.5409686758944,667.2034276068185,238.95698318751724,842.7529135883199,173.76390698719413,875.3016230773695,455.5898622529777,594.10195230672,378.8680234497367,170.56039794035038,268.79937860236635,815.0173293944481,133.2809988819057,36.23179338804239,0
346.8177105760213,778.1004656338365,695.3853905081336,834.8688152865103,286.96019883979807,450.63608719067906,394.507529774073,744.4519154558294,26.56717778225426,351.01831965352346,727.5936051216117,451.5483914340407,266.4018934582383,510.6210942726848,637.7550325248978,88.42562649133912,968.8383330391486,281.30897084858543,808.8895705568258,549.1754481350523,1
372.0076615012411,993.1657588542325,639.1026626580904,834.7052947068689,523.6637063605114,286.67810189861933,339.9292151694905,842.3268690907653,582.9141763148049,485.0357070032522,397.9861264591461,554.9013229953779,866.9122247243407,767.6140623757298,66.56437016291939,161.49558179414038,963.8903578476056,917.058038091784,171.67287083590986,714.1854971310431,0
738.234789702582,965.8461830966453,210.66940456337323,333.4791842633609,356.95979289259583,652.5420681517575,92.76347520688543,96.37925664057812,156.98797811077037,449.90991742609555,36.900973284366586,690.4153112653619,803.5942600337372,705.112165086912,2.6372885087370124,413.79934709476385,401.09540057449135,506.5204320222876,129.78774464345878,319.68108751995936,1
2.92494899964868,83.50810768041583,152.07868364087474,736.7246606845522,182.7586125950369,579.2111308556174,754.7830858042566,801.9830500510008,50.877777918423185,145.37063641119252,685.859820286707,133.69762551813213,165.41731207247966,598.4508647705487,362.59923437251706,771.8027500231474,467.03895567476053,907.7492595223538,365.6102365397751,984.5638275416104,0
545.6732350593228,356.05393286445275,887.5083334333947,652.3700375026069,994.4870431773458,591.1946553880641,113.20785139676116,744.2830314294885,56.94188496784891,217.63906540131705,543.5609225711112,253.31419861386428,762.4921788084025,557.4301779744701,543.0138589347561,365.32503506755853,398.05011468743976,776.713306505089,157.12012638822847,441.74422606677064,1
828.1168348256849,360.92282073977634,521.2982737370336,134.0525925728311,149.28504525845386,381.1673165424465,200.15187452954942,612.6654956977154,372.71982916144475,105.3780805239627,20.119815563272248,67.57996411147937,409.55917173984193,607.0938019307667,260.38350228925566,227.49226359349672,332.2099995220774,825.4814211235581,187.81226911960513,111.09933594395982,1
671.4844686767852,34.461592173805066,923.4628550563949,304.0670690781494,897.3975866283629,329.9771198056653,4.545383183647944,711.7313344348544,739.8932425910751,846.5050373677398,772.9195213214239,915.0389658734467,206.35448107658794,328.78999256230725,619.1722052553707,260.75486094961275,245.24321728567665,245.0015235002908,924.7527025165875,218.02365347615637,1
462.7733336150412,395.37865054244037,811.6514656730636,591.2771972686764,141.70551442250712,142.6575926178396,4.103799385936968,64.16552081318805,783.0159269265777,372.67095376959634,94.08175761402282,216.49414518463905,253.86524271474954,212.38360903732922,335.74334030449614,384.9200443346434,991.429671956401,684.1726266783247,34.43878255032307,519.3614639476585,1
916.5796028463957,844.6520619398535,413.3603997932357,524.5307849714329,704.5184380578977,856.1669313928055,805.1304157841736,559.7293411488592,520.6506844845552,773.0355691530922,584.4175139590045,803.1473728032041,368.937703889385,192.86932390845567,20.416887400358185,354.30241796141837,255.84035568259355,532.7583805840193,15.0658299185068,965.676732586374,1
920.2819769161118,181.30407261624526,922.2732607613713,43.40559957025203,8.03046462477286,183.99051080794237,809.602793229531,513.5321620124039,544.1207787186304,760.805325361517,969.0143543996526,428.0496756132379,481.19545901925375,945.0852567800185,986.0580433989941,907.7124086823222,502.4106114485806,402.4595222132823,961.029753258696,545.4692448735235,1
761.8559572579742,711.0217360128881,39.78977949488049,274.78157267671696,14.017552918080822,240.70421207926307,630.7961128492154,60.3143261945559,743.2146524878416,195.2242358026729,507.04031950541304,140.23985617903145,63.75770388115731,95.3805542017897,773.9184655355783,652.429398451623,458.1508930505156,981.7573012086743,166.2860903206328,772.080045829381,0
555.9525561467708,944.4643335448368,266.3737552214185,445.34298567034745,442.10161467477013,980.8968329911128,473.87320014398813,229.57653714400993,445.44772585389194,856.7274743899833,165.80958130513645,6.558313669455917,292.6796283739651,772.8571946993359,824.7455791008258,679.2398977753589,842.055781749292,145.36646380925188,54.694049537868935,708.6701173537729,1
586.0600919734221,66.44715543211488,832.964553087753,552.383380759192,889.406973568901,288.60462767701523,655.6341454784894,40.9057530447573,240.14809510337932,977.442582429857,491.56688384323724,453.93747457753256,184.04336955296984,626.5837130679728,648.1016416132425,682.9536098598201,485.53007969004614,815.4501792430159,384.9048483313692,270.7348364008357,0
894.6790117294702,27.323174181968056,683.0402498884287,386.65885507345166,545.3802294791836,54.692800754768236,766.0709317567846,563.9468276338982,175.81922001176432,406.67099975351795,298.17668604850644,985.3279070326538,957.2261969576695,554.8105906897222,408.4490520445633,642.2833609663811,575.4845005866428,197.10830365439213,50.62207004484287,378.31852439789117,1
379.60770496083876,582.1860058751726,630.9485180495964,359.82499531110443,732.5128998587977,203.423210690703,963.5195591280044,205.70114083759105,201.2220632970787,305.49869567739995,744.8259265797584,543.9678186813118,830.6012679370218,974.2165061916127,623.8673850340069,133.25531811046,72.03988783087311,362.8154906862804,920.6201184480238,366.66560392434553,0
398.602393362519,802.866938952181,622.6385674713022,304.22129426169465,730.3610205909762,979.814179829209,840.4246418241311,4.191746638597671,106.65319550754893,853.963733097845,423.33475904359454,114.7571990590175,601.7119562710682,859.5813739571582,490.1966030346231,670.6670849399692,42.394743934493384,719.677883256759,23.228087130468424,539.4387555556265,0
910.0495582406585,587.9623160119663,649.6179664484628,981.0249276917584,554.6821042758006,678.6808305729522,525.3525496196137,985.6207770941412,658.9941923777787,703.6486015851879,452.0983667504064,820.5118420582988,983.2824067487384,759.2258832435692,986.1922388388609,28.862708747568465,473.9158857506517,681.1467271581439,936.7432793074518,649.6511521900434,0
588.8723593790792,386.79097956516415,440.48565776014516,292.0120741485278,269.44754480241573,337.9550597022688,166.20903770851226,452.0330424033879,972.3946236952866,56.529303819097706,106.78476678191507,172.50917389541652,666.6289316933606,904.1480000580033,509.1977405624595,64.17411233958481,595.19413546406,717.5266193860405,537.5024853517197,942.6517317583842,0
448.277853486858,285.6495251884451,942.2261209563308,348.5536975431366,497.52167375811985,179.65088083257942,587.3200221740182,540.829549217877,808.5486353443583,701.9486699777976,966.9132881869152,107.79158750925855,981.8422416981659,245.3487515701428,969.18296486294,901.0191942846334,112.68705368556864,625.9511350215834,513.2408471145791,151.7963658350525,1
614.5316827531883,304.02551049557525,982.6449907724211,717.8142606299261,16.261483453039904,512.706396783476,956.7969985699295,136.02823640563022,976.8519908912076,634.8504264407563,469.52735649324626,660.2708109118802,305.89870693951826,29.248634934853413,223.93268081953067,603.3560293424651,647.6507895927881,573.0704468225259,712.6067011040533,392.5186898183555,1
392.9814870765095,934.0259465118,908.8102703619932,496.16610991584685,236.5139392828919,269.0734995010343,762.8875560797602,29.901533914655666,687.8948582984974,528.3222052156045,835.2716458383057,614.9329935794607,485.2112408446039,872.4677299434396,870.3697518604523,410.3687119624322,575.8636021028673,598.4029409845318,347.4358313264799,321.7068299569026,0
783.1936808701442,432.24175452628356,988.3811220614213,44.68653129801914,303.0760731870632,230.97966409111416,847.8581451895615,679.7566891820119,889.9260449061911,438.04114920408,848.1023569825509,900.3775189870698,751.9006863308532,45.87132002746064,767.8870893442704,154.58628178540644,273.9623437611105,709.390912247201,436.0893758162904,874.1768153932759,0
607.4405767383612,507.74906950377886,783.5237089872768,536.560227101024,237.1855243798483,675.0915593802056,265.5885324154257,921.2092208817412,323.8867548661515,514.2318745527963,533.3792305516033,503.4709304392374,148.90019888782535,897.8066057865975,121.58726162722522,70.64287914002621,37.09318800452377,365.46345162219865,283.020234595339,716.3879681923124,1
803.1762893135799,268.4867511630522,604.8281485706606,262.24448918667287,680.6629017511203,47.6538820437391,542.5560320578361,259.47003357757694,516.8227354523997,788.5860331569118,452.3611325389012,812.478490258053,144.63577548587048,876.1105785137727,91.23537609773503,114.08665401558982,851.9675917444288,545.4806199435715,75.48625449803382,593.1062859749846,1
726.4792732313048,289.3027746910807,771.1248366423173,787.4121982167801,484.90514261503745,379.3210292859146,0.16966275373364592,870.8085674122441,77.96227832087432,492.89208522299265,513.3960765294731,609.8958352310401,387.57295741607624,816.5877650375371,365.65164306606346,533.3925027668404,862.2500621664697,210.95628058026816,216.17993221808518,979.5726363964445,1
733.7392282658794,755.2376689221672,691.3948615401889,662.7022766244608,665.9069205536977,693.6214717531177,340.4428541370541,455.42876444224413,964.4386406265503,63.09585944207152,438.12339368549493,533.3518061028637,304.527028279861,559.3074948621046,534.7663449397737,445.9221572476267,151.10879618800487,228.38123136783074,688.6379360534054,867.3594518825765,1
619.0199540021893,282.87467275714175,602.7317792800588,387.44344523735384,231.57278124999291,270.0851315016475,902.5491168923267,819.6801968048892,544.3571210737254,346.016512492893,421.9288812772267,481.1576610023058,781.1245481919271,193.51744120314385,358.14966030738805,450.76197949485976,851.961876042137,456.66403788515186,678.72274306931,594.7739279649261,1
960.4640015664041,438.9710169646689,542.2271540332497,232.2987443129717,899.4438040289626,310.8575200174165,824.0534911298023,550.6043791519613,635.8907593319428,698.927714778586,739.2353077836062,518.0298127507776,926.3651546417976,139.60654215112845,965.279884795747,122.38901492036291,812.0056116408857,201.74182050529467,743.0081521774214,760.0418067828319,1
805.8321443767422,861.8585485382437,692.8493340091243,326.2184518067514,783.3389651989804,866.7376247540517,503.42535515108267,779.8248455553065,635.6696986138919,324.8454095800178,622.514922256434,864.8202118885099,736.7716449703954,973.686235229721,611.2634917861744,110.63553176103113,448.4429453918685,917.3488244817325,691.3467217340203,305.414089539912,0
864.3853948986119,389.37780497083884,115.80060872701914,610.9246059075105,327.5177883429389,485.9855375073805,730.4424599760987,559.7612576415481,9.83598171707012,613.901933497188,40.905488580249674,386.391248655654,144.98453415938505,968.2844967679622,347.74982869362935,953.3644557996936,990.837986179848,7.860721748315314,379.3329911318113,776.2273543840405,1
64.47797055863136,352.60223406578285,873.410801049644,120.6931437653368,888.3623814738423,268.48760217684895,911.916254319965,746.3546804556285,206.51851927720878,320.22829715475774,96.72120624808633,800.3136546039615,956.2545626226466,348.50311225270934,342.4612975989867,558.2443563898786,935.9824499541155,322.0998549554799,148.44264694240306,632.1567043234015,1
705.3761272542853,332.40935902219536,29.453043940660173,787.4050728466386,792.1957021078526,585.8116448050482,9.5925521118847,452.5899807430449,928.9271916358308,371.5003590474113,573.3388049342929,781.3122747670348,53.63997980480628,467.74045698474606,651.8318344268499,236.5639093773727,485.64862114372033,181.5508488548071,703.0582997118706,190.18879228893715,1
425.6600335833373,723.4547706015952,570.7421221303732,388.2188687633812,212.33065588565137,750.4636403564544,301.4168765325264,580.2127074848054,496.78445997815624,612.5283845208696,516.1151514606648,118.14590746925246,969.5606064901876,637.8130040746518,373.6181933073114,334.95280207362663,38.016525730202424,692.3895054178992,74.790093810846,372.0181681421407,1
172.09484752964687,242.4544242392209,850.0513772660112,641.4945966522343,36.585474877345206,918.2309340059461,855.1237708841797,256.2354914534606,39.89153910651899,811.9857848844409,764.7859465830558,626.8593622773151,771.7399859164316,466.27839760041314,777.8020481545838,507.96953562065437,244.2108334183898,51.99079069372037,905.0801712091596,465.53541471642757,1
651.3426611104253,57.90223723093124,358.8906163276048,12.407241835195371,447.23076904319123,601.1713530363487,649.3470039650032,942.8046586866199,346.34088919997794,108.16788462737415,671.7336614854132,76.86630978768349,496.7587803913713,130.44592279773238,722.7496770195062,604.1887829944344,847.8516521767799,339.52274258314884,764.2536515584742,329.4823738325219,1
280.61899676430954,170.9105922738554,322.02277122527346,253.16050832292268,448.72121849657907,727.3991203903195,633.9588741777375,268.48310783564324,697.6150163359522,891.6956351678971,270.7969725178935,141.4927190283889,978.368755024688,792.4050353736372,627.8954663405693,896.809490415419,454.07912477221834,166.8570866183283,815.7428558012264,687.5440548825042,1
626.0192159240797,294.5410787945136,176.68154152926186,443.07897119950024,220.0758106205871,142.40161786190865,743.9352466725866,663.2449184472182,794.3205446897476,721.1420859496003,879.8624685898251,822.3619575238959,798.0182127401179,573.2932063204112,818.7896957261675,689.2223022436754,556.0834415028102,361.6568033716552,942.9323550160717,932.5551954455933,1
552.3945097341393,713.5121095226701,466.9640992083901,229.0087924346589,624.2883355201565,184.61189216843343,540.101733538025,127.7010308905927,176.8022340060863,346.2445867601797,579.075911663494,308.5046809979387,175.2263775717604,391.23312627163887,569.0679397278543,375.9071883962003,142.26033708174356,878.2333649915417,15.04189038948278,327.3544063180834,0
994.6844843394998,539.5305407938914,242.2484778004702,210.8119012819416,376.85397629679363,640.0649222118918,78.60959018291224,416.5785373986668,451.4983164832431,119.8486272551168,480.8382096875015,272.47900300762797,24.636664488504323,641.9461174188373,231.5827483031798,551.7500397896417,393.4846943800807,44.68755733327423,716.8899691260656,882.9744525846812,1
401.3969945673158,951.6441120078362,568.0044225368771,15.885983662612734,972.5063729408166,844.4821938587344,860.4036306039669,99.39862042740855,434.7158601393656,938.7940754774406,371.8879112027501,364.4197091150149,610.9835350281177,289.46317794048116,859.2308727702048,204.4561429888283,20.805331639437096,353.7843449124851,607.5271879204914,998.8545295714589,1
985.8770736469619,850.5603101345035,608.8875918764702,873.6787232833411,219.72743192133782,354.9292535320353,116.82781996723246,885.6552981508215,643.961305717052,907.7710974579254,694.2013016193821,47.476755457928846,176.4392832876599,571.6600079274459,520.7158367233881,857.5369729257529,64.47699832050901,392.02578658242226,677.838229659397,912.7257092483727,1
30.620281929737203,356.33292245878255,305.6546176083034,428.76580756610196,927.7947717963481,345.2585733688944,594.4024011196493,760.9823075819137,290.5209431427712,229.0273951801115,897.7759533204237,294.4501108817522,240.70390659127617,513.3976954674816,714.8005531350504,413.7520232503397,808.1574440391447,802.8705329328793,22.110289598875955,796.5700814166601,0
103.06808150464397,918.1752662846469,275.7795949277823,184.9834036192668,450.3744344166214,868.4157651250796,960.1770214029181,741.0795904123755,518.24022651796,305.84042699109426,71.18548740537601,720.7026044698254,905.1400578535264,354.8108944720432,447.52300893313236,269.0057301324983,69.34541437415409,197.98330497113747,882.445473959704,119.97539204741925,1
944.896797170952,354.0092269800145,442.0158345702881,907.159485750319,628.6011639327947,665.0837622669179,831.9996706394719,985.056097594722,476.0524813566187,960.4495438077672,2.0663229886025425,738.0436246581273,294.7870539834625,872.0022353591108,68.15989641228836,500.58605387915657,906.5907177133705,122.11233475558159,452.5644876918027,505.74347137606236,1
951.1739381251905,110.7400841442282,601.5804595120951,604.517366221162,811.5213968267301,840.7616125243352,622.7103854579642,283.39741403257244,929.0240944604188,165.97416031024704,491.8056067311858,760.5417821250447,820.5872483031274,243.74445166627345,759.3322674220532,750.9207172874321,647.9682998649014,948.6587353045213,300.7790423933387,208.80305388309228,0
132.5149455842165,39.69232751570018,474.6278678424286,587.9718161053524,402.79495427585886,908.1253412881678,921.1832677075668,433.10485138316136,167.6035277536255,447.33913550795603,256.1907016555347,885.7934029526912,70.77632397745836,622.8586284787843,65.744257449885,997.5838805312882,896.3586608457634,43.94043082086685,998.2370287789545,318.3027624387917,1
99.41320022605905,847.0563582229606,656.9734365985097,912.9785103661717,545.3517683590273,408.5663472188624,64.43285002110288,777.8502799084392,280.89529911583554,845.8243389660819,683.4978039212318,861.9452628148351,53.99969066503274,356.5093741313865,688.8052300426928,650.1745005078966,51.26047380964671,709.070812444177,77.28918862060108,215.41924908005805,1
387.98943614301953,240.29129192611032,545.4365718265342,692.4955273682286,632.4076182890286,254.07785583958497,162.76170418181235,799.6661579424448,809.499927920517,483.65401641039927,781.3119168222196,303.37538982045464,328.82249835108667,44.58395783628488,580.8247400920843,867.6852099267846,786.9827314393417,507.41913382534364,691.5192506135088,346.6174145197588,1
905.6463809675764,79.31151032775297,772.055860349628,472.1037796639624,373.6260573188949,556.2285459772074,453.7434152576603,994.6915261711966,369.08054653444475,9.060799523389008,140.69481380832906,145.9247486407489,438.26049054833385,481.475097781063,909.9902690227079,651.5435732187325,70.44491117835305,886.7181568987561,146.68330968375832,886.8049882277311,0
748.1059118529324,496.41758934857563,120.85355860006597,304.20681019138806,442.23056155064165,116.00819779932704,879.9204786909364,955.5751959223255,985.8872183230321,939.8303418864898,516.4532956319866,744.8110214612699,273.05239323511097,869.1154258511441,643.8301734408274,482.1802225772409,4.939126665935878,109.0846007443299,787.1940813915403,252.54128055490966,1
142.7559480846905,613.994910245766,390.5571954241557,22.725896397786215,999.0177546783583,79.9104413049856,962.3715570017223,475.84595309397724,120.68061992764234,85.849124508238,359.1877992203759,544.0454201499991,186.8080962290053,51.193110675728846,151.20405777872892,492.88354835750323,644.8995395211252,775.167246043312,841.7206362113021,962.4811190945544,0
587.0875966192486,63.87906162506363,981.690776840035,317.03765983911734,46.059798573172216,493.96784159159245,169.4854382735117,383.05458813182804,521.6423690582521,84.92350332873322,528.7831343836813,455.69585881098726,659.1544957228322,317.3782652066708,7.697157859998915,143.2367997111156,46.02943191044251,255.13825405493395,958.5401723088141,133.07484539842062,1
285.2137261479938,15.750843536195823,356.19177463352713,944.9830043322282,637.3021598567105,330.74669430704097,522.9393326620581,118.83881121374296,498.0885712431379,946.373011190742,114.59945963457375,73.44888199046795,92.96057941726265,71.17729306551202,826.0680520942389,109.23995277534615,321.5908479790097,460.8471970471734,950.7948304272883,880.3742282011303,1
939.7915789721328,700.7653690037305,957.0275748811131,575.6596846879986,625.9706981563178,461.63193463393515,670.4571477954144,19.770554735384916,216.5392565676345,584.7273378252557,475.68247254334636,410.1318719916668,976.5527527379562,859.3035473835984,804.6673759354593,750.4228181373531,890.2678085099916,668.4585372588899,314.9514445021176,604.2272863460502,0
760.8007390965203,412.22113484118205,772.5858777983206,436.35938376550484,683.4454156120842,810.819878122655,724.3664045439027,741.2258212170012,252.31240333380367,669.8179709351566,249.4934175688248,680.0996479719764,682.2359937760696,323.44008271982835,303.4590766600301,92.76505082586527,583.9100111223078,80.17617994237646,763.2034888033004,151.49331112055177,1
187.53612866657076,904.160782029266,553.4875253030613,415.56645563006447,521.9429047454921,263.9483058151222,511.1439051361991,159.3154552547943,204.58199426970523,367.83384974728307,346.3488924864039,867.5019461017124,472.1641578487823,974.6902173265777,144.51549434865962,21.912720052075674,5.08459456058008,874.5696573237962,5.7294847098475765,882.253098017083,0
894.7014409988612,531.1566914448206,161.91465087497082,877.3511305340406,314.2376285067131,177.88065839853928,921.8534894973312,152.63756932827943,856.8709233056198,132.09814353943972,419.92956118073374,918.746689869224,20.02368301267776,930.8448595918194,661.8953742480238,665.2822764440035,458.64355412168345,370.1857677700192,359.5735638142845,373.9386040820962,1
475.7892091399913,546.3730755293356,487.8818999858956,476.7859984701602,503.0720946231997,491.2519438141811,867.5980088706865,731.6056409600114,436.7804747395324,529.4974894819746,62.555999804155604,308.44366071889607,145.5761407773737,927.1454772680573,559.1146083438604,329.2408958033173,636.2528469794584,582.5283325493883,444.05498179421545,789.4562170204554,0
583.2469277851869,648.5094398141196,629.7952567782562,341.0888760373022,634.2124641209464,248.95381128773053,817.8312564906963,175.09006991356668,151.8270111027147,226.1662883281428,441.58576913201154,130.72503925657375,155.67032133874002,993.9128960517918,377.56930183804747,745.2195878478774,723.8200237718081,940.6278480372763,501.729110544864,178.97958946252425,0
20.188920911922594,65.5276808580717,785.7181166777295,210.94141614081386,923.2413381648379,555.3567566953823,771.1573837698022,732.0841595057226,248.8515698777034,500.0218524712462,72.86721433998655,938.4971346724484,681.2661982564423,208.11219362790712,555.2241144462998,973.2686374694854,479.9492254982257,934.8576762245016,283.38566373112974,529.7918617470323,0
148.48943214272924,561.5282169349473,845.6711972693536,150.5844648667901,879.0502307633521,896.0714384405092,53.50767855447847,328.42203955177615,546.8922357995325,796.4091186027374,428.7425258020863,595.2683699710096,679.998401582359,164.8326648162144,486.5349420294889,895.5878299241608,573.8129354701564,557.7129149547418,48.74696763806197,110.94214603159125,1
114.72970453929354,218.44154799653492,672.2510150976067,467.8660179333759,939.8805650493454,386.69304678445894,7.381026964812909,685.2480066983818,119.70328777862194,66.51336600467329,949.7334455606027,878.2843019647482,831.3506714569693,707.9166289333656,49.07758982551114,982.3702293077895,389.44857586539194,265.15352722501603,73.21095122319865,156.38778864435355,1
781.4988861657431,410.95773797604517,568.5452503886563,262.3163538182389,827.071721674556,756.6011195071588,630.9646590065742,333.5483290352217,241.79503621913256,338.93972755749536,840.6370401281391,864.0895924325577,478.01366272235947,213.36344070765534,615.1151676941898,274.08506919165654,371.07772365793636,149.50409725795166,510.0099282608238,459.76530059085377,1
59.42480462095978,864.6417417878547,231.62275377006557,891.6853958202115,479.269228809472,972.5522838627621,138.3080369086519,26.388066593165284,124.00006688992293,657.3816325115337,778.0624533004313,103.67291678540313,273.15872480033363,22.349254888028746,236.38996282593527,853.3668800066257,888.942261531677,672.6204572903281,362.22238028631415,284.60739439776836,1
531.6439150929424,220.4477135502083,800.5584656953774,783.6515752668203,119.40186479925985,367.9248832041645,131.2179050667298,536.2701946491305,434.27188248933936,547.9319856003689,273.3759842226131,232.5764563177134,421.2915766968222,380.1878985380532,22.80991361232909,208.12576420660355,933.1007509128419,498.15789853178427,657.487174119148,215.79846854373596,1
161.52421896940993,899.7978174201231,632.5630197977335,591.614678554992,250.31687882454167,637.704534389549,499.20072051934625,725.226910569297,668.6538244304041,794.4949044078236,364.01106603031695,620.0171533846351,994.0726057032074,488.80576214772907,13.918099662652562,736.5966163729879,206.03766807568658,744.6817570070916,408.62261541365206,449.00285342694747,0
838.091067881193,304.311909202013,396.43557547018224,457.4528995803543,403.1502226323734,90.42669271683346,774.9352912223179,174.84017163165112,287.556419462363,711.8049075659604,674.9065454243681,130.91295894023213,234.71893169703785,575.5840624503816,374.49342479283945,459.0253549361362,645.4885882458584,830.2134905890318,53.84698398156296,852.1779093792034,0
98.46875792227361,749.7237923676558,428.4856046111588,447.23195717598406,774.1867528833941,265.2469776659886,349.0234061772372,521.4464668395716,609.8554433583914,870.8174284059136,153.34271712573778,125.95446319086756,659.9588312768799,674.4938113396283,184.19047932546405,385.79426059257673,287.6382437220547,956.3582498680291,88.8551889923097,44.25617780001967,0
794.6734079379615,747.7721230222055,785.5954757689514,494.40893765413296,904.3571992178316,228.41976499517637,56.65192037437772,734.3771606132711,598.6929601922303,957.7898777332072,222.48023637391657,303.8221930068152,607.0339772430881,706.5769625104336,825.5738919944213,675.3400875416896,304.4152313779941,348.9938504593434,830.8342435230439,816.8723727011079,1
163.75242352118292,278.2620366678082,952.2913233137972,355.21894724187285,300.0811169069173,902.192552158514,438.4319583256444,257.58634787712487,966.6011932796266,597.3840891803175,129.0952730051952,299.19207537950257,667.3182418036122,34.55531361889419,643.7585636655272,85.73716719471136,54.67065775224222,152.78748160965984,593.6588447895056,874.7968100593902,1
261.8722566389487,886.5434353911826,667.7527853124391,830.2572387400579,917.4962419768203,458.3864942560242,299.20302599063143,43.68274457307309,48.11984752455767,498.5496056613756,0.15770157382710703,328.9541425630447,130.43649277136416,416.47629146256514,894.4923827629352,286.53578159978923,760.9137585578272,391.8429636536771,917.0733092161455,302.87267625449607,1
176.70317526751433,426.9924876536818,29.470818657913345,165.12266998892667,564.6684933202449,573.1055684756456,557.0440597621249,156.30179641331677,453.03360284631054,956.1413960323738,270.42695556710595,554.7226974086691,271.24269233576894,781.063496830117,254.66521750057103,543.3309220400989,135.70176406698386,745.2860825076062,284.8790213409361,487.1176024877321,0
158.2231357604673,366.12995507711054,557.8294956607248,812.6733146831959,485.87192409916923,903.322068281092,549.2119669037576,219.90225773915873,748.3337891461551,582.7067920681466,416.4117831391401,720.4542629760507,143.0950983601178,673.4157781091076,449.5212840581512,172.72469015302582,583.6824683725148,422.08514111193796,637.3139537363417,905.6915687103408,1
449.0395282043924,724.9291589474501,779.4348789273091,108.43699870452139,695.5699475926341,914.7377441746223,382.88904024275297,941.2260092698281,119.06085742043237,915.6590034118184,684.3237935122029,462.8500951835208,603.0796633095167,930.0023852616515,929.8588834478578,545.7981942252559,429.1404484494067,744.4344494730344,242.1561101690247,18.664348147694355,0
168.75655519221866,711.4071697002769,933.9365806087258,950.6758408199186,138.23286845923232,379.01824157210984,60.94068997202218,512.115856087132,17.934877230641355,318.32210185394126,658.294955836407,877.2494234389386,530.0400225072104,476.4999807272197,217.09605523189336,808.0949007591764,214.71357148949332,91.99923200359228,0.8787482157908144,900.7838998010004,1
53.36825371609344,51.59524202185884,896.0040512259666,65.9344492090983,808.0721432426408,489.6830337417515,441.5969645444083,274.060636571664,387.6505906891206,724.382044973242,12.209055726508101,845.8718882486263,695.5944069268219,61.35311992068293,579.5848086540267,823.6392305422008,905.823217320205,562.7815167868648,634.586904590978,294.60637110073793,1
489.11534960982493,603.7372817110562,859.0869711307529,347.8560153650846,116.34206537770663,850.7588692122788,250.4008287413787,614.3898407984402,213.46498878345867,43.50885032453667,595.6059889884077,804.6221687068366,263.6075687839909,507.2369755509617,379.4297921850435,135.09046189792596,827.4175624510858,582.4783787937146,507.6343175906145,729.6855236978612,1
120.31139574665562,944.5046785086183,220.52590340789624,332.38897872046124,411.30325418042713,910.3065738229551,968.3271315435534,829.6159251913368,660.1022437434607,866.4110850549953,634.6146791533146,551.324510866878,777.4299229191804,870.350579660625,636.5987839120743,818.4597431894076,302.97021385591114,893.3031002089369,438.4482380311558,464.4363501310951,0
707.1055118037586,269.60810388240753,109.08972685034158,341.99657031474095,403.7403101132601,532.7717780316689,569.5435659950638,650.7883648562586,500.84622899576635,648.9253536093578,62.892183900804085,608.9973961467645,152.8216164719166,975.0468335696117,90.69674383399828,839.4933015792792,0.9610933129068355,584.4986074561841,726.6008114442627,685.4739789133465,0
706.8744656394657,377.10695928235106,134.99254159643436,492.57174235690815,649.6748300875937,895.4019289064358,954.0750694288126,955.0362374588992,277.72333512195434,603.6138515619948,642.0350356218896,23.93421545774588,391.65608227673255,588.3888537953742,620.887339483483,892.6631400838221,637.9319233672608,782.257242258528,6.418877029889858,822.5926272761021,0
429.8538358691936,637.9290522941429,132.48495054826014,855.3109952662645,322.63468840014053,437.20480583597197,499.12871948067425,960.5951981667422,977.2442135399201,980.6377945968982,509.8303963936629,279.2863188474977,170.84184474722008,116.88412020797445,275.07186898360084,537.8084807480471,532.7179623479101,501.8629091545842,215.14550528670472,727.9500078364556,1
303.470513201453,223.42703859200284,137.66294069325457,891.8597944976472,442.7830884712969,962.5614361812846,124.50453766283398,186.1067824184318,432.7268490673273,622.2257741644572,204.38772985745302,55.904678010442964,682.7270507993353,447.76346311597615,367.3040608106437,786.2448447814145,400.8685544819839,587.3510165834011,632.3703993033017,87.39888671212015,1
787.1071583765199,938.8306268325861,264.45349722696744,385.97215226325375,509.36766799443313,839.1049490243668,532.3867475624444,618.5832745491348,731.7494923107741,705.9561927976868,547.6865147971245,898.9611009490443,512.6682210367397,540.3997487219593,214.02670998095607,17.719988269656483,805.6269322601489,784.8970144847951,691.9993039281654,6.207491381170938,0
557.2271592781218,336.97525264962945,902.3231671075374,995.3278949889209,993.244946389831,711.3794328677066,373.6985623736966,954.5972563570022,812.5859764764124,878.897589191119,236.65814541754904,487.1976707177673,335.37026393877176,76.35959537711878,604.1505651795654,655.0040932026128,222.46281642871202,971.0738392075156,411.1799247605278,448.2741911716899,0
288.4034068067387,819.3385131000502,83.87185240351647,623.1223297503169,992.0449146462453,105.55304897575635,546.9883325495999,58.84156204576529,619.2177829546455,834.4040789080651,577.6069795998552,54.46057028690188,184.2995246072927,343.9880555874548,477.0050877675985,130.15539961655054,374.6385355335901,384.66716248444766,549.4465225468565,822.7856287472943,1
264.98858952024375,893.0603483342574,860.6034122831389,777.9576433922391,247.7515202858299,146.69304831973272,216.25509540996092,588.284811547649,732.4281139035819,802.3321732449791,736.2954343837489,302.69039359166396,853.1442862020837,501.7748826455832,606.7624777640989,666.9312831225079,479.60526361295484,645.8063212794993,17.463693522029256,11.570426915005871,1
161.10538225443204,381.70797503176715,489.32869777248555,269.0684589964915,683.6463102492563,988.2878287889123,340.0591997485886,528.1086259606839,641.8113233073036,810.9747245136479,68.60545086193792,511.6014537450413,439.10234572622363,552.6736911198047,649.5876042273512,576.263595798613,216.68845761813105,215.58552629839878,376.3381736800926,429.72951000883063,1
964.9276811202162,656.4210672722163,473.9489043937854,249.07997053822672,563.7787208346878,427.5838107249087,540.4151739930443,2.582852103793387,142.65953976074331,784.9793090475118,143.68577948818927,710.286236697813,104.30040431452825,380.3862017273509,7.055863321615785,727.3610267976305,617.6594394151961,315.6774241886697,34.85862666775586,932.9880644288701,1
632.1647980725768,593.3331217480761,321.1951229896305,817.9993838211826,584.8314736604235,719.6828556289687,273.0365757275296,949.6349441701344,566.2145132959413,65.07674464212232,449.85311961337226,146.5956160582541,277.73522300379636,356.335205524125,100.5717352777844,487.5162886580069,357.41401326513545,292.57479197098047,650.7573697498459,189.91089000304152,1
362.053467753769,980.885342907097,70.8782368130506,722.7888580298778,463.2276977583691,420.33361251370525,473.4262143378953,588.7286188772729,725.6953891754887,528.1626214778464,499.58326486594495,131.0023681583472,47.123894237495634,480.6368023890951,896.1990832440162,973.0399462087221,233.79596390835334,497.4460736760329,638.6794449110284,175.7252207425135,1
880.1883166941159,269.8969809698892,573.0208928373773,200.67041246322003,783.660664615159,810.5879362672719,134.72035407838445,563.5814432234224,684.9303795690792,398.45878614804144,142.91178070525612,271.10376424092766,531.2808415423982,131.78150885917407,192.88891881865422,265.20881502336414,181.47555617686984,91.64608013405939,887.0237140811572,228.09095053770568,1
976.6405585751759,322.4219413203786,159.9874419755114,984.9524828076093,438.7421070442736,535.0058662159441,765.3635649745814,188.60153436684158,547.8690626079529,427.4927918140971,803.2105040307354,669.5101513305161,210.74631040696258,564.6290073714417,82.19274543427136,166.0052169593348,188.0329458445358,69.76312028408138,237.65739180284774,776.3768550299147,1
641.0086539494773,943.0670268848515,261.57134082975296,941.2510372767721,38.5530539073623,891.7977916426586,71.61124351646076,571.1863796662751,882.155644573198,882.6820023500452,528.5399582756587,466.11541164686065,23.54483045054301,957.8715242974665,905.4502565040024,698.2309451212459,497.54794232850554,622.7632242450927,273.14237142490816,706.1397292370716,1
558.3575841341366,301.47704514617493,978.3365717624815,569.6448910000855,592.3442407413658,55.61644324701687,917.5333681597541,879.9394796213069,261.0423192551866,319.9999218045355,935.4510212774773,235.07387454425287,113.20901256240612,615.4750383135861,842.4110502747607,490.42620152822326,207.03662263862998,694.5250918712395,680.009473454704,550.3701103923016,0
332.8993218144777,145.0954800223979,761.2220949843357,147.46302290691858,829.0000481107973,845.8820876107018,118.51234485695971,976.9164420447709,807.2148416816826,800.093808946709,375.8683899918156,561.654373908367,676.6807053977611,170.5203386429337,155.47326634537927,818.9436081533793,463.2031348223805,10.542741231589826,92.90632329709115,152.08752858240516,1
534.2728130336139,559.1679848260701,38.53191820505775,480.31539595173865,158.73293598091053,436.25390027801745,457.06199533610527,787.9702595721726,820.4373481800196,496.4584997314083,636.1156454362242,291.25264035001607,705.3516404997058,750.8130277038144,91.74709971323303,732.8784287863182,961.4593494668039,643.8440732138288,146.82179597201284,460.54810931376,1
278.9998857756042,2.40497918382121,743.1147925348578,367.11750671608723,963.511987067307,928.4705610224453,692.1161613082762,484.13063900125167,685.0463313320976,945.6167485945558,55.763896924244435,557.5631143762673,983.2047290961809,891.1015051996746,761.018207633021,66.47832103562446,999.7899303623577,807.4621232312533,154.54472113452633,896.5457222166658,0
569.0468611743971,541.6464514523104,86.8045017403617,930.7566966633034,675.5311155115381,615.6330047778417,526.9641374122167,621.7186602847613,25.272673727654183,311.57494834591625,952.0917975588951,309.20074311019454,550.6035828839397,461.6962988140013,404.88790723389013,928.765585713364,422.63742661990057,479.57615457314427,835.9896390923594,319.240258786587,1
387.9024156465725,849.5619176959337,16.704421007150195,685.6664155323227,672.195998236377,265.8072629953183,937.6346897245453,651.063156193726,541.129673612519,271.5241205315011,187.89482071837494,836.9105768015052,438.57998345537607,56.881152395554466,830.4255647460126,176.76950701522554,463.7404542477287,113.45009405254235,877.0257485244481,624.8310863384947,1
932.722678541291,137.77864284270947,958.0311051076645,327.2577263475004,625.1775206845206,104.6186135960816,338.20354597002154,232.89621917867876,593.1794295096443,304.70896384655487,80.81575246554252,230.10061712617912,232.6642246705809,136.64542575839255,727.1322515186228,235.96936296618898,44.06076866292297,201.21623911826515,568.6478346640696,139.139617608389,1
99.97530547750222,617.0392531095061,618.3210360866358,998.1828686555393,376.29182351852086,141.67771545247155,658.3675994084296,235.49375114553473,664.6504282475189,833.4919528869732,45.59434804244012,35.531353597237135,926.5366424091641,853.5929039597212,49.44516727270465,394.6308114474383,159.75863419472412,124.93413164042333,50.67343151909254,747.0292445385759,1
267.6932798417364,43.39814998761038,198.34877435345376,54.11217332595908,162.20491165778594,148.87051687148843,736.6303245394671,508.8054494540877,860.1178648347734,455.41286666857695,359.0549993295363,831.5599322662995,909.0286859378476,769.5145652436497,105.73507981954499,370.7804626242851,205.41325634010278,40.777098037424466,578.7681722945657,907.2971285272903,1
457.53540034954057,577.1156060471941,203.76565444937856,888.1013430903756,355.45536519149437,195.1183834057828,775.5639784626203,770.8021641577409,809.846734015604,800.6859479972904,493.5667365739637,70.91481175458281,382.7726546970073,271.98545905778303,862.0800152499572,550.436327143241,388.86014883165507,733.2589128159497,89.84133092101432,621.0839777860771,0
888.1238525738496,280.8556962393115,922.9054450648982,718.6436169296425,522.909744910637,33.511499100310814,312.5425111868241,155.43925355540665,909.2751587199252,994.3334594930869,647.1702866272196,897.2718993851237,961.6288669243673,24.52674365257945,75.21181323270842,534.4784068547049,519.177148851406,773.8772607744064,953.7703649926312,674.2425216051629,1
574.8503530182481,999.6644354512597,367.0224071929276,618.7274949973964,473.9291565649136,804.5086397173925,602.3250377781193,838.8311589756893,841.4631284709732,583.3401849002905,967.0217128978906,290.51598019954685,699.001133014459,965.3449311504035,829.3952854021238,148.75726491954956,296.9877019267132,760.2181960230806,893.347275759861,81.38725425421623,0
230.468468298602,88.17804782090177,197.04477384485818,442.3633266224685,584.8860892619714,428.36329603101876,290.7857857469246,942.4671827290267,290.62257819287805,442.2093540920439,668.3049667275127,238.47908325402855,267.06262347721133,92.587333133474,767.5119333171313,92.05474203648522,178.88542636919746,140.23759006728997,672.585920765209,478.7102339714223,1
919.5901601310701,383.890326700598,782.8253375448297,326.6199629183266,647.4422632234721,494.3161105212862,379.5847764801261,631.7888358035431,496.07366880992396,286.769134173344,598.5102405171559,241.2095471938568,82.20023922778074,518.5916561517073,522.2165483228633,174.9704863682403,444.0096617938114,930.2844078340095,512.9680767018642,420.6925498951133,0
593.0258883834863,117.44222163460272,21.672062089724275,47.442816869556424,612.4895546493045,251.41527017894148,268.63816429850715,641.1864985197584,981.1740967435983,607.3083528001055,15.313869037376193,490.95896476128274,160.89269924286432,538.4698093136998,914.133176989408,110.19051593775575,785.8337557002363,66.15529969578193,875.2936822964714,261.76938783335856,1
584.7535996468977,441.2178345984528,385.2161592591018,822.8613630788795,879.2499426754058,833.0238359556965,374.3501548182049,141.91636771964568,124.87061406602417,492.9244529107879,434.12126619960713,743.5953916569513,147.9600061340174,205.35267898136766,224.1812741127187,523.8954493061472,744.7519263659241,154.82969265480207,762.1815593074524,338.522891875044,1
540.972303014702,585.9075359209858,114.60348008931331,601.287312422172,809.6992509130723,388.1913685777122,337.68024596027226,989.3351647872996,463.1112053444997,14.707387066481225,878.0408648714271,354.36209045085843,421.4224631783756,499.3151748071335,525.1097010151861,339.39451471828164,587.1636998228938,700.4627538117159,970.2730074802788,529.4689401056313,1
914.5854134713444,692.0047281462073,995.8896721014746,724.5353521999203,346.54629153409576,291.1381974051362,842.1503661838256,470.05854085366036,291.66726331915373,903.7418362988509,858.4877891491069,620.6022740611064,31.02986265087737,483.7622206054456,828.138035998305,815.601120126209,395.9059281883539,131.29118478613887,658.9602378146857,233.18979041870014,1
187.0675682369711,340.2674905755089,696.7020682389617,445.05231527758946,31.122434472605654,904.0421995457305,471.2410664878458,210.07799679007988,365.9644927698048,542.8846715989064,207.25485210568274,302.06728751624746,32.24090015644254,279.6815351018971,172.52426508717312,300.25447585185003,728.1378967459567,440.83042034202714,128.99675704097945,761.2311926467743,1
320.0934019607623,509.5083136461337,418.1385464656823,969.3268154975057,631.8120702925313,574.5039499590828,324.6702446774329,819.1786437681656,927.4753941213569,517.7330249292553,984.9670575270194,560.8580985308081,209.81799198450213,45.02205744913712,77.34031393545871,279.58429024287943,897.2163470640264,739.84194600344,824.7532310513428,626.3778239985533,1
666.1730647074531,475.7377037203984,525.2823466466139,436.6963994555713,526.7588118984792,40.80698018536666,756.9096747245842,664.466960711637,873.0755656723063,813.1122428147423,597.3969206148029,177.29405840691925,406.49725010556995,127.46674104220878,587.613198574149,670.8158594006785,800.2582579641536,464.34389584800726,179.52591816404063,781.4732452235065,1
134.4299330747314,27.635297305205754,705.819286664298,159.52406306999566,445.52115945559325,690.1260757177882,142.0644133850122,903.0475171097199,880.2255320183605,948.5961840692075,837.0369760529146,520.3483736145434,651.6959418866055,767.5479529314658,761.1482382077488,951.1675777069587,303.4641176330579,239.1538261257511,539.380061625394,939.9083307325386,1
198.13411087443257,229.18384609518716,178.72053717477644,648.4852897238053,101.79717443051118,632.3544912867436,795.377551811789,583.9469737145439,894.3632933433173,396.2248102341761,118.28766664367375,33.65232464582846,996.9390403064299,237.2643188603589,87.35038772593472,697.5249876090135,82.39173662428412,966.6158091014833,697.0715319293556,640.6232201175965,0
616.3392013111977,539.7278587286633,683.7732956479708,223.6771331774654,35.42578235993954,200.07164179582958,174.5585134813259,512.1371584685476,776.547475488582,788.4238169446504,754.1718203901451,56.8950201318722,547.5349021612067,784.2467534079439,764.1948465322832,189.31994484523418,885.9917143172859,960.4902818467763,175.6627116079863,493.6254559738418,0
40.426736250888,418.20352274703055,987.9202679404316,388.3080455561204,967.1838465167835,689.6620078983334,539.2580808957894,518.0867993733596,827.935195320432,195.66100269283316,451.1682752975845,318.41826786923787,653.6517267878269,325.3852316223367,674.0590311564214,235.8735041076634,282.9014230594614,595.3704557128658,426.64223063551856,583.9466832978202,1
309.1808857396503,455.5584982614573,74.24148820338394,129.76308721888708,104.27337860433339,821.7942804802022,710.9147481668319,30.719839227283163,134.68813141955948,433.39882559259746,321.2278600458038,409.9147550230637,721.2288272464772,353.55133077617506,19.000397240506285,987.3569934688484,442.13873649048384,401.5391367125082,966.9621969147651,404.0445075184682,1
491.58589560235635,724.6695086392424,977.6931092803284,142.67182210486752,28.03275809593242,658.8373356029697,881.065097086803,390.8758192520062,67.8810763863441,703.056405388191,656.3498268395555,292.54514533226836,484.63129486092424,800.0049905557267,425.05608426643823,117.06844132190908,980.4550758752048,884.2462753922503,222.3218874081363,939.9644121870016,0
465.6011874244207,428.68009321276946,153.53631280222,52.391388170322074,861.5078753063359,642.5479799456742,479.59223675060827,913.1042604032392,401.1170016322374,278.6544968741114,303.35611949758004,648.6816118971774,427.0206587623415,651.3699367612915,834.0200736880516,998.9488128793907,852.1177470872374,25.256811467950556,339.63755599492174,112.68639851621786,1
278.1751988572306,399.847263287353,540.1256760892861,970.0747211820502,760.5165403038377,912.335103360796,645.9558094687243,256.31444747526024,700.685235722594,329.58666590822105,15.178377363705863,650.8080959644426,352.87145919467997,43.331145734480714,580.671760403393,890.5768829957711,686.2946212381195,818.46643361928,922.2283829501332,573.3894266309838,0
466.8023621848132,906.2752808609199,832.7657267249676,795.7714760578801,994.7609095074494,795.0773297707107,699.505216934066,450.73630069454697,351.1630542652008,767.4595934933587,384.1013751159128,620.259313511912,671.4598406598055,712.7646089270737,247.64077882348388,522.1518054940532,386.92792464026746,854.3655934344499,191.2285263792518,391.67464104200155,0
394.0163749314566,400.5177233640745,925.7266527778003,826.3728205724176,355.9530695821779,830.2047959925534,907.3674894182922,814.8137276040366,89.74299294271792,739.941342701608,861.0311318619731,580.2058927127227,775.0926376918034,662.2151752476824,412.40711961505525,281.03599225857903,249.57294313877753,508.03649563398534,781.3179906526525,427.1527082622357,0
301.396424888795,285.45358858527925,272.18908527850715,714.9250035729283,211.79304082889817,841.5909768311631,291.52540321743504,27.76745783969725,393.85300635491495,790.3472444341858,741.9752210942272,646.7489351145989,194.47611314859859,374.67234258715234,938.4406607151011,213.1625560657475,376.095095037677,105.61663324567839,387.7191309411616,941.7857202647874,1
516.949333960252,727.7501247529481,1.2086742651397087,615.1521686235592,641.1687661845722,586.9458332472915,355.924322240363,36.39271559975299,445.15592150685325,726.7672796092908,24.812023199372703,255.8672942124638,556.6016808186033,142.62614896263204,490.9757389263515,215.574286023287,160.95081934513033,201.52538363219986,93.80238826299691,372.0240679604353,1
178.73831827037313,238.46448583426672,829.8094532707745,966.1323227314788,783.0757585829201,821.5117312462102,403.4083028712634,582.5761236971275,66.01768993414025,888.3492706538312,839.979766017074,684.2851658354032,359.0196277884673,573.5288562853237,186.73117816751062,713.9983730314267,173.5877269326682,165.1528145133533,557.6426982946676,812.1132858920784,1
250.88480281871128,335.6068813181696,284.05464334885147,186.63603704133214,883.1491357068533,365.1859502214284,863.3296824024948,460.10588047825996,529.5158417800981,964.8624053237323,277.936486340993,942.2307361475243,956.6419258931805,362.3154701882776,887.9989040907349,112.92593061371869,403.2109400380648,794.6575726029535,168.3817373121179,89.93994681514339,0
230.17833728327497,128.8024204045215,774.6182380156926,408.7371800365216,913.9312646121874,522.05188791638,304.82793610694415,909.8381009753272,699.5926610713699,196.26222753760436,36.11871243204989,953.9654460188746,884.3075121787704,190.45845623269142,988.5621716813641,181.78455911628566,411.60827530876753,292.9456635645562,147.3501032729351,707.6846214132383,1
358.0948396045035,927.7863062921365,781.2024898151136,343.419115064832,843.2314093216577,473.1195623376477,897.174026668124,900.0512134649127,638.5252412954163,384.56492742503235,806.14134139359,944.3974411726161,622.0425122932593,412.45722905835555,125.86525650756775,216.53005690484818,976.8735833093101,632.7384165124439,812.967706516525,489.17757195022307,0
495.7363765595305,277.062396681327,964.7228572572312,384.84485660343756,44.18730175867369,203.4739715351881,757.463367000342,395.91494911493044,606.6043088080396,825.1058111031615,56.72037870422386,768.1980760296369,883.6153817164994,37.377975905389164,659.9637873029815,62.229329014116594,545.2816579067118,383.9949770859571,930.5881447789563,230.4062473780035,1
195.46387886014537,324.72398064631017,430.23726764854354,958.163338831535,596.8459193865788,297.99839733818277,809.6310863931953,132.40067548482358,665.6476921851331,280.73989878156993,259.90681927909145,196.33571224467084,589.1716192520543,119.3255813575137,675.996742552559,581.8790874856984,22.25341493635369,315.31053162184264,994.3592915953186,622.152465797208,1
770.5889419507176,15.248193598011772,653.1458150272794,722.3974924214194,59.782737205663075,246.45763070345106,951.8848360046364,169.78036264637709,764.6616355840107,837.5473259097953,306.1139908166931,365.3370279237199,112.27949971008422,699.4937128973647,704.0961375274866,37.7226854258027,273.4100892548309,805.1542660478004,339.3010731148497,411.71232253972744,0
421.3018905615963,825.7099469355785,224.4052699789122,735.0171488977503,314.08008543664675,378.7678163315453,764.1303787772911,27.4369555822781,442.05921377232636,50.96507243726312,626.64656540544,24.715950815062282,953.1036259966086,98.0895020842566,583.2346778914089,723.0244765573352,591.1877064704995,247.59273194292297,869.3737711054728,276.0921082404165,1
863.1409668090045,973.3870609795703,897.4948176500063,858.1469299906872,759.8022575696648,749.3490327094926,143.9174946430729,52.35703236725009,680.4573234183733,223.61306853286445,282.34798437460006,269.9225415882863,402.1533442469535,966.3597035905578,381.55654881717635,139.34210302769546,49.43079676176821,806.2976231160316,521.0221163025885,832.6003128941165,0
432.7111160195386,295.00198651533924,60.873587256231154,730.6891734558757,648.7273607885727,917.6009311703511,116.9639824616403,374.7804424816543,229.9796215809733,945.9516610857452,726.8314759261642,621.8246488482059,390.49915715999583,954.7568022766563,344.40666655478316,739.6398174797582,857.6406598864708,195.06791694941904,208.54732799440967,502.1369190818957,1
53.393687037765034,703.1774165125319,204.46980128497484,486.88119432661557,269.45566596840496,454.98155326813384,459.48048673422005,15.44411454064143,27.563406288694026,633.3802152361353,799.9456329848047,790.9876368586082,256.21541056203324,803.7435035128793,465.81185403146117,293.1690687356187,221.35752107658135,286.2773383723428,897.0887388006212,903.2844016804421,1
303.3691514097712,276.6178981394577,176.85416144096823,648.2198112679886,342.87813003795543,148.41346888961337,677.5482924526001,481.87482983159356,481.8562604193297,564.280947316479,767.7353036214242,64.91465741349045,480.310023432418,40.40772492875766,102.21308083521762,829.1510755322244,430.4721094174332,729.9731498571248,773.1765404484199,759.0246284956642,0
317.8964784393242,638.6390988187289,132.08845499077836,40.99691589431009,128.86934267041184,223.73245791443875,971.8580997312231,701.0969573365267,744.5335391377093,635.2711480594509,726.3285862530261,678.154362411026,260.771297377835,276.6873334016733,95.80527013437256,589.1888350534994,190.45810798434104,898.8839144107053,623.6663551305109,541.8314167811196,0
31.87957440847422,177.14829139565347,651.2354162666522,210.36633929194704,294.363898636887,932.3659866282808,839.0646109426857,192.49344627677644,232.98161162651033,138.7829541319966,428.5889247906973,74.35176626096262,382.7632859835971,611.6176375867256,258.8119796291034,790.5225884472793,218.40363252343076,764.5205912157343,374.64846311580544,900.8162804145333,0
955.0653163678043,292.8050843961393,437.1028507830893,360.3018356098879,806.5085422011207,99.7200286858615,80.08734106705705,656.4435643410314,377.46764817365784,272.79338253581034,323.67409068163454,82.0999106163881,413.9927890094064,207.322787922561,999.7830311465848,581.5734445745642,327.33278367478636,759.3261815671262,242.54412586782635,174.24197371278473,1
107.48880028912733,378.1407032265186,322.01169620083624,759.7107689484073,877.6614418128105,889.764412782013,973.6575353233144,973.7886922528223,410.9245068138537,626.9356222297632,230.68356316694215,239.2677748045373,534.5778375216911,471.0481635731232,68.23037830200374,518.9333714462784,729.8283736817043,532.2751270079286,217.5184207814581,193.8843953018461,0
391.8627867950495,498.61416953821345,579.1242669472186,12.139407066901974,299.7018745709322,959.3556033691247,25.364582648543355,886.3253984305834,318.73077747384895,308.04902771356757,637.6916748837739,705.4792675252896,571.6463607388662,284.92333348098356,673.2286269550551,137.47666571830786,233.94069007964004,142.96170321813185,790.5150182988589,789.3474733637007,1
926.0591984238027,186.43303198800388,545.9723864856268,518.8697416870176,995.1795963680711,394.64802126950383,996.8268336874442,886.5940469538436,564.2059933842625,375.7951242418017,623.5691076897892,360.3201058776693,343.3281086253204,653.0804330080939,926.5493902847924,479.00845397041655,183.3929620961039,729.9330439525999,281.841463801222,457.8387507025832,0
271.0439827901968,633.1578037645484,835.4537354426712,655.8544308219803,383.7210250691587,374.68815114995624,67.59605460772045,401.0660657098627,566.9051615390996,434.9974903254733,328.6493573921022,419.8984644109078,53.798602310492385,843.0641296934356,223.8062577432437,33.7312334428832,543.8929519821224,901.8866914289277,581.7045576083398,400.69624124980163,0
253.2872413232904,142.47817501540283,685.4210268654872,131.3658939105744,578.37402070379,321.3059970510833,18.882938843654884,61.231144752486145,228.00540275572047,780.5846872404235,936.826362053266,301.5111215454613,602.715713235487,631.7353499544027,492.2363017045346,76.65975240495737,289.48575013552494,995.1311635429811,422.6152155895777,566.7086080490168,0
496.7256006853692,103.94682260315169,963.3096411609479,650.6069433605468,880.3823435288635,969.8613313477787,719.3762615987378,544.0607746855633,928.6084913923669,983.1995510513867,760.1787703681252,501.05699250401506,811.44079448103,822.8748260311935,817.5840261428847,402.19804438046947,907.7910836987579,846.1268297828038,201.22075655876205,614.7462975619751,0
130.27326989964627,808.5435921061872,321.22966321293745,462.21741258431035,223.39779616466382,921.9299969437384,685.6671453702638,111.3982864262435,537.2512453872275,411.9842798928113,438.2855579114033,195.5752600917773,690.243214961828,231.93156490377964,608.0424663351204,244.520240581931,633.4336442722457,147.37084024265712,685.7213873401562,934.3437134533094,1
754.0932414208837,344.23266265133356,311.8697871288333,903.5926929906365,537.5954648893404,557.7447038553836,863.6160845942171,123.9976735073498,317.5942720543886,991.7877222025527,744.28871645489,349.47878833600356,872.4096429847701,355.12198397805815,818.0763251285819,205.86781319793656,477.6702481263317,695.6644690726523,39.31317361517694,132.34757616687764,0
926.0344415500509,765.8519120984571,529.0338306779747,175.62071076237362,580.3235312490502,26.895293841380564,761.5231662354014,915.8551617163553,797.9638943519346,175.70361590100737,721.6143918813337,719.0188374198839,484.78884459975035,221.34349696253543,160.45239129911658,473.7456804057981,365.0749317477081,64.96958388855867,633.7667541989927,828.0466257624389,1
51.726034621411124,877.4751769717415,238.16219498613944,777.230115307762,858.7635771741641,128.0387374073667,103.25258289081196,463.7467366215089,140.50119689709396,101.95373258681218,20.24176838271241,11.334846080594986,169.19361838923373,867.348626581917,774.0886792560847,730.4150779796574,290.9438788275933,628.3060923842811,162.08241980307747,645.6551272576407,1
123.59484928304742,833.8757559081915,313.94125645226165,264.4949448752214,473.0815121053563,999.3791250972757,703.8585735259198,542.5420813354692,136.1924234715717,155.86867030049513,686.1930975852073,777.2885048157085,114.97421310213963,488.27350032741924,294.23038346921504,763.9701635350721,47.71445796724139,169.5833422428642,882.1154713602251,309.82127967104213,1
455.95979793926347,874.2844532155851,778.8452958173871,214.5553964515976,703.8986286192829,405.962288977591,385.2497897870953,687.9317559891333,170.42357341801406,517.5009477531919,529.6750563496894,429.7190680379238,683.973915749967,440.7354544202845,379.5945148837575,493.101473622546,630.633736815151,287.6725554060785,817.9426987276726,222.33078688617624,1
135.00321402574767,941.5042881454831,119.8060470680139,540.6885085132872,527.489797345036,192.44474161037294,933.4978370564893,807.4117672559888,329.887162631573,238.92036763175895,732.2333126558902,952.1831373557688,39.27852460869974,397.5530982421758,604.4229172223552,161.4682997427951,902.66506826285,454.81380300241824,351.24299825369224,974.8810331467143,0
791.3923751132623,853.582791006283,965.4646835651032,943.9615126100662,684.427223373765,367.84136362563015,659.4581508251848,863.1292811561013,183.96080729820042,101.36398943860236,78.86800804036731,647.3656411828764,857.4439647470185,583.2351332054554,367.9080368130546,401.93829760706876,380.6112228571142,662.4301816397057,265.2367274082425,337.3154966466683,0
518.0494617015089,590.9043268305815,16.237493606556576,769.2283854108896,23.571492310562327,451.5966797811064,65.56589996363404,944.6186392937664,172.4160488171479,70.52608003941441,979.3377048165604,553.5400382014014,835.3155953572588,845.277569021994,753.409413101128,848.2085140855015,269.18086670571574,781.1258313394202,599.2149475679305,380.5019824537617,1
276.2838673301353,697.3503036100301,886.7380982395019,534.4759636451348,445.56222600438343,726.4944397788597,469.3637705871104,120.4956732350031,373.0685912725622,574.8099057393407,573.8916542633419,342.4192870412688,713.8401222206772,243.74073069510806,907.3650588557372,776.6098192508857,836.6233334502645,515.0471530033572,822.3192801738394,983.6472831883126,1
769.2556332466936,330.8279097053642,709.7585269185029,949.0421045104645,874.3694324278006,617.6030912127286,303.1308557167506,155.54447354380173,474.478012338763,46.72844007219745,198.79425635519576,346.5148561667376,801.1127985231267,278.0928239054602,888.9047899887489,471.01271485461416,854.3750902507878,325.72360233342437,311.6388171258492,573.9759526551579,1
259.05629061895064,219.49977143582112,604.1830730214656,364.79418783816595,458.568505211421,348.87771453534253,863.5830523752916,307.56014297509506,194.48787090884312,472.775370767638,247.82481335526373,409.5584912054954,631.428794637209,87.85616528891838,790.8130545529469,736.6343145663951,583.1158848689373,930.1750331427937,876.9490338032243,676.6800612921048,0
233.38593919570084,657.9808028472701,123.34415448394176,919.6404409776185,697.3786926664964,246.73639684976035,949.5213975425241,895.4281198485962,160.98595459726462,108.39656595474567,605.39717823632,958.4409545938449,565.1370014827305,34.99760489151571,331.8876887157585,865.9520281018376,329.7099019918942,239.14798406646221,215.5862472462329,240.33770045669579,1
32.80285574085418,100.20035958668838,353.01463786769307,668.5710439654656,901.485696754598,754.1033423997749,737.2274932097654,169.90142501346773,409.37410679242225,1.8108128765386144,797.8858148167108,351.07005431175196,506.60794084181083,783.7753056393956,659.8845050367204,715.7409474707775,814.8176086222747,686.0437621465024,299.5163917375908,609.4422679329923,0
505.0209643003849,116.1163647779897,239.1209459134347,913.1515358656682,802.9871375387871,856.823515584189,761.7237192876714,347.5818477570074,844.7892171394691,264.85307660708037,774.5623045230831,858.7027645817091,482.6997417062117,687.7654260452115,597.7450333275843,605.9098719019779,377.5267499531364,879.2989144547054,677.0203963178473,401.9413451367725,0
61.30412618301473,512.9724780687864,991.249520070629,888.1228591259296,653.2782665194918,324.51967355714527,939.4288108134973,851.0962445033243,518.4151110243824,729.7043345335715,478.0067788509603,171.90831322335754,231.21310244432937,205.41755734456757,568.9545480354468,162.17374053045074,10.968712929400827,379.53021635556416,905.6962479927114,266.3903805898483,1
410.9534637107437,681.2287324491695,195.27789008421325,432.88541398139756,230.4820448537994,279.43497612403166,186.12951467694427,816.1633945722691,966.7815699587186,319.12180709810076,212.87054820373186,671.1273427016523,340.89848775232724,814.3578831822649,945.7236713558462,645.2843850785143,298.656808662601,227.0365101861035,226.56798933896127,931.5070308115705,1
761.983410935981,29.8314016310518,685.0913765655242,493.6073117350638,88.17741395065804,508.24115878872857,672.6164512491686,493.9915954569353,535.8811717062307,684.2607992520739,810.6499865006848,846.4202120345334,845.6479975711743,429.36955254538145,893.1380660922698,104.30949256617606,959.9500375582847,336.0844814298993,279.56301629694644,608.4683991218674,1
463.36906166999916,847.1052359281707,909.9687692526127,60.20839590110838,717.2837332259132,912.9849533264522,25.005640539051633,558.943743797279,392.65975488377256,836.7657368392148,483.7955860530159,817.291359209791,816.4458860747847,72.9971787503182,887.3201523741931,472.8736721776801,994.8016343234315,628.6616090755381,711.4550198811258,911.6971372261788,1
423.69290633612366,995.1505070742688,32.20982819875851,240.77863039432046,469.18014349762103,747.8395889374076,691.0816240595168,575.6880112715445,476.16278702175055,44.33788291789587,894.2045490343085,785.3247240269792,235.82299674260975,214.6006966912739,769.8887482062986,868.0533620176844,86.2512163811271,349.4765893805973,432.3564554552644,336.6740204658165,1
793.3298467947997,36.07312722430145,332.7689471289556,157.59382541923972,941.1475672982638,167.2401859997733,340.7490398541856,873.6762160985701,597.792812666384,476.57183880709374,671.6605321623849,248.0749944658901,317.25209236710816,329.5159222841123,204.28973459128008,49.326644544726015,663.3557019612534,683.1943721437299,147.53504175747912,314.5978061049194,1
321.7601262203995,851.5004946333594,571.094685927287,176.04779438264285,85.84605321326855,122.6265885458031,954.3710171829863,501.2068314489795,625.5083291431783,456.64532394610114,565.6618109939923,2.3069614925791404,919.8658188037074,782.1581704212189,648.2804184701164,692.7103347984736,391.34952755599994,369.1182307917044,385.83668190195374,40.535145679409965,1
642.3041696798778,922.2332213918373,451.7907908569685,83.07655606908271,156.8131212397451,255.49960954345497,883.2990111361416,156.72676317852597,50.027442753822314,525.452463193144,490.97754152185945,877.8873434251668,110.35186893102345,983.9841838181426,548.0126375914116,494.50013146967564,190.26864902171226,16.66323533577374,940.924548730266,423.3830643968482,1
464.06826736607974,856.2678125517695,447.9519731051663,266.19572736972077,397.754311584496,447.9714009056006,609.6129764358069,598.6073309697607,950.9747832322068,495.01100102944406,930.5691594480361,260.61115423442516,591.4495549111222,987.2109899774015,767.0231754694221,372.6246286166254,377.16851468329617,976.988979681899,582.4052422864178,680.8829308426191,0
737.0653182181678,823.5943532588718,942.9952165426644,530.577595723439,401.6075874103603,190.57560174222377,938.2899152614525,712.6525993443303,439.24186722989936,904.0257745186362,230.90611547614327,891.5844214549246,463.4576754772417,643.763849197434,760.9761307721027,965.5309618446549,61.3967643492167,30.355811986694793,691.0848114098651,286.2585090348838,1
343.689912843303,92.84773301788196,44.74094144900609,594.4059133541626,621.8556353005015,16.53068437292704,171.94545111730554,70.1812470535147,968.9654281726242,465.63558002759254,581.6807647019486,229.70879888624162,211.3929111344357,862.3700159712972,456.91161846274474,780.6934656022926,199.0408664983252,744.4171712243151,916.8676074814018,9.580617075104826,1
786.8107625976611,854.8891689216772,649.39096983997,310.2472345127918,815.5889172907921,383.4551232203423,699.3292867852197,665.8647621420545,988.7570108570104,477.0535162188434,237.64021707066118,69.7648035117524,908.9215722925131,330.69932623692245,782.6977158611971,884.0380011560699,973.679708211141,981.6889904195461,760.4468055995068,107.6463277730768,0
568.5697231188927,666.4391735445554,193.63873769095318,107.56856370048651,545.0677060451873,910.8548544546156,720.8081305264669,991.7354434591078,865.5495415758088,125.12087698065355,447.10145327953944,749.6240522593478,272.25188615013195,513.481859318569,729.021107114407,482.52565066536226,660.0537185972119,691.5488403259806,821.407622488817,628.883429833749,0
844.5459806304102,980.6678201207736,236.15765718781378,80.68499233917859,598.3024353171285,501.3066840986618,468.1066446101242,925.6585388585344,997.490785651138,584.9229508570384,67.70071711920522,361.01056177341786,554.0309828728442,259.3064640513304,964.6431833021055,618.8307669035078,449.1020465042969,307.3879940651255,621.7433325911347,260.85264466263556,1
711.9412220092919,701.3606656750633,30.53780063671374,801.8848917660814,665.7194011358558,779.8872611592825,993.5355246108113,361.56173531013746,425.77442941327115,976.5056446634195,578.9261148441652,576.4137265311647,489.2291019921696,568.7263518373259,839.9014420164979,685.3922500793946,822.4388443674036,704.3952650852095,182.6784128384742,430.63424972438713,0
991.8860688171022,590.6682896038458,775.66096691301,291.755109444111,513.8545654905397,635.7142820633866,96.48319701691122,127.20165928522309,798.1568391596043,565.3231456416045,370.26250345879373,460.77678600913396,869.7053379657781,56.10458594955148,417.84942526438596,142.50819412337245,143.78844044028395,495.4983636867022,277.8959635083661,560.1498420931463,1
689.7584573380532,682.5288874260044,420.73915968225185,554.0593210005953,509.85850133835544,980.6877063837453,653.9313200549936,386.98555090437867,352.14484989874217,874.7564881396586,168.28817436013478,636.7698630473683,880.2195133035359,279.9508893631406,759.4792492438593,682.9852419155627,376.9833275352394,609.7796311790427,988.1868632623227,312.37814820558174,1
147.58936703041425,705.8856332360297,450.82324839741904,47.20700308004477,573.1573908199179,466.8341250627884,408.3902762804478,30.661521825471105,683.9932260411404,354.6945069302592,903.9421230533063,125.93438728946427,78.81278998219376,581.147785672629,446.90320992242505,581.1617472494287,697.4988166407243,101.44985373778692,824.7255667752141,426.8996382159942,1
497.65617737029487,195.15339587484925,967.0071617612572,6.767796426236372,724.8782536965771,688.2006719996823,596.144523468334,946.3205491383213,110.83803377255985,471.50861992282813,706.4816577581673,556.7597846338826,159.3828180365343,530.3095388161163,794.5172986065744,916.3655717691696,329.96408461806436,332.93903836888416,204.71996876458286,74.56901477834643,1
922.9221018888632,150.5635535162446,383.0093540821015,345.27691900535564,622.6192418307048,8.579896386983311,801.4926223852995,240.61381887911327,463.70154606961967,535.5824837481708,720.311592995133,474.8622663420151,824.8598446831379,583.8469586355789,48.7446640975443,150.61104196225105,68.87045949758452,394.73480856422924,349.49376902414787,388.38283186135556,1
204.44883866477238,258.42433234467035,850.9258363712005,560.5318662102133,30.00962231798665,60.7755805867326,278.0850405963579,94.80715911438719,254.07366616386108,992.9150416396803,538.2484633474495,835.4314206029602,633.2927901677429,310.4352356118232,959.8691173523098,578.5815782572917,815.2844693761066,466.9355097623632,977.6697188336699,108.16067508231453,1
644.8981938803079,275.7413331012926,498.83508786491683,726.5968119463523,611.7228633345419,33.99417188089049,248.49575839683612,908.0509331192201,646.4683039875666,708.3470619040778,917.9402487518505,49.384254215953824,267.4737359266845,982.9261121797493,460.08210468690646,239.5214802733685,462.4781527142642,236.39611980463405,538.9817371681652,581.0804061901052,1
362.94572966333004,51.48775469097344,29.47687273131916,839.5238650989844,956.9065953279877,286.47255783693623,448.67343973575015,148.4181825010986,31.412448186209918,29.898551759007354,624.6813292551686,16.610580830594635,376.27013434410884,567.3714389042045,524.792219159764,446.0200260360857,708.032088883557,259.7805621536835,676.2438709884995,473.12079164171837,1
545.0039182654302,876.4949254392775,27.527701894852207,784.197211035111,136.205063026378,335.39093957041644,407.5801775362481,771.7505696627193,540.2978141501767,864.2487769168848,133.64439761697668,503.02134050021664,763.1598377690173,990.4485785638688,842.8910259518457,16.633435646456807,668.253737345533,313.8449213589767,752.0648732576259,701.7377333041741,1
756.347827365381,925.5146402321265,581.8501180661082,225.8991764078836,908.641746615034,130.02616480927742,937.8401140492757,943.4062405791726,149.0073926498169,502.0805406376846,936.1313618424194,532.5178255438927,299.9524679333487,364.16094183236345,319.0556523510177,852.3722590104043,914.7160542901129,647.2876102479966,16.46294800925785,593.310737020372,0
70.4660782494273,439.93970022292706,778.3207856391492,850.6173488551822,863.9126086294019,595.5239716428948,574.7300131018302,112.04894559434409,451.45453559970304,336.03289400283165,620.8175498325493,440.8490926233104,651.3946193982788,755.8663657143919,834.439987894518,842.2722390907974,130.18124840310742,621.0638039667906,143.7042502385657,377.0661948942401,0
536.7245102023469,68.46702128112436,703.5837408882919,95.18863930043997,421.9829053885915,419.2411488933364,626.7807880176504,688.8515162603779,931.778438522749,731.0377421748594,727.2557362142661,678.3404504495326,150.25443222549717,378.84241889976056,201.5353534505492,488.560650600232,44.45613769991641,96.96233594122394,258.93736296266457,344.8709950376999,1
870.0528253510101,312.45547541037934,880.6549144423427,72.33773246435848,524.2322996003371,833.0795711464843,839.2131600258786,423.1877121868025,397.61050326950186,191.59997287246645,389.86471060123586,697.0885616127754,652.945413811517,248.09513245716164,888.6937702987793,547.1852774202225,621.3437888479752,390.8434265740897,144.2891722621683,586.7589284409981,1
616.7539737193832,808.6256556322596,609.1304626194791,668.0425449035592,844.4025908022759,464.94103784406326,879.6556553538433,151.2483292191239,246.40393295579278,159.893606648547,103.22537900574946,627.4787872563063,174.1643516096919,715.6939558264276,156.71408667310672,840.8478124859429,284.81562469811985,969.9997467450862,968.690796750491,76.36908232776108,0
547.877092104509,768.9609976143001,796.8853821322776,498.88020305422566,830.5676239184291,914.8319654539288,138.89059774053948,922.686708934139,597.7567968870835,406.1622736129087,459.5258469669382,213.17810817999515,318.8848160314589,105.87823523818507,689.1235268485663,100.48520352604096,523.4930646487204,566.9996694361768,461.4810416331008,564.8551995315856,1
166.5432772185873,675.3257833509335,710.4861213498168,229.50141714579175,942.630668159969,39.67315166513274,974.0568736713508,854.1481826108848,197.8444213499777,555.1317763930873,448.12519030271693,330.9075227361183,700.1286783128135,212.27389545355058,70.00195845363444,308.45839398641436,700.5379152136028,797.4798475452523,553.0260434247748,966.6853490706011,0
257.9755966541252,468.57942103855146,510.03148598830205,251.02628573561813,475.5572704242793,707.9119058182588,48.01709318707425,209.49235238383656,482.21893019879934,793.496123618069,865.6006100425793,68.37209228863361,442.5664668018269,884.4766925430602,568.8508928556126,78.96463809308618,348.93910628081835,301.46216048306115,782.0332021127501,611.0242126120012,1
222.32977046756287,360.63381578025997,247.68499745376704,899.9779110507342,960.3675122884132,49.29879921576386,589.2740822456839,778.3732603873033,322.63393743349735,907.8462863373107,589.3426917529374,801.8521118070512,567.9669176549951,729.6061312191744,949.1659774665318,399.3118181265477,981.4803781637263,964.6415793137534,460.09282975837584,17.911430410530226,0
195.9708734305424,535.8251883934493,612.5249017234278,907.0560125057607,802.9751817011386,718.1431565410309,360.4829110329054,757.6691246716676,103.74492667406143,647.8096337392312,400.24460425412747,973.1970594207213,896.3675833374225,891.5610330790182,398.2899364216189,626.44981317265,783.8717154419977,699.9315812072622,542.3465647918019,441.48161221014306,0
457.30723404884066,675.3540678508153,199.31676533110897,289.56939988416786,530.7653368834794,82.29615796411693,807.5967364837063,29.03200987093002,831.40769018255,34.47584433037187,905.5218846116695,850.4556747257824,30.101596892304073,309.2335249290065,544.4668468987946,600.5566383539934,770.1270535009764,805.983745970356,974.2775480263716,537.4142194355475,0
621.0394469415801,878.7234028831031,377.3910697976792,617.4158916977827,121.55027145478815,731.3824996383453,98.75946591195395,82.44541839131625,791.9207491643001,659.547009451928,485.1621629656504,845.791561339117,818.9424984252139,363.69768776564314,183.8943383675018,785.729179365261,171.54958270258015,56.80019745808684,236.31447348662547,282.7951529724736,1
131.415828392619,415.1661358724306,115.15311965383779,598.1998827748233,301.48853016906264,935.1135527674168,41.6686642199644,533.3699798749406,266.69532278566066,92.41747856697624,63.44096267629307,227.20284604482322,797.5026724336628,511.14947942767975,840.9137890552598,87.33075942474954,143.6392471008402,228.43707052464535,993.7052128123318,102.66650834897884,1
863.35528727756,434.8306287225847,986.860288289445,74.61788562203353,878.5618454886802,389.8448791069963,851.6440364973856,756.3364084101719,813.0869182883214,62.599795931553956,853.4198247331877,747.0197010551484,17.053544731445047,764.898682567916,265.39567502995345,942.5598419558044,950.0339233253101,977.0059359887896,758.303639899563,714.9152659535138,0
560.7428713263479,916.4226785335949,761.2740710388639,902.9624187719487,787.1319674457105,583.4502159873776,631.6099609515096,527.6824462632244,161.58099026016447,135.31900710248777,51.39759121442855,34.35997338201668,924.1971625270944,255.11110722728515,479.0422525166851,559.8251975895668,790.7334197106281,423.8017689447824,79.78436585279502,362.4700091293669,1
671.1400551692462,237.9013540596041,305.8407609143522,357.56098817968785,403.5585664908625,393.1967225695476,611.0309214469694,693.4968903435131,758.0124108189011,454.9358044995104,931.2362723696483,286.5965499929398,889.5265021585307,158.51316850555264,564.7434611570608,638.3123162972915,604.8896032615128,667.5336908875563,0.19870037204816615,758.6516449617607,1
98.5330152108057,110.23095976221865,838.7263752902026,141.8411346048185,478.3873087914118,882.8128920620329,949.7328535419593,39.377959950760655,876.1110241855501,816.0478141314679,536.2730930810523,624.2033519345507,376.26277634224135,671.5106526468646,842.1981165939744,43.79951772927271,226.05509550303117,224.43714214518153,419.3089340326921,768.7744743477408,1
21.058987218989465,732.4387304255445,936.505549280096,302.0406165550237,382.5480364709526,548.3305830821511,972.6659198053222,151.80582734755555,33.925007158619124,975.7014548721919,154.18354417373558,828.1770506701015,709.6226535925301,86.93204732694714,632.0632877379217,344.4597349346586,665.4871241908388,285.97018379776915,852.5404167533223,318.59718053656104,1
210.67883769667628,112.31793613972208,847.5706810957203,461.4031314022132,196.04659211146958,52.85493383123563,597.8085794314768,878.6126805804892,800.5554158156801,655.3876068987228,141.04602468696615,968.5358740461003,378.9383456752522,803.6850227909947,881.518181403847,532.7854013868888,916.2554590926092,399.02619536038253,693.2017176669525,690.7423033347262,1
696.2886853982565,570.370071158726,239.49711622983892,38.905891411172064,67.59948749688304,501.3049381564415,99.72792270634478,872.2431435928384,352.1920674661584,906.6594425499803,675.040856377698,176.28026701374355,33.35007241211652,68.57301267659643,268.43287787265814,197.68491303451052,767.9963911146925,553.706527788774,315.1198718643449,845.2962307224418,1
717.9213863619198,135.16391412772245,458.1562170423157,433.2764606677105,474.07849195084685,419.6626479478224,300.90263704869227,500.9779228779273,753.2341115601363,679.6763742750106,762.0567322550321,434.92284474335116,801.8278708753938,995.2106313273944,790.2150965984627,337.68282097523473,702.9183487655519,989.6459799938523,557.7664974596855,686.8912934204166,0
270.99340588158014,308.81033282694113,61.57952308386017,969.1604206227322,49.55781585225638,635.4776226533136,227.94930241005662,684.4076766318161,289.23886301781977,19.38129737570382,93.14665597778237,373.7438383366614,543.8757982016948,284.65856269091415,910.636301018314,734.7280306938654,76.72729281150603,469.8237603476644,912.1630292284545,61.07928377677629,1
375.67109263286767,55.43912753541746,354.6779273922045,894.9935469877385,605.9184225015927,690.2832613339352,630.4803694849121,279.02097385038917,921.3617181704487,643.9074131285436,226.3997025697342,294.4097863821005,726.9767503285866,990.2996546822276,255.4877150882281,582.7380456365058,398.02692568140253,58.72063991340981,470.1945901707021,713.6981906722608,1
745.6264006826343,308.45088914466066,259.6565279810038,8.838354589007057,601.3543045105305,831.8917916759538,156.21090034118657,486.11393724764497,90.46185821000896,684.5935848677174,539.4629492904656,702.120462480289,201.9748950472683,567.1327131451156,332.1842204394795,995.7557599400551,448.37372815739207,429.721557032519,476.9087182967094,861.173512483738,1
165.76676207259965,77.42979687764185,503.22157165351035,786.1657265318671,720.8294976607941,161.06573672124557,982.5565240388999,53.40902529531499,967.6233496519026,62.31740673339503,863.5041093944398,460.2475630378543,372.8795183809993,153.00893754982135,43.84219224796648,208.21440727445906,483.8802359086999,270.2727949483007,781.7296453110672,433.8614653433995,1
58.31439670233485,531.4653324078253,883.202739803309,533.5992523933958,689.4437884965855,361.8656739979463,279.3372001833804,408.1627548463921,150.2108024525939,161.45498256386693,647.8212898681376,224.24301513068124,829.2480607801313,615.719174142958,465.2081759558483,722.2898884486752,855.35430471407,647.9268984021594,47.67209675765793,243.0646520788352,1
492.0490617611789,959.0654097655166,684.4833359748676,963.9764992808723,150.71200304170208,883.5740627614405,413.2246113096191,914.5873789362864,395.3557604418263,683.7049802912115,513.2487571304916,9.067927748174998,246.86769256016026,917.3855272216651,358.5295220751059,115.06585038425754,88.18824161575311,17.861665509715795,582.482806197555,380.8427525425711,1
66.1972783264574,950.0284165155803,948.512811357726,28.588511559761052,623.1675920938052,7.558522386988176,908.8694812664179,276.09651126046253,75.36541821653219,355.6644853492341,40.496027526313874,158.50002621222015,208.87087595013298,430.05187057385973,918.4208801861294,395.42701270267986,313.7067856942093,141.35210482414152,281.1432832340356,105.03508620137004,1
720.1702649081183,387.92570500224247,514.847844149521,139.98670255496071,687.5569732270089,956.9327193326529,996.1656359614889,278.0646238411331,851.1221010145256,21.774225396259396,805.3994768303872,734.4589188214334,650.2218412333162,929.4772162492635,767.0073967313401,191.22464733422518,905.7632563209639,941.5632543866228,29.065835963133058,291.04788788610745,0
309.25229747000503,848.9549501384312,817.6743022626902,262.8168024929015,558.3565738764065,630.7710582181944,806.4108362293324,751.2339471484682,109.87156865688452,597.3810517254085,638.8677801783557,569.7611695318748,748.7568007913103,489.3090361998201,470.6651072672061,60.27279534680685,813.0057500126075,721.2274463140416,863.6570081173684,328.5160362108791,0
863.1387401351202,536.7152321035097,407.5391411918068,945.2816948481408,543.0124898942101,702.1087489842064,345.8871059654669,944.506038223123,586.5443732189159,381.0947277061139,484.1486866605349,829.119520037578,978.7308670855156,596.4360862781166,391.02384250406965,599.8364023733236,953.5455884513538,141.95083103900885,883.0923073099037,591.9328851765147,1
455.24234037983956,966.2818145155147,381.0185396270962,714.1983978055551,245.25772756219865,687.257115089284,548.6394307863005,237.86018625657613,297.2154328486737,46.41551760418983,976.0144457947096,112.48981670667446,781.1769620477776,249.83112469206992,357.2232365623564,982.6099094440492,684.0004421192402,939.2939611897909,316.60518675327955,225.43122752904367,0
373.3330243387804,663.2835618267118,49.02492012459192,54.34865724547644,787.2666176066468,593.0216238840261,820.5378310628229,846.3504813211679,404.6346945361511,682.2618978922845,667.3505702259987,121.89362917506641,186.50099963889477,407.69747454057847,925.3023100788938,572.7808285394898,414.67211047319563,47.532084077300695,319.7279468467996,939.923166492533,1
959.2112438804589,837.3279160241682,116.39151975552342,398.4387550676056,340.28253514381765,49.125646455736025,845.3648940973111,795.5752945150197,611.8228776925368,603.9151801803811,519.049970866375,586.2881758542668,577.8262895894842,332.8710113033896,97.87907520370109,518.9414635887905,976.4851631927647,1.3334086039571424,243.84498893347762,399.1294935804168,1
319.1840667175654,497.5445483065412,132.46452948363395,300.677942160001,567.2030687450883,225.17415511691374,845.7539531098114,449.5271327739251,203.67499548822244,628.1869726679763,368.3686847808023,47.997683848795546,658.6449856686677,210.62405387973428,259.7152918573332,97.69624408778166,439.66627311860293,744.6731646673072,21.817517978462988,484.5689846644631,0
706.8538572925565,605.0553033867708,228.12055664692755,256.4505541862062,792.7067759191016,700.8840054174062,203.91931458892677,607.0779768326959,340.45769171261264,213.52037934750666,711.160662070523,924.7098428521684,782.4533940872169,451.55497505148355,632.5041778056976,537.9009830211829,338.32877931232287,809.994827689332,419.0368041498277,579.6555814393338,1
673.474622421799,23.700405960176862,44.90154916785871,807.5685632406361,488.9853705161826,372.42057344436176,763.1151284731545,984.0319287239739,554.1469922304944,328.7452074558317,602.2680823196998,565.2743704323265,900.0282533825315,352.1649070903072,460.2775121329882,174.3315527240916,954.6320745152489,505.02819125760635,311.2557192295853,468.9989417238868,1
667.8495312688576,161.90352127869235,717.718353099958,664.29615776188,564.5725617834414,862.3826268184291,637.0340000375941,942.2814632815929,944.5230836940319,610.8848293489849,583.025191829357,811.9171921826594,848.7089192368599,748.3206039575142,943.1564337232427,199.9038459153334,195.93475142591976,841.8498703591282,637.5538492573532,86.23804791230182,0
644.2710587274571,915.5643106748034,415.16179822821675,867.8209083671467,306.40695640473916,68.35421882927729,531.1437013184122,214.94348096802406,914.9815507463127,199.61070295376072,61.86071317781394,25.06485446167894,906.5071168292129,654.1767693345132,341.8718034006881,445.65410022635734,953.7871771828013,126.58172067540774,551.1137170090043,605.5780009102026,1
381.3529663685048,489.15202541929494,306.6508170748916,501.8246171715557,596.9739677232247,938.0667366173207,752.0541399936955,580.8362011108593,143.72128913058592,114.71695036121842,508.65607171269625,58.000190146265005,655.5169713649949,132.56987466626546,159.97660917413458,839.7898609978256,132.91517270944152,364.11638701087367,571.3941006862981,151.063472857757,1
509.60330335196227,76.39063414488523,231.9669339107351,393.8711834441333,207.24556121869918,231.56792121463064,210.02477354966265,574.5462873119465,757.1912430337358,908.2204297233134,309.4336705909125,15.771282384543728,552.9870454759418,523.2185183382451,166.76233679723495,912.9315953412936,926.7219634425308,669.1789996416626,318.0260849321316,741.4283069933686,1
971.1460548370892,361.67990222976397,638.2270817292634,495.1943931628604,80.57705410852645,845.7219179039661,668.9920276407547,444.8282745151393,619.1730640434114,574.3323162856464,819.7837641330303,44.52028602331603,219.868710915314,222.13539833039576,972.6360038439842,370.50386766897367,238.64814934768873,370.5934806896969,620.9586984379894,845.795782251802,1
866.1828900970293,729.8895309363832,260.5848046162408,849.7132576110474,883.5161487591799,428.51672622968306,107.6723050384062,839.4665711772806,867.0208094487997,513.2806684101935,908.4115649478399,277.32003280966245,285.8036863262332,703.8924906093813,218.0800490803352,116.46033261758448,775.1926276040265,175.0272815718802,506.29655091397717,929.0898149884566,1
750.0007605195531,260.5625034996891,835.8700606804738,46.47118632787806,697.7545361318047,955.2547306690603,738.145063585877,595.0925081310475,717.3999969434783,779.0703117283906,867.417716759664,81.93479186784857,316.8572427683399,698.4517206278884,608.6821994899763,156.30275234452685,847.6956766394534,306.49965592412843,366.1719712644486,287.7684524165699,1
833.7686144238448,953.3657626629849,431.040170673334,139.1420261116947,191.9366516238804,374.27560674998426,517.5336875429081,33.370003327855336,576.2709256177088,627.345437486818,164.44536291520438,679.8694937927177,990.6217141544063,184.22732559836862,512.8461661762616,654.5451778722235,365.0861530193723,624.275844056863,717.8306775955144,143.37631836395792,1
596.071966072752,241.38340089570187,984.7129402926208,98.08587113645018,868.911514501002,588.7976274705321,959.2797959781067,474.3476424240761,203.17325560794274,177.32824678839032,91.50226358370838,357.78922910169774,285.07368507601984,312.24303125411643,569.6673896769604,263.9736422580795,53.33838758465803,155.2853412197197,199.15673770595066,353.98699998573693,1
467.2125402774853,701.4995654494278,189.25000810605852,844.4171991462244,735.6891826358656,20.435063111408304,168.094363314908,903.4956895937323,951.3855489075773,173.93374719069033,926.4224970153368,454.4103462339545,242.6777425203438,931.950439968981,972.793512048211,585.4379056413156,159.3833814724759,580.2874986090042,780.7352945459136,226.63492669845542,1
997.819918931238,720.1818724257231,208.155744565538,557.2207008725019,74.7738372371597,350.81228919983664,754.2260387883464,441.4879676151963,145.62099770935356,246.654842635301,476.94107651364817,229.75721774208492,134.28524477774707,46.401562799527674,202.93831303788602,299.43487649114775,772.2565000347984,899.8857938344822,757.6217877514521,593.7339917733609,0
421.75840461017765,296.25795559211923,394.3387521787399,653.3333283420953,607.5714052880086,552.0158229349387,677.1408820523046,695.1153111847649,8.992493073683105,95.18753480539277,396.2373308493537,86.92132263710096,332.6814416742039,520.0503685521386,642.4980170937686,477.2459278843622,415.1050095390515,916.5778553359938,900.9813833232812,250.6769716202728,0
93.45740015539738,957.8809346883897,631.5411572268598,798.9644536365693,300.76505847926427,554.8805769409375,779.410712333526,596.915556158386,206.36950801439403,127.2954909355114,224.5718273185735,986.1462933973185,48.116824891754064,455.2700449942709,119.31833649927681,336.28161736404513,212.248374477214,540.0694581137182,372.3188149896313,399.8299562789747,0
875.9998717549258,548.4159801847607,922.6580047218849,355.5775400365303,893.7678619085617,514.0553145856137,753.8852117064666,902.349473135838,75.42384194331753,492.2906810041331,998.6847034313448,514.2646988916737,216.28142495838276,346.33606099526924,16.291328405513283,657.4924245441861,301.1033441302367,182.74165200744662,235.9782013281657,125.0764759080395,1
545.465062851386,863.0742214699036,970.9471035500613,371.61654572485423,310.64960304445356,981.445822935465,957.9047247215051,30.409679766283617,232.1556999735881,246.33551248263709,0.784973672386502,881.0083126661971,831.2909716640669,914.4763121011327,302.0262421070561,804.7696832132324,440.1490206961046,527.8550439806647,748.3810128979924,995.1877046541325,0
772.165761815466,338.997167391367,989.2869926080747,374.93859850378783,850.0995319774964,290.87624629591136,662.0490551199813,165.33833921629937,338.1611302829781,698.9996981985511,228.4471567001538,304.1165184912418,301.37407414771866,43.65424779520899,555.455523710116,682.7617857804586,632.4032104571753,46.19076640419384,101.946862623576,755.1525143732675,1
138.98142647534974,650.3308631313221,623.2993448165101,755.2268726917056,901.4022088041646,635.3175146854874,592.3402359765528,710.0700000962923,704.4540657599612,52.633958876194484,511.16049370004555,136.58792441397526,837.3412306805249,100.2227069165903,420.7069332588603,103.7167785734433,177.47418815457493,75.54938211833573,922.0363047443659,607.8962987500656,1
275.6484838848066,179.16717569265484,974.6745937283985,99.37172188742471,883.20199370242,646.2942193520457,392.67173643923127,288.9735212706445,466.7565231294214,881.0434666318632,908.4857783818428,265.689893179592,645.9079717728778,666.368311936686,109.48702827076862,318.2343171895874,701.4783022973863,268.43472553158574,561.8120482001932,375.98373444953324,1
996.1235712322945,285.8396910014653,433.80420625872216,809.5092469712143,530.958308964109,963.0333742167863,782.7721113280353,293.3865897696083,729.5911568858129,214.65723539537174,282.9056232611299,893.371541678537,836.1648331747829,499.7078912866728,98.53853490817133,50.07222355556529,367.12527393994,367.5501742503262,169.87157705910104,919.5185173820569,1
452.4115409473174,278.8942641144968,813.5481915065358,520.6735768543125,569.8680432584185,244.68269873589298,864.3116848459632,709.3908119907238,404.6446832329733,155.8372733963821,494.63994861005887,539.1221164534516,110.65454276805087,484.22295768929615,462.5762676775799,418.73937876742593,608.9038934364138,898.3183178351561,428.335807873372,806.0784753640063,0
22.034265573091627,579.5740543127009,449.8833346949572,862.2439242801809,844.3360481663251,435.38623463248416,382.73067103360705,341.8867286294891,985.1548846044875,502.1412326278262,437.46956475675836,104.50503167046132,549.7754264311707,20.9143762405295,161.8960336212497,378.9041357511683,254.960291997409,417.6944355244171,39.6963144536705,945.0827846622368,1
587.6027135959397,221.2366649966998,611.1933863543294,967.0548405608384,105.6264386449136,600.0052762967144,730.109087529703,66.03480113657345,788.3662704155696,37.606226336009186,493.83443372560856,335.5510992157739,292.06054037047426,280.26562234141596,637.4648718785486,481.6875349438952,519.1168956093915,45.10831386084568,375.3581913733183,576.789056345003,1
561.903487167791,850.740884029866,580.5071390140805,108.2181098442353,683.5538013623528,767.9108551925049,764.719131902888,795.5144675674335,0.8917855035208699,839.5532554606134,566.4565200432997,897.2944214841419,448.3362215678491,494.5002227455009,177.18075625212992,800.003699306569,336.1960038865142,48.739597760612426,940.3513578577786,65.18727079101039,1
221.40435762210643,877.2149170555679,608.946310301441,678.8624218412785,755.7577107199464,969.1807322619634,894.2463928432146,268.24227526723257,547.1645029230956,987.2675551857229,136.70676918909518,896.5104056843358,678.926028120017,309.26372538554136,948.7124213710147,812.4607594044096,926.1933115993812,510.05295830552245,465.4724607596409,551.5993575911874,0
905.039414441799,182.23656739971594,998.7682671522078,40.70676948357699,170.50555711637728,184.73890902189248,623.8036915636771,472.42036644149186,244.00344365935777,275.1449246478941,886.8494420540562,458.60123939107956,775.5269573381905,847.9741847852949,767.1085959416281,256.73283597711014,891.4663769990722,881.4816343659261,336.07163111952843,948.4705594606272,0
225.03410203847685,447.1652544327411,409.15569636714457,305.7308940093445,70.83044335341859,708.5221587853606,464.1711241004096,614.6551237851966,141.37678081614547,305.6778768669448,376.50770324298776,949.1020927951497,286.22083194611156,499.28060605486525,204.7525358190696,747.6444383540179,579.7923937968915,670.9131208141724,445.1318208899776,371.1076810720134,1
70.17242655268474,248.81367889363904,135.43639909833672,171.8510085453776,508.66146884560146,563.104069216743,56.253417565753196,386.4371118575235,926.7113140329199,184.2335165582698,204.28410317439904,410.49454631420525,216.25045811212573,639.9206258070108,79.78482410712928,730.3296010388854,102.90382775203443,296.4498725582754,991.5748543578396,591.8968305127318,1
614.9034442566754,633.3639117884413,677.6637787140168,89.11835184027706,12.831647726506024,611.25555038624,206.73818889826524,869.2983653211086,375.81143764425974,372.92193925232044,662.2984337361103,784.6537171953482,458.66840655384254,63.70148178762736,705.1090870992812,878.3801135593661,723.565542968175,569.6990463817681,610.8875101266573,437.6706229493241,1
21.754858996889446,123.66553204610231,345.58822196742886,919.0410017161695,881.4357297930388,97.95212153083877,958.2372248055501,352.58790524905226,861.8974097003585,159.88763870848345,784.8528248878948,834.1235926764484,829.2159203770476,170.36721762612183,270.1875401686598,42.75802338468082,556.2530686839999,836.6375852170119,648.0188640124926,24.53220428573999,0
195.09610328293147,484.02998943453866,347.57098202005375,48.59391876121766,102.59421381432654,350.28623879443586,317.94152467800717,229.5028621702585,483.1624344116264,805.9224946025192,952.3534853653799,560.8354415054866,188.9066235453246,163.5377285285573,434.19396343997016,923.8402825706346,357.35439768371316,113.15093720619085,47.58387345843828,422.80024456307854,1
186.15652648920323,606.0649852697579,616.6944412733411,539.1425310293254,217.32125588830408,912.8758174320125,509.1501773865843,784.1686949648971,827.2744766479184,655.3651473106107,102.72355991306902,540.3881547423997,5.262913774461753,690.2091568910898,71.69279578254806,40.486797056614286,453.25078479089,715.5560858012491,795.2890581021692,631.6115310415248,0
717.7816656550166,553.1022013614026,266.0421711694878,377.4419294486956,294.22314914870594,675.2451010945513,325.93572786420543,149.06227911838442,177.3395430041982,557.7738652845273,145.46515955372786,504.49966260359,338.1055987657532,896.8583112804814,576.6819846460439,0.20004884742441664,684.6601046939893,13.15574886985338,328.7384469186735,245.66697841013374,1
800.8198278194969,701.6505765980604,569.1924261984421,886.0297575189868,55.97715364446931,980.2549156341752,359.6035061426083,602.8341875219281,538.6070033531012,531.5506158847361,384.3990743243834,871.4635394062756,34.674651342257775,825.6325837397411,311.2923332635178,758.5631789345816,766.7757665618124,649.8435023661917,320.7159790049834,447.3567741942357,1
854.3114847924842,642.4915280454906,475.66253050300344,385.1392291930521,838.4057887813042,512.1678596144508,563.6980698883345,527.0340246744289,267.2008144511736,533.9079516856464,822.5084794530688,540.257653451653,675.027042379573,228.39832694207985,592.6630833852839,647.0441716822193,435.70446306301045,851.6975653359159,835.3785072372541,63.77851057947237,0
244.58552385641175,633.8722036758697,19.576840162195076,99.29652338078088,419.2834398853995,664.4021891374562,420.8595048101579,850.869456725562,228.50605712444948,679.5456959831724,160.6801171874259,145.86480621663156,304.32318065803287,419.21075979324195,601.9913218617642,216.8379053461471,490.1750131521988,767.7075117601773,555.245809555073,601.0237269139343,0
283.09522996437784,203.85951298920014,879.7779961563649,83.43366147388353,920.0825905739374,678.7363622121843,239.83591342615617,270.31299900183467,259.69091494202746,303.5069735123672,795.8030063489754,981.0583094525009,77.03108426312765,646.0049429114565,932.6112721565097,584.8640116319458,269.9703959644043,54.391555814468305,814.0504599408621,25.169651053674635,1
356.38675900587566,995.0024961895438,420.6259487947136,369.78557636266527,260.03178652257566,458.6667110359901,923.1428044743502,404.27584131377046,200.29748778811896,695.9088132833502,238.3453847702397,368.45304688753464,365.9944761973719,154.91950409977784,418.288209548163,159.69548036104132,56.91344694312084,556.15537805461,496.7374483904915,937.255572048471,0
356.0787725049155,743.0984597802621,662.4956635442859,324.80517588659797,415.6534568312736,908.7931518077951,406.78439651880274,159.66160009479603,980.6838644380242,160.79980264818983,170.17769761398748,521.6958554177664,746.8620354629455,504.36669478935346,521.1768204565549,583.6834221439852,426.74758321579463,138.3940904829517,214.21246119230352,879.6719309438747,1
119.15716489996053,497.4909388232667,88.47136543235024,631.5600768537378,96.5884026019066,644.0386983307021,74.54731194143582,321.98105820963275,60.351199636593414,535.1494708309535,906.2643055433203,726.5449781346746,441.37469882178806,17.057053502149365,548.7509570879826,652.5020164188467,20.95376384640446,914.5559030339406,218.2262440703756,324.9437007519971,1
31.686054928918182,427.80415694324824,858.71138600423,86.00094059823627,399.4202447449724,837.4613443300736,161.11675343765407,558.3188935387807,984.5070203693809,777.1280434653016,996.948025743655,268.93841709918786,931.8660087570893,484.1352680452734,612.9654700558406,675.5015816696385,451.61797885083286,559.8135871790652,638.2626513070331,980.2786400082944,1
942.1461187451698,800.9117304983488,674.1667256860329,391.6502984542314,639.509607998682,467.6978529733111,404.0266421890315,267.594331438604,486.91493776510765,45.035541035205796,272.80408140992375,427.9975947180135,526.5472082402529,120.30030564259286,789.986615671853,874.7351697916964,776.2977118345434,931.6645399124307,354.84364017061256,798.2717361613892,0
828.7965570330744,459.35952348908415,421.81428680609076,214.11267442027182,255.2509219495138,686.8728567593691,780.9333882052157,193.81179141151105,612.8102079969517,570.046059607509,143.70012613048578,59.307603830848656,464.34351308939546,660.89649525524,415.7590479787965,637.0504915099154,933.9863114209174,906.6772920723276,205.08149195336833,472.7637570325041,0
814.101175182781,711.8376022699365,92.5093407726858,123.17100843707884,394.5871352267676,110.4566896501924,413.5135990584061,960.544166718217,823.3940322097935,740.1044972199153,820.12777727108,614.6064648026949,265.33875012015864,553.1017342353147,42.25909566916375,151.73972277073844,459.30332207561673,861.5973628037763,883.0655095685047,823.6570925686354,0
503.6158019899679,469.74773487099185,179.6688656976686,200.13298743456255,798.6714586699248,781.1732358136885,156.41728012133095,606.9930712985131,426.3011339460252,40.26998141964289,532.9375137086244,498.7434738811105,969.4387986301366,948.3985695008136,171.0539164929582,957.8496386965955,885.5608237445323,608.3636821252909,806.5349446999028,916.854078977055,1
990.7387207145065,498.44526776888245,80.23189792618058,290.08022840811844,526.8485636551957,827.3436290184189,528.8089561935512,244.3449041567617,919.9220314492657,90.28556809095068,600.4067640181098,361.31349164017644,128.05086775328766,396.7900518823548,214.54053184179512,395.0170109304751,280.20262432895584,653.4274470612332,916.9556953577325,681.7378617130757,0
943.2246171691447,828.2596442830893,225.7702278142951,919.1218399874668,193.60947385379467,765.8600579116772,554.8510734632645,854.3155415428638,307.21341990943927,941.7547858012765,207.41725871342277,436.1536681242878,714.3540232300137,311.4578594276536,548.3726091218576,152.0700933422433,960.9062185261104,962.1710567873845,761.1699662840009,871.338816790544,0
363.5344198739158,909.8622791487826,38.73187105091258,121.03545034918317,717.5263465732612,997.805745163677,391.3220038275702,271.08685046540717,426.93743758649805,354.35971228699447,402.9367811458916,505.79041701358886,809.8878938995554,916.8530749842693,495.80012903989876,412.1166512831822,381.856812796985,723.5017725096801,451.32602143782896,590.5566053307252,0
921.3181035439488,567.062446102908,324.04570620992314,152.9593269442706,13.222950080297391,931.426426799984,297.6070147104728,481.50623177439866,105.64194602804055,531.4506708937945,900.4967021224058,818.3913441571642,399.99754398579324,126.00153371130696,218.37042876629175,446.35045028444245,982.6677068695964,196.822822065443,909.150011095573,712.6586507647654,1
878.4281470074793,85.23563332595818,678.8503856379565,980.4525048111699,141.63908353550303,691.030048986337,959.8457456928212,939.1692773004631,868.245430639515,109.98794603580953,943.9714646944369,581.1414583508144,711.1456304693352,681.5504135521479,993.579523608302,666.824685838739,577.7742833657519,243.1034906294457,198.78556142029947,247.74140794973798,1
594.7596859258811,55.03869084882751,742.3722576722498,627.7504996510825,254.93603794578968,588.1068556344609,338.76792668392164,292.0143346568824,240.2623933812619,83.55579634070264,600.4391355542094,364.76601161394603,906.625163138151,290.5686616106782,422.5143113420906,785.5719959112786,50.93826750500507,509.73962674571493,86.10191565793468,470.71173516313337,1
540.05967493791,208.48335327473256,770.9229939108135,665.8706959041505,564.7009671925928,101.07913222506926,209.53293884825908,560.800293716594,119.46039563789623,486.2560417538213,518.5044904856593,938.8873821318878,47.57852867063528,853.0463642962112,39.19574560853534,752.8475379369048,750.0660896827169,945.2008237196683,685.4581642002041,401.20949761286164,0
447.59776743054715,862.1033330285107,867.2293464437707,62.24270604152382,810.2165665620731,354.0834421619693,139.28514402167437,346.90950329088423,911.9380859649316,329.9663479744056,655.9210604341032,579.253161082267,372.1889181270196,166.1739215620287,178.56879964610485,783.9211427299712,68.84570885017472,837.9753811321945,674.8709158668454,902.0431673272818,1
838.5845102693119,320.9572838478998,676.159547426065,789.0655062732878,944.4300290377937,947.3225266312085,446.225369743644,153.86104994820295,921.3911828246562,588.2742555391293,769.8224919223134,890.5353979448503,84.13575336939128,70.28644013175844,837.1961837835931,303.7543424316159,148.44890152343447,556.6678774339674,277.05741831593343,189.86599898945067,1
316.0003519249918,619.9206969440942,570.6252232598041,480.79197173604985,481.27720897845774,684.4035163849796,299.37451759483923,106.1989271183802,194.27084770981574,361.6151872574862,632.6058547593225,728.4393364561209,734.8652796780898,905.9020932483685,167.61189988218206,594.2517382232012,425.4328472797645,37.49083156692057,189.18467721293098,940.6457613998731,1
719.5026436310623,88.36501113965389,152.68151468529055,336.17891694587877,570.723754920853,240.84957145739892,431.0947157371057,499.76031139082255,495.601109655055,691.2366520394529,376.8896378693497,25.572839815524606,604.8982885830548,103.44205414610641,371.9623328410544,112.58782061417027,569.7437614422188,726.3216215380985,51.47907293618081,621.3440423708226,1
818.9626592410976,204.63851396225218,156.96927504067747,763.2558806643672,363.4725882242112,544.9796695533383,780.4850810876206,135.80584193679067,578.093505245872,135.29201318433505,591.9376740010514,646.5846872579018,397.5880675270558,569.2747745915543,164.93006386318976,412.27502396694604,33.39939496446698,361.59012947036587,256.00482427627844,676.460360430636,1
749.474838980179,84.14141258293706,700.784588529522,783.0734511384477,223.24751589049418,427.8588485534106,899.286173127725,188.42537323230923,253.1859341301711,597.0089036428409,416.2251519662311,11.875107535780693,329.7147859958871,983.3309531470101,388.94348739548855,86.42191554124568,193.04733469768132,462.0533950143689,602.4140525791145,670.0778044339023,0
897.8833706120158,29.511062163980696,641.2552462186026,98.84559817646665,121.92766622094042,374.3635430373338,176.95615499960405,966.9473796165177,192.14605232511417,843.1605504250177,817.714048038021,75.07458565688052,858.0101577791952,946.7273387254996,377.80649981515523,518.6727770372909,850.2434034789317,772.6867196772495,864.1146893281759,9.468188428676584,1
55.017159912257306,737.6675239608736,904.5584624125986,235.34582798799542,928.3051254743427,379.7467335590179,304.5658414619029,670.6835103962248,174.15528645890387,178.097897587143,115.60598560589041,147.8657994288175,473.42545081175024,667.2445665803663,254.74487090059316,714.3630965345391,923.8286625620735,104.21395853547344,708.3966247709367,170.5018984261294,1
673.7050065985885,317.3987516812023,29.210460982612375,55.05909134774723,759.9975909341142,546.8651688213503,637.4106446108319,620.130446815429,573.5501287067383,607.3521228470511,239.5408235797002,972.1648198272931,35.7739090266167,46.39859192942608,226.00971787433855,369.36788487840556,944.0881241263542,345.5115907889438,696.3371807371637,91.35303192419053,1
492.0021865660528,431.39146757300904,709.1809090201194,147.30840638075625,840.2169705746628,416.96677318882405,874.6748332615895,871.194824093239,831.0566415768824,69.75725490792794,18.58588815253659,30.59800689533343,501.6683663125695,478.0196727497157,615.8085909675643,192.9860478195794,301.8243190618655,991.907429658164,796.6316497619414,193.05203982879604,0
992.7219515207057,910.8326905096457,622.2392895433416,851.8615212113007,722.7183919739297,90.43109338476452,377.3707038275903,90.48721867917875,914.3344172877895,626.8706937088627,535.6066038164082,224.18664716472125,383.4010396685142,401.027274718742,592.3608444628112,542.8657390662119,163.0967448806785,754.7678548433678,212.79931427746158,103.3950780333388,1
919.7360738724391,884.5487213870473,558.9498260223281,219.26271378973573,644.0346870985403,627.0736036863456,524.6023710463498,783.2441058849705,481.08366228373944,14.413968290635793,833.5402343216678,17.119271249620095,560.288349271876,29.291271073803358,566.2048715338378,738.5297559095774,612.2778789552328,392.62185905764125,55.95418042396771,56.5633335225052,1
145.90580682606026,569.8249197622793,107.88306756323485,674.8853488205314,42.55983053370949,42.492960339726935,935.7166369143368,871.9522451091268,307.1664713453489,151.08557129057755,355.57611757983267,938.0758116412628,929.0094068697715,106.41356130803726,432.0698102795931,40.252293959741614,958.3297772131788,248.6317995993992,346.7568093898322,540.4901412316898,1
487.72475513625847,864.8551494708513,178.50449562510772,706.2769983795848,31.70710843242719,434.6947581631473,89.98523741653386,218.48435552576728,633.3512339885268,81.7944834459361,282.0249920213014,680.4734532363661,714.8532224538083,789.6926796154503,211.77696674518364,115.52912905266378,937.1780046064224,913.1938139646662,125.43590374339675,913.355978402585,0
800.735587310329,782.3508672253505,868.18473119237,821.0184069147326,413.2905903966542,598.9378095461317,335.4693407446698,340.81193214199754,511.9201058005588,561.321918487339,651.0929954751847,694.3660608810551,859.2315504959948,563.4012998821856,883.7276902374056,472.57174736613325,11.272704891413742,716.6783469038468,428.3108835302344,353.69432440547365,1
525.994980076088,29.373247629721266,345.55409551286454,624.1652914120714,424.9843225116445,238.20726611184517,632.8930550827699,615.3967195160068,40.70691670936799,29.977014292543846,975.8641588849865,780.150305333902,311.2344287358563,592.8254678721055,554.7319789444697,975.2754495426931,889.9440940781211,751.9275165836029,816.4668427466011,67.05777778768429,0
525.8679141870606,775.5667841509992,9.585940269031145,324.688575350401,813.4629453338849,904.0783775160513,218.17256303345977,895.5918817167125,306.7935006477175,922.0552074397627,11.63204826044051,392.29608187493824,574.3191463843348,640.2328827576948,506.78881925911435,17.504272998224547,311.16121081145053,551.0397221017984,225.11300277984458,114.52115876423386,1
107.41996774376139,62.73436737495675,841.9596696260785,483.6638785609316,28.705728470768467,304.6949372138713,119.32045062492914,14.890211312798773,446.151659317394,758.7292040238935,163.46375755328668,241.236192528129,874.6714318573729,460.1609671832191,610.7819110078119,975.0184795757467,735.515855443647,635.1815983063485,263.98618872769487,913.8491485315885,1
678.028602263282,678.4725259217528,343.8761145144824,112.8033199397781,690.8333595912169,227.87004253638023,76.45740722282058,517.2984953339827,189.76685850807752,470.2664882980697,459.2211921362618,674.8846362558003,570.7939112501563,886.9747630742507,183.64662391667562,968.7329172098392,244.4454413743522,494.06780522988083,355.3127495890008,130.47400405891108,1
146.45291324280484,574.2861203190755,452.8304311950633,232.50717530277143,385.3443962727169,628.670776614883,537.3530131525598,883.2996424526236,737.5538216305944,821.7906579132017,335.5214236133968,415.18315403528226,615.0841515717811,698.1952601557915,847.6755432878355,102.38872363520113,958.4722024899382,840.5370088251063,950.4647776961169,331.78637406423627,0
524.6813735450617,708.4120824505223,859.8364062757955,26.171549127814163,484.3113916387605,339.78666659078715,44.551811065868584,952.4543148144884,246.34496079057755,359.4869444820017,590.2198184471127,470.1364747602509,863.2262386278064,968.2415885116812,862.6712042538511,108.34104212379725,656.4774119983556,337.64617829187983,913.8146026705442,858.2082624882644,1
325.0896439090221,508.7771121298239,276.0271687833331,854.2198366193742,682.4766409216205,553.3989848147378,714.7634568279133,279.2494645597061,459.48426145481926,555.8253531241288,792.6060405690968,780.7588301827539,898.63116498822,418.284646591478,898.5777146271853,727.7619756644166,841.5508960987063,236.94110968375836,963.6096590444903,299.3917280762709,1
787.1296306546404,898.4214225598265,837.2708099227749,435.6631968432301,321.958931136088,273.3340510944831,484.6698962465214,307.13745347948117,39.712760612076515,865.4181238062445,481.9072407285441,551.2931688237571,618.6738611592825,942.4856082665766,305.23676932652455,258.2365584737574,911.6684449760186,14.33583357176893,814.9080234078924,937.5524423064851,1
820.7269903448839,124.33810952968294,338.0194298925098,477.3354056993141,350.70204478665346,943.798256118009,472.8932392308793,477.5532176389299,286.94688741495344,254.15522350969312,221.23052145489507,373.91529988302483,656.3902568047695,34.678847281860655,960.7923122849711,329.71089441086997,548.4879813052878,843.489685188727,203.42862419480556,371.13062175405634,1
892.7877316034871,101.48964323214848,912.5669108658474,697.3270069500205,427.01474444597864,355.5033208007171,747.9002551817944,183.39129392547514,270.3269066665476,637.7985703975505,470.343964632735,902.7611135908782,768.0573836520755,359.27343238511753,1.206461649757018,341.08825956211473,189.0622099343997,672.4545604792146,673.36907467015,290.40755491830083,0
280.5083311247063,607.7920692476102,666.6126828902557,49.221227257377656,708.8697094961173,583.0753449309703,601.7269332394284,545.4450739220557,684.8128216347556,190.8891405196489,233.34432556542407,516.8705033673027,735.4355578522536,192.75417390357376,941.603543867784,495.6847589975101,858.3558251600498,646.9730519316697,960.2154035741564,33.21503689627248,1
447.0148244032597,591.5932416851069,535.133801731144,237.18627143091175,508.3465600708939,640.9450022790668,111.33406279742897,618.2999347536492,362.9723530680734,400.26609548195626,68.82517157165269,600.0367762426597,393.7282632071255,29.645863480408096,259.1668077117726,130.79798847652512,696.6864787828408,189.43276988884605,926.2121681664124,205.64401586938718,1
844.7760091767759,540.8007901594538,281.9279476290627,827.358469522462,813.2686030330635,938.0193125762606,638.1268191992436,173.03253858820133,644.0424848072794,502.25260211227584,974.6071032651239,281.16485493998954,46.96798186891882,305.64528401326186,368.1365105826111,38.54807799071314,937.4076335402264,925.693101048321,519.3769776110673,92.65505685325459,0
159.23862136657408,713.6100673412492,689.5015235880659,786.4238364057317,454.1375103058237,987.6556173982442,435.2363551140561,480.097204066792,353.1817298033696,737.9437840113554,72.05889723026193,796.1257803033421,357.1357211923103,470.0019565022593,137.2437587328008,305.0509387888816,37.47142920026925,367.68459358007846,55.659710237634386,909.6868759263623,1
361.5543009809734,943.6460340164253,904.7460419492379,204.0968814035662,393.00380945888446,38.82003029255798,335.21630903850195,241.09979330294183,847.0420823193858,45.95685537987204,225.81743145687838,167.7536113448217,564.9942215232879,342.24645187332646,816.1311586537176,861.0844207466745,580.8599728582798,196.58206110812648,785.7893462971513,374.2581092262933,1
599.7101434309982,612.8768571866253,827.6523529212388,271.72821392282896,570.751620887518,304.67769878538144,265.1062729158019,713.1853939601601,827.29934190476,250.40138694758673,353.18954550542924,427.52869428430415,966.8864842807657,974.3324499524922,357.32990957728174,522.5038527162495,58.91256188749783,355.29780764281094,995.3600465823705,853.9792158079737,1
230.73942827883042,100.09674212338537,849.6890980325725,345.0606501389962,204.80567534542294,798.4278398290022,987.6040825797998,897.3201574730493,257.59161343366765,492.6766753113628,917.1297981010541,395.4501864656069,147.33750016887203,782.5897255385156,314.74852582201,557.45279899164,339.93545649191867,729.7763730525057,995.875084150306,203.760461410046,0
526.2644814282362,435.6488706689169,841.5761468250654,370.3098035865888,461.551627589499,70.95782890091485,372.37393027375896,875.6784113521123,392.0971626507457,681.6931996752559,346.43645536024223,783.4023669902339,94.32070948735716,682.7505038259495,500.2222232486895,757.8826225922684,97.67148257382763,487.9802585149018,448.6201025747406,928.8450550290873,1
227.38752595097233,672.2244706294014,48.23248353754073,123.79543223598277,1.9216050970680687,316.60818647519505,690.6527107618249,316.06005620109823,782.0843629408313,899.7319860905994,440.8715749281085,518.4768537345539,992.800831959876,395.8561891468324,472.603196572291,802.5999059970001,916.8439562951377,897.3483024254863,386.13925610589126,252.0877048271467,0
928.5409543020814,315.6421905468816,177.50332837970117,687.0093463092735,729.9497526848604,918.2330504120913,965.0847050066417,664.2846248096813,856.5477920803936,570.1640258344553,707.8183148496357,222.9186499892245,620.4252642495363,88.56030818728533,661.7036586264497,389.8153333666701,968.9668740372379,126.8875130635445,27.386152149586508,221.36163435110635,1
815.0615309746589,920.1063861563576,475.371691932064,820.577258340105,937.0720337997706,166.97221706483433,36.77085747074382,336.5242640373728,795.7028746865216,244.4876859208095,172.54490055777262,800.2397861334662,253.14768764101314,214.10379903312582,897.2541813528998,113.55176518269361,344.1099554797032,475.9254732976298,838.9426055809782,453.9627084340872,1
175.2400701678226,313.63887753840623,997.9782264368491,737.9559369033735,248.62439700661665,937.5844598017526,774.4932286965029,120.24410774958483,648.3208150323773,101.37396588789105,486.0057958350964,229.04837194675954,408.13047630393487,492.14679407445215,450.6449750990471,635.7145150978969,348.903093740501,394.36470842723725,358.57585101609624,728.8234375892579,1
769.0603785378139,117.54425833401494,448.79873734927855,714.321519890715,638.722557699881,545.267356058641,331.8691690514098,213.0877480341864,133.6648818070677,824.4774638656821,54.401876914993984,309.7796958842688,627.8069661241643,864.3019648429879,847.1705572567888,118.18540125927835,610.7449737755139,145.1475578957453,832.60228622842,112.67264945344813,1
52.83621113223913,982.9333145416889,820.7694283853697,536.1894628277141,165.8668944641517,32.906945560586266,622.7314741230969,244.38954086988485,614.2758878662395,221.2479268496782,800.3994537089817,81.14169572227759,4.161993963216704,941.826987230158,355.7378040663048,824.708970473398,288.0359303911717,740.157852265477,301.0890344356586,988.6004152143003,0
140.84948570085797,904.7107292533204,915.5373690567354,56.738058295885295,396.00942329965363,797.9728101887024,444.22510638724634,472.68794762083996,571.3072608465565,945.1506581518206,142.20589403624874,847.6089769705363,395.618981255756,55.01740985518266,767.5877088648165,317.77340819918777,942.2162786483129,63.98465742878856,325.94986443257403,848.6282986338764,1
589.0141900732984,374.6331828411411,964.5519032289103,749.6252623120258,899.6051974797651,906.1112098914635,791.4302384602047,457.9852479628069,211.64541008089665,177.4773205575354,784.8693223692676,442.3025285340112,78.77982725665689,804.3152686928553,85.4832605531597,116.15473449007985,134.31726450339133,676.0249232926653,659.8307335850878,99.07215672713743,0
124.84441069166951,766.1239119204478,209.8281249642383,994.063136587,140.8298959045503,300.99674572406644,617.8432057015058,494.14006460020977,758.266057636178,395.3954223111335,117.59876709532524,215.0696880835501,828.4610986369888,792.0156259309109,326.20565755045294,788.300675282809,708.0360877432271,982.088438950295,874.8075441625365,519.022844745361,0
140.92118328846902,357.95527492042345,595.6657679449401,555.2099656083573,258.27993976140596,980.6966402742397,484.9732765118686,299.0526414620367,867.3170009490761,902.7212723366055,967.0321054566011,681.3291336376782,738.440028357628,947.3480841258017,565.8168951001658,16.96500638921483,355.00528719898483,185.08535768535094,465.8648796998012,747.2347830277748,1
972.2396729095007,812.7617753127041,726.9911725728651,933.2718482262823,895.1462141021233,373.3037713792402,524.6588401268654,769.9600726572941,666.1871596566544,228.7922543222355,348.6418230935775,912.8457258790971,699.4950041173486,931.4690208814593,607.4960464229792,791.6819459423091,763.4779132692877,373.7424199367523,919.4585889739093,14.696605750433855,1
847.4953512739788,38.54336783101042,433.9272605286499,5.082936970448149,669.0210398647552,229.37877899548687,17.792141807192575,621.8418597464276,128.40445758394782,801.6295140115359,787.6026145556998,732.7202596582312,109.6951181429171,580.3090704243714,444.3004726621189,857.1364181518142,818.3100639499052,21.696555921015715,414.0895910873853,445.83750361470584,1
130.53293992242766,788.1523118367381,187.899195340415,816.1524180447739,563.4656174486256,840.2924455201038,702.8641461141029,948.9992153041981,277.4549278103294,301.58332196982775,46.74910891296668,76.37838862606216,365.1096104832535,317.2950686213464,122.4754651026001,103.25944854366675,740.8499138009703,464.58908222350726,612.9075420497635,450.1972908433027,1
601.0820885041496,488.6893407175081,239.6058834620428,459.7188589669041,741.2155583966991,469.17894329970767,902.2107398584491,694.7477522071268,29.955200117917414,799.327862609647,734.4012688142287,318.70155604510774,146.58518933073904,181.91662466463353,901.3820792793873,358.7457336399995,88.56802826307542,97.30290057852919,752.8559618800547,309.5950194225269,1
304.11563865121684,160.25842231430977,270.2193404381289,563.0408591809817,896.0162492933066,251.1064684900456,367.42040890778236,390.3281378385693,192.83365013167352,168.58169251386713,91.5183599730781,324.51297659129716,107.58723230048695,266.78882697956,436.35103369630343,140.02009455141095,584.4348863384046,419.6484991004598,964.6571327311526,977.3263334789515,1
986.7707248022605,775.6018682355289,376.3695295750469,715.0492742991963,142.4605339907925,884.5582788905083,638.5377979995434,658.9503681708103,344.9965629686814,996.0121641511143,962.3279794369566,913.8164871621141,698.4050405859977,762.7163004671397,990.4396531018019,35.67687856021284,355.91255304031574,170.9110221012564,917.8232666416859,151.55293654101655,1
725.0015192340009,468.6566455627783,799.2526072833977,319.7361913230581,718.1794172144517,626.6047887522569,0.06475140677464353,131.54827626291666,682.600292743406,280.2723851519898,47.446111769395614,488.39845755826127,254.54450784521765,151.95639369720138,92.27822023928012,187.0294731155817,670.3670251118184,540.3321990153814,433.61686990376836,463.38172959700796,1
399.5158184050569,116.52852586466899,291.5787856440946,682.1631532826434,209.99267358519825,700.5907491372851,166.1092566932434,794.6318918054187,318.36107902151645,205.97756526475274,853.8655167842718,864.8637213546504,600.6587920270466,197.67496010842177,911.8710483166649,320.8634034114961,21.990133442713166,189.05395500935808,715.8682056464379,202.44664092174526,1
960.165187682886,739.8079556077477,517.0110453770147,231.14484344251952,789.2367847754603,738.9428731955848,334.138143423104,610.3938953589509,672.8633093906884,578.840760857711,214.97456178095663,624.2541899298988,896.8723052553273,681.9764577186216,20.125404578095974,271.590814673208,775.9433567298087,107.47325427251941,135.63450188181014,748.2862871550217,1
960.8600267013171,63.28699675667026,65.07345774688456,802.1429185514085,105.16428127311772,459.80009208958415,984.2790522757635,941.753498830954,322.0200192301527,151.40841587655606,126.0396303713236,121.15484355613305,932.7203126870075,689.3373541686258,772.9706747775431,469.4859600146327,655.9785117759615,881.307253874334,584.4699492037363,292.56833233882094,0
145.5532961042705,92.13902345659008,966.6615224895558,430.5681546352537,139.8839748721087,37.87000520941708,518.0665232847647,447.65553628974874,123.13424999373245,698.1483887153981,316.6530376050729,855.6240444795278,20.79568801435794,398.93208003589064,596.3730637771316,972.6599581683611,81.2715515328496,475.39432285365825,199.64317330822456,831.5679355175263,1
706.2470115076643,230.12472664302751,127.93811810248101,598.7670513503001,166.5916291379831,723.9545710374667,453.2903069365057,856.6185423955731,106.2613260571429,457.51729150346745,315.05089047581913,3.5613649823085236,475.0417485304594,47.726602889611726,831.8997439400464,936.019671154391,29.889414729577403,694.0376747532789,24.106117543569617,325.95927898671897,1
346.5467935654377,160.90071073254953,162.74002043137216,279.9312716966921,607.1426509281501,35.09124631475047,920.4178170235808,123.64170456862911,326.76128800934555,91.62644497089268,216.6850258266878,244.72111507852134,218.94308807473794,951.6469990592119,652.6508005103913,132.10337812563134,583.0813028806745,182.15518430218236,98.51468502783611,750.3175269190151,1
685.577487474746,408.65083513011814,960.262406087495,463.6457996656449,796.7848821816913,667.7852627976629,702.2352618172425,466.10025498235007,757.3020232766249,486.95086060749105,533.5062197361372,86.00621138624543,482.7501995572061,114.32688068998608,973.6427387962733,957.8750308838072,292.00155365076887,113.48356877664989,342.1380749547553,507.5452852942953,1
793.8120869995239,842.7321964100705,879.8825494325017,566.444351707095,532.9829691153657,730.0142349805923,419.1313083359509,194.11079624587478,648.2951413338934,474.42733644102407,560.6912943202814,960.8558197995409,179.83205198573026,672.1112322305145,218.7157743821534,72.69667183389694,345.7301738537561,615.8649262266246,14.745543709127617,408.7728567884841,1
846.3036676459199,911.2042772894946,927.356641033246,664.8385712444448,420.5731205263448,424.4658606083348,633.752537042554,56.90122526046937,632.8131970467454,604.1860476150839,554.261555164684,335.8287077180257,402.38050634901646,97.01529232820172,576.270982549563,744.2195538379751,873.1862070903065,94.5072350123336,496.2397569800589,586.5978635381367,1
980.9951155078571,696.0201862777355,296.51404483669285,644.594818413695,560.8318022948603,952.1717763074586,291.44167299635274,715.7372399028393,877.7537326774442,0.017222052588916625,172.4268329334313,77.50505791050277,546.33839162758,234.9332814435805,632.0243204646322,352.0046481851369,832.9733742507541,590.0632749112458,728.5700783084396,339.0271095191994,1
398.18116956491633,971.2986494774178,603.9615085781028,666.4360590997408,751.572510453733,507.0934713880562,274.33848892796533,960.7363151531036,306.6812801122374,985.6434192637345,140.33697560186943,547.0576910198725,651.9412976539759,443.7316554393912,397.7636741001265,627.0788942698313,84.89184245969916,97.79740250469781,648.3468217034795,336.53019958012663,1
79.39955595758508,976.2111951639554,674.3978051539284,499.933364358384,305.49803612104756,45.98369495000809,493.13052142289047,47.63843925386002,634.4548017666614,390.07812269990507,384.77493489837553,719.574032335453,254.30306451935724,218.96853912525305,312.38146415741994,231.10110676804197,453.74766015441645,328.30631963235425,400.16064874211634,512.9694167434994,1
115.9587844155876,845.8145172719438,723.4327168778125,125.97289982549664,849.4006909781854,413.89220032919474,331.8501544059823,806.284597072266,970.7707019481836,556.4642432955808,917.3551795611381,796.5206694317396,285.05185381274924,659.7660556214184,117.07513549459414,474.4495075093581,444.99518379942435,691.6447341256869,656.3278070173909,998.7101784126402,0
123.12707027100433,774.4055382299155,973.7266315965464,891.6727746931082,285.11278918287053,485.98550173253886,747.2513350965044,248.98537670679167,83.00032558832183,850.5164010906692,781.9507821833924,841.8064370039192,201.3464932214305,456.7607420715848,125.8271459442688,360.2927401903997,455.8920871025578,330.14787628984834,428.2948952798585,120.29348823264496,1
400.93286673507845,16.887174527705273,242.68845870414214,246.74303217382865,865.0014947256429,210.22583088564716,182.79042634061017,416.4590958320402,620.1214783937933,791.9541085664774,104.78949798984583,762.2781028024114,82.96508607309671,431.2706000555072,727.7618112725363,775.5279703809349,47.15381083291403,649.9057409020477,307.37007116526746,418.22526736177537,1
716.28914417407,334.6446132570665,558.6361704093384,778.1519876372087,932.9717699137985,564.1060988762988,74.18258451799542,329.36991673054837,312.4032959687376,154.10976221157668,845.5846236020875,27.33375132650162,409.5371610182578,827.030792752069,281.5665115177322,678.1629915926056,508.5765522663368,773.7046038950105,24.209260193922,562.9268303029194,1
166.65136317316552,535.7861099343028,591.7204097528324,778.5243382277888,184.75382875895264,650.2167382755238,39.67734324003136,307.1555469081656,392.5694720383728,142.9055849173605,308.8805092904712,530.6465152589158,683.7571451003244,434.3578850744256,685.2475017637039,690.6510420523294,800.5383634880773,277.08298933053766,873.5902452682126,966.1504432782207,1
702.6541681923269,76.91963819760683,272.6620797209802,37.81211276130569,302.4103223584309,231.57763104202346,836.1306651069062,538.9771030405765,567.7761677802731,546.4640075650735,227.77065545897756,48.42686689950371,63.05568482669233,1.4645659487458884,44.36791967986664,228.32406267984507,279.8275854270855,451.4637113333599,609.5372794141066,257.0714582402287,1
199.80368207129905,724.267462003048,353.9267414082491,301.4495902076782,939.7350188797546,204.1213289674336,874.074141982203,632.149536188265,877.8256653292643,47.394764653213464,708.41344631432,86.23134544343492,179.85046765646618,117.22865083287093,804.8049337184227,131.05259501446554,62.57504463326469,555.7769842418126,991.8084509269131,511.01176801444956,0
161.9010799763151,961.8019384470863,316.8166355041123,721.7865264056471,777.3582414381867,691.6466269548118,660.828428244796,969.6847078676332,766.1070122092972,607.5308412213892,311.63281514999096,999.0710790907012,848.9040256987511,854.7168843136537,69.86163780093013,152.43984368324692,524.1670492621457,738.772645412942,495.23350805338475,155.81194508603048,0
140.09911857087232,555.930553808368,835.4926036676641,824.8909861305915,122.08084769922112,567.0866011031098,63.129294385584345,158.9841225364671,697.7619007080026,972.9822640072827,401.82517766214266,644.0685634434718,402.65094788970447,521.8229904362576,527.2853850095263,444.9328398528103,867.9350971985463,147.29387056908394,422.91072915610005,183.11885563982378,1
417.00390572092584,736.0845572495748,999.2814748404396,754.3731808847541,448.302662430994,441.0369945030117,954.5078108955508,817.8627193111986,851.3596292298479,675.678138242708,871.8067697475852,261.56586651287296,139.65373949328418,714.7734943460749,664.3626714034318,415.0391877309504,256.42305269391676,747.4663524488992,234.52921919997925,484.88626966112025,0
607.8783048043193,454.1052440288349,296.27809306047004,901.6872690773329,324.19057511008555,657.1431820303766,468.5122085276119,456.72259903228843,435.1710978467381,166.64272927497004,540.1914684301746,816.0645541614674,816.9830572490584,539.8034018488374,623.0931347816322,406.6522729498442,997.1568902570997,759.3801352972864,978.4699398365145,731.297349233527,0
977.939420805449,329.59346554741643,867.8245487556501,352.24191944719297,903.33059977875,435.25357510671756,102.55444295813665,716.6557103557793,936.8505187401873,635.2185999926745,434.7249138632243,872.8081864787152,485.36295481596136,840.900472014073,253.0516323719054,254.4611115672809,995.8212272550736,694.4816158654642,264.9387828109167,272.06523252370306,1
967.3166307298792,649.2675444817521,491.804638296657,936.6331589263889,642.646307188855,581.7236993188659,16.707513915052875,25.99739516937816,442.7319703606155,262.6114647998842,860.6663797668219,10.172880703629872,469.5320280050327,604.0670468633223,791.5058630492338,21.03225803215125,162.29537278577922,635.7279413911691,28.894806778669956,849.4880632374262,1
960.0225673883872,507.34980946547614,92.92139543869682,665.548935733086,526.8910615815129,198.24274722111136,309.7552022527178,778.7338285275146,566.0656009858608,659.1910286979687,338.62724935160605,879.1753506142259,735.9250984203045,739.9442264727513,562.7605211183297,550.4862284235134,600.499727174498,714.2362207431931,221.1615805080821,461.74369892798484,1
485.88438550337423,335.0151838470169,176.9934867260765,589.1387116082657,794.8979824144375,668.3717657305053,804.102946767127,832.7709499937004,900.4477065459871,131.89759982749848,813.5529061794012,788.8521112756652,839.8878935686882,932.6544103305977,315.30272321193274,727.8021163239353,446.2612214965406,321.50968550708916,520.8200521353394,923.0516493315456,1
743.9235432373986,912.4481473255777,766.1070870622195,446.1371666670857,577.834932146493,872.4601469544456,27.501297751239328,209.03340323624232,316.8974985746056,836.9467424045888,165.14632256621775,308.76621558112237,742.4116091369743,300.230378234287,121.29044248549636,587.4057635024719,696.2891406717812,602.2004779365726,747.1247907494114,331.96821542596433,1
492.03335031352344,470.41760022456134,816.0202730964513,991.0643781215954,403.7438579176763,897.8175684608017,537.1191551110995,176.32764403918665,168.0056257356587,177.19544065047666,868.4665831320553,901.9476961695199,91.95167275894256,344.56935620186204,176.57213470577483,503.325974522568,481.01774902913996,763.8149795357465,27.354776150902204,473.1338064804441,0
989.0146615423103,188.774347157608,595.2265170002747,652.1635130994781,230.6682912149508,337.05901175618345,45.55739242179024,817.7589462076398,163.53151988906777,986.5269480342729,54.44625094259603,604.680915604595,215.80840296000014,332.22516529589274,502.47931750083694,301.7157524185722,510.53108195277673,823.9330931471259,737.9677709637394,81.05360193848121,1
768.1452825769924,552.5321506293556,211.77915817542126,303.28893902401666,138.35897107318985,627.7699075593249,611.011414199534,780.1525999042074,444.84809278376446,60.164482568406676,488.2160487106596,0.41415005259404225,483.82319935228315,776.6692705618406,863.9288304995197,128.82804755491273,195.49862413890318,676.501027258612,91.93388436896699,211.22999134423748,0
733.1452213720327,730.5487009215183,27.730134716845267,545.5760993375774,379.179776148996,751.3975656863478,342.07710565890335,848.0705350611738,708.3866166035829,290.0500397084019,524.9328199407041,37.72557314827607,953.8786725097178,304.6536022310866,132.866853112957,764.4032198634072,973.6556558590216,290.478167241546,707.5982473251181,673.0736732367529,1
896.4862691316512,470.5371525707257,933.6752963731818,988.3874536486369,190.09903991122323,371.71987197657285,253.11969672151213,706.4359453612881,848.2756820731489,77.18327575965789,437.05803225054376,642.8295723868616,707.6734409627144,515.2579526457007,850.2187850305857,969.3816762668241,843.1533674777506,522.7055406319207,492.68846792053756,315.02266688188627,1
218.24822833587442,843.7738405609765,681.5988844397813,274.8697802146678,293.9129571628988,159.38899833263764,772.761181435418,709.5447543228232,356.9482508268879,679.4275365973846,830.1820898435436,776.2565418039526,86.24835432525013,422.6866790096384,401.90280954947565,877.9504268158962,314.5918246213919,579.8893769740747,737.511221080205,465.2817818192984,0
358.431586689845,378.3581169491228,522.0278389324473,433.5048538361157,216.8935601710047,994.2904655260618,263.9963087927273,607.9635313245717,979.8920668398691,109.39509914547185,930.0400473457056,245.4930006569207,538.491894941361,718.0967359237316,139.1492000759732,351.48137027836634,375.56532052192716,567.2139002514903,117.29268576864239,567.8029423114671,1
934.2053626667267,393.4797349157556,480.39594813807815,651.0864618246467,543.9546235664634,37.49278352650109,398.0975138762374,551.2882614148486,975.8898859565463,921.8660196181422,488.8314872326248,213.92798222475494,917.6705143639913,782.9984075541074,633.4674040735491,275.62622158915207,623.1922062977573,607.8245647665436,225.9270410655909,83.08691458326756,1
127.59867205829411,121.15679204141061,612.6737521379944,74.01126457666862,226.4676966836888,24.17611136255371,773.146213372951,676.1731484911701,775.9492898231189,593.0738727242476,326.0254706232163,537.0705306661997,529.3367383661653,820.0497765796093,440.98599363044053,21.87667742732358,505.4152930565574,204.27372364583064,688.1233812987659,277.2499942535411,1
990.0711996946013,687.7715481348356,641.5340317962446,10.081576816647008,809.5646719630264,469.3361616357912,363.67605638863256,487.8459065520315,246.18040535555375,950.7816978734501,566.9496013755612,72.47883254039856,864.7844133913031,865.5444934852588,546.0411721889913,447.14211932408665,140.31841992243653,226.71677478024566,758.7305247584457,807.5417670473805,1
758.1938071569901,82.91594072143805,328.7890854355474,735.0167330904109,842.8082426506965,467.9410423665274,226.3181433140402,986.2549800594296,622.7974944190186,373.3095198299634,984.2521057164914,512.6089722494766,715.2641013597238,128.99143318610695,916.6664668209937,587.2171884949958,385.10632467574635,837.4941962724354,822.2109253415696,64.93999419581876,1
153.84503095426638,19.38234781924009,435.59423550058807,16.128042446733048,180.09250241794228,438.0032195588469,871.8542620745731,555.2053413296105,594.1358940289444,49.41910055175447,307.6134156916983,146.21430049496155,50.04655572773853,729.0824329673952,460.43614011410506,359.82368619539596,552.1998502719745,68.06763204545341,978.2030089157871,317.11834484773516,1
534.6134990456534,989.3353123240173,304.42156327321044,646.6219924407595,911.2160580883666,380.4160942979046,678.7931456226881,247.04103071788242,436.3162856164082,94.42552337001608,980.8480607070768,284.9544542216083,641.8079613219154,560.9489209412312,946.6459001386769,29.842931025444997,702.1739377444052,583.4166723845707,52.96850034044542,267.01926351578277,0
600.4798487553485,22.73785610528578,675.2451468753774,615.1076599037124,963.2160830036677,285.85126842551836,299.63367202828704,220.68424186291713,194.3620119738524,138.62990560015055,149.1237131598566,426.2329002610773,659.551223835315,615.5124835040638,808.6046819656569,567.7012670311691,720.6269026215592,69.30580943384923,152.0765505173577,65.43411102895914,1
507.10055565407765,218.4334292380573,376.4288731469263,980.9406903594296,891.6606252213564,893.0488704870627,770.068046810043,618.8953894952002,262.65209830594296,719.6595948229711,767.9313096834352,90.53601828454639,887.7111361007965,348.87995534677276,509.2342900396376,673.8758077877231,126.2048240160949,512.3546627881511,268.659599651594,231.73855660272014,1
525.5092288483855,476.7830137466627,100.06998975700887,23.790320542596334,521.1019692979086,227.5843542613557,765.7877959585982,831.2116063039921,141.40908121559448,336.68036092965036,845.41032071874,515.471382971803,527.1446594161779,372.1851877959753,465.7083882677995,384.57764762944447,860.9342983921042,367.8920891377664,905.9259312932357,440.8030249177014,1
305.7019237356795,524.4361076340197,40.89846218484661,287.8195635743157,512.5054079222466,461.01173009115905,343.60479601190895,48.89345332884842,218.41527057532596,914.2604634880075,725.9801455134753,804.0768831943785,491.26297160424815,673.9134036061648,366.6074334806483,406.7106887267544,231.86221411930407,420.54286784085446,338.71204747838755,797.687207660263,1
302.6213788572596,80.3859624666089,329.7822339074399,519.9131677087634,634.5750948902374,947.802509074426,753.4923717369047,559.7363143015175,400.57551841908514,835.4269795042644,814.8697102586574,164.0249887175399,410.82850260762405,673.85775022599,215.63258688062302,844.5770090827472,764.2713666545459,622.3052714255201,152.92615556912148,494.0678000114883,0
599.9823444996177,198.22205732541255,619.8599815301303,968.5409223131992,446.68715378880677,571.6768495368451,922.4764620573353,753.1020298791256,806.883387342769,554.675396296304,98.06525652592724,823.0589101680981,819.6247046209552,107.83001213050825,540.6297076723797,804.2103958251029,2.957293302393804,28.151427190811653,214.74357316823324,536.3500016865705,1
489.6698830584036,334.6396716564602,483.2577132387982,896.650839482635,532.2210419047067,165.79735214306223,860.2961483454109,843.6150634992879,265.2175502100076,510.42145976750396,455.9411298154127,175.01999464041197,689.5036443569973,673.8169987488943,484.2499480189698,556.7765215212851,839.0995880572273,987.5568770378644,440.38214666545906,955.2958115384017,0
123.52865565319304,482.85081962941433,663.3976831594599,460.34260846028263,852.8849114068322,603.9395772572844,551.7645331982501,589.4909841499831,462.59797637525355,682.8556421962918,291.6325603337864,482.8639066322074,972.7788187520498,274.4109119932581,573.1609080503049,339.3277552197129,278.51412654767694,856.7876850179397,369.8113037858739,786.6998092461603,0
144.91985011053976,255.61584558621308,421.5109661189238,250.8111847356491,171.27425648864713,689.2868218993482,435.4784723770599,524.5157050047562,387.75448534450976,414.3724693274252,65.4678731905275,816.7344813453066,608.7386410029968,57.861710556783684,979.9674994110554,864.998521118316,953.6353226361286,998.8062477720282,695.4331778237084,951.5189083940095,0
271.48885710230365,67.60962599602938,155.63995935903142,964.9348654561774,716.1969540792516,5.2624222369251905,235.7901182023333,692.9493603358459,205.5713628479454,556.0592222153163,377.715134041138,566.6168215998313,67.8780716214935,866.1363112937511,125.12723185551044,61.46268118892895,722.8734405563982,420.3081049289159,808.2186494545832,774.6753347942442,1
978.4239080217736,636.946857888009,343.9739070917545,200.47277606018088,75.70481116856965,458.76823793196854,537.8734100261074,594.0938220503692,570.7200291146701,171.4640784095407,935.6657916620292,801.1407764321137,479.1600441077662,955.6945983018298,370.7225917040218,792.6882907995168,293.6027339304038,956.7300460933535,54.433203842676804,703.3564137456948,0
81.37887655083564,713.0600230361075,944.8102020180901,872.5902535350207,990.9822269676865,671.7050413993305,894.4402246882272,928.2747913706107,973.5216012418622,30.71402692233882,755.5981125440472,819.6098049966719,842.8188502833448,286.95901395086287,108.37428509065528,498.60236570188874,976.0475605379677,339.78442957417224,48.39764526074486,61.001241669001786,1
937.8330896652734,623.8618359173989,663.0382546620407,163.84204504258182,827.1857320504171,190.060679326291,105.04738088457665,927.441467016005,893.8223461566374,281.6183649051123,865.4483076116509,963.7571218103061,986.7453321451022,253.4249172823072,76.55561360450469,961.8489607299381,874.919472280054,456.9944008489686,357.5190115524083,320.26070239067127,1
585.452778171633,487.6676505746471,815.9652465514962,680.7405924665497,470.13163566968296,96.5348702304959,219.50589122936125,947.2045610591684,168.44591535072573,15.73026394981758,817.0713747008062,605.0676560445056,505.4776535398421,950.6021177827204,992.5775114601853,399.9571868852052,493.66732661126787,404.0577768264952,524.6925154001539,126.62927618625642,1
106.44005212163776,126.79486511222804,651.1462744386033,212.4685072183662,668.3015808446847,699.5299662262883,738.6557893520876,380.9115854099961,125.61710185177266,993.1307702819408,549.4810470116041,274.5221663640218,961.9611277656121,577.025252003114,664.5821145708898,580.8887943216299,367.30959196318656,617.660703790516,611.2552401557723,194.57202394118167,0
35.42182597839849,350.4265692123817,722.9543823792362,716.6556294124003,909.4109113047988,988.012120596311,222.84702320520134,735.7783537690055,638.8220382439449,58.56400367286307,397.8992807024103,10.605351793175677,795.1632890982544,539.0541315883146,538.396764046245,620.275253645944,553.0915024208913,374.1450749510874,429.5263107039512,227.18929921285124,1
465.05538149955214,179.53305516032037,593.6710379473998,628.3220042427644,173.5265081117977,927.461441341678,274.9610477066915,848.002426299144,636.409896218385,857.0297713581973,809.7233081593289,184.8622335359873,81.68206950152457,529.1816419250841,910.4363265788699,249.5824094870165,212.79959818487126,948.291998046153,687.3496556781982,330.2091802744715,0
625.0499743358129,741.8893365303243,890.1936957463417,418.5330335093446,162.89818567496738,503.8668357272208,987.2010476351963,341.37637494942385,626.0943674357455,576.769502377535,230.12194941337182,872.4275669691135,817.4456429795049,814.3813200265978,922.4267433604796,530.167245870101,662.0116843155675,94.8660058482993,86.25815514681712,591.1561652927312,1
263.3824320984521,412.62794315690246,102.2095268447386,63.33509960274986,426.0045167909603,593.6577354230471,490.43137241225907,12.160084285085526,134.71788917646876,455.6111507005148,327.7836110032846,292.095304557449,873.2057408151608,216.24624397249403,505.2984074597201,185.01743313564455,974.2285693598234,193.50116599430166,235.11917758799362,660.5440233597454,1
638.4375926907035,75.0615334667426,184.3933442204626,637.1399531390917,694.7636862456876,774.2981782854916,389.79146569941713,753.9689843407449,265.6192718207051,891.3638838679466,934.5892571824952,262.48099184989184,425.60909257193913,931.5667618580023,453.2024278833149,292.9869206570933,441.1459152349405,875.643413478924,430.7433473641149,143.13732264659896,0
18.59406305212763,914.1727688661762,700.3012569136673,292.91245630439954,734.7411719139194,323.4987010304471,516.8752866530892,784.9001161798793,55.7657919230512,779.0940917608192,247.52930878732948,706.0982205123636,832.0005536546437,637.5526984856597,426.655921282207,427.4209317442962,447.27577405269494,918.0604390251134,560.263125278915,649.2767453144951,0
229.61629474819057,682.5145049961111,823.2111278525132,718.2642246155879,515.1007340428151,809.2600211499291,173.5356123408398,897.407803037681,525.895900426607,51.284711721240164,791.7036061991513,267.96444308469955,533.429130011093,594.1945064721492,813.5995848103965,205.18171392284944,550.481397609241,510.4205164228146,326.32175701840185,525.4226570957111,1
649.4299583145316,431.0223656352539,341.42089671047324,560.9164144769805,565.2444249706805,294.3233926483312,547.1039162735023,120.03315075968135,203.80631161776662,143.50716509995598,35.40856235507495,370.975712230061,640.828741639173,936.390854481889,930.5152656752281,108.07508065089422,874.0580920790335,948.4257165530332,341.03041291143523,932.8855347358864,0
627.5612138614472,22.28197070490523,70.14658055246726,81.85120326850914,711.7671890244571,468.4601314879119,396.17041832246423,47.044194338663694,257.59373747020965,533.052094782304,949.6656399604034,951.7185760557019,565.6891941886437,617.3496331788441,493.2639381272526,706.392255205481,279.7490353168984,265.65899897000764,180.44659384994677,938.1111190485901,1
250.68826205697536,459.5078168715334,674.6995935209312,133.43850146632107,192.57026256131192,86.34382423133147,246.98799145706474,794.6193649156954,279.062574402347,59.02433995278378,747.7268288858984,527.6946874717873,755.8663952962185,437.1719472027872,252.96681499543138,543.2220920168382,312.2360538604639,277.66774335469466,190.2541973980153,568.327131422015,1
0.8657425217002412,524.4736120815331,818.0239844283122,717.4581756690224,295.2887419038036,223.6227877529532,206.8131322502742,413.36901763660796,262.4725601952053,646.6200052821176,641.2844023693025,208.93915457320978,316.47143960169467,491.21718701112303,768.9970774615938,930.4090501016387,741.003452765822,92.02644194146391,714.0260963914609,783.1526565885126,1
957.9721682260881,952.2751497520102,765.498287872021,365.7169179716132,30.314966366008278,802.4973065157295,546.7271759882456,650.2635341372912,229.26035216889494,999.9461851063884,804.6240163969331,925.3287303921858,56.69058286184925,337.38501409342393,956.167645650516,286.98808457158174,75.40461896069506,567.5599756020853,589.7763972550796,290.53499452215493,1
735.9990227679363,601.2648681082419,549.8112961736152,531.8242469575913,774.5695329647293,74.64395388117839,970.7650117420478,606.8704014492192,195.60438315132245,979.6978413584717,662.0213466291257,287.5345964102849,696.5069845130965,439.09733428741725,627.9652730768531,915.9996260642368,758.1641291598451,956.8146434773746,484.9978264866682,902.6426640407064,0
643.1081775794441,442.0118247271111,171.61472606604266,714.1694947785206,99.08340428743489,346.50337121797037,181.2593519717106,842.8923336068975,463.8888606740672,128.36338719499375,383.83688689597307,210.02723718628647,474.3274040508274,648.3471044298038,951.1805511814525,359.4432119839066,143.36338207948796,903.9118247137658,647.0114619729098,943.2912149537169,0
103.70602299279652,123.07882336421893,630.6911642239115,128.851048799828,944.6846609458905,922.6836261978902,791.7471244996781,183.15345374778923,782.1454318398653,466.29363721042125,529.1207171798856,465.6548591375185,300.4711095223741,905.2188423820456,369.04397531690614,497.71754442932183,199.20951770626218,90.79275278784216,576.434226288328,77.91414958480026,1
144.93331841197065,603.3220161412207,640.3632891935252,483.6262382171361,337.2550594660398,325.7102109736019,577.1061991359202,242.17281426967142,143.57772380582256,779.6821794430559,249.32673946336757,75.25893252822269,430.7103973279718,997.612117673148,361.1534182545073,207.530905492744,346.7311822737319,739.6262917176912,440.67806589736824,864.9312187470942,0
508.43609065953586,584.6473555835172,489.45552664114854,228.00665304273127,702.2012730205029,94.17901159971287,427.10555001230654,299.4658781953239,822.0791807752815,746.8929168286215,807.6189614965917,913.328094035689,373.35338702812913,53.01616661117448,609.1355704096452,829.194343837512,108.91911782003116,555.5356372798343,13.41366328137239,494.1297318613691,1
133.29421597338575,433.13997164768006,830.4107004979742,46.63847222915874,335.5699127808019,507.0196870946567,272.5044705527272,984.6723818020439,484.97505187785464,183.26694234389473,339.0458540461915,432.78307722325417,446.4595296139406,684.7481953341321,99.71950718018496,416.5751627338512,820.2782655615517,580.8145792982131,590.4264685466234,374.8562015851942,1
287.42868364787944,473.016366811954,232.495497103412,320.66490991119343,825.9417896832479,869.9817903975331,47.152021471189244,165.3560472336838,175.8965892084925,338.97603527573784,245.01210984513645,850.4986266867472,395.1755053201003,608.5911986825998,556.1049123690536,858.2906742152079,487.51877453189405,119.66139847664492,930.1805322679587,488.53874250438,1
432.4448108676234,51.98553713561716,120.60326219785556,338.22872898327904,876.5031017694254,287.410926384589,45.36860523458719,655.5124764905339,728.9251219755163,247.13053793855354,31.29816177782829,872.8334805594463,897.878027695423,223.17676085593763,404.57410514922753,3.6264593585338956,247.07559023912086,631.6748050798213,728.7568254412284,780.4459043534596,1
755.9360370185291,271.8385078921991,510.16657352249837,756.6063998675896,434.4236272041572,292.4251031276006,248.4736204271425,294.5814199035699,108.50571938005382,954.6149993966916,568.0253474045563,611.3888811281516,79.53725726299432,787.9468161155052,648.5755509299653,953.7896393845888,233.5217460233563,346.1004049049882,852.7743591888752,667.3889136136694,1
372.79624638058516,727.2619754336199,386.66060574536556,167.6672226268311,858.8634434425991,552.8376702126469,444.4852377872437,713.6165857590531,258.51117331667575,927.8002360249643,834.6040857275101,285.555275917053,365.11712926070805,156.01809110502873,384.79847938686163,307.79677070655043,13.896093545998633,774.4719109841183,846.2770368227862,449.8850520166915,0
522.3690507549272,103.43234537963653,361.07603289212597,699.152900824172,446.4442015205109,533.4133294255415,922.8567936016816,314.3674665135797,464.69263531129025,261.624451031251,583.0863274902202,24.15013822880563,80.29066882524727,828.0780001252465,753.1116785369555,129.32247318538813,228.6198115793575,661.1401556741584,171.10193974686717,191.80095480338656,0
779.0502924045403,805.8213505010242,710.2541086155306,508.8070780070262,682.1902639217656,739.0596436184513,673.6982088829085,595.443819395083,360.43450621607553,493.7404196302155,109.13050391899715,753.8845789329055,880.0063855595088,288.27593747557114,832.9069921811266,200.4353660822641,831.005361656811,222.90660866260913,941.973264622875,730.2509100892046,1
255.4693312537015,165.47135339619788,726.3409576364713,727.7911541871173,441.29551292252853,16.60666459627491,982.976152313154,600.6242979709896,704.0713849310631,967.0254739198947,220.74276542414762,515.5112320393798,713.6505616930547,685.6766402930086,364.10168084107187,601.9446806406263,993.7871152200274,681.760274822098,96.98081543807913,413.01396792473366,0
256.07440009401694,459.41242642268423,330.0947757857614,743.3748987525122,329.6331690517236,268.0457302706757,337.9267051990063,848.9448749707276,534.2717161826428,365.1986308731325,312.64343092016156,320.4789973543347,832.6049664148575,83.0864636557992,820.6844952958461,453.3136868603912,855.1901336118306,762.9001074325196,297.8808689530877,129.94228874168246,1
481.23978047171755,128.10716374644193,338.85424385540233,317.5012203086732,827.1821931123961,650.2130541203511,286.421826981457,28.741695939129453,542.6554356553478,547.321892003014,41.72146314884628,235.97951191512166,167.0484785203612,498.3741551054355,561.9676370696303,125.96938521039559,824.3265521955791,417.3903190009983,965.3504975505259,869.2407227865276,1
633.8434661651488,794.2412674263609,336.23375158057246,620.28857531819,93.86982756069307,121.57189560948689,457.51645231216276,325.0311005713957,546.1100105763123,514.2381200532742,949.1208780059719,493.31117565371875,663.888110914596,697.9374474589918,103.72104439097407,580.0769303525358,696.9763467012382,105.562707671766,761.8037399900362,341.5686409233538,1
966.877486875459,784.1139201363239,262.7003789635789,565.9807168501475,958.1649936886877,828.9772930931312,706.9715840977785,606.0249886417301,662.8730257122504,194.2632506383517,731.5731424593076,255.34191556260933,41.41925676374436,740.2190951197393,943.3034795733312,615.0923552816382,943.735939999975,74.39387987681233,496.44418780914424,5.962407954480553,1
789.5168925533716,814.3248963041211,471.2880646041586,994.2680397784212,697.4134467247573,938.2274990850799,405.1147667273699,926.2957781079814,850.9106731815806,18.134279090008974,356.8190066675323,694.4721343401037,243.0646006614613,877.9781376455995,644.2542257958435,160.6669878705257,908.2365052075385,229.5944094693474,121.19826601940808,568.6447190142768,1
509.9826143784855,5.935690206598898,862.3283987759698,739.7692293226332,371.51408464203485,147.05028405439714,748.2000573129635,24.895587759616422,227.50760303540707,920.041005059507,470.21410013871724,488.0199619418173,446.12325368070617,969.7165891112816,873.4616964315024,796.0563090441074,479.5779527650841,215.06433697584893,317.6175994913324,164.24145753424224,1
192.1738057469139,703.5344152857651,96.41568550330626,225.24338534558564,79.9594461004921,130.402511541155,826.5668678318211,297.88854915428766,872.0294155693717,832.6670134871606,895.0736043917318,380.3488126315305,633.3158690001732,383.6634530563531,668.5886016289368,132.8073544037297,805.422865407001,16.303686018861562,901.6284959776906,700.6474248862029,1
472.1281026605433,454.4479790434153,185.77030723059485,401.59525600758985,521.7378737469252,779.0567955831692,458.7962797233982,680.9415130233748,85.05179027039588,772.2205137522479,536.7925855537641,412.6035622351111,220.85142877529395,124.9750350925124,713.7033853068681,342.36977432558945,163.81659047455366,517.3617873399706,953.4482233294868,183.32413875085786,1
299.23435659401355,336.7449959878157,774.2021539828028,313.41801944703684,723.8632443532059,654.0134069748907,522.3116038966823,800.2718557685195,951.3843494163212,541.9518273726744,901.3614707270539,386.6889378226086,27.285219402119253,668.8322873174478,413.61444054315774,187.7717434708034,72.67520970649211,699.5079392045863,412.8606816085878,830.0272201190384,0
698.0083015791623,235.1802427225954,130.15368450494336,659.7670370024613,174.58995252080666,683.6759318101261,65.3757631509122,875.9756367935906,764.5710441285503,65.46305772990702,901.9967235335272,255.8636865683176,513.6283799351896,722.039080596169,809.6525299050371,74.04575262142122,52.06497643599728,135.5360068577073,35.03686388479843,24.344819072692925,1
490.60721171896773,451.41131177081917,237.9287998921248,103.50878547719633,829.8274518153734,412.6824375078402,230.08306894912778,324.5466718148454,987.7657056306558,452.54976250700497,110.26253290626298,497.25509428531234,455.8303205368702,52.16105229430812,910.2847062316148,323.4100496978566,952.5373957278828,248.9060883448816,331.4736487014873,471.1809905403214,1
381.4122449124163,663.2688317819725,881.6668687254733,183.71760633301093,24.05029898827682,812.9215640458347,818.4228543000352,527.1457502666227,604.6526206068653,229.448524776248,348.8604894381476,892.5861571601101,171.56262072430363,863.8065559211224,177.4011053887058,698.0724716950357,897.3870301665597,439.27621465512414,246.27518812610228,255.80269800804123,1
386.0124504401687,433.62926836039486,736.8609001435218,519.1036331152607,339.1774394595046,871.11264145102,283.22972405131827,149.93515970130667,255.59723683227566,936.030093601191,214.78919882364923,940.0671260195443,411.2787478670921,844.124487959754,354.6151876505774,433.6011335615814,543.8045288124144,807.1503611517662,261.75484998868524,454.0745224109026,0
149.57549133456084,867.5420057248415,652.6373103817923,595.7621856260936,822.520938076594,552.1654787181616,42.72057819533648,761.7602688284628,501.1604106408516,468.55774425655204,338.6810889001143,14.196578199544563,179.36285891666637,55.21620797133031,882.2795890661873,912.0993315842447,687.2106196678421,685.0067581538273,636.6113086816481,69.01824988546312,1
64.78772285111833,265.0006698440808,846.1657503204143,266.51572913577417,839.3024637761732,486.5906332593998,175.94312952986112,971.7954475493574,845.8586238777872,682.8566791559332,167.81935080332866,288.03784437504385,234.98053094390804,521.4963795895785,914.5017004290318,560.5137331618308,495.8280512120772,484.7558360502945,548.8279966948921,720.9615870254663,1
900.0767496232459,767.1727330924606,407.8141451668403,189.22459777312807,156.36333648785728,145.45025476279307,463.7456939688757,258.61248677202076,37.32036412094975,920.8884618964179,21.75736349784607,183.0814734891669,466.3132904262831,329.7519284341439,21.97231506571884,879.4870091388678,814.4182602808377,248.51822442106285,176.69283594068375,853.915936400666,1
803.6952297569743,903.1271616118464,218.96379829781176,448.57750646257887,69.72151781741775,160.2910181468187,471.07405820674074,395.7186716386539,184.67383526829195,405.89602325493337,903.5031082540984,74.92970322953607,574.9974196498629,569.3561944053895,751.5599794404295,961.6135802179102,805.0012263403826,52.20468706879578,485.16770476592797,715.0397790490031,1
273.089670077603,337.2781286962948,576.442215578898,150.02414813047116,261.5383871829624,26.03611551413243,338.77740440597745,907.414296456678,685.2125615432151,664.1316849405172,710.0501065039123,563.5552949187113,86.71378766958881,175.94401421782135,30.372484267795375,817.9145908944674,715.404738546608,892.0786481143064,674.0210277931204,544.7821927183464,0
492.403840348701,150.23209754695677,385.105550295514,194.8184945327973,947.3810654392953,770.7707110161012,375.28122369198303,764.6561331468355,699.0536450236303,493.93723182862146,79.18965497307784,580.7231211278448,531.5339619156917,641.8322586188332,603.5085406257308,886.5832172002799,282.5915390851369,284.43961084976075,722.1359037790415,171.89261790449294,1
382.299740309711,976.0548160986846,340.1899283271942,722.4676169176184,958.1332933404414,944.4546245728507,701.8297924563748,538.045261807826,790.1161042930258,450.8284992592425,761.0877091082962,226.03068021653726,919.9745323518455,975.8399783796225,71.63478699769887,630.2623660745543,777.7606521930257,289.3100686092702,882.2699146741901,586.4581668707725,1
565.2267870070962,2.4534345423664616,91.8646502774848,47.856743989377,486.92882405627836,8.781945775363953,479.79359631196115,423.2580112948211,123.11037443098304,717.1071390812295,33.635325081619705,380.96254754177386,78.32067109399388,665.1200424170573,489.09850185691437,880.3144658435209,969.8042200462737,824.3824390522481,765.0365508001647,91.90448647520132,0
894.7145725326895,925.4749291422347,695.6386246381978,540.1699869236497,994.6642287161563,665.6406826295877,127.5102547975292,945.5303114009473,854.7655994663853,407.3620017538102,850.1764107952338,126.72176767046106,449.60156164096963,807.59652263514,387.94532840773644,240.7736281267455,578.7827660085019,576.3202993886855,630.978219482281,136.0557343018367,1
235.38177780374937,504.6335747744921,647.9626853311272,954.9644222796452,406.7245941718507,823.7870800628851,462.8175488514822,385.5358716561831,555.6982700783412,704.7549887088921,833.8593544161935,225.99421868037106,99.85821482216639,880.4851152763305,850.8712792069182,648.8885221375589,362.1087358097228,9.169580618230256,502.12934561193435,772.7567072433101,1
522.2977002212248,665.1002808386909,289.88367085080455,438.6504059478824,595.9665792051727,357.54524642624483,963.3782037823862,278.59644516880576,355.0581358719613,429.88029268681527,486.06572364111287,803.0849117481027,328.2986524072461,315.28918261933313,988.8607078049936,129.84126675771535,121.15296808875719,349.6929000235542,214.213858582907,335.81492129823454,1
636.2771322478914,222.77639768988124,494.7184719598153,62.60399331514432,369.5790717774491,918.0196265772593,930.6926091585972,765.2862511907584,758.4759179770537,307.31335922992344,608.3738567658131,195.9946773430813,404.8742394550926,230.85292583716577,797.8310895028416,645.3598379082074,161.14103534261724,75.1793716564807,497.04864161240147,9.002066525807262,1
64.22728191569027,999.7913521556662,942.2982503569377,944.0060947482776,550.6501444151013,880.2799329356409,579.8237542628963,71.92362447431766,387.0307083810984,178.98933939808882,866.6549560426566,676.0507763182881,781.3138973139562,457.4171769729323,727.5675488003512,447.8394151382091,286.4425422730594,462.8353919764234,138.74039874580245,66.12386470381804,1
426.298736983294,893.847655876541,971.9941958771701,977.1840512896631,107.82078947498874,507.37623386029406,238.73416488938437,287.3472155425083,295.24335785361086,353.961891462123,538.3160977157147,25.19843562630941,819.4081410918873,138.6152365646348,257.69968876238545,868.3474796917508,150.13671326637856,564.4921659403667,502.7831604348122,898.3720070095178,1
373.48680288955825,813.8398059275265,580.4503883006465,577.0396600594844,362.8101057669041,79.38663673455592,294.0561622903982,585.0165727029713,873.5531758612678,890.8157858498361,252.96484224759786,875.8481251842076,16.6369063034294,576.8935393755605,220.68882833429205,930.2163952646438,162.77630450867932,218.51496912622827,721.6578144094528,24.705181812512468,1
197.28187437368416,379.92390950073894,603.2009676986977,988.2615882150682,82.75917744465045,131.5027512380179,73.21590520422949,431.2423160979696,274.27557779763134,575.2217734689399,708.2458276284459,203.79166504907775,339.5903998834675,629.7023857725719,15.90735562921064,530.689113820817,467.5373768984752,486.5764854660355,931.8755656130973,922.7537538751161,1
4.526233455720785,362.81816228652076,319.60821927007555,174.771374438184,685.1048883040686,739.1807859567547,207.5915395642016,283.45014764416675,460.0157056342199,925.6820078922938,779.2617945464034,358.3860857853366,987.2297080410037,739.8973042824458,615.652469349591,591.8454403645352,302.23303102969555,500.02115306744275,225.2006831916703,664.9467394637286,1
447.6417952178434,566.1851220642302,496.00625549189846,332.25573368762116,828.0481701954267,29.771037707486126,768.6604705090522,161.11818427559353,137.29616588895877,477.0455692975453,708.5703624142482,572.146596457588,484.00517689184676,948.1810234692985,103.93531772334642,768.1568240272406,670.0585972703408,232.94017611286787,674.6798382534485,746.4720380009918,1
228.25527523334222,368.40568923108594,146.15175569860006,858.0291476214755,159.79231592972832,748.5680826920814,711.334199111311,246.20805574540617,549.7288912013198,506.57379462071617,535.7573519734666,978.5527714695221,628.3875399338822,319.50909150625404,582.2215653199357,378.8839532673173,842.5831770088345,261.81121978178146,206.83851398947218,101.89314781241454,1
638.9365320272772,505.0177863480818,950.8550003567831,106.34798323357819,334.7838282999717,415.23005552081037,88.1177997135828,730.7944367910101,371.9523314776585,676.9670412784764,294.4425664822418,490.86379525018,137.10913045475615,98.50000939892256,916.7307135576286,939.9308039151524,694.4897493280993,899.8411387781438,849.9720982747712,263.14230926284654,1
358.8867340779247,882.4628768829273,721.6804689097789,380.82235912454763,406.61283951979965,206.60399099806847,459.7782158680829,542.0337151745741,373.3653440379417,102.06575760349989,737.4382153564331,202.7464766199837,419.75536948295434,454.1834715469648,469.04046735121483,813.996325162442,942.837942826658,566.2282518158706,210.11726661152574,112.40940691160884,1
42.80922784955887,463.0761122557465,341.08544344061664,92.76076772059916,117.79870333160791,875.1695681591059,681.7203417651119,828.6860024755656,801.7611920180752,768.8316876704664,732.8491736021874,861.539680749158,784.4886220888299,556.0978528118555,26.765718923691505,976.7452866986989,424.1143039075228,556.0027631107166,953.617693102248,48.55148086139405,1
508.78787795385114,386.7937664636912,175.82642967309513,27.252285401399124,516.0357785278733,121.57773555582597,769.2569574139566,890.5560087916091,734.3077559001644,772.6102271774342,69.65859704004241,304.5377213625014,259.53261938910754,490.45081444324154,658.3467436055317,648.8684008581225,242.0058988832957,692.6881102162772,930.3714695814234,461.84342232968646,0
998.2857329545348,803.5971592103626,700.4731276201865,944.0952470534738,515.087627226366,462.89373027278134,266.06445214456966,324.58163873866096,214.30437859059992,931.8959227561168,602.9435869748735,265.5169072985298,994.5563304111721,922.5721975118455,182.17000737255816,59.56555621375104,153.63939986357266,774.5369661935472,990.0122972772984,22.666278001972962,0
945.533390822214,461.3754170915398,479.9952514563871,413.2285452494565,80.72836698113694,197.32066849715125,674.0415277335214,745.347219513736,807.4634115004912,45.40388983619115,849.231074701777,684.5675770550658,567.894484024198,56.73994412677952,794.8881745193058,691.1629051866875,310.16701503496625,937.2692518386609,359.62447174193966,961.6203062659196,0
463.2532214448545,618.9834605851423,914.8545264020495,911.8613619080465,982.0122281222817,369.9604780062405,92.92971474016964,655.4762375493416,174.92126984861943,889.8670763734142,348.949108853251,978.0428857206301,138.017708481461,688.8881203495924,457.41787546891834,61.91219699593442,792.4205356096053,891.5434353435494,554.7623398101013,650.2511297941385,0
599.0743047653558,6.760587484635816,675.7266568685658,100.31901859718894,539.7470153837336,497.9163621605683,49.96116166047582,63.80163580390097,25.774821410458394,818.2177525286413,678.9938152337141,298.4288814526,184.48852238618164,942.3919692446686,613.7280220885311,855.9773137353615,632.3064384615449,44.97529894142849,882.1866494115485,995.0017315698814,1
543.8619456172521,872.9277828900141,495.66132876796223,684.5109571638294,925.3012930184741,140.27325359618325,266.02532919314325,924.8540180534254,850.8697199904991,836.7500201948299,400.21379589888693,88.63114579823417,152.45547768156086,579.4424137894341,50.67774485665555,718.4662204507783,831.4528516766758,921.0964559586997,751.989812226192,792.2799981068284,0
975.5235474492334,305.0507310353138,70.39679381750031,22.837647923002024,17.973986905422954,240.21796507272597,569.4551897101734,554.9155953844472,317.98936095175515,123.20323217564955,947.3271185113811,709.5753258514736,276.55793775486046,807.8790192796572,137.50947341096054,107.17551203915899,820.3789615428528,141.02508250282807,836.3609244311064,552.0848460829329,1
111.76688223735431,308.96528391687303,140.09955784103545,118.4169931174881,385.4600194546608,986.3736754133627,710.3357114383099,37.22735450625525,435.6795666586717,814.0990512324072,390.5776259727224,947.6605067542785,268.63542465655235,4.199432265698633,755.5905738781419,533.2526764093136,323.97386822804054,714.0256682558422,796.8639782300606,998.9024973804252,0
105.56874600503296,160.86408738644164,431.3815155180554,340.92341824515637,151.72675196367535,316.47460814066477,359.2694971979411,377.8911752845502,490.03094737280674,266.8174838702421,192.7114187392409,362.99636580952534,877.4879872629122,667.0953869592362,94.96157118388804,24.188982880362975,755.1957666718989,82.36882156909964,616.616338421915,142.53826037620533,1
271.6297123715572,453.5482945386079,120.09420203811005,152.81831774373578,589.6282328491171,523.2238911262755,963.2768247023024,329.39502607612735,42.83702078806273,272.26372118086294,728.0550777090951,629.5417511744365,179.84996658406826,406.05114968024947,223.82514728861656,986.3931316027308,583.0064476173112,294.3943622689088,172.4697713641854,61.52776579790509,1
155.13151398051238,136.15279383474322,501.64118446672524,813.8302808469839,901.3071999456324,411.47144082441713,972.40411197338,748.4058471019853,290.5712865998642,496.5186376506072,874.7734556260557,83.35584511280337,896.4566395435086,220.9590969795272,941.4084242041813,198.31034670853865,746.1022786555445,161.30522622161658,644.496704904947,115.83164357584175,1
135.50797367870305,840.6923311427523,712.1281530925951,127.71400691634915,307.57995257816106,548.3421267428149,88.11966249926917,401.4854591827361,279.13624702660576,259.4477082216352,756.6483672401592,483.9879870750291,906.4601590456283,930.9949162030484,145.0822992135118,993.2414449707013,784.529298074834,98.6647050850985,962.7725243820482,403.6729909495539,1
789.4623344630174,529.0352492459682,541.6443834317821,95.51833244408402,863.0575262162146,577.1752497281536,830.2926489848129,965.3148668809276,387.4559126370124,680.9715025506824,724.8933248132024,131.51282277786046,414.56246953783125,567.9293692734428,928.7156312960634,3.343732371825503,831.2705613418784,348.06676261189506,704.6054740197497,571.4993765240156,1
270.92801100033756,599.5929153298141,225.32363445765768,395.48341941944653,168.3207537612268,329.1690323831852,918.61178648841,692.0341074342625,738.003060765111,152.61417818206968,135.80777606951767,144.82997066687665,548.8565792696472,530.7979377533877,647.4190253458669,885.3306127507984,297.09575992431604,228.63045346059795,2.0078347810285058,678.7628645528861,1
533.4891437571906,563.4383948030838,949.6868051819615,190.58714696122257,608.5523516971487,686.5644697574103,701.42920586463,204.8295336773047,384.81142033978045,790.6173600579224,282.72200846993866,154.3924981466287,770.3727062376321,261.9439505372854,842.3736345714534,364.4344290391894,287.2489133660273,236.19954744555028,60.85583693856034,749.5480330131677,1
433.2316792537332,789.81805882785,215.2320016567919,470.3365142280893,681.6071805979741,196.131271783911,336.94106192742765,297.975271282787,892.1825108799522,95.44072361946942,943.31353178065,414.6942715150319,827.9038431556847,963.7582005369854,719.0125496958992,168.8253244249194,623.013492055082,496.43077687862956,113.60801259930386,874.4855344622192,1
293.3150200314951,178.78658327606223,32.304920609795396,103.73095863639081,74.67204815815964,887.137047270722,656.6074568022632,458.85070074086286,71.833498634562,545.1884996108637,710.3306066936442,572.6602379556257,669.9997058548927,21.41784069892383,530.4770682640606,542.7425087753196,544.3939500328694,44.40057444145273,237.22891982116434,970.8627072993535,1
137.61654128208244,733.7006621281466,210.14468488014327,766.6560150630341,145.65889508339524,200.52371883215457,191.15968329492418,15.004572831276652,110.5848808921085,180.77348813552308,817.9437211413612,749.1745051777617,270.95041796728117,886.8190751644828,757.8927340910755,955.4480123561619,226.1355203005141,254.35970768116312,694.6584077030159,363.2678470334825,1
402.0651377131771,911.3777070691228,165.88552967815627,529.6615555275533,579.440069193071,854.3900162881081,751.9153261977979,645.3998330419067,486.1356458522805,194.45448288811517,44.484731592363325,700.2408802049099,944.8395176055899,900.2607628763107,930.6030260992551,173.068908202609,950.1855888038239,566.8213627782407,594.0981171092623,931.0246259266438,0
820.6823548962554,396.20020298817246,36.297283707194424,870.0159782425646,951.4650899204672,194.01583242879317,514.4850144990444,684.699550100109,358.921048480328,924.6147732986836,134.81256065541146,183.72523508361917,194.16206049578489,82.79334921563364,568.8433158037819,47.12548074973022,768.1753806328156,178.51883071603126,395.2145121389359,297.65417042009904,1
239.43184140242911,403.39788256796436,721.3084552079116,44.359926724408474,662.0717831529796,700.5263135363614,226.3041932499492,668.4432828207011,373.35483390091093,838.2832822078474,7.274331545431889,689.9060220262995,49.87619804986521,952.5010746295225,169.84352035148387,888.0856264219136,306.08504507545376,758.7195901183302,314.2712638920109,743.4452078742895,0
183.14449795589482,551.0835627705968,454.49625991357743,327.0653390968466,364.2805730817232,471.0488635860078,14.364013029419475,934.7086610933411,29.3460062124975,989.6672006961412,248.61380142162426,173.09911866210902,373.7792604106253,319.2343754949787,815.722486763875,763.6617226743446,237.8314505541751,848.3559157015587,451.2922439720006,779.632389779816,1
93.81145547468905,238.80880903651402,692.989790217243,344.6089180116383,954.2987983943544,277.88750106550077,764.8765629489541,671.8841717788775,240.3255084197339,424.9009160967514,678.295697602175,874.9075539606799,81.84932252064503,850.0504134198081,535.6328395179546,829.9126843351315,568.1698522891276,941.193450249372,453.0064418408777,333.7006005887001,0
523.9924485053583,829.6722386410596,214.46692232067488,797.1436083745501,198.50502450996242,702.0120293783299,110.59188068879422,50.64185917160202,728.956835313227,505.25626783112074,433.51420627992366,360.7811077649883,360.02785289876294,627.0030314216915,178.61396440475542,711.7991106451885,559.0694276530957,726.136945449858,100.26829342902033,78.26926688697245,1
509.131000724518,418.41636129321,38.161330317497686,548.3883089756714,339.604956366789,102.91272705610876,798.9908968737805,51.82585547044805,244.31025807118655,327.1296087669799,167.33614889988536,261.9167745138605,609.7487940445991,643.7806990038027,438.7304395183088,723.3291581867783,492.9639012657174,420.2906150355007,757.6619436048595,215.33711122484976,1
451.99148699875866,669.3047933669804,830.9163969237053,22.935345789799612,859.9672528011827,108.28375684698554,369.9818124974564,622.2679370885778,480.34509447170547,859.1695281114476,807.406598608722,75.29905175831952,461.56444873413284,171.3874782646513,690.5863401671835,126.33252353085223,732.8838822275279,173.4148668664829,387.32657551406294,120.20604414488001,1
84.21776220435417,438.91651914199736,599.0575137273119,554.9998328459558,821.8002874844832,87.70316798696676,580.5296321531468,341.55927147225617,453.78375915120205,575.5260595718486,261.7818023511117,181.7246075244968,145.53592749111155,424.36801744128513,520.7806985776382,435.1748211879589,965.3528325965018,201.09768001004224,406.22780314524454,172.74162210174404,1
588.5764061627514,289.7945283967116,509.7566350927941,996.7497078146864,418.34911629208625,56.81545086544859,395.1149828128103,265.5437599106285,813.5814557769897,446.9306295156763,690.5546457877724,323.14959522512675,271.4339226029051,386.84974176731777,259.3140476041161,683.3208882800085,592.8376149079106,801.2876728924051,275.90944668641635,653.2474685013482,0
826.6185364155469,1.803179454237691,275.04659253322905,385.1904151010498,287.55461698934084,113.97572370270991,958.2683028365324,9.721171759335178,933.1389795634092,651.4069472628375,101.61155589637616,745.42004175919,683.4493310975968,353.380965667124,642.1003244130168,476.8861286135468,799.4773726607452,175.85040190010193,453.32783892331406,899.0278929749263,1
425.0197489512928,238.1260540809007,157.39107717838675,756.7741461205952,768.6709248867043,657.6344921447915,675.4958716051352,978.5339868035951,768.3393763077971,420.1452288354384,298.4342713413365,162.17682538084532,694.361416854742,695.4417989904941,48.60804772056249,173.01873650582334,59.76944405941076,262.92943296443303,936.7925779381889,441.7815105698528,1
256.2228479566081,637.9657729303339,146.8982405595427,555.3662195165939,239.99898390564766,248.9355289581865,953.8377956731863,176.85844352915603,682.808682695926,144.6666454697576,814.0132734071028,433.6717265322161,102.0209674241398,371.0391581317891,654.1261081010621,848.8703137750716,644.0744021722378,257.43989164475136,120.98257331224116,325.88162254622,1
128.36413943045278,721.4641986138975,810.5270922397127,481.71964728618656,874.1400468539122,338.1412424443321,629.6219623375083,863.863147418631,339.9267016982236,493.70580144948485,93.10053961527476,350.62188849158116,552.9373998389942,575.0909066507857,223.47096166922765,310.5324276203053,883.5438362730915,598.9838524602206,201.8711160297737,258.89153640108884,1
295.31368964259497,798.893420662292,211.07320096617767,974.8171064647897,697.1757181927779,922.8310986689802,547.8916808858925,199.59103708918346,485.92192078801077,584.2684793415791,278.662413809741,958.6288672038593,217.61024440260712,852.990668818783,564.2959673380362,537.3013661608414,445.74432189672694,315.64063133767837,604.3085843092532,253.62786669798564,1
87.21992186642392,796.3019383198005,998.2813233613462,335.09526108839026,771.2193442323695,159.88630495266963,804.5305587492421,485.50247735882056,173.81916424054157,671.5039467495112,489.45621052090814,149.07796003241046,734.8322843077906,576.285597358996,445.89033825110835,506.1362486887332,163.19145071624087,130.31889535916352,904.2378682289185,530.2342042445879,1
888.6576029998527,362.756493996815,347.04877114349244,345.0372936742489,381.69601051054536,683.0196437688762,652.1869656953198,702.9230035819687,793.3368473333812,42.44708402463304,731.1026447899358,139.2113218881681,500.01995650525964,385.1984854493518,124.73380376894983,650.2143843532848,977.8146996645945,870.2960030848122,277.09055880755074,900.3087970667412,0
719.2472417034512,646.5640409384142,128.97055240832523,610.2454828941994,909.261555789455,491.0948400540467,335.045965564748,30.622498987750713,884.5856426538533,536.7903195568359,497.2090923429632,998.5989098861365,800.1547177214056,977.8290603589567,795.9928075827183,137.70202697462065,441.01585236796825,349.03733759085884,849.392252641562,383.1939639852552,1
203.16118765145396,731.741157223553,132.06006245784974,913.9004546096421,966.3404944541735,751.0796972689892,650.7566337115106,341.846804968698,63.8972393760433,837.8333317059396,585.0814118399612,956.3089251819877,36.54098236085312,229.51385004788315,25.68012079791093,329.4672815500271,158.52981513530318,711.017322470429,324.578552326812,284.4815410526532,0
438.50567519891126,423.6944938285062,486.91896716942006,531.3330016290774,936.2331318141157,5.954381222410099,749.1418556605782,803.704148887491,726.3201921459748,984.7251851643637,659.6011032482784,994.5335339475095,301.86742598146367,287.4287179107683,473.4738862058021,304.9550239093477,440.4072426608494,81.40714560615837,956.3423220673694,842.5238523653718,1
591.9658771656232,648.8810110615724,747.6687811628825,35.146599754224184,334.91125581535965,255.4342839083955,596.1699693325816,25.690741691463124,103.97833650606981,787.0718551119597,589.8327657549086,322.7213137739975,853.7048156245916,430.2024823822047,230.35112896503173,369.93396192671236,902.3545529328436,323.9031932621992,564.4112574566511,175.84344270050113,1
150.3305381215322,570.8021184342233,658.0354410470181,942.9750425323838,22.652464189169553,768.0243204001541,679.7155329241363,842.9897103618401,633.1912817836114,756.0350521782073,936.5002855276267,712.1683607782409,398.83829620513944,423.0997097351643,739.7833320480976,548.7620405680107,530.0850581928944,114.91280606217336,101.03843914401212,891.2805360367735,1
813.6531854746991,804.4586700354446,865.4230970891342,964.6630462571329,57.39842999990641,738.1246458258665,199.05183310518726,480.0634238515853,928.1485996275852,692.9243972186944,910.6939077823198,840.9005753937507,417.7752167897595,485.2955107254334,371.88558981080797,623.4973707010791,469.62524822966856,551.0813511604734,756.9938021827244,97.13742589213447,1
355.2249350693282,579.018024084401,406.1458905590046,689.9921968401663,993.2030453934626,876.5733398943146,579.91017652028,430.60039199607957,774.9238085450152,391.2282771451595,197.76758751309987,789.4793105462547,568.21733909671,562.350761676944,679.2567008591309,852.3904893244694,679.2611193581048,716.7075404227987,308.8424174983412,787.2747886083417,0
541.2118997957226,45.78875284196982,47.458252572991746,819.095085396368,161.4977979168356,6.800580146108293,53.88794733911706,115.41471075532606,902.4195180687907,453.2593691871833,178.73137557768283,571.558031511252,860.5545166654256,616.0815527700895,590.5703501252307,503.18376235969276,916.9007838932994,752.5760303963195,675.1399317717978,497.62015337123955,1
788.6067834942783,745.1302225038011,301.49933106882565,515.8458572981449,84.6423216467298,629.0232952367586,859.8440610385753,499.4718578242606,414.5510137977496,447.29053730485623,829.6388016827465,848.9927979321798,428.3568430056934,235.11848266432068,918.8230517388612,881.5636382014701,945.1124592396048,616.1362236406917,984.7521149608513,340.77887461272917,0
707.1752929522116,618.0827809640007,652.3124349295874,186.69039797135844,421.6876489627216,605.7096142517596,237.93881590139654,557.4370909590343,729.4718947836238,464.53798414121184,742.193363232568,7.1333157030648575,102.88892369971781,807.8222476175866,307.61020803940875,165.497563393332,590.2517099490485,250.72490626027343,684.6970343150651,974.4101870977571,1
843.9827701756576,295.72578882648435,782.17177437782,123.55928291527796,631.6212432542469,282.17212953253545,43.35411988512372,319.2926548950109,28.723487873812516,812.1292222240005,948.5144069543667,768.6825853205974,537.5446188614459,524.3224175103583,701.2907697862867,136.95425640462656,349.405296053321,464.3521254544786,199.31651164809804,422.75120570857615,1
693.4295866664291,187.7497062742547,403.02827560669675,182.8001294628012,911.3631247167633,413.69081228233597,40.36595352983363,469.5260626493558,268.90798061405883,469.13659569641607,759.8764412461113,977.022021981005,897.4974546300434,507.1832811834134,729.8321270202856,548.8931326479556,700.7481391452935,879.8935935286258,299.1985048814349,817.9062598130009,1
129.22629397900366,630.7544710536941,751.1484019735067,952.6393786988117,6.732712746973624,879.4678993734818,434.1610238338417,732.8769313837107,693.6562978824461,613.7746634263492,271.3783253657132,113.59134084035915,198.9743878982796,4.8914862821800575,194.0533374761665,228.383453090636,497.16808891833955,180.96686148086638,254.65561525106995,729.3560730509873,1
543.5514582266228,847.5127795522012,941.1202018963627,244.7472859545855,122.65703543648065,356.38882537794746,588.6193328149666,735.9387524774538,295.02954489327516,911.1281491157755,663.7975492736426,329.8495871091265,238.45966951236508,34.34017306725878,342.6399272646717,170.24970705854648,70.79594068533812,938.4888031581188,780.730976067427,746.4452261571079,0
658.0573691124592,544.6421319336525,475.40349760705294,232.7032107750916,452.8657637726437,76.67458796697457,465.88391677378604,859.6192617181243,785.7019015537675,592.7321153186836,616.2928526432974,94.67621260852866,300.8163501060426,226.53819633540252,379.6315970481637,839.251462196381,195.63892453497323,858.8622188173543,892.7749454354657,245.4344967827903,0
907.3425762002572,690.5493816240851,961.7296783040538,538.3485069076885,799.0364745748301,125.27136299518793,53.4263938402112,208.01608671834515,158.35856735048782,213.09509529592995,814.9151303621467,982.8639964958792,564.0086841622052,934.8923105279123,677.4108772003277,728.8664447765424,233.23075783914538,970.6459297244006,109.94796982030086,948.6846051449595,0
322.59528439508847,542.4693851751273,195.42762842996274,677.5807116123124,755.8991209378679,319.58159104600514,271.59642857473807,953.9324658097722,758.62732127972,164.39293970769498,905.924068412331,245.8596620732173,689.1828944830577,452.021079400209,795.2297059012294,565.4504458285815,502.3950054532247,500.7100742938833,13.112072628147398,428.5338477035099,1
404.8823216514218,659.6567482517803,541.1498218601413,205.87111770604537,171.34420893410828,432.8362135764434,353.99678197279496,674.3030796182161,351.9485090187078,373.54215651930366,790.6815945481778,906.8957943331268,165.74642170763408,597.6048123138662,944.128859032699,264.85054611143477,345.0370416049244,12.812035060683623,6.965243099175233,868.1198083545468,1
49.2612042574464,73.74350899177185,992.9379349134202,626.4168579169273,921.8461447996287,188.88811240068094,596.3983246287131,414.8947121437452,871.3692364638916,554.2781231023578,723.4129211034747,726.6337653306402,909.4932355037614,13.743961740945053,283.72846458134416,416.8436903431405,560.4445545552436,313.4473089977273,273.7391328970813,510.1651157112494,1
9.524215764343147,316.3412731654799,470.43271284908326,338.3965920178824,591.0128959443658,221.85983406058028,859.4822880473296,945.0672680658251,760.4117517522039,395.3192820131047,282.20366053868287,794.0070912295336,533.1784421699883,751.4203150180789,374.4237781238179,73.1352088826679,882.6069867469814,611.3485227518017,140.98996961267008,260.2205271871649,0
328.88237511990235,668.7766714002441,667.8236303053736,380.3115149108679,180.71997285035434,879.9325572986291,649.8128950007258,730.8232126623864,933.0929917483389,297.56816004054076,407.3560527076094,420.02408532613066,125.41252975960904,719.4875604986671,10.852045155305245,507.08001338669504,124.61162388902625,465.99485080963154,701.8144374279559,429.4320576396004,1
84.60413426486724,121.514166606146,293.61504121726966,52.0277799108092,449.70576475779546,331.9897221741399,400.0444610447227,941.848708277642,317.4321145351703,650.4197682268143,609.0292759329357,37.51729538385662,687.5113442111935,16.694528373601635,756.1478058353081,905.4158302591952,739.733600699948,985.1930096783173,866.256656354521,572.0570788260209,0
784.9321007672602,458.4519966755722,761.9579295291018,733.2017575946163,352.79000241699265,877.1242775154691,433.8521453707783,265.2567047069263,627.694733640896,393.29440118671397,195.2436162132115,769.7726928437091,310.6474288809367,541.0080597109452,638.4783270198285,359.69997599075333,627.2570030120967,552.1603346988074,14.638357398470525,93.0952568264759,1
890.8581466210054,70.58371236887417,223.99322711777424,17.1918074153653,256.0264144586428,645.6982837461064,696.1577318294171,79.12940860052775,129.85675462579226,969.2574191176386,290.4530803763139,682.7580626679032,601.7304988113422,369.12142431822247,838.4929825016077,911.831201688996,733.2640460835448,967.1198023182092,797.5258689553627,754.0632095386767,0
989.1987941533757,71.01262800828611,444.72506085989147,426.36404466954826,132.51937344748853,504.70675503136306,147.85544720953268,160.71097902883037,330.5867542973964,576.0738139116182,360.47548574163915,749.8140181980068,450.4953607347457,324.4239748080752,61.960676015840875,774.0481873092479,956.2260042840271,66.02365802017684,888.7546827314228,577.0254108639473,1
599.9039147074474,456.05904208936767,804.7966510940029,257.4635749667371,854.1854850208097,937.5611804162041,138.7951178845678,629.0718961254399,469.5394954799774,855.0360055664852,883.5722957826413,961.0345273986061,830.3408315657814,490.9802897896702,230.58900418284722,900.1373789310001,845.4744590247573,89.71863401401447,201.03642761163997,298.58040756683744,1
943.0510748059278,241.25120838736646,731.7976973690218,628.2835782225483,149.36354547170293,281.4273772576039,429.944978750588,229.45206419620524,247.7704886070814,29.34200152430777,206.85069973202786,851.9712542293041,42.36416564471968,975.6260626726969,71.75086894703952,601.1888845206853,101.38702074069018,56.95784756362943,655.965059910159,103.66653327535103,1
896.6053082320982,59.711870641644516,132.40325940326457,117.82223040734607,474.8350017205616,967.5423100004285,907.0180232736805,578.8582337479785,135.7672946871946,343.5155203593345,474.40828316756756,809.426398700218,24.169119796846104,127.96791849429101,794.4901952141606,121.2328746636313,265.8600619392568,739.4672951609324,278.4453225577974,536.6279044667579,0
583.3031905388702,868.8371209766931,232.71286416982807,125.29632621735144,526.1048930036362,454.79791684660853,491.35759042450155,541.19490370706,653.1897613529044,315.82828247658836,807.4839115937416,764.1504303757524,261.6758847254338,742.9485540415176,355.64298988989964,219.86572232443692,37.65535040571033,630.8464320355968,21.793995328333594,921.3247559250746,0
292.89495885390403,869.1638133756114,974.0891818198586,144.6696154635867,646.0697477514634,903.1564901713599,210.1097184277092,965.5527818713879,67.79203236955522,394.1330565229126,582.668123689143,27.599064295415698,548.2008317508602,827.175334710854,378.85636321970526,309.7956248787797,201.6222931093522,680.1937229528148,280.5330064217334,319.6652850484919,1
695.0823751829389,510.4600883382021,277.4706745845407,600.2062086445892,133.2243172366767,832.9086089188187,169.06429435209412,362.1378870811623,241.5759911540446,147.97784056745934,77.56880701807034,282.4848405030392,978.6186852207047,344.1774523813725,768.9542010253487,308.9659193948335,507.9927281764093,275.00939628190713,248.0150102777423,683.779550589237,1
221.8746308989239,453.67791935564793,470.0524087848794,743.4527291657324,398.58069004749666,642.7653875407743,837.7911399661405,438.1141559366132,301.9577442552852,84.16218738276837,461.3402342204673,583.6618604156301,380.1190635614724,663.0320868803649,819.6448758094857,460.0666018386966,371.94735376290475,507.142491537346,795.3837970672946,869.5015666948257,0
636.78707786457,858.8864646659881,622.7341042619042,298.17204243611474,560.5524264199503,575.0104554182859,725.5740423198805,31.479474588047452,340.40797281428735,182.09281958715695,961.003232271592,313.7362824132845,895.284915235722,82.68218696341046,719.6672025060286,708.5064289946955,700.5307371802122,786.1999698391128,66.41077096493619,999.6487927307791,0
852.2674388753991,440.2616038931827,748.9727580700194,224.71491395884723,968.9145297365138,15.639656027311212,968.7745076118993,493.721581864351,615.3322154332416,294.531035527264,484.1819396979112,264.05540130440954,449.11475621868857,54.91401325431722,254.72521707850493,766.0462423732937,338.601483853603,353.7871822300719,846.9268816033712,871.0762365472385,1
828.7555932864904,970.9929255243736,265.17843132658214,905.5234913508023,49.472969077726916,564.6924434785543,543.498982767132,473.4387191217835,583.3165995602983,12.927203572945523,84.09964866722741,426.1729750917407,106.36796339899234,423.9244752266794,256.58621722121865,693.3320944364737,842.5213175377396,881.1239183202786,376.2915272315163,145.19136494893093,0
275.6106032222503,603.9236809501203,97.45658046914185,899.3637463631709,392.8312536970642,499.35665304592516,976.1120419734924,829.7167604685196,849.1064311402685,51.615699896762294,859.6155342836074,880.8184223019468,496.7713906555925,445.40516580781156,280.8339160131381,784.781195017878,13.34588963046146,612.1663858887106,885.818179404867,314.84607483286175,0
539.5232508564843,520.0228787351759,19.44401763758341,659.4737068108548,870.8895367309599,417.38135429023447,412.438322103395,735.2328013118976,925.8548826337241,549.6248621117314,926.3625616745147,728.9143808649729,581.0479506495968,24.28126487498339,676.1173536431412,121.72651391816325,437.4025864059677,282.31928446072106,418.3738297786491,324.2268874848253,1
203.12944497308015,0.8336927633252333,160.07461274629608,451.3417490798978,294.0696509756672,488.243179227806,44.77085502773237,442.6927940345522,298.1097800312864,693.9496694372613,820.3172854485388,989.3892049579312,127.9789870790896,963.314270570025,306.6026408244431,959.4682331635703,762.7373275536362,742.1759887456731,407.2025571466039,646.8392897224423,1
658.6324079829984,473.69923799471735,398.37371063980265,494.9266535637544,243.62119080564582,377.0745916511795,162.28376852469717,243.67409553881336,731.1981840767476,760.7561062712241,183.7414126804494,774.152321061706,958.0341209137774,241.8019732239156,830.3628443335459,738.6477348496525,533.8311813982391,61.50002621344797,341.99543879412954,332.7812490222819,1
95.98435270008687,0.16260104391574437,616.1609490723196,414.9766042386245,807.0580399735745,65.1723462778333,661.7154152425362,887.9441885386026,642.1121432087018,674.3127579676678,77.78489014407275,198.56174445796304,468.79670108286064,876.3258438889819,516.0752095689458,985.317868346912,378.0286816938386,726.2520087475743,32.167874121958874,821.3414922840755,0
158.62833091383376,296.2317366966789,505.709356485085,117.04394647882788,838.8416964119722,174.16349643891905,624.0785980725706,359.10832905509835,582.293391896563,609.5254495767971,427.02890268059355,513.4648200836773,166.2603756928458,240.93282242916604,599.9862191523803,389.01868104548697,800.1868005486299,78.62675639021455,829.7539100641159,510.30755408144034,1
940.5246713623641,518.6698564166708,80.569231145606,65.31584471810237,525.6892170293224,881.3386974218035,863.3593307690277,144.2094854255336,119.47457798441363,381.5005765575907,740.8918653612623,59.57232297754989,23.772449908442074,631.9054073912558,362.1424672248599,151.9292060457571,308.96512820049895,871.3802158608937,765.4090845349865,284.2114259181804,0
311.220753994199,880.000876933374,609.4149747904163,424.97325556973,473.64983521006496,456.52571552206024,757.0272211262201,341.54205850328924,653.6596416018826,27.958503894748187,592.0879211545837,787.552178075178,882.3168282145423,585.4320865232955,569.7601724670541,806.911033433872,808.4251202901942,255.11384056465437,2.936168169575648,729.0424942653442,1
980.9624181501254,99.65153769948587,668.8280354379499,664.228818632171,528.8480347153867,257.0566235679881,118.25241503264827,566.9803761351322,397.3410277288838,428.6943909786265,397.2958529501759,804.6471995586302,855.5599778632262,109.1359698921407,850.6383949860971,124.68076232910907,811.4850922077068,25.858786190672944,930.9797543896492,312.61071650351556,1
969.3283005480229,559.0143758972808,882.6135992058529,220.9300446822712,847.401276695056,31.179303672243307,450.84216906909194,330.98688570521375,464.22050575432326,232.32219271626298,771.0999386620566,336.75361614573507,932.218625340951,450.3708034599789,407.3606847556625,489.1382240264176,422.00521907735134,146.129714544173,73.29036440140135,102.06713438695215,1
244.5326312038545,513.9337825936691,780.8284706410949,131.16946479598923,378.0670008406264,106.1177295499638,828.3855560641551,957.4970313966913,206.1753438989029,479.0797919699291,383.7822696253642,510.9918789575857,534.610536585901,269.46322280581,865.0947891323831,978.7049515268802,571.0457283134956,718.5066148257791,567.4363833800847,888.4853706163021,0
108.06741327281821,577.4792770206425,444.44592912156975,68.32858367479,102.95503195708844,230.23394002958432,448.43325931947487,616.6683014587222,93.64289159887562,747.8493039639096,314.03256674106285,262.2917136718931,377.6987836679164,435.7277198448286,406.20578408925536,398.50357750524626,756.6389399616423,463.5326413107923,848.4141310446939,723.0428926383154,1
238.9651177661757,548.186512194245,854.4239630990112,307.3809370300513,32.04081894794497,207.4237174226331,948.9450446756717,967.510509827173,357.67484021531925,590.0984728434825,13.990137316815643,250.1134828354642,345.93126335906845,850.7365320597848,837.3571890142997,218.27225843669217,184.7907901434458,949.5438122776799,235.7831526362858,560.7132144103144,0
363.4323446550739,56.47618076970284,80.14545279338492,118.22568010518808,374.9367838929528,693.3823101869918,46.98156269598242,132.08025343917006,658.6508076391785,455.2506312637232,16.520042295803062,826.9628630898349,467.3540509622963,232.80766111802387,148.67957103289754,480.50208760275825,77.35702526618371,132.12942382258075,439.92176784513794,809.0250623429255,1
93.76311874988797,737.2353681285769,631.2705058220959,896.1682169972307,61.35805050797505,924.3170169724748,870.0330128063275,275.82195605934055,611.1231776971387,609.0677926705705,127.88615137074811,458.61278445135434,588.9821257430948,469.04834276835896,209.60739899036273,46.22347824094142,853.429323680221,193.66002470673337,309.19978518094484,690.588698429354,1
518.0628140193578,614.9102704307272,975.0306369996015,287.1363908403376,198.2920421723784,171.03621730540496,22.899610870666166,842.8634530051993,149.39543670921896,361.187558439629,513.5611234173874,991.4743598139569,219.34607627172653,769.9688709725311,790.1171373450275,442.41819692213926,516.7511260277759,828.338824157322,176.38129523705237,40.39233791927555,1
759.0778423571916,644.2245670391295,228.7872364804996,4.471181731120488,16.802091349577996,519.0053199152658,604.6968051877493,527.8300195994461,200.12798684413636,207.58174598411117,320.1003886691821,615.006342606838,373.8704897836377,406.5586455482255,998.3377711261926,956.7637831449474,191.1231278088189,714.4227270435282,137.48465129508858,847.0320340686827,0
39.98976473710758,661.2040764390929,417.7929240116758,521.6431269693825,47.76170216988884,24.509364390186473,624.8468292610875,144.89739991322026,918.354182310615,113.94496309327873,561.948720928435,81.94657156227959,153.0150236189186,717.2510011428507,153.51544248225179,986.8957566557787,746.5015078032189,492.87134258155675,121.08985199367139,282.1149788128543,1
746.8102234810277,13.778427939798554,710.63181696927,447.27112416545134,152.1027416062799,113.88042727136727,278.477510738387,647.7550807568829,488.4682878886696,778.3413049772618,593.6292904906948,464.05268892791594,179.60661119038568,547.409588329978,183.90571571093906,883.0986108359285,594.647505787121,584.5611942068932,948.9031214599663,568.4507408632779,1
738.4944621299959,612.4199022846603,399.0303098605188,643.8656891303351,893.5805818791149,899.7839494399732,374.6345186847209,305.6686951104027,335.59984721465884,107.0119659245945,211.8677494330391,7.635451018530581,706.3218708673647,680.3614733852645,68.7453541977101,649.8546491049398,747.9382806587637,623.1773734722296,252.83152144123756,353.80594749184814,1
580.8135546196762,656.8034819266585,108.06385471553138,648.2844264712805,7.66762544997468,362.92094109087105,758.1738070839374,860.199340340368,538.0151321706252,1.643596417569393,105.31010281936804,29.745104030662105,611.3332282476382,337.5203255239665,931.5690201266889,624.483574580393,821.9847135062868,198.4833873619264,222.28222010418875,506.9837171549112,1
828.2436105550267,515.1626970582951,940.5621514375613,354.19909293270115,273.2480827960261,965.9210223472483,162.75056029858348,266.32330905749933,500.1937223392706,190.26109885352471,574.758012163194,664.3019054891023,582.3907831167621,865.2097828196398,422.2827176500481,951.7708274932936,550.1930889827144,842.5263617099765,20.206395918859975,88.38051828843452,0
477.62616375174173,943.7117830925108,240.4663851287927,314.49963490048225,402.0861661054115,236.01002841724406,128.9548999108572,29.99745219943051,717.5718228094502,736.0143044043053,428.0115107923522,352.6672892038646,88.49622809440561,344.79939931586637,961.4378227557179,203.99312841352724,652.1794624475857,57.49414767196082,792.2869322246802,727.1406447698993,1
72.58547319475694,857.7643312927969,704.1855781683741,131.3858267639253,198.42325611065536,424.95471996486054,276.92499972655185,198.4671080964766,960.289029807721,909.2486064260673,647.6009718003203,812.9816024407252,451.08975438105125,922.5872821286827,908.100121786712,477.86144282630306,762.4148755096196,343.9091786146572,609.2876595089996,506.61613488865373,1
48.64132724381809,148.68529397988706,473.4453166176739,176.44012254799802,291.5342642659524,669.9775145054974,349.59525482919406,667.6323968723289,73.0716523259084,408.4182920796686,407.4466179694203,181.29901148772177,82.20663276385254,316.3063033681921,968.7648951217528,850.4264480808082,167.65051225139916,41.12513572268717,763.2881432859497,910.9657930316039,1
318.7184729364748,175.70255762722232,240.03224529063306,165.01099784043205,132.3051566748058,992.0903687763008,649.350665374618,998.4063035620422,95.42542773049234,204.29988617076634,97.19338612920248,910.964809199199,527.490843296338,592.976937291013,386.48496073978157,801.623699576436,755.1557369720634,991.5803479874602,610.7444384687794,865.3714488564488,0
898.403163700997,459.0734925992306,536.5537011963271,782.450957052261,301.94248074017884,574.2121332522822,576.2704695550344,489.1561738387596,638.9901913484309,777.5952996343826,745.6772696535818,308.7384182748056,734.2927311926045,444.65005276004996,666.8436962907991,857.8229306916431,761.4502781327329,316.8805487214981,464.358400679611,719.9680585120655,1
992.3773339947276,340.9058945177741,38.74597024287818,40.245357581968676,596.4066463513765,61.84576601295233,297.5163951985229,221.97120689534,61.273264866794186,443.9328391881531,358.88809349913333,665.3680554621411,748.1266464830052,78.1640383817216,878.6805396320134,121.05983007672272,506.6367814515317,69.13184325837041,582.8009954150443,161.5035304059428,1
471.4698492251146,417.28472191822266,484.2020365335353,666.1004652796673,727.3865796296872,77.94965347166038,400.454185811668,444.4507171702713,619.301566814899,216.288689334039,519.5608674702999,187.45249112683317,7.215079209632935,336.2784752810215,55.808201780944586,353.2517426181545,292.5041476975706,985.0426897101413,229.37861993111363,698.5226304468554,0
498.0917945239739,873.8501923208387,930.505580505678,409.9935378074637,994.9991904483971,37.77070654637138,805.2586721986294,918.3398136152189,352.0480281666961,187.22108853226604,691.6967044888773,828.5384478400784,609.5193851840854,154.69388996845834,473.80692307527636,987.2242891675461,337.62596578862326,836.2068401256684,319.5048869913646,872.8251952076844,0
836.7904149535482,297.13046569257176,97.24106209525452,245.9363379361842,676.9172155982377,142.24788821178979,519.8193184456503,841.6314164872848,781.7722690173719,372.8674673136515,142.16323076217208,88.52449956519715,612.0259721842282,950.1804254343674,824.7699122601182,197.86713256829103,995.4608546129326,523.882846289484,279.01766577577536,177.35618637501204,1
744.9971231027549,702.6647316288329,947.9181041237266,544.3369862638446,91.59907210483908,577.5571237008432,61.202863715049794,176.22300511512856,771.9834511866327,562.4224558863148,263.5803248159928,886.7030818073675,379.684824603117,646.8783384703222,886.2201331211502,469.3975561215781,350.64655519888555,167.79172826427535,705.9226352776924,874.2634495590115,1
122.37328705210693,233.95256145617748,252.6702150320922,982.4196253713682,277.5810644307848,213.7288505478422,970.2406210067301,788.3368582327537,42.60143997967314,374.6594919407422,20.73048944101985,816.6203231892611,280.95552678839033,668.834203267198,171.3994124974606,129.03578285248662,565.2026962089756,360.0369984366831,558.6197055749293,994.4401367113513,0
141.22502633171197,672.5953286104733,947.9315672309001,528.2317479184683,941.527285029246,994.6425248286412,548.487088825599,821.5717814152227,144.2501218858737,259.12069388522286,833.4489761471615,624.3648504723152,483.87673940901954,777.9023747782715,687.0291689090259,799.5923082136383,886.3223142950892,794.8787078971673,426.6367797510592,372.95317745608656,0
292.88973911169205,748.6362145465487,898.1785036378598,106.3315981224503,221.68986801590586,185.73855653287507,918.2362581514084,438.6081420833138,356.59712019223554,93.17651193191823,422.52157484267497,398.7181445490243,228.18727865385512,819.2116089597113,114.62793229775514,418.85481669145776,758.0066326933527,420.3297829419893,890.6605100223176,670.0553675296246,0
706.9968564746996,23.174348903791554,567.5329371497445,425.26206561088486,816.2787248193159,626.5775802862156,855.9440500923114,250.56506582546524,272.7124369459797,506.21830352828556,346.4832971972366,252.5366715304619,894.2504233495991,18.26785623918603,916.3603313934999,309.9908430867542,947.4840454935793,851.6800808060783,256.9192994552816,349.3187626163049,0
354.87046226978714,551.9632234462401,334.502751211988,854.3999708592531,400.33382741586576,485.5988659348255,283.47019355032467,68.15429648892024,761.9708316891983,272.67455836500574,389.6718711716343,32.422897784091575,228.38857661232436,321.7897780239974,98.94776754135425,906.680108307943,936.244652665996,985.8426162680393,229.73461038294153,54.130652491302335,0
217.88574080141044,451.13447238068915,754.5794817126505,757.9148417624908,749.9518509359723,697.7830544591454,267.34406514247365,402.63608445654086,866.8554523270727,697.4607604430615,607.2700077078692,615.383895728551,736.202799998985,169.01927945651119,552.1648516064316,542.0020940846092,726.8910651126373,709.3954314788363,759.4708495028184,0.00668738893849774,1
36.68532030945859,375.992558220654,454.61474901630726,356.7216005064021,985.1816333880388,850.0626416178477,563.9845165039162,444.5086060376837,150.2415517663338,1.7804312548893586,740.9240718939345,578.782258113302,306.55695906707103,66.35842985311291,467.96103572143454,989.9983668344885,10.934911417937343,121.16868138720515,167.34066704385341,804.3112881754018,1
547.8423756526107,309.72019316244183,662.830493625593,951.3769104147194,150.20563982076106,205.6240391707851,396.37226902427204,621.8337959110496,264.81078628783115,348.5424402049529,502.88299484542574,753.7242791627949,997.9556995269942,275.77782071101586,832.2289924830458,113.77131643432669,732.4947024588963,333.02695247885003,177.61596889769626,166.6424628621187,1
800.4578352311174,286.56850838338346,929.2656868518351,852.4868404983122,114.8159775878541,7.689007942106807,576.24884116672,459.84970508664946,228.01247704879125,837.8264943870848,939.6362669399776,741.4476177024535,238.6873894392997,76.5480445798411,621.395189921066,32.75163312556417,649.9046096585492,550.0510364216943,645.1082540849922,688.6495486198172,1
891.3313586502226,286.76169082684265,302.5606742077771,703.44018847723,202.4886179535669,258.8653801627251,382.7911052101908,748.5177971674854,928.7105949505836,416.0173709973768,700.9724380635754,904.8508924138014,900.7498732403476,140.2500171257439,954.0708406844869,289.68528808846963,384.92220267616864,97.42937143964458,433.8087449340149,789.1943541050166,1
934.4195176698884,528.9952518009451,309.11666055699595,602.8673237969205,843.2587988182663,199.51849767490526,278.710103270558,340.3979050463144,796.962318187858,593.7079647540696,866.9857689411227,942.246772554117,376.5969597031509,700.6275341217075,827.6748440493062,894.8532315454794,321.2338468773656,764.3079340732121,61.825756927685546,414.63560521835285,0
22.604047952738625,300.96109470905253,889.6922868033528,360.1380962094395,881.5525440023763,527.6440660541149,71.77615195760801,827.2531889777866,133.4828599801381,315.230797593726,77.99315559002984,881.9471457897919,857.6620668679435,578.8884649593386,7.020719496221295,643.038188781021,424.0495066838349,259.36610439569876,605.6240254401655,410.87175621766323,1
742.8737670240645,285.01988955060745,429.18068714023883,316.83534632890996,902.1767287321467,552.8892557047627,665.4644062067035,315.16640835436004,297.739396015274,288.412899840648,887.9049982967133,743.864879033093,362.5573203529363,61.270955089247515,872.7065603140204,474.20468394782466,426.66906855566765,609.2697088294979,764.4625832843292,599.4472339591302,1
451.0564989385478,988.5384906667205,523.1325387872806,707.6209004197793,448.1746028657716,995.7619281436957,530.241934360799,782.4816678998461,105.7312813656589,854.8822095717253,90.98559332489553,304.30245338585195,921.4795464455226,788.0908918779496,148.68423449634338,834.8987298410084,920.363527909835,149.44391141652358,887.688988947861,193.24811140701513,1
17.13693711305664,108.26749483479736,488.35041351610397,550.7245649145057,477.985978734868,501.4378028095564,298.4571815429289,575.7515042592327,234.90927716786248,202.17962812318424,824.7102960052028,955.6966740463882,479.90302944683947,668.3856196647341,729.1793126150385,26.91925112297533,968.2257455656475,576.3894794262017,462.38266704736577,600.5004101248261,1
194.4071564488792,996.3346065543446,490.7040173636557,986.2020611827145,774.5110786828847,552.7451083510372,983.0365758458934,383.30220621073244,576.1581642843548,937.4087421575211,582.2296772529813,694.4250054508443,26.304398543805284,664.0389062493439,284.82165649212465,842.1398196870005,512.4747040701106,217.77086666408084,704.6199005153454,696.7135159817609,1
479.0502712083593,221.8883991662177,791.3015059200765,897.4473824270826,948.8614538519377,821.4507664139356,29.374911087549304,653.4903785432738,793.0668984298736,812.6630707845924,229.58574565801283,329.08937189276753,669.2984158850172,630.7133660207558,344.81257971452493,736.7401390097499,592.6808226995353,208.28778594739583,201.2580708728533,575.0762491964078,1
543.908376051209,193.5762319406551,547.9128596786188,365.894763842446,891.9501885113276,775.6730970490368,733.9225114995315,168.31449143333455,749.4150693933074,647.4663884225253,319.7761153939688,806.7796723473215,8.355830562602806,979.8817364411326,824.0047554930389,130.93339624612344,757.2684677575924,440.13403896657735,909.1834103802491,969.5259093081348,0
934.1934461030072,412.1133515969504,705.3179081114843,491.8410242482865,337.8070554644963,724.2288548103946,200.80848350004067,674.5160747156701,223.91969960182635,357.1201666294251,445.84021267203553,118.19882165067908,246.0301884245757,316.4636815306817,609.6495097298452,112.81775459599042,505.7708382894657,420.9267852076176,322.91467376295634,422.9433876622788,1
674.4682308001076,591.3737576054369,845.3356996346206,726.1368834847068,239.4035748761326,876.6025110511486,393.728929969676,409.6920014918656,149.57922502392552,623.5600608290059,630.1243936851819,825.5265814516583,707.0304816536855,406.6393915841876,608.1283552874315,750.6965761219296,174.4665347680724,566.8643418564008,267.9388785262303,77.26543883842297,1
951.7016100325438,619.2518948403946,304.7723320252058,808.925645886005,582.7334865954087,809.1909373036278,615.2151274006341,456.2659361644407,33.19636990276364,348.81345794259676,99.2350660885184,485.8810151293645,929.9202438217271,638.6547818884383,995.237627401934,840.9822756699167,90.24942116846246,57.890454354477924,184.21386851873322,810.6354099896504,1
472.4469468673183,708.4652565871746,674.953037865098,471.42352948502855,75.06045604537492,250.58854642316487,817.7749277975848,218.68813407970043,270.3186775535671,526.4966307371625,482.7233018914013,936.0078884107286,837.4290679183165,509.482759781144,45.697681992929894,585.8194728713007,731.5609609792077,572.1762313707887,198.93693195251404,31.961525642216326,0
963.1458048673347,234.36141292847245,933.4404276731062,634.5280219513862,1.0987513922154912,911.7177722832589,900.9603736472594,61.16123892448755,16.647152227886487,953.810693874486,695.6001430209485,508.7052620704098,317.98102985300926,277.43103368040767,659.0303518044052,911.7584017697616,312.3023764694459,478.9674805811772,454.0043555685662,649.2778423777856,1
563.7375342458962,10.430550023986406,347.8756269362201,492.4222044066364,248.19271463613978,551.0453665182364,445.9254566817994,539.6768938105682,999.2311876599708,875.0443518276155,35.0561991401992,480.00835359643,518.1529206844469,642.528532825651,215.767078864323,974.949682547578,589.4356780957401,293.6088134594755,544.5716503726885,936.0725862873536,1
247.79500642083318,370.2880954852189,898.9337763490854,924.2767578233315,466.6909862804186,420.65930006094396,951.1071089990888,437.68313953492986,12.475332589647504,906.1758700599429,579.414471764527,400.8050166238705,418.80560863634565,674.4163431896538,920.411681254197,65.57628360853096,505.4713028357232,316.66809904123414,682.7344243746564,200.63797480291223,1
265.7228791221237,856.5356181275487,581.9436709324345,579.5716610014127,896.8222043674557,460.6938927681411,88.16574609114214,920.8750367802731,186.90535724152323,382.62342677875495,662.6446164762425,863.4188211621125,81.47069836407894,894.6638469974648,551.5511150364433,282.53430289538005,525.8609085551467,566.8321072056598,414.94727634619744,25.051104091653453,1
909.4430379104882,550.1012221011201,786.8214635134134,116.49464164054923,856.6918812122237,443.2396193556247,127.51376600028973,591.8586391280095,650.8079541966677,450.8057260229519,125.81343228559794,543.8802154286901,618.1300785082273,72.12285011981167,345.25139768511747,44.848694874676795,345.55860749872824,904.0621967518341,195.93158500643827,450.50216971000424,1
573.8772218123875,768.5343759425272,416.425546340217,249.75852253947062,649.4635841431435,804.3261073846907,751.5815485188567,865.2250981687314,645.4504186191579,494.69800807697504,177.5560474721537,299.0728709852476,27.726113498958703,796.315699360106,965.302014530995,801.0216351351157,336.5763557432271,53.82449177661397,369.6914606594841,32.675854188284895,1
899.4903592167352,289.4408238300213,282.8085171056278,552.1364912667583,91.19389674929434,925.3490650316434,963.554090338443,892.8277950159229,553.0739767084623,792.5735371350416,98.6112002312266,569.1404076480236,85.48892725030177,356.8290123314485,728.9783255947067,161.99501012313067,441.6806392228135,429.6688751884742,407.14282749573596,794.849660040385,1
287.4497527237976,411.1456920584796,466.808843082794,223.75279716392592,980.4359507327566,234.45825551261024,809.7372597192094,224.4942896975666,748.976470591416,255.10354482845887,852.098803464276,119.8540145212591,986.8667779913656,848.3191866038986,400.7542053812451,924.6494717994141,49.26130020516306,475.83498790738764,574.3202803970431,430.3811153110112,0
174.0924599829007,68.08420699727013,506.42741463167596,402.5325751160598,119.899484827105,669.0565893715747,531.408237212989,707.7748659154056,885.2794582438155,268.34849765644356,249.00547499051962,548.871567675886,997.9131815028383,697.9714775274055,634.9988612571595,969.4463519119388,759.9566689744836,597.8482272436142,673.197964678882,344.44278382955986,1
320.21066809283406,359.77753902594543,46.69087793088711,98.79951226452066,761.3871639238267,348.275878233552,492.2916559235917,882.5241496616288,258.00769869621377,202.6923060477297,995.370852219209,328.1493968649084,101.1425569703358,929.6612454869514,530.776887815854,194.551969222984,940.0459315821562,753.4250225115196,629.9797700843019,266.4244593954096,0
499.04285914280933,896.7723062374721,371.1892636414069,990.1231488981699,876.8095809801526,54.07337992502037,914.2692940915097,638.974929139966,286.13268318735965,345.2516917937692,312.8321710612092,87.52147173671432,732.8013081074796,745.3365018762867,46.42068387307741,231.41108015133972,869.5237692434894,153.75295076128725,211.07531638845188,340.1553669925628,1
704.6838310160955,215.5815036027563,504.16850486278577,679.7864376659455,432.46415973729336,795.6495080752172,41.03940347071444,719.6580616592737,832.8607936157398,189.4171869526987,859.3336299455441,68.91888243415134,807.7677558378966,459.9172527700094,536.0626170712069,978.1436433735703,720.0330011715859,303.4665037285021,940.1522775163,413.4078137844307,1
957.8657246908592,474.78113563469606,196.94800048919902,334.72763182994083,712.0898489788979,230.1026983885486,857.2839135778308,417.03807713421224,535.8307918051038,370.63140861756614,567.2575256241386,932.8373377732811,551.0280067441746,515.2550203121131,813.3060631053569,160.5461927565799,474.38592188213556,202.08761252054285,993.3791124376698,272.7052591315081,1
347.7625533204748,406.3073996481331,48.71404993375206,758.3157008094898,560.2760479652302,473.82149798003326,495.691547860978,895.032665307264,956.1541707985587,768.2113259346424,885.7439966840682,657.9369985566522,355.9264254330818,731.8795928369719,553.2192412776556,103.89671180373894,560.2883856037312,783.823428418398,393.1260094039023,517.4386199930151,0
484.7628919690715,812.5637874706142,210.00973016046655,825.0140697634712,229.7370463751186,197.75023042604113,207.9996601829681,719.7291771377326,582.5898951292353,980.5135458855328,753.4880708408722,79.56800712832757,287.9791093593137,907.3623797820622,334.50280759564777,753.6707930872553,339.0727229117077,88.62795590809414,728.567542101034,854.9168730035639,1
367.26625184635407,908.5436514512352,215.46026201304957,960.3858581290395,478.35547449641047,511.49296083242837,400.8901994424475,376.4512487914649,708.2139848501126,233.08242060576578,67.15197782869664,449.6498587979942,850.1197225323402,245.83431192212834,791.3564883752302,90.6877533737005,479.3263900485301,327.73660949642067,103.14438708826069,170.32784307180083,1
461.7472453078325,986.7398376390837,329.64902727664634,333.9855996002301,635.5616763822308,428.33496641039125,457.2528577472512,759.5580960695811,420.3666611812068,571.5997001158439,629.4219167862744,316.1526961681973,732.0747770467173,442.41976452997886,404.44342921389756,159.08491046793048,623.1263949814427,625.1084001753208,470.0407331157649,487.27328897049784,1
297.7138712085633,299.12557862558606,466.87185500038976,726.4306252068945,866.3288966714784,155.5144409765027,487.76414848322446,38.965111918729534,875.6753473610945,767.5411514801091,355.64549386536817,159.53027216857174,877.3784022067105,340.72914907885354,121.36564858944521,399.71224447510457,679.701150712061,643.1633441434161,938.3795070207021,409.7079331011682,1
474.42210275368626,2.259519333086546,785.3875022122564,555.9781782931922,106.70960681768061,679.6236496091677,511.21093306304186,726.1190403291952,725.1801500331569,317.20315346806547,367.4801143522927,211.36246905455158,184.3325563440189,313.0148253292886,499.65185419389024,48.39208673474849,668.5004504290105,195.5089845325392,485.4460550618364,957.0977590708536,1
764.1396649201426,833.0342779931572,904.8571397914222,157.34057306106476,808.0928481999078,567.5340248367903,669.9594939765389,5.923409815980385,830.969074024079,55.61296108865421,620.5358813014809,126.65306535501486,132.68545620107187,726.1838617884528,712.0501239969918,430.3685816962392,121.92811721262642,654.9400958766474,272.5705519160697,988.1970046095669,0
897.9643893784818,51.16817944935625,78.63102927154763,469.66390025084326,232.11342082028509,533.7349621631157,691.8503003841344,698.4276974662873,966.4373749022059,654.3413795265068,25.32767239998479,507.5933451064752,368.3811126238301,784.3461541229078,637.6281996911215,379.44625404231533,51.59726856194335,887.9245217498326,913.680633246373,551.0477628773168,0
882.8351238429742,530.833246590282,381.69183380432827,666.1205567260251,538.0539096963706,457.5043198285602,612.3927380464778,29.000839415615044,529.5756706638907,904.3774043125137,394.0718127683217,812.8426632579951,263.3796916668777,730.884268951002,67.41879866817125,980.4669722242614,658.4146969922538,862.3247676038847,983.1105750956696,241.82503446918423,0
787.6678815565568,298.5312734862372,331.608970640481,271.3085549029072,276.51560798282736,737.0828032122056,570.5360700540549,9.741303386353483,730.4602619503293,833.4788155518679,352.24006209586736,416.4154571550094,331.9650106053962,904.5768433799225,316.63278481173717,62.353140896375116,456.37325965375766,68.22501386472734,467.4853560033748,902.984459304675,1
690.6121893003958,570.6911788070815,734.6592488996246,743.0743480733889,132.2475940640304,66.37594707604511,320.50093177348526,463.92557794069245,211.73179255518693,995.0468384937536,523.2322745497747,830.0569358710028,715.0342448204734,670.2108454685659,867.4714036245664,758.8966977316148,633.8850992973587,460.0779235465183,332.79831055338747,220.3935231644244,1
48.14033997745326,427.5438439167706,287.01586997966433,329.9657186563355,820.8819862597705,138.3756746363678,393.0919166352209,745.7672123388109,253.33378914093407,738.914098627038,186.06334995664497,454.40548900900023,789.0609319617155,873.6360486537117,480.5074205931905,613.2078543253433,665.1405190076117,946.3781621481662,316.79100539296377,700.7329135057231,0
767.3892195037809,451.12246097937515,794.5516848488326,565.5107199810056,447.4735559307962,740.0270688259221,214.36144597296803,486.3930821742232,740.651864764064,786.0575532310601,249.43765317750044,911.4178344086263,314.8261134814787,800.0953799743602,308.2025632735216,739.2857114561003,777.5252706511983,876.1359362000014,402.8903724526944,783.5231030549662,0
959.5217941642658,69.71136971655933,185.2444282347362,578.230435880418,543.3612219558569,495.78914900319694,898.6526378646007,354.4239516925921,799.3160522354207,378.39395285443766,674.5870685815996,10.70627855123818,285.46958912052946,170.32691596073857,75.55127736072676,930.5989916342481,233.29904972063233,476.5733277756853,777.3681615614099,898.4057108562075,1
15.69924969133696,659.7680484621195,777.0504582881578,952.0731678298226,329.50396211832947,687.297401394368,50.36343194498316,281.21073882108396,279.09131009883106,160.25855176307368,903.6858384202022,970.0599082725727,879.7817348395535,672.4979152976069,768.835809124433,710.8637003187445,937.0372206698643,240.9896988242034,967.8719059192598,351.1465565807729,1
200.95503407542358,189.1579490265446,25.152166292428223,61.29334271425124,271.108812819967,559.5402517301999,995.1861518560114,143.84580606463894,748.1820376194817,468.6307020153836,117.69931893775765,362.6397429287787,757.4201532707714,654.7663008327502,339.5868950321349,359.53649514817465,744.4114630706625,336.7707696284834,507.04466258572177,284.15428615849214,1
281.8576578023022,637.3599579281715,796.528906909727,333.13264900977504,612.2094175637545,521.8971769594277,166.01924319526051,420.6715773042543,744.180992160905,707.7868902884716,791.0833037752783,816.5139006467587,666.9575548717432,965.6246605977517,514.8244036569347,77.37008904652687,878.0013117705689,640.6164551651868,72.60852991000189,881.4530175997717,1
533.6105617059867,642.7523603358825,836.7980888612966,184.4590348479187,351.1137763599098,100.91402250359161,480.0706362529602,96.23809606610922,311.78947910239884,107.86040371389349,424.6940864510895,664.9146740931337,217.4149508254437,68.42630301326125,764.542531558916,494.8408068547909,310.33667983631284,815.0421851557796,825.2706925967856,631.0762966388864,0
982.047979404705,650.7924567462926,88.23019935506183,788.6372286619256,132.24499595957374,169.12179935110026,671.6178027121564,569.4715947617186,600.7829895128447,824.0859580573042,363.60029541668746,983.4521133386173,812.6218853622842,233.38735358554308,963.5828322132255,455.73179911851827,623.9483425019791,548.7246450298887,251.04840881159308,292.1734076644905,1
813.0698053795242,696.021848488554,492.80047056217416,612.2722566972457,76.19883665656313,572.0859289567908,590.1558802021161,11.565550462562246,764.667046484788,326.2192231876382,736.5363527274314,423.04199284591414,155.85595137170438,565.8800050511493,853.6955789514177,596.8697280086325,974.1477832378595,795.054128914337,338.40972586581177,245.99645520248393,0
192.1177418576313,962.5956369852698,165.20037908430817,586.6445049111984,518.4937303435667,185.346810533636,446.99042037126026,547.1284209880023,919.2046257651959,953.3964238551175,435.84031677130343,463.0740891443952,777.7507801698015,356.80638904498085,41.9334239122624,484.00416102071387,598.5667267555834,631.9624427420389,89.59655537931177,469.29306739330946,1
742.371996471691,634.674321830143,424.5167743440497,832.9634260309781,634.2001284860252,934.5544798761562,359.2628333352629,451.14150870021473,37.524441287002944,204.19007412245193,187.79198177863952,61.93004179228079,232.73346663936877,709.3346179177001,60.43324540594441,6.6730549566099695,944.2453102521062,954.5176185224923,512.0325903585515,552.5638757288588,0
545.1893023352802,268.96343690687416,515.6782428374734,860.0048523997707,160.1099472184302,75.51631635515577,648.7293434503225,805.4213210998994,340.24969605961286,600.8242710864998,471.7135815057073,296.8780517451558,42.226416416772494,378.3106053656399,22.43462077895575,809.1957920376294,347.74236849304896,1.775071039861742,165.6286973454064,793.7287030599193,1
948.7525527093561,224.99344310385217,719.2829765587243,817.2126410558027,623.0353986906448,456.1127242184956,342.5488859711848,64.13157542716186,257.74131603008357,519.4604983013348,383.44822647049926,476.0893943636199,811.5282912516219,985.4292499750295,288.3231024701475,666.3758390661415,178.59953099342775,281.0879640116091,215.92930382632957,214.2380224721685,1
713.0783285939838,620.8442338512399,298.0798914949796,191.28199183089322,610.656766888413,375.6525914895231,542.270790161786,104.93498888523511,637.7840438051305,207.54132188036567,984.8692509681788,161.11176158836838,821.7567105887838,849.5161659118745,333.6122572226473,666.3943531909072,879.8538640229782,456.39161902140415,780.4710905780329,673.3708313903752,1
298.44956314329676,809.81997653173,147.476514698622,302.2291251896553,655.8454586474488,692.3370267150718,988.2592176159235,997.6624170140062,245.0326960826513,638.8432711454832,649.5872475646457,742.534769410844,725.5731234735497,455.0485971263532,930.2426951972915,217.40441424493528,376.9284094415988,115.59263261328002,945.7048450244465,545.1615926088743,1
172.72138680820848,700.6396540500604,750.2042562458827,578.3685475486326,688.0700984040324,849.0817712088168,126.48309999206109,659.7647416772742,575.5055033986241,76.13870198035933,723.7849994477358,13.591934827127726,39.458279605535715,985.7313945770488,355.5901159777486,15.649912828429313,95.01603893810473,771.975269578223,380.6806976278235,90.04384096442175,1
984.504390688974,668.9783998759884,219.34534442711762,324.23186055184505,761.709232079585,49.189958698976575,492.9907255894063,602.1761848053484,487.06888583964417,842.8141622133351,812.7902463261744,899.9289260217568,352.79501196654127,854.8232519947181,191.42933130740525,338.14702513276416,234.6683027275923,500.35263603781044,148.39905592667824,432.26543984974643,1
0.4515497323888118,544.0573523399928,155.50383413113954,488.515138835924,394.22182331096235,986.3975608439036,447.7222237557733,176.4129559649813,939.0114524999175,106.78424409637921,211.42201856460042,646.4396989966025,97.41691459435353,68.2962516811274,57.139354614737734,453.041338873413,247.27867557853668,364.1026318396007,135.0603750133187,833.5874266221307,1
554.8634544615264,216.4870066811577,707.444162508742,451.1287318663597,161.31950632334048,663.8558607304423,794.1548789994414,551.5912080811523,733.0228650946929,333.34259845442426,596.1282441861374,589.7846746243672,549.7785534639004,173.45174193735147,400.45512221146663,624.6728981696783,848.5756101490626,405.2960606436722,856.787712325578,752.7880102201196,1
327.6930135517979,174.9728286412866,418.1308200497151,21.966213992058226,108.0798591918205,156.19539929068617,335.34755173509336,824.7017986408599,3.3199349188972604,417.10079911462674,794.9457114710766,280.4603912659571,3.3292448443900113,21.364898163610093,132.44152706182533,580.5760843864289,999.405411561285,933.1975108656104,936.3086421833236,739.949132936063,0
521.6075705844102,837.0907504307893,696.2772183979705,209.24579769800567,810.4983008368774,728.8225567117437,297.2829447849934,990.6862585211519,362.88883956268694,729.9208064678036,458.32063577687745,694.3455943431319,566.6437632613548,730.0389171661544,806.6517517420945,203.23550700486726,649.5074313123362,212.60196411910158,508.40932489851264,268.4368578405082,1
627.6312590601142,746.6195702649838,856.1813664758511,423.84017914425976,805.5015594417597,231.98036813778333,411.65679927602196,637.4103815070524,249.37244782359568,110.32376432754599,918.9033740171942,569.2600781317533,182.74523080099115,10.934382456188164,602.7803668698155,749.9185057183457,131.22426302490874,783.8743553200383,287.45056944531797,415.35552580555554,1
878.2597662925864,32.41903740187746,502.2283183297879,167.65869944942813,327.1579809832603,525.9906849889716,735.0528133474096,217.20215474366776,436.63962420615974,436.1836285639026,407.62944925524357,228.58190456913707,896.1905100704884,626.4352141994609,579.9727353625302,304.73110931579174,674.6822968651121,848.3512278200773,679.3453397150064,940.0999885526676,0
297.4626748880621,916.7379120379014,479.43113035887677,170.28239430045278,850.9990370588717,108.63957844684424,965.905753733535,350.7272169392074,615.2666098122619,514.2145355370843,383.7262732012987,105.65242809370712,914.9697913579583,266.2718217870389,13.387821635376774,722.1588640758158,445.9982037711049,317.7233327253879,679.5446036750211,123.61088285306909,1
651.9713404864452,479.39942535135594,76.561841462224,146.1377967919454,967.2634627245726,542.1246963435309,121.92306412320897,92.40793615487442,945.8739927088358,279.5239638742906,384.09259796882156,273.2116214495155,345.57613918805686,956.6291406010552,865.2972894560932,453.4510900446632,804.1001070657799,284.7008268475908,357.13420233902417,257.01824263009854,1
578.3759586858664,778.081868860821,765.5143242864737,642.2802137893278,221.73400902181783,37.86629718966494,819.2094112762106,534.2648547961996,820.7319325303508,486.75892058547623,573.9935639293694,904.6774441610467,503.37502653410417,234.29094202273748,373.33337918437724,234.00009500387085,697.3318859387741,964.311108978623,872.055783027792,805.2641393799631,0
368.92631369699956,974.5586484883437,276.21967223269826,267.4753024193791,368.49769812814293,834.0998687073061,647.1082496104951,403.5372921190317,899.8243367895125,225.19327997119476,227.84594242584765,122.02806768041118,360.6145732341106,163.02467129298392,954.6975638927676,25.429676131394242,134.31649167251481,361.77301882738624,364.06528739653174,613.5704058569579,1
336.33823256293795,406.27498512970527,13.948691644498968,955.378613909303,163.56306916151385,73.09442836583901,547.5856540738858,438.71527585088,395.47197407629864,316.5910657453963,830.4665529457891,96.03230871175717,194.30647954863943,855.3725970661546,353.7475156797445,792.407465698654,499.4388913118507,987.5783716877887,113.4387454418938,884.2800697306437,0
673.5523454721633,908.2576561551028,283.7911529078212,456.4205551392477,454.91599802142656,117.48239210448574,711.9580785328524,172.09134266078962,326.21298387158606,535.4276562173033,425.34158564504753,380.92361374887105,988.7134553845796,805.5061709910038,662.1339295522996,198.25907437981238,185.58110008618655,596.7626684384942,989.6304405624992,957.4318759359484,0
973.2618665128845,537.0299567028526,401.9561464517828,178.83405242637264,359.13372985876856,695.2848538438578,103.01717096933538,817.6570833881583,40.598436589239896,747.7627428464675,157.95098261938801,33.58413519794645,574.2684815595181,786.6462590759609,48.09547276814363,529.28233236636,339.0990466839765,56.42737812349574,91.24002971188983,403.8060280586534,1
874.2064243541752,146.4842813880366,256.36816804173066,118.2146978538694,428.98730103975777,501.8244915748926,654.4375335758054,790.5714657288801,437.94294728131854,401.28404513331526,292.7512652110651,702.2000964825694,84.04915761543441,600.7704886116132,379.2069685368927,412.4125013869335,458.04410656613993,866.2408610180038,313.51640369950485,886.4571007868011,0
300.76294045987726,674.1530194217481,766.9155726553404,983.7709321112768,445.026661703648,538.97588079507,151.64211339919342,512.7758603755867,863.4971562286936,610.3177107213024,427.05285075565666,991.0587367713243,944.6146446627566,189.3172951081048,395.2952388599864,599.686550200112,719.0894672659246,620.0068544339148,290.97058207479733,545.5577784734593,1
476.85421835709695,657.4045907033036,676.3422836490258,559.0731892070429,809.1819046103421,831.134005759359,51.9340398856849,31.175645964585552,532.5148237554984,462.52845005406084,931.1394621875232,613.9733879668935,244.3544753399215,416.43625312335774,106.61842045526615,372.00275702339644,62.38482705767634,431.4331808942276,783.5446818913534,526.3285716904779,1
956.4434399176905,860.2179011087655,43.23138856797326,847.5317244023795,55.34669962746375,307.80155700556077,523.9901029564438,914.7082276484697,828.3177022554692,793.7297564201094,384.2101248617966,50.079832678310176,83.49132572234808,467.97809821267646,23.348550736032703,219.2745529198056,272.9495406227208,190.1808428149139,689.9963740335864,777.7274473663115,1
746.444290537788,939.3919785043636,858.3507238431183,333.10575122162123,919.8330787817983,634.6798113873805,29.221162915097022,217.75144054148066,992.6748201583687,20.214438871351213,782.9837005764704,628.1163721204495,142.8212993724559,492.8897008555113,561.992882706828,401.1186459326183,483.12567028787976,95.373705497527,144.1249570020753,112.93305556500056,1
26.649943386209294,772.8165461260088,606.20687931827,424.8775326277834,235.69456712072247,421.67327310988713,482.6368274613703,253.48965723494678,117.52512025810258,52.116183470883314,596.3924994942115,889.3391651431358,899.0244517154377,524.5714299221673,165.81709606651728,987.596341914243,591.6782154722416,19.521973100384173,741.296969735074,941.7797969630001,1
924.7221536691769,323.00241493327997,907.7292669301245,652.853640690225,208.15571298026848,272.29900047562927,73.83327494259373,595.2884679220552,99.68530046326096,992.1210969886994,135.64844115196905,629.4040591402576,396.4445902671394,42.02355469905961,655.5727864589998,370.52892724204514,359.8958196216463,677.972156082682,417.1243763385366,662.0844280683308,1
548.5308361727958,827.2699163486934,602.5153807459175,811.0074231161548,561.4586344473229,436.8192287349346,267.712171028866,525.5459987060334,942.4299316293931,206.22140010108947,261.52193322924546,3.583569643147211,38.525182940516764,532.3490879786518,984.9269858719438,789.3763631102812,377.2550575515872,770.6712736269762,592.2838233970277,16.16637759269457,1
187.3109162929234,365.2319527213187,432.19060143430164,406.8386080683301,23.685115926778355,846.6584716159945,735.678304968031,741.1734691503427,496.5416598784982,329.6838745681697,852.7544911130925,478.8686001137173,708.3280794724653,455.4605525038511,281.0723989403908,50.89655612535127,271.3214940348859,919.2232527814332,781.1104291144427,152.65363423149813,0
4.102012607458128,988.7984767620674,278.8986800265505,174.7509030257498,435.7838736753177,844.0510819933751,85.14230857592875,646.3067777049868,478.1408925015782,503.2725575024429,707.0218336783106,680.8991373841285,947.7645287687936,399.7212965663033,398.5212156988245,674.3247224410687,70.35240929504705,885.2530884945529,743.9664541658881,261.03399494573887,1
226.51523755631175,752.2676874338009,712.8756969762953,256.9977515304499,701.7981027012087,774.8413317958468,59.72603833889778,41.56283480573486,40.14383585431847,654.7136762386673,44.01977606315288,608.4848561208584,343.26454679023533,246.2514114130686,750.7040496288528,239.38006702893856,223.82186908017732,79.94312592584396,215.2728227312317,412.0913851228906,1
235.6110670740793,190.69829703987162,740.6268191470754,458.42308945226074,875.8959631760731,167.45503035319388,334.77519668132163,841.3700873855454,289.34118831152523,56.117160568395995,422.63902887863236,377.44245577764144,675.657851285109,248.54363089610055,905.0998237052289,765.2090368959384,27.011224087967967,466.40133104170525,58.506933009894844,651.7351159666398,1
273.15894095125645,805.7847309390683,80.23446155336767,420.784226704908,84.84865827681054,811.3208951578146,83.70801149753926,149.6795197530354,698.3041195796824,283.4722509810045,524.0310913359081,27.00630199961951,415.94739096922297,424.11080453900075,193.49103882892882,946.6229423828546,737.9450306249738,704.1992096458005,626.1261297180017,623.2479309548371,1
783.3174899784512,602.9605269928004,175.52606276192682,111.95923071792835,897.2910031272821,577.4668254012665,106.63218265401797,978.8763402673255,292.36513469272893,270.9120895683848,110.30408007762816,530.0867708220978,797.3235409210236,686.3940891161783,12.787628518566073,812.6089595592267,248.6166511754153,12.38567834409654,216.44726147808547,55.614193499585404,1
38.9640836036772,206.19664910439107,321.0457251869263,629.3844175322577,871.4661519418582,752.9806280822082,183.4474952136107,339.7033859388537,721.2115880001705,728.4928045767919,621.9607483673411,503.4467998770189,187.52837311155866,658.8468938325252,502.08107843094587,171.8631102023498,490.0710111469693,782.2498555838531,661.2437177732135,690.1416410063049,0
176.76152936360333,752.7796337525792,162.0366306301504,486.8020027426193,638.8527967583788,20.465214764487484,57.63876822377867,479.58021340947664,446.50903176453585,398.3084446109085,199.4980017263649,296.40736919954804,206.7001292832288,98.9802556035182,711.5562039322347,701.433630111224,934.2176960167294,775.684921885531,155.21239897164384,724.7787296314721,1
948.0229883616047,447.6099350501279,705.278781727191,889.8314628377893,502.46896447432243,514.2238921859526,860.4002252204722,470.09711900232566,222.25414955137978,643.3534737087796,484.85613022062347,375.0098260191952,799.2325695677181,116.12915331360884,750.4953385893972,777.5488106268584,186.08220155986777,159.20520111822145,255.08002259772832,803.1738147461349,1
293.4491642111341,846.8636206465638,822.4568115713365,57.575381627917196,521.5274769884566,340.85867717954557,495.1727701509542,319.41048475696977,45.55008010382833,647.5308233852481,455.0986381219633,752.7222733935029,304.69238925227205,905.2735719008492,262.2952659667835,513.4376750410601,922.2161445252738,706.5435072106358,89.85182279431147,192.89006599527303,0
548.3571152360241,790.3984011900974,66.72777830848575,949.1719336202863,843.6249734970843,324.4268611130391,971.4326100999858,878.9438861478787,919.0866746570218,218.6767829681634,944.6330250857984,777.1165947610862,317.4775399072982,582.3991144913082,918.632003249808,499.2816459124295,399.06020850283517,406.3564833421486,647.3710287174822,622.6237355853635,0
954.4664849712394,3.97984643867233,907.1143209785254,585.8737631391859,241.2298080125408,453.3081664859181,144.38935366394225,409.7598646592164,653.7277430161031,167.53656351167157,335.824045950987,403.4713741343021,180.97699088498908,655.4531364274309,928.5779753327434,763.7666394501673,428.8275942914577,829.6639681257038,76.66556736507223,126.33179914082271,1
453.21336821851065,645.3190496272881,316.87045266204774,813.7630190434758,382.66500213413644,453.6559639251723,948.528907164066,41.978052463395144,81.6656909984722,648.5459562947059,23.53788388297806,164.74026112902752,551.3783484809494,175.19839592031173,236.4382533538457,578.9261623420549,529.681394752944,334.12454234895586,104.52508992167442,689.8455642992528,1
402.46935988945745,763.9461718109025,643.5755782275861,516.8172440587894,966.5721986793875,174.33857996619696,203.26674931591114,402.04794182333404,750.5421849608588,862.4861005559827,406.18827175203086,798.1354403184997,546.2054795626158,970.1647685233555,917.8599705080946,89.81650362842797,603.3696322063597,674.5216260236846,19.558723193543905,188.46839114280044,1
338.10905941614686,474.6056649578372,396.92772335957994,182.39205162737116,504.4518546289266,632.65003434652,239.93141794733575,176.0640106390805,200.77704898695248,502.76102374355736,284.04983572543387,198.44252280836906,360.6809060060017,125.66064430071845,319.4227081575868,382.7140009344853,56.10367361117863,124.38494190450578,70.08630821224283,979.9860494323689,1
526.2353455888076,383.2616203468655,773.4123307382159,697.6381620426545,760.3316295182916,564.1247162040792,47.8290624283576,690.0475143257098,461.68518867224,156.870743280759,702.6254006955413,814.1651629343381,981.5069911273771,940.4163131573837,536.4434170252607,982.1570247416281,600.1597264801583,751.9832172100269,16.735777396932217,144.36616212912156,1
407.1905800337229,369.24869764441246,577.7233107114464,218.1229728994182,667.6060233194358,287.12968150655826,551.1679337513762,463.24612426097565,254.4379241613044,234.36587139510178,908.2866668342983,954.9867599926432,374.65444070999723,942.5680539684275,782.1834448604754,155.64314724108863,30.573240788562384,223.98290365325678,485.1135290574107,162.76912499486906,1
612.2146910746674,131.1903885859621,832.7535095988799,273.92939115057015,668.5597083094672,459.05290261017194,41.24696993237465,191.73283119864493,903.0266868142966,827.0107943705215,541.596135176189,391.0924350469157,190.08002522248358,995.1889518846074,281.88470017957667,48.3827846815128,235.96292409066598,180.97138335018502,265.5451123092936,38.0309847832736,1
804.3586511046111,416.7907243479403,381.0710449697059,85.51849912653687,622.7007193816378,794.6419206594627,490.45382760809906,873.0184259426975,434.29813339307765,930.9220366806608,604.9629678604692,954.2278817900373,773.126049590553,655.1671238167395,682.4234271761605,957.0438669551727,501.9677683189294,922.1055366858276,420.70955345169426,652.1589465299787,0
621.7873655619575,731.3690509659943,536.6790620653697,376.3077063131058,60.352646491116715,429.3083375680813,17.432108555504477,662.5982904940699,210.77190696839654,231.03690145065804,936.27493309943,308.7856156254778,865.8858345532772,612.7379512032602,542.9409234740139,110.03715551954197,837.5761661407454,802.7906437552207,909.0523345671455,721.3231737976506,1
698.8951142917545,779.5295327597486,173.3386399260246,806.6818722370407,175.69440086855647,500.69062333991786,800.5010113626097,35.20460770343181,172.11066657297934,133.3618555023882,903.756494057016,675.9930641370202,186.52006537878262,107.66029461087479,654.9677689338922,50.06736440413828,471.6086882262648,772.2160753739229,192.66647853054596,174.77926674426314,0
266.4347950544017,205.56784911234027,238.76341808150326,373.69198956786096,275.2703784574155,312.5716665863422,406.95359821219654,196.47389334998556,10.893836893399511,487.6501102395643,293.4344957322662,463.69245256095337,429.035402338354,160.98229228704275,960.2580169892632,966.4271039793753,397.3548744067562,524.4533565343734,560.0438996893762,284.21653697828555,1
668.6301416450111,711.0889100078438,249.20209530863735,629.2476196598964,300.0003020529428,8.90004915339837,22.04120390983455,811.1493272886374,950.937816760774,155.7897107134114,514.1447597490115,343.86212803021334,753.3369147353237,129.98010839465525,211.82443728528898,705.3585884700458,124.68785019797136,631.1434427547775,333.13194865576423,489.2093827892178,1
714.3937916462276,450.7610804308282,580.0520507030495,331.8107359152246,285.6648841865844,657.9733682075504,567.2328084287135,71.5792602113987,28.598554986238756,783.0823141428131,718.516495779211,171.32715951389076,156.19111966998688,88.84198019798295,624.6551895963042,969.5356025315284,860.1309368460678,350.1311768083657,816.4398458358786,647.4833341406958,1
155.87615618402052,290.21247253746907,409.5653784260782,112.02524408811377,565.8397237234716,371.2518513317956,50.18258020015453,528.6916190486854,464.3222893156721,430.21704604287635,307.035301470131,829.4798151289334,324.5981098868087,576.6218167125031,243.1850261343821,122.78188874466811,828.2156945216351,59.99581853964653,835.9502615941528,593.5571257284955,1
450.8267323226274,873.4602423110975,182.29377969566463,330.96412255283946,696.3895311350892,889.0698197499495,817.3639976479279,664.4301363525959,573.4433896947831,609.8803930268276,245.06355680694426,612.7079565328488,579.3205145866174,550.2022726692913,229.26355354362383,198.0601101021634,530.8612845737896,329.2995402362915,905.8025980972333,494.0885631537638,1
40.63469901875494,921.3004609593079,792.55193993821,153.20972135338627,150.50340961838072,350.3138414134961,453.5528862508512,745.274144068698,106.46805295793061,339.79688227607176,862.593864151758,115.15905228906497,270.518231020877,387.0200211598912,100.40072885365791,615.811744757069,467.94754735200695,102.58760656536737,338.8345114023978,73.72553724186204,1
285.49370212302574,395.8443162307481,976.5808921269863,550.6306010201585,114.27221221378703,412.55049574295646,904.2675780865109,557.6985659533184,933.9101911177228,347.09722546246655,159.06667653546958,865.5399666241337,788.2746898798446,675.2576126718116,100.34972009098664,882.6948782407452,210.78833692291,608.4834274116192,319.8867107523662,632.4446602592627,0
585.4637851996166,291.1619581785445,697.5569808387276,718.1419683517249,344.4882817212237,337.4785221505847,806.9674713404984,1.7239158356976425,769.0986206192753,531.7734731185625,785.9797702531648,426.3007865924753,574.4178662014804,375.40303724401025,954.6845884821697,840.6656640616384,241.35649576536656,527.5301832650166,727.5134894758112,697.413023264969,1
936.2753319570656,82.08664296982437,759.3409978615135,516.2934075850908,703.1986138157362,991.1655908340102,42.71908712268424,139.39915905251942,783.4989948951234,714.8900701129187,522.5109718408373,642.982224369628,788.9074259773089,181.40434487240387,752.8346816430201,643.724256817114,29.539046927997802,3.7127742016239695,949.3780743104986,607.3693997735288,1
841.4714700116733,948.6462037311885,857.0109355689145,559.0023676497931,513.9221431665039,935.9390635863188,73.67057595011973,937.896891678073,295.90040383067526,748.6553260167999,751.7358392256439,951.6478684453134,437.46233385707353,622.7426546074241,498.6803642656159,588.8315185215812,964.7264135443501,198.89121307907953,142.99674587317733,16.718194712789124,1
742.9444173300583,591.9126149620632,391.09027549961297,788.193346139984,751.915115068127,563.8224573330159,402.9797309930582,695.4585806569729,835.941991586874,355.47889281926405,25.561154140399832,20.806075452187265,438.9946253893372,499.70672887865805,436.3351649803415,1.5068916738414373,720.4588964236254,45.50469296612425,778.2480440616689,953.2337284588621,1
157.50695342816846,397.65400777076576,339.68655364196223,679.5097904937221,27.262469920903087,295.0932808567178,386.21597383961614,25.985579774645995,483.84708762956706,422.2629668465484,911.8679246879229,535.041268601916,956.632149170306,185.4061903497416,331.39500259432117,967.0899205150806,890.9380636469048,654.2433132853986,707.577487601728,72.50146335737494,1
607.9481075272563,3.516386385628012,842.9009862415386,188.63638699467555,858.3966326833703,656.3808007413493,509.711222564694,870.5610869114769,794.7679935855813,477.5984568151361,653.5782848515554,615.7801764269074,672.4157868566539,260.35392192917305,919.182168031571,673.9676016377548,769.998574650952,184.7578591513851,375.06499323358224,378.9833486154779,1
333.2478085829008,674.1867166514236,444.8314882275113,712.9270525073898,546.8470529549228,592.7105299828394,167.00059463890116,743.262671529253,772.2660380841947,432.2971538380056,589.1379590483365,699.2101819983641,441.12682647462685,889.684848327803,887.3692357047838,443.05220500854404,730.6128418114189,730.7290206207792,683.4945695013878,671.9722553022885,0
901.9988500642042,556.1891617391135,984.0346404489557,112.64911266630962,40.62749949194377,639.8653190010775,843.0381081411933,916.9569448977333,769.3220426635338,295.81665507913414,994.4734073060476,222.05714682765608,515.9994134747006,963.5751204122814,132.76019425647766,934.8268792153588,206.27659746802252,694.7979320783347,976.4133541040906,664.8422086422294,0
222.12274466688976,879.0745314475492,122.7679056952341,858.8582431371137,85.45348861141544,725.1567683572897,578.4232037327486,686.6627674390913,617.9422454363676,344.73978780345107,366.48503777740194,94.08489705075596,851.689176687166,377.7895076881844,694.0140905976004,846.5003244612901,329.68554730718427,677.5635202108444,47.61579874783229,616.2734885665969,0
352.93596913267976,720.8774673684165,815.3353213148537,866.485534871613,296.94257673604983,716.4489056675477,934.707352826244,379.7122545511885,584.4776299739548,884.7718037993299,330.9471394272826,544.1746198075406,84.64496805022836,854.0050425138343,558.1430028642021,260.8683828978923,229.78426716111633,868.6398941405417,800.9824888501296,305.90371083165104,0
483.4381296139911,965.0953746594898,69.4003946367,244.80643571318194,433.3019672422175,58.06877554351808,959.5721126895708,489.82890191999206,615.4623154239714,761.0807115126923,375.91895306254366,268.14851798438133,777.7441302636033,293.3002945540165,53.3979709417729,638.5558673877488,186.8324060342611,158.32118155155305,573.0717681573464,231.74370546509272,1
112.24093463438601,174.91869469098097,420.38190002347864,100.869730748119,148.0539025683425,866.2144896647998,694.1003804573431,540.3789674605708,263.02457459998607,258.0672924215239,335.1535561478333,525.688065026763,212.32747846308385,445.60446949163,498.9450594326549,421.3480141403035,272.721595073547,109.70732512539439,375.86393612582015,374.033829479833,1
524.6082471653091,680.4623756418317,0.3945143398481621,4.387340551029628,418.8661321236433,105.93108152702901,591.0096224579734,956.0515132320364,529.4145412596666,996.6740010518529,444.45120375427706,929.0924413282428,535.3498185698843,461.06232016387037,984.2913435890282,514.693829257735,167.51441335891494,174.71457083704212,622.5633105456693,443.7901719782592,1
142.4260058846639,25.678254222069707,252.88637233876466,140.72504238376825,695.5722231347252,914.938242668648,593.6501985786723,307.1003243562267,597.2290940154177,173.67662922376581,363.3373716522491,478.3864888792219,738.8374326130861,795.8180756363571,790.657310155451,24.39075073259922,541.6063447906771,829.7997500355876,482.37924796374523,209.91494313471014,0
456.6088893123681,158.9815998254298,658.3441449367042,896.5096226294401,830.2808028256651,15.640364132804564,824.2753238576595,204.46339699747062,429.85043547238433,850.0053554477474,699.3838825833002,575.3961106759261,445.01000547663574,245.94591284410373,959.7922239854561,859.0799815740111,293.43123455459795,564.3898663712455,193.2883605442487,898.7714292976996,0
273.32144736317866,226.93118639707077,117.86396386550224,297.7631251385203,414.7990256313215,960.9079394647212,970.4787136288204,751.7130912540963,351.1485136145623,577.154699928889,615.2240441803111,844.3727187870096,899.0533529083398,419.6536468485772,907.398686838518,542.8476067464815,591.6624038742708,492.34956785671625,106.75262218103943,921.2686798712556,0
223.90002520834707,366.830053418423,471.54483129424864,65.03929078851944,623.1664096365845,790.7640917188472,720.9597439873168,97.04747300385641,191.77948982398362,555.7459154163969,663.1035784633119,743.5163187371668,520.2656742030136,198.81007836403364,941.019117358242,579.2348584798553,720.054340486272,412.4249854367424,447.5657313948043,892.8437866782832,1
850.2958472231762,989.4545957564727,916.4306515052965,432.8584412238008,342.4908895264046,732.4968282831533,827.5930825783198,150.9409159065719,617.2991500695803,199.1712867737153,510.73591692020847,521.865433450371,315.38379397696406,733.004611878455,801.1998822885695,837.2046494639843,624.8116626934077,700.5922645229748,581.2319033187433,627.6619440603218,0
904.0158724070038,92.77364235303232,984.4195628611324,818.7741910916254,254.32522960372006,574.8344644833907,479.8070358557245,461.56034738354344,885.6298943287255,303.3248721462305,816.8839199948395,32.04468907222802,138.94915060439672,450.30585241845387,726.9573656298439,656.5524113819841,601.1852259477382,8.334119160493092,495.1979298644192,616.3342891917844,1
579.5996315443368,918.5603281184225,296.9270082748373,780.5495232002107,268.3787125860049,934.3649310088093,441.7084540813898,383.57328237516,334.60184425501063,873.5428041516285,547.5447144986213,793.8665997719404,341.4484480452349,474.9325655547838,359.67755291159284,549.6327109865169,166.8598567881351,734.3614585255198,620.1723769545081,667.6478282495583,0
342.29551179371396,100.12101642191152,186.16560682140948,682.4361764191301,409.84892875035706,691.5204378665381,403.77254384040265,1.2617994292590806,275.1405283778168,753.8882871736059,739.4243126883932,504.5466450290709,396.6248690453207,984.0122432739894,732.8458932452479,304.82415457663825,589.3411123838938,0.7367568674812031,117.26922070017787,210.20623525254666,1
893.2458019490236,641.0228109602084,533.5065849179131,928.514014137447,818.6544657591143,851.9637392353021,966.2051938937936,577.9714926588529,121.5886134917118,823.5864509180121,802.2817667411329,183.8904542044526,212.3065876486373,558.0436008104713,537.0185860683305,223.69254695201423,749.8386584711782,541.2725091663061,515.9559759258649,492.3422489694047,0
261.0166405452354,661.1011623422373,228.40715792131004,636.7777600857117,354.37004799754965,627.2184772735613,873.7002207663876,513.7129628131473,450.3322165778437,292.30475416670834,544.547373856107,877.4134220131012,634.8024615724124,997.848217360397,526.9691706230152,388.6668599580256,139.6276308043044,561.4303517997301,358.1203052062821,46.96812220774316,0
558.1766882333146,589.1724969074749,172.386615486552,75.86558793786224,708.0182799757631,30.77621140054687,960.2302353764526,688.273105959989,262.8351182939803,569.325418777567,953.0015742906114,550.5247156382417,961.4176062022357,670.4828571860774,24.11451550349808,398.88747089766963,294.9380731243171,362.4143729506728,823.8157323577501,174.19173955118396,1
558.8932587733015,24.7580149042258,550.9893338522098,536.2897840738191,622.1845844200649,359.6466878213593,3.7178135137260204,210.7514124513724,526.2418878885941,144.5579013129318,228.68881440208565,926.9176624655698,870.6147947812465,236.44529677810044,78.03916904508534,585.0952277367445,47.92462242912387,45.169086583563,9.680402883560536,170.6777241806846,1
368.0831205346643,430.41593728788644,921.8919519043221,821.4745678301316,183.24810353985166,293.05797001404443,40.93484270045822,240.6487037901982,673.8117907513231,573.0153964530385,693.0722642111541,186.67657429856231,880.6623998380024,853.4287556770084,588.7501876828712,957.9912055168375,225.60986678891993,255.65186783707438,47.973986518415,693.9497732934462,1
218.11575958659103,54.894878869396926,679.6351982285795,254.31354012661978,428.97640733859777,864.3444814985537,283.90005957052153,114.39797849505496,625.8800925806128,536.7150758380931,510.9372059462748,600.9707102905409,470.29306656862025,986.4293598063042,184.36748232774147,787.0316115456744,336.0025153301367,440.63498851676553,125.71669794036299,992.5145478814351,1
534.2689211994017,145.93401747092838,423.9758306417053,524.9285117618036,388.6187745786258,217.204987998574,373.81428841472507,226.51966879544094,605.1354935911958,883.4334296921245,593.282214851704,876.0257393249912,969.6234636511524,948.8639219373483,137.82045652969632,199.50141161426293,263.64843142845893,564.4865657056353,610.3434026759032,175.4285200051332,1
121.38923753141529,297.2443730166513,696.9972017786429,809.32183335907,620.4423617148553,731.7198222144862,128.25102036433833,762.2084843721702,607.3984385417491,158.55017104202707,162.92991498989494,7.417704814334791,484.9638517963867,840.0685821661137,801.1005813676805,215.10531760058947,394.8203029780829,447.50884958908523,280.022988687015,16.46427867898337,1
131.7288566136685,848.2787813430809,404.3214785877074,464.86838313828747,423.63331246575444,593.2750931372282,205.39022683050933,971.7920644636562,109.84924195934276,507.06467338711434,940.016498772393,367.2437223485077,909.9865431183613,692.4656059997849,455.6505468723875,36.81168941708657,455.16600779741157,846.369027844053,962.4793915410585,44.28475925854192,0
305.49886870728346,196.78876056294504,253.13642617812272,170.62214551773437,734.5560915984415,855.4642383857018,614.750827356599,350.36085101647575,728.022560518423,637.4335945325129,790.7336200030861,117.57368132087409,536.52699403701,481.2683076907781,393.3678523388813,162.35966809006774,240.12131170361772,997.666368263073,123.68693393570717,393.420416155413,0
725.4814210188343,81.64619332468715,378.24889991427324,712.6199911077064,42.829472992993665,788.9842939738577,412.4277262027627,526.981765652285,340.78032423572466,807.7617999282221,773.5716707467307,525.208820160545,215.02693932858963,971.7860767213214,817.4560899008724,221.6684868002895,387.2869511927628,771.1934262187427,693.0237222888326,802.9357140986854,0
374.6122348626959,660.875308689544,862.7417906319885,369.0196901719797,954.5039366983061,423.37155679917214,437.254995414322,988.9026316113326,299.65191613391295,16.177900692403657,834.8335406574037,826.5657130200572,257.09401276982834,580.5462117596808,879.4919508022525,640.0509258702635,969.9927114297185,391.54576521883786,884.6368724398156,509.6149789914307,1
181.03574366113617,841.1615742624175,292.56885137965935,489.14649035896116,976.6591679001438,182.80908861818722,613.0205648848888,692.7038560376631,167.08586474785804,509.9450578769317,545.5831899195016,689.1146374668617,340.0833653638418,276.68559474148003,484.86803851255155,518.3290013941988,597.0854981194302,927.2084579415571,220.75896848859745,842.1883284196006,0
603.702622581958,26.23154861324961,99.27811638564432,579.1120431225935,957.0405160730709,83.14590556387647,385.1289121379037,21.780414744909105,468.8035567814216,868.5608914074959,684.1958287258161,321.3518076045693,302.56740329581265,199.6542730593166,646.8010070126289,378.41498628102164,224.9491700089593,600.0681988170724,392.8486379749844,925.2908564470378,1
66.6714324132135,690.5239442444487,694.371851446244,807.3797117377641,945.4800254538955,138.7266278367263,856.04437633452,487.1625054210621,917.2357485091671,192.59049984258903,551.8101089371992,224.39763986059103,750.3003761314037,748.0241100500904,726.7291772458723,24.1362008039967,39.25816583378106,524.2152136753457,109.33709396752845,127.442796644207,0
587.0752550265787,627.1480910166872,745.4231140239846,647.9451024343671,757.8142923807783,85.92950125288812,226.63611832257314,17.095436407018493,578.6846603187448,17.400795218704634,327.32009931440007,681.7330191331669,621.3855642602682,855.0872483410149,978.4578643581096,502.7870760787104,327.58992235674276,15.406399890179113,247.35262454955486,952.0138150673496,1
408.37766304098056,567.5857543404575,456.7040966727729,996.5861785084088,901.5799068326504,808.032594842863,106.50053167797324,197.12399574556906,223.70835808423072,340.79061723328664,645.562229928091,854.8061354375985,222.13921035335403,424.3935205606685,720.1961593658358,308.92102506580534,177.65137664887664,288.2212395375996,312.1551286205845,830.2698741282769,1
57.03129797813378,913.633464362915,703.4592990546569,796.9801462829001,376.6315751179612,886.198714561428,862.5958216021141,742.2819173082403,441.5076299292375,370.35578995606335,394.88053101921827,903.7049608860412,36.31647220407008,58.17999476067959,817.2759534121549,376.743284027787,478.5449965131543,80.9828229337407,24.798679283978274,30.62756948352352,1
302.2623817639775,746.6018619217641,888.6870589668926,237.0933409668543,98.27842328720115,899.0420959439587,576.4522288994215,416.42048408452206,478.75381766200695,5.545988233436994,263.8374027647041,167.36160889353047,48.59355758716,0.33793102007306786,242.60474020815604,188.59875173031838,963.2359784784713,731.1839629959122,448.92412695365437,678.3288757107813,0
455.820194785864,371.3553877420979,73.0051862796287,134.7339088130556,869.6750786052945,524.6363758076795,766.9716197641357,132.70107245371221,371.0211662643539,675.8935611603052,958.8865484115095,474.45646260912997,558.1771655870353,540.5560173709932,438.7265597982948,329.3160364518117,117.58525283409294,42.867316464304864,292.6506292736756,332.90524271021184,1
871.9849439447082,212.92163280680333,587.7715698185922,451.04561178543514,866.5198227780471,601.9783727744273,883.0930800852435,801.7717754928847,614.0745930749656,230.18950427899642,846.4716192567302,564.2461436646528,574.2482184622096,951.7939249917299,817.9246492267183,994.5704689754724,434.5260240183001,512.02802734122,551.8056368958005,758.2591893609024,0
972.364910157508,135.0697207346272,295.987311809695,284.01422305477763,191.9997093425372,405.3456365898829,594.2980470782805,787.152536756085,201.74507803333464,555.4961514774973,503.53642202838654,337.9590648195352,289.8915775981961,280.3990613578834,590.9081200125652,209.5397090046889,345.9706756776075,712.398372517449,972.5993419532341,153.85125978317305,1
926.8315583748798,268.03009775115447,248.35129400163237,857.6879049248743,107.61973262130408,416.45454878622587,78.42165900357212,865.4951407128286,214.7214887107529,211.09027938530312,655.2445996938898,216.55458197406386,347.5661782448982,525.4658267637567,605.7696372803246,150.43670082166705,519.8870731121066,34.45031692047462,664.2821815031618,460.5315172342326,1
110.16565688991619,111.24530283868117,435.94063245558124,428.3768715818489,259.1387782526686,444.12992729195946,441.5765914260243,133.1791830522687,63.70482405659239,332.5157641547174,626.6526455528375,236.3307779669377,255.38799137943158,843.1600395561815,965.3808356787637,482.80266372697923,969.6189908647616,341.7831529994226,96.06475206370158,206.09010348763402,1
596.8490106217079,672.3585327496957,625.7185713978312,944.8056681047433,471.4272383571213,494.6273239327892,259.8327152330091,170.62678931642571,956.9577734398101,894.0247655118217,20.937985741835917,997.729225125521,58.078168306547326,964.9976580830779,717.6225437778024,930.0674575354384,670.5253665443299,311.99129774301537,627.4418263464827,268.1427235223508,1
127.7000152181641,165.95399116942477,714.364311597161,666.792194320935,367.38433723223596,291.1666920793369,195.93749881946022,572.368623362555,150.23573638793275,942.3455652174003,514.6511905761766,462.5891337928675,649.5155524259902,955.9590049319131,309.5516424048403,205.76190076450064,322.6396528790015,101.52981293902185,930.4536858511545,331.86522834810427,1
469.37673064873786,26.16943087040491,327.11812722895075,558.5446363055838,485.4265733765566,738.8561318472208,318.108221317785,10.892850063096372,256.38367897694303,850.6124601592333,780.7031233019154,682.6872734573114,536.2181192074913,932.9553819912347,992.819033195251,390.69927155705375,629.4840373528109,439.77929664549754,888.4731648559901,56.350060578018166,1
162.89095128906305,755.3262345670586,930.6323411315949,690.4143716779744,494.03100198740214,200.13579975518869,623.3147244040405,673.0247061633191,705.4273006161037,918.9142297720731,648.0142522396607,87.91922679980047,720.4136165235929,139.5673975216386,932.1932965685464,805.7699106679568,911.9489911853148,66.06171287549134,422.3543862216822,300.0637051434176,1
271.1260291264478,454.1297864663999,802.7425872209387,697.7247726083083,156.0297355287359,550.6155384166378,725.3701058722778,320.320204011507,23.86589116082771,322.37933228663763,105.28069946514795,967.7651115184748,322.11122699681437,160.4747915356729,964.3348858101217,767.5027763027317,543.7143369248429,366.68823035643584,738.2175804533988,965.2280166722219,1
702.5569651855091,984.6871052639464,370.26592963878716,712.286315297383,636.2915588945822,947.6204078683877,428.4079923151085,976.1645464607044,329.72089802780846,659.8297922644877,862.325812539498,95.25724416783088,451.87017384116103,178.7240399501222,588.4866225476804,484.0056544815401,675.351277522617,556.5964217075591,445.3395976234804,243.70139336615836,1
209.5336663908186,433.41714477056047,469.42378091120963,594.8653255583656,393.3268877618642,532.2640957543366,865.119204902869,649.5587872788601,815.9106302249859,985.1833128209793,71.22457183342812,936.1596521066689,443.8833904981355,427.2202996444663,668.6159680698062,843.1214450636982,753.9379541545486,827.39177625773,82.16184869582777,972.3190547497907,0
628.4123278342781,228.16687757523758,974.654090803734,184.78222363959296,833.0075713393197,755.7179313507335,907.9814805156151,808.3789602942165,798.2657195850722,716.0557906445871,890.5790415741653,611.1011788003339,934.0003654476427,88.15441013287462,880.949262045773,110.08071380407792,681.7074706688941,761.9036917571019,402.5636656643523,541.0800379600354,0
611.1557582055497,644.1525815391628,384.7210417871171,690.5641444464734,427.6672938639261,959.1450054502001,949.7216284290646,591.0991682987054,395.26259559263485,181.86183312295412,305.03938041454313,434.6813347549999,124.41623559524263,52.8953199504133,188.6692201554847,863.8490699852399,470.7182645094541,116.01934691863669,147.73649238491217,3.241392005545185,1
271.63343458123876,943.0721678677714,9.517173383828403,986.3250353670585,931.6857356461695,153.71805298741015,991.5701531532624,169.3812700502928,106.16885674439503,9.236718478033534,446.66216050970985,70.67070417494514,732.8626374093167,623.8501394711897,801.6281985476968,610.340512020334,51.41718996391131,117.25459356104373,102.97548699468196,791.9027762243181,1
485.6262349274931,583.1531581817169,894.4294579823746,882.8041308978183,348.5659674502003,760.4985735015632,348.54089005436487,767.1241219880571,537.0446055311238,592.3626489459568,349.5474490812703,493.7334607226994,573.7442606429796,232.53199048035543,759.8147470060632,538.5349645756169,299.6083896510732,192.87747510423182,941.3323171362457,536.1221828771996,1
92.53230808802005,667.7575989409914,805.3013795608105,250.02619349996647,421.8588421305901,945.7780956386221,478.96313286407724,903.458804308021,939.0907703245441,475.0876266338545,163.96231589071297,381.4432270302056,790.02558322171,696.5689860808487,44.203560035244614,211.16715550484187,487.8987241228065,147.86784349000848,63.974406972232,510.55749566162115,1
379.8855547862301,669.4840005518516,299.3453712427482,559.369259477086,829.7411549994657,637.6531710128089,424.67020386761914,658.6201749660825,938.0440194515579,713.0273806675643,912.8594229097592,594.7103133531969,718.0336650524771,933.0617635332794,496.41643965467165,290.4830955473471,643.62630870842,661.8540685632383,792.8771528181758,527.4717737150175,0
313.51192694400066,51.322818442988364,219.41535014466672,589.7002645786578,38.32876064177548,641.0262382846345,877.2710070021527,98.08698552151662,525.0826194918815,269.4833929090351,42.11657069010033,485.06144526197903,698.9251901560044,449.37234523123635,366.8408124942486,990.9121141107627,36.494357305606904,962.4581503933545,486.7020183857693,927.3659589446531,0
932.5402630467319,233.48278937517142,215.14800764795626,677.609609907323,355.03273454766395,137.70698056205822,993.7843472574586,307.47498343261447,245.96094499852384,591.1084497582049,788.2491157499132,465.9745953235808,117.63750177730547,677.345204250688,689.8087914737263,873.8824756383626,202.6668198696342,375.2039099673492,122.68223347970542,768.5726504345641,1
145.67228105544217,98.78064050964208,167.63831402069528,574.5433986355059,214.49068718691578,483.14060014149953,906.2945529168531,610.5459647896254,107.28071165192388,366.12297532781344,129.12285059407435,51.3273321949812,224.0125644979919,973.1711198455986,405.3640107704444,123.83084696321522,472.7057486660037,917.1131550586102,757.1586404613894,629.9018187524299,0
601.5012285934108,178.59748481067484,53.30566560699357,460.0622079967561,528.2445937721361,867.5060834313268,351.33976694258627,601.542054550228,657.6653096108462,818.2848856004355,665.2480347462961,156.00602768740535,534.5715339342275,489.27454331043094,440.3536182659641,27.960404796678496,759.4381674822816,220.21068098660257,667.738308803213,991.8832999509991,1
973.604841121363,199.84570324997975,312.50118906578837,976.4446750773873,566.1565655244544,192.27513557702846,753.5670147802725,875.0900277842608,542.9677535115219,309.55901332351766,706.379462710827,503.8142591746605,608.9650992025603,435.99595131542515,590.3502689328001,85.1816895787757,404.28862607663285,793.1068012094535,672.6950201746457,532.7984794315445,0
238.06652799812656,512.747903304899,969.8489305888692,650.6296684204401,641.8629366091894,535.6077814844417,412.32844497901533,416.8897396904472,115.63014166650932,793.2792916897411,390.8624663622737,734.5558624383048,335.41224413562674,364.0859985005622,538.0493112620208,954.2846946244988,82.14949146157313,515.6477183626197,70.10070217397623,455.04566808031086,1
878.9695963683799,340.7743884890978,929.433222310077,310.3764622812264,684.9904416854218,847.6054446173588,196.96804394588762,821.6817602398427,364.0057449195673,972.8980261837149,407.7895354893294,79.56314174782486,511.25605394291915,903.8906184918294,463.5712812230431,24.044525766531933,64.27776739218271,364.8304048804801,80.5490188011181,910.0719758507283,1
812.6577520211277,588.1520163467026,139.03371091637828,675.8617773116297,591.9851823894363,330.990779484934,83.74516070604766,923.0731805040252,754.9586861053649,985.870165664349,577.7906664083422,73.4196552941495,107.94887899832595,2.81089943429802,50.629992921543796,356.00975394773957,154.34126870206853,803.1830251903614,220.9948684968035,795.9397872228047,1
407.9935478696303,262.53997836801614,938.9175454324534,980.0230813689595,230.79196136681523,384.70997356336625,310.5399872822373,191.70963702442944,597.2667614314049,516.3838702548951,631.4209606419787,615.433766502719,281.49957185289406,592.7979289242286,638.0379795407669,353.8976081004387,4.807794526176634,42.076984520211916,964.3113540037036,641.2829622353868,1
407.86074503866956,615.5867643712097,141.1096419804282,656.6384433085648,67.36001080824327,208.00827610529248,78.08430266789624,39.60397040901542,723.1050924944375,47.168599357429116,643.1543577558155,163.85006925671863,270.35085884021026,120.09853765748291,880.7526582633919,82.55285037958404,267.74584973497065,719.4754634067917,214.87711421840615,566.5392046312497,1
437.8358605219918,25.68946962634533,234.0830339839576,214.53323791265555,252.73012484065748,231.15179169090015,475.4831805904998,500.8185557834218,681.8327663524452,371.30767650974394,659.2135321216339,212.79075987634488,433.7162583870427,631.6367794101496,173.68730473143302,400.86429659043864,309.7358204857185,565.7630099638541,761.4054568655586,441.6281064856888,1
657.0296305011971,299.19323875315195,749.8329145504814,847.1461624839045,485.115571477871,968.1098974055012,561.3176444437222,351.6904818291612,96.99021666702723,996.2344030487287,102.97264145084617,327.69565967833637,841.6883089918159,867.1632585914869,883.2835854157645,989.6744799053165,907.8841239715545,847.8123019572412,374.89935745804945,159.38569057639484,0
556.5400175930521,899.2598091303946,421.5431923665934,467.3565413910109,216.59216441609186,1.2926808230355746,518.299700736718,265.26215304473277,765.6343442133744,166.54435080960818,273.8473278721149,659.5673586772989,816.5921859226959,296.91248224635893,931.3512954861143,517.7476262858015,32.31569529562972,648.4820725113472,935.6480715726126,773.8759218893834,0
833.5008683126606,865.969047215492,522.405677170671,772.7495256284626,939.0939787538548,653.745892046549,239.39499731352143,801.1741400705405,19.478005155855517,842.0476522097783,738.1763948986064,866.0984399328288,995.4669006419718,697.4499273513466,542.7677816072252,483.20899673484155,979.8850896840814,677.4750297648883,607.6391694840532,166.45753432321266,1
211.38509065996436,89.08329579813868,927.5218377264348,324.6836468284895,289.509182228799,646.7316389108479,662.1819594804018,893.7297334504979,831.7139198161462,941.4756976614705,166.95419584027448,609.412464033211,376.7605548743103,574.2647625347273,151.422021007663,810.409357755963,3.457060267136991,569.2447386619527,291.78645174810345,766.0942037347368,1
507.29625322534434,187.8412424467215,365.53018729839124,82.84482831691686,722.8230075593373,92.87534609451897,624.0473871323368,533.2921839611365,317.8054044005403,567.1352660328475,192.07382527333627,134.0582926899775,166.7221477216142,846.5902619655085,224.37015386883863,329.1643523440665,149.52204437183823,733.4822810030337,627.562097408016,847.2405789186614,0
542.1027959589794,615.8252267480682,750.9486430076282,271.08410227965516,641.4368280580378,574.5812550178111,793.0285256390525,59.33947716418331,683.7548125249331,871.6249554598833,504.0382957307662,789.0445273865035,700.5851882393002,441.4524027481105,280.68279006966213,237.70903106464115,569.9525965773469,742.0465867379204,951.816980278735,109.1059565674265,0
918.3532526624965,200.16461668733643,802.7806609558717,746.0168580458052,712.5703409825003,64.99024329706626,731.3531267936705,550.2670404140044,242.56423279457508,195.47854542754393,680.3113118775493,60.036018066269904,402.54079224038475,506.1381269528814,170.24038001972286,703.4125508855263,708.4100985978139,627.4961698805216,425.22795709338925,983.9303417163954,0
135.76161887275384,638.786409712117,278.2106240183223,860.434588053316,293.7309585362705,606.4032809604283,302.4349678453849,912.7739005244457,10.96688805837287,343.55437986783966,127.95483179407763,290.2403933264144,352.53826091134533,367.3871472291831,184.04695800558213,134.37037559103638,476.0145643851947,917.1452728649316,835.4365427847628,319.86926296505123,0
43.122245162733776,643.3977863116411,810.0975823512235,873.2780205750737,549.0271818384402,369.8067648215198,594.597142796145,87.13359663696063,100.24608869328111,860.2610844559725,946.559060840246,369.7905300495901,260.4167387637163,22.5339541133216,230.79276109413894,344.03470277457404,859.7923651144257,65.62172094417973,11.86803014443283,486.73866381846653,1
765.3689819897414,13.337885928749738,948.3556662058415,700.3895494630632,495.26022739147623,281.80553344689974,415.92793328969236,756.9473689049145,896.4486364131324,715.69203947725,56.139359485444906,813.285460943856,779.4814663599172,282.37702309900925,174.09282270429716,576.1993257244643,46.98775543068101,461.221815941105,46.629121298407014,378.10660633268776,1
916.6937707093416,318.5053207469231,742.1483306416733,687.0730004402785,947.04568564966,119.37001091214883,291.6401915815181,852.9675664807872,738.5886701101118,243.21648778517246,702.4740144657289,618.4914950376856,198.25272520692317,321.1112592701414,268.8327644483082,734.2347250634507,470.0656033634001,392.2393151129332,612.9939057500267,44.91177040024408,1
894.8512846115813,90.1733931472849,906.2784484206372,43.13179589987293,486.61862665824106,528.8279388591973,574.0990588049622,3.2121082968786796,7.956106353401049,771.2475162629437,608.8433950727783,952.8074183199981,991.8901215360063,368.57795704939156,907.1597342463558,260.3861637313799,155.31124848789435,598.1743896843846,769.2098215965223,774.78049469385,1
611.6211975071067,937.6403248451744,783.8102962255922,108.80693444947309,315.9720647748812,698.8813534600736,651.5762025397934,119.77958128113542,246.0304085983217,629.0473490297197,455.4001111526448,491.9343766113337,305.5424826033628,882.4355390424619,322.3320311114055,714.2978932460326,246.85450230973504,108.1371179617967,150.6828156838693,765.1147457962434,1
387.08329762898666,260.89598969801096,534.7800321164284,535.6070794811167,168.1946478365305,834.1352236173955,33.76044367420561,580.902941249371,415.46433083306067,188.82777667435346,110.20012989990823,851.3874762130026,317.03040358014533,850.2903267596282,283.26120767703003,191.9649923248391,634.0049541548723,176.02319852042058,35.0874874952809,841.5400111304125,1
305.5688905727945,493.4397397724223,522.8923545593061,73.1155784170432,185.4163544527252,642.3228639176399,292.6523252986115,970.7422024605124,555.5973955824578,172.59124337788012,945.5595554830112,862.7653783031756,42.94990596757853,641.2948292109087,110.75235145343055,490.86338054820146,240.21360344312404,663.1066174689937,677.7937163240973,34.10948405623992,1
402.8461894603782,227.1208232987243,975.0437660430351,922.2423477743715,153.9024856142378,207.80202101817457,241.6569268391171,976.4184603996653,915.0244561260706,562.9673993607507,401.1810048821342,904.9196416585129,771.4198881232668,454.0667705299083,914.9056721762313,233.46772831970307,973.402584447823,873.2049600419256,7.621080613659181,288.5240709714958,0
3.9339427900437762,204.83576622896737,422.18187196833014,54.98070977925518,730.2342240647489,198.90910373802706,93.40437211922526,478.960458887434,310.88310928065977,156.73822132663017,471.8850955292799,616.7424818825981,164.20678144381228,178.174103306486,387.314678538456,222.44731660153394,539.6788558128586,22.993676510374318,832.7339911913402,855.5633501939774,1
200.7420424049323,439.27667839069363,465.55179123448806,170.0643780503147,83.99361343143563,745.3476984012239,125.07635503963176,486.3111583458715,291.5097955436908,665.6744511703879,777.4420242487432,522.9550523101028,469.18721325834514,275.11130293561683,686.245868397054,421.2355082098745,703.9346177523984,278.7820965762596,387.2765262415002,628.5668091989838,1
63.61984678508481,329.960203087152,592.7699696934294,926.9267163977609,677.3275917101215,923.7375716991942,578.5774852063333,538.301039999719,320.1343992057074,483.3189332312752,588.4207841567948,77.62731650885301,688.4676148824469,837.4376847175041,442.3964574843372,513.9017930580554,222.1404443788414,26.08271619249869,35.105625961944,780.5464877686276,1
502.148261027622,840.8720902587235,653.0040696359582,195.79501246644526,223.60602576330467,945.2753223865994,817.3893608089285,18.019578513528643,58.5251396147255,936.314114524251,795.8702159331019,43.85007017780029,679.9425447097353,951.9896354040485,159.5698855960992,182.4378206304821,426.50036843998816,942.084012673637,782.3637408107903,171.6012001948102,0
439.2943754869183,147.61385161596064,153.3385819910509,456.58686345104695,401.9325336531253,918.0504143715534,362.25977475272674,438.57846126626066,19.033263852480275,345.94334186052856,125.00425846087992,53.75159806613616,462.6893441151856,167.85933479869698,31.330802451288832,756.5194998858555,82.11807992252196,48.335108433440354,526.1188837140295,221.02913555498017,1
958.1122077359756,52.393891233715514,83.92084019010338,345.97962797981177,837.9005163717907,604.3575193688995,461.85573172813366,119.7323588494228,308.81741105703276,563.8518138224027,905.5349544297185,9.395134109473236,223.8374796309237,948.9777577757725,303.2630003565734,382.92696301199356,501.50820347424263,489.6758738957605,137.72201148006013,935.6632371000873,1
756.5761855499745,159.21661797421882,715.0278324303952,588.6344066441089,393.13380152737375,117.07409290766691,37.965268054670375,169.734015894637,420.6663279026531,52.980356426626685,889.0860429511532,416.9382625911459,53.52375530372044,258.3468784175178,876.2287002097436,403.6569902827811,84.6501935163645,291.5263178323074,49.60282216369705,758.8085060210501,1
544.579034354691,488.6923805253287,332.9451216228203,917.4803268074969,451.7173697868422,829.1149672847216,587.0764214783388,877.5514712335289,882.3931188751495,85.7540532473816,771.1756293831955,215.80503417090156,574.8776819800573,108.07739076589596,600.5781850398967,695.4194144281496,664.6064407087842,274.53288456994517,866.390330511434,685.9934950688735,1
956.0389521746442,406.0782392103921,103.28795899219911,289.18605161760814,576.8186850993927,83.25419187415528,320.38441196935577,8.09669378314737,281.25675683136717,988.5045653642042,627.8489496004127,391.46770379772767,149.11698661082963,24.59904974683813,324.52506683679985,926.6317722659821,897.5366091692031,600.9897644429233,159.96161936115172,905.5911979680757,1
887.0449935555777,508.9049236165329,919.3787058914398,80.40072754120997,91.15681331250403,713.6363585494481,887.0165528823562,461.2174678893612,118.06092175983495,368.60467758265315,639.355753277479,150.5023657002459,221.6716062798455,701.8069893145405,164.01356576860837,651.0866438473993,547.8960219139656,318.77853909819675,29.575650990210313,177.73294934283612,1
130.40223449639043,830.5762985407017,234.1691271584263,172.59040167912744,830.9471012721882,471.0021616661896,829.3172694078214,361.3399273363613,606.9694806314626,868.2163529588416,941.4515988319282,46.83647566231575,506.44846812090003,444.2331123483141,492.14843130783294,246.4809401523701,95.48277616433676,107.33290847270938,79.7850214337893,475.81654849135936,1
512.0616102294052,847.1471083619671,980.9180654465667,875.0407960013573,628.4143883031244,439.9843354728538,763.4742383986286,776.8617654492022,546.0527172546715,500.5553221383754,280.06930857036093,4.077150818675768,712.7753748600018,935.3629363248626,439.52181686253556,110.67557542223227,205.236513439217,190.22718263089712,829.9379724998403,76.29028178789854,1
450.89896092968183,696.2773953330176,91.44059944587424,366.03603110340555,462.0837303135369,217.11879861964445,551.0408467518375,352.55848061521056,292.95645370145684,867.0805560924889,698.3431356058501,871.8857373736628,977.5945110177719,83.37730533900789,39.39298207289721,319.30505825014,160.24007181857937,146.8333881309517,0.9935383729604563,685.4980258800086,1
912.4051899854354,678.1251885682159,372.2737366140179,65.5832237874615,388.4396322330803,391.97391410719507,381.28881862524355,178.67819009478592,101.02157272807521,313.29700861624855,10.6005626141642,267.78025900582605,268.11120350922533,706.2429778873051,263.3700802406439,440.90651893804835,924.2598236492664,360.39129979150084,71.09357906619118,910.7111313349687,1
968.7793199350822,721.7425127988373,984.1796235114901,445.26149849654627,6.849721231676265,392.4840237972392,728.371661184259,318.40641565652237,722.3442876271416,557.3059078602477,64.75781477954979,552.8094063368472,668.073274591367,104.10325036960356,159.92674431963704,723.6664256576315,78.12190095754679,478.5824141635069,459.8199504904682,959.03081391668,1
364.95984007665663,67.92926246198417,899.8175783781495,478.9542488932175,463.00841141716796,906.9975950705834,303.8889472368562,505.3954654675954,211.83896865216144,817.476845400222,731.854250310011,94.14720559411116,818.4898702002204,261.38351490618993,697.9238171844606,104.0065460184112,310.2184002708445,273.4290067227659,102.86944742047544,104.30622723582562,1
486.30164605392423,699.0617928922912,113.92998464655624,229.86970488438018,118.7530572451675,649.7827381930257,742.8936047561601,974.6306011134586,694.6597184140913,694.651057419177,778.3468119400446,707.615092212219,546.0408067612301,190.26257826883054,443.45494066058166,328.50121692952985,729.1149998664098,562.6932985180769,749.290533812158,906.2537405100026,0
689.5958403856997,172.8033788126132,547.3152683403522,827.7219782038043,812.6118142173243,452.75813802304776,764.4164260190886,718.9777020129413,725.5086960092264,300.9424425605768,243.662674233877,789.0199038663391,786.8917765394866,517.9018425702485,905.4334220260965,947.2505669703897,511.5835868529102,773.7014054994365,651.1344013797774,156.27769257961765,0
901.6556764990814,473.68918439621586,100.55758643265855,48.54960740752934,38.21126055979085,841.2235163469787,891.7512737824401,950.0939768476525,171.99652352535077,136.91869676224866,535.718937388894,541.806702314577,967.2285808069208,726.7920827912963,122.32760530095443,650.865056959186,358.0087016698615,396.4162227104504,681.2698202188158,12.20946129244993,1
431.17474574882783,618.9435772993982,390.32524352635414,472.73740370455664,651.659575216135,371.1005911212458,6.8416785100031685,675.7251840548515,558.1888423679386,442.4550449697866,282.77567363127906,857.728322483802,298.0013259811325,680.3509191284129,916.309557012384,335.6805106114865,483.05194990165523,452.655849898719,154.58132926235268,652.7996194865657,1
938.8842064928454,822.8813173373954,327.1703121901628,209.683628524852,473.5092131571217,650.9934698371856,409.81722595161864,260.35326258551663,876.090467637099,798.1683082311253,716.1703017699987,433.9592645014282,786.178196313711,150.3271369721576,710.3976819887795,796.565465504713,883.7209868897808,360.6089830352919,7.615269710488537,653.4997416201421,1
617.8965484613519,719.2680583350091,546.7576097635413,312.66427730814763,178.98264524776286,24.232795173187107,466.1120983355641,84.28712812590445,568.4659146715272,746.7282924477674,907.4451611345374,259.429385132629,669.0765027225877,306.18549045287733,698.5480421535293,783.4777513861752,767.0847840009775,576.6564302501754,976.5652328179644,736.860064855766,1
930.0768454412719,321.57315470980996,780.1717025398756,979.1364843552498,226.23086968330307,287.86456661439877,477.1359471814751,342.2387395653277,635.3330593303784,599.5209302058265,797.9144262500325,152.13016621209385,260.87292708773856,858.3064978427198,656.5534603857459,564.4220029754882,447.8914252267002,607.742635456563,484.0414649745067,860.3019070303569,0
253.29347617841213,271.1986322952623,888.8691255238837,710.0608940387024,195.49222331623284,94.7968784905049,305.061646229445,302.67875748348393,765.9964028178933,834.6663730871761,514.166884676451,68.53361482538955,178.33718140684894,146.3474360953716,674.0648528244292,441.92552427438915,957.7273874954608,696.0688285410375,215.82670500132826,855.0097815698856,1
391.86174640550973,498.01283830710184,498.0127195770908,132.73857475024496,967.6037105774825,188.3776922974131,124.04037482951836,936.1024849313861,768.1174075394757,46.81483469630754,480.8886533514989,693.0135188975308,271.70635796124344,439.2957697474559,138.68067740132517,571.9133394395204,731.9589324475933,860.1242337033555,495.38605005985914,454.11568691042794,1
14.504780747571445,212.04109993601418,141.60227534087966,856.6412759147895,729.7033833538882,892.6893942799818,725.9605613417772,968.3533017417818,827.6233608090312,891.7852011030323,429.8697168255799,874.6775324314667,639.6787755815435,268.04973857826195,792.3190466712557,887.2523482244721,863.4608716538759,354.16682808564605,93.32854672022306,355.26220103609785,1
656.5750814693287,534.0962904907605,263.5200624784951,845.1436840259639,940.368604486283,578.1753976705437,755.07931466979,30.454619133937765,281.59857293916747,89.69882243734861,456.6095981912224,433.00088469798214,14.37464250474596,948.0029203129045,314.7264996444298,490.48908667487376,586.5506566098632,745.6650513271655,73.32095979269381,347.69353995490695,0
139.2005076033732,830.5742283994783,503.80739126223796,219.27533084985728,972.6261287801964,869.396011431278,555.9937970254973,111.25789591061009,706.558730127136,38.396961475235635,632.842777409811,798.7222548268369,772.508809148848,749.9701536391502,751.5522995705692,599.2502555100938,912.9626898475797,332.10034643478826,373.7677611374478,495.460755135096,1
616.798770285794,696.2161214677561,288.12177448569145,486.64143330508267,208.54189430271708,354.3344366177565,140.9401716853722,228.21480865326305,5.595258808675951,186.35276125616596,543.7411055870593,937.7471241171357,191.34116500754615,218.90616570351096,278.67375424637595,619.4850988918266,147.772038042422,288.70418767382967,61.739794109949116,481.630257861416,1
378.5236093995119,228.81450402618208,771.9386181265879,685.6476092940397,851.8569470636481,185.57079596480963,620.6713301414957,268.7345449369485,511.41747819249105,953.6211963012196,39.387421696706724,600.6646649505016,704.3163355805265,257.60522419298945,867.3754474204293,306.24119631760385,589.2884781122924,167.5045960491174,9.035390299522605,833.6739530569556,1
869.9647366609876,526.2491995963472,911.255479469553,211.5566257747773,476.0054054009749,897.0702396961415,632.1146968684852,726.3392138242541,124.67959738378798,904.093528682037,8.398813041193165,750.0372722044143,186.13975642536275,487.97029626459164,662.1733118279221,929.8799998523097,190.25507260213593,508.9419743942926,523.9169963817402,565.4303250625392,1
944.5828500952947,148.98883531994932,142.67153174498904,153.65843719965068,262.14638121841114,437.53796270954956,939.3147017248289,159.63570963840513,326.4473105506755,526.5472942660657,481.094586944518,170.8943728059763,674.9063631110005,583.1625428262417,146.11813299113007,829.5274518352008,483.9408415288843,469.17862033449,799.9688428552834,39.20526630774568,1
984.4710835731761,434.7826012339709,982.1580789694364,536.944131862226,700.9847109731344,285.04225580769616,389.07528523078463,527.6117119720128,633.3310114986704,213.72804945090053,694.6298169658481,192.43388153297602,262.3693070003403,174.9890136943135,378.69037277486893,967.622325174407,551.817310566876,68.96362106317,520.4212112347227,744.8807747465551,1
484.4731641086877,819.8262298397457,31.045952113057385,186.07751238851344,377.4400704337955,971.8489297536457,508.7982610466765,952.5805025372192,121.47701437573465,68.35715656509555,320.7017015669651,44.6601185692479,781.1071934841946,313.93374422560106,7.0910688414006495,817.1864335265021,329.24456128726666,743.6394981269896,166.04703380249163,411.15343806054693,0
24.16755720060282,572.018796033054,116.93905585378572,558.0081655756668,426.656914441092,79.82542682730353,748.622939874222,522.0481066273189,72.66820391646012,29.470196430884222,152.97373752824606,417.28462297424926,945.5477399403588,443.9064015712314,56.13979459887908,926.1495406321638,372.14245090093914,398.84122151798664,887.0323262201107,937.5107552655735,1
819.549023426945,534.8041745108502,210.87422694970272,976.6387835903645,648.5608285707701,528.7558426902281,266.29092858744286,584.6970227940963,76.04666828428886,457.54680406396284,475.47555662183504,282.36772334847103,137.11452852864468,364.2164545456683,292.7245354272502,833.9149464076173,723.7778836762506,126.69918912475941,369.0718341990792,282.05077136040416,1
686.2181632661375,102.49299930471855,923.9344334995526,21.052023613430727,944.8847138640036,671.7464322638992,136.87065827688738,298.50671632340186,149.13256299591237,571.1470062839586,134.61760683895295,756.6360520886805,361.7480812264896,627.2330726849307,886.3745397852123,571.8284188125626,472.320175099347,895.4377041961521,997.9349517152225,332.6250281056645,0
263.8546562077453,62.05640171316917,645.9891934084598,410.8749725806036,39.542054004957365,362.99419839142143,841.3986846691882,987.9397624653355,753.1584131514361,416.73285646933846,745.2457293385356,400.4651884705026,758.7972400699356,312.0630746606007,412.72853536243036,980.9235731812971,492.3404584013333,174.92161698048514,927.9193306189238,877.0796757249468,1
274.2568316241054,914.5833322587235,800.708993731676,728.4013105275332,7.3380239392654145,982.2446786932667,862.6972894481346,414.24729435289345,746.9349000555262,259.23323032040537,865.5289130439738,710.7349152781594,482.84385865728683,842.3604840962408,850.200437914489,195.38728374753222,729.4793594348001,944.9528872172064,179.75525119281355,440.41652068236624,0
461.0719200465664,172.62528811533784,427.66686270501594,513.9291417786201,122.62956024576476,748.6931139111153,711.1797826651552,846.849225625251,943.828126735231,122.13040971360856,998.818177498909,951.7661186677794,425.40885726362035,643.1033863666007,563.1395235965531,899.7405859028355,238.71017404531992,624.9897780938511,388.2696068508673,340.00037104138994,0
566.6885495398813,876.5489297559606,244.19494119884467,864.6564136891492,270.99153817968835,885.2998525745039,778.3117211186151,208.14459019887332,100.32481630694446,359.7794875263358,514.332688798656,21.621277625686997,375.76550835688727,884.4405191945235,661.1631998512057,108.93587289483453,102.7111322761013,630.6895282632727,724.9383234273173,404.91568432532955,0
360.84565164410554,857.6095564271876,46.37360445208094,412.37575816136973,324.0044779493725,414.8919986450973,397.25870694323953,798.6134075169915,296.33837597023717,76.10936364851761,790.7799591808588,123.49283949952006,174.17649480795606,271.05070574040155,59.38548411627731,585.7711278124876,622.0313067036476,999.0735670445007,175.80454124739532,987.0201467675325,0
658.4453734442542,322.646155952989,137.23709692566666,7.283843648947186,504.5389455461098,285.4043812107583,612.0141421538199,188.53632922408227,979.6240792910993,337.44887588634543,915.528089325765,440.2431854356409,648.6442166671297,55.216510257380726,224.42916989626792,199.36832654088133,995.6891061337896,8.382885534070073,35.895045641528455,315.6370072983966,1
327.5665713594651,303.55565010533337,709.266832446433,576.7468606338655,367.73846087543313,227.08517979013766,195.73458228075168,862.7742996763334,140.7455697689701,477.6324307138993,739.6353945708461,415.6436627021114,240.05796123650225,826.2968952995058,815.2118978191264,174.35683603271724,110.92595123012184,768.382462024595,481.89788820682253,534.7075252061652,0
639.7035104146373,125.2944531244149,484.25441602173527,90.49004588025589,618.3206374766432,183.66931362674165,397.0854223204465,933.0656698257015,864.3943975748008,355.3614214781432,492.6209290382817,123.07520855597942,324.0884595554564,185.33434711916274,428.75163103452394,636.7543596232949,780.4908251066574,192.63101580327756,414.88309348863027,697.376057574449,1
636.5000480291286,793.1841678652738,894.1037306151915,738.0159437041918,799.5601884402071,399.1016786563498,748.3383611610301,109.29333273823183,937.0299640228612,76.18470968384617,356.84492967535897,556.1781974776126,339.56983355595884,877.4362688322504,645.7408102108707,471.95605350217085,743.4441591689213,255.7713654248054,210.218489264537,559.4793200828757,1
626.8919605984067,424.53533393395384,117.70809607788857,818.8251432524827,759.5438578874997,565.5366243520116,157.2601005185804,957.7954129848123,716.8672365642769,591.1731447273935,171.48820571901845,792.1618237899576,512.1243853261219,289.28875137816266,62.00960317766757,840.2794506895236,197.46887822517922,124.21909805014897,802.7708535605999,794.4849801357252,1
870.021101223646,340.1233902138713,886.1620885232327,6.076564402078155,888.1544558110963,766.8095606281869,221.68848802362186,319.6485412808174,193.76612604203768,396.5608583674409,62.960990833663914,470.2991811523297,978.5949236583891,379.42182164245463,625.1614560754715,404.0274337357538,945.4863753451957,644.6984431765628,680.4132532094472,550.4569137450032,1
